pct_below_best,verdict,ref,dealer_country,landed_japan,usd_taxfree,best_alt,floor_venue,mark_usd,mark_conf,confidence,us_listings,accessories,dealer,title,japan_url,comp_url
43.1,BUY,130.23.41.22.06.001,JP,8223,7509,14454,Chrono24,13950,DERIVED,LOW,,FULL_SET,jackroad,オメガ OMEGA コンステレーション グローブマスター アニュアルカレンダー 130.23.41.22.06.001 新品 時計 メンズ,https://item.rakuten.co.jp/jackroad/om870/,
42.1,BUY,279173,JP,11530,10530,19929,Chrono24,13583,VERIFIED,C24 scrape,2,FULL_SET,jackroad,ロレックス ROLEX レディ デイトジャスト 28 279173 中古 時計 レディース,https://item.rakuten.co.jp/jackroad/6333728/,https://www.chrono24.com/rolex/datejust-28mm-unworn-2026-silver-diamond-fluted-oyster-279173--id47286139.htm
40.4,BUY,268655,JP,28899,26392,48454,Chrono24,22604,VERIFIED,C24 scrape n=1 THIN,1,UNKNOWN|AA_LIKE_NEW,kamekichi,ヨットマスター,https://www.kame-kichi.com/items/45048,https://www.chrono24.com/rolex/rolex-yacht-master-37--id45056726.htm
40.0,BUY,220.10.34.20.09.001,JP,4335,3959,7226,Chrono24,6882,DERIVED,LOW,,FULL_SET,jackroad,オメガ OMEGA シーマスター アクアテラ 220.10.34.20.09.001 中古 時計 男女兼用,https://item.rakuten.co.jp/jackroad/6353832/,
38.2,BUY,220.10.34.20.09.001,JP,4465,4077,7226,Chrono24,6882,DERIVED,LOW,,FULL_SET,bettyroad,オメガ OMEGA シーマスター アクアテラ 220.10.34.20.09.001 中古 時計 男女兼用,https://item.rakuten.co.jp/bettyroad/6353832/,
36.6,BUY,26240ST,JP,54397,49677,85733,Chrono24,53230,VERIFIED,C24 scrape n=1 THIN,1,UNKNOWN|A_EXCELLENT,commit,オーデマピゲ ロイヤルオーク クロノグラフ Ref.26240ST.OO.1320ST.07 ステンレススチール シルバー文字盤 美品 69nembsq,https://commit-watch.co.jp/products/69nembsq,https://www.chrono24.com/audemarspiguet/new-2026-royal-oak-chronograph-41mm-26240st-blue-dial--id46685305.htm
36.4,BUY,79830RB,JP,2889,2638,4544,Chrono24,3093,VERIFIED,C24 scrape n=1 THIN,1,UNKNOWN,kamekichi,ヘリテージ ブラックベイ GMT,https://www.kame-kichi.com/items/44231,https://www.chrono24.com/tudor/tudor-pre-owned-2025-black-bay-gmt-41mm-black-79830rb-0001--id44879481.htm
34.2,BUY,26240ST,JP,56375,51484,85733,Chrono24,53230,VERIFIED,C24 scrape n=1 THIN,1,UNKNOWN,commit,オーデマピゲ ロイヤルオーク クロノグラフ 50周年記念 Ref.26240ST.OO.1320ST.03 ステンレススチール シルバー文字盤 中古 ybm6evpa,https://commit-watch.co.jp/products/ybm6evpa,https://www.chrono24.com/audemarspiguet/new-2026-royal-oak-chronograph-41mm-26240st-blue-dial--id46685305.htm
33.6,BUY,X83310F61B1S1,JP,1963,1793,2956,Chrono24,1668,DERIVED,C24 only,,FULL_SET,jackroad,ブライトリング BREITLING エンデュランス プロ X83310F61B1S1 新品 時計 メンズ,https://item.rakuten.co.jp/jackroad/br1602/,
32.9,BUY,WSPA0012,JP,2902,2650,4325,Chrono24 US,3098,VERIFIED,C24 research PARTIAL,8,PAPERS_ONLY|AB_GOOD,kitamura,【中古】 【良品】 カルティエ パシャ シルバー WSPA0012 ステンレススティール 【1年保証】,https://item.rakuten.co.jp/emedama/2245460007628/,
32.7,BUY,126231,JP,13808,12610,20505,Chrono24,16263,VERIFIED,C24 scrape n=1 THIN,1,FULL_SET,rasin,Rolex Datejust 36 126231 White Bar 3 Rows Oyster bracelet Random Number Used Men&#39;s,https://en.www.rasin.co.jp/SHOP/U-126231WHB-2.html,https://www.chrono24.com/rolex/datejust-36--id47562193.htm
32.0,BUY,79603,JP,4058,3706,5968,Chrono24 US,3275,VERIFIED,C24 research MAPPING,6,FULL_SET,bettyroad,チューダー(チュードル) TUDOR ヘリテージ ブラックベイ 31 79603-0002 新品 時計 レディース,https://item.rakuten.co.jp/bettyroad/tu614/,
31.8,BUY,126000,JP,8533,7792,12510,Chrono24,9396,VERIFIED,C24 scrape,8,FULL_SET|A_EXCELLENT,kitamura,【中古】 【美品】 ロレックス(ROLEX) オイスターパーペチュアル 36 ブラック 126000 ステンレス OB 【1年保証】,https://item.rakuten.co.jp/emedama/2442390052661/,https://www.chrono24.com/rolex/rolex-unworn-126000-oyster-perpetual-36mm-med-blue-index-dial-oyster-bracelet-stainless-steel--id44319787.htm
31.5,BUY,116400,JP,9749,8903,14235,Chrono24,8750,VERIFIED,C24 scrape,4,UNKNOWN|A_EXCELLENT,commit,ロレックス ミルガウス Ref.116400 ステンレススチール ブラック文字盤 美品 9tkdfae8,https://commit-watch.co.jp/products/9tkdfae8,https://www.chrono24.com/rolex/milgauss-white-dial-on-oyster-bracelet-116400-open-date--id47680699.htm
31.5,BUY,116400,JP,9749,8903,14235,Chrono24,8750,VERIFIED,C24 scrape,4,UNKNOWN,commit,ロレックス ミルガウス Ref.116400 ステンレススチール ブラック文字盤 中古 e6wsdpmy,https://commit-watch.co.jp/products/e6wsdpmy,https://www.chrono24.com/rolex/milgauss-white-dial-on-oyster-bracelet-116400-open-date--id47680699.htm
30.0,BUY,278344RBR,JP,12387,11312,17690,Chrono24,14865,VERIFIED,C24 only,,FULL_SET,jackroad,ロレックス ROLEX デイトジャスト 31 278344RBR 中古 時計 ボーイズ,https://item.rakuten.co.jp/jackroad/6267948/,
29.8,BUY,116400GV,JP,10597,9677,15106,Chrono24,10575,VERIFIED,C24 scrape,2,UNKNOWN|A_EXCELLENT,commit,ロレックス ミルガウス Ref.116400GV ステンレススチール ブラック文字盤 美品 478ce3ra,https://commit-watch.co.jp/products/478ce3ra,https://www.chrono24.com/rolex/2020-rolex-milgauss-116400gv-40mm-green-crystal-z-blue-dial-steel-box-paper--id47732886.htm
29.5,BUY,116400GV,JP,10652,9728,15106,Chrono24,10575,VERIFIED,C24 scrape,2,PAPERS_ONLY|AB_GOOD,kitamura,【中古】 【良品】 ロレックス(ROLEX) ミルガウス ブラック 116400GV ステンレス 【1年保証】,https://item.rakuten.co.jp/emedama/2403281021753/,https://www.chrono24.com/rolex/2020-rolex-milgauss-116400gv-40mm-green-crystal-z-blue-dial-steel-box-paper--id47732886.htm
29.4,BUY,126283RBR,JP,20102,18358,28469,US AD,22358,VERIFIED,C24 research VARIANT RISK,8,FULL_SET,rasin,SALE Rolex Datejust 36 Bezel Diamond 10P Diamond 126283RBR Champagne Random Number Used Me,https://en.www.rasin.co.jp/SHOP/U-126283RBRCH.html,
29.1,BUY,215.30.44.21.01.001,JP,3962,3618,5585,Chrono24 US,4285,VERIFIED,LOW,,PAPERS_ONLY|A_EXCELLENT,kitamura,【中古】 【美品】 オメガ(OMEGA) シーマスター プラネットオーシャン ブラック 215.30.44.21.01.001 ステンレススティール/セラミック 【1年保証】,https://item.rakuten.co.jp/emedama/2245460007734/,
28.0,BUY,326933,JP,19700,17991,27370,Chrono24,17368,VERIFIED,C24 scrape n=1 THIN,1,FULL_SET,jackroad,ロレックス ROLEX スカイドゥエラー 326933 中古 時計 メンズ,https://item.rakuten.co.jp/jackroad/6382382/,https://www.chrono24.com/rolex/rolex-sky-dweller-326933-white-dial-two-tone-yellow-gold---oyster-bracelet-unworn-2022--id26337447.htm
27.9,BUY,278344RBR,JP,12757,11650,17690,Chrono24,14865,VERIFIED,C24 only,,FULL_SET,bettyroad,ロレックス ROLEX デイトジャスト 31 278344RBR 中古 時計 ボーイズ,https://item.rakuten.co.jp/bettyroad/6267948/,
26.3,BUY,116400,JP,10495,9584,14235,Chrono24,8750,VERIFIED,C24 scrape,4,FULL_SET|AB_GOOD,kitamura,【中古】 【良品】 ロレックス(ROLEX) ミルガウス ブラック 116400 ステンレス 【1年保証】,https://item.rakuten.co.jp/emedama/2245460008168/,https://www.chrono24.com/rolex/milgauss-white-dial-on-oyster-bracelet-116400-open-date--id47680699.htm
26.2,BUY,215.32.44.21.09.001,JP,5653,5163,7665,Chrono24 US,5951,VERIFIED,C24 research,6,FULL_SET,jackroad,オメガ OMEGA シーマスター 600 プラネットオーシャン マスタークロノメーター 215.32.44.21.09.001 新品 時計 メンズ,https://item.rakuten.co.jp/jackroad/om1719/,
25.9,BUY,79830RB,JP,3365,3073,4544,Chrono24,3093,VERIFIED,C24 scrape n=1 THIN,1,FULL_SET|AB_GOOD,kitamura,【中古】 【良品】 チューダー ブラックベイ GMT ブラック 79830RB ステンレススティール ブルー/レッドベゼル SSブレス 【1年保証】,https://item.rakuten.co.jp/emedama/2245460010185/,https://www.chrono24.com/tudor/tudor-pre-owned-2025-black-bay-gmt-41mm-black-79830rb-0001--id44879481.htm
25.5,BUY,126231,JP,15285,13959,20505,Chrono24,16263,VERIFIED,C24 scrape n=1 THIN,1,FULL_SET,rasin,ROLEX Datejust 36 126231 Chocolate Brown 3-row Oyster bracelet Bracelet Random Serial Numb,https://en.www.rasin.co.jp/SHOP/U-126231CHBO.html,https://www.chrono24.com/rolex/datejust-36--id47562193.htm
24.9,BUY,332.10.41.51.01.001,JP,6413,5856,8536,Chrono24,6111,VERIFIED,C24 scrape,2,FULL_SET|A_EXCELLENT,kitamura,【中古】 【美品】 オメガ(OMEGA) スピードマスター 57 ブラック 332.10.41.51.01.001 ステンレススティール 【1年保証】,https://item.rakuten.co.jp/emedama/2245460005051/,https://www.chrono24.com/omega/speedmaster-57-co-axial-chronograph----black-dial--id46329783.htm
24.8,BUY,116520,JP,19844,18122,26372,Chrono24,20460,DERIVED,C24 scrape,11,UNKNOWN,kamekichi,デイトナ,https://www.kame-kichi.com/items/32461,https://www.chrono24.com/rolex/daytona--id47560800.htm
24.6,BUY,SBGC253,JP,8665,7913,11498,Chrono24,9207,DERIVED,C24 only,,FULL_SET|A_EXCELLENT,kitamura,【中古】 【美品】 グランドセイコー スプリングドライブ スポーツコレクション ベージュ [ホワイト系] SBGC253 チタン GMT 【1年保証】,https://item.rakuten.co.jp/emedama/2245460005938/,
24.5,BUY,69173,JP,5785,5283,7660,Chrono24,4896,DERIVED,C24 scrape n=1 THIN,1,FULL_SET,jackroad,ロレックス ROLEX デイトジャスト 26 69173 中古 時計 レディース,https://item.rakuten.co.jp/jackroad/6319548/,https://www.chrono24.com/rolex/lady-datejust--id47195863.htm
24.0,BUY,69173,JP,5822,5317,7660,Chrono24,4896,DERIVED,C24 scrape n=1 THIN,1,FULL_SET,bettyroad,ロレックス ROLEX デイトジャスト 26 69173 中古 時計 レディース,https://item.rakuten.co.jp/bettyroad/6413055/,https://www.chrono24.com/rolex/lady-datejust--id47195863.htm
23.9,BUY,210.32.42.20.10.001,JP,4665,4260,6132,Chrono24,4619,VERIFIED,C24 scrape,7,FULL_SET,jackroad,オメガ OMEGA シーマスター ダイバー300M コーアクシャル マスター クロノメーター 210.32.42.20.10.001 新品 時計 メンズ,https://item.rakuten.co.jp/jackroad/om1429/,https://www.chrono24.com/omega/omega-2023-seamaster-master-chronometer-42mm-21032422010001-green-dial--id46817903.htm
23.9,BUY,179174,JP,7577,6920,9958,Chrono24,6413,DERIVED,C24 scrape n=1 THIN,1,FULL_SET,jackroad,ロレックス ROLEX デイトジャスト 26 179174 中古 時計 レディース,https://item.rakuten.co.jp/jackroad/6321657/,https://www.chrono24.com/rolex/like-new-2017-lady-datejust-steel-jubilee-silver-index-dial-179174--id47597681.htm
23.9,BUY,268621,JP,15605,14251,20504,Chrono24,14947,VERIFIED,C24 scrape n=1 THIN,1,UNKNOWN|AA_LIKE_NEW,kamekichi,ヨットマスター,https://www.kame-kichi.com/items/45408,https://www.chrono24.com/rolex/rolex-new-yacht-master-37mm-268621-chocolate-brown-dial-two-tone-rose-gold--id34759728.htm
23.9,BUY,79174,JP,5618,5131,7386,Chrono24,4612,DERIVED,C24 scrape n=1 THIN,1,FULL_SET,bettyroad,ロレックス ROLEX デイトジャスト 26 79174 中古 時計 レディース,https://item.rakuten.co.jp/bettyroad/6353689/,https://www.chrono24.com/rolex/rolex-lady-datejust-26-jubilee-bracelet-18k-white-gold-fluted-bezel-sulver-stick-button-dial--id45496101.htm
23.8,BUY,116400GV,JP,11515,10516,15106,Chrono24,10575,VERIFIED,C24 scrape,2,UNKNOWN|A_EXCELLENT,commit,ロレックス ミルガウス Ref.116400GV ステンレススチール ブラック文字盤 美品 xtysugkd,https://commit-watch.co.jp/products/xtysugkd,https://www.chrono24.com/rolex/2020-rolex-milgauss-116400gv-40mm-green-crystal-z-blue-dial-steel-box-paper--id47732886.htm
23.6,BUY,79640,JP,3874,3538,5070,Chrono24,3089,VERIFIED,C24 scrape n=1 THIN,1,FULL_SET,jackroad,チューダー(チュードル) TUDOR ブラックベイ 36 79640-0005 新品 時計 男女兼用,https://item.rakuten.co.jp/jackroad/tu663/,https://www.chrono24.com/tudor/tudor-black-bay-black-diamonds-anthracite-dial--id45635547.htm
23.2,BUY,179174,JP,7643,6980,9958,Chrono24,6413,DERIVED,C24 scrape n=1 THIN,1,FULL_SET,jackroad,ロレックス ROLEX デイトジャスト 26 179174 中古 時計 レディース,https://item.rakuten.co.jp/jackroad/6358110/,https://www.chrono24.com/rolex/like-new-2017-lady-datejust-steel-jubilee-silver-index-dial-179174--id47597681.htm
23.1,BUY,278240,JP,8336,7613,10841,Chrono24 US,8538,VERIFIED,C24 research VARIANT RISK,12,FULL_SET,rasin,ROLEX Datejust 31 278240 Pink Bar 3-Row Oyster bracelet Bracelet Random Serial Number Used,https://en.www.rasin.co.jp/SHOP/U-278240PK-3.html,
23.1,BUY,79250BA,JP,3788,3460,4928,Chrono24,2786,VERIFIED,C24 scrape n=1 THIN,1,UNKNOWN,kamekichi,ブラックベイ,https://www.kame-kichi.com/items/45814,https://www.chrono24.com/tudor/black-bay--id47522387.htm
23.1,BUY,69173,JP,5890,5379,7660,Chrono24,4896,DERIVED,C24 scrape n=1 THIN,1,FULL_SET,bettyroad,ロレックス ROLEX デイトジャスト 26 69173 中古 時計 レディース,https://item.rakuten.co.jp/bettyroad/6319524/,https://www.chrono24.com/rolex/lady-datejust--id47195863.htm
22.9,BUY,79603,JP,4599,4200,5968,Chrono24 US,3275,VERIFIED,C24 research MAPPING,6,FULL_SET,jackroad,チューダー(チュードル) TUDOR ヘリテージ ブラックベイ ワン 31 79603-0006 新品 時計 レディース,https://item.rakuten.co.jp/jackroad/tu777/,
22.4,BUY,210.30.42.20.10.001,JP,5258,4802,6777,Chrono24,4942,VERIFIED,C24 scrape,9,FULL_SET,jackroad,オメガ OMEGA シーマスター ダイバー300M コーアクシャル マスター クロノメーター 210.30.42.20.10.001 新品 時計 メンズ,https://item.rakuten.co.jp/jackroad/om1391/,https://www.chrono24.com/omega/omega-seamaster-diver-300-m--id45157746.htm
22.3,BUY,126231,JP,15927,14545,20505,Chrono24,16263,VERIFIED,C24 scrape n=1 THIN,1,FULL_SET,rasin,PRICEDOWN Rolex Datejust 36 126231 Slate (Gray) Green Rome 3-row Oyster bracelet Random Nu,https://en.www.rasin.co.jp/SHOP/U-126231GRO.html,https://www.chrono24.com/rolex/datejust-36--id47562193.htm
22.3,BUY,126231,JP,15926,14545,20505,Chrono24,16263,VERIFIED,C24 scrape n=1 THIN,1,UNKNOWN|AA_LIKE_NEW,kamekichi,デイトジャスト36,https://www.kame-kichi.com/items/46077,https://www.chrono24.com/rolex/datejust-36--id47562193.htm
22.2,BUY,332.10.41.51.01.001,JP,6637,6062,8536,Chrono24,6111,VERIFIED,C24 scrape,2,FULL_SET|A_EXCELLENT,kitamura,【中古】 【美品】 オメガ(OMEGA) スピードマスター 57 ブラック 332.10.41.51.01.001 ステンレススティール 【1年保証】,https://item.rakuten.co.jp/emedama/2444110058854/,https://www.chrono24.com/omega/speedmaster-57-co-axial-chronograph----black-dial--id46329783.htm
21.6,BUY,179174,JP,7803,7126,9958,Chrono24,6413,DERIVED,C24 scrape n=1 THIN,1,FULL_SET,bettyroad,ロレックス ROLEX デイトジャスト 26 179174 中古 時計 レディース,https://item.rakuten.co.jp/bettyroad/6321657/,https://www.chrono24.com/rolex/like-new-2017-lady-datejust-steel-jubilee-silver-index-dial-179174--id47597681.htm
21.6,BUY,WSPA0013,JP,3432,3134,4380,Chrono24 US,3867,VERIFIED,C24 research,,PAPERS_ONLY|AB_GOOD,kitamura,【中古】 【良品】 カルティエ パシャ シルバー WSPA0013 ステンレススティール 【1年保証】,https://item.rakuten.co.jp/emedama/2245460006713/,
21.5,BUY,124060,JP,12716,11613,16205,Chrono24,12194,VERIFIED,C24 scrape,2,UNKNOWN|A_EXCELLENT,commit,ロレックス サブマリーナー ノンデイト Ref.124060 ステンレススチール ブラック文字盤 美品 wwb69w82,https://commit-watch.co.jp/products/wwb69w82,https://www.chrono24.com/rolex/rolex-submariner-41mm-no-date-newunworn-124060-2026--id28447338.htm
21.3,BUY,79640,JP,3990,3644,5070,Chrono24,3089,VERIFIED,C24 scrape n=1 THIN,1,FULL_SET,bettyroad,チューダー(チュードル) TUDOR ブラックベイ 36 79640-0005 新品 時計 男女兼用,https://item.rakuten.co.jp/bettyroad/tu663/,https://www.chrono24.com/tudor/tudor-black-bay-black-diamonds-anthracite-dial--id45635547.htm
21.3,BUY,69173,JP,6025,5503,7660,Chrono24,4896,DERIVED,C24 scrape n=1 THIN,1,FULL_SET,bettyroad,ロレックス ROLEX デイトジャスト 26 69173 中古 時計 レディース,https://item.rakuten.co.jp/bettyroad/6358066/,https://www.chrono24.com/rolex/lady-datejust--id47195863.htm
20.9,BUY,234.30.41.21.03.001,JP,5022,4586,6351,Chrono24 US PROXY,4652,VERIFIED,LOW PROXY,,FULL_SET|AB_GOOD,kitamura,【中古】 【良品】 オメガ(OMEGA) シーマスター ブルー 234.30.41.21.03.001 ステンレススティール 【1年保証】,https://item.rakuten.co.jp/emedama/2245460007949/,
20.7,BUY,210.90.42.20.01.001,JP,8334,7611,10507,Chrono24,7672,VERIFIED,C24 scrape,5,FULL_SET|AB_GOOD,kitamura,【中古】 【良品】 オメガ(OMEGA) シーマスター ダイバー300M ブラック 210.90.42.20.01.001 チタン 007エディション 【1年保証】,https://item.rakuten.co.jp/emedama/2484290075135/,https://www.chrono24.com/omega/omega-new-2026-seamaster-bond-007-no-time-to-die-titanium-mesh-21090422001001--id47628753.htm
20.6,BUY,79603,JP,4736,4325,5968,Chrono24 US,3275,VERIFIED,C24 research MAPPING,6,FULL_SET,bettyroad,チューダー(チュードル) TUDOR ヘリテージ ブラックベイ ワン 31 79603-0006 新品 時計 レディース,https://item.rakuten.co.jp/bettyroad/tu777/,
20.5,BUY,28603,JP,3611,3297,4544,US AD retail,2814,VERIFIED,C24 research,,FULL_SET,jackroad,チューダー(チュードル) TUDOR ロイヤル 28603-0001 新品 時計 メンズ,https://item.rakuten.co.jp/jackroad/tu574/,
20.3,BUY,179174,JP,7936,7248,9958,Chrono24,6413,DERIVED,C24 scrape n=1 THIN,1,FULL_SET|AB_GOOD,kitamura,【中古】 【良品】 ロレックス(ROLEX) デイトジャスト 26 ブラック 179174 ステンレス/ホワイトゴールド ローマ JB 【1年保証】,https://item.rakuten.co.jp/emedama/2245460007253/,https://www.chrono24.com/rolex/like-new-2017-lady-datejust-steel-jubilee-silver-index-dial-179174--id47597681.htm
20.0,BUY,116519LN,JP,40126,36645,50151,Chrono24,40684,DERIVED,C24 scrape,20,UNKNOWN,commit,ロレックス デイトナ Ref.116519LN ホワイトゴールド ブラック8Pダイヤ文字盤 オイスターブレスレット 美中古 dsc2mq2s,https://commit-watch.co.jp/products/dsc2mq2s,https://www.chrono24.com/rolex/daytona-ghost-white-gold-oysterflex-116519ln-grey-dial--id31519416.htm
19.9,BUY,116234,JP,10175,9293,12695,Chrono24,9159,VERIFIED,C24 scrape,2,FULL_SET|A_EXCELLENT,kitamura,【中古】 【美品】 ロレックス(ROLEX) デイトジャスト 36 シルバー 116234 ステンレス/ホワイトゴールド OB 【1年保証】,https://item.rakuten.co.jp/emedama/2245460007321/,https://www.chrono24.com/rolex/like-new-2015-datejust-36-steel-jubilee-black-diamond-dial-116234--id46871696.htm
19.7,BUY,SBGM221,JP,4359,3981,5426,Chrono24,3773,VERIFIED,C24 scrape,4,FULL_SET|A_EXCELLENT,kitamura,【中古】 【美品】 グランドセイコー メカニカル アイボリー [ホワイト系] SBGM221/9S66-00A0 ステンレススティール 【1年保証】,https://item.rakuten.co.jp/emedama/2444220082213/,https://www.chrono24.com/grandseiko/grand-seiko-2026-elegance-collection-gmt-39mm-sbgm221--id43300050.htm
19.6,BUY,79683,JP,4994,4561,6215,US AD retail,3830,VERIFIED,C24 research,,FULL_SET,jackroad,チューダー(チュードル) TUDOR ブラックベイ 41 S＆G 79683-0008 新品 時計 メンズ,https://item.rakuten.co.jp/jackroad/tu776/,
19.6,BUY,79683,JP,4994,4561,6215,US AD retail,3830,VERIFIED,C24 research,,FULL_SET,jackroad,チューダー(チュードル) TUDOR ブラックベイ 41 S＆G 79683-0007 新品 時計 メンズ,https://item.rakuten.co.jp/jackroad/tu702/,
19.6,BUY,79683,JP,4994,4561,6215,US AD retail,3830,VERIFIED,C24 research,,FULL_SET,jackroad,チューダー(チュードル) TUDOR ブラックベイ 41 S＆G 79683-0006 新品 時計 メンズ,https://item.rakuten.co.jp/jackroad/tu774/,
19.6,BUY,134300,JP,9422,8604,11716,Chrono24,10206,VERIFIED,C24 scrape,9,FULL_SET,jackroad,ロレックス ROLEX オイスター パーペチュアル 41 134300 中古 時計 メンズ,https://item.rakuten.co.jp/jackroad/6406606/,https://www.chrono24.com/rolex/rolex-oyster-perpetual--41mm--id47541739.htm
19.4,BUY,124060,JP,13069,11935,16205,Chrono24,12194,VERIFIED,C24 scrape,2,UNKNOWN|A_EXCELLENT,commit,ロレックス サブマリーナー ノンデイト Ref.124060 ステンレススチール ブラック文字盤 美品 3vtxhzdn,https://commit-watch.co.jp/products/3vtxhzdn,https://www.chrono24.com/rolex/rolex-submariner-41mm-no-date-newunworn-124060-2026--id28447338.htm
19.1,BUY,126660,JP,11868,10839,14662,Chrono24,11800,VERIFIED,C24 scrape,9,UNKNOWN,commit,ロレックス シードゥエラー ディープシー Ref.126660 ステンレススチール D-BLUE文字盤 中古 mqv98vmp,https://commit-watch.co.jp/products/mqv98vmp,https://www.chrono24.com/rolex/sea-dweller-deepsea--id47661884.htm
19.1,BUY,SBGE257,JP,4094,3739,5062,Chrono24 US,4071,VERIFIED,C24 research,,FULL_SET|AB_GOOD,kitamura,【中古】 【良品】 グランドセイコー スプリングドライブ GMT グリーン SBGE257/9R66-0BB0 ステンレススティール/セラミック 【1年保証】,https://item.rakuten.co.jp/emedama/2444930116048/,
19.0,BUY,126067,JP,36170,33032,44665,Chrono24,38197,VERIFIED,C24 only,,UNKNOWN,commit,ロレックス シードゥエラー ディープシー チャレンジ Ref.126067 RLXチタン ブラック文字盤 中古 otv5a4t3,https://commit-watch.co.jp/products/otv5a4t3,
18.8,BUY,69173,JP,6217,5677,7660,Chrono24,4896,DERIVED,C24 scrape n=1 THIN,1,FULL_SET,antiqurious,ロレックス デイトジャスト レディ 69173 自動巻き Cal.2135 SS/YG SS/YG シャンパン文字盤 S番（1993年）箱 保証書（1995年 / 個人名記載） カ,https://antiqurious.com/products/rc_iteaz0ffi1f8_wwzo,https://www.chrono24.com/rolex/lady-datejust--id47195863.htm
18.8,BUY,278344RBR,JP,14363,13117,17690,Chrono24,14865,VERIFIED,C24 only,,FULL_SET,jackroad,ロレックス ROLEX デイトジャスト 31 278344RBR 中古 時計 ボーイズ,https://item.rakuten.co.jp/jackroad/6342669/,
18.7,BUY,6119G-001,JP,30731,28065,37778,Chrono24,26014,DERIVED,C24 scrape,8,UNKNOWN|A_EXCELLENT,commit,パテックフィリップ カラトラバ Ref.6119G-001 ホワイトゴールド グレー文字盤 美品 wcctzmpe,https://commit-watch.co.jp/products/wcctzmpe,https://www.chrono24.com/patekphilippe/calatrava-6119g-001-white-gold-charcoal-gray-dial-watch--id46210269.htm
18.7,BUY,116400,JP,11580,10575,14235,Chrono24,8750,VERIFIED,C24 scrape,4,FULL_SET|AB_GOOD,kitamura,【中古】 【良品】 ロレックス(ROLEX) ミルガウス ホワイト 116400 ステンレス 【1年保証】,https://item.rakuten.co.jp/emedama/2245460009851/,https://www.chrono24.com/rolex/milgauss-white-dial-on-oyster-bracelet-116400-open-date--id47680699.htm
18.6,BUY,SLGA025,JP,7936,7248,9746,Chrono24,8097,VERIFIED,C24 scrape,9,FULL_SET|AA_LIKE_NEW,kitamura,【中古】 【新品同様】 グランドセイコー スプリングドライブ エボリューション9コレクション エメラルドグリーン SLGA025/9RA2-0AF0 チタン 【1年保証】,https://item.rakuten.co.jp/emedama/2245460005068/,https://www.chrono24.com/grandseiko/grand-seiko-atera-valley--evolution-9-spring-drive--id47085384.htm
18.4,BUY,220.10.41.21.01.002,JP,5851,5343,7167,Chrono24,5263,VERIFIED,C24 scrape,8,FULL_SET,jackroad,オメガ OMEGA シーマスター アクアテラ 220.10.41.21.01.002 新品 時計 メンズ,https://item.rakuten.co.jp/jackroad/om1659/,https://www.chrono24.com/omega/omega-new-2026-seamaster-aqua-terra--black-lacquer-41mm-22010412101002--id37811834.htm
18.4,BUY,277200,JP,7630,6968,9351,Chrono24,8779,VERIFIED,C24 scrape n=1 THIN,1,UNKNOWN|A_EXCELLENT,commit,ロレックス オイスターパーペチュアル31 Ref.277200 ステンレススチール グリーン文字盤 美品 k7mej8bu,https://commit-watch.co.jp/products/k7mej8bu,https://www.chrono24.com/rolex/new-2026-oyster-perpetual-31mm-277200-med-blue-dial--id44496177.htm
18.4,BUY,WSPA0027,JP,6214,5675,7616,Chrono24 US,5778,VERIFIED,C24 research,,FULL_SET|A_EXCELLENT,kitamura,【中古】 【美品】 カルティエ パシャ グレー WSPA0027 ステンレススティール 【1年保証】,https://item.rakuten.co.jp/emedama/2415250430763/,
18.2,BUY,79000B,JP,4028,3678,4922,Chrono24,3888,VERIFIED,C24 scrape,7,FULL_SET|A_EXCELLENT,kitamura,【中古】 【美品】 チューダー ブラックベイ 54 M79000B-0002 ラバーベルト ブルー ブルー系 【1年保証】,https://item.rakuten.co.jp/emedama/2245460008526/,https://www.chrono24.com/tudor/black-bay-unworn-2026-blueblue-3-links-m79000b-0001--id47702303.htm
18.1,BUY,28400,JP,2556,2335,3121,Chrono24 US,1860,VERIFIED,C24 research MAPPING,6,FULL_SET,jackroad,チューダー(チュードル) TUDOR ロイヤル 28400-0007 新品 時計 レディース,https://item.rakuten.co.jp/jackroad/tu563/,
18.1,BUY,28400,JP,2556,2335,3121,Chrono24 US,1860,VERIFIED,C24 research MAPPING,6,FULL_SET,jackroad,チューダー(チュードル) TUDOR ロイヤル 28400-0002 新品 時計 レディース,https://item.rakuten.co.jp/jackroad/tu746/,
18.1,BUY,28400,JP,2556,2335,3121,Chrono24 US,1860,VERIFIED,C24 research MAPPING,6,FULL_SET,jackroad,チューダー(チュードル) TUDOR ロイヤル 28400-0004 新品 時計 レディース,https://item.rakuten.co.jp/jackroad/tu562/,
18.1,BUY,79174,JP,6048,5524,7386,Chrono24,4612,DERIVED,C24 scrape n=1 THIN,1,FULL_SET,jackroad,ロレックス ROLEX デイトジャスト 26 79174 中古 時計 レディース,https://item.rakuten.co.jp/jackroad/6319296/,https://www.chrono24.com/rolex/rolex-lady-datejust-26-jubilee-bracelet-18k-white-gold-fluted-bezel-sulver-stick-button-dial--id45496101.htm
18.0,BUY,126515LN,JP,89784,81994,109532,Chrono24,48639,DERIVED,C24 scrape n=1 THIN,1,FULL_SET,rasin,PRICEDOWN ROLEX Cosmograph Daytona 126515LN METEO Meteolite Random Number Used Men&#39;s,https://en.www.rasin.co.jp/SHOP/U-126515LNMETEO.html,https://www.chrono24.com/rolex/new-2026-daytona-126515ln-meteorite-meteorite-dial-rose-gold-oysterflex-cosmograph-40mm--id47285038.htm
17.9,BUY,26393BC,JP,23101,21097,28142,Chrono24,25738,VERIFIED,C24 only,,UNKNOWN,commit,オーデマピゲ CODE 11.59 バイ オーデマ ピゲ クロノグラフ Ref.26393BC.OO.A002CR.01 ホワイトゴールド ブラックラッカー文字盤 中古 xkthm,https://commit-watch.co.jp/products/xkthmvjq,
17.5,BUY,79950,JP,2913,2660,3531,Chrono24,2555,VERIFIED,C24 scrape n=1 THIN,1,FULL_SET|AB_GOOD,kitamura,【中古】 【良品】 チューダー レンジャー ブラック 79950 ステンレススティール SSブレス 【1年保証】,https://item.rakuten.co.jp/emedama/2443060215072/,https://www.chrono24.com/tudor/tudor-ranger--id47000275.htm
17.5,BUY,116520,JP,21759,19871,26372,Chrono24,20460,DERIVED,C24 scrape,11,UNKNOWN|A_EXCELLENT,commit,ロレックス デイトナ Ref.116520 ステンレススチール ブラック文字盤 美品 baq75rb2,https://commit-watch.co.jp/products/baq75rb2,https://www.chrono24.com/rolex/daytona--id47560800.htm
17.4,BUY,116588TBR,JP,194595,177713,235457,Chrono24,166338,DERIVED,C24 scrape,9,FULL_SET,rasin,SALE Rolex Cosmograph Daytona Bezel Diamond 8P Diamond 116588TBR Black Lacquer Pavé Diamon,https://en.www.rasin.co.jp/SHOP/U-116588TBR.html,https://www.chrono24.com/rolex/rolex-cosmograph-daytona--id47107766.htm
17.3,BUY,279173,JP,16472,15043,19929,Chrono24,13583,VERIFIED,C24 scrape,2,FULL_SET,jackroad,ロレックス ROLEX レディ デイトジャスト 28 279173 新品 時計 レディース,https://item.rakuten.co.jp/jackroad/136210/,https://www.chrono24.com/rolex/datejust-28mm-unworn-2026-silver-diamond-fluted-oyster-279173--id47286139.htm
17.3,BUY,279173,JP,16472,15043,19929,Chrono24,13583,VERIFIED,C24 scrape,2,FULL_SET,jackroad,ロレックス ROLEX レディ デイトジャスト 28 279173 新品 時計 レディース,https://item.rakuten.co.jp/jackroad/136144/,https://www.chrono24.com/rolex/datejust-28mm-unworn-2026-silver-diamond-fluted-oyster-279173--id47286139.htm
17.2,BUY,126621,JP,15945,14561,19265,Chrono24,15659,VERIFIED,C24 scrape n=1 THIN,1,FULL_SET,jackroad,ロレックス ROLEX ヨットマスター 126621 中古 時計 メンズ,https://item.rakuten.co.jp/jackroad/6352293/,https://www.chrono24.com/rolex/like-new-2023-yacht-master-40-2-tone-chocolate-dial-126621--id47701258.htm
17.2,BUY,124200,JP,8156,7449,9855,Chrono24,7906,VERIFIED,C24 scrape n=1 THIN,1,UNKNOWN,rasin,Rolex Oyster Perpetual 124200 Blue Random Serial Used Men&#39;s,https://en.www.rasin.co.jp/SHOP/U-124200BL-3.html,https://www.chrono24.com/rolex/oyster-perpetual-34--id47561565.htm
17.2,BUY,326.30.40.50.01.002,JP,2968,2710,3586,"mark, NO VENUE",3586,VERIFIED,,,FULL_SET|B_AVERAGE,kitamura,【中古】 【並品】 オメガ(OMEGA) スピードマスター レーシング ブラック/ホワイト 326.30.40.50.01.002 ステンレススティール 【1年保証】,https://item.rakuten.co.jp/emedama/2445820031779/,
16.5,BUY,SBGE257,JP,4227,3860,5062,Chrono24 US,4071,VERIFIED,C24 research,,FULL_SET|A_EXCELLENT,kitamura,【中古】 【美品】 グランドセイコー スプリングドライブ GMT グリーン SBGE257/9R66-0BB0 ステンレススティール/セラミック 【1年保証】,https://item.rakuten.co.jp/emedama/2449820037991/,
16.4,BUY,126000,JP,10455,9548,12510,Chrono24,9396,VERIFIED,C24 scrape,8,UNKNOWN|AA_LIKE_NEW,commit,ロレックス オイスターパーペチュアル36 Ref.126000 ステンレススチール ラベンダー文字盤 未使用 8etrjxac,https://commit-watch.co.jp/products/8etrjxac,https://www.chrono24.com/rolex/rolex-unworn-126000-oyster-perpetual-36mm-med-blue-index-dial-oyster-bracelet-stainless-steel--id44319787.htm
16.4,BUY,278344RBR,JP,14792,13509,17690,Chrono24,14865,VERIFIED,C24 only,,FULL_SET,bettyroad,ロレックス ROLEX デイトジャスト 31 278344RBR 中古 時計 ボーイズ,https://item.rakuten.co.jp/bettyroad/6342669/,
16.0,BUY,69173,JP,6433,5875,7660,Chrono24,4896,DERIVED,C24 scrape n=1 THIN,1,FULL_SET,bettyroad,ロレックス ROLEX デイトジャスト 26 69173 中古 時計 レディース,https://item.rakuten.co.jp/bettyroad/6319364/,https://www.chrono24.com/rolex/lady-datejust--id47195863.htm
15.9,BUY,28403,JP,3176,2900,3778,Chrono24 US,2855,VERIFIED,C24 research MAPPING,6,FULL_SET,bettyroad,チューダー(チュードル) TUDOR ロイヤル 28403-0004 新品 時計 男女兼用,https://item.rakuten.co.jp/bettyroad/tu779/,
15.8,BUY,126200,JP,7700,7032,9143,Chrono24,9044,VERIFIED,C24 hand read,3,UNKNOWN,commit,ロレックス デイトジャスト36 Ref.126200 ステンレススチール ホワイト文字盤 オイスターブレスレット 中古 qg6fipn3,https://commit-watch.co.jp/products/qg6fipn3,
15.8,BUY,336238,JP,37795,34516,44894,Chrono24,45272,VERIFIED,LOW,,UNKNOWN,commit,ロレックス スカイドゥエラー Ref.336238 イエローゴールド ホワイト文字盤 美中古 qdrt7xtu,https://commit-watch.co.jp/products/qdrt7xtu,
15.8,BUY,116400GV,JP,12716,11613,15106,Chrono24,10575,VERIFIED,C24 scrape,2,UNKNOWN|AA_LIKE_NEW,commit,ロレックス ミルガウス Ref.116400GV ステンレススチール ブラック文字盤 未使用 8jygq4d4,https://commit-watch.co.jp/products/8jygq4d4,https://www.chrono24.com/rolex/2020-rolex-milgauss-116400gv-40mm-green-crystal-z-blue-dial-steel-box-paper--id47732886.htm
15.6,BUY,28400,JP,2633,2404,3121,Chrono24 US,1860,VERIFIED,C24 research MAPPING,6,FULL_SET,bettyroad,チューダー(チュードル) TUDOR ロイヤル 28400-0004 新品 時計 レディース,https://item.rakuten.co.jp/bettyroad/tu562/,
15.6,BUY,28400,JP,2633,2404,3121,Chrono24 US,1860,VERIFIED,C24 research MAPPING,6,FULL_SET,bettyroad,チューダー(チュードル) TUDOR ロイヤル 28400-0007 新品 時計 レディース,https://item.rakuten.co.jp/bettyroad/tu563/,
15.6,BUY,279173,JP,16828,15368,19929,Chrono24,13583,VERIFIED,C24 scrape,2,FULL_SET,bettyroad,ロレックス ROLEX レディ デイトジャスト 28 279173 新品 時計 レディース,https://item.rakuten.co.jp/bettyroad/136144/,https://www.chrono24.com/rolex/datejust-28mm-unworn-2026-silver-diamond-fluted-oyster-279173--id47286139.htm
15.6,BUY,126231,JP,17308,15806,20505,Chrono24,16263,VERIFIED,C24 scrape n=1 THIN,1,UNKNOWN|AA_LIKE_NEW,commit,ロレックス デイトジャスト36 Ref.126231 ステンレススチール/エバーローズゴールド スレートローマン文字盤 オイスターブレスレット 未使用 vja2fw4d,https://commit-watch.co.jp/products/vja2fw4d,https://www.chrono24.com/rolex/datejust-36--id47562193.htm
15.6,BUY,210.90.42.20.01.001,JP,8864,8095,10507,Chrono24,7672,VERIFIED,C24 scrape,5,FULL_SET|A_EXCELLENT,kitamura,【中古】 【美品】 オメガ(OMEGA) シーマスター ダイバー300M ブラック 210.90.42.20.01.001 チタン 007エディション 【1年保証】,https://item.rakuten.co.jp/emedama/2245460009875/,https://www.chrono24.com/omega/omega-new-2026-seamaster-bond-007-no-time-to-die-titanium-mesh-21090422001001--id47628753.htm
15.4,BUY,124200,JP,8336,7613,9855,Chrono24,7906,VERIFIED,C24 scrape n=1 THIN,1,FULL_SET,rasin,Rolex Oyster Perpetual 124200 Black Random Size Used Men's,https://en.www.rasin.co.jp/SHOP/U-124200BK-3.html,https://www.chrono24.com/rolex/oyster-perpetual-34--id47561565.htm
15.3,BUY,68273,JP,7700,7032,9087,Chrono24,5860,DERIVED,C24 scrape n=1 THIN,1,PAPERS_ONLY,antiqurious,ロレックス デイトジャスト 68273 自動巻き Cal.2135 SS/YG SS/YG ホワイトローマン文字盤（T SWISS MADE T表記） S番台（1993年）オーバー,https://antiqurious.com/products/rc_itjvbqx4qhuz_uvvq,https://www.chrono24.com/rolex/datejust-31--id47681661.htm
15.3,BUY,216570,JP,9261,8458,10934,Chrono24,8861,VERIFIED,C24 scrape n=1 THIN,1,PAPERS_ONLY|AB_GOOD,kitamura,【中古】 【良品】 ロレックス(ROLEX) エクスプローラーII ブラック 216570 ステンレス 【1年保証】,https://item.rakuten.co.jp/emedama/2403281142960/,https://www.chrono24.com/rolex/rolex-explorer-ii--id47754190.htm
15.1,BUY,WSPN0006,JP,4875,4452,5743,Chrono24 US,4310,VERIFIED,C24 research,,PAPERS_ONLY,antiqurious,カルティエ パンテール SM WSPN0006 / 4177 クォーツ Cal.057 SS SS ホワイトローマン文字盤（SWISS MADE表記）オーバーホール済み,https://antiqurious.com/products/rc_itarnpuzujvr_codi,
15.1,BUY,79950,JP,2998,2737,3531,Chrono24,2555,VERIFIED,C24 scrape n=1 THIN,1,FULL_SET,jackroad,チューダー(チュードル) TUDOR レンジャー 79950-0001 中古 時計 メンズ,https://item.rakuten.co.jp/jackroad/6324634/,https://www.chrono24.com/tudor/tudor-ranger--id47000275.htm
15.0,BUY,114300,JP,8265,7548,9728,Chrono24,7190,DERIVED,C24 scrape,11,UNKNOWN,commit,ロレックス オイスターパーペチュアル39 Ref.114300 ステンレススチール スレートグレー文字盤 中古 coqojp38,https://commit-watch.co.jp/products/coqojp38,https://www.chrono24.com/rolex/oyster-perpetual-39mm--id46396266.htm
15.0,BUY,AB2020121B1S1,JP,2886,2635,3394,Chrono24,2451,DERIVED,C24 only,,FULL_SET,jackroad,ブライトリング BREITLING スーパーオーシャン ヘリテージ B20 オートマティック 46 AB2020121B1S1 中古 時計 メンズ,https://item.rakuten.co.jp/jackroad/5963360/,
14.9,BUY OPPORTUNITY,26240OR,JP,111619,101935,131186,Chrono24,83082,VERIFIED,C24 scrape,8,UNKNOWN|A_EXCELLENT,commit,オーデマピゲ ロイヤルオーク クロノグラフ 50周年記念 Ref.26240OR.OO.1320OR.03 ピンクゴールド シルバー文字盤 美品 33xyb7eb,https://commit-watch.co.jp/products/33xyb7eb,https://www.chrono24.com/audemarspiguet/2025-royal-oak-chronograph-41mm-26240or-pink-gold-green-dial--id45312359.htm
14.8,BUY OPPORTUNITY,210.30.42.20.06.002,JP,5785,5283,6789,Chrono24,5594,VERIFIED,C24 scrape n=1 THIN,1,FULL_SET,jackroad,オメガ OMEGA シーマスター ダイバー300M コーアクシャル マスター クロノメーター 210.30.42.20.06.002 新品 時計 メンズ,https://item.rakuten.co.jp/jackroad/om1725/,https://www.chrono24.com/omega/omega-seamaster-diver-300m-silver-dial-titanium-bezel-on-mesh-strap--id47219707.htm
14.8,BUY OPPORTUNITY,126300,JP,9325,8516,10950,Chrono24,9982,VERIFIED,C24 scrape,7,UNKNOWN,commit,ロレックス デイトジャスト41 Ref.126300 ステンレススチール ホワイトローマン文字盤 オイスターブレスレット 美中古 2tq9tyb7,https://commit-watch.co.jp/products/2tq9tyb7,https://www.chrono24.com/rolex/rolex-datejust-41-white-roman-dial-stainless-steel-41mm-126300----id46780791.htm
14.7,BUY OPPORTUNITY,126621,JP,16428,15003,19265,Chrono24,15659,VERIFIED,C24 scrape n=1 THIN,1,UNKNOWN,rasin,ROLEX Yacht Master 40 126621 Black Random Serial Number Used Men's Watch,https://en.www.rasin.co.jp/SHOP/U-126621BK-7.html,https://www.chrono24.com/rolex/like-new-2023-yacht-master-40-2-tone-chocolate-dial-126621--id47701258.htm
14.6,BUY OPPORTUNITY,220.10.38.20.01.004,JP,5983,5463,7003,Chrono24 US,5191,VERIFIED,C24 research,8,FULL_SET,jackroad,オメガ OMEGA シーマスター アクアテラ コーアクシャル マスター クロノメーター 220.10.38.20.01.004 新品 時計 男女兼用,https://item.rakuten.co.jp/jackroad/om1644/,
14.6,BUY OPPORTUNITY,268655,JP,41377,37787,48454,Chrono24,22604,VERIFIED,C24 scrape n=1 THIN,1,FULL_SET,jackroad,ロレックス ROLEX ヨットマスター 37 268655 中古 時計 ボーイズ,https://item.rakuten.co.jp/jackroad/6273802/,https://www.chrono24.com/rolex/rolex-yacht-master-37--id45056726.htm
14.6,BUY OPPORTUNITY,126515LN,JP,93559,85442,109532,Chrono24,48639,DERIVED,C24 scrape n=1 THIN,1,FULL_SET,jackroad,ロレックス ROLEX コスモグラフ デイトナ メテオライト 126515LN 新品 時計 メンズ,https://item.rakuten.co.jp/jackroad/rx2218/,https://www.chrono24.com/rolex/new-2026-daytona-126515ln-meteorite-meteorite-dial-rose-gold-oysterflex-cosmograph-40mm--id47285038.htm
14.6,BUY OPPORTUNITY,116234,JP,10841,9900,12695,Chrono24,9159,VERIFIED,C24 scrape,2,FULL_SET,rasin,ROLEX Datejust 116234 Pink Flower Motif 69 Arabia 5 Rows Jubilee bracelet V Used Men&#39;s,https://en.www.rasin.co.jp/SHOP/U-116234PKFL.html,https://www.chrono24.com/rolex/like-new-2015-datejust-36-steel-jubilee-black-diamond-dial-116234--id46871696.htm
14.5,BUY OPPORTUNITY,IW389409,JP,11003,10048,12866,Chrono24,9345,DERIVED,PARTIAL,,FULL_SET|AA_LIKE_NEW,jackroad,IWC IWC パイロットウォッチ クロノグラフ 41 トップガン ミラマー リミテッド IW389409 中古 時計 メンズ,https://item.rakuten.co.jp/jackroad/6394699/,
14.5,BUY OPPORTUNITY,311.30.42.30.01.005,JP,5618,5130,6569,Chrono24,4741,VERIFIED,C24 scrape n=1 THIN,1,FULL_SET|AB_GOOD,kitamura,【中古】 【良品】 オメガ(OMEGA) スピードマスター プロフェッショナル ブラック 311.30.42.30.01.005 ステンレススティール 【1年保証】,https://item.rakuten.co.jp/emedama/2449660028173/,https://www.chrono24.com/omega/omega-speedmaster-professional-moonwatch--id47643444.htm
14.4,BUY OPPORTUNITY,SLGH005,JP,7539,6885,8809,Chrono24,6536,VERIFIED,C24 scrape n=1 THIN,1,FULL_SET|A_EXCELLENT,kitamura,【中古】 【美品】 グランドセイコー メカニカル シルバー SLGH005/9SA5-00C0 ステンレススティール 【1年保証】,https://item.rakuten.co.jp/emedama/2245460008656/,https://www.chrono24.com/grandseiko/grand-seiko-new-2026-slgh005-white-birch-hi-beat-complete--id47641011.htm
14.4,BUY OPPORTUNITY,134300,JP,10029,9159,11716,Chrono24,10206,VERIFIED,C24 scrape,9,FULL_SET|A_EXCELLENT,kitamura,【中古】 【美品】 ロレックス(ROLEX) オイスターパーペチュアル 41 ブラック 134300 ステンレススティール 【1年保証】,https://item.rakuten.co.jp/emedama/2245460005907/,https://www.chrono24.com/rolex/rolex-oyster-perpetual--41mm--id47541739.htm
14.4,BUY OPPORTUNITY,210.90.42.20.01.001,JP,8996,8216,10507,Chrono24,7672,VERIFIED,C24 scrape,5,FULL_SET|AB_GOOD,kitamura,【中古】 【良品】 オメガ(OMEGA) シーマスター ダイバー300M ブラック 210.90.42.20.01.001 チタン 007エディション 【1年保証】,https://item.rakuten.co.jp/emedama/2245460009905/,https://www.chrono24.com/omega/omega-new-2026-seamaster-bond-007-no-time-to-die-titanium-mesh-21090422001001--id47628753.htm
14.2,BUY OPPORTUNITY,28403,JP,3243,2962,3778,Chrono24 US,2855,VERIFIED,C24 research MAPPING,6,FULL_SET,bettyroad,チューダー(チュードル) TUDOR ロイヤル 28403-0008 新品 時計 男女兼用,https://item.rakuten.co.jp/bettyroad/tu760/,
14.2,BUY OPPORTUNITY,310.32.42.50.01.001,JP,6062,5536,7063,Chrono24,5344,VERIFIED,C24 scrape,6,FULL_SET,jackroad,オメガ OMEGA スピードマスター ムーンウォッチ プロフェッショナル マスター クロノメーター 310.32.42.50.01.001 新品 時計 メンズ,https://item.rakuten.co.jp/jackroad/om1242/,https://www.chrono24.com/omega/omega-unworn-2026-speedmaster-professional-moonwatch-42mm-hesalite-black-31032425001001--id47200730.htm
14.2,BUY OPPORTUNITY,126000,JP,10738,9806,12510,Chrono24,9396,VERIFIED,C24 scrape,8,UNKNOWN|AA_LIKE_NEW,commit,ロレックス オイスターパーペチュアル36 Ref.126000 ステンレススチール ベージュ文字盤 未使用 ryoduan5,https://commit-watch.co.jp/products/ryoduan5,https://www.chrono24.com/rolex/rolex-unworn-126000-oyster-perpetual-36mm-med-blue-index-dial-oyster-bracelet-stainless-steel--id44319787.htm
14.0,BUY OPPORTUNITY,279171,JP,12716,11613,14781,Chrono24,14475,VERIFIED,C24 only,,FULL_SET,rasin,PRICEDOWN Rolex Datejust 279171 Sundust Bar 5 rows Jubilee bracelet random number Used lad,https://en.www.rasin.co.jp/SHOP/U-279171SD.html,
14.0,BUY OPPORTUNITY,6119G-001,JP,32497,29677,37778,Chrono24,26014,DERIVED,C24 scrape,8,UNKNOWN|AA_LIKE_NEW,commit,パテックフィリップ カラトラバ Ref.6119G-001 ホワイトゴールド グレー文字盤 未使用 k848wyry,https://commit-watch.co.jp/products/k848wyry,https://www.chrono24.com/patekphilippe/calatrava-6119g-001-white-gold-charcoal-gray-dial-watch--id46210269.htm
13.9,BUY OPPORTUNITY,WGTA0059,JP,12189,11132,14157,Chrono24,10316,DERIVED,C24 only,,FULL_SET,jackroad,カルティエ CARTIER タンク ルイ カルティエ LM WGTA0059 中古 時計 男女兼用,https://item.rakuten.co.jp/jackroad/6200877/,
13.9,BUY OPPORTUNITY,226659,JP,30165,27548,35040,Chrono24,27340,VERIFIED,C24 scrape,10,UNKNOWN,commit,ロレックス ヨットマスター42 Ref.226659 ホワイトゴールド ブラック文字盤 美中古 i5ck6mq8,https://commit-watch.co.jp/products/i5ck6mq8,https://www.chrono24.com/rolex/yacht-master-42-white-gold-226659-oysterflex--id32377190.htm
13.8,BUY OPPORTUNITY,91560,JP,2359,2154,2736,Chrono24 US,2167,VERIFIED,C24 research,8,FULL_SET,jackroad,チューダー(チュードル) TUDOR 1926 ルナ 91560-0002 新品 時計 メンズ,https://item.rakuten.co.jp/jackroad/tu744/,
13.8,BUY OPPORTUNITY,91560,JP,2359,2154,2736,Chrono24 US,2167,VERIFIED,C24 research,8,FULL_SET,jackroad,チューダー(チュードル) TUDOR 1926 ルナ 91560-0001 新品 時計 メンズ,https://item.rakuten.co.jp/jackroad/tu745/,
13.7,BUY OPPORTUNITY,16520,JP,27410,25032,31755,Chrono24 US,28092,VERIFIED,C24 research VARIANT RISK,,UNKNOWN,commit,ロレックス デイトナ エルプリメロ Ref.16520 ステンレススチール ブラック文字盤 中古 5kdkdyxu,https://commit-watch.co.jp/products/5kdkdyxu,
13.6,BUY OPPORTUNITY,228348RBR,JP,61526,56188,71175,Chrono24,68980,DERIVED,C24 only,,FULL_SET,rasin,PRICEDOWN Rolex Day Date 40 Bezel Diamond 10P Baguette Diamond 228348RBR Champagne Random ,https://en.www.rasin.co.jp/SHOP/U-228348RBR-3.html,
13.5,BUY OPPORTUNITY,210.90.42.20.01.001,JP,9092,8304,10507,Chrono24,7672,VERIFIED,C24 scrape,5,FULL_SET,jackroad,オメガ OMEGA シーマスター ダイバー300M コーアクシャル マスター クロノメーター 007 エディション 210.90.42.20.01.001 新品 時計 メンズ,https://item.rakuten.co.jp/jackroad/om1193/,https://www.chrono24.com/omega/omega-new-2026-seamaster-bond-007-no-time-to-die-titanium-mesh-21090422001001--id47628753.htm
13.5,BUY OPPORTUNITY,215.30.44.22.01.001,JP,5307,4847,6132,Chrono24 US,5145,VERIFIED,LOW,,FULL_SET|AB_GOOD,kitamura,【中古】 【良品】 オメガ(OMEGA) シーマスター プラネットオーシャン ブラック 215.30.44.22.01.001 ステンレススティール/セラミック 【1年保証】,https://item.rakuten.co.jp/emedama/2245460008014/,
13.2,BUY OPPORTUNITY,28403,JP,3281,2996,3778,Chrono24 US,2855,VERIFIED,C24 research MAPPING,6,FULL_SET,jackroad,チューダー(チュードル) TUDOR ロイヤル 28403-0008 新品 時計 男女兼用,https://item.rakuten.co.jp/jackroad/tu760/,
13.2,BUY OPPORTUNITY,79830RB,JP,3943,3601,4544,Chrono24,3093,VERIFIED,C24 scrape n=1 THIN,1,UNKNOWN,kamekichi,ブラックベイ GMT,https://www.kame-kichi.com/items/46170,https://www.chrono24.com/tudor/tudor-pre-owned-2025-black-bay-gmt-41mm-black-79830rb-0001--id44879481.htm
13.1,BUY OPPORTUNITY,277200,JP,8124,7419,9351,Chrono24,8779,VERIFIED,C24 scrape n=1 THIN,1,UNKNOWN|AA_LIKE_NEW,commit,ロレックス オイスターパーペチュアル31 Ref.277200 ステンレススチール グリーン文字盤 未使用 o9jpfhr2,https://commit-watch.co.jp/products/o9jpfhr2,https://www.chrono24.com/rolex/new-2026-oyster-perpetual-31mm-277200-med-blue-dial--id44496177.htm
13.0,BUY OPPORTUNITY,68273,JP,7906,7220,9087,Chrono24,5860,DERIVED,C24 scrape n=1 THIN,1,FULL_SET,jackroad,ロレックス ROLEX デイトジャスト 31 68273 中古 時計 ボーイズ,https://item.rakuten.co.jp/jackroad/6285188/,https://www.chrono24.com/rolex/datejust-31--id47681661.htm
13.0,BUY OPPORTUNITY,AB2020121B1S1,JP,2952,2696,3394,Chrono24,2451,DERIVED,C24 only,,FULL_SET,jackroad,ブライトリング BREITLING スーパーオーシャン ヘリテージ B20 オートマティック 46 AB2020121B1S1 中古 時計 メンズ,https://item.rakuten.co.jp/jackroad/6054883/,
12.8,BUY OPPORTUNITY,310.32.42.50.04.001,JP,7775,7100,8913,Chrono24,7268,VERIFIED,C24 scrape n=1 THIN,1,FULL_SET,jackroad,オメガ OMEGA スピードマスター ムーンウォッチ プロフェッショナル コーアクシャル マスター クロノメーター 310.32.42.50.04.001 新品 時計 メンズ,https://item.rakuten.co.jp/jackroad/om1705/,https://www.chrono24.com/omega/omega-2026-speedmaster-moonwatch-pro-42mm-31032425004001-white-dial--id46982131.htm
12.8,BUY OPPORTUNITY,WSPN0012,JP,4678,4272,5364,Chrono24,3941,VERIFIED,C24 scrape n=1 THIN,1,FULL_SET,jackroad,カルティエ CARTIER パンテール ドゥ カルティエ ミニ WSPN0012 新品 時計 レディース,https://item.rakuten.co.jp/jackroad/ca1005/,https://www.chrono24.com/cartier/cartier-mini-panthere-de-cartier-watch-silver-dial-steel-ladies-watch-wspn0012--id46999024.htm
12.7,BUY OPPORTUNITY,WSSA0046,JP,7313,6679,8376,Chrono24,7173,VERIFIED,C24 only,,FULL_SET,jackroad,カルティエ CARTIER サントス デュモン WSSA0046 中古 時計 男女兼用,https://item.rakuten.co.jp/jackroad/6414601/,
12.7,BUY OPPORTUNITY,126201,JP,13037,11906,14926,"mark, NO VENUE",14926,VERIFIED,,,FULL_SET,rasin,PRICEDOWN Rolex Datejust 36 126201 Silver Palm Motif Bar 3 Rows Oyster bracelet Random Num,https://en.www.rasin.co.jp/SHOP/U-126201SVP.html,
12.7,BUY OPPORTUNITY,310.30.42.50.01.001,JP,6545,5977,7501,Chrono24,5627,VERIFIED,C24 scrape,18,FULL_SET|AB_GOOD,kitamura,【中古】 【良品】 オメガ(OMEGA) スピードマスター プロフェッショナル ブラック 310.30.42.50.01.001 ステンレススティール 【1年保証】,https://item.rakuten.co.jp/emedama/2441250194930/,https://www.chrono24.com/omega/unworn-2026-speedmaster-professional-moonwatch-42mm-hesalite-black-31030425001001--id43399029.htm
12.5,BUY OPPORTUNITY,126233,JP,17854,16305,20394,Chrono24,15217,VERIFIED,C24 scrape,6,UNKNOWN,rasin,Rolex Datejust 36 126233 Champagne Fluted Motif Bar 5 Rows Jubilee bracelet Random Number ,https://en.www.rasin.co.jp/SHOP/U-126233GF-2.html,https://www.chrono24.com/rolex/rolex-datejust-36mm-126233-jubilee-steel-and-yellow-gold-fluted-bezel-champagne-index-dial--id21201440.htm
12.5,BUY OPPORTUNITY,210.30.44.51.03.002,JP,6611,6038,7556,Chrono24,5590,DERIVED,C24 only,,FULL_SET|A_EXCELLENT,kitamura,【中古】 【美品】 オメガ(OMEGA) シーマスター ダイバー300M ブルー 210.30.44.51.03.002 ステンレススティール アメリカズカップ 【1年保証】,https://item.rakuten.co.jp/emedama/2419340021213/,
12.4,BUY OPPORTUNITY,215.30.46.51.01.001,JP,6444,5885,7358,Chrono24 US,5261,VERIFIED,LOW,,FULL_SET,jackroad,オメガ OMEGA シーマスター 600 プラネットオーシャン クロノグラフ 215.30.46.51.01.001 新品 時計 メンズ,https://item.rakuten.co.jp/jackroad/om744/,
12.4,BUY OPPORTUNITY,134300,JP,10263,9372,11716,Chrono24,10206,VERIFIED,C24 scrape,9,FULL_SET,rasin,PRICEDOWN Rolex Oyster Perpetual 134300 Silver Random Serial Used Men&#39;s,https://en.www.rasin.co.jp/SHOP/U-134300SV.html,https://www.chrono24.com/rolex/rolex-oyster-perpetual--41mm--id47541739.htm
12.4,BUY OPPORTUNITY,114270,JP,7274,6643,8304,Chrono24,6422,VERIFIED,C24 scrape,8,FULL_SET|AB_GOOD,kitamura,【中古】 【良品】 ロレックス(ROLEX) エクスプローラーI ブラック 114270 ステンレス 【1年保証】,https://item.rakuten.co.jp/emedama/2483090021311/,https://www.chrono24.com/rolex/explorer--id47560875.htm
12.4,BUY OPPORTUNITY,114270,JP,7276,6645,8304,Chrono24,6422,VERIFIED,C24 scrape,8,UNKNOWN,commit,ロレックス エクスプローラーI Ref.114270 ステンレススチール ブラック文字盤 オイスターブレスレット 美中古 ozmkwvhx,https://commit-watch.co.jp/products/ozmkwvhx,https://www.chrono24.com/rolex/explorer--id47560875.htm
12.3,BUY OPPORTUNITY,310.30.42.50.01.001,JP,6575,6005,7501,Chrono24,5627,VERIFIED,C24 scrape,18,FULL_SET,jackroad,オメガ OMEGA スピードマスター ムーンウォッチ プロフェッショナル コーアクシャル マスター クロノメーター 310.30.42.50.01.001 新品 時計 メンズ,https://item.rakuten.co.jp/jackroad/om1241/,https://www.chrono24.com/omega/unworn-2026-speedmaster-professional-moonwatch-42mm-hesalite-black-31030425001001--id43399029.htm
12.3,BUY OPPORTUNITY,16622,JP,10520,9607,11990,Chrono24,8922,VERIFIED,C24 scrape,10,FULL_SET|A_EXCELLENT,kitamura,【中古】 【美品】 ロレックス(ROLEX) ヨットマスター ロレジウム シルバー 16622 ステンレス/プラチナ 【1年保証】,https://item.rakuten.co.jp/emedama/2449250051055/,https://www.chrono24.com/rolex/yacht-master-40-platinum-bezel-silver-dial-16622--id47752572.htm
12.2,BUY OPPORTUNITY,126509,JP,54782,50029,62404,Chrono24,50690,VERIFIED,C24 scrape,11,FULL_SET,rasin,PRICEDOWN ROLEX Cosmograph Daytona 126509 Black × Steel Random Number Used Men's,https://en.www.rasin.co.jp/SHOP/U-126509BKST-4.html,https://www.chrono24.com/rolex/2025-card-rolex-daytona-cosmograph-126509-blue-dial-18k-white-gold-watch--id47555004.htm
12.1,BUY OPPORTUNITY,226627,JP,24938,22774,28359,Chrono24,24586,VERIFIED,C24 scrape,12,UNKNOWN|AA_LIKE_NEW,commit,ロレックス ヨットマスター42 Ref.226627 RLXチタン ブラック文字盤 未使用 55z6jdfn,https://commit-watch.co.jp/products/55z6jdfn,https://www.chrono24.com/rolex/yacht-master-42-titanium--226627--id46237059.htm
12.1,BUY OPPORTUNITY,268655,JP,42612,38916,48454,Chrono24,22604,VERIFIED,C24 scrape n=1 THIN,1,FULL_SET,bettyroad,ロレックス ROLEX ヨットマスター 37 268655 中古 時計 ボーイズ,https://item.rakuten.co.jp/bettyroad/6273802/,https://www.chrono24.com/rolex/rolex-yacht-master-37--id45056726.htm
12.1,BUY OPPORTUNITY,217.30.42.21.01.003,JP,7841,7160,8919,Chrono24,8835,DERIVED,C24 scrape,8,FULL_SET,jackroad,オメガ OMEGA シーマスター プラネット オーシャン 600M 217.30.42.21.01.003 新品 時計 メンズ,https://item.rakuten.co.jp/jackroad/om1781/,https://www.chrono24.com/omega/omega-new-2026-seamaster-planet-ocean-600m-42mm-orange-bezel-21730422101003--id47561117.htm
12.0,BUY OPPORTUNITY,220.10.38.20.01.004,JP,6161,5627,7003,Chrono24 US,5191,VERIFIED,C24 research,8,FULL_SET,bettyroad,オメガ OMEGA シーマスター アクアテラ コーアクシャル マスター クロノメーター 220.10.38.20.01.004 新品 時計 男女兼用,https://item.rakuten.co.jp/bettyroad/om1644/,
11.9,BUY OPPORTUNITY,5726A-001,JP,89719,81935,101830,Chrono24,75590,DERIVED,C24 scrape n=1 THIN,1,UNKNOWN,commit,パテックフィリップ ノーチラス アニュアルカレンダー ムーンフェイズ Ref.5726A-001 ステンレススチール ブラック文字盤 美中古 puwb9nxz,https://commit-watch.co.jp/products/puwb9nxz,https://www.chrono24.com/patekphilippe/nautilus--id46810405.htm
11.9,BUY OPPORTUNITY,126622,JP,15895,14516,18035,Chrono24,13822,VERIFIED,C24 scrape,8,UNKNOWN|AA_LIKE_NEW,commit,ロレックス ヨットマスター40 Ref.126622 ステンレススチール/プラチナ スレート文字盤 未使用 fpiazhqb,https://commit-watch.co.jp/products/fpiazhqb,https://www.chrono24.com/rolex/rolex-2025-yacht-master-40mm-126622-stainless-steel-rhodium-dial--id46800314.htm
11.6,BUY OPPORTUNITY,116520,JP,23313,21290,26372,Chrono24,20460,DERIVED,C24 scrape,11,UNKNOWN,commit,ロレックス デイトナ Ref.116520 ステンレススチール ブラック文字盤 美中古 z237cinh,https://commit-watch.co.jp/products/z237cinh,https://www.chrono24.com/rolex/daytona--id47560800.htm
11.5,BUY OPPORTUNITY,126000,JP,11069,10109,12510,Chrono24,9396,VERIFIED,C24 scrape,8,FULL_SET,jackroad,ロレックス ROLEX オイスター パーペチュアル 36 126000 新品 時計 メンズ,https://item.rakuten.co.jp/jackroad/rx1736/,https://www.chrono24.com/rolex/rolex-unworn-126000-oyster-perpetual-36mm-med-blue-index-dial-oyster-bracelet-stainless-steel--id44319787.htm
11.4,BUY OPPORTUNITY,79680,JP,3874,3538,4373,Chrono24,3025,VERIFIED,C24 scrape,4,FULL_SET,jackroad,チューダー(チュードル) TUDOR ブラックベイ 41 79680-0003 新品 時計 メンズ,https://item.rakuten.co.jp/jackroad/tu622/,https://www.chrono24.com/tudor/2025--black-bay-41mm-stainless-steel-m79680-0001--id46775789.htm
11.3,BUY OPPORTUNITY,116518LN,JP,46626,42581,52560,Chrono24,40219,DERIVED,C24 scrape,6,UNKNOWN,commit,ロレックス デイトナ Ref.116518LN イエローゴールド ブラックxシャンパン文字盤 中古 9x98r6wz,https://commit-watch.co.jp/products/9x98r6wz,https://www.chrono24.com/rolex/daytona-paul-newman-yellow-gold-black-dial-red-hand-116518ln-oysterflex--id44772404.htm
11.3,BUY OPPORTUNITY,WGTA0059,JP,12553,11464,14157,Chrono24,10316,DERIVED,C24 only,,FULL_SET,bettyroad,カルティエ CARTIER タンク ルイ カルティエ MM WGTA0059 中古 時計 男女兼用,https://item.rakuten.co.jp/bettyroad/6200877/,
11.3,BUY OPPORTUNITY,278271,JP,16999,15524,19163,Chrono24 US,16165,VERIFIED,C24 research,,FULL_SET|A_EXCELLENT,jackroad,ロレックス ROLEX デイトジャスト 31 278271 中古 時計 ボーイズ,https://item.rakuten.co.jp/jackroad/6321671/,
11.2,BUY OPPORTUNITY,16622,JP,10648,9724,11990,Chrono24,8922,VERIFIED,C24 scrape,10,UNKNOWN,rasin,PRICEDOWN Rolex Yacht Master 16622 Silver Y Size Used Men&#39;s,https://en.www.rasin.co.jp/SHOP/U-16622SV-14.html,https://www.chrono24.com/rolex/yacht-master-40-platinum-bezel-silver-dial-16622--id47752572.htm
11.1,BUY OPPORTUNITY,18238,JP,22960,20968,25835,Chrono24,18999,DERIVED,C24 scrape,8,UNKNOWN,commit,ロレックス デイデイト36 Ref.18238 イエローゴールド シャンパンゴールド文字盤 中古 joaosyad,https://commit-watch.co.jp/products/joaosyad,https://www.chrono24.com/rolex/excellent-condition-1990-day-date-36-president-yellow-gold-factory-diamond-dial-18238--id47615569.htm
11.1,BUY OPPORTUNITY,126067,JP,39690,36246,44665,Chrono24,38197,VERIFIED,C24 only,,FULL_SET,rasin,Rolex Deepsea Challenge 126067 Black Random Edition Used Men&#39;s,https://en.www.rasin.co.jp/SHOP/U-126067.html,
11.1,BUY OPPORTUNITY,126234,JP,11162,10194,12559,Chrono24,12488,VERIFIED,C24 scrape,8,UNKNOWN,commit,ロレックス デイトジャスト36 Ref.126234 ステンレススチール/ホワイトゴールド ブライトブルー文字盤 オイスターブレスレット 中古 5hxno6vf,https://commit-watch.co.jp/products/5hxno6vf,https://www.chrono24.com/rolex/rolex-pre-owned-rolex-oyster-oysterseel-perpetual-datejust-silver-dial-36mm-watch-2021-126234--id44628162.htm
11.0,BUY OPPORTUNITY,127334,JP,25997,23742,29198,Chrono24,25565,VERIFIED,C24 scrape,9,UNKNOWN|AA_LIKE_NEW,commit,ロレックス ランドドゥエラー Ref.127334 ステンレススチール/ホワイトゴールド ホワイト文字盤 ジュビリーブレスレット 未使用 ydixaxch,https://commit-watch.co.jp/products/ydixaxch,https://www.chrono24.com/rolex/rolex-2026-land-dweller-40mm-127334-stainless-steel-jubilee-white-dial--id47204616.htm
11.0,BUY OPPORTUNITY,127334,JP,25997,23742,29198,Chrono24,25565,VERIFIED,C24 scrape,9,UNKNOWN|AA_LIKE_NEW,commit,ロレックス ランドドゥエラー Ref.127334 ステンレススチール/ホワイトゴールド ホワイト文字盤 ジュビリーブレスレット 未使用 dkxevzy4,https://commit-watch.co.jp/products/dkxevzy4,https://www.chrono24.com/rolex/rolex-2026-land-dweller-40mm-127334-stainless-steel-jubilee-white-dial--id47204616.htm
10.9,BUY OPPORTUNITY,311.30.40.30.01.001,JP,15895,14516,17847,Chrono24 US,15192,VERIFIED,C24 research,,UNKNOWN|AA_LIKE_NEW,commit,オメガ スピードマスター キャリバー321 クロノグラフ 39.7MM Ref.311.30.40.30.01.001 ステンレススチール ブラック文字盤 未使用 ovymyy7a,https://commit-watch.co.jp/products/ovymyy7a,
10.9,BUY OPPORTUNITY,278273,JP,20899,19086,23460,Chrono24,16607,VERIFIED,C24 scrape,2,FULL_SET,bettyroad,ロレックス ROLEX デイトジャスト 31 278273 新品 時計 ボーイズ,https://item.rakuten.co.jp/bettyroad/rx1362/,https://www.chrono24.com/rolex/rolex-unworn-datejust-31mm-278273-steel-and-yellow-gold-fluted-bezel-dark-grey-dial-jubilee-band--id26307220.htm
10.7,BUY OPPORTUNITY,114300,JP,8689,7935,9728,Chrono24,7190,DERIVED,C24 scrape,11,UNKNOWN,commit,ロレックス オイスターパーペチュアル39 Ref.114300 ステンレススチール スレートグレー文字盤 美中古 5dz3srnq,https://commit-watch.co.jp/products/5dz3srnq,https://www.chrono24.com/rolex/oyster-perpetual-39mm--id46396266.htm
10.7,BUY OPPORTUNITY,126509,JP,55745,50909,62404,Chrono24,50690,VERIFIED,C24 scrape,11,FULL_SET,rasin,PRICEDOWN ROLEX Cosmograph Daytona 126509 Black × Steel Random Number Used Men's,https://en.www.rasin.co.jp/SHOP/U-126509BKST-3.html,https://www.chrono24.com/rolex/2025-card-rolex-daytona-cosmograph-126509-blue-dial-18k-white-gold-watch--id47555004.htm
10.6,BUY OPPORTUNITY,215.30.40.20.03.001,JP,5324,4862,5957,Chrono24 US,4246,VERIFIED,C24 research,,FULL_SET,jackroad,オメガ OMEGA シーマスター 600 プラネットオーシャン コーアクシャル マスタークロノメーター 215.30.40.20.03.001 新品 時計 メンズ,https://item.rakuten.co.jp/jackroad/om740/,
10.4,BUY OPPORTUNITY,79830RB,JP,4072,3719,4544,Chrono24,3093,VERIFIED,C24 scrape n=1 THIN,1,FULL_SET,jackroad,チューダー(チュードル) TUDOR ヘリテージ ブラックベイ GMT 79830RB-0001 新品 時計 メンズ,https://item.rakuten.co.jp/jackroad/tu288/,https://www.chrono24.com/tudor/tudor-pre-owned-2025-black-bay-gmt-41mm-black-79830rb-0001--id44879481.htm
10.3,BUY OPPORTUNITY,114060,JP,11868,10839,13232,Chrono24,10721,VERIFIED,C24 scrape n=1 THIN,1,UNKNOWN,commit,ロレックス サブマリーナー ノンデイト Ref.114060 ステンレススチール ブラック文字盤 中古 hrkzw774,https://commit-watch.co.jp/products/hrkzw774,https://www.chrono24.com/rolex/submariner--id44719287.htm
10.2,BUY OPPORTUNITY,WSPN0012,JP,4818,4400,5364,Chrono24,3941,VERIFIED,C24 scrape n=1 THIN,1,FULL_SET,bettyroad,カルティエ CARTIER パンテール ドゥ カルティエ ミニ WSPN0012 新品 時計 レディース,https://item.rakuten.co.jp/bettyroad/ca1005/,https://www.chrono24.com/cartier/cartier-mini-panthere-de-cartier-watch-silver-dial-steel-ladies-watch-wspn0012--id46999024.htm
9.9,BUY OPPORTUNITY,126000,JP,11267,10289,12510,Chrono24,9396,VERIFIED,C24 scrape,8,FULL_SET,jackroad,ロレックス ROLEX オイスター パーペチュアル 36 126000 新品 時計 メンズ,https://item.rakuten.co.jp/jackroad/rx2086/,https://www.chrono24.com/rolex/rolex-unworn-126000-oyster-perpetual-36mm-med-blue-index-dial-oyster-bracelet-stainless-steel--id44319787.htm
9.7,BUY OPPORTUNITY,126713GRNR,JP,24510,22383,27156,Chrono24,20226,DERIVED,C24 scrape,8,FULL_SET,jackroad,ロレックス ROLEX GMTマスターII 126713GRNR 中古 時計 メンズ,https://item.rakuten.co.jp/jackroad/6416469/,https://www.chrono24.com/rolex/rolex-june-2026-gmt-master-ii-zombie-bumblebee-126713grnr-two-tone-jubilee--id45056897.htm
9.6,BUY OPPORTUNITY,278271,JP,17327,15824,19163,Chrono24 US,16165,VERIFIED,C24 research,,FULL_SET,rasin,PRICEDOWN Rolex Datejust 31 278271 White Roman 5 rows Jubilee bracelet Random number Used ,https://en.www.rasin.co.jp/SHOP/U-278271WHR.html,
9.6,BUY OPPORTUNITY,126000,JP,11315,10333,12510,Chrono24,9396,VERIFIED,C24 scrape,8,FULL_SET|A_EXCELLENT,kitamura,【中古】 【美品】 ロレックス(ROLEX) オイスターパーペチュアル 36 キャンディピンク 126000 ステンレス OB 【1年保証】,https://item.rakuten.co.jp/emedama/2245460008427/,https://www.chrono24.com/rolex/rolex-unworn-126000-oyster-perpetual-36mm-med-blue-index-dial-oyster-bracelet-stainless-steel--id44319787.htm
9.6,BUY OPPORTUNITY,134300,JP,10597,9677,11716,Chrono24,10206,VERIFIED,C24 scrape,9,FULL_SET,rasin,Rolex Oyster Perpetual 41 134300 Silver Random Number Used Men&#39;s,https://en.www.rasin.co.jp/SHOP/U-134300SV-2.html,https://www.chrono24.com/rolex/rolex-oyster-perpetual--41mm--id47541739.htm
9.5,BUY OPPORTUNITY,116520,JP,23878,21806,26372,Chrono24,20460,DERIVED,C24 scrape,11,UNKNOWN,commit,ロレックス デイトナ Ref.116520 ステンレススチール ブラック文字盤 中古 i67gpfx4,https://commit-watch.co.jp/products/i67gpfx4,https://www.chrono24.com/rolex/daytona--id47560800.htm
9.5,BUY OPPORTUNITY,116520,JP,23878,21806,26372,Chrono24,20460,DERIVED,C24 scrape,11,UNKNOWN,commit,ロレックス デイトナ Ref.116520 ステンレススチール ブラック文字盤 中古 pp25b3qb,https://commit-watch.co.jp/products/pp25b3qb,https://www.chrono24.com/rolex/daytona--id47560800.htm
9.5,BUY OPPORTUNITY,116520,JP,23878,21806,26372,Chrono24,20460,DERIVED,C24 scrape,11,UNKNOWN,commit,ロレックス デイトナ Ref.116520 ステンレススチール ブラック文字盤 美中古 je48h6w8,https://commit-watch.co.jp/products/je48h6w8,https://www.chrono24.com/rolex/daytona--id47560800.htm
9.5,BUY OPPORTUNITY,116520,JP,23878,21806,26372,Chrono24,20460,DERIVED,C24 scrape,11,UNKNOWN,commit,ロレックス デイトナ Ref.116520 ステンレススチール ブラック文字盤 中古 v72etpmp,https://commit-watch.co.jp/products/v72etpmp,https://www.chrono24.com/rolex/daytona--id47560800.htm
9.5,BUY OPPORTUNITY,116520,JP,23878,21806,26372,Chrono24,20460,DERIVED,C24 scrape,11,UNKNOWN,commit,ロレックス デイトナ Ref.116520 ステンレススチール ブラック文字盤 中古 cqs82d2i,https://commit-watch.co.jp/products/cqs82d2i,https://www.chrono24.com/rolex/daytona--id47560800.htm
9.5,BUY OPPORTUNITY,226627,JP,25676,23449,28359,Chrono24,24586,VERIFIED,C24 scrape,12,FULL_SET,rasin,PRICEDOWN Rolex Yacht Master 42 226627 Black Random Number Used Men&#39;s,https://en.www.rasin.co.jp/SHOP/U-226627-2.html,https://www.chrono24.com/rolex/yacht-master-42-titanium--226627--id46237059.htm
9.5,BUY OPPORTUNITY,126231,JP,18548,16938,20505,Chrono24,16263,VERIFIED,C24 scrape n=1 THIN,1,FULL_SET,rasin,ROLEX Datejust 36 126231 Slate (Gray) Bar 5-row Jubilee bracelet Bracelet Random Serial Nu,https://en.www.rasin.co.jp/SHOP/U-126231GRB-2.html,https://www.chrono24.com/rolex/datejust-36--id47562193.htm
9.5,BUY OPPORTUNITY,116520,JP,23878,21806,26372,Chrono24,20460,DERIVED,C24 scrape,11,UNKNOWN,commit,ロレックス デイトナ Ref.116520 ステンレススチール ブラック文字盤 中古 zzsitkfb,https://commit-watch.co.jp/products/zzsitkfb,https://www.chrono24.com/rolex/daytona--id47560800.htm
9.4,BUY OPPORTUNITY,226570,JP,11496,10499,12695,Chrono24,10932,VERIFIED,C24 scrape n=1 THIN,1,FULL_SET,rasin,PRICEDOWN ROLEX Explorer II 226570 Black Random Number Used Men&#39;s,https://en.www.rasin.co.jp/SHOP/U-226570BK-8.html,https://www.chrono24.com/rolex/like-new-2022-explorer-ii-black-dial-226570--id47663583.htm
9.4,BUY OPPORTUNITY,214270,JP,8533,7792,9415,Chrono24,7506,VERIFIED,C24 scrape,6,FULL_SET|AB_GOOD,kitamura,【中古】 【良品】 ロレックス(ROLEX) エクスプローラーI ブラック 214270 ステンレス ブラックアウト 【1年保証】,https://item.rakuten.co.jp/emedama/2245460009035/,https://www.chrono24.com/rolex/rolex-explorer--id47558762.htm
9.3,BUY OPPORTUNITY,SBGE277,JP,4492,4102,4952,Chrono24 US,4334,VERIFIED,C24 research,,FULL_SET|AB_GOOD,kitamura,【中古】 【良品】 グランドセイコー スプリングドライブ GMT ブラック SBGE277/9R66-0BK0 ステンレススティール 【1年保証】,https://item.rakuten.co.jp/emedama/2445540037808/,
9.2,BUY OPPORTUNITY,310.30.42.50.01.002,JP,6876,6280,7576,Chrono24,6493,VERIFIED,C24 scrape n=1 THIN,1,FULL_SET|AB_GOOD,kitamura,【中古】 【良品】 オメガ(OMEGA) スピードマスター プロフェッショナル ブラック 310.30.42.50.01.002 ステンレススティール 【1年保証】,https://item.rakuten.co.jp/emedama/2447910082265/,https://www.chrono24.com/omega/speedmaster-professional-moonwatch--id47068122.htm
9.2,BUY OPPORTUNITY,16520,JP,28823,26323,31755,Chrono24 US,28092,VERIFIED,C24 research VARIANT RISK,,UNKNOWN,commit,ロレックス デイトナ エルプリメロ Ref.16520 ステンレススチール ブラック文字盤 中古 3jzt4ocz,https://commit-watch.co.jp/products/3jzt4ocz,
9.1,BUY OPPORTUNITY,210.30.42.20.04.001,JP,5324,4862,5858,Chrono24,4422,VERIFIED,C24 scrape,7,FULL_SET,jackroad,オメガ OMEGA シーマスター ダイバー300M コーアクシャル マスター クロノメーター 210.30.42.20.04.001 新品 時計 メンズ,https://item.rakuten.co.jp/jackroad/om1117/,https://www.chrono24.com/omega/seamaster-diver-300-m--id47541721.htm
9.1,BUY OPPORTUNITY,26420CD,JP,65700,60000,72269,Chrono24,55439,DERIVED,C24 scrape n=1 THIN,1,UNKNOWN|AA_LIKE_NEW,commit,オーデマピゲ ロイヤルオーク オフショア クロノグラフ Ref.26420CD.OO.A029VE.01 “ナイトブルー”セラミック ベージュ文字盤 未使用 vuyemrqi,https://commit-watch.co.jp/products/vuyemrqi,https://www.chrono24.com/audemarspiguet/audemars-piguet-royal-oak-offshore--id47681474.htm
9.0,BUY OPPORTUNITY,116710LN,JP,12956,11832,14234,Chrono24,11538,DERIVED,C24 scrape,13,UNKNOWN|AB_GOOD,kitamura,【中古】 【良品】 ロレックス(ROLEX) GMTマスターII ブラック 116710LN ステンレス 【1年保証】,https://item.rakuten.co.jp/emedama/2403281143042/,https://www.chrono24.com/rolex/gmt-master-ii--id47700406.htm
8.9,BUY OPPORTUNITY,26393BC,JP,25644,23419,28142,Chrono24,25738,VERIFIED,C24 only,,UNKNOWN,commit,オーデマピゲ CODE 11.59 バイ オーデマ ピゲ クロノグラフ Ref.26393BC.OO.A321CR.01 ホワイトゴールド ブルーラッカー文字盤 中古 hhd9ao,https://commit-watch.co.jp/products/hhd9aotg,
8.9,BUY OPPORTUNITY,116503,JP,22350,20411,24528,Chrono24,20119,VERIFIED,C24 scrape,10,FULL_SET,rasin,PRICEDOWN ROLEX Cosmograph Daytona 116503 Champagne Random Number Used Men's,https://en.www.rasin.co.jp/SHOP/U-116503CH-6.html,https://www.chrono24.com/rolex/daytona-black-dial-116503-two-tone-yellow-gold-oyster--id34877293.htm
8.9,BUY OPPORTUNITY,28603,JP,4138,3779,4544,US AD retail,2814,VERIFIED,C24 research,,FULL_SET,jackroad,チューダー(チュードル) TUDOR ロイヤル 28603-0008 新品 時計 メンズ,https://item.rakuten.co.jp/jackroad/tu771/,
8.9,BUY OPPORTUNITY,28603,JP,4138,3779,4544,US AD retail,2814,VERIFIED,C24 research,,FULL_SET,jackroad,チューダー(チュードル) TUDOR ロイヤル 28603-0002 新品 時計 メンズ,https://item.rakuten.co.jp/jackroad/tu502/,
8.9,BUY OPPORTUNITY,79830RB,JP,4138,3779,4544,Chrono24,3093,VERIFIED,C24 scrape n=1 THIN,1,FULL_SET,jackroad,チューダー(チュードル) TUDOR ヘリテージ ブラックベイ GMT 79830RB-0010 新品 時計 メンズ,https://item.rakuten.co.jp/jackroad/tu593/,https://www.chrono24.com/tudor/tudor-pre-owned-2025-black-bay-gmt-41mm-black-79830rb-0001--id44879481.htm
8.7,BUY OPPORTUNITY,15510OR,JP,98903,90323,108296,Chrono24,64860,VERIFIED,C24 scrape,6,UNKNOWN|A_EXCELLENT,commit,オーデマピゲ ロイヤルオーク Ref.15510OR.OO.D002CR.02 ピンクゴールド ブラック文字盤 美品 c7ozrg2w,https://commit-watch.co.jp/products/c7ozrg2w,https://www.chrono24.com/audemarspiguet/royal-oak--id44577280.htm
8.7,BUY OPPORTUNITY,336238,JP,40974,37419,44894,Chrono24,45272,VERIFIED,LOW,,FULL_SET,rasin,Rolex Sky-Dweller 336238 White Random Number Used Men&#39;s,https://en.www.rasin.co.jp/SHOP/U-336238WH.html,
8.7,BUY OPPORTUNITY,310.32.42.50.02.001,JP,15895,14516,17409,Chrono24,15051,VERIFIED,C24 scrape,7,UNKNOWN|AA_LIKE_NEW,commit,オメガ スピードマスター 記念モデル コーアクシャル マスター クロノメーター クロノグラフ 42MM Ref.310.32.42.50.02.001 ステンレススチール シルバー,https://commit-watch.co.jp/products/4uqmau4z,https://www.chrono24.com/omega/speedmaster-silver-snoopy-award-31032425002001-steel-42mm--id47735483.htm
8.6,BUY OPPORTUNITY,278271,JP,17506,15988,19163,Chrono24 US,16165,VERIFIED,C24 research,,FULL_SET|A_EXCELLENT,bettyroad,ロレックス ROLEX デイトジャスト 31 278271 中古 時計 ボーイズ,https://item.rakuten.co.jp/bettyroad/6321671/,
8.4,BUY OPPORTUNITY,116900,JP,7276,6645,7939,Chrono24,6982,VERIFIED,C24 scrape n=1 THIN,1,UNKNOWN,commit,ロレックス エアキング Ref.116900 ステンレススチール ブラック文字盤 オイスターブレスレット 美中古 7dz3emo6,https://commit-watch.co.jp/products/7dz3emo6,https://www.chrono24.com/rolex/air-king--id46582098.htm
8.4,BUY OPPORTUNITY,126506,JP,129987,118710,141945,Chrono24,117275,VERIFIED,C24 scrape,6,UNKNOWN|AA_LIKE_NEW,commit,ロレックス デイトナ Ref.126506 プラチナ アイスブルー文字盤 未使用 px77aju2,https://commit-watch.co.jp/products/px77aju2,https://www.chrono24.com/rolex/rolex-new-2026-rolex-daytona-40mm-126506-platinum-ice-blue-dial-stickered--id47543425.htm
8.4,BUY OPPORTUNITY,15500ST,JP,43659,39871,47664,Chrono24,41258,VERIFIED,C24 scrape,11,UNKNOWN|A_EXCELLENT,commit,オーデマピゲ ロイヤルオーク Ref.15500ST.OO.1220ST.03 ステンレススチール ブラック文字盤 美品 o6ifkyo8,https://commit-watch.co.jp/products/o6ifkyo8,https://www.chrono24.com/audemarspiguet/audemars-piguet-royal-oak--id47373925.htm
8.3,BUY OPPORTUNITY,126713GRNR,JP,24905,22744,27156,Chrono24,20226,DERIVED,C24 scrape,8,FULL_SET,jackroad,ロレックス ROLEX GMTマスターII 126713GRNR 中古 時計 メンズ,https://item.rakuten.co.jp/jackroad/6205469/,https://www.chrono24.com/rolex/rolex-june-2026-gmt-master-ii-zombie-bumblebee-126713grnr-two-tone-jubilee--id45056897.htm
8.1,BUY OPPORTUNITY,116520,JP,24231,22129,26372,Chrono24,20460,DERIVED,C24 scrape,11,UNKNOWN,commit,ロレックス デイトナ Ref.116520 ステンレススチール ブラック文字盤 美中古 t6junhez,https://commit-watch.co.jp/products/t6junhez,https://www.chrono24.com/rolex/daytona--id47560800.htm
8.1,BUY OPPORTUNITY,114270,JP,7630,6968,8304,Chrono24,6422,VERIFIED,C24 scrape,8,UNKNOWN,commit,ロレックス エクスプローラーI Ref.114270 ステンレススチール ブラック文字盤 オイスターブレスレット 美中古 xp7m2uox,https://commit-watch.co.jp/products/xp7m2uox,https://www.chrono24.com/rolex/explorer--id47560875.htm
7.9,BUY OPPORTUNITY,26231ST,JP,35316,32252,38325,Chrono24 US,32177,VERIFIED,C24 research VARIANT RISK,6,UNKNOWN,kamekichi,ロイヤルオーク オフショア クロノグラフ,https://www.kame-kichi.com/items/46190,
7.8,BUY OPPORTUNITY,126518LN,JP,52791,48211,57241,Chrono24,59042,DERIVED,C24 scrape,20,FULL_SET,rasin,PRICEDOWN Rolex Cosmograph Daytona 126518LN Black × Gold Random Serial Used Men's,https://en.www.rasin.co.jp/SHOP/U-126518LNBKGD3.html,https://www.chrono24.com/rolex/rolex-2025-daytona-40mm-126518ln-yellow-gold-oysterflex-champagne-dial--id47596590.htm
7.7,BUY OPPORTUNITY,15510ST,JP,45919,41935,49751,Chrono24,46408,VERIFIED,C24 scrape,22,UNKNOWN,commit,オーデマピゲ ロイヤルオーク Ref.15510ST.OO.1320ST.08 ステンレススチール シルバー文字盤 美中古 a8c2ourv,https://commit-watch.co.jp/products/a8c2ourv,https://www.chrono24.com/audemarspiguet/audemars-piguet-2024-royal-oak-41mm-15510st-stainless-steel-blue-dial--id47560620.htm
7.7,BUY OPPORTUNITY,IW328903,JP,10102,9226,10945,Chrono24,8333,DERIVED,C24 scrape,8,UNKNOWN,commit,IWC インヂュニア オートマティック 40 Ref.IW328903 ステンレススチール グリーン文字盤 中古 tvs7ec55,https://commit-watch.co.jp/products/tvs7ec55,https://www.chrono24.com/iwc/2024-iwc-ingenieur-automatic-iw328903-40mm-aqua-blue-dial-steel-box-paper--id47169723.htm
7.6,BUY OPPORTUNITY,116520,JP,24373,22258,26372,Chrono24,20460,DERIVED,C24 scrape,11,UNKNOWN|A_EXCELLENT,commit,ロレックス デイトナ Ref.116520 ステンレススチール ブラック文字盤 美品 bysrqrav,https://commit-watch.co.jp/products/bysrqrav,https://www.chrono24.com/rolex/daytona--id47560800.htm
7.1,BUY OPPORTUNITY,126713GRNR,JP,25227,23038,27156,Chrono24,20226,DERIVED,C24 scrape,8,FULL_SET|AA_LIKE_NEW,kitamura,【中古】 【新品同様】 ロレックス(ROLEX) GMTマスターII ブラック 126713GRNR ステンレス/イエローゴールド JB 【1年保証】,https://item.rakuten.co.jp/emedama/2449020105919/,https://www.chrono24.com/rolex/rolex-june-2026-gmt-master-ii-zombie-bumblebee-126713grnr-two-tone-jubilee--id45056897.htm
7.0,BUY OPPORTUNITY,116000,JP,7418,6774,7976,Chrono24,6430,DERIVED,C24 scrape,24,UNKNOWN,commit,ロレックス オイスターパーペチュアル36 Ref.116000 ステンレススチール ブラックコンセントリック文字盤 中古 ycrm5u9v,https://commit-watch.co.jp/products/ycrm5u9v,https://www.chrono24.com/rolex/oyster-perpetual-36--id47702102.htm
7.0,BUY OPPORTUNITY,126233,JP,18975,17329,20394,Chrono24,15217,VERIFIED,C24 scrape,6,FULL_SET,jackroad,ロレックス ROLEX デイトジャスト 36 126233 新品 時計 メンズ,https://item.rakuten.co.jp/jackroad/rx2224/,https://www.chrono24.com/rolex/rolex-datejust-36mm-126233-jubilee-steel-and-yellow-gold-fluted-bezel-champagne-index-dial--id21201440.htm
7.0,BUY OPPORTUNITY,16520,JP,29530,26968,31755,Chrono24 US,28092,VERIFIED,C24 research VARIANT RISK,,UNKNOWN,commit,ロレックス デイトナ エルプリメロ Ref.16520 ステンレススチール ホワイト文字盤 中古 axkyeaiq,https://commit-watch.co.jp/products/axkyeaiq,
7.0,BUY OPPORTUNITY,114060,JP,12309,11241,13232,Chrono24,10721,VERIFIED,C24 scrape n=1 THIN,1,PAPERS_ONLY|AB_GOOD,kitamura,【中古】 【良品】 ロレックス(ROLEX) サブマリーナー ブラック 114060 ステンレス 【1年保証】,https://item.rakuten.co.jp/emedama/2245460009974/,https://www.chrono24.com/rolex/submariner--id44719287.htm
7.0,BUY OPPORTUNITY,IW338903,JP,17308,15806,18615,Chrono24,14792,DERIVED,C24 scrape n=1 THIN,1,UNKNOWN|AA_LIKE_NEW,commit,IWC インヂュニア オートマティック 42 Ref.IW338903 ブラックセラミック ブラック文字盤 未使用 tymfbrtn,https://commit-watch.co.jp/products/tymfbrtn,https://www.chrono24.com/iwc/iwc-ingenieur-automatic--42--id47285016.htm
6.9,BUY OPPORTUNITY,310.30.42.50.01.004,JP,10189,9305,10945,Chrono24,9567,VERIFIED,C24 scrape,8,FULL_SET|AA_LIKE_NEW,kitamura,【中古】 【新品同様】 オメガ(OMEGA) スピードマスター ムーンウォッチ プロフェッショナル ブラック 310.30.42.50.01.004 ステンレススティール 【1年保,https://item.rakuten.co.jp/emedama/2245460007925/,https://www.chrono24.com/omega/omega-new-2026-moonwatch-reverse-panda-dial-31030425001004--id47515263.htm
6.7,BUY OPPORTUNITY,16710,JP,11625,10617,12465,Chrono24,13051,VERIFIED,C24 hand read n=1 THIN,1,UNKNOWN|B_AVERAGE,kitamura,【中古】 【並品】 ロレックス(ROLEX) GMTマスターII ブラック 16710 ステンレス ブラックベゼル ダブルバッグル トリチウム 【1年保証】,https://item.rakuten.co.jp/emedama/2449800087244/,
6.7,BUY OPPORTUNITY,124300,JP,9749,8903,10446,Chrono24,8068,DERIVED,C24 scrape,10,UNKNOWN,commit,ロレックス オイスターパーペチュアル41 Ref.124300 ステンレススチール グリーン文字盤 中古 5bakgybx,https://commit-watch.co.jp/products/5bakgybx,https://www.chrono24.com/rolex/2023-oyster-perpetual-41mm-124300-black-dial--id46137621.htm
6.7,BUY OPPORTUNITY,116710LN,JP,13281,12129,14234,Chrono24,11538,DERIVED,C24 scrape,13,UNKNOWN,commit,ロレックス GMTマスターII Ref.116710LN ステンレススチール ブラック文字盤 オイスターブレスレット 美中古 2pyqpsfw,https://commit-watch.co.jp/products/2pyqpsfw,https://www.chrono24.com/rolex/gmt-master-ii--id47700406.htm
6.6,BUY OPPORTUNITY,336238,JP,41938,38299,44894,Chrono24,45272,VERIFIED,LOW,,FULL_SET,rasin,PRICEDOWN Rolex Sky-Dweller 336238 Black Random Size Used Men&#39;s,https://en.www.rasin.co.jp/SHOP/U-336238BK-3.html,
6.6,BUY OPPORTUNITY,126000,JP,11689,10674,12510,Chrono24,9396,VERIFIED,C24 scrape,8,FULL_SET,rasin,ROLEX Oyster Perpetual 36 126000 Pistachio Random Serial Number Used Men's Watch,https://en.www.rasin.co.jp/SHOP/U-126000PC.html,https://www.chrono24.com/rolex/rolex-unworn-126000-oyster-perpetual-36mm-med-blue-index-dial-oyster-bracelet-stainless-steel--id44319787.htm
6.6,BUY OPPORTUNITY,310.30.42.50.01.001,JP,7009,6401,7501,Chrono24,5627,VERIFIED,C24 scrape,18,FULL_SET|AA_LIKE_NEW,kitamura,【中古】 【新品同様】 オメガ(OMEGA) スピードマスター プロフェッショナル ブラック 310.30.42.50.01.001 ステンレススティール 【1年保証】,https://item.rakuten.co.jp/emedama/2443801751678/,https://www.chrono24.com/omega/unworn-2026-speedmaster-professional-moonwatch-42mm-hesalite-black-31030425001001--id43399029.htm
6.5,BUY OPPORTUNITY,126334,JP,12363,11290,13222,Chrono24,14527,VERIFIED,C24 scrape,48,UNKNOWN,commit,ロレックス デイトジャスト41 Ref.126334 ステンレススチール/ホワイトゴールド ブラック文字盤 オイスターブレスレット 美中古 gygct6mg,https://commit-watch.co.jp/products/gygct6mg,https://www.chrono24.com/rolex/rolex-126334-datejust-41-silver-index-dial-on-oyster-2021--id46657048.htm
6.4,BUY OPPORTUNITY,126233,JP,19094,17437,20394,Chrono24,15217,VERIFIED,C24 scrape,6,FULL_SET,jackroad,ロレックス ROLEX デイトジャスト 36 126233 新品 時計 メンズ,https://item.rakuten.co.jp/jackroad/rx1448/,https://www.chrono24.com/rolex/rolex-datejust-36mm-126233-jubilee-steel-and-yellow-gold-fluted-bezel-champagne-index-dial--id21201440.htm
6.4,BUY OPPORTUNITY,126233,JP,19094,17437,20394,Chrono24,15217,VERIFIED,C24 scrape,6,FULL_SET,jackroad,ロレックス ROLEX デイトジャスト 36 126233 新品 時計 メンズ,https://item.rakuten.co.jp/jackroad/rx1728/,https://www.chrono24.com/rolex/rolex-datejust-36mm-126233-jubilee-steel-and-yellow-gold-fluted-bezel-champagne-index-dial--id21201440.htm
6.3,BUY OPPORTUNITY,277200,JP,8763,8003,9351,Chrono24,8779,VERIFIED,C24 scrape n=1 THIN,1,FULL_SET|A_EXCELLENT,jackroad,ロレックス ROLEX オイスター パーペチュアル 277200 中古 時計 レディース,https://item.rakuten.co.jp/jackroad/6422071/,https://www.chrono24.com/rolex/new-2026-oyster-perpetual-31mm-277200-med-blue-dial--id44496177.htm
6.3,BUY OPPORTUNITY,126300,JP,10255,9365,10950,Chrono24,9982,VERIFIED,C24 scrape,7,PAPERS_ONLY|AB_GOOD,kitamura,【中古】 【良品】 ロレックス(ROLEX) デイトジャスト 41 ダークロジウム [グレー系] 126300 ステンレス OB 【1年保証】,https://item.rakuten.co.jp/emedama/2403281143097/,https://www.chrono24.com/rolex/rolex-datejust-41-white-roman-dial-stainless-steel-41mm-126300----id46780791.htm
6.0,BUY OPPORTUNITY,114060,JP,12441,11362,13232,Chrono24,10721,VERIFIED,C24 scrape n=1 THIN,1,FULL_SET|A_EXCELLENT,kitamura,【中古】 【美品】 ロレックス(ROLEX) サブマリーナー ブラック 114060 ステンレス 【1年保証】,https://item.rakuten.co.jp/emedama/2245460009967/,https://www.chrono24.com/rolex/submariner--id44719287.htm
5.9,BUY OPPORTUNITY,214270,JP,8863,8094,9415,Chrono24,7506,VERIFIED,C24 scrape,6,FULL_SET,rasin,ROLEX Explorer I (Early Model) Blackout 214270 Black Random Serial Number Used Men's Watch,https://en.www.rasin.co.jp/SHOP/U-214270BK-8.html,https://www.chrono24.com/rolex/rolex-explorer--id47558762.htm
5.9,BUY OPPORTUNITY,336238,JP,42259,38592,44894,Chrono24,45272,VERIFIED,LOW,,FULL_SET,rasin,PRICEDOWN Rolex Sky-Dweller 336238 Black Random Size Used Men&#39;s,https://en.www.rasin.co.jp/SHOP/U-336238BK-2.html,
5.8,BUY OPPORTUNITY,136660,JP,13302,12148,14124,Chrono24,14299,VERIFIED,C24 hand read n=1 THIN,1,FULL_SET|A_EXCELLENT,kitamura,【中古】 【美品】 ロレックス(ROLEX) シードゥエラー ディープシー ブラック 136660 ステンレス 【1年保証】,https://item.rakuten.co.jp/emedama/2245460006485/,
5.8,BUY OPPORTUNITY,136660,JP,13302,12148,14124,Chrono24,14299,VERIFIED,C24 hand read n=1 THIN,1,FULL_SET|A_EXCELLENT,kitamura,【中古】 【美品】 ロレックス(ROLEX) シードゥエラー ディープシー ブラック 136660 ステンレス 【1年保証】,https://item.rakuten.co.jp/emedama/2448550129518/,
5.8,BUY OPPORTUNITY,136660,JP,13302,12148,14124,Chrono24,14299,VERIFIED,C24 hand read n=1 THIN,1,FULL_SET|A_EXCELLENT,kitamura,【中古】 【美品】 ロレックス(ROLEX) シードゥエラー ディープシー ブラック 136660 ステンレス 【1年保証】,https://item.rakuten.co.jp/emedama/2245460006041/,
5.7,BUY OPPORTUNITY,214270,JP,8882,8111,9415,Chrono24,7506,VERIFIED,C24 scrape,6,FULL_SET,rasin,ROLEX Explorer I (Early Model) Blackout 214270 Black G-serial Used Men's Watch,https://en.www.rasin.co.jp/SHOP/U-214270BK-16.html,https://www.chrono24.com/rolex/rolex-explorer--id47558762.htm
5.7,BUY OPPORTUNITY,1675,JP,13988,12774,14837,Chrono24,18002,DERIVED,PARTIAL,,UNKNOWN,commit,ロレックス GMTマスター Ref.1675 ステンレススチール ブラック文字盤 オイスターブレスレット 中古 38fdfiw7,https://commit-watch.co.jp/products/38fdfiw7,
5.6,BUY OPPORTUNITY,277200,JP,8829,8063,9351,Chrono24,8779,VERIFIED,C24 scrape n=1 THIN,1,FULL_SET,jackroad,ロレックス ROLEX オイスター パーペチュアル 277200 新品 時計 レディース,https://item.rakuten.co.jp/jackroad/rx1858/,https://www.chrono24.com/rolex/new-2026-oyster-perpetual-31mm-277200-med-blue-dial--id44496177.htm
5.6,BUY OPPORTUNITY,16610LV,JP,15606,14252,16534,Chrono24,13708,VERIFIED,C24 only,,FULL_SET,rasin,PRICEDOWN Rolex Submariner Date 16610LV Black Z Size Used Men&#39;s,https://en.www.rasin.co.jp/SHOP/U-16610LV-10.html,
5.6,BUY OPPORTUNITY,SBGR317,JP,3365,3073,3564,Chrono24,3300,VERIFIED,C24 scrape n=1 THIN,1,FULL_SET|AB_GOOD,kitamura,【中古】 【良品】 グランドセイコー メカニカル ブラック SBGR317/9S65-00T0 ステンレススティール 【1年保証】,https://item.rakuten.co.jp/emedama/2448020089816/,https://www.chrono24.com/grandseiko/heritage-collection-black-dial-stainless-steel-sbgr317--id47538052.htm
5.5,BUY OPPORTUNITY,214270,JP,8895,8123,9415,Chrono24,7506,VERIFIED,C24 scrape,6,FULL_SET,rasin,ROLEX Explorer I (Early Model) Blackout 214270 Black G-serial Used Men's Watch,https://en.www.rasin.co.jp/SHOP/U-214270BK-5.html,https://www.chrono24.com/rolex/rolex-explorer--id47558762.htm
5.5,BUY OPPORTUNITY,116508,JP,79508,72610,84096,Chrono24,61334,VERIFIED,C24 scrape n=1 THIN,1,FULL_SET,rasin,ROLEX Cosmograph Daytona 116508 Green Random Number Used Men's,https://en.www.rasin.co.jp/SHOP/U-116508GL-4.html,https://www.chrono24.com/rolex/daytona-john-mayer-green-dial-18k-yellow-gold-116508--id31868020.htm
5.5,BUY OPPORTUNITY,116508,JP,79444,72551,84096,Chrono24,61334,VERIFIED,C24 scrape n=1 THIN,1,FULL_SET,rasin,ROLEX Cosmograph Daytona 116508 Green Random Number Used Men's,https://en.www.rasin.co.jp/SHOP/U-116508GL-5.html,https://www.chrono24.com/rolex/daytona-john-mayer-green-dial-18k-yellow-gold-116508--id31868020.htm
5.4,BUY OPPORTUNITY,126621,JP,18226,16645,19265,Chrono24,15659,VERIFIED,C24 scrape n=1 THIN,1,UNKNOWN|A_EXCELLENT,commit,ロレックス ヨットマスター40 Ref.126621 ステンレススチール/エバーローズゴールド チョコレート文字盤 美品 6ni3ni2v,https://commit-watch.co.jp/products/6ni3ni2v,https://www.chrono24.com/rolex/like-new-2023-yacht-master-40-2-tone-chocolate-dial-126621--id47701258.htm
5.4,BUY OPPORTUNITY,126506,JP,134226,122581,141945,Chrono24,117275,VERIFIED,C24 scrape,6,UNKNOWN|AA_LIKE_NEW,commit,ロレックス デイトナ Ref.126506 プラチナ アイスブルー文字盤 未使用 bztae7pb,https://commit-watch.co.jp/products/bztae7pb,https://www.chrono24.com/rolex/rolex-new-2026-rolex-daytona-40mm-126506-platinum-ice-blue-dial-stickered--id47543425.htm
5.3,BUY OPPORTUNITY,124200,JP,9328,8518,9855,Chrono24,7906,VERIFIED,C24 scrape n=1 THIN,1,FULL_SET|AB_GOOD,kitamura,【中古】 【良品】 ロレックス(ROLEX) オイスターパーペチュアル 34 124200 オイスターブレス ラベンダー パープル系 【1年保証】,https://item.rakuten.co.jp/emedama/2245460009011/,https://www.chrono24.com/rolex/oyster-perpetual-34--id47561565.htm
5.3,BUY OPPORTUNITY,336934,JP,23955,21877,25288,Chrono24,23587,VERIFIED,C24 scrape,35,FULL_SET,rasin,ROLEX Sky-Dweller 336934 White 5-row Jubilee bracelet Bracelet Random Serial Number Used M,https://en.www.rasin.co.jp/SHOP/U-336934WHJ-2.html,https://www.chrono24.com/rolex/like-new-2025-sky-dweller-steel-jubilee-black-dial-336934--id47597729.htm
5.3,BUY OPPORTUNITY,279171,JP,14001,12786,14781,Chrono24,14475,VERIFIED,C24 only,,FULL_SET,rasin,PRICEDOWN Rolex Datejust 279171 White Roma 5-row Jubilee bracelet Random Number Used Ladie,https://en.www.rasin.co.jp/SHOP/U-279171WHR-3.html,
5.3,BUY OPPORTUNITY,214270,JP,8914,8141,9415,Chrono24,7506,VERIFIED,C24 scrape,6,FULL_SET,rasin,ROLEX Explorer I (Early Model) Blackout 214270 Black Random Serial Number Used Men's Watch,https://en.www.rasin.co.jp/SHOP/U-214270BK-6.html,https://www.chrono24.com/rolex/rolex-explorer--id47558762.htm
5.1,BUY OPPORTUNITY,15510ST,JP,47191,43097,49751,Chrono24,46408,VERIFIED,C24 scrape,22,UNKNOWN,commit,オーデマピゲ ロイヤルオーク Ref.15510ST.OO.1320ST.08 ステンレススチール シルバー文字盤 美中古 vntwqy49,https://commit-watch.co.jp/products/vntwqy49,https://www.chrono24.com/audemarspiguet/audemars-piguet-2024-royal-oak-41mm-15510st-stainless-steel-blue-dial--id47560620.htm
5.1,BUY OPPORTUNITY,124200,JP,9356,8544,9855,Chrono24,7906,VERIFIED,C24 scrape n=1 THIN,1,FULL_SET,jackroad,ロレックス ROLEX オイスター パーペチュアル 34 124200 中古 時計 男女兼用,https://item.rakuten.co.jp/jackroad/6330475/,https://www.chrono24.com/rolex/oyster-perpetual-34--id47561565.htm
5.1,BUY OPPORTUNITY,310.60.42.50.01.002,JP,41509,37907,43745,Chrono24,45849,DERIVED,C24 only,,FULL_SET,jackroad,オメガ OMEGA スピードマスター ムーンウォッチ プロフェッショナル 310.60.42.50.01.002 中古 時計 メンズ,https://item.rakuten.co.jp/jackroad/6398383/,
5.1,BUY OPPORTUNITY,226570,JP,12044,10999,12695,Chrono24,10932,VERIFIED,C24 scrape n=1 THIN,1,FULL_SET|A_EXCELLENT,kitamura,【中古】 【美品】 ロレックス(ROLEX) エクスプローラーII ブラック 226570 ステンレス 【1年保証】,https://item.rakuten.co.jp/emedama/2448970021522/,https://www.chrono24.com/rolex/like-new-2022-explorer-ii-black-dial-226570--id47663583.htm
5.0,BUY OPPORTUNITY,126619LB,JP,38502,35161,40515,Chrono24,33933,VERIFIED,C24 scrape,2,UNKNOWN,commit,ロレックス サブマリーナー デイト Ref.126619LB ホワイトゴールド ブラック文字盤 中古 8y332yqc,https://commit-watch.co.jp/products/8y332yqc,https://www.chrono24.com/rolex/rolex-submariner-date-41--id47739099.htm
5.0,BUY OPPORTUNITY,WSSA0086,JP,4776,4362,5025,Chrono24 US,4382,VERIFIED,C24 research,8,FULL_SET,jackroad,カルティエ CARTIER サントス デュモン SM WSSA0086 新品 時計 レディース,https://item.rakuten.co.jp/jackroad/ca1054/,
5.0,BUY OPPORTUNITY,126613LN,JP,17677,16144,18599,Chrono24,15733,VERIFIED,C24 scrape,14,PAPERS_ONLY|A_EXCELLENT,kitamura,【中古】 【美品】 ロレックス(ROLEX) サブマリーナー デイト ブラック 126613LN ステンレス 【1年保証】,https://item.rakuten.co.jp/emedama/2245460005914/,https://www.chrono24.com/rolex/submariner-date-126613ln--black-dial--bezel--two-tone-gold-rolesor--id43117886.htm
5.0,BUY OPPORTUNITY,310.32.42.50.02.001,JP,16531,15097,17409,Chrono24,15051,VERIFIED,C24 scrape,7,UNKNOWN|AA_LIKE_NEW,commit,オメガ スピードマスター 記念モデル コーアクシャル マスター クロノメーター クロノグラフ 42MM Ref.310.32.42.50.02.001 ステンレススチール シルバー,https://commit-watch.co.jp/products/bxxkitso,https://www.chrono24.com/omega/speedmaster-silver-snoopy-award-31032425002001-steel-42mm--id47735483.htm
5.0,BUY OPPORTUNITY,214270,JP,8940,8164,9415,Chrono24,7506,VERIFIED,C24 scrape,6,FULL_SET,rasin,ROLEX Explorer I (Early Model) Blackout 214270 Black Random Serial Number Used Men's Watch,https://en.www.rasin.co.jp/SHOP/U-214270BK-19.html,https://www.chrono24.com/rolex/rolex-explorer--id47558762.htm
4.9,BUY OPPORTUNITY,EB0136251M1S1,JP,7182,6559,7556,Chrono24,6099,DERIVED,C24 only,,FULL_SET,jackroad,ブライトリング BREITLING スーパー クロノマット B01 44 EB0136251M1S1 新品 時計 メンズ,https://item.rakuten.co.jp/jackroad/br1590/,
4.9,BUY OPPORTUNITY,214270,JP,8953,8176,9415,Chrono24,7506,VERIFIED,C24 scrape,6,FULL_SET,rasin,ROLEX Explorer I (Early Model) Blackout 214270 Black Random Serial Number Used Men's Watch,https://en.www.rasin.co.jp/SHOP/U-214270BK-10.html,https://www.chrono24.com/rolex/rolex-explorer--id47558762.htm
4.9,BUY OPPORTUNITY,126622,JP,17145,15657,18035,Chrono24,13822,VERIFIED,C24 scrape,8,FULL_SET|AA_LIKE_NEW,kitamura,【中古】 【新品同様】 ロレックス(ROLEX) ヨットマスター ダークロジウム [グレー系] 126622 ステンレス/プラチナ 【1年保証】,https://item.rakuten.co.jp/emedama/2445740028637/,https://www.chrono24.com/rolex/rolex-2025-yacht-master-40mm-126622-stainless-steel-rhodium-dial--id46800314.htm
4.9,BUY OPPORTUNITY,279178,JP,27685,25283,29120,Chrono24,23103,VERIFIED,C24 scrape,6,FULL_SET,bettyroad,ロレックス ROLEX レディ デイトジャスト 28 279178 中古 時計 レディース,https://item.rakuten.co.jp/bettyroad/6467195/,https://www.chrono24.com/rolex/good-condition-2016-lady-datejust-yellow-gold-jubilee-champagne-index-dial-279178--id44913627.htm
4.9,BUY OPPORTUNITY,310.32.42.50.02.001,JP,16548,15113,17409,Chrono24,15051,VERIFIED,C24 scrape,7,FULL_SET|A_EXCELLENT,kitamura,【中古】 【美品】 オメガ(OMEGA) スピードマスター ホワイト 310.32.42.50.02.001 ステンレススティール スヌーピーアワード 【1年保証】,https://item.rakuten.co.jp/emedama/2245460008441/,https://www.chrono24.com/omega/speedmaster-silver-snoopy-award-31032425002001-steel-42mm--id47735483.htm
4.8,BUY OPPORTUNITY,116900,JP,7559,6903,7939,Chrono24,6982,VERIFIED,C24 scrape n=1 THIN,1,UNKNOWN,commit,ロレックス エアキング Ref.116900 ステンレススチール ブラック文字盤 オイスターブレスレット 中古 g2grzvhq,https://commit-watch.co.jp/products/g2grzvhq,https://www.chrono24.com/rolex/air-king--id46582098.htm
4.8,BUY OPPORTUNITY,311.30.40.30.01.001,JP,16999,15524,17847,Chrono24 US,15192,VERIFIED,C24 research,,FULL_SET,jackroad,オメガ OMEGA スピードマスター キャリバー 321 311.30.40.30.01.001 新品 時計 メンズ,https://item.rakuten.co.jp/jackroad/om1578/,
4.8,BUY OPPORTUNITY,126528LN,JP,229286,209393,240932,Chrono24,194736,DERIVED,C24 scrape,8,FULL_SET,jackroad,ロレックス ROLEX コスモグラフ デイトナ ル・マン 126528LN 新品 時計 メンズ,https://item.rakuten.co.jp/jackroad/rx2064/,https://www.chrono24.com/rolex/rolex-le-mans-daytona--id47107552.htm
4.7,BUY OPPORTUNITY,126600,JP,13309,12154,13961,Chrono24,11850,VERIFIED,C24 scrape n=1 THIN,1,FULL_SET,jackroad,ロレックス ROLEX シードゥエラー 126600 中古 時計 メンズ,https://item.rakuten.co.jp/jackroad/6424099/,https://www.chrono24.com/rolex/seadweller-126600-red--id43448466.htm
4.6,BUY OPPORTUNITY,214270,JP,8978,8199,9415,Chrono24,7506,VERIFIED,C24 scrape,6,UNKNOWN,rasin,PRICEDOWN ROLEX Explorer I Early Model Blackout 214270 Black Random Serial Number Used Men,https://en.www.rasin.co.jp/SHOP/U-214270BK-11.html,https://www.chrono24.com/rolex/rolex-explorer--id47558762.htm
4.6,BUY OPPORTUNITY,126718GRNR,JP,50017,45677,52445,Chrono24,43309,DERIVED,C24 scrape,7,UNKNOWN|AA_LIKE_NEW,commit,ロレックス GMTマスターII Ref.126718GRNR イエローゴールド ブラック文字盤 ジュビリーブレスレット 未使用 ta8saqs9,https://commit-watch.co.jp/products/ta8saqs9,https://www.chrono24.com/rolex/rolex-2024-gmt-master-ii-40mm-126718grnr-yellow-gold-jubilee-black-dial--id47612517.htm
4.5,BUY OPPORTUNITY,126300,JP,10455,9548,10950,Chrono24,9982,VERIFIED,C24 scrape,7,UNKNOWN,commit,ロレックス デイトジャスト41 Ref.126300 ステンレススチール スレート文字盤 オイスターブレスレット 美中古 ijrndv9y,https://commit-watch.co.jp/products/ijrndv9y,https://www.chrono24.com/rolex/rolex-datejust-41-white-roman-dial-stainless-steel-41mm-126300----id46780791.htm
4.5,BUY OPPORTUNITY,126506,JP,135510,123754,141945,Chrono24,117275,VERIFIED,C24 scrape,6,FULL_SET,rasin,PRICEDOWN ROLEX Cosmograph Daytona 126506 Ice Blue Random Number Used Men&#39;s,https://en.www.rasin.co.jp/SHOP/U-126506.html,https://www.chrono24.com/rolex/rolex-new-2026-rolex-daytona-40mm-126506-platinum-ice-blue-dial-stickered--id47543425.htm
4.4,BUY OPPORTUNITY,126334,JP,12645,11548,13222,Chrono24,14527,VERIFIED,C24 scrape,48,UNKNOWN,commit,ロレックス デイトジャスト41 Ref.126334 ステンレススチール/ホワイトゴールド ホワイトローマン文字盤 オイスターブレスレット 美中古 4cnc3czw,https://commit-watch.co.jp/products/4cnc3czw,https://www.chrono24.com/rolex/rolex-126334-datejust-41-silver-index-dial-on-oyster-2021--id46657048.htm
4.4,BUY OPPORTUNITY,16600,JP,9630,8795,10073,Chrono24,9019,VERIFIED,C24 scrape,2,FULL_SET|AB_GOOD,kitamura,【中古】 【良品】 ロレックス(ROLEX) シードゥエラー ブラック 16600 ステンレス 【1年保証】,https://item.rakuten.co.jp/emedama/2443801630812/,https://www.chrono24.com/rolex/sea-dweller--id47263835.htm
4.3,BUY OPPORTUNITY,214270,JP,9010,8229,9415,Chrono24,7506,VERIFIED,C24 scrape,6,FULL_SET,rasin,PRICEDOWN ROLEX Explorer I Early Model Blackout 214270 Black Random Serial Number Used Men,https://en.www.rasin.co.jp/SHOP/U-214270BK-17.html,https://www.chrono24.com/rolex/rolex-explorer--id47558762.htm
4.3,BUY OPPORTUNITY,126710GRNR,JP,21386,19531,22337,Chrono24,20248,VERIFIED,C24 scrape,20,FULL_SET,rasin,PRICEDOWN ROLEX GMT Master II 126710GRNR Black 3-row Oyster bracelet Bracelet Random Seria,https://en.www.rasin.co.jp/SHOP/S-126710GRNR-2.html,https://www.chrono24.com/rolex/rolex-gmt-master-ii--id47560413.htm
4.2,BUY OPPORTUNITY,26420CD,JP,69232,63226,72269,Chrono24,55439,DERIVED,C24 scrape n=1 THIN,1,UNKNOWN|AA_LIKE_NEW,commit,オーデマピゲ ロイヤルオーク オフショア クロノグラフ Ref.26420CD.OO.A029VE.01 “ナイトブルー”セラミック ベージュ文字盤 未使用 fsojf7h3,https://commit-watch.co.jp/products/fsojf7h3,https://www.chrono24.com/audemarspiguet/audemars-piguet-royal-oak-offshore--id47681474.htm
4.2,BUY OPPORTUNITY,15510ST,JP,47685,43548,49751,Chrono24,46408,VERIFIED,C24 scrape,22,UNKNOWN|A_EXCELLENT,commit,オーデマピゲ ロイヤルオーク 50周年記念 Ref.15510ST.OO.1320ST.03 ステンレススチール シルバー文字盤 美品 tke4xgz8,https://commit-watch.co.jp/products/tke4xgz8,https://www.chrono24.com/audemarspiguet/audemars-piguet-2024-royal-oak-41mm-15510st-stainless-steel-blue-dial--id47560620.htm
4.2,BUY OPPORTUNITY,214270,JP,9023,8240,9415,Chrono24,7506,VERIFIED,C24 scrape,6,UNKNOWN,rasin,PRICEDOWN ROLEX Explorer I Early Model Blackout 214270 Black Random Serial Number Used Men,https://en.www.rasin.co.jp/SHOP/U-214270BK-4.html,https://www.chrono24.com/rolex/rolex-explorer--id47558762.htm
4.2,BUY OPPORTUNITY,214270,JP,9017,8235,9415,Chrono24,7506,VERIFIED,C24 scrape,6,FULL_SET,rasin,ROLEX Explorer I (Early Model) Blackout 214270 Black Random Serial Number Used Men's Watch,https://en.www.rasin.co.jp/SHOP/U-214270BK-20.html,https://www.chrono24.com/rolex/rolex-explorer--id47558762.htm
4.1,BUY OPPORTUNITY,210.30.44.51.03.002,JP,7248,6619,7556,Chrono24,5590,DERIVED,C24 only,,FULL_SET,jackroad,オメガ OMEGA シーマスター ダイバー300M アメリカズカップ マスター クロノメーター クロノグラフ 210.30.44.51.03.002 新品 時計 メンズ,https://item.rakuten.co.jp/jackroad/om1294/,
4.1,BUY OPPORTUNITY,214270,JP,9026,8243,9415,Chrono24,7506,VERIFIED,C24 scrape,6,FULL_SET,jackroad,ロレックス ROLEX エクスプローラー 214270 中古 時計 メンズ,https://item.rakuten.co.jp/jackroad/6372840/,https://www.chrono24.com/rolex/rolex-explorer--id47558762.htm
4.1,BUY OPPORTUNITY,116519LN,JP,48097,43924,50151,Chrono24,40684,DERIVED,C24 scrape,20,FULL_SET,jackroad,ロレックス ROLEX コスモグラフ デイトナ 116519LN 中古 時計 メンズ,https://item.rakuten.co.jp/jackroad/6381309/,https://www.chrono24.com/rolex/daytona-ghost-white-gold-oysterflex-116519ln-grey-dial--id31519416.htm
4.0,BUY OPPORTUNITY,SLGH013,JP,7141,6522,7435,Chrono24,6917,VERIFIED,LOW,,FULL_SET|A_EXCELLENT,kitamura,【中古】 【美品】 グランドセイコー メカニカル ヘリテージコレクション ブルー SLGH013/9SA5-00F0 エバーブリリアントスチール 【1年保証】,https://item.rakuten.co.jp/emedama/2245460008908/,
4.0,BUY OPPORTUNITY,214270,JP,9043,8258,9415,Chrono24,7506,VERIFIED,C24 scrape,6,FULL_SET,rasin,PRICEDOWN ROLEX Explorer I Early Model Blackout 214270 Black Random Serial Number Used Men,https://en.www.rasin.co.jp/SHOP/U-214270BK-7.html,https://www.chrono24.com/rolex/rolex-explorer--id47558762.htm
4.0,BUY OPPORTUNITY,SLGW007,JP,7630,6968,7950,"mark, NO VENUE",7950,VERIFIED,,,UNKNOWN,commit,グランドセイコー エボリューション9 コレクション 手巻メカニカルハイビート 36000 Ref.SLGW007 ステンレススチール ブルー文字盤 中古 2scrghrt,https://commit-watch.co.jp/products/2scrghrt,
3.9,BUY OPPORTUNITY,126300,JP,10520,9607,10950,Chrono24,9982,VERIFIED,C24 scrape,7,FULL_SET|A_EXCELLENT,kitamura,【中古】 【美品】 ロレックス(ROLEX) デイトジャスト 41 ブラック 126300 ステンレス OB 【1年保証】,https://item.rakuten.co.jp/emedama/2245460006621/,https://www.chrono24.com/rolex/rolex-datejust-41-white-roman-dial-stainless-steel-41mm-126300----id46780791.htm
3.7,BUY OPPORTUNITY,SBGX263,JP,1643,1500,1706,"mark, NO VENUE",1706,VERIFIED,,,FULL_SET|AB_GOOD,kitamura,【中古】 【良品】 グランドセイコー クォーツ シルバー SBGX263/9F62-0AB0 ステンレススティール 【1年保証】,https://item.rakuten.co.jp/emedama/2441770038882/,
3.7,BUY OPPORTUNITY,126718GRNR,JP,50479,46100,52445,Chrono24,43309,DERIVED,C24 scrape,7,FULL_SET,rasin,"ROLEX GMT Master II 126718GRNR Black, Random Serial Number Used Men&#39;s Watch",https://en.www.rasin.co.jp/SHOP/U-126718GRNR-6.html,https://www.chrono24.com/rolex/rolex-2024-gmt-master-ii-40mm-126718grnr-yellow-gold-jubilee-black-dial--id47612517.htm
3.6,BUY OPPORTUNITY,116503,JP,23653,21601,24528,Chrono24,20119,VERIFIED,C24 scrape,10,FULL_SET,jackroad,ロレックス ROLEX コスモグラフ デイトナ 116503 中古 時計 メンズ,https://item.rakuten.co.jp/jackroad/6362377/,https://www.chrono24.com/rolex/daytona-black-dial-116503-two-tone-yellow-gold-oyster--id34877293.htm
3.6,BUY OPPORTUNITY,114270,JP,8003,7308,8304,Chrono24,6422,VERIFIED,C24 scrape,8,FULL_SET|AB_GOOD,kitamura,【中古】 【良品】 ロレックス(ROLEX) エクスプローラーI ブラック 114270 ステンレス 【1年保証】,https://item.rakuten.co.jp/emedama/2449670035628/,https://www.chrono24.com/rolex/explorer--id47560875.htm
3.5,BUY OPPORTUNITY,126718GRNR,JP,50608,46217,52445,Chrono24,43309,DERIVED,C24 scrape,7,FULL_SET,rasin,SALE ROLEX GMT Master II 126718GRNR Black Random Serial Number Used Men's Watch,https://en.www.rasin.co.jp/SHOP/U-126718GRNR-4.html,https://www.chrono24.com/rolex/rolex-2024-gmt-master-ii-40mm-126718grnr-yellow-gold-jubilee-black-dial--id47612517.htm
3.5,BUY OPPORTUNITY,336239,JP,43543,39765,45135,Chrono24 US,39082,VERIFIED,C24 research PARTIAL,15,FULL_SET,rasin,PRICEDOWN Rolex Sky-Dweller 336239 Black Random Size Used Men&#39;s,https://en.www.rasin.co.jp/SHOP/U-336239BK.html,
3.5,BUY OPPORTUNITY,215.30.44.21.01.001,JP,5390,4922,5585,Chrono24 US,4285,VERIFIED,LOW,,FULL_SET,jackroad,オメガ OMEGA シーマスター 600 プラネットオーシャン コーアクシャル マスタークロノメーター 215.30.44.21.01.001 新品 時計 メンズ,https://item.rakuten.co.jp/jackroad/om745/,
3.5,BUY OPPORTUNITY,215.30.46.51.01.002,JP,6444,5885,6680,Chrono24,4560,DERIVED,C24 only,,FULL_SET,jackroad,オメガ OMEGA シーマスター 600 プラネットオーシャン クロノグラフ 215.30.46.51.01.002 新品 時計 メンズ,https://item.rakuten.co.jp/jackroad/om767/,
3.5,BUY OPPORTUNITY,126720VTNR,JP,17019,15543,17628,Chrono24,14816,DERIVED,C24 scrape,6,FULL_SET,rasin,PRICEDOWN ROLEX GMT Master II 126720VTNR Black 3-row Oyster bracelet Bracelet Random Seria,https://en.www.rasin.co.jp/SHOP/U-126720VTNR-9.html,https://www.chrono24.com/rolex/rolex-gmt-master-ii-sprite-126720vtnr--id47697234.htm
3.5,BUY OPPORTUNITY,310.32.42.50.04.001,JP,8599,7853,8913,Chrono24,7268,VERIFIED,C24 scrape n=1 THIN,1,FULL_SET|A_EXCELLENT,kitamura,【中古】 【美品】 オメガ(OMEGA) スピードマスター ムーンウォッチ 310.32.42.50.04.001 ホワイト ホワイト系 【1年保証】,https://item.rakuten.co.jp/emedama/2245460009677/,https://www.chrono24.com/omega/omega-2026-speedmaster-moonwatch-pro-42mm-31032425004001-white-dial--id46982131.htm
3.4,BUY OPPORTUNITY,126200,JP,8831,8065,9143,Chrono24,9044,VERIFIED,C24 hand read,3,UNKNOWN,commit,ロレックス デイトジャスト36 Ref.126200 ステンレススチール ブライトブルー文字盤 オイスターブレスレット 美中古 3a6inkio,https://commit-watch.co.jp/products/3a6inkio,
3.4,BUY OPPORTUNITY,126505,JP,61975,56598,64156,Chrono24,54091,VERIFIED,C24 scrape,4,FULL_SET,rasin,PRICEDOWN ROLEX Cosmograph Daytona 126505 Black × Dust Random Number Used Men&#39;s,https://en.www.rasin.co.jp/SHOP/U-126505BKSD-3.html,https://www.chrono24.com/rolex/2025-rolex-daytona-40mm-126505-rose-gold-chocolate-dial--id45674616.htm
3.4,BUY OPPORTUNITY,126710GRNR,JP,21583,19711,22337,Chrono24,20248,VERIFIED,C24 scrape,20,FULL_SET|AA_LIKE_NEW,kitamura,【中古】 【新品同様】 ロレックス(ROLEX) GMTマスターII ブラック 126710GRNR ステンレススティール オイスターブレス 【1年保証】,https://item.rakuten.co.jp/emedama/2447020213634/,https://www.chrono24.com/rolex/rolex-gmt-master-ii--id47560413.htm
3.4,BUY OPPORTUNITY,116503,JP,23703,21647,24528,Chrono24,20119,VERIFIED,C24 scrape,10,FULL_SET|AB_GOOD,kitamura,【中古】 【良品】 ロレックス(ROLEX) デイトナ ブラック 116503 ステンレス/イエローゴールド 【1年保証】,https://item.rakuten.co.jp/emedama/2245460009554/,https://www.chrono24.com/rolex/daytona-black-dial-116503-two-tone-yellow-gold-oyster--id34877293.htm
3.4,BUY OPPORTUNITY,116508,JP,81242,74194,84096,Chrono24,61334,VERIFIED,C24 scrape n=1 THIN,1,UNKNOWN|A_EXCELLENT,commit,ロレックス デイトナ Ref.116508 イエローゴールド グリーン文字盤 美品 fqq223ro,https://commit-watch.co.jp/products/fqq223ro,https://www.chrono24.com/rolex/daytona-john-mayer-green-dial-18k-yellow-gold-116508--id31868020.htm
3.3,BUY OPPORTUNITY,79950,JP,3413,3117,3531,Chrono24,2555,VERIFIED,C24 scrape n=1 THIN,1,FULL_SET,jackroad,チューダー(チュードル) TUDOR レンジャー 79950-0001 新品 時計 メンズ,https://item.rakuten.co.jp/jackroad/tu564/,https://www.chrono24.com/tudor/tudor-ranger--id47000275.htm
3.2,BUY OPPORTUNITY,16520,JP,30731,28065,31755,Chrono24 US,28092,VERIFIED,C24 research VARIANT RISK,,UNKNOWN,commit,ロレックス デイトナ エルプリメロ Ref.16520 ステンレススチール ホワイト文字盤 中古 iorr3v3j,https://commit-watch.co.jp/products/iorr3v3j,
3.2,BUY OPPORTUNITY,278344RBR,JP,17131,15644,17690,Chrono24,14865,VERIFIED,C24 only,,FULL_SET,jackroad,ロレックス ROLEX デイトジャスト 31 278344RBR 新品 時計 ボーイズ,https://item.rakuten.co.jp/jackroad/rx1402/,
3.2,BUY OPPORTUNITY,326.30.40.50.01.001,JP,3498,3194,3614,Chrono24 US,3265,VERIFIED,C24 research PARTIAL,6,FULL_SET|AB_GOOD,kitamura,【中古】 【良品】 オメガ(OMEGA) スピードマスター レーシング ブラック 326.30.40.50.01.001 ステンレススティール 【1年保証】,https://item.rakuten.co.jp/emedama/2245460007963/,
3.2,BUY OPPORTUNITY,124200,JP,9537,8710,9855,Chrono24,7906,VERIFIED,C24 scrape n=1 THIN,1,UNKNOWN|AA_LIKE_NEW,commit,ロレックス オイスターパーペチュアル34 Ref.124200 ステンレススチール キャンディピンク文字盤 未使用 h6gnmpqc,https://commit-watch.co.jp/products/h6gnmpqc,https://www.chrono24.com/rolex/oyster-perpetual-34--id47561565.htm
3.2,BUY OPPORTUNITY,116710LN,JP,13779,12584,14234,Chrono24,11538,DERIVED,C24 scrape,13,PAPERS_ONLY|AB_GOOD,kitamura,【中古】 【良品】 ロレックス(ROLEX) GMTマスターII ブラック 116710LN ステンレス 【1年保証】,https://item.rakuten.co.jp/emedama/2403281143028/,https://www.chrono24.com/rolex/gmt-master-ii--id47700406.htm
3.2,BUY OPPORTUNITY,126234,JP,12151,11097,12559,Chrono24,12488,VERIFIED,C24 scrape,8,UNKNOWN|A_EXCELLENT,commit,ロレックス デイトジャスト36 Ref.126234 ステンレススチール/ホワイトゴールド シルバー文字盤 ジュビリーブレスレット 美品 hoprabux,https://commit-watch.co.jp/products/hoprabux,https://www.chrono24.com/rolex/rolex-pre-owned-rolex-oyster-oysterseel-perpetual-datejust-silver-dial-36mm-watch-2021-126234--id44628162.htm
3.2,BUY OPPORTUNITY,16520,JP,30731,28065,31755,Chrono24 US,28092,VERIFIED,C24 research VARIANT RISK,,UNKNOWN,commit,ロレックス デイトナ エルプリメロ Ref.16520 ステンレススチール ブラック文字盤 美中古 235odqie,https://commit-watch.co.jp/products/235odqie,
3.1,BUY OPPORTUNITY,16610LV,JP,16015,14625,16534,Chrono24,13708,VERIFIED,C24 only,,PAPERS_ONLY|AB_GOOD,kitamura,【中古】 【良品】 ロレックス(ROLEX) サブマリーナー デイト ブラック 16610LV ステンレス 【1年保証】,https://item.rakuten.co.jp/emedama/2448570036674/,
3.1,BUY OPPORTUNITY,214270,JP,9120,8328,9415,Chrono24,7506,VERIFIED,C24 scrape,6,FULL_SET,rasin,PRICEDOWN ROLEX Explorer I Late Model White 369 214270 Black Random Number Used Men&#39;s,https://en.www.rasin.co.jp/SHOP/U-214270WH-8.html,https://www.chrono24.com/rolex/rolex-explorer--id47558762.htm
3.0,BUY OPPORTUNITY,116520,JP,25574,23355,26372,Chrono24,20460,DERIVED,C24 scrape,11,UNKNOWN,commit,ロレックス デイトナ Ref.116520 ステンレススチール ブラック文字盤 中古 mzh7h88u,https://commit-watch.co.jp/products/mzh7h88u,https://www.chrono24.com/rolex/daytona--id47560800.htm
3.0,BUY OPPORTUNITY,116520,JP,25574,23355,26372,Chrono24,20460,DERIVED,C24 scrape,11,UNKNOWN,commit,ロレックス デイトナ Ref.116520 ステンレススチール ブラック文字盤 美中古 bqjra6su,https://commit-watch.co.jp/products/bqjra6su,https://www.chrono24.com/rolex/daytona--id47560800.htm
3.0,BUY OPPORTUNITY,116520,JP,25574,23355,26372,Chrono24,20460,DERIVED,C24 scrape,11,UNKNOWN|A_EXCELLENT,commit,ロレックス デイトナ Ref.116520 ステンレススチール ブラック文字盤 美品 rpswc7it,https://commit-watch.co.jp/products/rpswc7it,https://www.chrono24.com/rolex/daytona--id47560800.htm
3.0,BUY OPPORTUNITY,116520,JP,25574,23355,26372,Chrono24,20460,DERIVED,C24 scrape,11,UNKNOWN,commit,ロレックス デイトナ Ref.116520 ステンレススチール ブラック文字盤 中古 92dv9eqq,https://commit-watch.co.jp/products/92dv9eqq,https://www.chrono24.com/rolex/daytona--id47560800.htm
3.0,BUY OPPORTUNITY,116520,JP,25574,23355,26372,Chrono24,20460,DERIVED,C24 scrape,11,UNKNOWN,commit,ロレックス デイトナ Ref.116520 ステンレススチール ブラック文字盤 美中古 q2x4sp7a,https://commit-watch.co.jp/products/q2x4sp7a,https://www.chrono24.com/rolex/daytona--id47560800.htm
3.0,BUY OPPORTUNITY,116520,JP,25574,23355,26372,Chrono24,20460,DERIVED,C24 scrape,11,UNKNOWN|A_EXCELLENT,commit,ロレックス デイトナ Ref.116520 ステンレススチール ブラック文字盤 美品 tbgnrmrn,https://commit-watch.co.jp/products/tbgnrmrn,https://www.chrono24.com/rolex/daytona--id47560800.htm
3.0,BUY OPPORTUNITY,214270,JP,9132,8340,9415,Chrono24,7506,VERIFIED,C24 scrape,6,FULL_SET,rasin,ROLEX Explorer I (late model) White 369 214270 Black Random Serial Number Used Men's Watch,https://en.www.rasin.co.jp/SHOP/U-214270WH-4.html,https://www.chrono24.com/rolex/rolex-explorer--id47558762.htm
2.9,BUY OPPORTUNITY,IW389401,JP,8763,8003,9028,Chrono24,7442,DERIVED,C24 scrape n=1 THIN,1,FULL_SET,jackroad,IWC IWC パイロットウォッチ クロノグラフ 41 トップガン IW389401 新品 時計 メンズ,https://item.rakuten.co.jp/jackroad/iwc535/,https://www.chrono24.com/iwc/new-2026-pilot-41-top-gun-chronograph-black-ceramic-iw389401--id42493383.htm
2.8,BUY OPPORTUNITY,26393ST,JP,28200,25753,29018,Chrono24 US,23037,VERIFIED,C24 research,,FULL_SET,jackroad,オーデマ ピゲ AUDEMARS PIGUET CODE 11.59 バイ オーデマピゲ クロノグラフ 26393ST.OO.A056KB.01 新品 時計 メンズ,https://item.rakuten.co.jp/jackroad/ap305/,
2.8,BUY OPPORTUNITY,126503,JP,28194,25748,29016,Chrono24,25325,VERIFIED,C24 scrape,8,FULL_SET,rasin,PRICEDOWN ROLEX Cosmograph Daytona 126503 Golden Random Used Men's,https://en.www.rasin.co.jp/SHOP/U-126503GD-3.html,https://www.chrono24.com/rolex/rolex-daytona--id47466342.htm
2.6,BUY OPPORTUNITY,126203,JP,11727,10710,12045,Chrono24 US,12560,VERIFIED,C24 research PARTIAL,15,UNKNOWN,commit,ロレックス デイトジャスト36 Ref.126203 ステンレススチール/イエローゴールド スレートローマン文字盤 オイスターブレスレット 中古 xafwm2st,https://commit-watch.co.jp/products/xafwm2st,
2.6,BUY OPPORTUNITY,A17375,JP,3100,2831,3183,"mark, NO VENUE",3183,VERIFIED,,,FULL_SET|AB_GOOD,kitamura,【中古】 【良品】 ブライトリング スーパーオーシャン 42 ブラック A17375211B1S1/A17375 ステンレススティール 【1年保証】,https://item.rakuten.co.jp/emedama/2245460009592/,
2.4,BUY OPPORTUNITY,114270,JP,8104,7401,8304,Chrono24,6422,VERIFIED,C24 scrape,8,FULL_SET,jackroad,ロレックス ROLEX エクスプローラー 114270 中古 時計 メンズ,https://item.rakuten.co.jp/jackroad/6331625/,https://www.chrono24.com/rolex/explorer--id47560875.htm
2.4,BUY OPPORTUNITY,214270,JP,9190,8393,9415,Chrono24,7506,VERIFIED,C24 scrape,6,FULL_SET,rasin,PRICEDOWN ROLEX Explorer I Late Model White 369 214270 Black Random Number Used Men&#39;s,https://en.www.rasin.co.jp/SHOP/U-214270WH-3.html,https://www.chrono24.com/rolex/rolex-explorer--id47558762.htm
2.2,BUY OPPORTUNITY,U10380101A1U1,JP,4928,4501,5037,Chrono24,4171,DERIVED,C24 only,,FULL_SET,jackroad,ブライトリング BREITLING クロノマット オートマチック 36 U10380101A1U1 新品 時計 レディース,https://item.rakuten.co.jp/jackroad/br1463/,
2.1,BUY OPPORTUNITY,16520,JP,31084,28387,31755,Chrono24 US,28092,VERIFIED,C24 research VARIANT RISK,,UNKNOWN,commit,ロレックス デイトナ エルプリメロ Ref.16520 ステンレススチール ブラック文字盤 中古 cegmg5s8,https://commit-watch.co.jp/products/cegmg5s8,
2.1,BUY OPPORTUNITY,16520,JP,31084,28387,31755,Chrono24 US,28092,VERIFIED,C24 research VARIANT RISK,,UNKNOWN,commit,ロレックス デイトナ エルプリメロ Ref.16520 ステンレススチール ブラック文字盤 中古 162933S1,https://commit-watch.co.jp/products/162933s1,
2.1,BUY OPPORTUNITY,224270,JP,10081,9206,10292,Chrono24,8563,VERIFIED,C24 scrape n=1 THIN,1,FULL_SET,jackroad,ロレックス ROLEX エクスプローラー 40 224270 中古 時計 メンズ,https://item.rakuten.co.jp/jackroad/6330246/,https://www.chrono24.com/rolex/explorer--id47700443.htm
2.1,BUY OPPORTUNITY,214270,JP,9216,8416,9415,Chrono24,7506,VERIFIED,C24 scrape,6,UNKNOWN,rasin,PRICEDOWN ROLEX Explorer I Late Model White 369 214270 Black Random Number Used Men&#39;s,https://en.www.rasin.co.jp/SHOP/U-214270WH-10.html,https://www.chrono24.com/rolex/rolex-explorer--id47558762.htm
2.1,BUY OPPORTUNITY,SBGE257,JP,4955,4525,5062,Chrono24 US,4071,VERIFIED,C24 research,,FULL_SET|AB_GOOD,kitamura,【中古】 【良品】 グランドセイコー スプリングドライブ GMT グリーン SBGE257/9R66-0BB0 ステンレススティール/セラミック 【1年保証】,https://item.rakuten.co.jp/emedama/2245460009714/,
2.0,BUY OPPORTUNITY,215.32.44.21.01.001,JP,5258,4802,5364,Chrono24,4533,VERIFIED,C24 scrape,10,FULL_SET,jackroad,オメガ OMEGA シーマスター 600 プラネットオーシャン マスタークロノメーター 215.32.44.21.01.001 新品 時計 メンズ,https://item.rakuten.co.jp/jackroad/om873/,https://www.chrono24.com/omega/omega-seamaster-planet-ocean--id45533480.htm
2.0,BUY OPPORTUNITY,210.30.42.20.03.001,JP,5258,4802,5366,Chrono24,4420,VERIFIED,C24 scrape,17,FULL_SET,jackroad,オメガ OMEGA シーマスター ダイバー300M コーアクシャル マスター クロノメーター 210.30.42.20.03.001 新品 時計 メンズ,https://item.rakuten.co.jp/jackroad/om926/,https://www.chrono24.com/omega/seamaster-diver-300-m--id47088934.htm
2.0,BUY OPPORTUNITY,214270,JP,9222,8422,9415,Chrono24,7506,VERIFIED,C24 scrape,6,FULL_SET,rasin,ROLEX Explorer I (late model) White 369 214270 Black Random Serial Number Used Men's Watch,https://en.www.rasin.co.jp/SHOP/U-214270WH.html,https://www.chrono24.com/rolex/rolex-explorer--id47558762.htm
2.0,BUY OPPORTUNITY,SLGB003,JP,8599,7853,8776,"mark, NO VENUE",8776,VERIFIED,,,FULL_SET|A_EXCELLENT,kitamura,【中古】 【美品】 グランドセイコー スプリングドライブ エボリューション9コレクション ライトブルー SLGB003/9RB2-0AA0 チタン 樹氷林 【1年保証】,https://item.rakuten.co.jp/emedama/2447900079053/,
1.9,BUY OPPORTUNITY,91550,JP,1554,1419,1584,"mark, NO VENUE",1584,VERIFIED,,,UNKNOWN,kamekichi,1926,https://www.kame-kichi.com/items/44306,
1.8,BUY OPPORTUNITY,116610LV,JP,21940,20037,22337,Chrono24,18663,VERIFIED,C24 scrape n=1 THIN,1,FULL_SET,jackroad,ロレックス ROLEX グリーン サブマリーナー デイト 116610LV 中古 時計 メンズ,https://item.rakuten.co.jp/jackroad/6353849/,https://www.chrono24.com/rolex/submariner-date--id45939899.htm
1.7,BUY OPPORTUNITY,126508,JP,69181,63179,70354,Chrono24,67696,VERIFIED,C24 scrape,8,FULL_SET,jackroad,ロレックス ROLEX コスモグラフ デイトナ 126508 新品 時計 メンズ,https://item.rakuten.co.jp/jackroad/rx1784/,https://www.chrono24.com/rolex/cosmograph-daytona--id46294274.htm
1.5,BUY OPPORTUNITY,336934,JP,24905,22744,25288,Chrono24,23587,VERIFIED,C24 scrape,35,FULL_SET,jackroad,ロレックス ROLEX スカイドゥエラー 336934 新品 時計 メンズ,https://item.rakuten.co.jp/jackroad/rx1717/,https://www.chrono24.com/rolex/like-new-2025-sky-dweller-steel-jubilee-black-dial-336934--id47597729.htm
1.5,BUY OPPORTUNITY,126503,JP,28579,26100,29016,Chrono24,25325,VERIFIED,C24 scrape,8,FULL_SET,rasin,PRICEDOWN ROLEX Cosmograph Daytona 126503 White Random Serial Number Used Men's Watch,https://en.www.rasin.co.jp/SHOP/U-126503WH-5.html,https://www.chrono24.com/rolex/rolex-daytona--id47466342.htm
1.5,BUY OPPORTUNITY,126710BLNR,JP,18612,16997,18889,Chrono24,17118,VERIFIED,C24 scrape,28,FULL_SET,rasin,PRICEDOWN ROLEX GMT Master II 126710BLNR Black 3-row Oyster bracelet Bracelet Random Seria,https://en.www.rasin.co.jp/SHOP/U-126710BLNRO-7.html,https://www.chrono24.com/rolex/gmt-master-ii-batman-126710blnr-full-kit--id38713650.htm
1.5,BUY OPPORTUNITY,116515LN,JP,37795,34516,38357,Chrono24,34800,DERIVED,C24 scrape,17,UNKNOWN,commit,ロレックス デイトナ Ref.116515LN エバーローズゴールド チョコレートxアラビア文字盤 中古 u2jyx32o,https://commit-watch.co.jp/products/u2jyx32o,https://www.chrono24.com/rolex/daytona-116515ln-choco-arabic-brown-arabic-dial-rose-gold-leather-strap-40mm-2013--id47579182.htm
1.4,BUY OPPORTUNITY,16520,JP,31296,28581,31755,Chrono24 US,28092,VERIFIED,C24 research VARIANT RISK,,UNKNOWN,commit,ロレックス デイトナ エルプリメロ Ref.16520 ステンレススチール ブラック文字盤 中古 own6mmv3,https://commit-watch.co.jp/products/own6mmv3,
1.4,BUY OPPORTUNITY,220.10.41.21.03.006,JP,5917,5403,6003,"mark, NO VENUE",6003,VERIFIED,,,FULL_SET,jackroad,オメガ OMEGA シーマスター アクアテラ ターコイズ 220.10.41.21.03.006 新品 時計 メンズ,https://item.rakuten.co.jp/jackroad/om1723/,
1.4,BUY OPPORTUNITY,16570,JP,8038,7341,8151,Chrono24,8104,VERIFIED,C24 scrape,4,FULL_SET,jackroad,ロレックス ROLEX エクスプローラーII 16570 中古 時計 メンズ,https://item.rakuten.co.jp/jackroad/6352347/,https://www.chrono24.com/rolex/explorer-ii--id47838616.htm
1.3,BUY OPPORTUNITY,126713GRNR,JP,26816,24489,27156,Chrono24,20226,DERIVED,C24 scrape,8,FULL_SET,jackroad,ロレックス ROLEX GMTマスターII 126713GRNR 新品 時計 メンズ,https://item.rakuten.co.jp/jackroad/rx1695/,https://www.chrono24.com/rolex/rolex-june-2026-gmt-master-ii-zombie-bumblebee-126713grnr-two-tone-jubilee--id45056897.htm
1.3,BUY OPPORTUNITY,279384RBR,JP,19460,17771,19721,Chrono24 US,16874,VERIFIED,C24 research,,FULL_SET,rasin,SALE Rolex Datejust Bezel Diamond 10P Diamond 279384RBR Gray Random Serial Used Ladies,https://en.www.rasin.co.jp/SHOP/U-279384RBRDG-3.html,
1.3,BUY OPPORTUNITY,124200,JP,9725,8881,9855,Chrono24,7906,VERIFIED,C24 scrape n=1 THIN,1,FULL_SET|A_EXCELLENT,kitamura,【中古】 【美品】 ロレックス(ROLEX) オイスターパーペチュアル 34 ピスタチオ [グリーン系] 124200 ステンレススティール オイスターブレス 【1年保証】,https://item.rakuten.co.jp/emedama/2245460009844/,https://www.chrono24.com/rolex/oyster-perpetual-34--id47561565.htm
1.3,BUY OPPORTUNITY,126622,JP,17807,16262,18035,Chrono24,13822,VERIFIED,C24 scrape,8,FULL_SET|AA_LIKE_NEW,kitamura,【中古】 【新品同様】 ロレックス(ROLEX) ヨットマスター ブルー 126622 ステンレス/プラチナ 【1年保証】,https://item.rakuten.co.jp/emedama/2445740040974/,https://www.chrono24.com/rolex/rolex-2025-yacht-master-40mm-126622-stainless-steel-rhodium-dial--id46800314.htm
1.2,BUY OPPORTUNITY,16610LV,JP,16340,14922,16534,Chrono24,13708,VERIFIED,C24 only,,FULL_SET,jackroad,ロレックス ROLEX グリーン サブマリーナー デイト 16610LV 中古 時計 メンズ,https://item.rakuten.co.jp/jackroad/6364937/,
1.1,BUY OPPORTUNITY,214270,JP,9312,8504,9415,Chrono24,7506,VERIFIED,C24 scrape,6,FULL_SET,rasin,ROLEX Explorer I (late model) White 369 214270 Black Random Serial Number Used Men's Watch,https://en.www.rasin.co.jp/SHOP/U-214270WH-5.html,https://www.chrono24.com/rolex/rolex-explorer--id47558762.htm
1.0,BUY OPPORTUNITY,16520,JP,31437,28710,31755,Chrono24 US,28092,VERIFIED,C24 research VARIANT RISK,,UNKNOWN,commit,ロレックス デイトナ エルプリメロ Ref.16520 ステンレススチール ブラック文字盤 中古 jopmr3h9,https://commit-watch.co.jp/products/jopmr3h9,
1.0,BUY OPPORTUNITY,16520,JP,31437,28710,31755,Chrono24 US,28092,VERIFIED,C24 research VARIANT RISK,,UNKNOWN,commit,ロレックス デイトナ エルプリメロ Ref.16520 ステンレススチール ブラック文字盤 中古 bp7okcp6,https://commit-watch.co.jp/products/bp7okcp6,
1.0,BUY OPPORTUNITY,16520,JP,31437,28710,31755,Chrono24 US,28092,VERIFIED,C24 research VARIANT RISK,,UNKNOWN,commit,ロレックス デイトナ エルプリメロ Ref.16520 ステンレススチール ブラック文字盤 中古 bszewwuf,https://commit-watch.co.jp/products/bszewwuf,
1.0,BUY OPPORTUNITY,16520,JP,31437,28710,31755,Chrono24 US,28092,VERIFIED,C24 research VARIANT RISK,,UNKNOWN,commit,ロレックス デイトナ エルプリメロ Ref.16520 ステンレススチール ブラック文字盤 中古 hnhfd9t6,https://commit-watch.co.jp/products/hnhfd9t6,
1.0,BUY OPPORTUNITY,16520,JP,31437,28710,31755,Chrono24 US,28092,VERIFIED,C24 research VARIANT RISK,,UNKNOWN,commit,ロレックス デイトナ エルプリメロ Ref.16520 ステンレススチール ブラック文字盤 中古 mmq7wro4,https://commit-watch.co.jp/products/mmq7wro4,
1.0,BUY OPPORTUNITY,16520,JP,31437,28710,31755,Chrono24 US,28092,VERIFIED,C24 research VARIANT RISK,,UNKNOWN,commit,ロレックス デイトナ エルプリメロ Ref.16520 ステンレススチール ブラック文字盤 中古 yo7h9aj2,https://commit-watch.co.jp/products/yo7h9aj2,
1.0,BUY OPPORTUNITY,16520,JP,31437,28710,31755,Chrono24 US,28092,VERIFIED,C24 research VARIANT RISK,,UNKNOWN,commit,ロレックス デイトナ エルプリメロ Ref.16520 ステンレススチール ブラック文字盤 中古 shvrbe7s,https://commit-watch.co.jp/products/shvrbe7s,
1.0,BUY OPPORTUNITY,16520,JP,31437,28710,31755,Chrono24 US,28092,VERIFIED,C24 research VARIANT RISK,,UNKNOWN,commit,ロレックス デイトナ エルプリメロ Ref.16520 ステンレススチール ブラック文字盤 中古 m5otyoe9,https://commit-watch.co.jp/products/m5otyoe9,
1.0,BUY OPPORTUNITY,16520,JP,31437,28710,31755,Chrono24 US,28092,VERIFIED,C24 research VARIANT RISK,,UNKNOWN,commit,ロレックス デイトナ エルプリメロ Ref.16520 ステンレススチール ブラック文字盤 中古 d8iy7rgb,https://commit-watch.co.jp/products/d8iy7rgb,
1.0,BUY OPPORTUNITY,16520,JP,31437,28710,31755,Chrono24 US,28092,VERIFIED,C24 research VARIANT RISK,,UNKNOWN,commit,ロレックス デイトナ エルプリメロ Ref.16520 ステンレススチール ブラック文字盤 中古 h6gkc2ch,https://commit-watch.co.jp/products/h6gkc2ch,
1.0,BUY OPPORTUNITY,278271,JP,18975,17329,19163,Chrono24 US,16165,VERIFIED,C24 research,,FULL_SET,jackroad,ロレックス ROLEX デイトジャスト 31 278271 新品 時計 ボーイズ,https://item.rakuten.co.jp/jackroad/rx1797/,
1.0,BUY OPPORTUNITY,14060,JP,9431,8612,9525,Chrono24 US,9525,VERIFIED,C24 research VARIANT RISK,20,UNKNOWN|B_AVERAGE,kitamura,【中古】 【並品】 ロレックス(ROLEX) サブマリーナー ブラック 14060 ステンレス フチあり 【1年保証】,https://item.rakuten.co.jp/emedama/2403281021692/,
1.0,BUY OPPORTUNITY,SBGJ277,JP,5485,5009,5542,"mark, NO VENUE",5542,VERIFIED,,,FULL_SET|A_EXCELLENT,kitamura,【中古】 【美品】 グランドセイコー メカニカル シルバー SBGJ277/9S86-00K0 ステンレススティール 【1年保証】,https://item.rakuten.co.jp/emedama/2472640014040/,
0.9,BUY OPPORTUNITY,126600,JP,13836,12636,13961,Chrono24,11850,VERIFIED,C24 scrape n=1 THIN,1,FULL_SET,jackroad,ロレックス ROLEX シードゥエラー 126600 中古 時計 メンズ,https://item.rakuten.co.jp/jackroad/6382375/,https://www.chrono24.com/rolex/seadweller-126600-red--id43448466.htm
0.8,BUY OPPORTUNITY,126233,JP,20230,18475,20394,Chrono24,15217,VERIFIED,C24 scrape,6,FULL_SET,rasin,PRICEDOWN Rolex Datejust 36 VI/IX Diamonds 126233 Olive Green Roman 5 Rows Jubilee bracele,https://en.www.rasin.co.jp/SHOP/U-126233OGR-2.html,https://www.chrono24.com/rolex/rolex-datejust-36mm-126233-jubilee-steel-and-yellow-gold-fluted-bezel-champagne-index-dial--id21201440.htm
0.8,BUY OPPORTUNITY,126710BLNR,JP,18735,17109,18889,Chrono24,17118,VERIFIED,C24 scrape,28,FULL_SET|A_EXCELLENT,kitamura,【中古】 【美品】 ロレックス(ROLEX) GMTマスターII ブラック 126710BLNR ステンレス OB ブラック/ブルーベゼル 【1年保証】,https://item.rakuten.co.jp/emedama/2245460006720/,https://www.chrono24.com/rolex/gmt-master-ii-batman-126710blnr-full-kit--id38713650.htm
0.8,BUY OPPORTUNITY,116000,JP,7912,7226,7976,Chrono24,6430,DERIVED,C24 scrape,24,UNKNOWN,commit,ロレックス オイスターパーペチュアル36 Ref.116000 ステンレススチール ブラック文字盤 中古 4jxpmxof,https://commit-watch.co.jp/products/4jxpmxof,https://www.chrono24.com/rolex/oyster-perpetual-36--id47702102.htm
0.7,BUY OPPORTUNITY,79470,JP,3512,3207,3537,Chrono24,3001,VERIFIED,C24 scrape n=1 THIN,1,FULL_SET|A_EXCELLENT,kitamura,【中古】 【美品】 チューダー ブラックベイ プロ ブラック 79470 ステンレススティール ラバーベルト 【1年保証】,https://item.rakuten.co.jp/emedama/2245460009219/,https://www.chrono24.com/tudor/2022-tudor-79470-0003-black-bay-pro-gmt-full-set--id46252675.htm
0.6,BUY OPPORTUNITY,136660,JP,14034,12816,14124,Chrono24,14299,VERIFIED,C24 hand read n=1 THIN,1,FULL_SET,jackroad,ロレックス ROLEX シードゥエラー ディープシー 136660 中古 時計 メンズ,https://item.rakuten.co.jp/jackroad/6216151/,
0.6,BUY OPPORTUNITY,126710GRNR,JP,22204,20277,22337,Chrono24,20248,VERIFIED,C24 scrape,20,FULL_SET,jackroad,ロレックス ROLEX GMTマスターII 126710GRNR 新品 時計 メンズ,https://item.rakuten.co.jp/jackroad/rx2042/,https://www.chrono24.com/rolex/rolex-gmt-master-ii--id47560413.htm
0.5,BUY OPPORTUNITY,278274,JP,15022,13719,15104,Chrono24,12354,VERIFIED,C24 scrape,3,FULL_SET,jackroad,ロレックス ROLEX デイトジャスト 31 278274 新品 時計 ボーイズ,https://item.rakuten.co.jp/jackroad/rx1879/,https://www.chrono24.com/rolex/rolex-datejust-31--id46780019.htm
0.5,BUY OPPORTUNITY,126200,JP,9098,8309,9143,Chrono24,9044,VERIFIED,C24 hand read,3,FULL_SET|A_EXCELLENT,kitamura,【中古】 【美品】 ロレックス(ROLEX) デイトジャスト 36 ブラック 126200 ステンレス OB 【1年保証】,https://item.rakuten.co.jp/emedama/2245460006898/,
0.5,BUY OPPORTUNITY,4600V/200A-B980,JP,23666,21613,23787,"mark, NO VENUE",23787,VERIFIED,,,UNKNOWN|A_EXCELLENT,commit,ヴァシュロンコンスタンタン オーヴァーシーズ オートマティック Ref.4600V/200A-B980 ステンレススチール ブルー文字盤 美品 rdb67yrd,https://commit-watch.co.jp/products/rdb67yrd,
0.5,BUY OPPORTUNITY,224270,JP,10244,9355,10292,Chrono24,8563,VERIFIED,C24 scrape n=1 THIN,1,UNKNOWN|AA_LIKE_NEW,commit,ロレックス エクスプローラー40 Ref.224270 ステンレススチール ブラック文字盤 オイスターブレスレット 未使用 zuv33sro,https://commit-watch.co.jp/products/zuv33sro,https://www.chrono24.com/rolex/explorer--id47700443.htm
0.4,BUY OPPORTUNITY,69173,JP,7630,6968,7660,Chrono24,4896,DERIVED,C24 scrape n=1 THIN,1,PAPERS_ONLY,antiqurious,ロレックス デイトジャスト レディ 69173 自動巻き Cal.2135 SS/YG SS/YG ホワイト飛びアラビア文字盤（SWISS MADE表記） W番（1994年～199,https://antiqurious.com/products/rc_itinorx18dg8_vnln,https://www.chrono24.com/rolex/lady-datejust--id47195863.htm
0.4,BUY OPPORTUNITY,26420SO,JP,30731,28065,30842,"mark, NO VENUE",30842,VERIFIED,,,UNKNOWN|A_EXCELLENT,commit,オーデマピゲ ロイヤルオーク オフショア クロノグラフ Ref.26420SO.OO.A002CA.01 ステンレススチール/ブラックセラミック ブラック文字盤 美品 pemorf,https://commit-watch.co.jp/products/pemorfxg,
0.4,BUY OPPORTUNITY,26393NR,JP,30731,28065,30853,"mark, NO VENUE",30853,VERIFIED,,,UNKNOWN|A_EXCELLENT,commit,オーデマピゲ CODE 11.59 バイ オーデマ ピゲ クロノグラフ Ref.26393NR.OO.A002KB.02 ピンクゴールド×ブラックセラミック ブラック文字盤 美品 ,https://commit-watch.co.jp/products/2y44rp4c,
0.3,BUY OPPORTUNITY,126300,JP,10917,9970,10950,Chrono24,9982,VERIFIED,C24 scrape,7,PAPERS_ONLY|B_AVERAGE,kitamura,【中古】 【並品】 ロレックス(ROLEX) デイトジャスト 41 グレー/グリーン 126300 ステンレス ローマ OB 【1年保証】,https://item.rakuten.co.jp/emedama/2245460006867/,https://www.chrono24.com/rolex/rolex-datejust-41-white-roman-dial-stainless-steel-41mm-126300----id46780791.htm
0.3,BUY OPPORTUNITY,SBGE295,JP,5088,4646,5104,"mark, NO VENUE",5104,VERIFIED,,,FULL_SET|A_EXCELLENT,kitamura,【中古】 【美品】 グランドセイコー スプリングドライブ GMT グリーン SBGE295/9R66-0BK0 ステンレススティール 【1年保証】,https://item.rakuten.co.jp/emedama/2245460010017/,
0.2,BUY OPPORTUNITY,136660,JP,14100,12876,14124,Chrono24,14299,VERIFIED,C24 hand read n=1 THIN,1,FULL_SET,jackroad,ロレックス ROLEX シードゥエラー ディープシー 136660 中古 時計 メンズ,https://item.rakuten.co.jp/jackroad/6311658/,
0.1,BUY OPPORTUNITY,131.10.36.20.06.001,JP,3611,3297,3614,Chrono24,2954,DERIVED,C24 only,,FULL_SET,jackroad,オメガ OMEGA コンステレーション コーアクシャル マスタークロノメーター 36 131.10.36.20.06.001 新品 時計 メンズ,https://item.rakuten.co.jp/jackroad/om1175/,
0.1,BUY OPPORTUNITY,SBGR325,JP,3763,3436,3765,"mark, NO VENUE",3765,VERIFIED,,,FULL_SET|B_AVERAGE,kitamura,【中古】 【並品】 グランドセイコー メカニカル ブルー SBGR325 ステンレススティール 【1年保証】,https://item.rakuten.co.jp/emedama/2245460007819/,
-0.1,BUY OPPORTUNITY,220.10.41.21.10.001,JP,5587,5102,5584,Chrono24,4552,VERIFIED,C24 scrape,2,FULL_SET,jackroad,オメガ OMEGA シーマスター アクアテラ コーアクシャル マスター クロノメーター 220.10.41.21.10.001 新品 時計 メンズ,https://item.rakuten.co.jp/jackroad/om1225/,https://www.chrono24.com/omega/omega-seamaster-aqua-terra-41mm-green-dial-on-bracelet--id47287044.htm
-0.1,BUY OPPORTUNITY,IW328903,JP,10960,10009,10945,Chrono24,8333,DERIVED,C24 scrape,8,FULL_SET|A_EXCELLENT,kitamura,【中古】 【美品】 IWC インヂュニア ブルー IW328903 ステンレススティール 【1年保証】,https://item.rakuten.co.jp/emedama/2245460008069/,https://www.chrono24.com/iwc/2024-iwc-ingenieur-automatic-iw328903-40mm-aqua-blue-dial-steel-box-paper--id47169723.htm
-0.1,BUY OPPORTUNITY,15510OR,JP,108440,99032,108296,Chrono24,64860,VERIFIED,C24 scrape,6,UNKNOWN|AA_LIKE_NEW,commit,オーデマピゲ ロイヤルオーク Ref.15510OR.OO.1320OR.04 ピンクゴールド ブラック文字盤 未使用 6btbwk7g,https://commit-watch.co.jp/products/6btbwk7g,https://www.chrono24.com/audemarspiguet/royal-oak--id44577280.htm
-0.1,BUY OPPORTUNITY,16520,JP,31790,29032,31755,Chrono24 US,28092,VERIFIED,C24 research VARIANT RISK,,UNKNOWN,commit,ロレックス デイトナ エルプリメロ Ref.16520 ステンレススチール ブラック文字盤 中古 e9zt94q5,https://commit-watch.co.jp/products/e9zt94q5,
-0.2,BUY OPPORTUNITY,52509,JP,21052,19226,21000,eBay SOLD,23157,VERIFIED,VERIFIED,,UNKNOWN,commit,ロレックス 1908 Ref.52509 ホワイトゴールド ホワイト文字盤 革ベルト 美中古 64mq8z3o,https://commit-watch.co.jp/products/64mq8z3o,
-0.2,BUY OPPORTUNITY,SBGX263,JP,1709,1561,1706,"mark, NO VENUE",1706,VERIFIED,,,FULL_SET|A_EXCELLENT,kitamura,【中古】 【美品】 グランドセイコー クォーツ シルバー SBGX263/9F62-0AB0 ステンレススティール 【1年保証】,https://item.rakuten.co.jp/emedama/2442400034298/,
-0.3,BUY OPPORTUNITY,279171,JP,14825,13538,14781,Chrono24,14475,VERIFIED,C24 only,,FULL_SET,jackroad,ロレックス ROLEX レディ デイトジャスト 28 279171 中古 時計 レディース,https://item.rakuten.co.jp/jackroad/6374844/,
-0.3,BUY OPPORTUNITY,210.30.42.20.06.001,JP,4028,3678,4016,"mark, NO VENUE",4016,VERIFIED,,,FULL_SET|AB_GOOD,kitamura,【中古】 【良品】 オメガ(OMEGA) シーマスター ダイバー300M グレー 210.30.42.20.06.001 ステンレススティール 【1年保証】,https://item.rakuten.co.jp/emedama/2245460007161/,
-0.3,BUY OPPORTUNITY,214270,JP,9441,8622,9415,Chrono24,7506,VERIFIED,C24 scrape,6,UNKNOWN,rasin,ROLEX Explorer I (Early Model) Blackout 214270 Black Random Serial Number Used Men's Watch,https://en.www.rasin.co.jp/SHOP/U-214270BK-9.html,https://www.chrono24.com/rolex/rolex-explorer--id47558762.htm
-0.3,BUY OPPORTUNITY,126710BLNR,JP,18946,17302,18889,Chrono24,17118,VERIFIED,C24 scrape,28,FULL_SET,rasin,PRICEDOWN ROLEX GMT Master II 126710BLNR Black 3-row Oyster bracelet Bracelet Random Seria,https://en.www.rasin.co.jp/SHOP/U-126710BLNRO-16.html,https://www.chrono24.com/rolex/gmt-master-ii-batman-126710blnr-full-kit--id38713650.htm
-0.4,BUY OPPORTUNITY,214270,JP,9454,8633,9415,Chrono24,7506,VERIFIED,C24 scrape,6,FULL_SET,rasin,ROLEX Explorer I (Early Model) Blackout 214270 Black Random Serial Number Used Men's Watch,https://en.www.rasin.co.jp/SHOP/U-214270BK-14.html,https://www.chrono24.com/rolex/rolex-explorer--id47558762.htm
-0.5,BUY OPPORTUNITY,WSTA0129,JP,4401,4019,4380,Chrono24 US,3515,VERIFIED,C24 research,8,FULL_SET,jackroad,カルティエ CARTIER タンク フランセーズ SM WSTA0129 新品 時計 レディース,https://item.rakuten.co.jp/jackroad/ca1014/,
-0.6,BUY OPPORTUNITY,26231ST,JP,38541,35197,38325,Chrono24 US,32177,VERIFIED,C24 research VARIANT RISK,6,FULL_SET,bettyroad,オーデマ ピゲ AUDEMARS PIGUET ロイヤルオーク オフショア クロノグラフ 26231ST.ZZ.D027CA.01 中古 時計 男女兼用,https://item.rakuten.co.jp/bettyroad/6306364/,
-0.6,BUY OPPORTUNITY,214270,JP,9473,8651,9415,Chrono24,7506,VERIFIED,C24 scrape,6,UNKNOWN,rasin,ROLEX Explorer I (Early Model) Blackout 214270 Black Random Serial Number Used Men's Watch,https://en.www.rasin.co.jp/SHOP/U-214270BK-3.html,https://www.chrono24.com/rolex/rolex-explorer--id47558762.htm
-0.6,BUY OPPORTUNITY,226570,JP,12772,11664,12695,Chrono24,10932,VERIFIED,C24 scrape n=1 THIN,1,FULL_SET|AA_LIKE_NEW,kitamura,【中古】 【新品同様】 ロレックス(ROLEX) エクスプローラーII ブラック 226570 ステンレス 【1年保証】,https://item.rakuten.co.jp/emedama/2445740040981/,https://www.chrono24.com/rolex/like-new-2022-explorer-ii-black-dial-226570--id47663583.htm
-0.8,BUY OPPORTUNITY,28403,JP,3808,3478,3778,Chrono24 US,2855,VERIFIED,C24 research MAPPING,6,FULL_SET,jackroad,チューダー(チュードル) TUDOR ロイヤル 28403-0005 新品 時計 レディース,https://item.rakuten.co.jp/jackroad/tu694/,
-0.8,BUY OPPORTUNITY,277200,JP,9422,8604,9351,Chrono24,8779,VERIFIED,C24 scrape n=1 THIN,1,FULL_SET,jackroad,ロレックス ROLEX オイスター パーペチュアル 277200 新品 時計 レディース,https://item.rakuten.co.jp/jackroad/rx2085/,https://www.chrono24.com/rolex/new-2026-oyster-perpetual-31mm-277200-med-blue-dial--id44496177.htm
-0.8,BUY OPPORTUNITY,U10380101A1U1,JP,5076,4635,5037,Chrono24,4171,DERIVED,C24 only,,FULL_SET,bettyroad,ブライトリング BREITLING クロノマット オートマチック 36 U10380101A1U1 新品 時計 レディース,https://item.rakuten.co.jp/bettyroad/br1463/,
-0.8,BUY OPPORTUNITY,214270,JP,9486,8663,9415,Chrono24,7506,VERIFIED,C24 scrape,6,FULL_SET,rasin,ROLEX Explorer I (Early Model) Blackout 214270 Black Random Serial Number Used Men's Watch,https://en.www.rasin.co.jp/SHOP/U-214270BK-12.html,https://www.chrono24.com/rolex/rolex-explorer--id47558762.htm
-1.0,BUY OPPORTUNITY,16520,JP,32073,29290,31755,Chrono24 US,28092,VERIFIED,C24 research VARIANT RISK,,UNKNOWN,commit,ロレックス デイトナ エルプリメロ Ref.16520 ステンレススチール ブラック文字盤 美中古 3ggfrm7d,https://commit-watch.co.jp/products/3ggfrm7d,
-1.0,BUY OPPORTUNITY,116610LN,JP,13375,12215,13247,Chrono24,10060,DERIVED,C24 scrape,14,FULL_SET,jackroad,ロレックス ROLEX サブマリーナー デイト 116610LN 中古 時計 メンズ,https://item.rakuten.co.jp/jackroad/6363633/,https://www.chrono24.com/rolex/rolex-submariner-date--id47802649.htm
-1.1,BUY OPPORTUNITY,116610LV,JP,22577,20618,22337,Chrono24,18663,VERIFIED,C24 scrape n=1 THIN,1,PAPERS_ONLY|AB_GOOD,kitamura,【中古】 【良品】 ロレックス(ROLEX) サブマリーナー デイト グリーン 116610LV ステンレス 【1年保証】,https://item.rakuten.co.jp/emedama/2245460006508/,https://www.chrono24.com/rolex/submariner-date--id45939899.htm
-1.1,BUY OPPORTUNITY,4520V/210R-B967,JP,74177,67742,73360,Chrono24 US,61724,VERIFIED,C24 research,,UNKNOWN|A_EXCELLENT,commit,ヴァシュロンコンスタンタン オーヴァーシーズ オートマティック Ref.4520V/210R-B967 ピンクゴールド グリーン文字盤 極美品 mhc5rbi2,https://commit-watch.co.jp/products/mhc5rbi2,
-1.1,BUY OPPORTUNITY,336934,JP,25561,23343,25288,Chrono24,23587,VERIFIED,C24 scrape,35,FULL_SET,rasin,ROLEX Sky-Dweller 336934 Black 5-row Jubilee bracelet Bracelet Random Serial Number Used M,https://en.www.rasin.co.jp/SHOP/U-336934BK-2.html,https://www.chrono24.com/rolex/like-new-2025-sky-dweller-steel-jubilee-black-dial-336934--id47597729.htm
-1.1,BUY OPPORTUNITY,214270,JP,9518,8692,9415,Chrono24,7506,VERIFIED,C24 scrape,6,FULL_SET,rasin,ROLEX Explorer I (Early Model) Blackout 214270 Black Random Serial Number Used Men's Watch,https://en.www.rasin.co.jp/SHOP/U-214270BK.html,https://www.chrono24.com/rolex/rolex-explorer--id47558762.htm
-1.1,BUY OPPORTUNITY,126503,JP,29337,26792,29016,Chrono24,25325,VERIFIED,C24 scrape,8,FULL_SET,rasin,PRICEDOWN ROLEX Cosmograph Daytona 126503 White Random Serial Number Used Men's Watch,https://en.www.rasin.co.jp/SHOP/U-126503WH-4.html,https://www.chrono24.com/rolex/rolex-daytona--id47466342.htm
-1.3,BUY OPPORTUNITY,127234,JP,22511,20558,22227,Chrono24,19644,VERIFIED,C24 scrape,9,FULL_SET|A_EXCELLENT,kitamura,【中古】 【美品】 ロレックス(ROLEX) ランドドゥエラー 36 ホワイト 127234 ステンレススティール/ホワイトゴールド ハニカムモチーフ 【1年保証】,https://item.rakuten.co.jp/emedama/2245460006690/,https://www.chrono24.com/rolex/land-dweller--id45173976.htm
-1.3,BUY OPPORTUNITY,126720VTNR,JP,17854,16305,17628,Chrono24,14816,DERIVED,C24 scrape,6,FULL_SET,rasin,ROLEX GMT Master II 126720VTNR Black 3-row Oyster bracelet Bracelet Random Serial Number U,https://en.www.rasin.co.jp/SHOP/U-126720VTNR-10.html,https://www.chrono24.com/rolex/rolex-gmt-master-ii-sprite-126720vtnr--id47697234.htm
-1.3,BUY OPPORTUNITY,126234,JP,12716,11613,12559,Chrono24,12488,VERIFIED,C24 scrape,8,UNKNOWN|A_EXCELLENT,commit,ロレックス デイトジャスト36 Ref.126234 ステンレススチール/ホワイトゴールド ブラック文字盤 ジュビリーブレスレット 美品 sd6r7n5v,https://commit-watch.co.jp/products/sd6r7n5v,https://www.chrono24.com/rolex/rolex-pre-owned-rolex-oyster-oysterseel-perpetual-datejust-silver-dial-36mm-watch-2021-126234--id44628162.htm
-1.4,BUY OPPORTUNITY,126331,JP,17873,16323,17628,Chrono24,17111,VERIFIED,C24 scrape,9,FULL_SET|A_EXCELLENT,kitamura,【中古】 【美品】 ロレックス(ROLEX) デイトジャスト 41 グレー/グリーン 126331 ステンレス/ローズゴールド ローマ OB 【1年保証】,https://item.rakuten.co.jp/emedama/2245460008694/,https://www.chrono24.com/rolex/rolex-cpo-datejust-126331-41mm-everose-chocolate-dial--id47697277.htm
-1.4,BUY OPPORTUNITY,126720VTNR,JP,17873,16323,17628,Chrono24,14816,DERIVED,C24 scrape,6,UNKNOWN,commit,ロレックス GMTマスターII Ref.126720VTNR ステンレススチール ブラック文字盤 ジュビリーブレスレット 中古 ouwvbdtc,https://commit-watch.co.jp/products/ouwvbdtc,https://www.chrono24.com/rolex/rolex-gmt-master-ii-sprite-126720vtnr--id47697234.htm
-1.5,BUY OPPORTUNITY,SBGN027,JP,2780,2539,2738,Chrono24 US,2358,VERIFIED,C24 research PARTIAL,8,FULL_SET|A_EXCELLENT,kitamura,【中古】 【美品】 グランドセイコー スポーツコレクション ブラック SBGN027 ステンレススティール 【1年保証】,https://item.rakuten.co.jp/emedama/2445560018061/,
-1.5,BUY OPPORTUNITY,126900,JP,9990,9123,9844,Chrono24,8325,VERIFIED,C24 scrape n=1 THIN,1,FULL_SET|AA_LIKE_NEW,kitamura,【中古】 【新品同様】 ロレックス(ROLEX) エアキング ブラック 126900 ステンレス 【1年保証】,https://item.rakuten.co.jp/emedama/2445740040165/,https://www.chrono24.com/rolex/air-king--id47674791.htm
-1.6,BUY OPPORTUNITY,214270,JP,9569,8739,9415,Chrono24,7506,VERIFIED,C24 scrape,6,FULL_SET,rasin,ROLEX Explorer I (Early Model) Blackout 214270 Black Random Serial Number Used Men's Watch,https://en.www.rasin.co.jp/SHOP/U-214270BK-13.html,https://www.chrono24.com/rolex/rolex-explorer--id47558762.htm
-1.7,BUY OPPORTUNITY,16600,JP,10244,9355,10073,Chrono24,9019,VERIFIED,C24 scrape,2,UNKNOWN,commit,ロレックス シードゥエラー Ref.16600 ステンレススチール ブラック文字盤 美中古 89mjtud5,https://commit-watch.co.jp/products/89mjtud5,https://www.chrono24.com/rolex/sea-dweller--id47263835.htm
-1.8,BUY OPPORTUNITY,224270,JP,10476,9567,10292,Chrono24,8563,VERIFIED,C24 scrape n=1 THIN,1,FULL_SET,jackroad,ロレックス ROLEX エクスプローラー 40 224270 中古 時計 メンズ,https://item.rakuten.co.jp/jackroad/6429261/,https://www.chrono24.com/rolex/explorer--id47700443.htm
-2.0,BUY OPPORTUNITY,28403,JP,3854,3520,3778,Chrono24 US,2855,VERIFIED,C24 research MAPPING,6,FULL_SET,bettyroad,チューダー(チュードル) TUDOR ロイヤル 28403-0005 新品 時計 レディース,https://item.rakuten.co.jp/bettyroad/tu694/,
-2.0,BUY OPPORTUNITY,278271,JP,19542,17847,19163,Chrono24 US,16165,VERIFIED,C24 research,,FULL_SET,bettyroad,ロレックス ROLEX デイトジャスト 31 278271 新品 時計 ボーイズ,https://item.rakuten.co.jp/bettyroad/rx1797/,
-2.0,BUY OPPORTUNITY,210.32.42.20.01.003,JP,5390,4922,5286,"mark, NO VENUE",5286,VERIFIED,,,FULL_SET,jackroad,オメガ OMEGA シーマスター ダイバー300M コーアクシャル マスター クロノメーター 210.32.42.20.01.003 新品 時計 メンズ,https://item.rakuten.co.jp/jackroad/om1713/,
-2.0,BUY OPPORTUNITY,126300,JP,11174,10204,10950,Chrono24,9982,VERIFIED,C24 scrape,7,UNKNOWN|AA_LIKE_NEW,kamekichi,デイトジャスト41,https://www.kame-kichi.com/items/43952,https://www.chrono24.com/rolex/rolex-datejust-41-white-roman-dial-stainless-steel-41mm-126300----id46780791.htm
-2.1,BUY OPPORTUNITY,SBGR315,JP,3113,2843,3049,"mark, NO VENUE",3049,VERIFIED,,,PAPERS_ONLY|AB_GOOD,kitamura,【中古】 【良品】 グランドセイコー メカニカル シルバー SBGR315/ 9S65-00T0 ステンレススティール 【1年保証】,https://item.rakuten.co.jp/emedama/2245460008298/,
-2.1,BUY OPPORTUNITY,SBGN029,JP,2703,2468,2647,"mark, NO VENUE",2647,VERIFIED,,,FULL_SET|B_AVERAGE,kitamura,【中古】 【並品】 グランドセイコー クォーツ GMT ブラック SBGN029 ステンレススティール 【1年保証】,https://item.rakuten.co.jp/emedama/2440120062287/,
-2.1,BUY OPPORTUNITY,16610,JP,11182,10212,10949,Chrono24,9276,VERIFIED,C24 scrape,12,FULL_SET|AB_GOOD,kitamura,【中古】 【良品】 ロレックス(ROLEX) サブマリーナー デイト ブラック 16610 ステンレス クロノメーター表記 【1年保証】,https://item.rakuten.co.jp/emedama/2440310036616/,https://www.chrono24.com/rolex/submariner-date--id47263096.htm
-2.1,BUY OPPORTUNITY,216570,JP,11162,10194,10934,Chrono24,8861,VERIFIED,C24 scrape n=1 THIN,1,UNKNOWN|A_EXCELLENT,commit,ロレックス エクスプローラーII Ref.216570 ステンレススチール ホワイト文字盤 オイスターブレスレット 美品 kcqkuxnb,https://commit-watch.co.jp/products/kcqkuxnb,https://www.chrono24.com/rolex/rolex-explorer-ii--id47754190.htm
-2.2,BUY OPPORTUNITY,126518LN,JP,58507,53431,57241,Chrono24,59042,DERIVED,C24 scrape,20,FULL_SET,jackroad,ロレックス ROLEX コスモグラフ デイトナ 126518LN 新品 時計 メンズ,https://item.rakuten.co.jp/jackroad/rx1789/,https://www.chrono24.com/rolex/rolex-2025-daytona-40mm-126518ln-yellow-gold-oysterflex-champagne-dial--id47596590.htm
-2.3,BUY OPPORTUNITY,WSSA0046,JP,8565,7822,8376,Chrono24,7173,VERIFIED,C24 only,,FULL_SET,jackroad,カルティエ CARTIER サントス デュモン LM WSSA0046 新品 時計 男女兼用,https://item.rakuten.co.jp/jackroad/ca834/,
-2.3,BUY OPPORTUNITY,116660,JP,10476,9567,10238,Chrono24 US,11000,VERIFIED,C24 research,20,FULL_SET,jackroad,ロレックス ROLEX シードゥエラー ディープシー 116660 中古 時計 メンズ,https://item.rakuten.co.jp/jackroad/6335043/,
-2.3,BUY OPPORTUNITY,16570,JP,8336,7613,8151,Chrono24,8104,VERIFIED,C24 scrape,4,UNKNOWN,commit,ロレックス エクスプローラーII Ref.16570 ステンレススチール ブラック文字盤 オイスターブレスレット 中古 ux65yfzh,https://commit-watch.co.jp/products/ux65yfzh,https://www.chrono24.com/rolex/explorer-ii--id47838616.htm
-2.4,BUY OPPORTUNITY,AB0147101L1A1,JP,4599,4200,4490,Chrono24,6928,DERIVED,C24 only,,FULL_SET,jackroad,ブライトリング BREITLING アベンジャー B01 クロノグラフ AB0147101L1A1 新品 時計 メンズ,https://item.rakuten.co.jp/jackroad/br1560/,
-2.5,BUY OPPORTUNITY,332.10.41.51.01.002,JP,8367,7641,8163,Chrono24,7734,VERIFIED,C24 scrape n=1 THIN,1,FULL_SET|AA_LIKE_NEW,kitamura,【中古】 【美品】 オメガ(OMEGA) スピードマスター パイロット ブラック 332.10.41.51.01.002 ステンレススティール 【1年保証】,https://item.rakuten.co.jp/emedama/2245460008267/,https://www.chrono24.com/omega/speedmaster-pilot-stainless-steel-automatic-33210415101002--id47662776.htm
-2.5,BUY OPPORTUNITY,126729VTNR,JP,49002,44751,47827,"mark, NO VENUE",47827,VERIFIED,,,FULL_SET,rasin,PRICEDOWN ROLEX GMT Master II 126729VTNR Green Random Serial Number Used Men&#39;s Watch,https://en.www.rasin.co.jp/SHOP/U-126729VTNR.html,
-2.6,BUY OPPORTUNITY,310.30.42.50.01.002,JP,7775,7100,7576,Chrono24,6493,VERIFIED,C24 scrape n=1 THIN,1,FULL_SET,jackroad,オメガ OMEGA スピードマスター ムーンウォッチ プロフェッショナル コーアクシャル マスター クロノメーター 310.30.42.50.01.002 新品 時計 メンズ,https://item.rakuten.co.jp/jackroad/om1251/,https://www.chrono24.com/omega/speedmaster-professional-moonwatch--id47068122.htm
-2.6,BUY OPPORTUNITY,214270,JP,9659,8821,9415,Chrono24,7506,VERIFIED,C24 scrape,6,FULL_SET,rasin,ROLEX Explorer I (late model) White 369 214270 Black Random Serial Number Used Men's Watch,https://en.www.rasin.co.jp/SHOP/U-214270WH-7.html,https://www.chrono24.com/rolex/rolex-explorer--id47558762.htm
-2.7,BUY OPPORTUNITY,126233,JP,20952,19134,20394,Chrono24,15217,VERIFIED,C24 scrape,6,FULL_SET,jackroad,ロレックス ROLEX デイトジャスト 36 126233 新品 時計 メンズ,https://item.rakuten.co.jp/jackroad/rx1068/,https://www.chrono24.com/rolex/rolex-datejust-36mm-126233-jubilee-steel-and-yellow-gold-fluted-bezel-champagne-index-dial--id21201440.htm
-2.7,BUY OPPORTUNITY,277200,JP,9608,8774,9351,Chrono24,8779,VERIFIED,C24 scrape n=1 THIN,1,UNKNOWN|AA_LIKE_NEW,commit,ロレックス オイスターパーペチュアル31 Ref.277200 ステンレススチール キャンディピンク文字盤 未使用 qz6tabyv,https://commit-watch.co.jp/products/qz6tabyv,https://www.chrono24.com/rolex/new-2026-oyster-perpetual-31mm-277200-med-blue-dial--id44496177.htm
-2.7,BUY OPPORTUNITY,214270,JP,9666,8827,9415,Chrono24,7506,VERIFIED,C24 scrape,6,FULL_SET,rasin,ROLEX Explorer I (late model) White 369 214270 Black Random Serial Number Used Men's Watch,https://en.www.rasin.co.jp/SHOP/U-214270WH-9.html,https://www.chrono24.com/rolex/rolex-explorer--id47558762.htm
-2.7,BUY OPPORTUNITY,226570,JP,13037,11906,12695,Chrono24,10932,VERIFIED,C24 scrape n=1 THIN,1,FULL_SET|AA_LIKE_NEW,kitamura,【中古】 【新品同様】 ロレックス(ROLEX) エクスプローラーII ブラック 226570 ステンレス 【1年保証】,https://item.rakuten.co.jp/emedama/2445740039398/,https://www.chrono24.com/rolex/like-new-2022-explorer-ii-black-dial-226570--id47663583.htm
-2.7,BUY OPPORTUNITY,226570,JP,13037,11906,12695,Chrono24,10932,VERIFIED,C24 scrape n=1 THIN,1,FULL_SET|AA_LIKE_NEW,kitamura,【中古】 【新品同様】 ロレックス(ROLEX) エクスプローラーII ブラック 226570 ステンレス 【1年保証】,https://item.rakuten.co.jp/emedama/2445740037707/,https://www.chrono24.com/rolex/like-new-2022-explorer-ii-black-dial-226570--id47663583.htm
-2.8,BUY OPPORTUNITY,26231ST,JP,39400,35982,38325,Chrono24 US,32177,VERIFIED,C24 research VARIANT RISK,6,FULL_SET,jackroad,オーデマ ピゲ AUDEMARS PIGUET ロイヤルオーク オフショア クロノグラフ 26231ST.ZZ.D027CA.01 中古 時計 男女兼用,https://item.rakuten.co.jp/jackroad/6306364/,
-2.8,BUY OPPORTUNITY,279381RBR,JP,21386,19531,20804,Chrono24 US,20013,VERIFIED,C24 research,,UNKNOWN,rasin,SALE Rolex Datejust Bezel Diamond 10P Diamond 279381RBR Olive Green 5 Rows Jubilee bracele,https://en.www.rasin.co.jp/SHOP/U-279381RBROGJ.html,
-2.9,BUY OPPORTUNITY,126680,JP,29517,26956,28683,"mark, NO VENUE",28683,VERIFIED,,,FULL_SET,jackroad,ロレックス ROLEX ヨットマスターII 126680 新品 時計 メンズ,https://item.rakuten.co.jp/jackroad/rx2249/,
-3.0,BUY OPPORTUNITY,WSTA0135,JP,3722,3399,3614,US AD retail,3198,VERIFIED,C24 research,8,FULL_SET,jackroad,カルティエ CARTIER タンク マスト SM WSTA0135 新品 時計 レディース,https://item.rakuten.co.jp/jackroad/ca1103/,
-3.0,BUY OPPORTUNITY,214270,JP,9698,8856,9415,Chrono24,7506,VERIFIED,C24 scrape,6,FULL_SET,rasin,ROLEX Explorer I (late model) White 369 214270 Black Random Serial Number Used Men's Watch,https://en.www.rasin.co.jp/SHOP/U-214270WH-6.html,https://www.chrono24.com/rolex/rolex-explorer--id47558762.htm
99.4,"US_DEALER, not a hand carry",SBGA373,non-JP,19,17,3262,"mark, NO VENUE",3262,VERIFIED,,,UNKNOWN,ippo,SEIKO AA1B711J9-LKPN Link Pin for SBGA373 SBGA373G SBGA375 SBGA375G SBGA387G and More Mode,https://www.ippojapanwatch.com/products/seiko-aa1b711j9-lkpn-駒用ピン,
99.4,"US_DEALER, not a hand carry",SBGA373,non-JP,19,17,3262,"mark, NO VENUE",3262,VERIFIED,,,UNKNOWN,ippo,SEIKO AA1B711J9-BKPP Clasp Spring Bar for SBGA373 SBGA373G SBGA375 SBGA375G SBGA409 and Mo,https://www.ippojapanwatch.com/products/seiko-aa1b711j9-bkpp-中留バネ棒,
99.0,"US_DEALER, not a hand carry",SBGJ263,non-JP,42,39,4294,"mark, NO VENUE",4294,VERIFIED,,,UNKNOWN,ippo,SEIKO AA2B1JKNA Link Screw for SBGJ263 SBGJ263G SBGJ265 SBGJ265G SBGJ267 and More Models,https://www.ippojapanwatch.com/products/seiko-aa2b1jkna-駒用固定ねじ-バンド,
98.8,"US_DEALER, not a hand carry",SBGA211,non-JP,90,82,7495,Chrono24,4611,VERIFIED,C24 scrape,9,UNKNOWN,ippo,SEIKO AA0321TLKD Adjustment Link 6H for SBGA125 SBGA125G SBGA127 SBGA127G SBGA211 and More,https://www.ippojapanwatch.com/products/seiko-aa0321tlkd-アジャスト駒-６時,https://www.chrono24.com/grandseiko/new-2026-snowflake-sbga211-spring-drive-titanium--id18300389.htm
98.8,"US_DEALER, not a hand carry",SBGA211,non-JP,90,82,7495,Chrono24,4611,VERIFIED,C24 scrape,9,UNKNOWN,ippo,SEIKO AA0321TLKC Adjustment Link 12H for SBGA125 SBGA125G SBGA127 SBGA127G SBGA211 and Mor,https://www.ippojapanwatch.com/products/seiko-aa0321tlkc-アジャスト駒-１２時,https://www.chrono24.com/grandseiko/new-2026-snowflake-sbga211-spring-drive-titanium--id18300389.htm
98.8,"US_DEALER, not a hand carry",SBGC251,non-JP,94,86,7526,"mark, NO VENUE",7526,VERIFIED,,,UNKNOWN,ippo,SEIKO A0EV23TLKD Adjustment Link 6H for SBGC249 SBGC249G SBGC251 SBGC251G SBGC261 and More,https://www.ippojapanwatch.com/products/seiko-a0ev23tlkd-アジャスト駒-６時,
98.8,"US_DEALER, not a hand carry",SBGC251,non-JP,94,86,7526,"mark, NO VENUE",7526,VERIFIED,,,UNKNOWN,ippo,SEIKO A0EV23TLKC Adjustment Link 12H for SBGC249 SBGC249G SBGC251 SBGC251G SBGC261 and Mor,https://www.ippojapanwatch.com/products/seiko-a0ev23tlkc-アジャスト駒-１２時,
98.7,"US_DEALER, not a hand carry",SLGH017,non-JP,94,86,7422,"mark, NO VENUE",7422,VERIFIED,,,UNKNOWN,ippo,SEIKO A0EV13TLKD Adjustment Link 6H for SLGH017 SLGH017G and More Models,https://www.ippojapanwatch.com/products/seiko-a0ev13tlkd-アジャスト駒-６時,
98.7,"US_DEALER, not a hand carry",SLGH017,non-JP,94,86,7422,"mark, NO VENUE",7422,VERIFIED,,,UNKNOWN,ippo,SEIKO A0EV13TLKC Adjustment Link 12H for SLGH017 SLGH017G and More Models,https://www.ippojapanwatch.com/products/seiko-a0ev13tlkc-アジャスト駒-１２時,
98.6,"US_DEALER, not a hand carry",SBGC251,non-JP,105,95,7526,"mark, NO VENUE",7526,VERIFIED,,,UNKNOWN,ippo,SEIKO A0EV3TLKA Small Adjustment Link for SBGC249 SBGC249G SBGC251 SBGC251G SBGC261 and Mo,https://www.ippojapanwatch.com/products/seiko-a0ev3tlka-スモールアジャスト駒,
98.6,"US_DEALER, not a hand carry",SBGC251,non-JP,105,95,7526,"mark, NO VENUE",7526,VERIFIED,,,UNKNOWN,ippo,SEIKO A0EV3TLK Band Link for SBGC249 SBGC249G SBGC251 SBGC251G SBGC261 and More Models,https://www.ippojapanwatch.com/products/seiko-a0ev3tlk-バンド駒,
98.3,"US_DEALER, not a hand carry",SBGC251,non-JP,125,114,7526,"mark, NO VENUE",7526,VERIFIED,,,UNKNOWN,ippo,SEIKO EP230043T End Piece for SBGC249 SBGC249G SBGC251 SBGC251G SBGC261 and More Models,https://www.ippojapanwatch.com/products/seiko-ep230043t-エンドピース,
98.3,"US_DEALER, not a hand carry",SLGH017,non-JP,125,114,7422,"mark, NO VENUE",7422,VERIFIED,,,UNKNOWN,ippo,SEIKO EP2201L3T End Piece for SLGH017 SLGH017G and More Models,https://www.ippojapanwatch.com/products/seiko-ep2201l3t-エンドピース,
98.3,"US_DEALER, not a hand carry",SBGA413,non-JP,131,119,7714,Chrono24,5623,VERIFIED,C24 scrape,10,UNKNOWN,ippo,SEIKO EP2100H1T End Piece for SBGA125 SBGA125G SBGA127 SBGA127G SBGA397 and More Models,https://www.ippojapanwatch.com/products/seiko-ep2100h1t-エンドピース,https://www.chrono24.com/grandseiko/new-2026-sbga413-shunbun-spring-blossom--id36416774.htm
98.3,"US_DEALER, not a hand carry",SBGA373,non-JP,57,52,3262,"mark, NO VENUE",3262,VERIFIED,,,UNKNOWN,ippo,SEIKO AA1B711J9-BL6H Clasp Connector Link 6H for SBGA373 SBGA373G SBGA375 SBGA375G SBGA409,https://www.ippojapanwatch.com/products/seiko-aa1b711j9-bl6h-中留つなぎ駒６ｈ側,
98.3,"US_DEALER, not a hand carry",SBGA373,non-JP,57,52,3262,"mark, NO VENUE",3262,VERIFIED,,,UNKNOWN,ippo,SEIKO AA1B711J9-BL12 Clasp Connector Link 12H for SBGA373 SBGA373G SBGA375 SBGA375G SBGA40,https://www.ippojapanwatch.com/products/seiko-aa1b711j9-bl12-中留つなぎ駒１２ｈ側,
98.3,"US_DEALER, not a hand carry",SLGA015,non-JP,115,105,6817,"mark, NO VENUE",6817,VERIFIED,,,UNKNOWN,ippo,SEIKO A0EW13TLKB Clasp Connector Link for SLGA015 SLGA015G SLGA023 SLGA023G SLGA037 and Mo,https://www.ippojapanwatch.com/products/seiko-a0ew13tlkb-中留接続駒-６時-１２時は同じ駒,
98.1,"US_DEALER, not a hand carry",SLGA015,non-JP,129,117,6817,"mark, NO VENUE",6817,VERIFIED,,,UNKNOWN,ippo,SEIKO A0EW3TLK Band Link for SLGA015 SLGA015G SLGA023 SLGA023G SLGA037 and More Models,https://www.ippojapanwatch.com/products/seiko-a0ew3tlk-バンド駒,
98.1,SUSPECT_DATA,126610LV,JP,305,278,16195,Chrono24,14441,VERIFIED,C24 scrape,16,UNKNOWN,housekihiroba,Submariner Date,https://www.housekihiroba-en.com/shop/g/gRX2956/,https://www.chrono24.com/rolex/submariner-date--id47784856.htm
98.0,"US_DEALER, not a hand carry",SBGP009,non-JP,37,34,1866,"mark, NO VENUE",1866,VERIFIED,,,UNKNOWN,ippo,SEIKO AA1YA13J9-BL6H Clasp Connector Link 6H for SBGN007G SBGN009 SBGN009G SBGP009 SBGP009,https://www.ippojapanwatch.com/products/seiko-aa1ya13j9-bl6h-中留つなぎ駒６ｈ側,
98.0,"US_DEALER, not a hand carry",SBGP009,non-JP,37,34,1866,"mark, NO VENUE",1866,VERIFIED,,,UNKNOWN,ippo,SEIKO AA1YA13J9-BL12 Clasp Connector Link 12H for SBGN007G SBGN009 SBGN009G SBGP009 SBGP00,https://www.ippojapanwatch.com/products/seiko-aa1ya13j9-bl12-中留つなぎ駒１２ｈ側,
97.8,"US_DEALER, not a hand carry",SBGC201,non-JP,99,90,4549,"mark, NO VENUE",4549,VERIFIED,,,UNKNOWN,ippo,SEIKO EP210071J End Piece for SBGC201 SBGC203 SBGC237 SBGC240 SBGC240G and More Models,https://www.ippojapanwatch.com/products/seiko-ep210071j-エンドピース,
97.7,"US_DEALER, not a hand carry",SLGA015,non-JP,155,142,6817,"mark, NO VENUE",6817,VERIFIED,,,UNKNOWN,ippo,SEIKO EP230053T End Piece for SLGA015 SLGA015G SLGA023 SLGA023G SLGA037 and More Models,https://www.ippojapanwatch.com/products/seiko-ep230053t-エンドピース,
97.7,"US_DEALER, not a hand carry",SBGJ263,non-JP,100,92,4294,"mark, NO VENUE",4294,VERIFIED,,,UNKNOWN,ippo,SEIKO AA2B11JLKD Adjustment Link 6H for SBGJ263 SBGJ263G SBGJ265 SBGJ265G SBGJ267 and More,https://www.ippojapanwatch.com/products/seiko-aa2b11jlkd-アジャスト駒-６時,
97.7,"US_DEALER, not a hand carry",SBGJ263,non-JP,100,92,4294,"mark, NO VENUE",4294,VERIFIED,,,UNKNOWN,ippo,SEIKO AA2B11JLKC Adjustment Link 12H for SBGJ263 SBGJ263G SBGJ265 SBGJ265G SBGJ267 and Mor,https://www.ippojapanwatch.com/products/seiko-aa2b11jlkc-アジャスト駒-１２時,
97.6,"US_DEALER, not a hand carry",SBGJ249,non-JP,139,127,5693,Chrono24 US,4867,VERIFIED,C24 research,,UNKNOWN,ippo,SEIKO EP1901D1J End Piece for SBGJ249 SBGJ249G SBGJ251 SBGJ251G SBGJ269G and More Models,https://www.ippojapanwatch.com/products/seiko-ep1901d1j-エンドピース,
97.4,"US_DEALER, not a hand carry",SBGJ263,non-JP,111,101,4294,"mark, NO VENUE",4294,VERIFIED,,,UNKNOWN,ippo,SEIKO AA2B1JLKA Small Adjustment Link for SBGJ263 SBGJ263G SBGJ265 SBGJ265G SBGJ267 and Mo,https://www.ippojapanwatch.com/products/seiko-aa2b1jlka-スモールアジャスト駒,
97.3,"US_DEALER, not a hand carry",SBGJ237,non-JP,111,101,4122,"mark, NO VENUE",4122,VERIFIED,,,UNKNOWN,ippo,SEIKO EP2100M1J End Piece for SBGJ237 SBGJ237G SBGJ257 SBGJ275 SBGJ275G and More Models,https://www.ippojapanwatch.com/products/seiko-ep2100m1j-エンドピース,
97.0,"US_DEALER, not a hand carry",SBGA373,non-JP,99,90,3262,"mark, NO VENUE",3262,VERIFIED,,,UNKNOWN,ippo,SEIKO EP1900N1J End Piece for SBGA373 SBGA373G SBGA375 SBGA375G SBGA387G and More Models,https://www.ippojapanwatch.com/products/seiko-ep1900n1j-エンドピース,
96.9,"US_DEALER, not a hand carry",SBGA229,non-JP,115,105,3769,"mark, NO VENUE",3769,VERIFIED,,,UNKNOWN,ippo,SEIKO EP220031J End Piece for SBGA229 SBGA229G SBGA391G SBGA461 SBGA461G and More Models,https://www.ippojapanwatch.com/products/seiko-ep220031j-エンドピース,
96.7,"US_DEALER, not a hand carry",SBGM245,non-JP,125,114,3827,"mark, NO VENUE",3827,VERIFIED,,,UNKNOWN,ippo,SEIKO EP2003S3J End Piece for SBGM245 SBGM245G SBGM247 SBGM247G and More Models,https://www.ippojapanwatch.com/products/seiko-ep2003s3j-エンドピース,
96.5,"US_DEALER, not a hand carry",SBGC240,non-JP,324,295,9161,"mark, NO VENUE",9161,VERIFIED,,,UNKNOWN,ippo,SEIKO H1KS12SA03B Clasp Buckle for SBGC237 SBGC240 SBGC240G SBGC240J SBGC242 and More Mode,https://www.ippojapanwatch.com/products/seiko-h1ks12sa03b-中留,
96.4,"US_DEALER, not a hand carry",SBGA463,non-JP,175,160,4809,"mark, NO VENUE",4809,VERIFIED,,,UNKNOWN,ippo,SEIKO EP220031T End Piece for SBGA231 SBGA231G SBGA463 SBGA463G and More Models,https://www.ippojapanwatch.com/products/seiko-ep220031t-エンドピース,
96.4,"US_DEALER, not a hand carry",SLGW003,non-JP,304,277,8535,"mark, NO VENUE",8535,VERIFIED,,,UNKNOWN,ippo,SEIKO C04L011T0 Leather Watch Band for SLGW003 and More Models,https://www.ippojapanwatch.com/products/seiko-c04l011t0-革バンド,
96.1,"US_DEALER, not a hand carry",SBGA439,non-JP,139,127,3527,"mark, NO VENUE",3527,VERIFIED,,,UNKNOWN,ippo,SEIKO EP2003K3J End Piece for SBGA00C SBGA437 SBGA437G SBGA437J SBGA439 and More Models,https://www.ippojapanwatch.com/products/seiko-ep2003k3j-エンドピース,
96.1,"US_DEALER, not a hand carry",SBGJ263,non-JP,166,152,4294,"mark, NO VENUE",4294,VERIFIED,,,UNKNOWN,ippo,SEIKO EP1901F1J End Piece for SBGJ263 SBGJ263G SBGJ265 SBGJ265G SBGJ267 and More Models,https://www.ippojapanwatch.com/products/seiko-ep1901f1j-エンドピース,
95.4,"US_DEALER, not a hand carry",SBGN027,non-JP,125,114,2738,Chrono24 US,2358,VERIFIED,C24 research PARTIAL,8,UNKNOWN,ippo,SEIKO EP1901J3J End Piece for SBGN00F SBGN027 SBGN027G SBGN029 SBGN029G and More Models,https://www.ippojapanwatch.com/products/seiko-ep1901j3j-エンドピース,
95.1,"US_DEALER, not a hand carry",SLGH017,non-JP,360,329,7422,"mark, NO VENUE",7422,VERIFIED,,,UNKNOWN,ippo,SEIKO H21P12TA00B Clasp Buckle for SLGH017 SLGH017G and More Models,https://www.ippojapanwatch.com/products/seiko-h21p12ta00b-中留,
94.3,"US_DEALER, not a hand carry",SBGP009,non-JP,106,97,1866,"mark, NO VENUE",1866,VERIFIED,,,UNKNOWN,ippo,SEIKO EP2001Y3J End Piece for SBGN007G SBGN009 SBGN009G SBGP009 SBGP009G and More Models,https://www.ippojapanwatch.com/products/seiko-ep2001y3j-エンドピース,
93.6,"US_DEALER, not a hand carry",SBGC251,non-JP,485,443,7526,"mark, NO VENUE",7526,VERIFIED,,,UNKNOWN,ippo,SEIKO H1KW12WD00B Clasp Buckle for SBGC249 SBGC249G SBGC251 SBGC251G SBGC261 and More Mode,https://www.ippojapanwatch.com/products/seiko-h1kw12wd00b-中留,
93.2,"US_DEALER, not a hand carry",SBGJ263,non-JP,292,266,4294,"mark, NO VENUE",4294,VERIFIED,,,UNKNOWN,ippo,SEIKO H2XS12SA00B Clasp Buckle for SBGJ263 SBGJ263G SBGJ265 SBGJ265G SBGJ267 and More Mode,https://www.ippojapanwatch.com/products/seiko-h2xs12sa00b-中留,
86.1,"US_DEALER, not a hand carry",A32310251B1A1,non-JP,548,500,3942,Chrono24,465,DERIVED,C24 only,,UNKNOWN,topper,Breitling Navitimer Automatic GMT 41 A32310251B1A1,https://www.topperjewelers.com/products/breitling-a32310251b1a1,
61.3,"US_DEALER, not a hand carry",126515LN,non-JP,42387,38710,109532,Chrono24,48639,DERIVED,C24 scrape n=1 THIN,1,FULL_SET,okura,ロレックス ROLEX デイトナ 126515LN チョコ ピンクゴールド 自動巻き メンズ 腕時計,https://ec.wb-ookura.com/products/2300045658913,https://www.chrono24.com/rolex/new-2026-daytona-126515ln-meteorite-meteorite-dial-rose-gold-oysterflex-cosmograph-40mm--id47285038.htm
52.9,"US_DEALER, not a hand carry",179171,non-JP,9749,8903,20686,Chrono24,8354,DERIVED,C24 scrape n=1 THIN,1,FULL_SET,okura,ロレックス ROLEX デイトジャスト26 179171 ピンク ピンクゴールド/ステンレススチール 自動巻き レディース 腕時計,https://ec.wb-ookura.com/products/2300046098459,https://www.chrono24.com/rolex/rolex-2017-lady-datejust-26-nos-w-stickers-boxes-papers-rose-gold-white-diamond-dial-179171--id47662224.htm
51.5,SUSPECT_DATA,126515LN,JP,53177,48563,109532,Chrono24,48639,DERIVED,C24 scrape n=1 THIN,1,FULL_SET,rasin,PRICEDOWN ROLEX Cosmograph Daytona 126515LN Black × Sundust Random Number Used Men&#39;s,https://en.www.rasin.co.jp/SHOP/U-126515LNBKSD-4.html,https://www.chrono24.com/rolex/new-2026-daytona-126515ln-meteorite-meteorite-dial-rose-gold-oysterflex-cosmograph-40mm--id47285038.htm
50.8,SUSPECT_DATA,18248,JP,22960,20968,46642,Chrono24,19759,DERIVED,C24 scrape n=1 THIN,1,UNKNOWN,commit,ロレックス デイデイト Ref.18248 イエローゴールド シャンパンゴールド文字盤 中古 5vgtxhhd,https://commit-watch.co.jp/products/5vgtxhhd,https://www.chrono24.com/rolex/rare-ref18248-bark-double-quick-set-president-original-walnutmahogany-wood-dial-18k-gold--id43103027.htm
49.6,SUSPECT_DATA,5712/1A-001,JP,137758,125806,273084,Chrono24,116330,DERIVED,C24 scrape,5,UNKNOWN|A_EXCELLENT,commit,パテックフィリップ ノーチラス プチコンプリケーション Ref.5712/1A-001 ステンレススチール ブルー文字盤 美品 syz9p39g,https://commit-watch.co.jp/products/syz9p39g,https://www.chrono24.com/patekphilippe/nautilus-57121a-001-tiffany-stamp-moonphase-stainless-steel-blue-index-dial-40-mm--id45742252.htm
49.5,"US_DEALER, not a hand carry",179171,non-JP,10455,9548,20686,Chrono24,8354,DERIVED,C24 scrape n=1 THIN,1,FULL_SET,okura,ロレックス ROLEX デイトジャスト26 179171 ホリコン ピンクゴールド/ステンレススチール 自動巻き レディース 腕時計,https://ec.wb-ookura.com/products/2300045737366,https://www.chrono24.com/rolex/rolex-2017-lady-datejust-26-nos-w-stickers-boxes-papers-rose-gold-white-diamond-dial-179171--id47662224.htm
48.4,SUSPECT_DATA,126515LN,JP,56531,51626,109532,Chrono24,48639,DERIVED,C24 scrape n=1 THIN,1,FULL_SET,jackroad,ロレックス ROLEX コスモグラフ デイトナ 126515LN 新品 時計 メンズ,https://item.rakuten.co.jp/jackroad/rx2016/,https://www.chrono24.com/rolex/new-2026-daytona-126515ln-meteorite-meteorite-dial-rose-gold-oysterflex-cosmograph-40mm--id47285038.htm
47.8,SUSPECT_DATA,231.10.42.21.06.001,JP,2902,2650,5557,Chrono24 US,3580,VERIFIED,C24 research PARTIAL,6,UNKNOWN|AB_GOOD,kitamura,【中古】 【良品】 オメガ(OMEGA) シーマスター アクアテラ グレー 231.10.42.21.06.001 ステンレススティール 【1年保証】,https://item.rakuten.co.jp/emedama/2245460007550/,
45.9,SUSPECT_DATA,5712/1A-001,JP,147648,134839,273084,Chrono24,116330,DERIVED,C24 scrape,5,UNKNOWN,commit,パテックフィリップ ノーチラス プチコンプリケーション Ref.5712/1A-001 ステンレススチール ブルー文字盤 美中古 2d6eg5ao,https://commit-watch.co.jp/products/2d6eg5ao,https://www.chrono24.com/patekphilippe/nautilus-57121a-001-tiffany-stamp-moonphase-stainless-steel-blue-index-dial-40-mm--id45742252.htm
40.7,BUY *PAPERS,126283RBR,JP,16891,15425,28469,US AD,22358,VERIFIED,C24 research VARIANT RISK,8,BOX_ONLY,rasin,SALE Rolex Datejust 36 Bezel Diamond 126283RBR Champagne 3-Row Oyster bracelet Random Seri,https://en.www.rasin.co.jp/SHOP/U-126283RBRCG-2.html,
40.4,"US_DEALER, not a hand carry",279173,non-JP,11868,10839,19929,Chrono24,13583,VERIFIED,C24 scrape,2,FULL_SET,okura,ロレックス ROLEX デイトジャスト28 279173 ホワイト ゴールド/ステンレススチール 自動巻き レディース 腕時計,https://ec.wb-ookura.com/products/2341950018638,https://www.chrono24.com/rolex/datejust-28mm-unworn-2026-silver-diamond-fluted-oyster-279173--id47286139.htm
39.7,"US_DEALER, not a hand carry",179174,non-JP,6005,5484,9958,Chrono24,6413,DERIVED,C24 scrape n=1 THIN,1,FULL_SET,okura,ロレックス ROLEX デイトジャスト26 179174 ブラック ホワイトゴールド/ステンレススチール 自動巻き レディース 腕時計,https://ec.wb-ookura.com/products/2300045990761,https://www.chrono24.com/rolex/like-new-2017-lady-datejust-steel-jubilee-silver-index-dial-179174--id47597681.htm
37.9,"US_DEALER, not a hand carry",126000,non-JP,7771,7097,12510,Chrono24,9396,VERIFIED,C24 scrape,8,FULL_SET,okura,ロレックス ROLEX オイスターパーペチュアル36 126000 ブラック ステンレススチール 自動巻き メンズ 腕時計,https://ec.wb-ookura.com/products/2300045903310,https://www.chrono24.com/rolex/rolex-unworn-126000-oyster-perpetual-36mm-med-blue-index-dial-oyster-bracelet-stainless-steel--id44319787.htm
36.3,"US_DEALER, not a hand carry",WSPA0012,non-JP,2755,2516,4325,Chrono24 US,3098,VERIFIED,C24 research PARTIAL,8,FULL_SET,okura,カルティエ Cartier パシャ ドゥ カルティエ 35mm WSPA0012 シルバー SS 自動巻き レディース 腕時計,https://ec.wb-ookura.com/products/2300044948510,
36.2,"US_DEALER, not a hand carry",179174,non-JP,6358,5806,9958,Chrono24,6413,DERIVED,C24 scrape n=1 THIN,1,FULL_SET,okura,ロレックス ROLEX デイトジャスト 26 179174 シルバー ホワイトゴールド/ステンレススチール 自動巻き レディース 腕時計,https://ec.wb-ookura.com/products/2300045826589,https://www.chrono24.com/rolex/like-new-2017-lady-datejust-steel-jubilee-silver-index-dial-179174--id47597681.htm
36.0,"US_DEALER, not a hand carry",79950,non-JP,2261,2065,3531,Chrono24,2555,VERIFIED,C24 scrape n=1 THIN,1,FULL_SET,okura,チューダー/チュードル TUDOR レンジャー 79950 ブラック ステンレススチール 自動巻き メンズ 腕時計,https://ec.wb-ookura.com/products/2351050003373,https://www.chrono24.com/tudor/tudor-ranger--id47000275.htm
35.7,"US_DEALER, not a hand carry",215.30.46.51.01.001,non-JP,4733,4323,7358,Chrono24 US,5261,VERIFIED,LOW,,FULL_SET,okura,オメガ OMEGA シーマスター プラネットオーシャン 600 コーアクシャル マスタークロノメーター 215.30.46.51.01.001 ブラック ステンレススチール 自動巻,https://ec.wb-ookura.com/products/2341950018331,
35.4,"US_DEALER, not a hand carry",69173,non-JP,4945,4516,7660,Chrono24,4896,DERIVED,C24 scrape n=1 THIN,1,FULL_SET,okura,ロレックス ROLEX デイトジャスト 69173 ゴールド ゴールド/ステンレススチール 自動巻き レディース 腕時計,https://ec.wb-ookura.com/products/2341950025674,https://www.chrono24.com/rolex/lady-datejust--id47195863.htm
35.4,"US_DEALER, not a hand carry",69173,non-JP,4945,4516,7660,Chrono24,4896,DERIVED,C24 scrape n=1 THIN,1,FULL_SET,okura,ロレックス ROLEX デイトジャスト 69173 シャンパンゴールド ゴールド/ステンレススチール 自動巻き レディース 腕時計,https://ec.wb-ookura.com/products/2300045339959,https://www.chrono24.com/rolex/lady-datejust--id47195863.htm
35.4,"US_DEALER, not a hand carry",69173,non-JP,4945,4516,7660,Chrono24,4896,DERIVED,C24 scrape n=1 THIN,1,FULL_SET,okura,ロレックス ROLEX デイトジャスト 69173 ゴールド ゴールド/ステンレススチール 自動巻き レディース 腕時計,https://ec.wb-ookura.com/products/2351050001225,https://www.chrono24.com/rolex/lady-datejust--id47195863.htm
35.4,"US_DEALER, not a hand carry",69173,non-JP,4945,4516,7660,Chrono24,4896,DERIVED,C24 scrape n=1 THIN,1,FULL_SET,okura,ロレックス ROLEX デイトジャスト 69173 ゴールド ステンレススチール 自動巻き レディース 腕時計,https://ec.wb-ookura.com/products/2351050004738,https://www.chrono24.com/rolex/lady-datejust--id47195863.htm
34.7,"US_DEALER, not a hand carry",WSPA0012,non-JP,2826,2581,4325,Chrono24 US,3098,VERIFIED,C24 research PARTIAL,8,FULL_SET,okura,カルティエ Cartier パシャドゥカルティエ 35ｍｍ WSPA0012 シルバー ステンレススチール 自動巻き レディース 腕時計,https://ec.wb-ookura.com/products/2300045711625,
34.7,"US_DEALER, not a hand carry",WSPA0012,non-JP,2826,2581,4325,Chrono24 US,3098,VERIFIED,C24 research PARTIAL,8,FULL_SET,okura,カルティエ Cartier パシャ ドゥ カルティエ 35mm WSPA0012 シルバー ステンレススチール 自動巻き メンズ 腕時計,https://ec.wb-ookura.com/products/2341950025247,
34.7,"US_DEALER, not a hand carry",WSPA0012,non-JP,2826,2581,4325,Chrono24 US,3098,VERIFIED,C24 research PARTIAL,8,FULL_SET,okura,カルティエ Cartier パシャ ドゥ カルティエ 35mm WSPA0012 シルバー ステンレススチール 自動巻き メンズ 腕時計,https://ec.wb-ookura.com/products/2300045285621,
34.3,"US_DEALER, not a hand carry *PAPERS",15510OR,non-JP,71175,65000,108296,Chrono24,64860,VERIFIED,C24 scrape,6,BOX_ONLY,craftandtailored,*Mint* 2022 Audemars Piguet Royal Oak Oak 18K RG (Ref. 15510OR) Blue Dial W/ Full Set,https://www.craftandtailored.com/products/mint-2022-audemars-piguet-royal-oak-oak-18k-rg-ref-15510or-blue-dial-w-full-set,https://www.chrono24.com/audemarspiguet/royal-oak--id44577280.htm
34.0,"US_DEALER, not a hand carry",SBGA211,non-JP,4945,4516,7495,Chrono24,4611,VERIFIED,C24 scrape,9,FULL_SET,okura,グランドセイコー Grand Seiko ヘリテージコレクション スプリングドライブ SBGA211(9R65-0AE0) ホワイト チタン 自動巻き メンズ 腕時計,https://ec.wb-ookura.com/products/2300045826428,https://www.chrono24.com/grandseiko/new-2026-snowflake-sbga211-spring-drive-titanium--id18300389.htm
33.9,"US_DEALER, not a hand carry",126231,non-JP,13564,12387,20505,Chrono24,16263,VERIFIED,C24 scrape n=1 THIN,1,FULL_SET,okura,ロレックス ROLEX デイトジャスト36 126231 ホワイト ピンクゴールド/ステンレススチール 自動巻き メンズ 腕時計,https://ec.wb-ookura.com/products/2300046010574,https://www.chrono24.com/rolex/datejust-36--id47562193.htm
33.0,"US_DEALER, not a hand carry",79174,non-JP,4945,4516,7386,Chrono24,4612,DERIVED,C24 scrape n=1 THIN,1,FULL_SET,okura,ロレックス ROLEX デイトジャスト 79174 シルバー ホワイトゴールド/ステンレススチール 自動巻き レディース 腕時計,https://ec.wb-ookura.com/products/2300045885364,https://www.chrono24.com/rolex/rolex-lady-datejust-26-jubilee-bracelet-18k-white-gold-fluted-bezel-sulver-stick-button-dial--id45496101.htm
32.7,"US_DEALER, not a hand carry",69173,non-JP,5157,4710,7660,Chrono24,4896,DERIVED,C24 scrape n=1 THIN,1,FULL_SET,okura,ロレックス ROLEX デイトジャスト モザイク 69173 ゴールド ゴールド/ステンレススチール 自動巻き レディース 腕時計,https://ec.wb-ookura.com/products/2300046073807,https://www.chrono24.com/rolex/lady-datejust--id47195863.htm
32.7,"US_DEALER, not a hand carry",69173,non-JP,5157,4710,7660,Chrono24,4896,DERIVED,C24 scrape n=1 THIN,1,FULL_SET,okura,ロレックス ROLEX オイスターパーペチュアル デイト タペストリー 69173 ゴールド ゴールド/ステンレススチール 自動巻き レディース 腕時計,https://ec.wb-ookura.com/products/2351050002260,https://www.chrono24.com/rolex/lady-datejust--id47195863.htm
32.6,"US_DEALER, not a hand carry",179174,non-JP,6711,6129,9958,Chrono24,6413,DERIVED,C24 scrape n=1 THIN,1,FULL_SET,okura,ロレックス ROLEX デイトジャスト26 コンセントリック 179174 シルバー ホワイトゴールド/ステンレススチール 自動巻き レディース 腕時計,https://ec.wb-ookura.com/products/2300045902719,https://www.chrono24.com/rolex/like-new-2017-lady-datejust-steel-jubilee-silver-index-dial-179174--id47597681.htm
32.5,"US_DEALER, not a hand carry",126231,non-JP,13846,12645,20505,Chrono24,16263,VERIFIED,C24 scrape n=1 THIN,1,FULL_SET,okura,ロレックス ROLEX デイトジャスト36 フルーテッドモチーフ 126231 シルバー ピンクゴールド/ステンレススチール メンズ 腕時計,https://ec.wb-ookura.com/products/2300045149848,https://www.chrono24.com/rolex/datejust-36--id47562193.htm
31.7,"US_DEALER, not a hand carry",279160,non-JP,6358,5806,9308,Chrono24,7066,VERIFIED,C24 scrape,2,FULL_SET,okura,ロレックス ROLEX デイトジャスト28 279160 ブラック ステンレススチール 自動巻き レディース 腕時計,https://ec.wb-ookura.com/products/2300046000131,https://www.chrono24.com/rolex/lady-datejust-silver-dial-on-jubilee-bracelet-279160-august-2018--id46980501.htm
31.1,"US_DEALER, not a hand carry",126233,non-JP,14058,12839,20394,Chrono24,15217,VERIFIED,C24 scrape,6,FULL_SET,okura,ロレックス ROLEX デイトジャスト36 パームモチーフ 126233 ゴールド ゴールド/ステンレススチール メンズ 腕時計,https://ec.wb-ookura.com/products/2300045005809,https://www.chrono24.com/rolex/rolex-datejust-36mm-126233-jubilee-steel-and-yellow-gold-fluted-bezel-champagne-index-dial--id21201440.htm
31.1,"US_DEALER, not a hand carry",79174,non-JP,5086,4645,7386,Chrono24,4612,DERIVED,C24 scrape n=1 THIN,1,FULL_SET,okura,ロレックス ROLEX デイトジャスト 79174 シルバー ホワイトゴールド/ステンレススチール 自動巻き レディース 腕時計,https://ec.wb-ookura.com/products/2351050001744,https://www.chrono24.com/rolex/rolex-lady-datejust-26-jubilee-bracelet-18k-white-gold-fluted-bezel-sulver-stick-button-dial--id45496101.htm
31.0,"US_DEALER, not a hand carry",SBGM221,non-JP,3744,3419,5426,Chrono24,3773,VERIFIED,C24 scrape,4,FULL_SET,okura,グランドセイコー Grand Seiko エレガンスコレクション 9Sメカニカル GMT SBGM221(9S66-00A0) アイボリー ステンレススチール 自動巻き メンズ 腕,https://ec.wb-ookura.com/products/2300046140837,https://www.chrono24.com/grandseiko/grand-seiko-2026-elegance-collection-gmt-39mm-sbgm221--id43300050.htm
31.0,"US_DEALER, not a hand carry",SBGM221,non-JP,3744,3419,5426,Chrono24,3773,VERIFIED,C24 scrape,4,FULL_SET,okura,グランドセイコー Grand Seiko エレガンスコレクション 9SメカニカルGMT SBGM221(9S66-00A0) アイボリー ステンレススチール 自動巻き メンズ 腕時,https://ec.wb-ookura.com/products/2300046157620,https://www.chrono24.com/grandseiko/grand-seiko-2026-elegance-collection-gmt-39mm-sbgm221--id43300050.htm
31.0,"US_DEALER, not a hand carry",SBGM221,non-JP,3744,3419,5426,Chrono24,3773,VERIFIED,C24 scrape,4,FULL_SET,okura,グランドセイコー Grand Seiko エレガンスコレクション 9SメカニカルGMT SBGM221(9S66-00A0) アイボリー ステンレススチール 自動巻き メンズ 腕時,https://ec.wb-ookura.com/products/2300046230040,https://www.chrono24.com/grandseiko/grand-seiko-2026-elegance-collection-gmt-39mm-sbgm221--id43300050.htm
30.8,"US_DEALER, not a hand carry",69173,non-JP,5298,4839,7660,Chrono24,4896,DERIVED,C24 scrape n=1 THIN,1,FULL_SET,okura,ロレックス ROLEX デイトジャスト 69173 ホワイト ゴールド/ステンレススチール 自動巻き レディース 腕時計,https://ec.wb-ookura.com/products/2351050002161,https://www.chrono24.com/rolex/lady-datejust--id47195863.htm
30.8,"US_DEALER, not a hand carry",69173,non-JP,5298,4839,7660,Chrono24,4896,DERIVED,C24 scrape n=1 THIN,1,FULL_SET,okura,ロレックス ROLEX デイトジャスト 69173 ゴールド ゴールド/ステンレススチール 自動巻き レディース 腕時計,https://ec.wb-ookura.com/products/2347090001318,https://www.chrono24.com/rolex/lady-datejust--id47195863.htm
30.2,"US_DEALER, not a hand carry",79174,non-JP,5157,4710,7386,Chrono24,4612,DERIVED,C24 scrape n=1 THIN,1,FULL_SET,okura,ロレックス ROLEX デイトジャスト 79174 ブラウン ホワイトゴールド/ステンレススチール 自動巻き レディース 腕時計,https://ec.wb-ookura.com/products/2341950017273,https://www.chrono24.com/rolex/rolex-lady-datejust-26-jubilee-bracelet-18k-white-gold-fluted-bezel-sulver-stick-button-dial--id45496101.htm
29.9,"US_DEALER, not a hand carry",69173,non-JP,5369,4903,7660,Chrono24,4896,DERIVED,C24 scrape n=1 THIN,1,FULL_SET,okura,ロレックス ROLEX デイトジャスト 69173 ゴールド ゴールド/ステンレススチール 自動巻き レディース 腕時計,https://ec.wb-ookura.com/products/2300045990495,https://www.chrono24.com/rolex/lady-datejust--id47195863.htm
29.8,"US_DEALER, not a hand carry",278274,non-JP,10597,9677,15104,Chrono24,12354,VERIFIED,C24 scrape,3,FULL_SET,okura,ロレックス ROLEX デイトジャスト31 ランダムシリアル 278274 ダークグレー WG/SS レディース 腕時計,https://ec.wb-ookura.com/products/2300044399794,https://www.chrono24.com/rolex/rolex-datejust-31--id46780019.htm
29.3,"US_DEALER, not a hand carry",SBGA211,non-JP,5298,4839,7495,Chrono24,4611,VERIFIED,C24 scrape,9,FULL_SET,okura,グランドセイコー Grand Seiko ヘリテージコレクション スプリングドライブ SBGA211(9R65-0AE0) 雪白ダイヤル チタン 自動巻き メンズ 腕時計,https://ec.wb-ookura.com/products/2300046157125,https://www.chrono24.com/grandseiko/new-2026-snowflake-sbga211-spring-drive-titanium--id18300389.htm
29.3,"US_DEALER, not a hand carry",SBGA211,non-JP,5298,4839,7495,Chrono24,4611,VERIFIED,C24 scrape,9,FULL_SET,okura,グランドセイコー Grand Seiko ヘリテージコレクション スプリングドライブ SBGA211(9R65-0AE0) 雪白ダイヤル チタン 自動巻き メンズ 腕時計,https://ec.wb-ookura.com/products/2300046157187,https://www.chrono24.com/grandseiko/new-2026-snowflake-sbga211-spring-drive-titanium--id18300389.htm
29.1,"US_DEALER, not a hand carry",231.10.42.21.06.001,non-JP,3942,3600,5557,Chrono24 US,3580,VERIFIED,C24 research PARTIAL,6,FULL_SET,exquisite,Omega 231.10.42.21.06.001 Aqua Terra 150m Co-axial 41.5mm,https://www.exquisitetimepieces.com/products/omega-231-10-42-21-06-001-aqua-terra-150m-co-axial-41-5mm-210000077740,
29.1,"US_DEALER, not a hand carry",179174,non-JP,7065,6452,9958,Chrono24,6413,DERIVED,C24 scrape n=1 THIN,1,FULL_SET,okura,ロレックス ROLEX デイトジャスト26 179174 シルバー ホワイトゴールド/ステンレススティール 自動巻き レディース 腕時計,https://ec.wb-ookura.com/products/2340520144708,https://www.chrono24.com/rolex/like-new-2017-lady-datejust-steel-jubilee-silver-index-dial-179174--id47597681.htm
29.0,"US_DEALER, not a hand carry",52508,non-JP,25719,23488,36239,Chrono24,29134,VERIFIED,C24 scrape,2,UNKNOWN,satindoll,パーペチュアル1908,https://www.satindollweb.com/products/detail/11564,https://www.chrono24.com/rolex/rolex-1908-39mm-black-dial-yellow-gold-leather-strap-52508-unworn-2026--id34674743.htm
28.8,"US_DEALER, not a hand carry",91350,non-JP,1060,968,1488,"mark, NO VENUE",1488,VERIFIED,,,FULL_SET,okura,チューダー/チュードル TUDOR 1926デイト 91350 ブラック ステンレススチール 自動巻き レディース 腕時計,https://ec.wb-ookura.com/products/2300045537966,
28.8,"US_DEALER, not a hand carry",116234,non-JP,9043,8258,12695,Chrono24,9159,VERIFIED,C24 scrape,2,FULL_SET,okura,ロレックス ROLEX デイトジャスト 36 116234 シルバー ホワイトゴールド/ステンレススチール 自動巻き メンズ 腕時計,https://ec.wb-ookura.com/products/2351050003670,https://www.chrono24.com/rolex/like-new-2015-datejust-36-steel-jubilee-black-diamond-dial-116234--id46871696.htm
28.6,"US_DEALER, not a hand carry",279160,non-JP,6648,6071,9308,Chrono24,7066,VERIFIED,C24 scrape,2,FULL_SET,okura,ロレックス ROLEX デイトジャスト28 279160 ピンク SS 自動巻き レディース 腕時計,https://ec.wb-ookura.com/products/2300044839498,https://www.chrono24.com/rolex/lady-datejust-silver-dial-on-jubilee-bracelet-279160-august-2018--id46980501.htm
28.5,"US_DEALER, not a hand carry",79830RB,non-JP,3250,2968,4544,Chrono24,3093,VERIFIED,C24 scrape n=1 THIN,1,FULL_SET,okura,チューダー/チュードル TUDOR ブラックベイ GMT 79830RB ブラック ステンレススチール 自動巻き メンズ 腕時計,https://ec.wb-ookura.com/products/2351050004677,https://www.chrono24.com/tudor/tudor-pre-owned-2025-black-bay-gmt-41mm-black-79830rb-0001--id44879481.htm
28.3,"US_DEALER, not a hand carry",124200,non-JP,7065,6452,9855,Chrono24,7906,VERIFIED,C24 scrape n=1 THIN,1,FULL_SET,okura,ロレックス ROLEX オイスターパーペチュアル34 124200 ブルー ステンレススチール 自動巻き メンズ 腕時計,https://ec.wb-ookura.com/products/2300045659163,https://www.chrono24.com/rolex/oyster-perpetual-34--id47561565.htm
28.3,"US_DEALER, not a hand carry",278240,non-JP,7771,7097,10841,Chrono24 US,8538,VERIFIED,C24 research VARIANT RISK,12,FULL_SET,okura,ロレックス ROLEX オイスターパーペチュアル31 278240 ブラック ステンレススチール 自動巻き レディース 腕時計,https://ec.wb-ookura.com/products/2300045516039,
28.2,"US_DEALER, not a hand carry *PAPERS",SBGC240,non-JP,6577,6006,9161,"mark, NO VENUE",9161,VERIFIED,,,BOX_ONLY,okura,セイコー SEIKO スプリングドライブ クロノグラフ SBGC240 ブラック ステンレススチール K18 SS メンズ 腕時計,https://ec.wb-ookura.com/products/2300040972328,
28.1,"US_DEALER, not a hand carry",SBGC253,non-JP,8265,7548,11498,Chrono24,9207,DERIVED,C24 only,,FULL_SET,okura,グランドセイコー Grand Seiko スポーツコレクション スプリングドライブ クロノグラフ GMT SBGC253(9R88-0AN0) 獅子の鬣ダイヤル チタン 自動巻き ,https://ec.wb-ookura.com/products/2300045849663,
28.1,"US_DEALER, not a hand carry",126000,non-JP,8998,8217,12510,Chrono24,9396,VERIFIED,C24 scrape,8,UNKNOWN,satindoll,オイスターパーペチュアル36,https://www.satindollweb.com/products/detail/11586,https://www.chrono24.com/rolex/rolex-unworn-126000-oyster-perpetual-36mm-med-blue-index-dial-oyster-bracelet-stainless-steel--id44319787.htm
27.7,"US_DEALER, not a hand carry",116234,non-JP,9184,8387,12695,Chrono24,9159,VERIFIED,C24 scrape,2,FULL_SET,okura,ロレックス ROLEX デイトジャスト36 116234 ブラック ホワイトゴールド/ステンレススチール 自動巻き メンズ 腕時計,https://ec.wb-ookura.com/products/2351050000150,https://www.chrono24.com/rolex/like-new-2015-datejust-36-steel-jubilee-black-diamond-dial-116234--id46871696.htm
27.7,"US_DEALER, not a hand carry",116234,non-JP,9184,8387,12695,Chrono24,9159,VERIFIED,C24 scrape,2,FULL_SET,okura,ロレックス ROLEX デイトジャスト36 116234 シルバー ホワイトゴールド/ステンレススチール 自動巻き メンズ 腕時計,https://ec.wb-ookura.com/products/2351050003755,https://www.chrono24.com/rolex/like-new-2015-datejust-36-steel-jubilee-black-diamond-dial-116234--id46871696.htm
27.3,"US_DEALER, not a hand carry",210.30.42.20.10.001,non-JP,4928,4500,6777,Chrono24,4942,VERIFIED,C24 scrape,9,FULL_SET,exquisite,Omega 210.30.42.20.10.001 Seamaster Diver 300M Green Dial On Bracelet,https://www.exquisitetimepieces.com/products/omega-21030422010001-seamaster-diver-300m-green-dial-on-bracelet-ns21000933444,https://www.chrono24.com/omega/omega-seamaster-diver-300-m--id45157746.htm
27.3,"US_DEALER, not a hand carry",126233,non-JP,14835,13548,20394,Chrono24,15217,VERIFIED,C24 scrape,6,FULL_SET,okura,ロレックス ROLEX デイトジャスト36 126233 フルーテッドモチーフ ステンレススチール/ゴールド 自動巻き メンズ 腕時計,https://ec.wb-ookura.com/products/2300045516022,https://www.chrono24.com/rolex/rolex-datejust-36mm-126233-jubilee-steel-and-yellow-gold-fluted-bezel-champagne-index-dial--id21201440.htm
27.0,"US_DEALER, not a hand carry",278240,non-JP,7912,7226,10841,Chrono24 US,8538,VERIFIED,C24 research VARIANT RISK,12,FULL_SET,okura,ロレックス ROLEX デイトジャスト31 278240 ホワイト ステンレススチール 自動巻き レディース 腕時計,https://ec.wb-ookura.com/products/2300045763341,
27.0,"US_DEALER, not a hand carry",278240,non-JP,7912,7226,10841,Chrono24 US,8538,VERIFIED,C24 research VARIANT RISK,12,FULL_SET,okura,ロレックス ROLEX デイトジャスト31 278240 ホワイト ステンレススチール 自動巻き レディース 腕時計,https://ec.wb-ookura.com/products/2300045763334,
26.4,"US_DEALER, not a hand carry",79660,non-JP,3462,3161,4707,Chrono24,2976,VERIFIED,C24 scrape n=1 THIN,1,FULL_SET,okura,チューダー/チュードル TUDOR ブラックベイ 39 79660 ブルー ステンレススチール 自動巻き メンズ 腕時計,https://ec.wb-ookura.com/products/2300045962041,https://www.chrono24.com/tudor/tudor-black-bay-39-blue--id47035080.htm
26.2,"US_DEALER, not a hand carry",69173,non-JP,5652,5161,7660,Chrono24,4896,DERIVED,C24 scrape n=1 THIN,1,FULL_SET,okura,ロレックス ROLEX デイトジャスト 69173 ホワイト K18/SS 自動巻き レディース 腕時計,https://ec.wb-ookura.com/products/2300044627897,https://www.chrono24.com/rolex/lady-datejust--id47195863.htm
25.6,"US_DEALER, not a hand carry",124300,non-JP,7771,7097,10446,Chrono24,8068,DERIVED,C24 scrape,10,FULL_SET,okura,ロレックス ROLEX オイスター パーペチュアル 41 124300 シルバー ステンレススチール 自動巻き メンズ 腕時計,https://ec.wb-ookura.com/products/2351050000136,https://www.chrono24.com/rolex/2023-oyster-perpetual-41mm-124300-black-dial--id46137621.htm
25.1,"US_DEALER, not a hand carry",278240,non-JP,8124,7419,10841,Chrono24 US,8538,VERIFIED,C24 research VARIANT RISK,12,FULL_SET,okura,ロレックス ROLEX デイトジャスト31 278240 グレー ステンレススチール 自動巻き レディース 腕時計,https://ec.wb-ookura.com/products/2300045516046,
25.0,"US_DEALER, not a hand carry",79660,non-JP,3532,3226,4707,Chrono24,2976,VERIFIED,C24 scrape n=1 THIN,1,FULL_SET,okura,チューダー/チュードル TUDOR ブラックベイ 39 79660 ブルー ステンレススチール 自動巻き メンズ 腕時計,https://ec.wb-ookura.com/products/2300046157514,https://www.chrono24.com/tudor/tudor-black-bay-39-blue--id47035080.htm
25.0,"US_DEALER, not a hand carry",W4TA0016,non-JP,4945,4516,6592,Chrono24 US,4805,VERIFIED,C24 research,6,FULL_SET,okura,カルティエ Cartier タンク マスト W4TA0016 シルバー ステンレススチール クオーツ レディース 腕時計,https://ec.wb-ookura.com/products/2300046157231,
24.8,"US_DEALER, not a hand carry",126622,non-JP,13564,12387,18035,Chrono24,13822,VERIFIED,C24 scrape,8,FULL_SET,okura,ロレックス ROLEX ヨットマスター40 126622 ブルー プラチナ/ステンレススチール メンズ 腕時計,https://ec.wb-ookura.com/products/2300045248947,https://www.chrono24.com/rolex/rolex-2025-yacht-master-40mm-126622-stainless-steel-rhodium-dial--id46800314.htm
24.8,"US_DEALER, not a hand carry",179174,non-JP,7488,6839,9958,Chrono24,6413,DERIVED,C24 scrape n=1 THIN,1,FULL_SET,okura,ロレックス ROLEX デイトジャスト26 179174 ホワイト ホワイトゴールド/ステンレススチール 自動巻き レディース 腕時計,https://ec.wb-ookura.com/products/2300045763365,https://www.chrono24.com/rolex/like-new-2017-lady-datejust-steel-jubilee-silver-index-dial-179174--id47597681.htm
24.4,"US_DEALER, not a hand carry",69173,non-JP,5793,5290,7660,Chrono24,4896,DERIVED,C24 scrape n=1 THIN,1,FULL_SET,okura,ロレックス ROLEX デイトジャスト 69173 ゴールド ゴールド/ステンレススチール 自動巻き レディース 腕時計,https://ec.wb-ookura.com/products/2351050002307,https://www.chrono24.com/rolex/lady-datejust--id47195863.htm
24.3,"US_DEALER, not a hand carry",116234,non-JP,9608,8774,12695,Chrono24,9159,VERIFIED,C24 scrape,2,FULL_SET,okura,ロレックス ROLEX デイトジャスト 116234 シルバー ホワイトゴールド/ステンレススチール 自動巻き メンズ 腕時計,https://ec.wb-ookura.com/products/2300046088993,https://www.chrono24.com/rolex/like-new-2015-datejust-36-steel-jubilee-black-diamond-dial-116234--id46871696.htm
24.1,"US_DEALER, not a hand carry *PAPERS",310.30.42.50.01.002,non-JP,5749,5250,7576,Chrono24,6493,VERIFIED,C24 scrape n=1 THIN,1,BOX_ONLY,exquisite,Omega 310.30.42.50.01.002 Speedmaster Moonwatch Professional Master Chronograph,https://www.exquisitetimepieces.com/products/omega-310-30-42-50-01-002-speedmaster-moonwatch-professional-master-chronograph-210000077852,https://www.chrono24.com/omega/speedmaster-professional-moonwatch--id47068122.htm
23.9,"US_DEALER, not a hand carry",WSPA0027,non-JP,5793,5290,7616,Chrono24 US,5778,VERIFIED,C24 research,,FULL_SET,okura,カルティエ Cartier パシャ ドゥ カルティエ クロノグラフ 41mm WSPA0027 グレー ステンレススチール 自動巻き メンズ 腕時計,https://ec.wb-ookura.com/products/2351050003045,
23.8,"US_DEALER, not a hand carry",68273,non-JP,6923,6323,9087,Chrono24,5860,DERIVED,C24 scrape n=1 THIN,1,FULL_SET,okura,ロレックス ROLEX デイトジャスト 68273 ゴールド ゴールド/ステンレススチール 自動巻き ユニセックス 腕時計,https://ec.wb-ookura.com/products/2341950025759,https://www.chrono24.com/rolex/datejust-31--id47681661.htm
23.8,"US_DEALER, not a hand carry",126233,non-JP,15542,14194,20394,Chrono24,15217,VERIFIED,C24 scrape,6,FULL_SET,okura,ロレックス ROLEX デイトジャスト36 フルーテッドモチーフ 126233 ゴールド ゴールド/ステンレススチール 自動巻き メンズ 腕時計,https://ec.wb-ookura.com/products/2341950020983,https://www.chrono24.com/rolex/rolex-datejust-36mm-126233-jubilee-steel-and-yellow-gold-fluted-bezel-champagne-index-dial--id21201440.htm
23.8,"US_DEALER, not a hand carry",68273,non-JP,6923,6323,9087,Chrono24,5860,DERIVED,C24 scrape n=1 THIN,1,FULL_SET,okura,ロレックス ROLEX デイトジャスト 68273 シャンパンゴールド ゴールド/ステンレススチール 自動巻き ボーイズ 腕時計,https://ec.wb-ookura.com/products/2351050002888,https://www.chrono24.com/rolex/datejust-31--id47681661.htm
23.5,"US_DEALER, not a hand carry",79174,non-JP,5652,5161,7386,Chrono24,4612,DERIVED,C24 scrape n=1 THIN,1,FULL_SET,okura,ロレックス ROLEX デイトジャスト 79174 ゴールド ホワイトゴールド/ステンレススチール 自動巻き レディース 腕時計,https://ec.wb-ookura.com/products/2341950025643,https://www.chrono24.com/rolex/rolex-lady-datejust-26-jubilee-bracelet-18k-white-gold-fluted-bezel-sulver-stick-button-dial--id45496101.htm
23.3,"US_DEALER, not a hand carry",124060,non-JP,12434,11355,16205,Chrono24,12194,VERIFIED,C24 scrape,2,FULL_SET,okura,ロレックス ROLEX サブマリーナ ノンデイト 124060 ブラック ステンレススチール 自動巻き メンズ 腕時計,https://ec.wb-ookura.com/products/2341810068209,https://www.chrono24.com/rolex/rolex-submariner-41mm-no-date-newunworn-124060-2026--id28447338.htm
22.9,"US_DEALER, not a hand carry",220.10.41.21.03.001,non-JP,4239,3871,5501,Chrono24 US,4389,VERIFIED,C24 research,,FULL_SET,okura,オメガ OMEGA シーマスター アクアテラ 150M コーアクシャル マスタークロノメーター 220.10.41.21.03.001 ブルー ステンレススチール 自動巻き メンズ,https://ec.wb-ookura.com/products/2300046194175,
22.8,"US_DEALER, not a hand carry",278274,non-JP,11656,10645,15104,Chrono24,12354,VERIFIED,C24 scrape,3,FULL_SET,okura,ロレックス ROLEX デイトジャスト31 278274 ホワイト SS×WG 自動巻き レディース 腕時計,https://ec.wb-ookura.com/products/2300044616792,https://www.chrono24.com/rolex/rolex-datejust-31--id46780019.htm
22.5,"US_DEALER, not a hand carry",126231,non-JP,15895,14516,20505,Chrono24,16263,VERIFIED,C24 scrape n=1 THIN,1,FULL_SET,okura,ロレックス ROLEX デイトジャスト36 126231 スレート ピンクゴールド/ステンレススチール 自動巻き メンズ 腕時計,https://ec.wb-ookura.com/products/2339640032477,https://www.chrono24.com/rolex/datejust-36--id47562193.htm
22.4,SUSPECT_DATA,126300,JP,8499,7761,10950,Chrono24,9982,VERIFIED,C24 scrape,7,UNKNOWN|AA_LIKE_NEW,kamekichi,,https://www.kame-kichi.com/items/40220,https://www.chrono24.com/rolex/rolex-datejust-41-white-roman-dial-stainless-steel-41mm-126300----id46780791.htm
22.4,SUSPECT_DATA,126300,JP,8499,7761,10950,Chrono24,9982,VERIFIED,C24 scrape,7,UNKNOWN|AA_LIKE_NEW,kamekichi,,https://www.kame-kichi.com/items/46082,https://www.chrono24.com/rolex/rolex-datejust-41-white-roman-dial-stainless-steel-41mm-126300----id46780791.htm
22.4,"US_DEALER, not a hand carry",124060,non-JP,12575,11484,16205,Chrono24,12194,VERIFIED,C24 scrape,2,FULL_SET,okura,ロレックス ROLEX サブマリーナ 124060 ブラック ステンレススチール 自動巻き メンズ 腕時計,https://ec.wb-ookura.com/products/2340980049476,https://www.chrono24.com/rolex/rolex-submariner-41mm-no-date-newunworn-124060-2026--id28447338.htm
22.3,"US_DEALER, not a hand carry",68273,non-JP,7065,6452,9087,Chrono24,5860,DERIVED,C24 scrape n=1 THIN,1,FULL_SET,okura,ロレックス ROLEX デイトジャスト 68273 ゴールド(コパー) ゴールド/ステンレススチール 自動巻き ユニセックス 腕時計,https://ec.wb-ookura.com/products/2300045737243,https://www.chrono24.com/rolex/datejust-31--id47681661.htm
22.2,"US_DEALER, not a hand carry",126622,non-JP,14030,12813,18035,Chrono24,13822,VERIFIED,C24 scrape,8,FULL_SET,okura,ロレックス ROLEX ヨットマスター40 126622 ブルー Pt/SS 自動巻き メンズ 腕時計,https://ec.wb-ookura.com/products/2300044844249,https://www.chrono24.com/rolex/rolex-2025-yacht-master-40mm-126622-stainless-steel-rhodium-dial--id46800314.htm
22.1,"US_DEALER, not a hand carry",116234,non-JP,9890,9032,12695,Chrono24,9159,VERIFIED,C24 scrape,2,FULL_SET,okura,ロレックス ROLEX デイトジャスト36 116234 ブラック ホワイトゴールド/ステンレススチール 自動巻き メンズ 腕時計,https://ec.wb-ookura.com/products/2351050001041,https://www.chrono24.com/rolex/like-new-2015-datejust-36-steel-jubilee-black-diamond-dial-116234--id46871696.htm
21.9,"US_DEALER, not a hand carry",126660,non-JP,11445,10452,14662,Chrono24,11800,VERIFIED,C24 scrape,9,FULL_SET,okura,ロレックス ROLEX ディープシー 126660 ブラック ステンレススチール 自動巻き メンズ 腕時計,https://ec.wb-ookura.com/products/2300045659002,https://www.chrono24.com/rolex/sea-dweller-deepsea--id47661884.htm
21.6,"US_DEALER, not a hand carry",126600,non-JP,10950,10000,13961,Chrono24,11850,VERIFIED,C24 scrape n=1 THIN,1,FULL_SET,okura,ロレックス ROLEX シードゥエラー 126600 ブラック ステンレススチール 自動巻き メンズ 腕時計,https://ec.wb-ookura.com/products/2341950020570,https://www.chrono24.com/rolex/seadweller-126600-red--id43448466.htm
21.6,"US_DEALER, not a hand carry",69173,non-JP,6005,5484,7660,Chrono24,4896,DERIVED,C24 scrape n=1 THIN,1,FULL_SET,okura,ロレックス ROLEX デイトジャスト 69173 シャンパンゴールド ゴールド/ステンレススチール 自動巻き レディース 腕時計,https://ec.wb-ookura.com/products/2347090000465,https://www.chrono24.com/rolex/lady-datejust--id47195863.htm
21.1,"US_DEALER, not a hand carry",220.10.41.21.01.002,non-JP,5652,5161,7167,Chrono24,5263,VERIFIED,C24 scrape,8,FULL_SET,okura,オメガ OMEGA ⁠シーマスター アクアテラ 150M コーアクシャル マスタークロノメーター 220.10.41.21.01.002 ブラック ステンレススチール 自動巻き メ,https://ec.wb-ookura.com/products/2300046098756,https://www.chrono24.com/omega/omega-new-2026-seamaster-aqua-terra--black-lacquer-41mm-22010412101002--id37811834.htm
21.1,"US_DEALER, not a hand carry",124200,non-JP,7771,7097,9855,Chrono24,7906,VERIFIED,C24 scrape n=1 THIN,1,FULL_SET,okura,ロレックス ROLEX オイスターパーペチュアル34 124200 ブラック ステンレススチール 自動巻き ユニセックス 腕時計,https://ec.wb-ookura.com/products/2300046103399,https://www.chrono24.com/rolex/oyster-perpetual-34--id47561565.htm
21.1,"US_DEALER, not a hand carry",124060,non-JP,12787,11677,16205,Chrono24,12194,VERIFIED,C24 scrape,2,FULL_SET,okura,ロレックス ROLEX サブマリーナ ノンデイト 124060 ブラック ステンレススチール 自動巻き メンズ 腕時計,https://ec.wb-ookura.com/products/2300046203839,https://www.chrono24.com/rolex/rolex-submariner-41mm-no-date-newunworn-124060-2026--id28447338.htm
20.9,"US_DEALER, not a hand carry",126000,non-JP,9890,9032,12510,Chrono24,9396,VERIFIED,C24 scrape,8,FULL_SET,okura,ロレックス ROLEX オイスターパーペチュアル36 126000 グリーン ステンレススチール 自動巻き メンズ 腕時計,https://ec.wb-ookura.com/products/2340100016272,https://www.chrono24.com/rolex/rolex-unworn-126000-oyster-perpetual-36mm-med-blue-index-dial-oyster-bracelet-stainless-steel--id44319787.htm
20.7,"US_DEALER, not a hand carry",124060,non-JP,12857,11742,16205,Chrono24,12194,VERIFIED,C24 scrape,2,FULL_SET,okura,ロレックス ROLEX サブマリーナ ノンデイト 124060 ブラック ステンレススチール 自動巻き メンズ 腕時計,https://ec.wb-ookura.com/products/2300046088368,https://www.chrono24.com/rolex/rolex-submariner-41mm-no-date-newunworn-124060-2026--id28447338.htm
20.7,"US_DEALER, not a hand carry",124060,non-JP,12857,11742,16205,Chrono24,12194,VERIFIED,C24 scrape,2,FULL_SET,okura,ロレックス ROLEX サブマリーナ ノンデイト 124060 ブラック ステンレススチール 自動巻き メンズ 腕時計,https://ec.wb-ookura.com/products/2300046088634,https://www.chrono24.com/rolex/rolex-submariner-41mm-no-date-newunworn-124060-2026--id28447338.htm
20.7,"US_DEALER, not a hand carry",WSTA0067,non-JP,4945,4516,6236,Chrono24 US,4581,VERIFIED,C24 research,,FULL_SET,okura,カルティエ Cartier タンクフランセーズLM WSTA0067 シルバー ステンレススチール 自動巻き メンズ 腕時計,https://ec.wb-ookura.com/products/2300045270849,
20.7,"US_DEALER, not a hand carry",124060,non-JP,12857,11742,16205,Chrono24,12194,VERIFIED,C24 scrape,2,FULL_SET,okura,ロレックス ROLEX サブマリーナ ノンデイト 124060 ブラック ステンレススチール 自動巻き メンズ 腕時計,https://ec.wb-ookura.com/products/2341950019390,https://www.chrono24.com/rolex/rolex-submariner-41mm-no-date-newunworn-124060-2026--id28447338.htm
20.7,"US_DEALER, not a hand carry",WSTA0067,non-JP,4945,4516,6236,Chrono24 US,4581,VERIFIED,C24 research,,FULL_SET,okura,カルティエ Cartier タンクフランセーズLM WSTA0067 シルバー ステンレススチール 自動巻き メンズ 腕時計,https://ec.wb-ookura.com/products/2300046266162,
20.6,"US_DEALER, not a hand carry",116400,non-JP,11303,10323,14235,Chrono24,8750,VERIFIED,C24 scrape,4,FULL_SET,okura,ロレックス ROLEX ミルガウス 116400 ホワイト ステンレススチール 自動巻き メンズ 腕時計,https://ec.wb-ookura.com/products/2300046206861,https://www.chrono24.com/rolex/milgauss-white-dial-on-oyster-bracelet-116400-open-date--id47680699.htm
20.5,"US_DEALER, not a hand carry",91560,non-JP,2176,1987,2736,Chrono24 US,2167,VERIFIED,C24 research,8,FULL_SET,okura,チューダー/チュードル TUDOR 1926 ルナ 91560 ブルー ステンレススチール 自動巻き メンズ 腕時計,https://ec.wb-ookura.com/products/2300045825339,
20.4,"US_DEALER, not a hand carry",215.23.40.20.04.001,non-JP,8067,7367,10129,Chrono24,9579,DERIVED,C24 only,,UNKNOWN,ippo,OMEGA 215.23.40.20.04.001 Seamaster Planet Ocean 600M 5-Year Warranty White Automatic Dive,https://www.ippojapanwatch.com/products/omega-21523402004001-seamaster-planet-ocean-600m-5-year-warranty-white-automatic-dive-watch,
20.4,"US_DEALER, not a hand carry",311.30.42.30.01.005,non-JP,5228,4774,6569,Chrono24,4741,VERIFIED,C24 scrape n=1 THIN,1,FULL_SET,okura,オメガ OMEGA スピードマスター ムーンウォッチ プロフェッショナル クロノグラフ 311.30.42.30.01.005 ブラック ステンレススチール 手巻き メンズ 腕時計,https://ec.wb-ookura.com/products/2300046140592,https://www.chrono24.com/omega/omega-speedmaster-professional-moonwatch--id47643444.htm
20.2,"US_DEALER, not a hand carry",124060,non-JP,12928,11806,16205,Chrono24,12194,VERIFIED,C24 scrape,2,FULL_SET,okura,ロレックス ROLEX サブマリーナ ノンデイト 124060 ブラック ステンレススチール 自動巻き メンズ 腕時計,https://ec.wb-ookura.com/products/2300045826763,https://www.chrono24.com/rolex/rolex-submariner-41mm-no-date-newunworn-124060-2026--id28447338.htm
20.1,"US_DEALER, not a hand carry",16613,non-JP,11445,10452,14327,Chrono24,10670,VERIFIED,C24 scrape,2,FULL_SET,okura,ロレックス ROLEX サブマリーナ 16613 ブラック ゴールド/ステンレススチール 自動巻き メンズ 腕時計,https://ec.wb-ookura.com/products/2351050002406,https://www.chrono24.com/rolex/submariner-date--id47738939.htm
20.0,"US_DEALER, not a hand carry",79950,non-JP,2826,2581,3531,Chrono24,2555,VERIFIED,C24 scrape n=1 THIN,1,FULL_SET,okura,チューダー/チュードル TUDOR レンジャー 79950 ブラック ステンレススチール 自動巻き メンズ 腕時計,https://ec.wb-ookura.com/products/2300045961662,https://www.chrono24.com/tudor/tudor-ranger--id47000275.htm
20.0,"US_DEALER, not a hand carry",Q3868520,non-JP,7488,6839,9357,Chrono24,6196,DERIVED,C24 scrape,9,FULL_SET,okura,ジャガー・ルクルト JAEGER-LE COULTRE レベルソ クラシック スモールセコンド Q3868520(222.862) シルバー ステンレススチール 手巻き メンズ 腕,https://ec.wb-ookura.com/products/2300046002708,https://www.chrono24.com/jaegerlecoultre/new-2026-reverso-classic-monoface-small-seconds-q3868520--id46955171.htm
20.0,"US_DEALER, not a hand carry",79950,non-JP,2826,2581,3531,Chrono24,2555,VERIFIED,C24 scrape n=1 THIN,1,FULL_SET,okura,チューダー/チュードル TUDOR レンジャー 79950 ブラック ステンレススチール 自動巻き メンズ 腕時計,https://ec.wb-ookura.com/products/2300045479587,https://www.chrono24.com/tudor/tudor-ranger--id47000275.htm
20.0,"US_DEALER, not a hand carry",79950,non-JP,2826,2581,3531,Chrono24,2555,VERIFIED,C24 scrape n=1 THIN,1,FULL_SET,okura,チューダー/チュードル TUDOR レンジャー 79950 ブラック ステンレススチール 自動巻き メンズ 腕時計,https://ec.wb-ookura.com/products/2300046156982,https://www.chrono24.com/tudor/tudor-ranger--id47000275.htm
19.8,"US_DEALER, not a hand carry",126000,non-JP,10032,9161,12510,Chrono24,9396,VERIFIED,C24 scrape,8,FULL_SET,okura,ロレックス ROLEX オイスターパーペチュアル36 126000 グリーン ステンレススチール メンズ 腕時計,https://ec.wb-ookura.com/products/2300045884824,https://www.chrono24.com/rolex/rolex-unworn-126000-oyster-perpetual-36mm-med-blue-index-dial-oyster-bracelet-stainless-steel--id44319787.htm
19.4,"US_DEALER, not a hand carry",124060,non-JP,13069,11935,16205,Chrono24,12194,VERIFIED,C24 scrape,2,FULL_SET,okura,ロレックス ROLEX サブマリーナ ノンデイト 124060 ブラック ステンレススチール メンズ 腕時計,https://ec.wb-ookura.com/products/2300045270474,https://www.chrono24.com/rolex/rolex-submariner-41mm-no-date-newunworn-124060-2026--id28447338.htm
19.4,"US_DEALER, not a hand carry",124060,non-JP,13069,11935,16205,Chrono24,12194,VERIFIED,C24 scrape,2,FULL_SET,okura,ロレックス ROLEX サブマリーナ ノンデイト 124060 ブラック ステンレススチール メンズ 腕時計,https://ec.wb-ookura.com/products/2300045270450,https://www.chrono24.com/rolex/rolex-submariner-41mm-no-date-newunworn-124060-2026--id28447338.htm
19.3,"US_DEALER, not a hand carry",311.30.42.30.01.005,non-JP,5298,4839,6569,Chrono24,4741,VERIFIED,C24 scrape n=1 THIN,1,FULL_SET,okura,オメガ OMEGA スピードマスター ムーンウォッチ プロフェッショナル クロノグラフ 311.30.42.30.01.005 ブラック ステンレススチール 自動巻き メンズ 腕時,https://ec.wb-ookura.com/products/2300045983534,https://www.chrono24.com/omega/omega-speedmaster-professional-moonwatch--id47643444.htm
18.8,"US_DEALER, not a hand carry",69173,non-JP,6217,5677,7660,Chrono24,4896,DERIVED,C24 scrape n=1 THIN,1,FULL_SET,okura,ロレックス ROLEX デイトジャスト 69173 ゴールド ゴールド/ステンレススチール 自動巻き レディース 腕時計,https://ec.wb-ookura.com/products/2341950025650,https://www.chrono24.com/rolex/lady-datejust--id47195863.htm
18.8,"US_DEALER, not a hand carry",69173,non-JP,6217,5677,7660,Chrono24,4896,DERIVED,C24 scrape n=1 THIN,1,FULL_SET,okura,ロレックス ROLEX デイトジャスト 69173 ゴールド ゴールド/ステンレススチール 自動巻き レディース 腕時計,https://ec.wb-ookura.com/products/2300046244986,https://www.chrono24.com/rolex/lady-datejust--id47195863.htm
18.7,"US_DEALER, not a hand carry",SBGA465,non-JP,4097,3742,5037,Chrono24,4001,VERIFIED,C24 scrape,10,FULL_SET,okura,グランドセイコー Grand Seiko ヘリテージコレクション スプリングドライブ SBGA465(9R65-0DY0) 有機的な型打ちダイヤル ステンレススチール 自動巻き メ,https://ec.wb-ookura.com/products/2351050002512,https://www.chrono24.com/grandseiko/grand-seiko-morning-frost--spring-drive-elegance--id47283405.htm
18.7,"US_DEALER, not a hand carry",SBGA465,non-JP,4097,3742,5037,Chrono24,4001,VERIFIED,C24 scrape,10,FULL_SET,okura,グランドセイコー Grand Seiko ヘリテージコレクション スプリングドライブ SBGA465(9R65-0DY0) 有機的な型打ちダイヤル ステンレススチール 自動巻き メ,https://ec.wb-ookura.com/products/2300045961891,https://www.chrono24.com/grandseiko/grand-seiko-morning-frost--spring-drive-elegance--id47283405.htm
18.6,"US_DEALER, not a hand carry",16613,non-JP,11656,10645,14327,Chrono24,10670,VERIFIED,C24 scrape,2,FULL_SET,okura,ロレックス ROLEX サブマリーナ 16613 ブラック ゴールド/ステンレススチール 自動巻き メンズ 腕時計,https://ec.wb-ookura.com/products/2341950022833,https://www.chrono24.com/rolex/submariner-date--id47738939.htm
18.6,"US_DEALER, not a hand carry",126331,non-JP,14341,13097,17628,Chrono24,17111,VERIFIED,C24 scrape,9,FULL_SET,okura,ロレックス ROLEX デイトジャスト 41 126331 シャンパンゴールド/サンダスト PG/SS 自動巻き メンズ 腕時計,https://ec.wb-ookura.com/products/2300044724565,https://www.chrono24.com/rolex/rolex-cpo-datejust-126331-41mm-everose-chocolate-dial--id47697277.htm
18.5,"US_DEALER, not a hand carry",116000,non-JP,6499,5935,7976,Chrono24,6430,DERIVED,C24 scrape,24,FULL_SET,okura,ロレックス ROLEX オイスターパーペチュアル 36 116000 シルバー ステンレススチール 自動巻き メンズ 腕時計,https://ec.wb-ookura.com/products/2351050004011,https://www.chrono24.com/rolex/oyster-perpetual-36--id47702102.htm
18.2,"US_DEALER, not a hand carry",79000B,non-JP,4027,3677,4922,Chrono24,3888,VERIFIED,C24 scrape,7,FULL_SET,okura,チューダー/チュードル TUDOR ブラックベイ54 M79000B ブルー ステンレススチール 自動巻き メンズ 腕時計,https://ec.wb-ookura.com/products/2300045886033,https://www.chrono24.com/tudor/black-bay-unworn-2026-blueblue-3-links-m79000b-0001--id47702303.htm
17.9,"US_DEALER, not a hand carry *PAPERS",126000,non-JP,10273,9382,12510,Chrono24,9396,VERIFIED,C24 scrape,8,BODY_ONLY,satindoll,オイスターパーペチュアル36,https://www.satindollweb.com/products/detail/11620,https://www.chrono24.com/rolex/rolex-unworn-126000-oyster-perpetual-36mm-med-blue-index-dial-oyster-bracelet-stainless-steel--id44319787.htm
17.7,"US_DEALER, not a hand carry",126622,non-JP,14835,13548,18035,Chrono24,13822,VERIFIED,C24 scrape,8,FULL_SET,okura,ロレックス ROLEX ヨットマスター40 126622 ブルー プラチナ/ステンレススチール 自動巻き メンズ 腕時計,https://ec.wb-ookura.com/products/2300045281104,https://www.chrono24.com/rolex/rolex-2025-yacht-master-40mm-126622-stainless-steel-rhodium-dial--id46800314.htm
17.6,"US_DEALER, not a hand carry",279174,non-JP,8124,7419,9854,Chrono24,10692,VERIFIED,C24 only,,FULL_SET,okura,ロレックス ROLEX デイトジャスト 28 279174 ピンク ステンレススチール/ホワイトゴールド 自動巻き レディース 腕時計,https://ec.wb-ookura.com/products/2351050003960,
17.5,"US_DEALER, not a hand carry",215.30.46.51.01.002,non-JP,5510,5032,6680,Chrono24,4560,DERIVED,C24 only,,FULL_SET,okura,オメガ OMEGA シーマスタープラネットオーシャン600M コーアクシャル マスタークロノメーター クロノグラフ 215.30.46.51.01.002 ブラック ステンレススチ,https://ec.wb-ookura.com/products/2300045537126,
17.5,"US_DEALER, not a hand carry",214270,non-JP,7771,7097,9415,Chrono24,7506,VERIFIED,C24 scrape,6,FULL_SET,okura,ロレックス ROLEX エクスプローラー 214270 ブラック ステンレススチール 自動巻き メンズ 腕時計,https://ec.wb-ookura.com/products/2351050003861,https://www.chrono24.com/rolex/rolex-explorer--id47558762.htm
17.4,SUSPECT_DATA,268621,JP,16941,15471,20504,Chrono24,14947,VERIFIED,C24 scrape n=1 THIN,1,UNKNOWN|AA_LIKE_NEW,kamekichi,,https://www.kame-kichi.com/items/43730,https://www.chrono24.com/rolex/rolex-new-yacht-master-37mm-268621-chocolate-brown-dial-two-tone-rose-gold--id34759728.htm
17.2,"US_DEALER, not a hand carry",124060,non-JP,13423,12258,16205,Chrono24,12194,VERIFIED,C24 scrape,2,FULL_SET,okura,ロレックス ROLEX サブマリーナ ノンデイト 124060 ブラック ステンレススチール 自動巻き メンズ 腕時計,https://ec.wb-ookura.com/products/2300045270481,https://www.chrono24.com/rolex/rolex-submariner-41mm-no-date-newunworn-124060-2026--id28447338.htm
17.1,"US_DEALER, not a hand carry",A17326,non-JP,3674,3355,4434,Chrono24,3335,VERIFIED,C24 scrape,4,FULL_SET,okura,ブライトリング BREITLING ナビタイマー オートマチック 41 A17326 ブラック ステンレススチール 自動巻き メンズ 腕時計,https://ec.wb-ookura.com/products/2300046157446,https://www.chrono24.com/breitling/navitimer-automatic-41-a17326-blue-dial-mens-watch-box-papers--id47585680.htm
17.0,"US_DEALER, not a hand carry",126000,non-JP,10385,9484,12510,Chrono24,9396,VERIFIED,C24 scrape,8,FULL_SET,okura,ロレックス ROLEX オイスターパーペチュアル36 126000 ベージュ ステンレススチール 自動巻き メンズ 腕時計,https://ec.wb-ookura.com/products/2300046139978,https://www.chrono24.com/rolex/rolex-unworn-126000-oyster-perpetual-36mm-med-blue-index-dial-oyster-bracelet-stainless-steel--id44319787.htm
17.0,"US_DEALER, not a hand carry",126331,non-JP,14624,13355,17628,Chrono24,17111,VERIFIED,C24 scrape,9,FULL_SET,okura,ロレックス ROLEX デイトジャスト41 126331 サンダスト ピンクゴールド/ステンレススチール 自動巻き メンズ 腕時計,https://ec.wb-ookura.com/products/2300045248466,https://www.chrono24.com/rolex/rolex-cpo-datejust-126331-41mm-everose-chocolate-dial--id47697277.htm
16.9,"US_DEALER, not a hand carry",311.30.40.30.01.001,non-JP,14835,13548,17847,Chrono24 US,15192,VERIFIED,C24 research,,FULL_SET,okura,オメガ OMEGA スピードマスター キャリバー 321 クロノグラフ 311.30.40.30.01.001 ブラック ステンレススチール 手巻き メンズ 腕時計,https://ec.wb-ookura.com/products/2300046140707,
16.9,"US_DEALER, not a hand carry",278273,non-JP,19484,17794,23460,Chrono24,16607,VERIFIED,C24 scrape,2,UNKNOWN,satindoll,デイトジャスト31,https://www.satindollweb.com/products/detail/11601,https://www.chrono24.com/rolex/rolex-unworn-datejust-31mm-278273-steel-and-yellow-gold-fluted-bezel-dark-grey-dial-jubilee-band--id26307220.htm
16.8,"US_DEALER, not a hand carry",A17377,non-JP,2607,2381,3133,"mark, NO VENUE",3133,VERIFIED,,,FULL_SET,okura,ブライトリング BREITLING スーパーオーシャン オートマチック36 A17377 ライトブルー ステンレススチール 自動巻き メンズ 腕時計,https://ec.wb-ookura.com/products/2300044265853,
16.7,"US_DEALER, not a hand carry",52506,non-JP,40833,37290,49007,Chrono24,38466,VERIFIED,C24 scrape,2,FULL_SET,okura,ロレックス ROLEX 1908 52506 アイスブルー プラチナ 自動巻き メンズ 腕時計,https://ec.wb-ookura.com/products/2300045161239,https://www.chrono24.com/rolex/rolex-new-2026-1908-39mm-52506-platinum-ice-blue-guilloche-rice-grain-motif-dial--id46582490.htm
16.7,"US_DEALER, not a hand carry *PAPERS",126622,non-JP,15020,13717,18035,Chrono24,13822,VERIFIED,C24 scrape,8,BODY_ONLY,satindoll,ヨットマスター40,https://www.satindollweb.com/products/detail/11540,https://www.chrono24.com/rolex/rolex-2025-yacht-master-40mm-126622-stainless-steel-rhodium-dial--id46800314.htm
16.4,"US_DEALER, not a hand carry",126621,non-JP,16107,14710,19265,Chrono24,15659,VERIFIED,C24 scrape n=1 THIN,1,FULL_SET,okura,ロレックス ROLEX ヨットマスター40 126621 ブラック ピンクゴールド/ステンレススチール 自動巻き メンズ 腕時計,https://ec.wb-ookura.com/products/2300045502698,https://www.chrono24.com/rolex/like-new-2023-yacht-master-40-2-tone-chocolate-dial-126621--id47701258.htm
16.3,"US_DEALER, not a hand carry *PAPERS",69173,non-JP,6409,5853,7660,Chrono24,4896,DERIVED,C24 scrape n=1 THIN,1,BODY_ONLY,firekids,ロレックス ROLEX 1996年製 デイトジャスト レディース コンビ Ref.69173 シャンパンダイヤル 自動巻クロノメーター 純正ブレス,https://firekids.jp/products/detail/16590,https://www.chrono24.com/rolex/lady-datejust--id47195863.htm
16.3,"US_DEALER, not a hand carry *PAPERS",116234,non-JP,10628,9706,12695,Chrono24,9159,VERIFIED,C24 scrape,2,BODY_ONLY,satindoll,デイトジャスト36,https://www.satindollweb.com/products/detail/11559,https://www.chrono24.com/rolex/like-new-2015-datejust-36-steel-jubilee-black-diamond-dial-116234--id46871696.htm
16.3,"US_DEALER, not a hand carry *PAPERS",69173,non-JP,6409,5853,7660,Chrono24,4896,DERIVED,C24 scrape n=1 THIN,1,BODY_ONLY,firekids,ロレックス ROLEX デイトジャスト レディース 1989-1990年製 Ref.69173 自動巻 コンビ シャンパン文字盤 純正ブレス,https://firekids.jp/products/detail/15735,https://www.chrono24.com/rolex/lady-datejust--id47195863.htm
16.1,"US_DEALER, not a hand carry",210.32.42.20.01.001,non-JP,4592,4194,5470,Chrono24,4417,VERIFIED,C24 scrape,4,FULL_SET,okura,オメガ OMEGA シーマスター ダイバー 300M コーアクシャル マスタークロノメーター 210.32.42.20.01.001 ブラック ステンレススチール 自動巻き メンズ,https://ec.wb-ookura.com/products/2300046157361,https://www.chrono24.com/omega/seamaster-diver-300-m--id47312527.htm
16.1,"US_DEALER, not a hand carry",210.32.42.20.01.001,non-JP,4592,4194,5470,Chrono24,4417,VERIFIED,C24 scrape,4,FULL_SET,okura,オメガ OMEGA シーマスターダイバー300Mコーアクシャル マスター クロノメーター 210.32.42.20.01.001 ブラック ステンレススチール 自動巻き メンズ 腕,https://ec.wb-ookura.com/products/2300046230071,https://www.chrono24.com/omega/seamaster-diver-300-m--id47312527.htm
15.9,"US_DEALER, not a hand carry",116000,non-JP,6711,6129,7976,Chrono24,6430,DERIVED,C24 scrape,24,FULL_SET,okura,ロレックス ROLEX オイスターパーペチュアル36 116000 シルバー ステンレススチール メンズ 腕時計,https://ec.wb-ookura.com/products/2300045248398,https://www.chrono24.com/rolex/oyster-perpetual-36--id47702102.htm
15.7,"US_DEALER, not a hand carry",126621,non-JP,16248,14839,19265,Chrono24,15659,VERIFIED,C24 scrape n=1 THIN,1,FULL_SET,okura,ロレックス ROLEX ヨットマスター40 126621 ブラック ピンクゴールド/ステンレススチール 自動巻き メンズ 腕時計,https://ec.wb-ookura.com/products/2300045826152,https://www.chrono24.com/rolex/like-new-2023-yacht-master-40-2-tone-chocolate-dial-126621--id47701258.htm
15.7,"US_DEALER, not a hand carry",126621,non-JP,16248,14839,19265,Chrono24,15659,VERIFIED,C24 scrape n=1 THIN,1,FULL_SET,okura,ロレックス ROLEX ヨットマスター40 126621 ブラック ピンクゴールド/ステンレススチール 自動巻き メンズ 腕時計,https://ec.wb-ookura.com/products/2300046098787,https://www.chrono24.com/rolex/like-new-2023-yacht-master-40-2-tone-chocolate-dial-126621--id47701258.htm
15.7,"US_DEALER, not a hand carry",16014,non-JP,4804,4387,5701,"mark, NO VENUE",5701,VERIFIED,,,FULL_SET,okura,ロレックス ROLEX デイトジャスト 16014 シルバー ステンレススチール 自動巻き メンズ 腕時計,https://ec.wb-ookura.com/products/2351050004134,
15.5,"US_DEALER, not a hand carry",126600,non-JP,11798,10774,13961,Chrono24,11850,VERIFIED,C24 scrape n=1 THIN,1,FULL_SET,okura,ロレックス ROLEX シードゥエラー 126600 ブラック ステンレススチール 自動巻き メンズ 腕時計,https://ec.wb-ookura.com/products/2339650035017,https://www.chrono24.com/rolex/seadweller-126600-red--id43448466.htm
15.3,"US_DEALER, not a hand carry",126201,non-JP,12645,11548,14926,"mark, NO VENUE",14926,VERIFIED,,,FULL_SET,okura,ロレックス ROLEX デイトジャスト36 フルーテッドモチーフ 126201 シルバー ピンクゴールド/ステンレススチール メンズ 腕時計,https://ec.wb-ookura.com/products/2300045005991,
15.2,"US_DEALER, not a hand carry",214270,non-JP,7983,7290,9415,Chrono24,7506,VERIFIED,C24 scrape,6,FULL_SET,okura,ロレックス ROLEX エクスプローラー1 214270 ブラック ステンレススチール 自動巻き メンズ 腕時計,https://ec.wb-ookura.com/products/2300045990594,https://www.chrono24.com/rolex/rolex-explorer--id47558762.htm
15.0,"US_DEALER, not a hand carry",124060,non-JP,13776,12581,16205,Chrono24,12194,VERIFIED,C24 scrape,2,FULL_SET,okura,ロレックス ROLEX サブマリーナノンデイト 124060 ブラック ステンレススチール 自動巻き メンズ 腕時計,https://ec.wb-ookura.com/products/2300045575500,https://www.chrono24.com/rolex/rolex-submariner-41mm-no-date-newunworn-124060-2026--id28447338.htm
14.9,"US_DEALER, not a hand carry",126509,non-JP,53125,48516,62404,Chrono24,50690,VERIFIED,C24 scrape,11,FULL_SET,okura,ロレックス ROLEX デイトナ 126509 ブラック/スチール ゴールド 自動巻き メンズ 腕時計,https://ec.wb-ookura.com/products/2300045337252,https://www.chrono24.com/rolex/2025-card-rolex-daytona-cosmograph-126509-blue-dial-18k-white-gold-watch--id47555004.htm
14.9,"US_DEALER, not a hand carry",126515LN,non-JP,93252,85161,109532,Chrono24,48639,DERIVED,C24 scrape n=1 THIN,1,FULL_SET,okura,ロレックス ROLEX デイトナ 126515LN メテオライト/ブラック ピンクゴールド 自動巻き メンズ 腕時計,https://ec.wb-ookura.com/products/2340640056400,https://www.chrono24.com/rolex/new-2026-daytona-126515ln-meteorite-meteorite-dial-rose-gold-oysterflex-cosmograph-40mm--id47285038.htm
14.9,"US_DEALER, not a hand carry",69173,non-JP,6518,5953,7660,Chrono24,4896,DERIVED,C24 scrape n=1 THIN,1,UNKNOWN,satindoll,デイトジャスト,https://www.satindollweb.com/products/detail/11576,https://www.chrono24.com/rolex/lady-datejust--id47195863.htm
14.9,"US_DEALER, not a hand carry",114270,non-JP,7065,6452,8304,Chrono24,6422,VERIFIED,C24 scrape,8,FULL_SET,okura,ロレックス ROLEX エクスプローラー1 114270 ブラック ステンレススチール 自動巻き メンズ 腕時計,https://ec.wb-ookura.com/products/2351050003892,https://www.chrono24.com/rolex/explorer--id47560875.htm
14.8,"US_DEALER, not a hand carry",16610,non-JP,9325,8516,10949,Chrono24,9276,VERIFIED,C24 scrape,12,FULL_SET,okura,ロレックス ROLEX サブマリーナ 16610 ブラック ステンレススチール 自動巻き メンズ 腕時計,https://ec.wb-ookura.com/products/2300046203211,https://www.chrono24.com/rolex/submariner-date--id47263096.htm
14.6,"US_DEALER, not a hand carry",126509,non-JP,53266,48645,62404,Chrono24,50690,VERIFIED,C24 scrape,11,FULL_SET,okura,ロレックス ROLEX デイトナ 126509 ブラック/スチール ホワイトゴールド 自動巻き メンズ 腕時計,https://ec.wb-ookura.com/products/2340980051233,https://www.chrono24.com/rolex/2025-card-rolex-daytona-cosmograph-126509-blue-dial-18k-white-gold-watch--id47555004.htm
14.6,"US_DEALER, not a hand carry",126509,non-JP,53266,48645,62404,Chrono24,50690,VERIFIED,C24 scrape,11,FULL_SET,okura,ロレックス ROLEX デイトナ 126509 ブラック/スチール ホワイトゴールド 自動巻き メンズ 腕時計,https://ec.wb-ookura.com/products/2300046018280,https://www.chrono24.com/rolex/2025-card-rolex-daytona-cosmograph-126509-blue-dial-18k-white-gold-watch--id47555004.htm
14.6,"US_DEALER, not a hand carry",SBGJ271,non-JP,5799,5296,6789,Chrono24,5021,DERIVED,C24 scrape n=1 THIN,1,UNKNOWN,ippo,Grand Seiko SBGJ271 Automatic Movement Sapphire Crystal Stainless Steel Case Water Resista,https://www.ippojapanwatch.com/products/grand-seiko-sbgj271-automatic-movement-sapphire-crystal-stainless-steel-case-water-resistant-200m,https://www.chrono24.com/grandseiko/grand-seiko-yukigesho--hi-beat-gmt-elegance--id45858219.htm
14.4,"US_DEALER, not a hand carry",79680,non-JP,3744,3419,4373,Chrono24,3025,VERIFIED,C24 scrape,4,FULL_SET,okura,チューダー/チュードル TUDOR ブラックベイ 41 79680 ブラック ステンレススチール 自動巻き メンズ 腕時計,https://ec.wb-ookura.com/products/2300046008731,https://www.chrono24.com/tudor/2025--black-bay-41mm-stainless-steel-m79680-0001--id46775789.htm
14.2,"US_DEALER, not a hand carry",52506,non-JP,42034,38387,49007,Chrono24,38466,VERIFIED,C24 scrape,2,FULL_SET,okura,ロレックス ROLEX 1908 52506 アイスブルー プラチナ 自動巻き メンズ 腕時計,https://ec.wb-ookura.com/products/2300045516190,https://www.chrono24.com/rolex/rolex-new-2026-1908-39mm-52506-platinum-ice-blue-guilloche-rice-grain-motif-dial--id46582490.htm
14.0,"US_DEALER, not a hand carry",279174,non-JP,8477,7742,9854,Chrono24,10692,VERIFIED,C24 only,,FULL_SET,okura,ロレックス ROLEX デイトジャスト28 279174 ホワイト ホワイトゴールド/ステンレススチール 自動巻き レディース 腕時計,https://ec.wb-ookura.com/products/2341950018607,
13.8,"US_DEALER, not a hand carry",126622,non-JP,15542,14194,18035,Chrono24,13822,VERIFIED,C24 scrape,8,FULL_SET,okura,ロレックス ROLEX ヨットマスター40 126622 スレート プラチナ/ステンレススチール 自動巻き メンズ 腕時計,https://ec.wb-ookura.com/products/2300046183681,https://www.chrono24.com/rolex/rolex-2025-yacht-master-40mm-126622-stainless-steel-rhodium-dial--id46800314.htm
13.7,"US_DEALER, not a hand carry",214270,non-JP,8124,7419,9415,Chrono24,7506,VERIFIED,C24 scrape,6,FULL_SET,okura,ロレックス ROLEX エクスプローラー1 214270 ブラック ステンレススチール 自動巻き メンズ 腕時計,https://ec.wb-ookura.com/products/2300046139770,https://www.chrono24.com/rolex/rolex-explorer--id47558762.htm
13.7,"US_DEALER, not a hand carry",214270,non-JP,8124,7419,9415,Chrono24,7506,VERIFIED,C24 scrape,6,FULL_SET,okura,ロレックス ROLEX エクスプローラー1 214270 ブラック ステンレススチール 自動巻き メンズ 腕時計,https://ec.wb-ookura.com/products/2300046140233,https://www.chrono24.com/rolex/rolex-explorer--id47558762.htm
13.7,"US_DEALER, not a hand carry",214270,non-JP,8124,7419,9415,Chrono24,7506,VERIFIED,C24 scrape,6,FULL_SET,okura,ロレックス ROLEX エクスプローラー1 214270 ブラック ステンレススチール 自動巻き メンズ 腕時計,https://ec.wb-ookura.com/products/2300046010369,https://www.chrono24.com/rolex/rolex-explorer--id47558762.htm
13.7,"US_DEALER, not a hand carry",214270,non-JP,8124,7419,9415,Chrono24,7506,VERIFIED,C24 scrape,6,FULL_SET,okura,ロレックス ROLEX エクスプローラー1 214270 ブラック ステンレススチール 自動巻き メンズ 腕時計,https://ec.wb-ookura.com/products/2300046140417,https://www.chrono24.com/rolex/rolex-explorer--id47558762.htm
13.7,"US_DEALER, not a hand carry",214270,non-JP,8124,7419,9415,Chrono24,7506,VERIFIED,C24 scrape,6,FULL_SET,okura,ロレックス ROLEX エクスプローラー1 214270 ブラック ステンレススチール 自動巻き メンズ 腕時計,https://ec.wb-ookura.com/products/2300046088306,https://www.chrono24.com/rolex/rolex-explorer--id47558762.htm
13.7,"US_DEALER, not a hand carry",214270,non-JP,8124,7419,9415,Chrono24,7506,VERIFIED,C24 scrape,6,FULL_SET,okura,ロレックス ROLEX エクスプローラー1 214270 ブラック ステンレススチール 自動巻き メンズ 腕時計,https://ec.wb-ookura.com/products/2300046139886,https://www.chrono24.com/rolex/rolex-explorer--id47558762.htm
13.7,"US_DEALER, not a hand carry",214270,non-JP,8124,7419,9415,Chrono24,7506,VERIFIED,C24 scrape,6,FULL_SET,okura,ロレックス ROLEX エクスプローラー1 214270 ブラック ステンレススチール 自動巻き メンズ 腕時計,https://ec.wb-ookura.com/products/2300046140387,https://www.chrono24.com/rolex/rolex-explorer--id47558762.htm
13.7,"US_DEALER, not a hand carry",214270,non-JP,8124,7419,9415,Chrono24,7506,VERIFIED,C24 scrape,6,FULL_SET,okura,ロレックス ROLEX エクスプローラー 1 214270 ブラック ステンレススチール 自動巻き メンズ 腕時計,https://ec.wb-ookura.com/products/2351050003939,https://www.chrono24.com/rolex/rolex-explorer--id47558762.htm
13.7,"US_DEALER, not a hand carry",214270,non-JP,8124,7419,9415,Chrono24,7506,VERIFIED,C24 scrape,6,FULL_SET,okura,ロレックス ROLEX エクスプローラー 1 214270 ブラック ステンレススチール 自動巻き メンズ 腕時計,https://ec.wb-ookura.com/products/2340520146757,https://www.chrono24.com/rolex/rolex-explorer--id47558762.htm
13.6,"US_DEALER, not a hand carry",215.30.44.22.01.001,non-JP,5298,4839,6132,Chrono24 US,5145,VERIFIED,LOW,,FULL_SET,okura,オメガ OMEGA シーマスター プラネットオーシャン 600M コーアクシャル 215.30.44.22.01.001 ブラック ステンレススチール 自動巻き メンズ 腕時計,https://ec.wb-ookura.com/products/2300045503107,
13.5,"US_DEALER, not a hand carry",126200,non-JP,7912,7226,9143,Chrono24,9044,VERIFIED,C24 hand read,3,FULL_SET,okura,ロレックス ROLEX デイトジャスト 126200 シルバー ステンレススチール 自動巻き メンズ 腕時計,https://ec.wb-ookura.com/products/2300045174222,
13.5,"US_DEALER, not a hand carry",SLGH013,non-JP,6429,5871,7435,Chrono24,6917,VERIFIED,LOW,,FULL_SET,okura,グランドセイコー Grand Seiko ヘリテージコレクション メカニカルハイビート36000 SLGH013 シルバー(雪解けダイヤル) ステンレススチール 自動巻き メンズ ,https://ec.wb-ookura.com/products/2300045458889,
13.3,"US_DEALER, not a hand carry",126660,non-JP,12716,11613,14662,Chrono24,11800,VERIFIED,C24 scrape,9,FULL_SET,okura,ロレックス ROLEX デイープシー Dブルー 126660 ブルー ステンレススチール 自動巻き メンズ 腕時計,https://ec.wb-ookura.com/products/2351050004172,https://www.chrono24.com/rolex/sea-dweller-deepsea--id47661884.htm
13.2,"US_DEALER, not a hand carry *PAPERS",79174,non-JP,6409,5853,7386,Chrono24,4612,DERIVED,C24 scrape n=1 THIN,1,BODY_ONLY,firekids,ロレックス デイトジャスト レディース ホワイトローマンダイヤル 2002年製 フルーテッドベゼル Ref.79174 自動巻きクロノメーター Cal.2235 純正ジュビリーブレ,https://firekids.jp/products/detail/17181,https://www.chrono24.com/rolex/rolex-lady-datejust-26-jubilee-bracelet-18k-white-gold-fluted-bezel-sulver-stick-button-dial--id45496101.htm
13.0,"US_DEALER, not a hand carry",SLGH005,non-JP,7664,6999,8809,Chrono24,6536,VERIFIED,C24 scrape n=1 THIN,1,FULL_SET,topper,Pre-Owned Grand Seiko Evolution 9 Collection 'White Birch' SLGH005,https://www.topperjewelers.com/products/pre-owned-grand-seiko-22102,https://www.chrono24.com/grandseiko/grand-seiko-new-2026-slgh005-white-birch-hi-beat-complete--id47641011.htm
13.0,"US_DEALER, not a hand carry",215.30.44.21.03.001,non-JP,3568,3258,4102,"mark, NO VENUE",4102,VERIFIED,,,PAPERS_ONLY,okura,オメガ OMEGA シーマスター プラネットオーシャン 600M コーアクシャル マスター クロノメーター 215.30.44.21.03.001 ブルー SS/ラバーベルト 自動,https://ec.wb-ookura.com/products/2341950012803,
12.8,"US_DEALER, not a hand carry",310.32.42.50.02.001,non-JP,15189,13871,17409,Chrono24,15051,VERIFIED,C24 scrape,7,PAPERS_ONLY,okura,オメガ OMEGA スピードマスター ムーンウォッチ コーアクシャル マスタークロノメーター 310.32.42.50.02.001 シルバー ステンレススチール 手巻き メンズ ,https://ec.wb-ookura.com/products/2300045849908,https://www.chrono24.com/omega/speedmaster-silver-snoopy-award-31032425002001-steel-42mm--id47735483.htm
12.8,"US_DEALER, not a hand carry",124060,non-JP,14126,12900,16205,Chrono24,12194,VERIFIED,C24 scrape,2,FULL_SET,exquisite,Rolex Submariner Black Dial 124060-0001,https://www.exquisitetimepieces.com/products/rolex-submariner-black-dial-124060-0001-ns21000941730,https://www.chrono24.com/rolex/rolex-submariner-41mm-no-date-newunworn-124060-2026--id28447338.htm
12.6,"US_DEALER, not a hand carry",126622,non-JP,15754,14387,18035,Chrono24,13822,VERIFIED,C24 scrape,8,FULL_SET,okura,ロレックス ROLEX ヨットマスター40 126622 スレート プラチナ/ステンレススチール 自動巻き メンズ 腕時計,https://ec.wb-ookura.com/products/2300045792099,https://www.chrono24.com/rolex/rolex-2025-yacht-master-40mm-126622-stainless-steel-rhodium-dial--id46800314.htm
12.5,"US_DEALER, not a hand carry",126000,non-JP,10950,10000,12510,Chrono24,9396,VERIFIED,C24 scrape,8,FULL_SET,okura,ロレックス ROLEX オイスターパーペチュアル36 126000 ラベンダー ステンレススチール 自動巻き メンズ 腕時計,https://ec.wb-ookura.com/products/2300045983343,https://www.chrono24.com/rolex/rolex-unworn-126000-oyster-perpetual-36mm-med-blue-index-dial-oyster-bracelet-stainless-steel--id44319787.htm
12.4,"US_DEALER, not a hand carry",278271,non-JP,16792,15335,19163,Chrono24 US,16165,VERIFIED,C24 research,,UNKNOWN,satindoll,デイトジャスト31,https://www.satindollweb.com/products/detail/11554,
12.4,"US_DEALER, not a hand carry",114270,non-JP,7276,6645,8304,Chrono24,6422,VERIFIED,C24 scrape,8,FULL_SET,okura,ロレックス ROLEX エクスプローラー1 114270 ブラック ステンレススチール 自動巻き メンズ 腕時計,https://ec.wb-ookura.com/products/2300046088283,https://www.chrono24.com/rolex/explorer--id47560875.htm
12.3,"US_DEALER, not a hand carry",226659,non-JP,30731,28065,35040,Chrono24,27340,VERIFIED,C24 scrape,10,FULL_SET,okura,ロレックス ROLEX ヨットマスター42 226659 ブラック ホワイトゴールド 自動巻き メンズ 腕時計,https://ec.wb-ookura.com/products/2300046139831,https://www.chrono24.com/rolex/yacht-master-42-white-gold-226659-oysterflex--id32377190.htm
12.1,"US_DEALER, not a hand carry",226659,non-JP,30801,28129,35040,Chrono24,27340,VERIFIED,C24 scrape,10,FULL_SET,okura,ロレックス ROLEX ヨットマスター42 226659 ブラック ホワイトゴールド 自動巻き メンズ 腕時計,https://ec.wb-ookura.com/products/2300045516183,https://www.chrono24.com/rolex/yacht-master-42-white-gold-226659-oysterflex--id32377190.htm
12.1,"US_DEALER, not a hand carry",216570,non-JP,9608,8774,10934,Chrono24,8861,VERIFIED,C24 scrape n=1 THIN,1,FULL_SET,okura,ロレックス ROLEX エクスプローラー2 216570 ブラック ステンレススチール 自動巻き メンズ 腕時計,https://ec.wb-ookura.com/products/2300046230156,https://www.chrono24.com/rolex/rolex-explorer-ii--id47754190.htm
12.1,"US_DEALER, not a hand carry",116233,non-JP,11303,10323,12866,Chrono24,10112,VERIFIED,C24 scrape,2,FULL_SET,okura,ロレックス ROLEX デイトジャスト36 116233 アイボリー ピラミッド ゴールド/ステンレススチール 自動巻き メンズ 腕時計,https://ec.wb-ookura.com/products/2300046165274,https://www.chrono24.com/rolex/116233--id47528421.htm
12.0,"US_DEALER, not a hand carry",IW328208,non-JP,5298,4839,6022,Chrono24,4395,DERIVED,C24 scrape n=1 THIN,1,FULL_SET,okura,インターナショナルウォッチカンパニー IWC パイロットウィッチ マークⅩⅩ IW328208 シルバー ステンレススチール 自動巻き メンズ 腕時計,https://ec.wb-ookura.com/products/2300046157118,https://www.chrono24.com/iwc/iwc-pilots-watch-mark-xx-40mm-white-dial-on-stainless-steel-bracelet--id47594699.htm
12.0,"US_DEALER, not a hand carry",136660,non-JP,12434,11355,14124,Chrono24,14299,VERIFIED,C24 hand read n=1 THIN,1,FULL_SET,okura,ロレックス ROLEX ディープシー 136660 ブラック ステンレススチール 自動巻き メンズ 腕時計,https://ec.wb-ookura.com/products/2300046183902,
11.9,"US_DEALER, not a hand carry",126622,non-JP,15895,14516,18035,Chrono24,13822,VERIFIED,C24 scrape,8,FULL_SET,okura,ロレックス ROLEX ヨットマスター40 126622 スレート プラチナ/ステンレススチール 自動巻き メンズ 腕時計,https://ec.wb-ookura.com/products/2300046000285,https://www.chrono24.com/rolex/rolex-2025-yacht-master-40mm-126622-stainless-steel-rhodium-dial--id46800314.htm
11.8,"US_DEALER, not a hand carry",SLGH005,non-JP,7771,7097,8809,Chrono24,6536,VERIFIED,C24 scrape n=1 THIN,1,FULL_SET,okura,グランドセイコー Grand Seiko エボリューション9 コレクション メカニカルハイビート36000 SLGH005(9SA5-00C0) 白樺ダイヤル ステンレススチール ,https://ec.wb-ookura.com/products/2300046008786,https://www.chrono24.com/grandseiko/grand-seiko-new-2026-slgh005-white-birch-hi-beat-complete--id47641011.htm
11.8,"US_DEALER, not a hand carry",SLGH005,non-JP,7771,7097,8809,Chrono24,6536,VERIFIED,C24 scrape n=1 THIN,1,FULL_SET,okura,グランドセイコー Grand Seiko エボリューション9コレクション メカニカルハイビート36000 SLGH005(9SA5-00C0) シルバー ステンレススチール 自動巻,https://ec.wb-ookura.com/products/2300045849557,https://www.chrono24.com/grandseiko/grand-seiko-new-2026-slgh005-white-birch-hi-beat-complete--id47641011.htm
11.8,"US_DEALER, not a hand carry",SLGH005,non-JP,7771,7097,8809,Chrono24,6536,VERIFIED,C24 scrape n=1 THIN,1,FULL_SET,okura,グランドセイコー Grand Seiko エボリューション9コレクション メカニカルハイビート36000 SLGH005(9SA5-00C0) シルバー ステンレススチール 自動巻,https://ec.wb-ookura.com/products/2300045962034,https://www.chrono24.com/grandseiko/grand-seiko-new-2026-slgh005-white-birch-hi-beat-complete--id47641011.htm
11.8,"US_DEALER, not a hand carry",SLGH005,non-JP,7771,7097,8809,Chrono24,6536,VERIFIED,C24 scrape n=1 THIN,1,FULL_SET,okura,グランドセイコー Grand Seiko エボリューション9コレクション メカニカルハイビート36000 SLGH005(9SA5-00C0) シルバー ステンレススチール 自動巻,https://ec.wb-ookura.com/products/2300046207424,https://www.chrono24.com/grandseiko/grand-seiko-new-2026-slgh005-white-birch-hi-beat-complete--id47641011.htm
11.8,"US_DEALER, not a hand carry",SLGH005,non-JP,7771,7097,8809,Chrono24,6536,VERIFIED,C24 scrape n=1 THIN,1,FULL_SET,okura,グランドセイコー Grand Seiko エボリューション9 コレクション メカニカルハイビート 36000 SLGH005(9SA5-00C0) 白樺ダイヤル ステンレススチール,https://ec.wb-ookura.com/products/2300046157682,https://www.chrono24.com/grandseiko/grand-seiko-new-2026-slgh005-white-birch-hi-beat-complete--id47641011.htm
11.8,"US_DEALER, not a hand carry",SLGH005,non-JP,7771,7097,8809,Chrono24,6536,VERIFIED,C24 scrape n=1 THIN,1,FULL_SET,okura,グランドセイコー Grand Seiko エボリューション9コレクション メカニカルハイビート36000 　 SLGH005(9SA5-00C0) シルバー/白樺ダイヤル ステンレ,https://ec.wb-ookura.com/products/2300046292048,https://www.chrono24.com/grandseiko/grand-seiko-new-2026-slgh005-white-birch-hi-beat-complete--id47641011.htm
11.7,"US_DEALER, not a hand carry",W4BB0023,non-JP,6513,5948,7376,"mark, NO VENUE",7376,VERIFIED,,,FULL_SET,okura,カルティエ Cartier バロンブルードゥカルティエ 33mm W4BB0023 シルバー SS 自動巻き レディース 腕時計,https://ec.wb-ookura.com/products/2340640053911,
11.7,"US_DEALER, not a hand carry",126900,non-JP,8689,7935,9844,Chrono24,8325,VERIFIED,C24 scrape n=1 THIN,1,FULL_SET,okura,ロレックス ROLEX エアキング 126900 ブラック ステンレススチール メンズ 腕時計,https://ec.wb-ookura.com/products/2300045087775,https://www.chrono24.com/rolex/air-king--id47674791.htm
11.6,"US_DEALER, not a hand carry",279171,non-JP,13069,11935,14781,Chrono24,14475,VERIFIED,C24 only,,FULL_SET,okura,ロレックス ROLEX デイトジャスト28 279171 サンダスト ピンクゴールド/ステンレススチール レディース 腕時計,https://ec.wb-ookura.com/products/2351050000174,
11.5,"US_DEALER, not a hand carry",126622,non-JP,15966,14581,18035,Chrono24,13822,VERIFIED,C24 scrape,8,FULL_SET,okura,ロレックス ROLEX ヨットマスター 40 126622 スレート プラチナ/ステンレススチール 自動巻き メンズ 腕時計,https://ec.wb-ookura.com/products/2341950018782,https://www.chrono24.com/rolex/rolex-2025-yacht-master-40mm-126622-stainless-steel-rhodium-dial--id46800314.htm
11.5,"US_DEALER, not a hand carry",214270,non-JP,8336,7613,9415,Chrono24,7506,VERIFIED,C24 scrape,6,FULL_SET,okura,ロレックス ROLEX エクスプローラー1 214270 ブラック ステンレススチール 自動巻き メンズ 腕時計,https://ec.wb-ookura.com/products/2300045763433,https://www.chrono24.com/rolex/rolex-explorer--id47558762.htm
11.4,"US_DEALER, not a hand carry",16713,non-JP,10597,9677,11960,"mark, NO VENUE",11960,VERIFIED,,,FULL_SET,okura,ロレックス ROLEX GMTマスター2 16713 ブラック ゴールド/ステンレススチール 自動巻き メンズ 腕時計,https://ec.wb-ookura.com/products/2300045961075,
11.4,"US_DEALER, not a hand carry",126600,non-JP,12363,11290,13961,Chrono24,11850,VERIFIED,C24 scrape n=1 THIN,1,FULL_SET,okura,ロレックス ROLEX シードゥエラー 126600 ブラック ステンレススチール 自動巻き メンズ 腕時計,https://ec.wb-ookura.com/products/2300045885098,https://www.chrono24.com/rolex/seadweller-126600-red--id43448466.htm
11.4,"US_DEALER, not a hand carry",220.10.41.21.01.002,non-JP,6350,5799,7167,Chrono24,5263,VERIFIED,C24 scrape,8,FULL_SET,topper,Pre-Owned Omega Seamaster Aqua Terra 220.10.41.21.01.002,https://www.topperjewelers.com/products/pre-owned-omega-22487,https://www.chrono24.com/omega/omega-new-2026-seamaster-aqua-terra--black-lacquer-41mm-22010412101002--id37811834.htm
11.3,"US_DEALER, not a hand carry",124273,non-JP,11515,10516,12976,Chrono24 US,10510,VERIFIED,C24 research,15,FULL_SET,okura,ロレックス ROLEX エクスプローラー36 124273 ブラック ゴールド/ステンレススチール 自動巻き メンズ 腕時計,https://ec.wb-ookura.com/products/2300045761415,
11.3,"US_DEALER, not a hand carry",126000,non-JP,11091,10129,12510,Chrono24,9396,VERIFIED,C24 scrape,8,FULL_SET,okura,ロレックス ROLEX オイスターパーペチュアル36 126000 ラベンダー ステンレススチール 自動巻き メンズ 腕時計,https://ec.wb-ookura.com/products/2300045738370,https://www.chrono24.com/rolex/rolex-unworn-126000-oyster-perpetual-36mm-med-blue-index-dial-oyster-bracelet-stainless-steel--id44319787.htm
11.3,"US_DEALER, not a hand carry",124273,non-JP,11515,10516,12976,Chrono24 US,10510,VERIFIED,C24 research,15,FULL_SET,okura,ロレックス ROLEX エクスプローラー1 124273 ブラック ゴールド/ステンレススチール 自動巻き メンズ 腕時計,https://ec.wb-ookura.com/products/2300045713353,
11.3,"US_DEALER, not a hand carry",126000,non-JP,11091,10129,12510,Chrono24,9396,VERIFIED,C24 scrape,8,FULL_SET,okura,ロレックス ROLEX オイスターパーペチュアル36 126000 キャンディピンク ステンレススチール 自動巻き メンズ 腕時計,https://ec.wb-ookura.com/products/2339640033474,https://www.chrono24.com/rolex/rolex-unworn-126000-oyster-perpetual-36mm-med-blue-index-dial-oyster-bracelet-stainless-steel--id44319787.htm
11.0,"US_DEALER, not a hand carry",226570,non-JP,11303,10323,12695,Chrono24,10932,VERIFIED,C24 scrape n=1 THIN,1,FULL_SET,okura,ロレックス ROLEX エクスプローラー2 226570 ブラック ステンレススチール 自動巻き メンズ 腕時計,https://ec.wb-ookura.com/products/2300045711458,https://www.chrono24.com/rolex/like-new-2022-explorer-ii-black-dial-226570--id47663583.htm
11.0,"US_DEALER, not a hand carry",126300,non-JP,9746,8900,10950,Chrono24,9982,VERIFIED,C24 scrape,7,FULL_SET,exquisite,Rolex 126300-0011 Datejust 41 Black Dial on Stainless Steel Bracelet,https://www.exquisitetimepieces.com/products/rolex-126300-0011-datejust-41-black-dial-on-stainless-steel-ns21000930891,https://www.chrono24.com/rolex/rolex-datejust-41-white-roman-dial-stainless-steel-41mm-126300----id46780791.htm
10.9,"US_DEALER, not a hand carry",126660,non-JP,13069,11935,14662,Chrono24,11800,VERIFIED,C24 scrape,9,FULL_SET,okura,ロレックス ROLEX デイープシー Dブルー 126660 ブルー ステンレススチール 自動巻き メンズ 腕時計,https://ec.wb-ookura.com/products/2351050003762,https://www.chrono24.com/rolex/sea-dweller-deepsea--id47661884.htm
10.8,"US_DEALER, not a hand carry",114060,non-JP,11798,10774,13232,Chrono24,10721,VERIFIED,C24 scrape n=1 THIN,1,FULL_SET,okura,ロレックス ROLEX サブマリーナ ノンデイト 114060 ブラック ステンレススチール 自動巻き メンズ 腕時計,https://ec.wb-ookura.com/products/2341950024158,https://www.chrono24.com/rolex/submariner--id44719287.htm
10.8,"US_DEALER, not a hand carry",114060,non-JP,11798,10774,13232,Chrono24,10721,VERIFIED,C24 scrape n=1 THIN,1,FULL_SET,okura,ロレックス ROLEX サブマリーナ ノンデイト 114060 ブラック ステンレススチール 自動巻き メンズ 腕時計,https://ec.wb-ookura.com/products/2341950019758,https://www.chrono24.com/rolex/submariner--id44719287.htm
10.7,"US_DEALER, not a hand carry",114270,non-JP,7418,6774,8304,Chrono24,6422,VERIFIED,C24 scrape,8,FULL_SET,okura,ロレックス ROLEX エクスプローラーI 114270 ブラック ステンレススチール 自動巻き メンズ 腕時計,https://ec.wb-ookura.com/products/2300046098909,https://www.chrono24.com/rolex/explorer--id47560875.htm
10.7,"US_DEALER, not a hand carry *PAPERS",79000B,non-JP,4393,4012,4922,Chrono24,3888,VERIFIED,C24 scrape,7,BODY_ONLY,satindoll,ブラックベイ54,https://www.satindollweb.com/products/detail/11612,https://www.chrono24.com/tudor/black-bay-unworn-2026-blueblue-3-links-m79000b-0001--id47702303.htm
10.7,"US_DEALER, not a hand carry",114270,non-JP,7418,6774,8304,Chrono24,6422,VERIFIED,C24 scrape,8,FULL_SET,okura,ロレックス ROLEX エクスプローラー1 114270 ブラック ステンレススチール 自動巻き メンズ 腕時計,https://ec.wb-ookura.com/products/2351050004028,https://www.chrono24.com/rolex/explorer--id47560875.htm
10.5,"US_DEALER, not a hand carry",SLGH005,non-JP,7883,7199,8809,Chrono24,6536,VERIFIED,C24 scrape n=1 THIN,1,FULL_SET,topper,Pre-Owned Grand Seiko Evolution 9 Collection 'White Birch' SLGH005,https://www.topperjewelers.com/products/pre-owned-grand-seiko-21660,https://www.chrono24.com/grandseiko/grand-seiko-new-2026-slgh005-white-birch-hi-beat-complete--id47641011.htm
10.5,"US_DEALER, not a hand carry",126713GRNR,non-JP,24302,22194,27156,Chrono24,20226,DERIVED,C24 scrape,8,FULL_SET,okura,ロレックス ROLEX GMTマスター2 126713GRNR ブラック ステンレススチール/ゴールド 自動巻き メンズ 腕時計,https://ec.wb-ookura.com/products/2300045428783,https://www.chrono24.com/rolex/rolex-june-2026-gmt-master-ii-zombie-bumblebee-126713grnr-two-tone-jubilee--id45056897.htm
10.5,"US_DEALER, not a hand carry",310.30.42.50.01.002,non-JP,6782,6194,7576,Chrono24,6493,VERIFIED,C24 scrape n=1 THIN,1,FULL_SET,okura,オメガ OMEGA スピードマスター ムーンウォッチ プロフェッショナル コーアクシャル 310.30.42.50.01.002 ブラック ステンレススチール 手巻き メンズ 腕時,https://ec.wb-ookura.com/products/2340640059418,https://www.chrono24.com/omega/speedmaster-professional-moonwatch--id47068122.htm
10.4,"US_DEALER, not a hand carry",7966/0,non-JP,4216,3850,4707,Chrono24,2976,VERIFIED,C24 scrape n=1 THIN,1,UNKNOWN,craftandtailored,"1968 Tudor Prince Oysterdate (Ref. 7966/0) White ""Railroad"" Dial",https://www.craftandtailored.com/products/1968-tudor-oyster-prince-date-ref-7966-0-white-railroad-dial,https://www.chrono24.com/tudor/tudor-black-bay-39-blue--id47035080.htm
10.4,"US_DEALER, not a hand carry",126600,non-JP,12504,11419,13961,Chrono24,11850,VERIFIED,C24 scrape n=1 THIN,1,FULL_SET,okura,ロレックス ROLEX シードゥエラー 126600 ブラック ステンレススチール 自動巻き メンズ 腕時計,https://ec.wb-ookura.com/products/2300045805737,https://www.chrono24.com/rolex/seadweller-126600-red--id43448466.htm
10.3,"US_DEALER, not a hand carry",116520,non-JP,23666,21613,26372,Chrono24,20460,DERIVED,C24 scrape,11,FULL_SET,okura,ロレックス ROLEX デイトナ 116520 ブラック ステンレススチール 自動巻き メンズ 腕時計,https://ec.wb-ookura.com/products/2340980051264,https://www.chrono24.com/rolex/daytona--id47560800.htm
10.3,"US_DEALER, not a hand carry",126900,non-JP,8831,8065,9844,Chrono24,8325,VERIFIED,C24 scrape n=1 THIN,1,FULL_SET,okura,ロレックス ROLEX エアキング 126900 ブラック ステンレススチール 自動巻き メンズ 腕時計,https://ec.wb-ookura.com/products/2341950019901,https://www.chrono24.com/rolex/air-king--id47674791.htm
10.3,"US_DEALER, not a hand carry",126900,non-JP,8831,8065,9844,Chrono24,8325,VERIFIED,C24 scrape n=1 THIN,1,FULL_SET,okura,ロレックス ROLEX エアキング 126900 ブラック ステンレススチール 自動巻き メンズ 腕時計,https://ec.wb-ookura.com/products/2343800013237,https://www.chrono24.com/rolex/air-king--id47674791.htm
10.2,"US_DEALER, not a hand carry",126713GRNR,non-JP,24373,22258,27156,Chrono24,20226,DERIVED,C24 scrape,8,FULL_SET,okura,ロレックス ROLEX GMTマスター２ 126713GRNR ブラック ゴールド/ステンレススチール 自動巻き メンズ 腕時計,https://ec.wb-ookura.com/products/2300045538086,https://www.chrono24.com/rolex/rolex-june-2026-gmt-master-ii-zombie-bumblebee-126713grnr-two-tone-jubilee--id45056897.htm
10.2,"US_DEALER, not a hand carry",SBGA465,non-JP,4521,4129,5037,Chrono24,4001,VERIFIED,C24 scrape,10,FULL_SET,okura,グランドセイコー Grand Seiko ヘリテージコレクション スプリングドライブ SBGA465(9R65-0DY0) 有機的な型打ちダイヤル ステンレススチール 自動巻き メ,https://ec.wb-ookura.com/products/2300046098374,https://www.chrono24.com/grandseiko/grand-seiko-morning-frost--spring-drive-elegance--id47283405.htm
10.2,"US_DEALER, not a hand carry",126713GRNR,non-JP,24373,22258,27156,Chrono24,20226,DERIVED,C24 scrape,8,FULL_SET,okura,ロレックス ROLEX GMTマスター2 126713GRNR ブラック ゴールド/ステンレススチール 自動巻き メンズ 腕時計,https://ec.wb-ookura.com/products/2300046139848,https://www.chrono24.com/rolex/rolex-june-2026-gmt-master-ii-zombie-bumblebee-126713grnr-two-tone-jubilee--id45056897.htm
10.2,"US_DEALER, not a hand carry",126713GRNR,non-JP,24373,22258,27156,Chrono24,20226,DERIVED,C24 scrape,8,FULL_SET,okura,ロレックス ROLEX GMTマスター2 126713GRNR ブラック ゴールド/ステンレススチール 自動巻き メンズ 腕時計,https://ec.wb-ookura.com/products/2300046194014,https://www.chrono24.com/rolex/rolex-june-2026-gmt-master-ii-zombie-bumblebee-126713grnr-two-tone-jubilee--id45056897.htm
10.2,"US_DEALER, not a hand carry",WSPN0006,non-JP,5157,4710,5743,Chrono24 US,4310,VERIFIED,C24 research,,FULL_SET,okura,カルティエ Cartier パンテール ドゥ カルティエ SM WSPN0006 シルバー ステンレススチール クオーツ レディース 腕時計,https://ec.wb-ookura.com/products/2351050003588,
10.2,"US_DEALER, not a hand carry",126000,non-JP,11233,10258,12510,Chrono24,9396,VERIFIED,C24 scrape,8,FULL_SET,okura,ロレックス ROLEX オイスターパーペチュアル36 126000 キャンディーピンク ステンレススチール 自動巻き レディース 腕時計,https://ec.wb-ookura.com/products/2300046291812,https://www.chrono24.com/rolex/rolex-unworn-126000-oyster-perpetual-36mm-med-blue-index-dial-oyster-bracelet-stainless-steel--id44319787.htm
10.0,"US_DEALER, not a hand carry",214270,non-JP,8477,7742,9415,Chrono24,7506,VERIFIED,C24 scrape,6,FULL_SET,okura,ロレックス ROLEX エクスプローラー 214270 ブラック ステンレススチール 自動巻き メンズ 腕時計,https://ec.wb-ookura.com/products/2300045180735,https://www.chrono24.com/rolex/rolex-explorer--id47558762.htm
10.0,"US_DEALER, not a hand carry",214270,non-JP,8477,7742,9415,Chrono24,7506,VERIFIED,C24 scrape,6,FULL_SET,okura,ロレックス ROLEX エクスプローラー1 214270 ブラック ステンレススチール 自動巻き メンズ 腕時計,https://ec.wb-ookura.com/products/2341950023496,https://www.chrono24.com/rolex/rolex-explorer--id47558762.htm
10.0,"US_DEALER, not a hand carry",126713GRNR,non-JP,24443,22323,27156,Chrono24,20226,DERIVED,C24 scrape,8,FULL_SET,okura,ロレックス ROLEX GMTマスター2 126713GRNR ブラック ゴールド/ステンレススチール 自動巻き メンズ 腕時計,https://ec.wb-ookura.com/products/2341950018874,https://www.chrono24.com/rolex/rolex-june-2026-gmt-master-ii-zombie-bumblebee-126713grnr-two-tone-jubilee--id45056897.htm
10.0,"US_DEALER, not a hand carry",214270,non-JP,8477,7742,9415,Chrono24,7506,VERIFIED,C24 scrape,6,FULL_SET,okura,ロレックス ROLEX エクスプローラー1 214270 ブラック ステンレススチール 自動巻き メンズ 腕時計,https://ec.wb-ookura.com/products/2300045903471,https://www.chrono24.com/rolex/rolex-explorer--id47558762.htm
10.0,"US_DEALER, not a hand carry",214270,non-JP,8477,7742,9415,Chrono24,7506,VERIFIED,C24 scrape,6,FULL_SET,okura,ロレックス ROLEX エクスプローラー 1 214270 ブラック ステンレススチール 自動巻き メンズ 腕時計,https://ec.wb-ookura.com/products/2351050003977,https://www.chrono24.com/rolex/rolex-explorer--id47558762.htm
10.0,"US_DEALER, not a hand carry",126234,non-JP,11303,10323,12559,Chrono24,12488,VERIFIED,C24 scrape,8,FULL_SET,okura,ロレックス ROLEX デイトジャスト36 126234 ブラック ステンレススチール 自動巻き メンズ 腕時計,https://ec.wb-ookura.com/products/2351050004004,https://www.chrono24.com/rolex/rolex-pre-owned-rolex-oyster-oysterseel-perpetual-datejust-silver-dial-36mm-watch-2021-126234--id44628162.htm
9.9,"US_DEALER, not a hand carry",SBGA149,non-JP,2473,2258,2745,Chrono24,2046,DERIVED,C24 only,,FULL_SET,okura,グランドセイコー Grand Seiko スプリングドライブ SBGA149(9R65-0CJ0) ブラック チタン 自動巻き メンズ 腕時計,https://ec.wb-ookura.com/products/2300045285201,
9.9,"US_DEALER, not a hand carry",126518LN,non-JP,51571,47097,57241,Chrono24,59042,DERIVED,C24 scrape,20,FULL_SET,okura,ロレックス ROLEX デイトナ 126518LN ホワイト ゴールド 自動巻き メンズ 腕時計,https://ec.wb-ookura.com/products/2300045495518,https://www.chrono24.com/rolex/rolex-2025-daytona-40mm-126518ln-yellow-gold-oysterflex-champagne-dial--id47596590.htm
9.9,"US_DEALER, not a hand carry",126600,non-JP,12575,11484,13961,Chrono24,11850,VERIFIED,C24 scrape n=1 THIN,1,FULL_SET,okura,ロレックス ROLEX シードゥエラー 126600 ブラック ステンレススチール 自動巻き メンズ 腕時計,https://ec.wb-ookura.com/products/2300045698544,https://www.chrono24.com/rolex/seadweller-126600-red--id43448466.htm
9.9,"US_DEALER, not a hand carry",126622,non-JP,16248,14839,18035,Chrono24,13822,VERIFIED,C24 scrape,8,FULL_SET,okura,ロレックス ROLEX ヨットマスター40 126622 スレート プラチナ/ステンレススチール 自動巻き メンズ 腕時計,https://ec.wb-ookura.com/products/2300046183322,https://www.chrono24.com/rolex/rolex-2025-yacht-master-40mm-126622-stainless-steel-rhodium-dial--id46800314.htm
9.8,"US_DEALER, not a hand carry",226570,non-JP,11445,10452,12695,Chrono24,10932,VERIFIED,C24 scrape n=1 THIN,1,FULL_SET,okura,ロレックス ROLEX エクスプローラー2 226570 ブラック ステンレススチール 自動巻き メンズ 腕時計,https://ec.wb-ookura.com/products/2341950023601,https://www.chrono24.com/rolex/like-new-2022-explorer-ii-black-dial-226570--id47663583.htm
9.8,"US_DEALER, not a hand carry",234.30.41.21.03.002,non-JP,4733,4323,5245,"mark, NO VENUE",5245,VERIFIED,,,FULL_SET,okura,オメガ OMEGA シーマスター 300 コーアクシャル マスタークロノメーター 234.30.41.21.03.002 ブルー ステンレススチール 自動巻き メンズ 腕時計,https://ec.wb-ookura.com/products/2300045285713,
9.8,"US_DEALER, not a hand carry",278271,non-JP,17288,15788,19163,Chrono24 US,16165,VERIFIED,C24 research,,UNKNOWN,satindoll,デイトジャスト31,https://www.satindollweb.com/products/detail/11531,
9.7,"US_DEALER, not a hand carry",116613LB,non-JP,14835,13548,16424,Chrono24,12861,DERIVED,C24 scrape,21,FULL_SET,okura,ロレックス ROLEX サブマリーナ 116613LB ブルー ゴールド/ステンレススチール 自動巻き メンズ 腕時計,https://ec.wb-ookura.com/products/2341950022819,https://www.chrono24.com/rolex/rolex-submariner-date--id47175427.htm
9.7,"US_DEALER, not a hand carry",124200,non-JP,8901,8129,9855,Chrono24,7906,VERIFIED,C24 scrape n=1 THIN,1,FULL_SET,okura,ロレックス ROLEX オイスターパーペチュアル34 124200 ピスタチオ ステンレススチール 自動巻き メンズ 腕時計,https://ec.wb-ookura.com/products/2300045884992,https://www.chrono24.com/rolex/oyster-perpetual-34--id47561565.htm
9.7,"US_DEALER, not a hand carry",16610,non-JP,9890,9032,10949,Chrono24,9276,VERIFIED,C24 scrape,12,FULL_SET,okura,ロレックス ROLEX サブマリーナ 16610 ブラック ステンレススチール 自動巻き メンズ 腕時計,https://ec.wb-ookura.com/products/2300045180919,https://www.chrono24.com/rolex/submariner-date--id47263096.htm
9.7,"US_DEALER, not a hand carry",126300,non-JP,9890,9032,10950,Chrono24,9982,VERIFIED,C24 scrape,7,FULL_SET,okura,ロレックス ROLEX デイトジャスト 41 126300 ブラック ステンレススチール 自動巻き メンズ 腕時計,https://ec.wb-ookura.com/products/2351050002222,https://www.chrono24.com/rolex/rolex-datejust-41-white-roman-dial-stainless-steel-41mm-126300----id46780791.htm
9.6,"US_DEALER, not a hand carry",126000,non-JP,11303,10323,12510,Chrono24,9396,VERIFIED,C24 scrape,8,FULL_SET,okura,ロレックス ROLEX オイスターパーペチュアル36 126000 ピスタチオ ステンレススチール 自動巻き メンズ 腕時計,https://ec.wb-ookura.com/products/2300045495495,https://www.chrono24.com/rolex/rolex-unworn-126000-oyster-perpetual-36mm-med-blue-index-dial-oyster-bracelet-stainless-steel--id44319787.htm
9.6,"US_DEALER, not a hand carry",126000,non-JP,11303,10323,12510,Chrono24,9396,VERIFIED,C24 scrape,8,FULL_SET,okura,ロレックス ROLEX オイスター パーペチュアル 36 126000 ラベンダー ステンレススチール 自動巻き メンズ 腕時計,https://ec.wb-ookura.com/products/2300046141209,https://www.chrono24.com/rolex/rolex-unworn-126000-oyster-perpetual-36mm-med-blue-index-dial-oyster-bracelet-stainless-steel--id44319787.htm
9.6,"US_DEALER, not a hand carry",15500ST,non-JP,43094,39355,47664,Chrono24,41258,VERIFIED,C24 scrape,11,FULL_SET,okura,オーデマ・ピゲ AUDEMARS PIGUET ロイヤルオーク 15500ST.OO.1220ST.04 シルバー ステンレススチール 自動巻き メンズ 腕時計,https://ec.wb-ookura.com/products/2300046003729,https://www.chrono24.com/audemarspiguet/audemars-piguet-royal-oak--id47373925.htm
9.6,"US_DEALER, not a hand carry",310.30.42.50.01.004,non-JP,9890,9032,10945,Chrono24,9567,VERIFIED,C24 scrape,8,FULL_SET,okura,オメガ OMEGA スピードマスター ムーンウォッチ プロフェッショナル 310.30.42.50.01.004 ブラック ステンレススチール 手巻き メンズ 腕時計,https://ec.wb-ookura.com/products/2300045849861,https://www.chrono24.com/omega/omega-new-2026-moonwatch-reverse-panda-dial-31030425001004--id47515263.htm
9.6,"US_DEALER, not a hand carry",310.30.42.50.01.004,non-JP,9890,9032,10945,Chrono24,9567,VERIFIED,C24 scrape,8,FULL_SET,okura,オメガ OMEGA スピードマスター ムーンウォッチ プロフェッショナル 310.30.42.50.01.004 ブラック ステンレススチール 手巻き メンズ 腕時計,https://ec.wb-ookura.com/products/2300045849946,https://www.chrono24.com/omega/omega-new-2026-moonwatch-reverse-panda-dial-31030425001004--id47515263.htm
9.6,"US_DEALER, not a hand carry",310.30.42.50.01.004,non-JP,9890,9032,10945,Chrono24,9567,VERIFIED,C24 scrape,8,FULL_SET,okura,オメガ OMEGA スピードマスター ムーンウォッチ プロフェッショナル 310.30.42.50.01.004 ブラック ステンレススチール 手巻き メンズ 腕時計,https://ec.wb-ookura.com/products/2300045339508,https://www.chrono24.com/omega/omega-new-2026-moonwatch-reverse-panda-dial-31030425001004--id47515263.htm
9.6,"US_DEALER, not a hand carry",126000,non-JP,11303,10323,12510,Chrono24,9396,VERIFIED,C24 scrape,8,FULL_SET,okura,ロレックス ROLEX オイスターパーペチュアル36 126000 キャンディーピンク ステンレススチール 自動巻き レディース 腕時計,https://ec.wb-ookura.com/products/2341810070141,https://www.chrono24.com/rolex/rolex-unworn-126000-oyster-perpetual-36mm-med-blue-index-dial-oyster-bracelet-stainless-steel--id44319787.htm
9.6,"US_DEALER, not a hand carry",124273,non-JP,11727,10710,12976,Chrono24 US,10510,VERIFIED,C24 research,15,FULL_SET,okura,ロレックス ROLEX エクスプローラー36 124273 ブラック ゴールド/ステンレススチール 自動巻き メンズ 腕時計,https://ec.wb-ookura.com/products/2341950019970,
9.6,"US_DEALER, not a hand carry",134300,non-JP,10597,9677,11716,Chrono24,10206,VERIFIED,C24 scrape,9,FULL_SET,okura,ロレックス ROLEX オイスター パーペチュアル 41 134300 ベージュ ステンレススチール 自動巻き メンズ 腕時計,https://ec.wb-ookura.com/products/2300045207203,https://www.chrono24.com/rolex/rolex-oyster-perpetual--41mm--id47541739.htm
9.5,"US_DEALER, not a hand carry",310.30.42.50.01.002,non-JP,6853,6258,7576,Chrono24,6493,VERIFIED,C24 scrape n=1 THIN,1,FULL_SET,okura,オメガ OMEGA スピードマスター ムーンウォッチ プロフェッショナル コーアクシャル 310.30.42.50.01.002 ブラック ステンレススチール 手巻き メンズ 腕時,https://ec.wb-ookura.com/products/2300045961518,https://www.chrono24.com/omega/speedmaster-professional-moonwatch--id47068122.htm
9.5,"US_DEALER, not a hand carry",310.30.42.50.01.002,non-JP,6853,6258,7576,Chrono24,6493,VERIFIED,C24 scrape n=1 THIN,1,FULL_SET,okura,オメガ OMEGA スピードマスタームーンウォッチプロフェッショナルコーアクシャル 310.30.42.50.01.002 ステンレススチール 手巻き メンズ 腕時計,https://ec.wb-ookura.com/products/2300045849564,https://www.chrono24.com/omega/speedmaster-professional-moonwatch--id47068122.htm
9.4,"US_DEALER, not a hand carry",126284RBR,non-JP,19639,17935,21681,US grey,19277,VERIFIED,C24 research VARIANT RISK,10,FULL_SET,okura,ロレックス ROLEX デイトジャスト36 126284RBR ブラック ホワイトゴールド/ステンレススチール 自動巻き レディース 腕時計,https://ec.wb-ookura.com/products/2300046140363,
9.4,"US_DEALER, not a hand carry",224270,non-JP,9325,8516,10292,Chrono24,8563,VERIFIED,C24 scrape n=1 THIN,1,FULL_SET,okura,ロレックス ROLEX エクスプローラ―1 224270 ブラック ステンレススチール 自動巻き メンズ 腕時計,https://ec.wb-ookura.com/products/2300044937354,https://www.chrono24.com/rolex/explorer--id47700443.htm
9.4,"US_DEALER, not a hand carry",116233,non-JP,11656,10645,12866,Chrono24,10112,VERIFIED,C24 scrape,2,FULL_SET,okura,ロレックス ROLEX デイトジャスト 36 116233 ゴールド ゴールド/ステンレススチール 自動巻き メンズ 腕時計,https://ec.wb-ookura.com/products/2339650034102,https://www.chrono24.com/rolex/116233--id47528421.htm
9.4,"US_DEALER, not a hand carry",224270,non-JP,9325,8516,10292,Chrono24,8563,VERIFIED,C24 scrape n=1 THIN,1,FULL_SET,okura,ロレックス ROLEX エクスプローラー40 224270 ブラック ステンレススチール 自動巻き メンズ 腕時計,https://ec.wb-ookura.com/products/2300045005953,https://www.chrono24.com/rolex/explorer--id47700443.htm
9.3,"US_DEALER, not a hand carry",116610LN,non-JP,12010,10968,13247,Chrono24,10060,DERIVED,C24 scrape,14,FULL_SET,okura,ロレックス ROLEX サブマリーナ 116610LN ブラック ステンレススチール 自動巻き メンズ 腕時計,https://ec.wb-ookura.com/products/2300046139923,https://www.chrono24.com/rolex/rolex-submariner-date--id47802649.htm
9.3,"US_DEALER, not a hand carry",116610LN,non-JP,12010,10968,13247,Chrono24,10060,DERIVED,C24 scrape,14,FULL_SET,okura,ロレックス ROLEX サブマリーナ 116610LN ブラック ステンレススチール 自動巻き メンズ 腕時計,https://ec.wb-ookura.com/products/2341950023953,https://www.chrono24.com/rolex/rolex-submariner-date--id47802649.htm
9.3,"US_DEALER, not a hand carry",226570,non-JP,11515,10516,12695,Chrono24,10932,VERIFIED,C24 scrape n=1 THIN,1,FULL_SET,okura,ロレックス ROLEX エクスプローラー2 226570 ブラック ステンレススチール 自動巻き メンズ 腕時計,https://ec.wb-ookura.com/products/2300045818683,https://www.chrono24.com/rolex/like-new-2022-explorer-ii-black-dial-226570--id47663583.htm
9.3,"US_DEALER, not a hand carry",277200,non-JP,8477,7742,9351,Chrono24,8779,VERIFIED,C24 scrape n=1 THIN,1,FULL_SET,okura,ロレックス ROLEX オイスターパーペチュアル31 277200 ベージュ ステンレススチール 自動巻き レディース 腕時計,https://ec.wb-ookura.com/products/2300045516084,https://www.chrono24.com/rolex/new-2026-oyster-perpetual-31mm-277200-med-blue-dial--id44496177.htm
9.3,"US_DEALER, not a hand carry",116503,non-JP,22253,20323,24528,Chrono24,20119,VERIFIED,C24 scrape,10,FULL_SET,okura,ロレックス ROLEX デイトナ 116503 ブラック ゴールド/ステンレススチール 自動巻き メンズ 腕時計,https://ec.wb-ookura.com/products/2340640058794,https://www.chrono24.com/rolex/daytona-black-dial-116503-two-tone-yellow-gold-oyster--id34877293.htm
9.1,"US_DEALER, not a hand carry",69178,non-JP,10950,10000,12042,Chrono24,9061,DERIVED,C24 scrape,3,FULL_SET,okura,ロレックス ROLEX デイトジャスト 69178 ゴールド ゴールド 自動巻き レディース 腕時計,https://ec.wb-ookura.com/products/2300045763853,https://www.chrono24.com/rolex/lady-datejust--id47681507.htm
9.0,"US_DEALER, not a hand carry",126331,non-JP,16036,14645,17628,Chrono24,17111,VERIFIED,C24 scrape,9,FULL_SET,okura,ロレックス ROLEX デイトジャスト41 126331 サンダスト ピンクゴールド/ステンレススチール 自動巻き メンズ 腕時計,https://ec.wb-ookura.com/products/2300045826725,https://www.chrono24.com/rolex/rolex-cpo-datejust-126331-41mm-everose-chocolate-dial--id47697277.htm
9.0,"US_DEALER, not a hand carry",136660,non-JP,12857,11742,14124,Chrono24,14299,VERIFIED,C24 hand read n=1 THIN,1,FULL_SET,okura,ロレックス ROLEX ディープシー 136660 ブラック ステンレススチール 自動巻き メンズ 腕時計,https://ec.wb-ookura.com/products/2300045270702,
8.9,"US_DEALER, not a hand carry",116520,non-JP,24019,21935,26372,Chrono24,20460,DERIVED,C24 scrape,11,FULL_SET,okura,ロレックス ROLEX デイトナ 116520 ブラック ステンレススチール 自動巻き メンズ 腕時計,https://ec.wb-ookura.com/products/2300045736963,https://www.chrono24.com/rolex/daytona--id47560800.htm
8.9,"US_DEALER, not a hand carry",116520,non-JP,24019,21935,26372,Chrono24,20460,DERIVED,C24 scrape,11,FULL_SET,okura,ロレックス ROLEX デイトナ 116520 ブラック ステンレススチール 自動巻き メンズ 腕時計,https://ec.wb-ookura.com/products/2300045738400,https://www.chrono24.com/rolex/daytona--id47560800.htm
8.9,"US_DEALER, not a hand carry",126600,non-JP,12716,11613,13961,Chrono24,11850,VERIFIED,C24 scrape n=1 THIN,1,FULL_SET,okura,ロレックス ROLEX シードゥエラー 126600 ブラック ステンレススチール 自動巻き メンズ 腕時計,https://ec.wb-ookura.com/products/2300045825902,https://www.chrono24.com/rolex/seadweller-126600-red--id43448466.htm
8.9,"US_DEALER, not a hand carry",126600,non-JP,12716,11613,13961,Chrono24,11850,VERIFIED,C24 scrape n=1 THIN,1,FULL_SET,okura,ロレックス ROLEX シードゥエラー 126600 ブラック ステンレススチール 自動巻き メンズ 腕時計,https://ec.wb-ookura.com/products/2341950019048,https://www.chrono24.com/rolex/seadweller-126600-red--id43448466.htm
8.9,"US_DEALER, not a hand carry",216570,non-JP,9961,9097,10934,Chrono24,8861,VERIFIED,C24 scrape n=1 THIN,1,FULL_SET,okura,ロレックス ROLEX エクスプローラー2 216570 ブラック ステンレススチール 自動巻き メンズ 腕時計,https://ec.wb-ookura.com/products/2341950023465,https://www.chrono24.com/rolex/rolex-explorer-ii--id47754190.htm
8.9,"US_DEALER, not a hand carry",126234,non-JP,11445,10452,12559,Chrono24,12488,VERIFIED,C24 scrape,8,PAPERS_ONLY,okura,ロレックス ROLEX デイトジャスト36 126234 シルバー SS×WG メンズ 腕時計,https://ec.wb-ookura.com/products/2300044352423,https://www.chrono24.com/rolex/rolex-pre-owned-rolex-oyster-oysterseel-perpetual-datejust-silver-dial-36mm-watch-2021-126234--id44628162.htm
8.9,"US_DEALER, not a hand carry",126600,non-JP,12716,11613,13961,Chrono24,11850,VERIFIED,C24 scrape n=1 THIN,1,FULL_SET,okura,ロレックス ROLEX シードゥエラー 126600 ブラック ステンレススチール 自動巻き メンズ 腕時計,https://ec.wb-ookura.com/products/2300046183674,https://www.chrono24.com/rolex/seadweller-126600-red--id43448466.htm
8.8,"US_DEALER, not a hand carry",16613,non-JP,13069,11935,14327,Chrono24,10670,VERIFIED,C24 scrape,2,FULL_SET,okura,ロレックス ROLEX サブマリーナ 16613 ブルー ゴールド/ステンレススチール 自動巻き メンズ 腕時計,https://ec.wb-ookura.com/products/2300046266476,https://www.chrono24.com/rolex/submariner-date--id47738939.htm
8.8,"US_DEALER, not a hand carry",16613,non-JP,13069,11935,14327,Chrono24,10670,VERIFIED,C24 scrape,2,FULL_SET,okura,ロレックス ROLEX サブマリーナ 16613 ブルー ゴールド/ステンレススチール 自動巻き メンズ 腕時計,https://ec.wb-ookura.com/products/2300046194427,https://www.chrono24.com/rolex/submariner-date--id47738939.htm
8.7,"US_DEALER, not a hand carry",224270,non-JP,9396,8581,10292,Chrono24,8563,VERIFIED,C24 scrape n=1 THIN,1,FULL_SET,okura,ロレックス ROLEX エクスプローラー40 224270 ブラック ステンレススチール 自動巻き メンズ 腕時計,https://ec.wb-ookura.com/products/2300046139794,https://www.chrono24.com/rolex/explorer--id47700443.htm
8.7,"US_DEALER, not a hand carry",310.92.44.50.06.002,non-JP,15542,14194,17022,Chrono24,15252,DERIVED,C24 scrape n=1 THIN,1,FULL_SET,okura,オメガ OMEGA スピードマスター ダーク サイド オブ ザ ムーン 310.92.44.50.06.002 グレー セラミック 手巻き メンズ 腕時計,https://ec.wb-ookura.com/products/2300045962102,https://www.chrono24.com/omega/omega-new-2026-dark-side-of-the-moon-speedmaster-grey-skeleton-rubber-31092445006002--id43861650.htm
8.7,"US_DEALER, not a hand carry",224270,non-JP,9396,8581,10292,Chrono24,8563,VERIFIED,C24 scrape n=1 THIN,1,FULL_SET,okura,ロレックス ROLEX エクスプローラー40 224270 ブラック ステンレススチール 自動巻き メンズ 腕時計,https://ec.wb-ookura.com/products/2300045516091,https://www.chrono24.com/rolex/explorer--id47700443.htm
8.5,"US_DEALER, not a hand carry",424.10.37.20.02.001,non-JP,1625,1484,1775,"mark, NO VENUE",1775,VERIFIED,,,FULL_SET,okura,オメガ OMEGA デビル プレステージ コーアクシャル クロノメーター 424.10.37.20.02.001 シルバー ステンレススチール 自動巻き メンズ 腕時計,https://ec.wb-ookura.com/products/2351050001676,
8.5,"US_DEALER, not a hand carry",126000,non-JP,11445,10452,12510,Chrono24,9396,VERIFIED,C24 scrape,8,FULL_SET,okura,ロレックス ROLEX オイスターパーペチュアル36 126000 ラベンダー ステンレススチール 自動巻き メンズ 腕時計,https://ec.wb-ookura.com/products/2300045738332,https://www.chrono24.com/rolex/rolex-unworn-126000-oyster-perpetual-36mm-med-blue-index-dial-oyster-bracelet-stainless-steel--id44319787.htm
8.5,"US_DEALER, not a hand carry",124273,non-JP,11868,10839,12976,Chrono24 US,10510,VERIFIED,C24 research,15,FULL_SET,okura,ロレックス ROLEX エクスプローラー36 124273 ブラック ゴールド/ステンレススチール 自動巻き メンズ 腕時計,https://ec.wb-ookura.com/products/2341950022789,
8.5,"US_DEALER, not a hand carry",124273,non-JP,11868,10839,12976,Chrono24 US,10510,VERIFIED,C24 research,15,FULL_SET,okura,ロレックス ROLEX エクスプローラー36 124273 ブラック ゴールド/ステンレススチール 自動巻き メンズ 腕時計,https://ec.wb-ookura.com/products/2300045505460,
8.5,"US_DEALER, not a hand carry",124273,non-JP,11868,10839,12976,Chrono24 US,10510,VERIFIED,C24 research,15,FULL_SET,okura,ロレックス ROLEX エクスプローラー36 124273 ブラック ゴールド/ステンレススチール 自動巻き メンズ 腕時計,https://ec.wb-ookura.com/products/2341950020143,
8.5,"US_DEALER, not a hand carry",126660,non-JP,13423,12258,14662,Chrono24,11800,VERIFIED,C24 scrape,9,FULL_SET,okura,ロレックス ROLEX ディープシー Dブルー 126660 ブルー ステンレススチール 自動巻き メンズ 腕時計,https://ec.wb-ookura.com/products/2351050004141,https://www.chrono24.com/rolex/sea-dweller-deepsea--id47661884.htm
8.4,"US_DEALER, not a hand carry",126713GRNR,non-JP,24867,22710,27156,Chrono24,20226,DERIVED,C24 scrape,8,FULL_SET,okura,ロレックス ROLEX GMTマスター2 126713GRNR ブラック ゴールド/ステンレススチール 自動巻き メンズ 腕時計,https://ec.wb-ookura.com/products/2300045536921,https://www.chrono24.com/rolex/rolex-june-2026-gmt-master-ii-zombie-bumblebee-126713grnr-two-tone-jubilee--id45056897.htm
8.4,"US_DEALER, not a hand carry",126713GRNR,non-JP,24867,22710,27156,Chrono24,20226,DERIVED,C24 scrape,8,FULL_SET,okura,ロレックス ROLEX GMTマスター2 126713GRNR ブラック ゴールド/ステンレススチール 自動巻き メンズ 腕時計,https://ec.wb-ookura.com/products/2300045825827,https://www.chrono24.com/rolex/rolex-june-2026-gmt-master-ii-zombie-bumblebee-126713grnr-two-tone-jubilee--id45056897.htm
8.4,"US_DEALER, not a hand carry",116613LB,non-JP,15047,13742,16424,Chrono24,12861,DERIVED,C24 scrape,21,FULL_SET,okura,ロレックス ROLEX サブマリーナ 116613LB ブルー ステンレススチール/ゴールド 自動巻き メンズ 腕時計,https://ec.wb-ookura.com/products/2341950019154,https://www.chrono24.com/rolex/rolex-submariner-date--id47175427.htm
8.3,"US_DEALER, not a hand carry",16613,non-JP,13140,12000,14327,Chrono24,10670,VERIFIED,C24 scrape,2,FULL_SET,okura,ロレックス ROLEX サブマリーナ 16613 ブルー ゴールド/ステンレススチール 自動巻き メンズ 腕時計,https://ec.wb-ookura.com/products/2341950022826,https://www.chrono24.com/rolex/submariner-date--id47738939.htm
8.3,"US_DEALER, not a hand carry",116610LN,non-JP,12151,11097,13247,Chrono24,10060,DERIVED,C24 scrape,14,FULL_SET,okura,ロレックス ROLEX サブマリーナ 116610LN ブラック ステンレススチール 自動巻き メンズ 腕時計,https://ec.wb-ookura.com/products/2300045990570,https://www.chrono24.com/rolex/rolex-submariner-date--id47802649.htm
8.2,"US_DEALER, not a hand carry",226570,non-JP,11656,10645,12695,Chrono24,10932,VERIFIED,C24 scrape n=1 THIN,1,FULL_SET,okura,ロレックス ROLEX エクスプローラー2 226570 ブラック ステンレススチール メンズ 腕時計,https://ec.wb-ookura.com/products/2300045157782,https://www.chrono24.com/rolex/like-new-2022-explorer-ii-black-dial-226570--id47663583.htm
8.1,"US_DEALER, not a hand carry",116520,non-JP,24231,22129,26372,Chrono24,20460,DERIVED,C24 scrape,11,FULL_SET,okura,ロレックス ROLEX デイトナ 116520 ブラック ステンレススチール 自動巻き メンズ 腕時計,https://ec.wb-ookura.com/products/2300045232076,https://www.chrono24.com/rolex/daytona--id47560800.htm
7.9,"US_DEALER, not a hand carry",126713GRNR,non-JP,25008,22839,27156,Chrono24,20226,DERIVED,C24 scrape,8,FULL_SET,okura,ロレックス ROLEX GMTマスター2 126713GRNR ブラック ゴールド/ステンレススチール 自動巻き メンズ 腕時計,https://ec.wb-ookura.com/products/2300046018259,https://www.chrono24.com/rolex/rolex-june-2026-gmt-master-ii-zombie-bumblebee-126713grnr-two-tone-jubilee--id45056897.htm
7.9,"US_DEALER, not a hand carry",SBGA413,non-JP,7107,6490,7714,Chrono24,5623,VERIFIED,C24 scrape,10,FULL_SET,exquisite,Grand Seiko SBGA413 Seiko Four Seasons Spring,https://www.exquisitetimepieces.com/products/grand-seiko-sbga413-seiko-four-seasons-spring-poc210009n43887,https://www.chrono24.com/grandseiko/new-2026-sbga413-shunbun-spring-blossom--id36416774.htm
7.8,"US_DEALER, not a hand carry *PAPERS",124300,non-JP,9636,8800,10446,Chrono24,8068,DERIVED,C24 scrape,10,BODY_ONLY,satindoll,オイスターパーペチュアル41,https://www.satindollweb.com/products/detail/11597,https://www.chrono24.com/rolex/2023-oyster-perpetual-41mm-124300-black-dial--id46137621.htm
7.7,"US_DEALER, not a hand carry",126300,non-JP,10102,9226,10950,Chrono24,9982,VERIFIED,C24 scrape,7,FULL_SET,okura,ロレックス ROLEX デイトジャスト41 126300 アズーロブルー ステンレススチール 自動巻き メンズ 腕時計,https://ec.wb-ookura.com/products/2300045990907,https://www.chrono24.com/rolex/rolex-datejust-41-white-roman-dial-stainless-steel-41mm-126300----id46780791.htm
7.7,"US_DEALER, not a hand carry",116610LN,non-JP,12222,11161,13247,Chrono24,10060,DERIVED,C24 scrape,14,FULL_SET,okura,ロレックス ROLEX サブマリーナ 116610LN ブラック ステンレススチール 自動巻き メンズ 腕時計,https://ec.wb-ookura.com/products/2300045849298,https://www.chrono24.com/rolex/rolex-submariner-date--id47802649.htm
7.7,"US_DEALER, not a hand carry",214270,non-JP,8689,7935,9415,Chrono24,7506,VERIFIED,C24 scrape,6,PAPERS_ONLY,okura,ロレックス ROLEX エクスプローラー1 214270 ブラック ステンレススチール 自動巻き メンズ 腕時計,https://ec.wb-ookura.com/products/2341950020358,https://www.chrono24.com/rolex/rolex-explorer--id47558762.htm
7.7,"US_DEALER, not a hand carry",WSPN0006,non-JP,5298,4839,5743,Chrono24 US,4310,VERIFIED,C24 research,,FULL_SET,okura,カルティエ Cartier パンテール ドゥ カルティエ SM WSPN0006 シルバー ステンレススチール クオーツ レディース 腕時計,https://ec.wb-ookura.com/products/2351050003076,
7.7,"US_DEALER, not a hand carry",126300,non-JP,10102,9226,10950,Chrono24,9982,VERIFIED,C24 scrape,7,FULL_SET,okura,ロレックス ROLEX デイトジャスト41 126300 スレート ステンレススチール 自動巻き メンズ 腕時計,https://ec.wb-ookura.com/products/2300045884961,https://www.chrono24.com/rolex/rolex-datejust-41-white-roman-dial-stainless-steel-41mm-126300----id46780791.htm
7.7,"US_DEALER, not a hand carry",16610,non-JP,10102,9226,10949,Chrono24,9276,VERIFIED,C24 scrape,12,FULL_SET,okura,ロレックス ROLEX サブマリーナ 16610 ブラック ステンレススチール 自動巻き メンズ 腕時計,https://ec.wb-ookura.com/products/2300045990501,https://www.chrono24.com/rolex/submariner-date--id47263096.htm
7.6,"US_DEALER, not a hand carry",26420CE,non-JP,42281,38613,45744,"mark, NO VENUE",45744,VERIFIED,,,PAPERS_ONLY,okura,オーデマ・ピゲ AUDEMARS PIGUET ロイヤルオーク オフショアクロノグラフ 26420CE.OO.A043VE.01 スモークブルー セラミック 自動巻き メンズ 腕時,https://ec.wb-ookura.com/products/2300043347765,
7.5,"US_DEALER, not a hand carry",136660,non-JP,13069,11935,14124,Chrono24,14299,VERIFIED,C24 hand read n=1 THIN,1,FULL_SET,okura,ロレックス ROLEX ディープシー 136660 ブラック ステンレススチール 自動巻き メンズ 腕時計,https://ec.wb-ookura.com/products/2300045270771,
7.4,"US_DEALER, not a hand carry",332.10.41.51.01.002,non-JP,7559,6903,8163,Chrono24,7734,VERIFIED,C24 scrape n=1 THIN,1,FULL_SET,okura,オメガ OMEGA スピードマスター パイロット 332.10.41.51.01.002 ブラック ステンレススチール 自動巻き メンズ 腕時計,https://ec.wb-ookura.com/products/2300045903433,https://www.chrono24.com/omega/speedmaster-pilot-stainless-steel-automatic-33210415101002--id47662776.htm
7.4,"US_DEALER, not a hand carry",25827KN,non-JP,3956,3613,4270,Chrono24,3600,VERIFIED,C24 scrape,10,FULL_SET,okura,チューダー/チュードル TUDOR ぺラゴス FXD クロノ 25827KN ブラック カーボン メンズ 腕時計,https://ec.wb-ookura.com/products/2300045208149,https://www.chrono24.com/tudor/tudor-pelagos-fxd-chrono-cycling-edition---black-dial--id46584050.htm
7.3,"US_DEALER, not a hand carry",126203,non-JP,11162,10194,12045,Chrono24 US,12560,VERIFIED,C24 research PARTIAL,15,FULL_SET,okura,ロレックス ROLEX デイトジャスト 36 126203 ゴールド ゴールド/ステンレススチール 自動巻き メンズ 腕時計,https://ec.wb-ookura.com/products/2339650034607,
7.3,"US_DEALER, not a hand carry",126333,non-JP,13705,12516,14781,Chrono24,15666,VERIFIED,C24 scrape,16,FULL_SET,okura,ロレックス ROLEX デイトジャスト41 126333 ゴールド ゴールド/ステンレススチール 自動巻き レディース 腕時計,https://ec.wb-ookura.com/products/2300045885005,https://www.chrono24.com/rolex/datejust-41--id47176572.htm
7.3,"US_DEALER, not a hand carry",16570,non-JP,7559,6903,8151,Chrono24,8104,VERIFIED,C24 scrape,4,FULL_SET,okura,ロレックス ROLEX エクスプローラー2 16570 ブラック ステンレススチール 自動巻き メンズ 腕時計,https://ec.wb-ookura.com/products/2300045870070,https://www.chrono24.com/rolex/explorer-ii--id47838616.htm
7.3,"US_DEALER, not a hand carry",224270,non-JP,9537,8710,10292,Chrono24,8563,VERIFIED,C24 scrape n=1 THIN,1,FULL_SET,okura,ロレックス ROLEX エクスプローラー 40 224270 ブラック ステンレススチール 自動巻き メンズ 腕時計,https://ec.wb-ookura.com/products/2341950019963,https://www.chrono24.com/rolex/explorer--id47700443.htm
7.3,"US_DEALER, not a hand carry",WE902073,non-JP,3744,3419,4038,"mark, NO VENUE",4038,VERIFIED,,,FULL_SET,okura,カルティエ Cartier バロンブルー ドゥ カルティエ 28mm WE902073 シルバー ステンレススチール クオーツ レディース 腕時計,https://ec.wb-ookura.com/products/2300045428714,
7.3,"US_DEALER, not a hand carry",126613LN,non-JP,17237,15742,18599,Chrono24,15733,VERIFIED,C24 scrape,14,FULL_SET,okura,ロレックス ROLEX サブマリーナデイト 126613LN ブラック ステンレススチール/イエローゴールド メンズ 腕時計,https://ec.wb-ookura.com/products/2300044782718,https://www.chrono24.com/rolex/submariner-date-126613ln--black-dial--bezel--two-tone-gold-rolesor--id43117886.htm
7.2,"US_DEALER, not a hand carry",126710BLNR,non-JP,17520,16000,18889,Chrono24,17118,VERIFIED,C24 scrape,28,FULL_SET,okura,ロレックス ROLEX GMTマスター2 126710BLNR ブラック SS 自動巻き メンズ 腕時計,https://ec.wb-ookura.com/products/2300044858697,https://www.chrono24.com/rolex/gmt-master-ii-batman-126710blnr-full-kit--id38713650.htm
7.2,"US_DEALER, not a hand carry",126234,non-JP,11656,10645,12559,Chrono24,12488,VERIFIED,C24 scrape,8,FULL_SET,okura,ロレックス ROLEX デイトジャスト 36 126234 ブラック ホワイトゴールド/ステンレススチール 自動巻き メンズ 腕時計,https://ec.wb-ookura.com/products/2351050003809,https://www.chrono24.com/rolex/rolex-pre-owned-rolex-oyster-oysterseel-perpetual-datejust-silver-dial-36mm-watch-2021-126234--id44628162.htm
7.0,"US_DEALER, not a hand carry",214270,non-JP,8760,8000,9415,Chrono24,7506,VERIFIED,C24 scrape,6,FULL_SET,exquisite,Rolex 214270 Explorer Stainless Steel Black Dial,https://www.exquisitetimepieces.com/products/rolex-214270-explorer-stainless-steel-black-dial-ns21000932318,https://www.chrono24.com/rolex/rolex-explorer--id47558762.htm
7.0,"US_DEALER, not a hand carry",126334,non-JP,12292,11226,13222,Chrono24,14527,VERIFIED,C24 scrape,48,FULL_SET,okura,ロレックス ROLEX デイトジャスト41 126334 スレート ステンレススチール 自動巻き メンズ 腕時計,https://ec.wb-ookura.com/products/2300046088764,https://www.chrono24.com/rolex/rolex-126334-datejust-41-silver-index-dial-on-oyster-2021--id46657048.htm
7.0,"US_DEALER, not a hand carry",SBGE257,non-JP,4708,4300,5062,Chrono24 US,4071,VERIFIED,C24 research,,FULL_SET,exquisite,Grand Seiko SBGE257 Sport GMT Spring Drive Green Dial,https://www.exquisitetimepieces.com/products/grand-seiko-sbge257-sport-gmt-spring-drive-green-dial-ns21000933225,
7.0,"US_DEALER, not a hand carry *PAPERS",114270,non-JP,7723,7053,8304,Chrono24,6422,VERIFIED,C24 scrape,8,BODY_ONLY,satindoll,エクスプローラーI,https://www.satindollweb.com/products/detail/11560,https://www.chrono24.com/rolex/explorer--id47560875.htm
6.9,"US_DEALER, not a hand carry",SPB503,non-JP,986,900,1059,Chrono24,925,DERIVED,C24 scrape n=1 THIN,1,FULL_SET,exquisite,Seiko Prospex SPB503 Alpinist Turquoise Dial,https://www.exquisitetimepieces.com/products/seiko-prospex-spb503-alpinist-turquoise-dial-ns21000934376,https://www.chrono24.com/seiko/luxe-prospex-alpinist-modern-divers-mechanical-spb503--id43706186.htm
6.9,"US_DEALER, not a hand carry",126600,non-JP,12999,11871,13961,Chrono24,11850,VERIFIED,C24 scrape n=1 THIN,1,FULL_SET,okura,ロレックス ROLEX シードゥエラー 126600 ブラック ステンレススチール 自動巻き メンズ 腕時計,https://ec.wb-ookura.com/products/2341950019857,https://www.chrono24.com/rolex/seadweller-126600-red--id43448466.htm
6.9,"US_DEALER, not a hand carry",126613LN,non-JP,17308,15806,18599,Chrono24,15733,VERIFIED,C24 scrape,14,FULL_SET,okura,ロレックス ROLEX サブマリーナ 126613LN ブラック ゴールド/ステンレススチール 自動巻き メンズ 腕時計,https://ec.wb-ookura.com/products/2341950020891,https://www.chrono24.com/rolex/submariner-date-126613ln--black-dial--bezel--two-tone-gold-rolesor--id43117886.htm
6.9,"US_DEALER, not a hand carry",16600,non-JP,9375,8561,10073,Chrono24,9019,VERIFIED,C24 scrape,2,FULL_SET,okura,ロレックス ROLEX シードゥエラー 16600 ブラック ステンレススチール 自動巻き メンズ 腕時計,https://ec.wb-ookura.com/products/2341950018713,https://www.chrono24.com/rolex/sea-dweller--id47263835.htm
6.8,"US_DEALER, not a hand carry",126333,non-JP,13776,12581,14781,Chrono24,15666,VERIFIED,C24 scrape,16,FULL_SET,okura,ロレックス ROLEX デイトジャスト41 126333 シルバー ゴールド/ステンレススチール 自動巻き メンズ 腕時計,https://ec.wb-ookura.com/products/2300045405425,https://www.chrono24.com/rolex/datejust-41--id47176572.htm
6.8,"US_DEALER, not a hand carry",304.30.44.52.01.001,non-JP,6923,6323,7431,"mark, NO VENUE",7431,VERIFIED,,,FULL_SET,okura,オメガ OMEGA スピードマスター ムーンウォッチ コーアクシャル マスタークロノメーター 304.30.44.52.01.001 ブラック ステンレススチール 自動巻き メンズ,https://ec.wb-ookura.com/products/2300046194380,
6.7,"US_DEALER, not a hand carry",116610LN,non-JP,12363,11290,13247,Chrono24,10060,DERIVED,C24 scrape,14,FULL_SET,okura,ロレックス ROLEX サブマリーナ 116610LN ブラック ステンレススチール 自動巻き メンズ 腕時計,https://ec.wb-ookura.com/products/2300046088580,https://www.chrono24.com/rolex/rolex-submariner-date--id47802649.htm
6.7,"US_DEALER, not a hand carry",116610LN,non-JP,12363,11290,13247,Chrono24,10060,DERIVED,C24 scrape,14,FULL_SET,okura,ロレックス ROLEX サブマリーナ 116610LN ブラック ステンレススチール 自動巻き メンズ 腕時計,https://ec.wb-ookura.com/products/2300045990549,https://www.chrono24.com/rolex/rolex-submariner-date--id47802649.htm
6.7,"US_DEALER, not a hand carry",310.32.42.50.02.001,non-JP,16248,14839,17409,Chrono24,15051,VERIFIED,C24 scrape,7,FULL_SET,okura,オメガ OMEGA スピードマスター ムーンウォッチ コーアクシャル マスタークロノメーター 310.32.42.50.02.001 シルバー ステンレススチール 手巻き メンズ ,https://ec.wb-ookura.com/products/2300045962096,https://www.chrono24.com/omega/speedmaster-silver-snoopy-award-31032425002001-steel-42mm--id47735483.htm
6.7,"US_DEALER, not a hand carry",116610LN,non-JP,12363,11290,13247,Chrono24,10060,DERIVED,C24 scrape,14,FULL_SET,okura,ロレックス ROLEX サブマリーナ 116610LN ブラック ステンレススチール 自動巻き メンズ 腕時計,https://ec.wb-ookura.com/products/2351050002185,https://www.chrono24.com/rolex/rolex-submariner-date--id47802649.htm
6.6,"US_DEALER, not a hand carry",126710BLRO,non-JP,24655,22516,26388,Chrono24,21868,VERIFIED,C24 scrape,10,FULL_SET,okura,ロレックス ROLEX GMTマスター2 126710BLRO ブラック ステンレススチール 自動巻き メンズ 腕時計,https://ec.wb-ookura.com/products/2341810071025,https://www.chrono24.com/rolex/rolex-gmt-master-ii--id46951141.htm
6.6,"US_DEALER, not a hand carry",126710BLRO,non-JP,24655,22516,26388,Chrono24,21868,VERIFIED,C24 scrape,10,FULL_SET,okura,ロレックス ROLEX GMTマスター2 126710BLRO ブラック ステンレススチール 自動巻き メンズ 腕時計,https://ec.wb-ookura.com/products/2343470016101,https://www.chrono24.com/rolex/rolex-gmt-master-ii--id46951141.htm
6.6,"US_DEALER, not a hand carry",126710BLRO,non-JP,24655,22516,26388,Chrono24,21868,VERIFIED,C24 scrape,10,FULL_SET,okura,ロレックス ROLEX GMTマスター2 126710BLRO ブラック ステンレススチール 自動巻き メンズ 腕時計,https://ec.wb-ookura.com/products/2339640032002,https://www.chrono24.com/rolex/rolex-gmt-master-ii--id46951141.htm
6.6,"US_DEALER, not a hand carry",126710BLRO,non-JP,24655,22516,26388,Chrono24,21868,VERIFIED,C24 scrape,10,FULL_SET,okura,ロレックス ROLEX GMTマスター2 126710BLRO ブラック ステンレススチール 自動巻き メンズ 腕時計,https://ec.wb-ookura.com/products/2300045727800,https://www.chrono24.com/rolex/rolex-gmt-master-ii--id46951141.htm
6.6,"US_DEALER, not a hand carry",15500ST,non-JP,44506,40645,47664,Chrono24,41258,VERIFIED,C24 scrape,11,FULL_SET,okura,オーデマ・ピゲ AUDEMARS PIGUET ロイヤルオーク オートマティック 15500ST.00.1220ST シルバー ステンレススチール 自動巻き メンズ 腕時計,https://ec.wb-ookura.com/products/2300046157743,https://www.chrono24.com/audemarspiguet/audemars-piguet-royal-oak--id47373925.htm
6.6,"US_DEALER, not a hand carry",15500ST,non-JP,44506,40645,47664,Chrono24,41258,VERIFIED,C24 scrape,11,FULL_SET,okura,オーデマ・ピゲ AUDEMARS PIGUET ロイヤルオーク 15500ST.OO.1220ST.03 ブラック ステンレススチール 自動巻き メンズ 腕時計,https://ec.wb-ookura.com/products/2351050004196,https://www.chrono24.com/audemarspiguet/audemars-piguet-royal-oak--id47373925.htm
6.5,"US_DEALER, not a hand carry",126622,non-JP,16863,15400,18035,Chrono24,13822,VERIFIED,C24 scrape,8,FULL_SET,exquisite,Rolex M126622-0002 Yacht-Master 40,https://www.exquisitetimepieces.com/products/rolex-m126622-0002-yacht-master-40-ns21000933539,https://www.chrono24.com/rolex/rolex-2025-yacht-master-40mm-126622-stainless-steel-rhodium-dial--id46800314.htm
6.5,"US_DEALER, not a hand carry",126621,non-JP,18015,16452,19265,Chrono24,15659,VERIFIED,C24 scrape n=1 THIN,1,FULL_SET,okura,ロレックス ROLEX ヨットマスター40 126621 ブラック ステンレススチール/ピンクゴールド 自動巻き メンズ 腕時計,https://ec.wb-ookura.com/products/2300045345004,https://www.chrono24.com/rolex/like-new-2023-yacht-master-40-2-tone-chocolate-dial-126621--id47701258.htm
6.5,"US_DEALER, not a hand carry",126610LN,non-JP,14129,12903,15111,Chrono24,12276,DERIVED,C24 scrape,2,FULL_SET,okura,ロレックス ROLEX サブマリーナ 126610LN ブラック ステンレススチール 自動巻き メンズ 腕時計,https://ec.wb-ookura.com/products/2300045514158,https://www.chrono24.com/rolex/submariner-date--id47559691.htm
6.5,"US_DEALER, not a hand carry",226570,non-JP,11868,10839,12695,Chrono24,10932,VERIFIED,C24 scrape n=1 THIN,1,FULL_SET,okura,ロレックス ROLEX エクスプローラー2 226570 ブラック ステンレススチール 自動巻き メンズ 腕時計,https://ec.wb-ookura.com/products/2340100017507,https://www.chrono24.com/rolex/like-new-2022-explorer-ii-black-dial-226570--id47663583.htm
6.4,"US_DEALER, not a hand carry",126300,non-JP,10244,9355,10950,Chrono24,9982,VERIFIED,C24 scrape,7,FULL_SET,okura,ロレックス ROLEX デイトジャスト41 126300 ホワイト ステンレススチール メンズ 腕時計,https://ec.wb-ookura.com/products/2300045903372,https://www.chrono24.com/rolex/rolex-datejust-41-white-roman-dial-stainless-steel-41mm-126300----id46780791.htm
6.4,"US_DEALER, not a hand carry",126600,non-JP,13069,11935,13961,Chrono24,11850,VERIFIED,C24 scrape n=1 THIN,1,FULL_SET,okura,ロレックス ROLEX シードゥエラー 126600 ブラック ステンレススチール 自動巻き メンズ 腕時計,https://ec.wb-ookura.com/products/2341950024950,https://www.chrono24.com/rolex/seadweller-126600-red--id43448466.htm
6.4,"US_DEALER, not a hand carry",116503,non-JP,22960,20968,24528,Chrono24,20119,VERIFIED,C24 scrape,10,FULL_SET,okura,ロレックス ROLEX デイトナ 116503 ブラック ゴールド/ステンレススチール 自動巻き レディース 腕時計,https://ec.wb-ookura.com/products/2343470015777,https://www.chrono24.com/rolex/daytona-black-dial-116503-two-tone-yellow-gold-oyster--id34877293.htm
6.4,"US_DEALER, not a hand carry",16610,non-JP,10244,9355,10949,Chrono24,9276,VERIFIED,C24 scrape,12,FULL_SET,okura,ロレックス ROLEX サブマリーナ 16610 ブラック ステンレススチール 自動巻き メンズ 腕時計,https://ec.wb-ookura.com/products/2300045428639,https://www.chrono24.com/rolex/submariner-date--id47263096.htm
6.3,"US_DEALER, not a hand carry",126503,non-JP,27198,24839,29016,Chrono24,25325,VERIFIED,C24 scrape,8,FULL_SET,okura,ロレックス ROLEX デイトナ 126503 ホワイト ゴールド/ステンレススチール 自動巻き メンズ 腕時計,https://ec.wb-ookura.com/products/2300045635389,https://www.chrono24.com/rolex/rolex-daytona--id47466342.htm
6.3,"US_DEALER, not a hand carry *PAPERS",116519LN,non-JP,46976,42900,50151,Chrono24,40684,DERIVED,C24 scrape,20,BOX_ONLY,exquisite,Rolex Daytona 116519LN,https://www.exquisitetimepieces.com/products/rolex-daytona-116519ln-210009n43638,https://www.chrono24.com/rolex/daytona-ghost-white-gold-oysterflex-116519ln-grey-dial--id31519416.htm
6.2,"US_DEALER, not a hand carry",116520,non-JP,24726,22581,26372,Chrono24,20460,DERIVED,C24 scrape,11,FULL_SET,okura,ロレックス ROLEX デイトナ 116520 ブラック ステンレススチール 自動巻き メンズ 腕時計,https://ec.wb-ookura.com/products/2300046088238,https://www.chrono24.com/rolex/daytona--id47560800.htm
6.2,"US_DEALER, not a hand carry",116520,non-JP,24726,22581,26372,Chrono24,20460,DERIVED,C24 scrape,11,FULL_SET,okura,ロレックス ROLEX デイトナ 116520 ブラック ステンレススチール 自動巻き メンズ 腕時計,https://ec.wb-ookura.com/products/2341950024998,https://www.chrono24.com/rolex/daytona--id47560800.htm
6.2,"US_DEALER, not a hand carry",214270,non-JP,8831,8065,9415,Chrono24,7506,VERIFIED,C24 scrape,6,FULL_SET,okura,ロレックス ROLEX エクスプローラー1 214270 ブラック ステンレススチール 自動巻き メンズ 腕時計,https://ec.wb-ookura.com/products/2300045659361,https://www.chrono24.com/rolex/rolex-explorer--id47558762.htm
6.2,"US_DEALER, not a hand carry",214270,non-JP,8831,8065,9415,Chrono24,7506,VERIFIED,C24 scrape,6,FULL_SET,okura,ロレックス ROLEX エクスプローラー1 214270 ブラック ステンレススチール 自動巻き メンズ 腕時計,https://ec.wb-ookura.com/products/2300046103382,https://www.chrono24.com/rolex/rolex-explorer--id47558762.htm
6.2,"US_DEALER, not a hand carry",214270,non-JP,8831,8065,9415,Chrono24,7506,VERIFIED,C24 scrape,6,FULL_SET,okura,ロレックス ROLEX エクスプローラー1 214270 ブラック ステンレススチール 自動巻き メンズ 腕時計,https://ec.wb-ookura.com/products/2300046088337,https://www.chrono24.com/rolex/rolex-explorer--id47558762.htm
6.2,"US_DEALER, not a hand carry",126500LN,non-JP,33203,30323,35412,Chrono24,33601,DERIVED,C24 scrape,16,FULL_SET,okura,ロレックス ROLEX デイトナ 126500LN ブラック ステンレススチール 自動巻き メンズ 腕時計,https://ec.wb-ookura.com/products/2300046204027,https://www.chrono24.com/rolex/rolex-cosmograph-daytona-40mm-black-126500ln--id47068808.htm
6.2,"US_DEALER, not a hand carry",116520,non-JP,24726,22581,26372,Chrono24,20460,DERIVED,C24 scrape,11,FULL_SET,okura,ロレックス ROLEX デイトナ 116520 ブラック ステンレススチール 自動巻き メンズ 腕時計,https://ec.wb-ookura.com/products/2340980058515,https://www.chrono24.com/rolex/daytona--id47560800.htm
6.1,"US_DEALER, not a hand carry",321.10.42.50.01.001,non-JP,4097,3742,4361,"mark, NO VENUE",4361,VERIFIED,,,FULL_SET,okura,オメガ OMEGA スピードマスター ブロードアロー 321.10.42.50.01.001 ブラック ステンレススチール 自動巻き メンズ 腕時計,https://ec.wb-ookura.com/products/2300046194168,
6.0,"US_DEALER, not a hand carry",126660,non-JP,13776,12581,14662,Chrono24,11800,VERIFIED,C24 scrape,9,FULL_SET,okura,ロレックス ROLEX ディープシー 126660 Dブルー ステンレススチール 自動巻き メンズ 腕時計,https://ec.wb-ookura.com/products/2341950023489,https://www.chrono24.com/rolex/sea-dweller-deepsea--id47661884.htm
6.0,"US_DEALER, not a hand carry",224270,non-JP,9678,8839,10292,Chrono24,8563,VERIFIED,C24 scrape n=1 THIN,1,FULL_SET,okura,ロレックス ROLEX エクスプローラー 40 224270 ブラック ステンレススチール 自動巻き メンズ 腕時計,https://ec.wb-ookura.com/products/2300045659460,https://www.chrono24.com/rolex/explorer--id47700443.htm
6.0,"US_DEALER, not a hand carry",126660,non-JP,13776,12581,14662,Chrono24,11800,VERIFIED,C24 scrape,9,FULL_SET,okura,ロレックス ROLEX ディープシー 126660 Dブルー ステンレススチール 自動巻き メンズ 腕時計,https://ec.wb-ookura.com/products/2341950023205,https://www.chrono24.com/rolex/sea-dweller-deepsea--id47661884.htm
6.0,"US_DEALER, not a hand carry",126503,non-JP,27269,24903,29016,Chrono24,25325,VERIFIED,C24 scrape,8,FULL_SET,okura,ロレックス ROLEX デイトナ 126503 ホワイト ゴールド/ステンレススチール メンズ 腕時計,https://ec.wb-ookura.com/products/2300045658937,https://www.chrono24.com/rolex/rolex-daytona--id47466342.htm
6.0,"US_DEALER, not a hand carry",16610LV,non-JP,15542,14194,16534,Chrono24,13708,VERIFIED,C24 only,,FULL_SET,okura,ロレックス ROLEX サブマリーナ 16610LV ブラック ステンレススチール 自動巻き メンズ 腕時計,https://ec.wb-ookura.com/products/2300046265998,
5.9,"US_DEALER, not a hand carry",116518LN,non-JP,49452,45161,52560,Chrono24,40219,DERIVED,C24 scrape,6,FULL_SET,okura,ロレックス ROLEX デイトナ 116518LN シャンパン/ブラック ゴールド 自動巻き メンズ 腕時計,https://ec.wb-ookura.com/products/2300046194069,https://www.chrono24.com/rolex/daytona-paul-newman-yellow-gold-black-dial-red-hand-116518ln-oysterflex--id44772404.htm
5.8,"US_DEALER, not a hand carry",126613LN,non-JP,17520,16000,18599,Chrono24,15733,VERIFIED,C24 scrape,14,FULL_SET,okura,ロレックス ROLEX サブマリーナ 126613LN ブラック ゴールド/ステンレススチール 自動巻き メンズ 腕時計,https://ec.wb-ookura.com/products/2340520144371,https://www.chrono24.com/rolex/submariner-date-126613ln--black-dial--bezel--two-tone-gold-rolesor--id43117886.htm
5.8,"US_DEALER, not a hand carry",126710BLRO,non-JP,24867,22710,26388,Chrono24,21868,VERIFIED,C24 scrape,10,FULL_SET,okura,ロレックス ROLEX GMTマスター2 126710BLRO ブラック ステンレススチール 自動巻き メンズ 腕時計,https://ec.wb-ookura.com/products/2343470016118,https://www.chrono24.com/rolex/rolex-gmt-master-ii--id46951141.htm
5.8,"US_DEALER, not a hand carry",116610LV,non-JP,21052,19226,22337,Chrono24,18663,VERIFIED,C24 scrape n=1 THIN,1,FULL_SET,okura,ロレックス ROLEX サブマリーナ 116610LV グリーン ステンレススチール 自動巻き メンズ 腕時計,https://ec.wb-ookura.com/products/2351050002147,https://www.chrono24.com/rolex/submariner-date--id45939899.htm
5.8,"US_DEALER, not a hand carry",116610LV,non-JP,21052,19226,22337,Chrono24,18663,VERIFIED,C24 scrape n=1 THIN,1,FULL_SET,okura,ロレックス ROLEX サブマリーナ 116610LV グリーン ステンレススチール 自動巻き メンズ 腕時計,https://ec.wb-ookura.com/products/2351050002017,https://www.chrono24.com/rolex/submariner-date--id45939899.htm
5.8,"US_DEALER, not a hand carry",126610LV,non-JP,15259,13935,16195,Chrono24,14441,VERIFIED,C24 scrape,16,FULL_SET,okura,ロレックス ROLEX サブマリーナ 126610LV ブラック ステンレススチール 自動巻き メンズ 腕時計,https://ec.wb-ookura.com/products/2300046203853,https://www.chrono24.com/rolex/submariner-date--id47784856.htm
5.7,"US_DEALER, not a hand carry",116710LN,non-JP,13423,12258,14234,Chrono24,11538,DERIVED,C24 scrape,13,FULL_SET,okura,ロレックス ROLEX GMTマスター2 116710LN ブラック ステンレススチール 自動巻き メンズ 腕時計,https://ec.wb-ookura.com/products/2300045990624,https://www.chrono24.com/rolex/gmt-master-ii--id47700406.htm
5.7,"US_DEALER, not a hand carry",124270,non-JP,8831,8065,9360,Chrono24 US,7956,VERIFIED,C24 research,,FULL_SET,okura,ロレックス ROLEX エクスプローラー 36 124270 ブラック ステンレススチール 自動巻き メンズ 腕時計,https://ec.wb-ookura.com/products/2300045270689,
5.7,"US_DEALER, not a hand carry",SBGC253,non-JP,10840,9900,11498,Chrono24,9207,DERIVED,C24 only,,FULL_SET,exquisite,Grand Seiko SBGC253 Sport Lion,https://www.exquisitetimepieces.com/products/grand-seiko-sbgc253-sport-lion-210009n43940,
5.4,"US_DEALER, not a hand carry",116613LB,non-JP,15542,14194,16424,Chrono24,12861,DERIVED,C24 scrape,21,FULL_SET,okura,ロレックス ROLEX サブマリーナ 116613LB ブルー ステンレススチール/ゴールド 自動巻き メンズ 腕時計,https://ec.wb-ookura.com/products/2300045496119,https://www.chrono24.com/rolex/rolex-submariner-date--id47175427.htm
5.4,"US_DEALER, not a hand carry",116613LB,non-JP,15542,14194,16424,Chrono24,12861,DERIVED,C24 scrape,21,FULL_SET,okura,ロレックス ROLEX サブマリーナ 116613LB ブルー ゴールド/ステンレススチール 自動巻き メンズ 腕時計,https://ec.wb-ookura.com/products/2300045363787,https://www.chrono24.com/rolex/rolex-submariner-date--id47175427.htm
5.4,"US_DEALER, not a hand carry",116613LB,non-JP,15542,14194,16424,Chrono24,12861,DERIVED,C24 scrape,21,FULL_SET,okura,ロレックス ROLEX サブマリーナ 116613LB ブルー ゴールド/ステンレススチール 自動巻き メンズ 腕時計,https://ec.wb-ookura.com/products/2341950017341,https://www.chrono24.com/rolex/rolex-submariner-date--id47175427.htm
5.4,"US_DEALER, not a hand carry",116520,non-JP,24938,22774,26372,Chrono24,20460,DERIVED,C24 scrape,11,FULL_SET,okura,ロレックス ROLEX デイトナ 116520 ブラック ステンレススチール メンズ 腕時計,https://ec.wb-ookura.com/products/2300045460592,https://www.chrono24.com/rolex/daytona--id47560800.htm
5.3,"US_DEALER, not a hand carry",16600,non-JP,9537,8710,10073,Chrono24,9019,VERIFIED,C24 scrape,2,FULL_SET,okura,ロレックス ROLEX シードゥエラー 16600 ブラック ステンレススチール 自動巻き メンズ 腕時計,https://ec.wb-ookura.com/products/2300045874948,https://www.chrono24.com/rolex/sea-dweller--id47263835.htm
5.2,"US_DEALER, not a hand carry",126500LN,non-JP,33556,30645,35412,Chrono24,33601,DERIVED,C24 scrape,16,FULL_SET,okura,ロレックス ROLEX デイトナ 126500LN ブラック ステンレススチール 自動巻き メンズ 腕時計,https://ec.wb-ookura.com/products/2300046218406,https://www.chrono24.com/rolex/rolex-cosmograph-daytona-40mm-black-126500ln--id47068808.htm
5.2,"US_DEALER, not a hand carry",126500LN,non-JP,33556,30645,35412,Chrono24,33601,DERIVED,C24 scrape,16,FULL_SET,okura,ロレックス ROLEX デイトナ 126500LN ブラック ステンレススチール 自動巻き メンズ 腕時計,https://ec.wb-ookura.com/products/2340530048256,https://www.chrono24.com/rolex/rolex-cosmograph-daytona-40mm-black-126500ln--id47068808.htm
5.1,"US_DEALER, not a hand carry",126710GRNR,non-JP,21194,19355,22337,Chrono24,20248,VERIFIED,C24 scrape,20,FULL_SET,okura,ロレックス ROLEX GMTマスター2 126710GRNR ブラック ステンレススチール 自動巻き メンズ 腕時計,https://ec.wb-ookura.com/products/2351050001065,https://www.chrono24.com/rolex/rolex-gmt-master-ii--id47560413.htm
5.1,"US_DEALER, not a hand carry",116400GV,non-JP,14341,13097,15106,Chrono24,10575,VERIFIED,C24 scrape,2,FULL_SET,okura,ロレックス ROLEX ミルガウス 116400GV ブルー ステンレススチール 自動巻き メンズ 腕時計,https://ec.wb-ookura.com/products/2300045711700,https://www.chrono24.com/rolex/2020-rolex-milgauss-116400gv-40mm-green-crystal-z-blue-dial-steel-box-paper--id47732886.htm
5.1,"US_DEALER, not a hand carry",126710GRNR,non-JP,21194,19355,22337,Chrono24,20248,VERIFIED,C24 scrape,20,FULL_SET,okura,ロレックス ROLEX GMTマスター2 126710GRNR ブラック ステンレススチール 自動巻き メンズ 腕時計,https://ec.wb-ookura.com/products/2351050002604,https://www.chrono24.com/rolex/rolex-gmt-master-ii--id47560413.htm
5.1,"US_DEALER, not a hand carry",116610LN,non-JP,12575,11484,13247,Chrono24,10060,DERIVED,C24 scrape,14,FULL_SET,okura,ロレックス ROLEX サブマリーナ 116610LN ブラック ステンレススチール 自動巻き メンズ 腕時計,https://ec.wb-ookura.com/products/2351050001973,https://www.chrono24.com/rolex/rolex-submariner-date--id47802649.htm
5.1,"US_DEALER, not a hand carry",116610LN,non-JP,12575,11484,13247,Chrono24,10060,DERIVED,C24 scrape,14,FULL_SET,okura,ロレックス ROLEX サブマリーナ 116610LN ブラック ステンレススチール 自動巻き メンズ 腕時計,https://ec.wb-ookura.com/products/2351050002024,https://www.chrono24.com/rolex/rolex-submariner-date--id47802649.htm
5.1,"US_DEALER, not a hand carry",126710GRNR,non-JP,21194,19355,22337,Chrono24,20248,VERIFIED,C24 scrape,20,FULL_SET,okura,ロレックス ROLEX GMTマスター2 126710GRNR ブラック ステンレススチール 自動巻き メンズ 腕時計,https://ec.wb-ookura.com/products/2300046156517,https://www.chrono24.com/rolex/rolex-gmt-master-ii--id47560413.htm
5.1,"US_DEALER, not a hand carry",126610LN,non-JP,14341,13097,15111,Chrono24,12276,DERIVED,C24 scrape,2,FULL_SET,okura,ロレックス ROLEX サブマリーナ 126610LN ブラック ステンレススチール 自動巻き メンズ 腕時計,https://ec.wb-ookura.com/products/2300046203860,https://www.chrono24.com/rolex/submariner-date--id47559691.htm
5.0,"US_DEALER, not a hand carry",126613LN,non-JP,17661,16129,18599,Chrono24,15733,VERIFIED,C24 scrape,14,FULL_SET,okura,ロレックス ROLEX サブマリーナ 126613LN ブラック ゴールド/ステンレススチール 　 自動巻き メンズ 腕時計,https://ec.wb-ookura.com/products/2341950021270,https://www.chrono24.com/rolex/submariner-date-126613ln--black-dial--bezel--two-tone-gold-rolesor--id43117886.htm
5.0,"US_DEALER, not a hand carry",126613LN,non-JP,17661,16129,18599,Chrono24,15733,VERIFIED,C24 scrape,14,FULL_SET,okura,ロレックス ROLEX サブマリーナ 126613LN ブラック ゴールド/ステンレススチール 自動巻き メンズ 腕時計,https://ec.wb-ookura.com/products/2300045285850,https://www.chrono24.com/rolex/submariner-date-126613ln--black-dial--bezel--two-tone-gold-rolesor--id43117886.htm
5.0,"US_DEALER, not a hand carry",126613LN,non-JP,17661,16129,18599,Chrono24,15733,VERIFIED,C24 scrape,14,FULL_SET,okura,ロレックス ROLEX サブマリーナ 126613LN ブラック ゴールド/ステンレススチール 自動巻き メンズ 腕時計,https://ec.wb-ookura.com/products/2300046139725,https://www.chrono24.com/rolex/submariner-date-126613ln--black-dial--bezel--two-tone-gold-rolesor--id43117886.htm
5.0,"US_DEALER, not a hand carry",126613LN,non-JP,17661,16129,18599,Chrono24,15733,VERIFIED,C24 scrape,14,FULL_SET,okura,ロレックス ROLEX サブマリーナ 126613LN ブラック ゴールド/ステンレススチール 自動巻き メンズ 腕時計,https://ec.wb-ookura.com/products/2300046194021,https://www.chrono24.com/rolex/submariner-date-126613ln--black-dial--bezel--two-tone-gold-rolesor--id43117886.htm
4.9,"US_DEALER, not a hand carry",126334,non-JP,12575,11484,13222,Chrono24,14527,VERIFIED,C24 scrape,48,FULL_SET,okura,ロレックス ROLEX デイトジャスト41 126334 シルバー ホワイトゴールド/ステンレススチール 自動巻き メンズ 腕時計,https://ec.wb-ookura.com/products/2300045885272,https://www.chrono24.com/rolex/rolex-126334-datejust-41-silver-index-dial-on-oyster-2021--id46657048.htm
4.9,"US_DEALER, not a hand carry",116520,non-JP,25079,22903,26372,Chrono24,20460,DERIVED,C24 scrape,11,FULL_SET,okura,ロレックス ROLEX デイトナ 116520 ブラック ステンレススチール 自動巻き メンズ 腕時計,https://ec.wb-ookura.com/products/2300045659019,https://www.chrono24.com/rolex/daytona--id47560800.htm
4.9,"US_DEALER, not a hand carry",116519LN,non-JP,47685,43548,50151,Chrono24,40684,DERIVED,C24 scrape,20,FULL_SET,okura,ロレックス ROLEX デイトナ 116519LN スチール/ブラック ホワイトゴールド 自動巻き メンズ 腕時計,https://ec.wb-ookura.com/products/2300046193994,https://www.chrono24.com/rolex/daytona-ghost-white-gold-oysterflex-116519ln-grey-dial--id31519416.htm
4.8,"US_DEALER, not a hand carry",16710,non-JP,11868,10839,12465,Chrono24,13051,VERIFIED,C24 hand read n=1 THIN,1,FULL_SET,okura,ロレックス ROLEX GMTマスター2 16710 ブラック ステンレススチール 自動巻き メンズ 腕時計,https://ec.wb-ookura.com/products/2341950019710,
4.8,"US_DEALER, not a hand carry",18238,non-JP,24585,22452,25835,Chrono24,18999,DERIVED,C24 scrape,8,UNKNOWN,satindoll,デイデイト,https://www.satindollweb.com/products/detail/11524,https://www.chrono24.com/rolex/excellent-condition-1990-day-date-36-president-yellow-gold-factory-diamond-dial-18238--id47615569.htm
4.7,"US_DEALER, not a hand carry",126619LB,non-JP,38614,35264,40515,Chrono24,33933,VERIFIED,C24 scrape,2,UNKNOWN,satindoll,サブマリーナー デイト,https://www.satindollweb.com/products/detail/11526,https://www.chrono24.com/rolex/rolex-submariner-date-41--id47739099.htm
4.6,BUY OPPORTUNITY *PAPERS,16710,JP,11891,10860,12465,Chrono24,13051,VERIFIED,C24 hand read n=1 THIN,1,BOX_ONLY|B_AVERAGE,kitamura,【中古】 【並品】 ロレックス(ROLEX) GMTマスターII ブラック 16710 ステンレス ブラックベゼル ルミノバ 【1年保証】,https://item.rakuten.co.jp/emedama/2446530018432/,
4.6,"US_DEALER, not a hand carry",126660,non-JP,13988,12774,14662,Chrono24,11800,VERIFIED,C24 scrape,9,FULL_SET,okura,ロレックス ROLEX ディープシー 126660 Dブルー ステンレススチール 自動巻き メンズ 腕時計,https://ec.wb-ookura.com/products/2300046098237,https://www.chrono24.com/rolex/sea-dweller-deepsea--id47661884.htm
4.6,"US_DEALER, not a hand carry",126000,non-JP,11939,10903,12510,Chrono24,9396,VERIFIED,C24 scrape,8,FULL_SET,okura,ロレックス ROLEX オイスターパーペチュアル36 126000 キャンディーピンク ステンレススチール 自動巻き メンズ 腕時計,https://ec.wb-ookura.com/products/2300044943003,https://www.chrono24.com/rolex/rolex-unworn-126000-oyster-perpetual-36mm-med-blue-index-dial-oyster-bracelet-stainless-steel--id44319787.htm
4.6,"US_DEALER, not a hand carry",126500LN,non-JP,33768,30839,35412,Chrono24,33601,DERIVED,C24 scrape,16,FULL_SET,okura,ロレックス ROLEX デイトナ 126500LN ブラック ステンレススチール 自動巻き メンズ 腕時計,https://ec.wb-ookura.com/products/2300046156524,https://www.chrono24.com/rolex/rolex-cosmograph-daytona-40mm-black-126500ln--id47068808.htm
4.6,"US_DEALER, not a hand carry",126500LN,non-JP,33768,30839,35412,Chrono24,33601,DERIVED,C24 scrape,16,FULL_SET,okura,ロレックス ROLEX デイトナ 126500LN ブラック ステンレススチール 自動巻き メンズ 腕時計,https://ec.wb-ookura.com/products/2300046206779,https://www.chrono24.com/rolex/rolex-cosmograph-daytona-40mm-black-126500ln--id47068808.htm
4.5,"US_DEALER, not a hand carry",16610,non-JP,10455,9548,10949,Chrono24,9276,VERIFIED,C24 scrape,12,FULL_SET,okura,ロレックス ROLEX サブマリーナ 16610 ブラック ステンレススチール 自動巻き メンズ 腕時計,https://ec.wb-ookura.com/products/2340520142520,https://www.chrono24.com/rolex/submariner-date--id47263096.htm
4.4,"US_DEALER, not a hand carry",126506,non-JP,135639,123871,141945,Chrono24,117275,VERIFIED,C24 scrape,6,FULL_SET,okura,ロレックス ROLEX デイトナ 126506 アイスブルー プラチナ 自動巻き メンズ 腕時計,https://ec.wb-ookura.com/products/2300046206922,https://www.chrono24.com/rolex/rolex-new-2026-rolex-daytona-40mm-126506-platinum-ice-blue-dial-stickered--id47543425.htm
4.3,"US_DEALER, not a hand carry",16613,non-JP,13705,12516,14327,Chrono24,10670,VERIFIED,C24 scrape,2,FULL_SET,okura,ロレックス ROLEX サブマリーナ 16613 ブルー ステンレススチール/ゴールド 自動巻き メンズ 腕時計,https://ec.wb-ookura.com/products/2300045231895,https://www.chrono24.com/rolex/submariner-date--id47738939.htm
4.3,"US_DEALER, not a hand carry",126613LN,non-JP,17803,16258,18599,Chrono24,15733,VERIFIED,C24 scrape,14,FULL_SET,okura,ロレックス ROLEX サブマリーナ 126613LN ブラック ステンレススチール/ゴールド 自動巻き メンズ 腕時計,https://ec.wb-ookura.com/products/2300045344854,https://www.chrono24.com/rolex/submariner-date-126613ln--black-dial--bezel--two-tone-gold-rolesor--id43117886.htm
4.2,"US_DEALER, not a hand carry",126200,non-JP,8760,8000,9143,Chrono24,9044,VERIFIED,C24 hand read,3,FULL_SET,okura,ロレックス ROLEX デイトジャスト36 126200 ブラック ステンレススチール 自動巻き メンズ 腕時計,https://ec.wb-ookura.com/products/2300046183919,
4.2,"US_DEALER, not a hand carry",126610LN,non-JP,14482,13226,15111,Chrono24,12276,DERIVED,C24 scrape,2,FULL_SET,okura,ロレックス ROLEX サブマリーナ 126610LN ブラック ステンレススチール 自動巻き メンズ 腕時計,https://ec.wb-ookura.com/products/2300046203082,https://www.chrono24.com/rolex/submariner-date--id47559691.htm
4.1,"US_DEALER, not a hand carry",SBGM221,non-JP,5201,4750,5426,Chrono24,3773,VERIFIED,C24 scrape,4,FULL_SET,exquisite,Grand Seiko SBGM221 Automatic GMT,https://www.exquisitetimepieces.com/products/grand-seiko-sbgm221-automatic-gmt-210009n26390,https://www.chrono24.com/grandseiko/grand-seiko-2026-elegance-collection-gmt-39mm-sbgm221--id43300050.htm
4.0,"US_DEALER, not a hand carry",126610LV,non-JP,15542,14194,16195,Chrono24,14441,VERIFIED,C24 scrape,16,FULL_SET,okura,ロレックス ROLEX サブマリーナ 126610LV ブラック ステンレススチール 自動巻き メンズ 腕時計,https://ec.wb-ookura.com/products/2341950023502,https://www.chrono24.com/rolex/submariner-date--id47784856.htm
4.0,"US_DEALER, not a hand carry",126610LV,non-JP,15542,14194,16195,Chrono24,14441,VERIFIED,C24 scrape,16,FULL_SET,okura,ロレックス ROLEX サブマリーナ 126610LV ブラック ステンレススチール/ゴールド メンズ 腕時計,https://ec.wb-ookura.com/products/2300045428752,https://www.chrono24.com/rolex/submariner-date--id47784856.htm
4.0,"US_DEALER, not a hand carry",214270,non-JP,9043,8258,9415,Chrono24,7506,VERIFIED,C24 scrape,6,FULL_SET,okura,ロレックス ROLEX エクスプローラー1 214270 ブラック ステンレススチール 自動巻き メンズ 腕時計,https://ec.wb-ookura.com/products/2343470016552,https://www.chrono24.com/rolex/rolex-explorer--id47558762.htm
4.0,"US_DEALER, not a hand carry",126610LV,non-JP,15542,14194,16195,Chrono24,14441,VERIFIED,C24 scrape,16,FULL_SET,okura,ロレックス ROLEX サブマリーナ 126610LV ブラック ステンレススチール 自動巻き メンズ 腕時計,https://ec.wb-ookura.com/products/2300046156555,https://www.chrono24.com/rolex/submariner-date--id47784856.htm
4.0,"US_DEALER, not a hand carry",126610LV,non-JP,15542,14194,16195,Chrono24,14441,VERIFIED,C24 scrape,16,FULL_SET,okura,ロレックス ROLEX サブマリーナ 126610LV ブラック ステンレススチール 自動巻き メンズ 腕時計,https://ec.wb-ookura.com/products/2300046206908,https://www.chrono24.com/rolex/submariner-date--id47784856.htm
3.9,"US_DEALER, not a hand carry",215.30.44.21.01.001,non-JP,5366,4900,5585,Chrono24 US,4285,VERIFIED,LOW,,FULL_SET,exquisite,Omega Seamaster Planet Ocean Black Dial 215.30.44.21.01.001,https://www.exquisitetimepieces.com/products/omega-seamaster-planet-ocean-600m-21530442101001-ns21000939256,
3.9,"US_DEALER, not a hand carry",126519LN,non-JP,49875,45548,51876,Chrono24,43326,DERIVED,C24 scrape,3,FULL_SET,okura,ロレックス ROLEX デイトナ 126519LN ブラック/スチール ホワイトゴールド 自動巻き メンズ 腕時計,https://ec.wb-ookura.com/products/2340100016999,https://www.chrono24.com/rolex/rolex-2024-daytona-baby-le-mans-40mm-126519ln-white-gold-black-dial--id47596501.htm
3.9,"US_DEALER, not a hand carry",126711CHNR,non-JP,20982,19161,21844,Chrono24,18534,VERIFIED,C24 scrape,2,FULL_SET,okura,ロレックス ROLEX GMTマスター2 126711CHNR ブラック ピンクゴールド/ステンレススチール 自動巻き メンズ 腕時計,https://ec.wb-ookura.com/products/2340520142063,https://www.chrono24.com/rolex/gmt-master-ii--id47263073.htm
3.9,"US_DEALER, not a hand carry",126710BLRO,non-JP,25362,23161,26388,Chrono24,21868,VERIFIED,C24 scrape,10,FULL_SET,okura,ロレックス ROLEX GMTマスター2 126710BLRO ブラック ステンレススチール 自動巻き メンズ 腕時計,https://ec.wb-ookura.com/products/2341950018737,https://www.chrono24.com/rolex/rolex-gmt-master-ii--id46951141.htm
3.9,"US_DEALER, not a hand carry",126613LN,non-JP,17873,16323,18599,Chrono24,15733,VERIFIED,C24 scrape,14,FULL_SET,okura,ロレックス ROLEX サブマリーナ 126613LN ブラック ゴールド/ステンレススチール 自動巻き メンズ 腕時計,https://ec.wb-ookura.com/products/2300045495525,https://www.chrono24.com/rolex/submariner-date-126613ln--black-dial--bezel--two-tone-gold-rolesor--id43117886.htm
3.9,"US_DEALER, not a hand carry",126711CHNR,non-JP,20982,19161,21844,Chrono24,18534,VERIFIED,C24 scrape,2,FULL_SET,okura,ロレックス ROLEX GMTマスター2 126711CHNR ブラック ピンクゴールド/ステンレススチール 自動巻き メンズ 腕時計,https://ec.wb-ookura.com/products/2300045659170,https://www.chrono24.com/rolex/gmt-master-ii--id47263073.htm
3.9,"US_DEALER, not a hand carry",16610LV,non-JP,15895,14516,16534,Chrono24,13708,VERIFIED,C24 only,,FULL_SET,okura,ロレックス ROLEX サブマリーナ 16610LV ブラック ステンレススチール 自動巻き メンズ 腕時計,https://ec.wb-ookura.com/products/2351050002451,
3.9,"US_DEALER, not a hand carry",224270,non-JP,9890,9032,10292,Chrono24,8563,VERIFIED,C24 scrape n=1 THIN,1,PAPERS_ONLY,okura,ロレックス ROLEX エクスプローラー40 224270 ブラック ステンレススチール 自動巻き メンズ 腕時計,https://ec.wb-ookura.com/products/2340640059081,https://www.chrono24.com/rolex/explorer--id47700443.htm
3.8,"US_DEALER, not a hand carry",126503,non-JP,27905,25484,29016,Chrono24,25325,VERIFIED,C24 scrape,8,FULL_SET,okura,ロレックス ROLEX デイトナ 126503 ブラック ゴールド/ステンレススチール 自動巻き メンズ 腕時計,https://ec.wb-ookura.com/products/2300045885210,https://www.chrono24.com/rolex/rolex-daytona--id47466342.htm
3.8,"US_DEALER, not a hand carry",4600E/000R-B441,non-JP,16955,15484,17619,"mark, NO VENUE",17619,VERIFIED,,,FULL_SET,okura,ヴァシュロン・コンスタンタン VACHERON CONSTANTIN フィフティーシックス オートマティック 4600E/000R-B441 シルバー ピンクゴールド 自動巻き メ,https://ec.wb-ookura.com/products/2300045885562,
3.8,"US_DEALER, not a hand carry",126720VTNR,non-JP,16955,15484,17628,Chrono24,14816,DERIVED,C24 scrape,6,FULL_SET,okura,ロレックス ROLEX GMTマスター2 126720VTNR ブラック ステンレススチール 自動巻き メンズ 腕時計,https://ec.wb-ookura.com/products/2300045005960,https://www.chrono24.com/rolex/rolex-gmt-master-ii-sprite-126720vtnr--id47697234.htm
3.7,"US_DEALER, not a hand carry",126718GRNR,non-JP,50511,46129,52445,Chrono24,43309,DERIVED,C24 scrape,7,FULL_SET,okura,ロレックス ROLEX GMTマスター2 126718GRNR ブラック ゴールド 自動巻き メンズ 腕時計,https://ec.wb-ookura.com/products/2300045537065,https://www.chrono24.com/rolex/rolex-2024-gmt-master-ii-40mm-126718grnr-yellow-gold-jubilee-black-dial--id47612517.htm
3.7,"US_DEALER, not a hand carry",126518LN,non-JP,55103,50323,57241,Chrono24,59042,DERIVED,C24 scrape,20,FULL_SET,okura,ロレックス ROLEX デイトナ 126518LN ゴールド ゴールド 自動巻き メンズ 腕時計,https://ec.wb-ookura.com/products/2340640059296,https://www.chrono24.com/rolex/rolex-2025-daytona-40mm-126518ln-yellow-gold-oysterflex-champagne-dial--id47596590.htm
3.7,"US_DEALER, not a hand carry",127334,non-JP,28117,25677,29198,Chrono24,25565,VERIFIED,C24 scrape,9,FULL_SET,okura,ロレックス ROLEX ランドドゥエラー 40 127334 シルバー(ハニカムモチーフ) ホワイトゴールド/ステンレススチール 自動巻き メンズ 腕時計,https://ec.wb-ookura.com/products/2340980058898,https://www.chrono24.com/rolex/rolex-2026-land-dweller-40mm-127334-stainless-steel-jubilee-white-dial--id47204616.htm
3.7,"US_DEALER, not a hand carry",116710LN,non-JP,13705,12516,14234,Chrono24,11538,DERIVED,C24 scrape,13,FULL_SET,okura,ロレックス ROLEX GMTマスター2 116710LN ブラック ステンレススチール 自動巻き メンズ 腕時計,https://ec.wb-ookura.com/products/2300046291805,https://www.chrono24.com/rolex/gmt-master-ii--id47700406.htm
3.6,"US_DEALER, not a hand carry",126710BLRO,non-JP,25432,23226,26388,Chrono24,21868,VERIFIED,C24 scrape,10,FULL_SET,okura,ロレックス ROLEX GMTマスター2 126710BLRO ブラック ステンレススチール 自動巻き メンズ 腕時計,https://ec.wb-ookura.com/products/2340640059258,https://www.chrono24.com/rolex/rolex-gmt-master-ii--id46951141.htm
3.6,"US_DEALER, not a hand carry",116520,non-JP,25432,23226,26372,Chrono24,20460,DERIVED,C24 scrape,11,FULL_SET,okura,ロレックス ROLEX デイトナ 116520 ブラック ステンレススチール 自動巻き メンズ 腕時計,https://ec.wb-ookura.com/products/2300046202863,https://www.chrono24.com/rolex/daytona--id47560800.htm
3.6,"US_DEALER, not a hand carry",126710BLRO,non-JP,25432,23226,26388,Chrono24,21868,VERIFIED,C24 scrape,10,FULL_SET,okura,ロレックス ROLEX GMTマスター2 126710BLRO ブラック ステンレススチール 自動巻き メンズ 腕時計,https://ec.wb-ookura.com/products/2343800013268,https://www.chrono24.com/rolex/rolex-gmt-master-ii--id46951141.htm
3.5,"US_DEALER, not a hand carry",116610LV,non-JP,21547,19677,22337,Chrono24,18663,VERIFIED,C24 scrape n=1 THIN,1,FULL_SET,okura,ロレックス ROLEX サブマリーナ 116610LV グリーン ステンレススチール 自動巻き メンズ 腕時計,https://ec.wb-ookura.com/products/2300045763723,https://www.chrono24.com/rolex/submariner-date--id45939899.htm
3.5,"US_DEALER, not a hand carry",126710BLNR,non-JP,18226,16645,18889,Chrono24,17118,VERIFIED,C24 scrape,28,FULL_SET,okura,ロレックス ROLEX GMTマスター2 126710BLNR ブラック ステンレススチール 自動巻き メンズ 腕時計,https://ec.wb-ookura.com/products/2343470016637,https://www.chrono24.com/rolex/gmt-master-ii-batman-126710blnr-full-kit--id38713650.htm
3.5,"US_DEALER, not a hand carry",116610LV,non-JP,21547,19677,22337,Chrono24,18663,VERIFIED,C24 scrape n=1 THIN,1,FULL_SET,okura,ロレックス ROLEX サブマリーナ 116610LV グリーン ステンレススチール 自動巻き メンズ 腕時計,https://ec.wb-ookura.com/products/2300045661425,https://www.chrono24.com/rolex/submariner-date--id45939899.htm
3.5,"US_DEALER, not a hand carry",116610LV,non-JP,21547,19677,22337,Chrono24,18663,VERIFIED,C24 scrape n=1 THIN,1,FULL_SET,okura,ロレックス ROLEX サブマリーナ 116610LV グリーン ステンレススチール 自動巻き メンズ 腕時計,https://ec.wb-ookura.com/products/2300045661395,https://www.chrono24.com/rolex/submariner-date--id45939899.htm
3.5,"US_DEALER, not a hand carry",116200,non-JP,7418,6774,7687,Chrono24 US,6952,VERIFIED,C24 research,,FULL_SET,okura,ロレックス ROLEX デイトジャスト36 116200 シルバー ステンレススチール 自動巻き メンズ 腕時計,https://ec.wb-ookura.com/products/2300046165083,
3.5,"US_DEALER, not a hand carry",126710GRNR,non-JP,21547,19677,22337,Chrono24,20248,VERIFIED,C24 scrape,20,FULL_SET,okura,ロレックス ROLEX GMTマスター2 126710GRNR ブラック ステンレススチール 自動巻き メンズ 腕時計,https://ec.wb-ookura.com/products/2343470017467,https://www.chrono24.com/rolex/rolex-gmt-master-ii--id47560413.htm
3.5,"US_DEALER, not a hand carry",126710GRNR,non-JP,21547,19677,22337,Chrono24,20248,VERIFIED,C24 scrape,20,FULL_SET,okura,ロレックス ROLEX GMTマスター2 126710GRNR ブラック ステンレススチール メンズ 腕時計,https://ec.wb-ookura.com/products/2343470017450,https://www.chrono24.com/rolex/rolex-gmt-master-ii--id47560413.htm
3.5,"US_DEALER, not a hand carry",116610LV,non-JP,21547,19677,22337,Chrono24,18663,VERIFIED,C24 scrape n=1 THIN,1,FULL_SET,okura,ロレックス ROLEX サブマリーナ 116610LV グリーン ステンレススチール 自動巻き メンズ 腕時計,https://ec.wb-ookura.com/products/2351050003922,https://www.chrono24.com/rolex/submariner-date--id45939899.htm
3.4,"US_DEALER, not a hand carry",118235,non-JP,34492,31500,35690,Chrono24,29295,DERIVED,C24 scrape n=1 THIN,1,FULL_SET,craftandtailored,2018 Rolex Day-Date 18K RG (Ref. 118235) Pink Diamond Marker Dial W/ Full Set,https://www.craftandtailored.com/products/2018-rolex-day-date-18k-rg-ref-118235-pink-diamond-marker-dial-w-full-set,https://www.chrono24.com/rolex/excellent-condition-2012-day-date-36-president-rose-gold-pink-roman-dial-118235--id45955699.htm
3.4,"US_DEALER, not a hand carry",126233,non-JP,19710,18000,20394,Chrono24,15217,VERIFIED,C24 scrape,6,FULL_SET,exquisite,Rolex Datejust 36 M126233-0029,https://www.exquisitetimepieces.com/products/rolex-datejust-36-m126233-0029-210009n43176,https://www.chrono24.com/rolex/rolex-datejust-36mm-126233-jubilee-steel-and-yellow-gold-fluted-bezel-champagne-index-dial--id21201440.htm
3.3,"US_DEALER, not a hand carry",126503,non-JP,28046,25613,29016,Chrono24,25325,VERIFIED,C24 scrape,8,PAPERS_ONLY,okura,ロレックス ROLEX デイトナ 126503 ブラック K18イエローゴールド/ステンレススチール 自動巻き メンズ 腕時計,https://ec.wb-ookura.com/products/2300045405555,https://www.chrono24.com/rolex/rolex-daytona--id47466342.htm
3.3,"US_DEALER, not a hand carry",126503,non-JP,28046,25613,29016,Chrono24,25325,VERIFIED,C24 scrape,8,FULL_SET,okura,ロレックス ROLEX デイトナ 126503 ブラック ゴールド/ステンレススチール 自動巻き メンズ 腕時計,https://ec.wb-ookura.com/products/2300045885166,https://www.chrono24.com/rolex/rolex-daytona--id47466342.htm
3.2,"US_DEALER, not a hand carry",126300,non-JP,10597,9677,10950,Chrono24,9982,VERIFIED,C24 scrape,7,FULL_SET,okura,ロレックス ROLEX デイトジャスト41 126300 アズーロブルー ステンレススチール 自動巻き メンズ 腕時計,https://ec.wb-ookura.com/products/2300046088689,https://www.chrono24.com/rolex/rolex-datejust-41-white-roman-dial-stainless-steel-41mm-126300----id46780791.htm
3.2,"US_DEALER, not a hand carry",126300,non-JP,10597,9677,10950,Chrono24,9982,VERIFIED,C24 scrape,7,FULL_SET,okura,ロレックス ROLEX デイトジャスト41 126300 スレート ステンレススチール 自動巻き メンズ 腕時計,https://ec.wb-ookura.com/products/2300045903587,https://www.chrono24.com/rolex/rolex-datejust-41-white-roman-dial-stainless-steel-41mm-126300----id46780791.htm
3.2,"US_DEALER, not a hand carry",16600,non-JP,9749,8903,10073,Chrono24,9019,VERIFIED,C24 scrape,2,FULL_SET,okura,ロレックス ROLEX シードゥエラー 16600 ブラック ステンレススチール 自動巻き メンズ 腕時計,https://ec.wb-ookura.com/products/2351050000433,https://www.chrono24.com/rolex/sea-dweller--id47263835.htm
3.2,"US_DEALER, not a hand carry",124200,non-JP,9537,8710,9855,Chrono24,7906,VERIFIED,C24 scrape n=1 THIN,1,FULL_SET,okura,ロレックス ROLEX オイスターパーペチュアル 34 124200 ピスタチオグリーン ステンレススチール 自動巻き ユニセックス 腕時計,https://ec.wb-ookura.com/products/2341950025421,https://www.chrono24.com/rolex/oyster-perpetual-34--id47561565.htm
3.2,"US_DEALER, not a hand carry",226570,non-JP,12292,11226,12695,Chrono24,10932,VERIFIED,C24 scrape n=1 THIN,1,FULL_SET,okura,ロレックス ROLEX エクスプローラー2 226570 ホワイト ステンレススチール 自動巻き メンズ 腕時計,https://ec.wb-ookura.com/products/2300045818720,https://www.chrono24.com/rolex/like-new-2022-explorer-ii-black-dial-226570--id47663583.htm
3.2,"US_DEALER, not a hand carry",126203,non-JP,11656,10645,12045,Chrono24 US,12560,VERIFIED,C24 research PARTIAL,15,FULL_SET,okura,ロレックス ROLEX デイトジャスト36 126203 フルーテッドモチーフ K18/SS 自動巻き メンズ 腕時計,https://ec.wb-ookura.com/products/2300044314452,
3.2,"US_DEALER, not a hand carry",116710LN,non-JP,13776,12581,14234,Chrono24,11538,DERIVED,C24 scrape,13,FULL_SET,okura,ロレックス ROLEX GMTマスター2 116710LN ブラック ステンレススチール 自動巻き メンズ 腕時計,https://ec.wb-ookura.com/products/2351050002000,https://www.chrono24.com/rolex/gmt-master-ii--id47700406.htm
3.1,"US_DEALER, not a hand carry",126505,non-JP,62168,56774,64156,Chrono24,54091,VERIFIED,C24 scrape,4,FULL_SET,okura,ロレックス ROLEX デイトナ 126505 ブラック/サンダスト ピンクゴールド 自動巻き メンズ 腕時計,https://ec.wb-ookura.com/products/2300046098336,https://www.chrono24.com/rolex/2025-rolex-daytona-40mm-126505-rose-gold-chocolate-dial--id45674616.htm
3.1,"US_DEALER, not a hand carry",SBGE295,non-JP,4945,4516,5104,"mark, NO VENUE",5104,VERIFIED,,,FULL_SET,okura,グランドセイコー Grand Seiko スポーツコレクション スプリングドライブ GMT SBGE295(9R66-0BK0) グリーン ステンレススチール 自動巻き メンズ 腕,https://ec.wb-ookura.com/products/2300045961686,
3.1,"US_DEALER, not a hand carry",126503,non-JP,28117,25677,29016,Chrono24,25325,VERIFIED,C24 scrape,8,FULL_SET,okura,ロレックス ROLEX デイトナ 126503 ホワイト ゴールド/ステンレススチール 自動巻き メンズ 腕時計,https://ec.wb-ookura.com/products/2300045736895,https://www.chrono24.com/rolex/rolex-daytona--id47466342.htm
3.1,"US_DEALER, not a hand carry",126505,non-JP,62168,56774,64156,Chrono24,54091,VERIFIED,C24 scrape,4,FULL_SET,okura,ロレックス ROLEX デイトナ 126505 ブラック/サンダスト ピンクゴールド 自動巻き メンズ 腕時計,https://ec.wb-ookura.com/products/2300045738288,https://www.chrono24.com/rolex/2025-rolex-daytona-40mm-126505-rose-gold-chocolate-dial--id45674616.htm
3.1,"US_DEALER, not a hand carry",126503,non-JP,28117,25677,29016,Chrono24,25325,VERIFIED,C24 scrape,8,FULL_SET,okura,ロレックス ROLEX デイトナ 126503 ホワイト ゴールド/ステンレススチール 自動巻き メンズ 腕時計,https://ec.wb-ookura.com/products/2300045575678,https://www.chrono24.com/rolex/rolex-daytona--id47466342.htm
3.1,"US_DEALER, not a hand carry",126613LN,non-JP,18015,16452,18599,Chrono24,15733,VERIFIED,C24 scrape,14,FULL_SET,okura,ロレックス ROLEX サブマリーナ 126613LN ブラック ゴールド/ステンレススチール メンズ 腕時計,https://ec.wb-ookura.com/products/2300045271815,https://www.chrono24.com/rolex/submariner-date-126613ln--black-dial--bezel--two-tone-gold-rolesor--id43117886.htm
3.1,"US_DEALER, not a hand carry",126613LN,non-JP,18015,16452,18599,Chrono24,15733,VERIFIED,C24 scrape,14,FULL_SET,okura,ロレックス ROLEX サブマリーナ 126613LN ブラック ゴールド/ステンレススチール 自動巻き メンズ 腕時計,https://ec.wb-ookura.com/products/2340640055496,https://www.chrono24.com/rolex/submariner-date-126613ln--black-dial--bezel--two-tone-gold-rolesor--id43117886.htm
3.1,"US_DEALER, not a hand carry",126503,non-JP,28117,25677,29016,Chrono24,25325,VERIFIED,C24 scrape,8,FULL_SET,okura,ロレックス ROLEX デイトナ 126503 ホワイト ゴールド/ステンレススチール メンズ 腕時計,https://ec.wb-ookura.com/products/2300045087935,https://www.chrono24.com/rolex/rolex-daytona--id47466342.htm
3.0,"US_DEALER, not a hand carry",126711CHNR,non-JP,21194,19355,21844,Chrono24,18534,VERIFIED,C24 scrape,2,FULL_SET,okura,ロレックス ROLEX GMTマスター2 126711CHNR ブラック ステンレススチール/ピンクゴールド 自動巻き メンズ 腕時計,https://ec.wb-ookura.com/products/2300045516169,https://www.chrono24.com/rolex/gmt-master-ii--id47263073.htm
3.0,"US_DEALER, not a hand carry",126711CHNR,non-JP,21194,19355,21844,Chrono24,18534,VERIFIED,C24 scrape,2,FULL_SET,okura,ロレックス ROLEX GMTマスター2 126711CHNR ブラック ピンクゴールド/ステンレススチール 自動巻き メンズ 腕時計,https://ec.wb-ookura.com/products/2300046206793,https://www.chrono24.com/rolex/gmt-master-ii--id47263073.htm
3.0,"US_DEALER, not a hand carry",116900,non-JP,7700,7032,7939,Chrono24,6982,VERIFIED,C24 scrape n=1 THIN,1,FULL_SET,okura,ロレックス ROLEX エアキング 116900 ブラック ステンレススチール 自動巻き メンズ 腕時計,https://ec.wb-ookura.com/products/2300046228795,https://www.chrono24.com/rolex/air-king--id46582098.htm
3.0,"US_DEALER, not a hand carry",278271,non-JP,18580,16968,19163,Chrono24 US,16165,VERIFIED,C24 research,,FULL_SET,okura,ロレックス ROLEX デイトジャスト31 278271 フローラルモチーフ ピンクゴールド/ステンレススチール 自動巻き レディース 腕時計,https://ec.wb-ookura.com/products/2300046266278,
2.9,"US_DEALER, not a hand carry",126618LB,non-JP,43659,39871,44949,Chrono24,39121,VERIFIED,C24 scrape n=1 THIN,1,FULL_SET,okura,ロレックス ROLEX サブマリーナ 126618LB ブルー ゴールド 自動巻き メンズ 腕時計,https://ec.wb-ookura.com/products/2300045778505,https://www.chrono24.com/rolex/submariner-date--id46762185.htm
2.9,"US_DEALER, not a hand carry *PAPERS",214270,non-JP,9140,8347,9415,Chrono24,7506,VERIFIED,C24 scrape,6,BODY_ONLY,satindoll,エクスプローラーI,https://www.satindollweb.com/products/detail/11614,https://www.chrono24.com/rolex/rolex-explorer--id47558762.htm
2.8,"US_DEALER, not a hand carry",226627,non-JP,27552,25161,28359,Chrono24,24586,VERIFIED,C24 scrape,12,FULL_SET,okura,ロレックス ROLEX ヨットマスター42 226627 ブラック チタン 自動巻き メンズ 腕時計,https://ec.wb-ookura.com/products/2300045728050,https://www.chrono24.com/rolex/yacht-master-42-titanium--226627--id46237059.htm
2.7,"US_DEALER, not a hand carry",127334,non-JP,28399,25935,29198,Chrono24,25565,VERIFIED,C24 scrape,9,FULL_SET,okura,ロレックス ROLEX ランドドゥエラー 40 ハニカムモチーフ 127334 シルバー ホワイトゴールド/ステンレススチール 自動巻き メンズ 腕時計,https://ec.wb-ookura.com/products/2340980056504,https://www.chrono24.com/rolex/rolex-2026-land-dweller-40mm-127334-stainless-steel-jubilee-white-dial--id47204616.htm
2.7,"US_DEALER, not a hand carry",116618LN,non-JP,40480,36968,41610,Chrono24,31584,VERIFIED,C24 scrape,10,FULL_SET,okura,ロレックス ROLEX サブマリーナ 116618LN ブラック ゴールド 自動巻き メンズ 腕時計,https://ec.wb-ookura.com/products/2300045502643,https://www.chrono24.com/rolex/submariner-date--id43007467.htm
2.7,"US_DEALER, not a hand carry",SBGX355,non-JP,3391,3097,3484,Chrono24 US,3100,VERIFIED,C24 research,,FULL_SET,okura,グランドセイコー Grand Seiko ヘリテージコレクション クォーツ SBGX355(9F62-0AR0) 雪白ダイヤル チタン メンズ 腕時計,https://ec.wb-ookura.com/products/2300045433343,
2.6,"US_DEALER, not a hand carry",116610LV,non-JP,21759,19871,22337,Chrono24,18663,VERIFIED,C24 scrape n=1 THIN,1,FULL_SET,okura,ロレックス ROLEX サブマリーナ 116610LV グリーン ステンレススチール 自動巻き メンズ 腕時計,https://ec.wb-ookura.com/products/2300045661623,https://www.chrono24.com/rolex/submariner-date--id45939899.htm
2.6,"US_DEALER, not a hand carry",124270,non-JP,9113,8323,9360,Chrono24 US,7956,VERIFIED,C24 research,,FULL_SET,okura,ロレックス ROLEX エクスプローラー36 124270 ブラック ステンレススチール 自動巻き メンズ 腕時計,https://ec.wb-ookura.com/products/2300046008717,
2.6,"US_DEALER, not a hand carry",116000,non-JP,7771,7097,7976,Chrono24,6430,DERIVED,C24 scrape,24,FULL_SET,okura,ロレックス ROLEX オイスターパーペチュアル36 116000 ブラック ステンレススチール 自動巻き メンズ 腕時計,https://ec.wb-ookura.com/products/2300045903129,https://www.chrono24.com/rolex/oyster-perpetual-36--id47702102.htm
2.6,"US_DEALER, not a hand carry",116515LN,non-JP,37371,34129,38357,Chrono24,34800,DERIVED,C24 scrape,17,FULL_SET,okura,ロレックス ROLEX デイトナ 116515LN ホワイト K18PG 自動巻き メンズ 腕時計,https://ec.wb-ookura.com/products/2300044691751,https://www.chrono24.com/rolex/daytona-116515ln-choco-arabic-brown-arabic-dial-rose-gold-leather-strap-40mm-2013--id47579182.htm
2.6,"US_DEALER, not a hand carry",126710GRNR,non-JP,21759,19871,22337,Chrono24,20248,VERIFIED,C24 scrape,20,FULL_SET,okura,ロレックス ROLEX GMTマスター2 126710GRNR ブラック ステンレススチール 自動巻き メンズ 腕時計,https://ec.wb-ookura.com/products/2300045536655,https://www.chrono24.com/rolex/rolex-gmt-master-ii--id47560413.htm
2.6,"US_DEALER, not a hand carry",124270,non-JP,9113,8323,9360,Chrono24 US,7956,VERIFIED,C24 research,,FULL_SET,okura,ロレックス ROLEX エクスプローラー36 124270 ブラック ステンレススチール 自動巻き メンズ 腕時計,https://ec.wb-ookura.com/products/2300045516114,
2.6,"US_DEALER, not a hand carry",124270,non-JP,9113,8323,9360,Chrono24 US,7956,VERIFIED,C24 research,,FULL_SET,okura,ロレックス ROLEX エクスプローラー36 124270 ブラック ステンレススチール 自動巻き メンズ 腕時計,https://ec.wb-ookura.com/products/2341950019925,
2.6,"US_DEALER, not a hand carry",116500,non-JP,26845,24516,27561,"mark, NO VENUE",27561,VERIFIED,,,FULL_SET,okura,ロレックス ROLEX デイトナ 116500 ブラック ステンレススチール 自動巻き メンズ 腕時計,https://ec.wb-ookura.com/products/2351050002376,
2.6,"US_DEALER, not a hand carry",126710GRNR,non-JP,21759,19871,22337,Chrono24,20248,VERIFIED,C24 scrape,20,FULL_SET,okura,ロレックス ROLEX GMTマスター2 126710GRNR ブラック ステンレススチール 自動巻き メンズ 腕時計,https://ec.wb-ookura.com/products/2343470016941,https://www.chrono24.com/rolex/rolex-gmt-master-ii--id47560413.htm
2.6,"US_DEALER, not a hand carry",126710GRNR,non-JP,21759,19871,22337,Chrono24,20248,VERIFIED,C24 scrape,20,FULL_SET,okura,ロレックス ROLEX GMTマスター2 126710GRNR ブラック ステンレススチール 自動巻き メンズ 腕時計,https://ec.wb-ookura.com/products/2343470017481,https://www.chrono24.com/rolex/rolex-gmt-master-ii--id47560413.htm
2.6,"US_DEALER, not a hand carry",126710GRNR,non-JP,21759,19871,22337,Chrono24,20248,VERIFIED,C24 scrape,20,FULL_SET,okura,ロレックス ROLEX GMTマスター2 126710GRNR ブラック ステンレススチール 自動巻き メンズ 腕時計,https://ec.wb-ookura.com/products/2300046206939,https://www.chrono24.com/rolex/rolex-gmt-master-ii--id47560413.htm
2.6,"US_DEALER, not a hand carry",126710GRNR,non-JP,21759,19871,22337,Chrono24,20248,VERIFIED,C24 scrape,20,FULL_SET,okura,ロレックス ROLEX GMTマスター2 126710GRNR ブラック ステンレススチール 自動巻き メンズ 腕時計,https://ec.wb-ookura.com/products/2300046206946,https://www.chrono24.com/rolex/rolex-gmt-master-ii--id47560413.htm
2.6,"US_DEALER, not a hand carry",116610LV,non-JP,21759,19871,22337,Chrono24,18663,VERIFIED,C24 scrape n=1 THIN,1,FULL_SET,okura,ロレックス ROLEX サブマリーナ 116610LV グリーン ステンレススチール 自動巻き メンズ 腕時計,https://ec.wb-ookura.com/products/2300046206915,https://www.chrono24.com/rolex/submariner-date--id45939899.htm
2.6,"US_DEALER, not a hand carry",126710GRNR,non-JP,21759,19871,22337,Chrono24,20248,VERIFIED,C24 scrape,20,FULL_SET,okura,ロレックス ROLEX GMTマスター2 126710GRNR ブラック ステンレススチール 自動巻き メンズ 腕時計,https://ec.wb-ookura.com/products/2343470017542,https://www.chrono24.com/rolex/rolex-gmt-master-ii--id47560413.htm
2.5,"US_DEALER, not a hand carry",16600,non-JP,9820,8968,10073,Chrono24,9019,VERIFIED,C24 scrape,2,FULL_SET,okura,ロレックス ROLEX シードゥエラー 16600 ブラック ステンレススチール 自動巻き メンズ 腕時計,https://ec.wb-ookura.com/products/2341950020792,https://www.chrono24.com/rolex/sea-dweller--id47263835.htm
2.4,"US_DEALER, not a hand carry",268622,non-JP,12716,11613,13031,Chrono24 US,11731,VERIFIED,C24 research,15,FULL_SET,okura,ロレックス ROLEX ヨットマスター37 268622 スレート プラチナ/ステンレススチール 自動巻き メンズ 腕時計,https://ec.wb-ookura.com/products/2341950022734,
2.3,"US_DEALER, not a hand carry",326.30.40.50.01.001,non-JP,3532,3226,3614,Chrono24 US,3265,VERIFIED,C24 research PARTIAL,6,FULL_SET,okura,オメガ OMEGA スピードマスター レーシング コーアクシャル クロノメータークロノグラフ 326.30.40.50.01.001 ブラック ステンレススチール 自動巻き メンズ,https://ec.wb-ookura.com/products/2300046157675,
2.3,"US_DEALER, not a hand carry",326.30.40.50.01.001,non-JP,3532,3226,3614,Chrono24 US,3265,VERIFIED,C24 research PARTIAL,6,FULL_SET,okura,オメガ OMEGA スピードマスター レーシングコーアクシャル クロノメーター クロノグラフ 326.30.40.50.01.001 ブラック ステンレススチール 自動巻き メンズ,https://ec.wb-ookura.com/products/2351050002772,
2.3,"US_DEALER, not a hand carry",326.30.40.50.01.001,non-JP,3532,3226,3614,Chrono24 US,3265,VERIFIED,C24 research PARTIAL,6,FULL_SET,okura,オメガ OMEGA スピードマスター レーシングコーアクシャル クロノメーター クロノグラフ 326.30.40.50.01.001 ブラック ステンレススチール 自動巻き メンズ,https://ec.wb-ookura.com/products/2300046157392,
2.3,"US_DEALER, not a hand carry",326.30.40.50.01.001,non-JP,3532,3226,3614,Chrono24 US,3265,VERIFIED,C24 research PARTIAL,6,FULL_SET,okura,オメガ OMEGA スピードマスター レーシングコーアクシャル クロノメーター クロノグラフ 326.30.40.50.01.001 ブラック ステンレススチール 自動巻き メンズ,https://ec.wb-ookura.com/products/2351050002802,
2.3,"US_DEALER, not a hand carry",326.30.40.50.01.001,non-JP,3532,3226,3614,Chrono24 US,3265,VERIFIED,C24 research PARTIAL,6,FULL_SET,okura,オメガ OMEGA スピードマスター レーシングコーアクシャル クロノメーター クロノグラフ 326.30.40.50.01.001 ブラック ステンレススチール 自動巻き メンズ,https://ec.wb-ookura.com/products/2300046229013,
2.2,"US_DEALER, not a hand carry",116710LN,non-JP,13917,12710,14234,Chrono24,11538,DERIVED,C24 scrape,13,FULL_SET,okura,ロレックス ROLEX GMTマスター2 116710LN ブラック ステンレススチール 自動巻き メンズ 腕時計,https://ec.wb-ookura.com/products/2300045990518,https://www.chrono24.com/rolex/gmt-master-ii--id47700406.htm
2.2,"US_DEALER, not a hand carry",116520,non-JP,25785,23548,26372,Chrono24,20460,DERIVED,C24 scrape,11,FULL_SET,okura,ロレックス ROLEX デイトナ 116520 ブラック ステンレススチール 自動巻き メンズ 腕時計,https://ec.wb-ookura.com/products/2300045515995,https://www.chrono24.com/rolex/daytona--id47560800.htm
2.2,"US_DEALER, not a hand carry",336934,non-JP,24726,22581,25288,Chrono24,23587,VERIFIED,C24 scrape,35,FULL_SET,okura,ロレックス ROLEX スカイドゥエラー 336934 ブラック ホワイトゴールド/ステンレススチール 自動巻き メンズ 腕時計,https://ec.wb-ookura.com/products/2300046088726,https://www.chrono24.com/rolex/like-new-2025-sky-dweller-steel-jubilee-black-dial-336934--id47597729.htm
2.1,"US_DEALER, not a hand carry",116900,non-JP,7771,7097,7939,Chrono24,6982,VERIFIED,C24 scrape n=1 THIN,1,FULL_SET,okura,ロレックス ROLEX エアキング 116900 ブラック ステンレススチール 自動巻き メンズ 腕時計,https://ec.wb-ookura.com/products/2300046088535,https://www.chrono24.com/rolex/air-king--id46582098.htm
2.1,"US_DEALER, not a hand carry *PAPERS",126600,non-JP,13674,12488,13961,Chrono24,11850,VERIFIED,C24 scrape n=1 THIN,1,BODY_ONLY,satindoll,シードゥエラー,https://www.satindollweb.com/products/detail/11584,https://www.chrono24.com/rolex/seadweller-126600-red--id43448466.htm
2.1,"US_DEALER, not a hand carry",116900,non-JP,7771,7097,7939,Chrono24,6982,VERIFIED,C24 scrape n=1 THIN,1,FULL_SET,okura,ロレックス ROLEX エアキング 116900 ブラック ステンレススチール メンズ 腕時計,https://ec.wb-ookura.com/products/2342690043416,https://www.chrono24.com/rolex/air-king--id46582098.htm
2.1,"US_DEALER, not a hand carry *PAPERS",126900,non-JP,9636,8800,9844,Chrono24,8325,VERIFIED,C24 scrape n=1 THIN,1,BODY_ONLY,satindoll,エアキング,https://www.satindollweb.com/products/detail/11619,https://www.chrono24.com/rolex/air-king--id47674791.htm
2.0,SUSPECT_DATA,126201,JP,14631,13361,14926,"mark, NO VENUE",14926,VERIFIED,,,UNKNOWN|AA_LIKE_NEW,kamekichi,,https://www.kame-kichi.com/items/45310,
2.0,"US_DEALER, not a hand carry",126710GRNR,non-JP,21900,20000,22337,Chrono24,20248,VERIFIED,C24 scrape,20,FULL_SET,okura,ロレックス ROLEX GMTマスター2 126710GRNR ブラック ステンレススチール 自動巻き メンズ 腕時計,https://ec.wb-ookura.com/products/2341810072169,https://www.chrono24.com/rolex/rolex-gmt-master-ii--id47560413.htm
1.9,"US_DEALER, not a hand carry",126300,non-JP,10738,9806,10950,Chrono24,9982,VERIFIED,C24 scrape,7,FULL_SET,okura,ロレックス ROLEX デイトジャスト41 126300 スレート ステンレススチール 自動巻き メンズ 腕時計,https://ec.wb-ookura.com/products/2300045826220,https://www.chrono24.com/rolex/rolex-datejust-41-white-roman-dial-stainless-steel-41mm-126300----id46780791.htm
1.9,"US_DEALER, not a hand carry",126519LN,non-JP,50865,46452,51876,Chrono24,43326,DERIVED,C24 scrape,3,FULL_SET,okura,ロレックス ROLEX デイトナ 126519LN ブラック/スチール ホワイトゴールド 自動巻き メンズ 腕時計,https://ec.wb-ookura.com/products/2340640059197,https://www.chrono24.com/rolex/rolex-2024-daytona-baby-le-mans-40mm-126519ln-white-gold-black-dial--id47596501.htm
1.8,"US_DEALER, not a hand carry",126610LN,non-JP,14835,13548,15111,Chrono24,12276,DERIVED,C24 scrape,2,FULL_SET,okura,ロレックス ROLEX サブマリーナ 126610LN ブラック ステンレススチール 自動巻き メンズ 腕時計,https://ec.wb-ookura.com/products/2300046088894,https://www.chrono24.com/rolex/submariner-date--id47559691.htm
1.8,"US_DEALER, not a hand carry",124200,non-JP,9678,8839,9855,Chrono24,7906,VERIFIED,C24 scrape n=1 THIN,1,FULL_SET,okura,ロレックス ROLEX オイスターパーペチュアル34 124200 ピスタチオ ステンレススチール 自動巻き レディース 腕時計,https://ec.wb-ookura.com/products/2300046139992,https://www.chrono24.com/rolex/oyster-perpetual-34--id47561565.htm
1.8,"US_DEALER, not a hand carry",126610LN,non-JP,14835,13548,15111,Chrono24,12276,DERIVED,C24 scrape,2,FULL_SET,okura,ロレックス ROLEX サブマリーナ 126610LN ブラック ステンレススチール 自動巻き メンズ 腕時計,https://ec.wb-ookura.com/products/2300045990464,https://www.chrono24.com/rolex/submariner-date--id47559691.htm
1.8,"US_DEALER, not a hand carry",126610LN,non-JP,14835,13548,15111,Chrono24,12276,DERIVED,C24 scrape,2,FULL_SET,okura,ロレックス ROLEX サブマリーナ 126610LN ブラック ステンレススチール 自動巻き メンズ 腕時計,https://ec.wb-ookura.com/products/2300046088405,https://www.chrono24.com/rolex/submariner-date--id47559691.htm
1.8,"US_DEALER, not a hand carry",126610LN,non-JP,14835,13548,15111,Chrono24,12276,DERIVED,C24 scrape,2,FULL_SET,okura,ロレックス ROLEX サブマリーナ 126610LN ブラック ステンレススチール 自動巻き メンズ 腕時計,https://ec.wb-ookura.com/products/2300045635600,https://www.chrono24.com/rolex/submariner-date--id47559691.htm
1.8,"US_DEALER, not a hand carry",126720VTNR,non-JP,17308,15806,17628,Chrono24,14816,DERIVED,C24 scrape,6,FULL_SET,okura,ロレックス ROLEX GMTマスター２ 126720VTNR ブラック ステンレススチール 自動巻き メンズ 腕時計,https://ec.wb-ookura.com/products/2340980049926,https://www.chrono24.com/rolex/rolex-gmt-master-ii-sprite-126720vtnr--id47697234.htm
1.8,"US_DEALER, not a hand carry",126610LN,non-JP,14835,13548,15111,Chrono24,12276,DERIVED,C24 scrape,2,FULL_SET,okura,ロレックス ROLEX サブマリーナ 126610LN ブラック ステンレススチール 自動巻き メンズ 腕時計,https://ec.wb-ookura.com/products/2300045659187,https://www.chrono24.com/rolex/submariner-date--id47559691.htm
1.8,"US_DEALER, not a hand carry",SBGA439,non-JP,3462,3161,3527,"mark, NO VENUE",3527,VERIFIED,,,FULL_SET,okura,グランドセイコー Grand Seiko ヘリテージコレクション スプリングドライブ SBGA439(9R65-0DY0) ブルー ステンレススチール 自動巻き メンズ 腕時計,https://ec.wb-ookura.com/products/2351050002574,
1.8,"US_DEALER, not a hand carry",116713LN,non-JP,14835,13548,15110,Chrono24,13163,VERIFIED,C24 scrape,9,FULL_SET,okura,ロレックス ROLEX GMTマスター2 116713LN ブラック ゴールド/ステンレススチール 自動巻き メンズ 腕時計,https://ec.wb-ookura.com/products/2300045763884,https://www.chrono24.com/rolex/rolex-gmt-master-ii--id47263981.htm
1.8,"US_DEALER, not a hand carry",126610LN,non-JP,14835,13548,15111,Chrono24,12276,DERIVED,C24 scrape,2,FULL_SET,okura,ロレックス ROLEX サブマリーナ 126610LN ブラック ステンレススチール 自動巻き メンズ 腕時計,https://ec.wb-ookura.com/products/2300046206748,https://www.chrono24.com/rolex/submariner-date--id47559691.htm
1.8,"US_DEALER, not a hand carry",126610LN,non-JP,14835,13548,15111,Chrono24,12276,DERIVED,C24 scrape,2,FULL_SET,okura,ロレックス ROLEX サブマリーナ 126610LN ブラック ステンレススチール 自動巻き メンズ 腕時計,https://ec.wb-ookura.com/products/2300046206755,https://www.chrono24.com/rolex/submariner-date--id47559691.htm
1.8,"US_DEALER, not a hand carry",16014,non-JP,5597,5112,5701,"mark, NO VENUE",5701,VERIFIED,,,UNKNOWN,satindoll,デイトジャスト,https://www.satindollweb.com/products/detail/11588,
1.7,"US_DEALER, not a hand carry",116710LN,non-JP,13988,12774,14234,Chrono24,11538,DERIVED,C24 scrape,13,FULL_SET,okura,ロレックス ROLEX GMTマスター2 116710LN ブラック ステンレススチール 自動巻き メンズ 腕時計,https://ec.wb-ookura.com/products/2300046088252,https://www.chrono24.com/rolex/gmt-master-ii--id47700406.htm
1.7,"US_DEALER, not a hand carry",116710LN,non-JP,13988,12774,14234,Chrono24,11538,DERIVED,C24 scrape,13,FULL_SET,okura,ロレックス ROLEX GMTマスターⅡ 116710LN ブラック ステンレススチール メンズ 腕時計,https://ec.wb-ookura.com/products/2300045983749,https://www.chrono24.com/rolex/gmt-master-ii--id47700406.htm
1.5,"US_DEALER, not a hand carry",116500LN,non-JP,29671,27097,30111,Chrono24,27353,DERIVED,C24 scrape,35,FULL_SET,okura,ロレックス ROLEX デイトナ 116500LN ブラック ステンレススチール 自動巻き メンズ 腕時計,https://ec.wb-ookura.com/products/2339640033542,https://www.chrono24.com/rolex/daytona--id45887205.htm
1.5,"US_DEALER, not a hand carry",326.30.40.50.01.002,non-JP,3532,3226,3586,"mark, NO VENUE",3586,VERIFIED,,,FULL_SET,okura,オメガ OMEGA スピードマスター レーシングコーアクシャル クロノメーター クロノグラフ 326.30.40.50.01.002 ブラック ステンレススチール 自動巻き メンズ,https://ec.wb-ookura.com/products/2300046157637,
1.5,"US_DEALER, not a hand carry",126509,non-JP,61461,56129,62404,Chrono24,50690,VERIFIED,C24 scrape,11,FULL_SET,okura,ロレックス ROLEX デイトナ 126509 ブライトブルー ホワイトゴールド 自動巻き メンズ 腕時計,https://ec.wb-ookura.com/products/2340520146979,https://www.chrono24.com/rolex/2025-card-rolex-daytona-cosmograph-126509-blue-dial-18k-white-gold-watch--id47555004.htm
1.4,"US_DEALER, not a hand carry",16613,non-JP,14126,12900,14327,Chrono24,10670,VERIFIED,C24 scrape,2,FULL_SET,exquisite,Rolex Submariner Date 16613,https://www.exquisitetimepieces.com/products/rolex-submariner-date-16613-ns21000936800,https://www.chrono24.com/rolex/submariner-date--id47738939.htm
1.4,"US_DEALER, not a hand carry",116520,non-JP,25997,23742,26372,Chrono24,20460,DERIVED,C24 scrape,11,FULL_SET,okura,ロレックス ROLEX デイトナ 116520 ブラック ステンレススチール 自動巻き メンズ 腕時計,https://ec.wb-ookura.com/products/2300045713230,https://www.chrono24.com/rolex/daytona--id47560800.htm
1.4,"US_DEALER, not a hand carry",126711CHNR,non-JP,21547,19677,21844,Chrono24,18534,VERIFIED,C24 scrape,2,FULL_SET,okura,ロレックス ROLEX GMTマスター2 126711CHNR ブラック ステンレススチール/ピンクゴールド 自動巻き メンズ 腕時計,https://ec.wb-ookura.com/products/2300045281159,https://www.chrono24.com/rolex/gmt-master-ii--id47263073.htm
1.4,"US_DEALER, not a hand carry",126711CHNR,non-JP,21547,19677,21844,Chrono24,18534,VERIFIED,C24 scrape,2,FULL_SET,okura,ロレックス ROLEX GMTマスター2 126711CHNR ブラック ピンクゴールド/ステンレススチール 自動巻き メンズ 腕時計,https://ec.wb-ookura.com/products/2344160018481,https://www.chrono24.com/rolex/gmt-master-ii--id47263073.htm
1.2,"US_DEALER, not a hand carry",SBGJ265,non-JP,5926,5412,6000,"mark, NO VENUE",6000,VERIFIED,,,UNKNOWN,ippo,GRAND SEIKO SBGJ265 Automatic Movement Stainless Steel Case 39mm Sapphire Crystal 200m Wat,https://www.ippojapanwatch.com/products/grand-seiko-sbgj265-automatic-movement-stainless-steel-case-39mm-sapphire-crystal-200m-water-resistance,
1.2,"US_DEALER, not a hand carry",4600E/000A-B442,non-JP,10597,9677,10721,"mark, NO VENUE",10721,VERIFIED,,,FULL_SET,okura,ヴァシュロン・コンスタンタン VACHERON CONSTANTIN フィフティーシックス オートマティック 4600E/000A-B442(X46A2020) シルバー ステンレ,https://ec.wb-ookura.com/products/2300046228542,
1.0,"US_DEALER, not a hand carry",126234,non-JP,12434,11355,12559,Chrono24,12488,VERIFIED,C24 scrape,8,FULL_SET,okura,ロレックス ROLEX デイトジャスト 36 126234 ブラック ホワイトゴールド/ステンレススチール 自動巻き メンズ 腕時計,https://ec.wb-ookura.com/products/2341950025018,https://www.chrono24.com/rolex/rolex-pre-owned-rolex-oyster-oysterseel-perpetual-datejust-silver-dial-36mm-watch-2021-126234--id44628162.htm
1.0,"US_DEALER, not a hand carry",16622,non-JP,11868,10839,11990,Chrono24,8922,VERIFIED,C24 scrape,10,FULL_SET,okura,ロレックス ROLEX ヨットマスター 16622 シルバー プラチナ/ステンレススチール 自動巻き メンズ 腕時計,https://ec.wb-ookura.com/products/2341950024400,https://www.chrono24.com/rolex/yacht-master-40-platinum-bezel-silver-dial-16622--id47752572.htm
1.0,"US_DEALER, not a hand carry",126710GRNR,non-JP,22112,20194,22337,Chrono24,20248,VERIFIED,C24 scrape,20,FULL_SET,okura,ロレックス ROLEX GMTマスター2 126710GRNR ブラック ステンレススチール 自動巻き メンズ 腕時計,https://ec.wb-ookura.com/products/2343470017511,https://www.chrono24.com/rolex/rolex-gmt-master-ii--id47560413.htm
0.9,BUY OPPORTUNITY *PAPERS,16710,JP,12357,11285,12465,Chrono24,13051,VERIFIED,C24 hand read n=1 THIN,1,BOX_ONLY|AB_GOOD,kitamura,【中古】 【良品】 ロレックス(ROLEX) GMTマスターII ブラック 16710 ステンレス ブラックベゼル ルミノバ 【1年保証】,https://item.rakuten.co.jp/emedama/2448780057742/,
0.9,"US_DEALER, not a hand carry",126710BLRO,non-JP,26139,23871,26388,Chrono24,21868,VERIFIED,C24 scrape,10,FULL_SET,okura,ロレックス ROLEX GMTマスター2 126710BLRO ブラック ステンレススチール 自動巻き メンズ 腕時計,https://ec.wb-ookura.com/products/2339640031890,https://www.chrono24.com/rolex/rolex-gmt-master-ii--id46951141.htm
0.9,"US_DEALER, not a hand carry",126610LN,non-JP,14977,13677,15111,Chrono24,12276,DERIVED,C24 scrape,2,FULL_SET,okura,ロレックス ROLEX サブマリーナ 126610LN ブラック ステンレススチール 自動巻き メンズ 腕時計,https://ec.wb-ookura.com/products/2300045659514,https://www.chrono24.com/rolex/submariner-date--id47559691.htm
0.9,"US_DEALER, not a hand carry",126284RBR,non-JP,21476,19613,21681,US grey,19277,VERIFIED,C24 research VARIANT RISK,10,FULL_SET,okura,ロレックス ROLEX デイトジャスト36 126284RBR ブルーテッドモチーフ ホワイトゴールド/ステンレススチール 自動巻き メンズ 腕時計,https://ec.wb-ookura.com/products/2300045768575,
0.9,"US_DEALER, not a hand carry",126710BLRO,non-JP,26139,23871,26388,Chrono24,21868,VERIFIED,C24 scrape,10,FULL_SET,okura,ロレックス ROLEX GMTマスター2 126710BLRO ブラック ステンレススチール 自動巻き メンズ 腕時計,https://ec.wb-ookura.com/products/2343470015906,https://www.chrono24.com/rolex/rolex-gmt-master-ii--id46951141.htm
0.9,"US_DEALER, not a hand carry",126710BLRO,non-JP,26139,23871,26388,Chrono24,21868,VERIFIED,C24 scrape,10,FULL_SET,okura,ロレックス ROLEX GMTマスター2 126710BLRO ブラック ステンレススチール 自動巻き メンズ 腕時計,https://ec.wb-ookura.com/products/2341950018850,https://www.chrono24.com/rolex/rolex-gmt-master-ii--id46951141.htm
0.9,"US_DEALER, not a hand carry",126710BLRO,non-JP,26139,23871,26388,Chrono24,21868,VERIFIED,C24 scrape,10,FULL_SET,okura,ロレックス ROLEX GMTマスター2 126710BLRO ブラック ステンレススチール 自動巻き メンズ 腕時計,https://ec.wb-ookura.com/products/2351050002611,https://www.chrono24.com/rolex/rolex-gmt-master-ii--id46951141.htm
0.8,"US_DEALER, not a hand carry",SBGH255,non-JP,4804,4387,4843,"mark, NO VENUE",4843,VERIFIED,,,FULL_SET,okura,グランドセイコー Grand Seiko メカニカル ハイビート 36000 プロフェッショナル ダイバーズ SBGH255(9S85-01A0) ブラック チタン/セラミック 自,https://ec.wb-ookura.com/products/2341950021935,
0.7,"US_DEALER, not a hand carry",126525LN,non-JP,221826,202581,223380,Chrono24,187064,DERIVED,C24 scrape n=1 THIN,1,FULL_SET,okura,ロレックス ROLEX デイトナ ル・マン 126525LN ブラック ピンクゴールド 自動巻き メンズ 腕時計,https://ec.wb-ookura.com/products/2300045459190,https://www.chrono24.com/rolex/rolex-le-mans-daytona--2025--id47681712.htm
0.7,"US_DEALER, not a hand carry",15500ST,non-JP,47332,43226,47664,Chrono24,41258,VERIFIED,C24 scrape,11,FULL_SET,okura,オーデマ・ピゲ AUDEMARS PIGUET ロイヤルオーク 15500ST.00.1220ST.02 グレー ステンレススチール 自動巻き メンズ 腕時計,https://ec.wb-ookura.com/products/2300046208254,https://www.chrono24.com/audemarspiguet/audemars-piguet-royal-oak--id47373925.htm
0.6,"US_DEALER, not a hand carry",336933,non-JP,21900,20000,22042,"mark, NO VENUE",22042,VERIFIED,,,FULL_SET,okura,ロレックス ROLEX スカイドゥエラー 336933 ゴールド ゴールド/ステンレススチール 自動巻き メンズ 腕時計,https://ec.wb-ookura.com/products/2343470015746,
0.6,"US_DEALER, not a hand carry",15450ST.OO.1256.ST.02,non-JP,44506,40645,44786,Chrono24,36828,DERIVED,C24 scrape,8,FULL_SET,okura,オーデマ・ピゲ AUDEMARS PIGUET ロイヤルオーク オートマティック 15450ST.OO.1256.ST.02 シルバー ステンレススチール 自動巻き メンズ 腕時計,https://ec.wb-ookura.com/products/2300045962140,https://www.chrono24.com/audemarspiguet/royal-oak--id41561687.htm
0.6,"US_DEALER, not a hand carry",210.32.42.20.04.001,non-JP,4239,3871,4266,"mark, NO VENUE",4266,VERIFIED,,,FULL_SET,okura,オメガ OMEGA シーマスター ダイバー 300M コーアクシャル マスタークロノメーター 210.32.42.20.04.001 ホワイト ステンレススチール 自動巻き メンズ,https://ec.wb-ookura.com/products/2300045694423,
0.6,"US_DEALER, not a hand carry",126720VTNR,non-JP,17520,16000,17628,Chrono24,14816,DERIVED,C24 scrape,6,FULL_SET,okura,ロレックス ROLEX GMTマスター2 126720VTNR ブラック ステンレススチール 自動巻き メンズ 腕時計,https://ec.wb-ookura.com/products/2300045285263,https://www.chrono24.com/rolex/rolex-gmt-master-ii-sprite-126720vtnr--id47697234.htm
0.6,"US_DEALER, not a hand carry",126720VTNR,non-JP,17520,16000,17628,Chrono24,14816,DERIVED,C24 scrape,6,FULL_SET,okura,ロレックス ROLEX GMTマスター2 126720VTNR ブラック ステンレススチール 自動巻き メンズ 腕時計,https://ec.wb-ookura.com/products/2300045573391,https://www.chrono24.com/rolex/rolex-gmt-master-ii-sprite-126720vtnr--id47697234.htm
0.6,"US_DEALER, not a hand carry",126519LN,non-JP,51571,47097,51876,Chrono24,43326,DERIVED,C24 scrape,3,FULL_SET,okura,ロレックス ROLEX デイトナ 126519LN ブラック/スチール ホワイトゴールド 自動巻き メンズ 腕時計,https://ec.wb-ookura.com/products/2300045271785,https://www.chrono24.com/rolex/rolex-2024-daytona-baby-le-mans-40mm-126519ln-white-gold-black-dial--id47596501.htm
0.6,"US_DEALER, not a hand carry",126334,non-JP,13140,12000,13222,Chrono24,14527,VERIFIED,C24 scrape,48,FULL_SET,okura,ロレックス ROLEX デイトジャスト41 126334 シルバー ステンレススチール 自動巻き メンズ 腕時計,https://ec.wb-ookura.com/products/2300046088870,https://www.chrono24.com/rolex/rolex-126334-datejust-41-silver-index-dial-on-oyster-2021--id46657048.htm
0.6,"US_DEALER, not a hand carry",WSTA0065,non-JP,3744,3419,3767,US AD new,3242,VERIFIED,C24 research,,FULL_SET,okura,カルティエ Cartier タンク フランセーズ SM WSTA0065 シルバー ステンレススチール クオーツ レディース 腕時計,https://ec.wb-ookura.com/products/2300046230026,
0.6,"US_DEALER, not a hand carry",124273,non-JP,12895,11776,12976,Chrono24 US,10510,VERIFIED,C24 research,15,UNKNOWN,satindoll,エクスプローラー36,https://www.satindollweb.com/products/detail/11592,
0.5,"US_DEALER, not a hand carry",126610LV,non-JP,16107,14710,16195,Chrono24,14441,VERIFIED,C24 scrape,16,FULL_SET,okura,ロレックス ROLEX サブマリーナ ブラック 126610LV メンズ 腕時計,https://ec.wb-ookura.com/products/2300046203846,https://www.chrono24.com/rolex/submariner-date--id47784856.htm
0.4,"US_DEALER, not a hand carry",79000B,non-JP,4900,4475,4922,Chrono24,3888,VERIFIED,C24 scrape,7,UNKNOWN,exquisite,TUDOR Black Bay 54 M79000B-0002,https://www.exquisitetimepieces.com/products/tudor-black-bay-54-m79000b-0002,https://www.chrono24.com/tudor/black-bay-unworn-2026-blueblue-3-links-m79000b-0001--id47702303.htm
0.4,"US_DEALER, not a hand carry",218206,non-JP,50511,46129,50692,"mark, NO VENUE",50692,VERIFIED,,,FULL_SET,okura,ロレックス ROLEX デイデイト アイスブルー 218206 アイスブルー pt 自動巻き メンズ 腕時計,https://ec.wb-ookura.com/products/2300044691720,
0.4,"US_DEALER, not a hand carry",16600,non-JP,10032,9161,10073,Chrono24,9019,VERIFIED,C24 scrape,2,FULL_SET,okura,ロレックス ROLEX シードゥエラー 16600 ブラック ステンレススチール 自動巻き メンズ 腕時計,https://ec.wb-ookura.com/products/2351050002178,https://www.chrono24.com/rolex/sea-dweller--id47263835.htm
0.3,"US_DEALER, not a hand carry",326.30.40.50.01.001,non-JP,3603,3290,3614,Chrono24 US,3265,VERIFIED,C24 research PARTIAL,6,FULL_SET,okura,オメガ OMEGA スピードマスター レーシングコーアクシャル クロノメーター クロノグラフ 326.30.40.50.01.001 ブラック ステンレススチール 自動巻き メンズ,https://ec.wb-ookura.com/products/2300045849823,
0.3,"US_DEALER, not a hand carry",326.30.40.50.01.001,non-JP,3603,3290,3614,Chrono24 US,3265,VERIFIED,C24 research PARTIAL,6,FULL_SET,okura,オメガ OMEGA スピードマスター レーシング コーアクシャル クロノメーター クロノグラフ 326.30.40.50.01.001 ブラック ステンレススチール 自動巻き メン,https://ec.wb-ookura.com/products/2300045849502,
0.3,"US_DEALER, not a hand carry",326.30.40.50.01.001,non-JP,3603,3290,3614,Chrono24 US,3265,VERIFIED,C24 research PARTIAL,6,FULL_SET,okura,オメガ OMEGA スピードマスター レーシングコーアクシャル クロノメーター クロノグラフ 326.30.40.50.01.001 ブラック ステンレススチール 自動巻き メンズ,https://ec.wb-ookura.com/products/2300045711847,
0.3,"US_DEALER, not a hand carry",116600,non-JP,13069,11935,13109,"mark, NO VENUE",13109,VERIFIED,,,FULL_SET,okura,ロレックス ROLEX シードゥエラー 116600 ブラック ステンレススチール 自動巻き メンズ 腕時計,https://ec.wb-ookura.com/products/2300045270610,
0.3,"US_DEALER, not a hand carry",SBGP011,non-JP,2614,2387,2623,US grey,1790,VERIFIED,C24 research PARTIAL,5,FULL_SET,okura,グランドセイコー Grand Seiko ヘリテージコレクション 9Fクォーツ SBGP011(9F85-0AC0) ブラック ステンレススチール クオーツ メンズ 腕時計,https://ec.wb-ookura.com/products/2300045983442,
0.3,"US_DEALER, not a hand carry",326.30.40.50.01.001,non-JP,3603,3290,3614,Chrono24 US,3265,VERIFIED,C24 research PARTIAL,6,FULL_SET,okura,オメガ OMEGA スピードマスター レーシングコーアクシャル クロノメーター クロノグラフ 326.30.40.50.01.001 ブラック ステンレススチール 自動巻き メンズ,https://ec.wb-ookura.com/products/2300046157279,
0.3,"US_DEALER, not a hand carry *PAPERS",126610LV,non-JP,16154,14753,16195,Chrono24,14441,VERIFIED,C24 scrape,16,BODY_ONLY,satindoll,サブマリーナー デイト,https://www.satindollweb.com/products/detail/11593,https://www.chrono24.com/rolex/submariner-date--id47784856.htm
0.2,"US_DEALER, not a hand carry",79930,non-JP,3179,2903,3185,"mark, NO VENUE",3185,VERIFIED,,,FULL_SET,okura,チューダー/チュードル TUDOR レンジャー 79930 ブラック ステンレススチール 自動巻き メンズ 腕時計,https://ec.wb-ookura.com/products/2300045983497,
0.1,"US_DEALER, not a hand carry",52509,non-JP,20975,19155,21000,eBay SOLD,23157,VERIFIED,VERIFIED,,FULL_SET,okura,ロレックス ROLEX 1908 52509 ホワイト K18WG 自動巻き メンズ 腕時計,https://ec.wb-ookura.com/products/2342290050159,
-0.0,"US_DEALER, not a hand carry",16610,non-JP,10950,10000,10949,Chrono24,9276,VERIFIED,C24 scrape,12,FULL_SET,okura,ロレックス ROLEX サブマリーナ 16610 ブラック ステンレススチール 自動巻き メンズ 腕時計,https://ec.wb-ookura.com/products/2300045903457,https://www.chrono24.com/rolex/submariner-date--id47263096.htm
-0.0,"US_DEALER, not a hand carry",311.10.39.30.01.001,non-JP,6994,6387,6991,"mark, NO VENUE",6991,VERIFIED,,,FULL_SET,okura,オメガ OMEGA スピードマスター マスタークロノメーター 1957 トリロジー 311.10.39.30.01.001 ブラック SS 手巻き メンズ 腕時計,https://ec.wb-ookura.com/products/2300044554483,
-0.0,"US_DEALER, not a hand carry",217.30.42.21.01.002,non-JP,8759,7999,8755,Chrono24,8556,DERIVED,C24 scrape,16,FULL_SET,topper,Pre-Owned Omega Seamaster Planet Ocean 42mm 217.30.42.21.01.002,https://www.topperjewelers.com/products/pre-owned-omega-21191,https://www.chrono24.com/omega/omega-seamaster-planet-ocean-600m--id47559909.htm
-0.0,"US_DEALER, not a hand carry",16610,non-JP,10950,10000,10949,Chrono24,9276,VERIFIED,C24 scrape,12,FULL_SET,okura,ロレックス ROLEX サブマリーナ 16610 ブラック ステンレススチール 自動巻き メンズ 腕時計,https://ec.wb-ookura.com/products/2300045712158,https://www.chrono24.com/rolex/submariner-date--id47263096.htm
0.0,"US_DEALER, not a hand carry",SBGA465,non-JP,5036,4599,5037,Chrono24,4001,VERIFIED,C24 scrape,10,FULL_SET,topper,Pre-Owned Grand Seiko Heritage Spring Drive 'Morning Frost' SBGA465,https://www.topperjewelers.com/products/pre-owned-grand-seiko-22585,https://www.chrono24.com/grandseiko/grand-seiko-morning-frost--spring-drive-elegance--id47283405.htm
-0.1,"US_DEALER, not a hand carry",126331,non-JP,17642,16111,17628,Chrono24,17111,VERIFIED,C24 scrape,9,UNKNOWN,satindoll,デイトジャスト41,https://www.satindollweb.com/products/detail/11558,https://www.chrono24.com/rolex/rolex-cpo-datejust-126331-41mm-everose-chocolate-dial--id47697277.htm
-0.1,"US_DEALER, not a hand carry",14060,non-JP,9537,8710,9525,Chrono24 US,9525,VERIFIED,C24 research VARIANT RISK,20,FULL_SET,okura,ロレックス ROLEX サブマリーナノンデイト 14060 ブラック ステンレススチール 自動巻き メンズ 腕時計,https://ec.wb-ookura.com/products/2300046229785,
-0.2,"US_DEALER, not a hand carry",226570,non-JP,12716,11613,12695,Chrono24,10932,VERIFIED,C24 scrape n=1 THIN,1,FULL_SET,okura,ロレックス ROLEX エクスプローラー2 226570 ホワイト ステンレススチール 自動巻き メンズ 腕時計,https://ec.wb-ookura.com/products/2300046088979,https://www.chrono24.com/rolex/like-new-2022-explorer-ii-black-dial-226570--id47663583.htm
-0.2,"US_DEALER, not a hand carry",126331,non-JP,17661,16129,17628,Chrono24,17111,VERIFIED,C24 scrape,9,FULL_SET,okura,ロレックス ROLEX デイトジャスト 41 126331 サンダスト ピンクゴールド/ステンレススチール 自動巻き メンズ 腕時計,https://ec.wb-ookura.com/products/2341950025445,https://www.chrono24.com/rolex/rolex-cpo-datejust-126331-41mm-everose-chocolate-dial--id47697277.htm
-0.2,"US_DEALER, not a hand carry",126710BLNR,non-JP,18933,17290,18889,Chrono24,17118,VERIFIED,C24 scrape,28,FULL_SET,okura,ロレックス ROLEX GMTマスター2 126719BLNR ブラック ステンレススチール 自動巻き メンズ 腕時計,https://ec.wb-ookura.com/products/2300045737267,https://www.chrono24.com/rolex/gmt-master-ii-batman-126710blnr-full-kit--id38713650.htm
-0.2,"US_DEALER, not a hand carry",126720VTNR,non-JP,17661,16129,17628,Chrono24,14816,DERIVED,C24 scrape,6,FULL_SET,okura,ロレックス ROLEX GMTマスター2 126720VTNR ブラック ステンレススチール 自動巻き メンズ 腕時計,https://ec.wb-ookura.com/products/2300045285270,https://www.chrono24.com/rolex/rolex-gmt-master-ii-sprite-126720vtnr--id47697234.htm
-0.2,"US_DEALER, not a hand carry",126331,non-JP,17661,16129,17628,Chrono24,17111,VERIFIED,C24 scrape,9,FULL_SET,okura,ロレックス ROLEX デイトジャスト41 126331 スレート ピンクゴールド/ステンレススチール 自動巻き メンズ 腕時計,https://ec.wb-ookura.com/products/2300046194434,https://www.chrono24.com/rolex/rolex-cpo-datejust-126331-41mm-everose-chocolate-dial--id47697277.htm
-0.2,"US_DEALER, not a hand carry",323.30.40.40.06.001,non-JP,3108,2839,3102,"mark, NO VENUE",3102,VERIFIED,,,FULL_SET,okura,オメガ OMEGA スピードマスター デイデイト クロノメーター クロノグラフ 323.30.40.40.06.001 グレー ステンレススチール 自動巻き メンズ 腕時計,https://ec.wb-ookura.com/products/2300046203198,
-0.3,"US_DEALER, not a hand carry",126610LV,non-JP,16248,14839,16195,Chrono24,14441,VERIFIED,C24 scrape,16,FULL_SET,okura,ロレックス ROLEX サブマリーナ 126610LV ブラック ステンレススチール 自動巻き メンズ 腕時計,https://ec.wb-ookura.com/products/2300046096912,https://www.chrono24.com/rolex/submariner-date--id47784856.htm
-0.3,"US_DEALER, not a hand carry",126610LV,non-JP,16248,14839,16195,Chrono24,14441,VERIFIED,C24 scrape,16,FULL_SET,okura,ロレックス ROLEX サブマリーナ 126610LV ブラック ステンレススチール 自動巻き メンズ 腕時計,https://ec.wb-ookura.com/products/2300046202887,https://www.chrono24.com/rolex/submariner-date--id47784856.htm
-0.3,"US_DEALER, not a hand carry",126610LV,non-JP,16248,14839,16195,Chrono24,14441,VERIFIED,C24 scrape,16,FULL_SET,okura,ロレックス ROLEX サブマリーナ 126610LV ブラック ステンレススチール 自動巻き メンズ 腕時計,https://ec.wb-ookura.com/products/2300046194441,https://www.chrono24.com/rolex/submariner-date--id47784856.htm
-0.3,"US_DEALER, not a hand carry",126610LV,non-JP,16248,14839,16195,Chrono24,14441,VERIFIED,C24 scrape,16,FULL_SET,okura,ロレックス ROLEX サブマリーナ 126610LV ブラック ステンレススチール 自動巻き メンズ 腕時計,https://ec.wb-ookura.com/products/2300046156562,https://www.chrono24.com/rolex/submariner-date--id47784856.htm
-0.4,"US_DEALER, not a hand carry",SBGC251,non-JP,7556,6900,7526,"mark, NO VENUE",7526,VERIFIED,,,FULL_SET,exquisite,Grand Seiko SBGC251,https://www.exquisitetimepieces.com/products/grand-seiko-sbgc251-ns21000931724,
-0.4,"US_DEALER, not a hand carry",126710BLRO,non-JP,26492,24194,26388,Chrono24,21868,VERIFIED,C24 scrape,10,FULL_SET,okura,ロレックス ROLEX GMTマスター2 126710BLRO ブラック ステンレススチール 自動巻き メンズ 腕時計,https://ec.wb-ookura.com/products/2300045575616,https://www.chrono24.com/rolex/rolex-gmt-master-ii--id46951141.htm
-0.4,"US_DEALER, not a hand carry",126710BLRO,non-JP,26492,24194,26388,Chrono24,21868,VERIFIED,C24 scrape,10,FULL_SET,okura,ロレックス ROLEX GMTマスター2 126710BLRO ブラック ステンレススチール 自動巻き メンズ 腕時計,https://ec.wb-ookura.com/products/2300045571281,https://www.chrono24.com/rolex/rolex-gmt-master-ii--id46951141.htm
-0.4,"US_DEALER, not a hand carry",126710BLRO,non-JP,26492,24194,26388,Chrono24,21868,VERIFIED,C24 scrape,10,FULL_SET,okura,ロレックス ROLEX GMTマスター2 126710BLRO ブラック ステンレススチール 自動巻き メンズ 腕時計,https://ec.wb-ookura.com/products/2351050000082,https://www.chrono24.com/rolex/rolex-gmt-master-ii--id46951141.htm
-0.4,"US_DEALER, not a hand carry",126710BLRO,non-JP,26492,24194,26388,Chrono24,21868,VERIFIED,C24 scrape,10,FULL_SET,okura,ロレックス ROLEX GMTマスター2 126710BLRO ブラック ステンレススチール 自動巻き メンズ 腕時計,https://ec.wb-ookura.com/products/2339640031838,https://www.chrono24.com/rolex/rolex-gmt-master-ii--id46951141.htm
-0.4,"US_DEALER, not a hand carry",SLGW007,non-JP,7983,7290,7950,"mark, NO VENUE",7950,VERIFIED,,,FULL_SET,okura,グランドセイコー Grand Seiko エボリューション9 コレクション メカニカルハイビート SLGW007(9SA4-00E0) ネイビーブルー(白樺ダイヤル) ステンレスス,https://ec.wb-ookura.com/products/2300045877604,
-0.4,"US_DEALER, not a hand carry",126710BLRO,non-JP,26492,24194,26388,Chrono24,21868,VERIFIED,C24 scrape,10,FULL_SET,okura,ロレックス ROLEX GMTマスター2 126710BLRO ブラック ステンレススチール 自動巻き メンズ 腕時計,https://ec.wb-ookura.com/products/2300045819536,https://www.chrono24.com/rolex/rolex-gmt-master-ii--id46951141.htm
-0.4,"US_DEALER, not a hand carry",124200,non-JP,9890,9032,9855,Chrono24,7906,VERIFIED,C24 scrape n=1 THIN,1,FULL_SET,okura,ロレックス ROLEX オイスターパーペチュアル 34 124200 ピスタチオグリーン ステンレススチール 自動巻き ユニセックス 腕時計,https://ec.wb-ookura.com/products/2300045738349,https://www.chrono24.com/rolex/oyster-perpetual-34--id47561565.htm
-0.4,"US_DEALER, not a hand carry",126710BLRO,non-JP,26492,24194,26388,Chrono24,21868,VERIFIED,C24 scrape,10,FULL_SET,okura,ロレックス ROLEX GMTマスター2 126710BLRO ブラック ステンレススチール 自動巻き メンズ 腕時計,https://ec.wb-ookura.com/products/2339640031906,https://www.chrono24.com/rolex/rolex-gmt-master-ii--id46951141.htm
-0.4,"US_DEALER, not a hand carry",126200,non-JP,9184,8387,9143,Chrono24,9044,VERIFIED,C24 hand read,3,FULL_SET,okura,ロレックス ROLEX デイトジャスト36 126200 ブライトブルー ステンレススチール 自動巻き メンズ 腕時計,https://ec.wb-ookura.com/products/2300045990693,
-0.4,"US_DEALER, not a hand carry",114270,non-JP,8336,7613,8304,Chrono24,6422,VERIFIED,C24 scrape,8,FULL_SET,okura,ロレックス ROLEX エクスプローラー 1 114270 ブラック ステンレススチール 自動巻き メンズ 腕時計,https://ec.wb-ookura.com/products/2351050003748,https://www.chrono24.com/rolex/explorer--id47560875.htm
-0.5,"US_DEALER, not a hand carry",326.30.40.50.01.002,non-JP,3603,3290,3586,"mark, NO VENUE",3586,VERIFIED,,,FULL_SET,okura,オメガ OMEGA スピードマスター レーシングコーアクシャル クロノメーター クロノグラフ 326.30.40.50.01.002 ブラック ステンレススチール 自動巻き メンズ,https://ec.wb-ookura.com/products/2300046140110,
-0.5,"US_DEALER, not a hand carry",326.30.40.50.01.002,non-JP,3603,3290,3586,"mark, NO VENUE",3586,VERIFIED,,,FULL_SET,okura,オメガ OMEGA スピードマスター レーシングコーアクシャル クロノメーター クロノグラフ 326.30.40.50.01.002 ブラック ステンレススチール 自動巻き メンズ,https://ec.wb-ookura.com/products/2300046010536,
-0.5,"US_DEALER, not a hand carry",326.30.40.50.01.002,non-JP,3603,3290,3586,"mark, NO VENUE",3586,VERIFIED,,,FULL_SET,okura,オメガ OMEGA スピードマスター レーシングコーアクシャル クロノメーター クロノグラフ 326.30.40.50.01.002 ブラック ステンレススチール 自動巻き メンズ,https://ec.wb-ookura.com/products/2300045903488,
-0.5,"US_DEALER, not a hand carry",277200,non-JP,9396,8581,9351,Chrono24,8779,VERIFIED,C24 scrape n=1 THIN,1,FULL_SET,okura,ロレックス ROLEX オイスターパーペチュアル31 277200 ピンク ステンレススチール レディース 腕時計,https://ec.wb-ookura.com/products/2300045322050,https://www.chrono24.com/rolex/new-2026-oyster-perpetual-31mm-277200-med-blue-dial--id44496177.htm
-0.5,"US_DEALER, not a hand carry",116713LN,non-JP,15189,13871,15110,Chrono24,13163,VERIFIED,C24 scrape,9,FULL_SET,okura,ロレックス ROLEX GMTマスター2 116713LN ブラック ゴールド/ステンレススチール 自動巻き メンズ 腕時計,https://ec.wb-ookura.com/products/2340100017484,https://www.chrono24.com/rolex/rolex-gmt-master-ii--id47263981.htm
-0.5,SUSPECT_DATA,114270,JP,8348,7624,8304,Chrono24,6422,VERIFIED,C24 scrape,8,PAPERS_ONLY,quark,,https://www.909.co.jp/rolex_used/model/explorer_114270_276150/,https://www.chrono24.com/rolex/explorer--id47560875.htm
-0.7,"US_DEALER, not a hand carry",126000,non-JP,12592,11500,12510,Chrono24,9396,VERIFIED,C24 scrape,8,FULL_SET,craftandtailored,2023 Rolex Oyster-Perpetual 36 (Ref. 126000) Pink Dial W/ Full Set,https://www.craftandtailored.com/products/2023-rolex-oyster-perpetual-36-ref-126000-pink-dial-w-full-set,https://www.chrono24.com/rolex/rolex-unworn-126000-oyster-perpetual-36mm-med-blue-index-dial-oyster-bracelet-stainless-steel--id44319787.htm
-0.7,"US_DEALER, not a hand carry",WSPA0026,non-JP,4451,4065,4420,"mark, NO VENUE",4420,VERIFIED,,,FULL_SET,okura,カルティエ Cartier パシャ ドゥ カルティエ 41mm WSPA0026 グレー ステンレススチール 自動巻き メンズ 腕時計,https://ec.wb-ookura.com/products/2300046194335,
-0.8,"US_DEALER, not a hand carry",SBGA211,non-JP,7556,6900,7495,Chrono24,4611,VERIFIED,C24 scrape,9,UNKNOWN,topper,"Grand Seiko ""Snowflake"" Spring Drive Titanium SBGA211",https://www.topperjewelers.com/products/grand-seiko-snowflake-spring-drive-titanium-sbga211-1,https://www.chrono24.com/grandseiko/new-2026-snowflake-sbga211-spring-drive-titanium--id18300389.htm
-0.9,"US_DEALER, not a hand carry",16710,non-JP,12575,11484,12465,Chrono24,13051,VERIFIED,C24 hand read n=1 THIN,1,FULL_SET,okura,ロレックス ROLEX GMTマスター2 16710 ブラック ステンレススチール 自動巻き メンズ 腕時計,https://ec.wb-ookura.com/products/2341950023175,
-0.9,"US_DEALER, not a hand carry",126711CHNR,non-JP,22041,20129,21844,Chrono24,18534,VERIFIED,C24 scrape,2,FULL_SET,okura,ロレックス ROLEX GMTマスター2 126711CHNR ブラック ステンレススチール/ピンクゴールド 自動巻き メンズ 腕時計,https://ec.wb-ookura.com/products/2341950018973,https://www.chrono24.com/rolex/gmt-master-ii--id47263073.htm
-0.9,SUSPECT_DATA,124270,JP,9440,8621,9360,Chrono24 US,7956,VERIFIED,C24 research,,FULL_SET,quark,,https://www.909.co.jp/rolex_used/model/explorer_124270_277783/,
-1.0,"US_DEALER, not a hand carry",116713LN,non-JP,15259,13935,15110,Chrono24,13163,VERIFIED,C24 scrape,9,FULL_SET,okura,ロレックス ROLEX GMTマスター2 116713LN ブラック ゴールド/ステンレススチール 自動巻き メンズ 腕時計,https://ec.wb-ookura.com/products/2300045961099,https://www.chrono24.com/rolex/rolex-gmt-master-ii--id47263981.htm
-1.0,"US_DEALER, not a hand carry",126610LN,non-JP,15259,13935,15111,Chrono24,12276,DERIVED,C24 scrape,2,FULL_SET,okura,ロレックス ROLEX サブマリーナ 126610LN ブラック ステンレススチール 自動巻き メンズ 腕時計,https://ec.wb-ookura.com/products/2300045658876,https://www.chrono24.com/rolex/submariner-date--id47559691.htm
-1.0,"US_DEALER, not a hand carry",126710BLNR,non-JP,19074,17419,18889,Chrono24,17118,VERIFIED,C24 scrape,28,FULL_SET,okura,ロレックス ROLEX GMTマスター2 126710BLNR ブラック ステンレススチール 自動巻き メンズ 腕時計,https://ec.wb-ookura.com/products/2300045516145,https://www.chrono24.com/rolex/gmt-master-ii-batman-126710blnr-full-kit--id38713650.htm
-1.0,"US_DEALER, not a hand carry",126680,non-JP,28965,26452,28683,"mark, NO VENUE",28683,VERIFIED,,,FULL_SET,okura,ロレックス ROLEX ヨットマスター2 126680 ホワイト ステンレススチール 自動巻き メンズ 腕時計,https://ec.wb-ookura.com/products/2300046156548,
-1.0,"US_DEALER, not a hand carry",126710BLNR,non-JP,19074,17419,18889,Chrono24,17118,VERIFIED,C24 scrape,28,FULL_SET,okura,ロレックス ROLEX GMTマスター2 126710BLNR ブラック ステンレススチール 自動巻き メンズ 腕時計,https://ec.wb-ookura.com/products/2300046206847,https://www.chrono24.com/rolex/gmt-master-ii-batman-126710blnr-full-kit--id38713650.htm
-1.1,"US_DEALER, not a hand carry",79600,non-JP,3038,2774,3006,"mark, NO VENUE",3006,VERIFIED,,,FULL_SET,okura,チューダー/チュードル TUDOR ブラックベイ31 79600 ライトシャンパン ステンレススチール 自動巻き メンズ 腕時計,https://ec.wb-ookura.com/products/2300045479501,
-1.1,"US_DEALER, not a hand carry",114200,non-JP,6146,5613,6081,Chrono24 US,5696,VERIFIED,C24 research VARIANT RISK,20,FULL_SET,okura,ロレックス ROLEX エアキング 114200 ホワイト ステンレススチール 自動巻き ユニセックス 腕時計,https://ec.wb-ookura.com/products/2341950018621,
-1.1,"US_DEALER, not a hand carry",SBGH341,non-JP,6117,5587,6053,"mark, NO VENUE",6053,VERIFIED,,,UNKNOWN,ippo,GRAND SEIKO SBGH341 Automatic Movement 9S85 Caliber Stainless Steel Case Sapphire Crystal ,https://www.ippojapanwatch.com/products/grand-seiko-sbgh341-automatic-movement-9s85-caliber-stainless-steel-case-sapphire-crystal-limited-edition,
-1.1,"US_DEALER, not a hand carry",126619LB,non-JP,40974,37419,40515,Chrono24,33933,VERIFIED,C24 scrape,2,FULL_SET,okura,ロレックス ROLEX サブマリーナ 126619LB ブラック ステンレススチール 自動巻き メンズ 腕時計,https://ec.wb-ookura.com/products/2340980057792,https://www.chrono24.com/rolex/rolex-submariner-date-41--id47739099.htm
-1.1,"US_DEALER, not a hand carry *PAPERS",216570,non-JP,11053,10094,10934,Chrono24,8861,VERIFIED,C24 scrape n=1 THIN,1,BODY_ONLY,satindoll,エクスプローラーII,https://www.satindollweb.com/products/detail/11608,https://www.chrono24.com/rolex/rolex-explorer-ii--id47754190.htm
-1.1,"US_DEALER, not a hand carry",116200,non-JP,7771,7097,7687,Chrono24 US,6952,VERIFIED,C24 research,,FULL_SET,okura,ロレックス ROLEX デイトジャスト 36 116200 シルバー ステンレススチール 自動巻き メンズ 腕時計,https://ec.wb-ookura.com/products/2351050003793,
-1.2,"US_DEALER, not a hand carry",210.92.44.20.01.003,non-JP,6570,6000,6494,"mark, NO VENUE",6494,VERIFIED,,,FULL_SET,okura,オメガ OMEGA シーマスター ダイバー300M コーアクシャル マスタークロノメーター 210.92.44.20.01.003 ブラック セラミック 自動巻き メンズ 腕時計,https://ec.wb-ookura.com/products/2300045728340,
-1.2,"US_DEALER, not a hand carry",126518LN,non-JP,57929,52903,57241,Chrono24,59042,DERIVED,C24 scrape,20,FULL_SET,okura,ロレックス ROLEX デイトナ 126518LN シャンパンゴールド ゴールド 自動巻き メンズ 腕時計,https://ec.wb-ookura.com/products/2340640059265,https://www.chrono24.com/rolex/rolex-2025-daytona-40mm-126518ln-yellow-gold-oysterflex-champagne-dial--id47596590.htm
-1.3,"US_DEALER, not a hand carry",332.10.41.51.01.001,non-JP,8649,7899,8536,Chrono24,6111,VERIFIED,C24 scrape,2,FULL_SET,topper,Pre-Owned Omega Speedmaster '57 332.10.41.51.01.001,https://www.topperjewelers.com/products/pre-owned-omega-21985,https://www.chrono24.com/omega/speedmaster-57-co-axial-chronograph----black-dial--id46329783.htm
-1.3,"US_DEALER, not a hand carry",116515LN,non-JP,38855,35484,38357,Chrono24,34800,DERIVED,C24 scrape,17,FULL_SET,okura,ロレックス ROLEX デイトナ 116515LN チョコ ピンクゴールド メンズ 腕時計,https://ec.wb-ookura.com/products/2300045157805,https://www.chrono24.com/rolex/daytona-116515ln-choco-arabic-brown-arabic-dial-rose-gold-leather-strap-40mm-2013--id47579182.htm
-1.3,"US_DEALER, not a hand carry",126203,non-JP,12200,11142,12045,Chrono24 US,12560,VERIFIED,C24 research PARTIAL,15,FULL_SET,okura,ロレックス ROLEX デイトジャスト36 パームモチーフ 126203 ゴールド/パームモチーフ K18/SS 自動巻き メンズ 腕時計,https://ec.wb-ookura.com/products/2300044720222,
-1.3,"US_DEALER, not a hand carry",SBGJ275,non-JP,8650,7900,8541,Chrono24,5730,VERIFIED,C24 scrape n=1 THIN,1,FULL_SET,exquisite,Grand Seiko SBGJ275 Sport GMT Limited Edition,https://www.exquisitetimepieces.com/products/grand-seiko-sbgj275-sport-gmt-limited-edition-ns21000933131,https://www.chrono24.com/grandseiko/sea-of-clouds-gmt--sports-collection--id45255367.htm
-1.3,"US_DEALER, not a hand carry",279171,non-JP,14977,13677,14781,Chrono24,14475,VERIFIED,C24 only,,FULL_SET,okura,ロレックス ROLEX デイトジャスト28 チョコ 279171 チョコ ピンクゴールド/ステンレススチール 自動巻き レディース 腕時計,https://ec.wb-ookura.com/products/2300046266087,
-1.4,"US_DEALER, not a hand carry",SBGX355,non-JP,3532,3226,3484,Chrono24 US,3100,VERIFIED,C24 research,,FULL_SET,okura,グランドセイコー Grand Seiko ヘリテージコレクション SBGX355(9F62-0AR0) ホワイト(雪白ダイヤル) チタン クオーツ メンズ 腕時計,https://ec.wb-ookura.com/products/2300045502872,
-1.4,"US_DEALER, not a hand carry",SBGX355,non-JP,3532,3226,3484,Chrono24 US,3100,VERIFIED,C24 research,,FULL_SET,okura,グランドセイコー Grand Seiko ヘリテージコレクション 9Fクオーツ SBGX355(9F62-0AR0) ホワイト チタン クオーツ メンズ 腕時計,https://ec.wb-ookura.com/products/2300045537454,
-1.4,"US_DEALER, not a hand carry",69173,non-JP,7771,7097,7660,Chrono24,4896,DERIVED,C24 scrape n=1 THIN,1,FULL_SET,okura,ロレックス ROLEX デイトジャスト ボイラーゲージ 69173 アイボリー ゴールド/ステンレススチール 自動巻き レディース 腕時計,https://ec.wb-ookura.com/products/2300045900371,https://www.chrono24.com/rolex/lady-datejust--id47195863.htm
-1.7,"US_DEALER, not a hand carry",SPB289,non-JP,958,875,942,Chrono24,814,DERIVED,C24 scrape n=1 THIN,1,UNKNOWN,exquisite,Seiko Prospex Mystic Forest Alpinist SPB289,https://www.exquisitetimepieces.com/products/seiko-prospex-spb289,https://www.chrono24.com/seiko/seiko-prospex-alpinist-mystic-forest-special-edition-spb289--id44025760.htm
-1.7,"US_DEALER, not a hand carry",16600,non-JP,10244,9355,10073,Chrono24,9019,VERIFIED,C24 scrape,2,FULL_SET,okura,ロレックス ROLEX シードゥエラー 16600 ブラック ステンレススチール 自動巻き メンズ 腕時計,https://ec.wb-ookura.com/products/2300046230217,https://www.chrono24.com/rolex/sea-dweller--id47263835.htm
-1.8,"US_DEALER, not a hand carry",116622,non-JP,12363,11290,12143,"mark, NO VENUE",12143,VERIFIED,,,FULL_SET,okura,ロレックス ROLEX ヨットマスター40 116622 ブルー プラチナ/ステンレススチール 自動巻き メンズ 腕時計,https://ec.wb-ookura.com/products/2300045983817,
-1.9,"US_DEALER, not a hand carry",217.30.42.21.01.003,non-JP,9088,8300,8919,Chrono24,8835,DERIVED,C24 scrape,8,FULL_SET,exquisite,Omega Seamaster Planet Ocean 600M 217.30.42.21.01.003,https://www.exquisitetimepieces.com/products/omega-seamaster-planet-ocean-600m-21730422101003-ns21000936688,https://www.chrono24.com/omega/omega-new-2026-seamaster-planet-ocean-600m-42mm-orange-bezel-21730422101003--id47561117.htm
-1.9,"US_DEALER, not a hand carry",126711CHNR,non-JP,22253,20323,21844,Chrono24,18534,VERIFIED,C24 scrape,2,FULL_SET,okura,ロレックス ROLEX GMTマスター2 126711CHNR ブラック ピンクゴールド/ステンレススチール 自動巻き メンズ 腕時計,https://ec.wb-ookura.com/products/2300045503213,https://www.chrono24.com/rolex/gmt-master-ii--id47263073.htm
-2.0,"US_DEALER, not a hand carry",16710,non-JP,12716,11613,12465,Chrono24,13051,VERIFIED,C24 hand read n=1 THIN,1,FULL_SET,okura,ロレックス ROLEX GMTマスター2 16710 ブラック ステンレススチール 自動巻き メンズ 腕時計,https://ec.wb-ookura.com/products/2300045661418,
-2.0,"US_DEALER, not a hand carry *PAPERS",126600,non-JP,14241,13006,13961,Chrono24,11850,VERIFIED,C24 scrape n=1 THIN,1,BODY_ONLY,satindoll,シードゥエラー,https://www.satindollweb.com/products/detail/11530,https://www.chrono24.com/rolex/seadweller-126600-red--id43448466.htm
-2.0,"US_DEALER, not a hand carry",16710,non-JP,12716,11613,12465,Chrono24,13051,VERIFIED,C24 hand read n=1 THIN,1,FULL_SET,okura,ロレックス ROLEX GMTマスター2 16710 ブラック ステンレススチール 自動巻き メンズ 腕時計,https://ec.wb-ookura.com/products/2351050002192,
-2.1,"US_DEALER, not a hand carry",79640,non-JP,5174,4725,5070,Chrono24,3089,VERIFIED,C24 scrape n=1 THIN,1,UNKNOWN,exquisite,TUDOR Black Bay 36 M79640-0001,https://www.exquisitetimepieces.com/products/tudor-black-bay-36-m79640-0001,https://www.chrono24.com/tudor/tudor-black-bay-black-diamonds-anthracite-dial--id45635547.htm
-2.1,"US_DEALER, not a hand carry",79640,non-JP,5174,4725,5070,Chrono24,3089,VERIFIED,C24 scrape n=1 THIN,1,UNKNOWN,exquisite,TUDOR Black Bay 36 M79640-0003,https://www.exquisitetimepieces.com/products/tudor-black-bay-36-m79640-0003,https://www.chrono24.com/tudor/tudor-black-bay-black-diamonds-anthracite-dial--id45635547.htm
-2.1,"US_DEALER, not a hand carry",79640,non-JP,5174,4725,5070,Chrono24,3089,VERIFIED,C24 scrape n=1 THIN,1,UNKNOWN,exquisite,TUDOR Black Bay 36 M79640-0002,https://www.exquisitetimepieces.com/products/tudor-black-bay-36-m79640-0002,https://www.chrono24.com/tudor/tudor-black-bay-black-diamonds-anthracite-dial--id45635547.htm
-2.2,"US_DEALER, not a hand carry",SBGA413,non-JP,7884,7200,7714,Chrono24,5623,VERIFIED,C24 scrape,10,UNKNOWN,topper,"Grand Seiko Four Seasons ""Spring"" SBGA413",https://www.topperjewelers.com/products/grand-seiko-four-seasons-spring-sbga413,https://www.chrono24.com/grandseiko/new-2026-sbga413-shunbun-spring-blossom--id36416774.htm
-2.2,"US_DEALER, not a hand carry *PAPERS",16613,non-JP,14643,13372,14327,Chrono24,10670,VERIFIED,C24 scrape,2,BOX_ONLY,firekids,ロレックス サブマリーナーデイトコンビ 1991年製 Ref.16613 X番 オールトリチウム 箱、ギャラ付,https://firekids.jp/products/detail/15734,https://www.chrono24.com/rolex/submariner-date--id47738939.htm
-2.3,"US_DEALER, not a hand carry",329.30.44.51.01.001,non-JP,6146,5613,6007,"mark, NO VENUE",6007,VERIFIED,,,FULL_SET,okura,オメガ OMEGA スピードマスターレーシング コーアクシャル マスタークロノメーター 329.30.44.51.01.001 ブラック ステンレススチール 自動巻き メンズ 腕時,https://ec.wb-ookura.com/products/2300046266551,
-2.3,"US_DEALER, not a hand carry",16570,non-JP,8336,7613,8151,Chrono24,8104,VERIFIED,C24 scrape,4,FULL_SET,okura,ロレックス ROLEX エクスプローラー2 16570 ホワイト ステンレススチール 自動巻き メンズ 腕時計,https://ec.wb-ookura.com/products/2351050003854,https://www.chrono24.com/rolex/explorer-ii--id47838616.htm
-2.4,"US_DEALER, not a hand carry",16600,non-JP,10314,9419,10073,Chrono24,9019,VERIFIED,C24 scrape,2,FULL_SET,okura,ロレックス ROLEX シードゥエラー 16600 ブラック ステンレススチール 自動巻き メンズ 腕時計,https://ec.wb-ookura.com/products/2300045961174,https://www.chrono24.com/rolex/sea-dweller--id47263835.htm
-2.5,"US_DEALER, not a hand carry",WSTA0041,non-JP,3391,3097,3307,Chrono24 US,3078,VERIFIED,C24 research,13,FULL_SET,okura,カルティエ Cartier タンクマスト LM WSTA0041 シルバー ステンレススチール クオーツ メンズ 腕時計,https://ec.wb-ookura.com/products/2351050000624,
-2.5,"US_DEALER, not a hand carry",WSTA0041,non-JP,3391,3097,3307,Chrono24 US,3078,VERIFIED,C24 research,13,FULL_SET,okura,カルティエ Cartier タンク マスト LM WSTA0041 シルバー ステンレススチール クオーツ メンズ 腕時計,https://ec.wb-ookura.com/products/2300045983824,
-2.6,SUSPECT_DATA,228235,JP,51663,47181,50370,Chrono24,52047,VERIFIED,C24 hand read,5,UNKNOWN|AA_LIKE_NEW,kamekichi,,https://www.kame-kichi.com/items/42867,
-2.6,"US_DEALER, not a hand carry",79210CNU,non-JP,3179,2903,3099,eBay SOLD,3293,VERIFIED,C24 research,19,FULL_SET,okura,チューダー/チュードル TUDOR ヘリテージ ブラックベイ セラミック 79210CNU ブラック セラミック 自動巻き メンズ 腕時計,https://ec.wb-ookura.com/products/2300045768834,
-2.6,"US_DEALER, not a hand carry",79210CNU,non-JP,3179,2903,3099,eBay SOLD,3293,VERIFIED,C24 research,19,FULL_SET,okura,チューダー/チュードル TUDOR ヘリテージ ブラックベイ セラミック 79210CNU ブラック セラミック 自動巻き メンズ 腕時計,https://ec.wb-ookura.com/products/2300046157484,
-2.7,"US_DEALER, not a hand carry",126201,non-JP,15330,14000,14926,"mark, NO VENUE",14926,VERIFIED,,,FULL_SET,exquisite,Rolex M126201-0016 Datejust 36,https://www.exquisitetimepieces.com/products/rolex-m126201-0016-datejust-36-ns21000935239,
-2.7,"US_DEALER, not a hand carry",210.32.42.20.04.001,non-JP,4380,4000,4266,"mark, NO VENUE",4266,VERIFIED,,,FULL_SET,okura,オメガ OMEGA シーマスター ダイバー 300M コーアクシャル マスタークロノメーター 210.32.42.20.04.001 ホワイト ステンレススチール 自動巻き メンズ,https://ec.wb-ookura.com/products/2300045826282,
-2.8,"US_DEALER, not a hand carry",126200,non-JP,9396,8581,9143,Chrono24,9044,VERIFIED,C24 hand read,3,FULL_SET,okura,ロレックス ROLEX デイトジャスト36 ブライトブルー 126200 ブライトブルー ステンレススチール 自動巻き メンズ 腕時計,https://ec.wb-ookura.com/products/2300046000278,
-2.8,"US_DEALER, not a hand carry",336934,non-JP,25997,23742,25288,Chrono24,23587,VERIFIED,C24 scrape,35,FULL_SET,okura,ロレックス ROLEX スカイドゥエラー 336934 ブルー ホワイトゴールド/ステンレススチール 自動巻き メンズ 腕時計,https://ec.wb-ookura.com/products/2300045694348,https://www.chrono24.com/rolex/like-new-2025-sky-dweller-steel-jubilee-black-dial-336934--id47597729.htm
-2.8,"US_DEALER, not a hand carry",126610LV,non-JP,16650,15205,16195,Chrono24,14441,VERIFIED,C24 scrape,16,UNKNOWN,satindoll,サブマリーナー デイト,https://www.satindollweb.com/products/detail/11541,https://www.chrono24.com/rolex/submariner-date--id47784856.htm
-2.9,"US_DEALER, not a hand carry",SPB503,non-JP,1090,995,1059,Chrono24,925,DERIVED,C24 scrape n=1 THIN,1,UNKNOWN,exquisite,Seiko Prospex SPB503 Alpinist Mechanical Turquoise Dial,https://www.exquisitetimepieces.com/products/seiko-prospex-spb503-alpinist-turquoise-dial,https://www.chrono24.com/seiko/luxe-prospex-alpinist-modern-divers-mechanical-spb503--id43706186.htm
-2.9,"US_DEALER, not a hand carry",SPB503,non-JP,1090,995,1059,Chrono24,925,DERIVED,C24 scrape n=1 THIN,1,UNKNOWN,topper,Seiko Prospex Alpinist SPB503,https://www.topperjewelers.com/products/seiko-spb503,https://www.chrono24.com/seiko/luxe-prospex-alpinist-modern-divers-mechanical-spb503--id43706186.htm
-2.9,"US_DEALER, not a hand carry",116200,non-JP,7912,7226,7687,Chrono24 US,6952,VERIFIED,C24 research,,FULL_SET,okura,ロレックス ROLEX デイトジャスト 116200 ブラック ステンレススチール 自動巻き メンズ 腕時計,https://ec.wb-ookura.com/products/2300045405982,
-2.9,"US_DEALER, not a hand carry",15510ST,non-JP,51218,46774,49751,Chrono24,46408,VERIFIED,C24 scrape,22,FULL_SET,okura,オーデマ・ピゲ AUDEMARS PIGUET ロイヤルオーク オートマティック 15510ST.001320ST.10 グレー ステンレススチール 自動巻き メンズ 腕時計,https://ec.wb-ookura.com/products/2300046157811,https://www.chrono24.com/audemarspiguet/audemars-piguet-2024-royal-oak-41mm-15510st-stainless-steel-blue-dial--id47560620.htm
-2.9,"US_DEALER, not a hand carry",126234,non-JP,12928,11806,12559,Chrono24,12488,VERIFIED,C24 scrape,8,FULL_SET,okura,ロレックス ROLEX デイトジャスト36 126234 スレート ホワイトゴールド/ステンレススチール 自動巻き レディース 腕時計,https://ec.wb-ookura.com/products/2343470017337,https://www.chrono24.com/rolex/rolex-pre-owned-rolex-oyster-oysterseel-perpetual-datejust-silver-dial-36mm-watch-2021-126234--id44628162.htm
-3.1,"US_DEALER, not a hand carry",126710BLRO,non-JP,27198,24839,26388,Chrono24,21868,VERIFIED,C24 scrape,10,FULL_SET,okura,ロレックス ROLEX GMTマスター2 126710BLRO ブラック ステンレススチール 自動巻き メンズ 腕時計,https://ec.wb-ookura.com/products/2343470015913,https://www.chrono24.com/rolex/rolex-gmt-master-ii--id46951141.htm
-3.1,PASS,326.30.40.50.01.002,JP,3697,3376,3586,"mark, NO VENUE",3586,VERIFIED,,,FULL_SET|AA_LIKE_NEW,kitamura,【中古】 【新品同様】 オメガ(OMEGA) スピードマスター レーシング ブラック/ホワイト 326.30.40.50.01.002 ステンレススティール 【1年保証】,https://item.rakuten.co.jp/emedama/2447020208081/,
-3.1,PASS,116515LN,JP,39561,36129,38357,Chrono24,34800,DERIVED,C24 scrape,17,UNKNOWN,commit,ロレックス デイトナ Ref.116515LN エバーローズゴールド ピンクxブラック文字盤 中古 3frtj5km,https://commit-watch.co.jp/products/3frtj5km,https://www.chrono24.com/rolex/daytona-116515ln-choco-arabic-brown-arabic-dial-rose-gold-leather-strap-40mm-2013--id47579182.htm
-3.2,PASS,127234,JP,22929,20939,22227,Chrono24,19644,VERIFIED,C24 scrape,9,FULL_SET,jackroad,ロレックス ROLEX ランドドゥエラー 36 127234 新品 時計 メンズ,https://item.rakuten.co.jp/jackroad/rx2088/,https://www.chrono24.com/rolex/land-dweller--id45173976.htm
-3.2,PASS,228239,JP,48097,43924,46625,Chrono24,43126,VERIFIED,C24 scrape,24,FULL_SET,jackroad,ロレックス ROLEX デイデイト40 228239 中古 時計 メンズ,https://item.rakuten.co.jp/jackroad/6324658/,https://www.chrono24.com/rolex/18k-white-gold-day-date-40-ref-228239-box-and-2019-card--id46748442.htm
-3.2,"US_DEALER, not a hand carry",A17329,non-JP,4097,3742,3969,"mark, NO VENUE",3969,VERIFIED,,,FULL_SET,okura,ブライトリング BREITLING ナビタイマー オートマティック41 A17329 ブルー ステンレススチール 自動巻き メンズ 腕時計,https://ec.wb-ookura.com/products/2300045825476,
-3.2,"US_DEALER, not a hand carry",SBGN027,non-JP,2826,2581,2738,Chrono24 US,2358,VERIFIED,C24 research PARTIAL,8,FULL_SET,okura,グランドセイコー Grand Seiko スポーツコレクション 9Fクォーツ GMT SBGN027(9F86-0KA0) ブラック ステンレススチール クオーツ メンズ 腕時計,https://ec.wb-ookura.com/products/2300045350060,
-3.3,PASS,279171,JP,15267,13943,14781,Chrono24,14475,VERIFIED,C24 only,,FULL_SET,bettyroad,ロレックス ROLEX レディ デイトジャスト 28 279171 中古 時計 レディース,https://item.rakuten.co.jp/bettyroad/6374844/,
-3.3,PASS,268655,JP,50074,45730,48454,Chrono24,22604,VERIFIED,C24 scrape n=1 THIN,1,FULL_SET,jackroad,ロレックス ROLEX ヨットマスター 37 268655 新品 時計 ボーイズ,https://item.rakuten.co.jp/jackroad/6428165/,https://www.chrono24.com/rolex/rolex-yacht-master-37--id45056726.htm
-3.3,"US_DEALER, not a hand carry",326934,non-JP,19781,18065,19145,Chrono24,18491,VERIFIED,C24 scrape,16,FULL_SET,okura,ロレックス ROLEX スカイドゥエラー 326934 ブラック ホワイトゴールド/ステンレススチール 自動巻き メンズ 腕時計,https://ec.wb-ookura.com/products/2300045737298,https://www.chrono24.com/rolex/sky-dweller--id43157245.htm
-3.5,"US_DEALER, not a hand carry",116680,non-JP,18015,16452,17401,Chrono24 US,15999,VERIFIED,C24 research PARTIAL,20,FULL_SET,okura,ロレックス ROLEX ヨットマスター2 116680 ホワイト ステンレススチール 自動巻き メンズ 腕時計,https://ec.wb-ookura.com/products/2300045161277,
-3.5,"US_DEALER, not a hand carry",SBGJ277,non-JP,5735,5237,5542,"mark, NO VENUE",5542,VERIFIED,,,UNKNOWN,ippo,Grand Seiko SBGJ277 Automatic Movement 39mm Stainless Steel Case Sapphire Crystal Water Re,https://www.ippojapanwatch.com/products/grand-seiko-sbgj277-automatic-movement-39mm-stainless-steel-case-sapphire-crystal-water-resistant-200m,
-3.5,"US_DEALER, not a hand carry",126613LB,non-JP,18138,16564,17518,Chrono24 US,16718,VERIFIED,C24 research,,UNKNOWN,satindoll,サブマリーナー デイト,https://www.satindollweb.com/products/detail/11556,
-3.5,PASS,SBGN027,JP,2835,2589,2738,Chrono24 US,2358,VERIFIED,C24 research PARTIAL,8,FULL_SET|A_EXCELLENT,kitamura,【中古】 【美品】 グランドセイコー スポーツコレクション ブラック SBGN027 ステンレススティール 【1年保証】,https://item.rakuten.co.jp/emedama/2448270048700/,
-3.6,PASS,116520,JP,27321,24951,26372,Chrono24,20460,DERIVED,C24 scrape,11,FULL_SET|AB_GOOD,kitamura,【中古】 【良品】 ロレックス(ROLEX) デイトナ ホワイト 116520 ステンレス 【1年保証】,https://item.rakuten.co.jp/emedama/2245460004672/,https://www.chrono24.com/rolex/daytona--id47560800.htm
-3.6,PASS,116660,JP,10608,9687,10238,Chrono24 US,11000,VERIFIED,C24 research,20,FULL_SET,jackroad,ロレックス ROLEX シードゥエラー ディープシー 116660 中古 時計 メンズ,https://item.rakuten.co.jp/jackroad/6432681/,
-3.6,PASS,116500LN,JP,31189,28483,30111,Chrono24,27353,DERIVED,C24 scrape,35,FULL_SET|A_EXCELLENT,kitamura,【中古】 【美品】 ロレックス(ROLEX) デイトナ ブラック 116500LN ステンレス/セラミック 【1年保証】,https://item.rakuten.co.jp/emedama/2245460010000/,https://www.chrono24.com/rolex/daytona--id45887205.htm
-3.7,PASS,126579RBR,JP,88628,80938,85435,"mark, NO VENUE",85435,VERIFIED,,,FULL_SET,rasin,Rolex Cosmograph Daytona Bezel Diamond 8P Diamond 126579RBR Black Shell × White Shell Rand,https://en.www.rasin.co.jp/SHOP/U-126579RBR.html,
-3.7,PASS,126505,JP,66546,60772,64156,Chrono24,54091,VERIFIED,C24 scrape,4,FULL_SET,jackroad,ロレックス ROLEX コスモグラフ デイトナ 126505 新品 時計 メンズ,https://item.rakuten.co.jp/jackroad/rx1854/,https://www.chrono24.com/rolex/2025-rolex-daytona-40mm-126505-rose-gold-chocolate-dial--id45674616.htm
-3.7,"US_DEALER, not a hand carry",79230DK,non-JP,2685,2452,2589,"mark, NO VENUE",2589,VERIFIED,,,FULL_SET,okura,チューダー/チュードル TUDOR ヘリテージ ブラックベイ ダーク 79230DK ブラック ステンレススチール 自動巻き メンズ 腕時計,https://ec.wb-ookura.com/products/2300045737113,
-3.7,PASS,5520V/210A-B148,JP,37795,34516,36429,"mark, NO VENUE",36429,VERIFIED,,,UNKNOWN,commit,ヴァシュロンコンスタンタン オーヴァーシーズ クロノグラフ Ref.5520V/210A-B148 ステンレススチール ブルー文字盤 中古 m4xi6bkj,https://commit-watch.co.jp/products/m4xi6bkj,
-3.8,PASS,126200,JP,9488,8665,9143,Chrono24,9044,VERIFIED,C24 hand read,3,FULL_SET,jackroad,ロレックス ROLEX デイトジャスト 36 126200 中古 時計 メンズ,https://item.rakuten.co.jp/jackroad/6334909/,
-3.8,PASS,304.93.44.52.03.002,JP,11135,10169,10731,Chrono24,10759,VERIFIED,C24 only,,FULL_SET,jackroad,オメガ OMEGA スピードマスター ムーンフェイズ ブルーサイド・ オブ・ザ・ムーン 304.93.44.52.03.002 中古 時計 メンズ,https://item.rakuten.co.jp/jackroad/6363244/,
-3.8,"US_DEALER, not a hand carry",14060,non-JP,9890,9032,9525,Chrono24 US,9525,VERIFIED,C24 research VARIANT RISK,20,FULL_SET,okura,ロレックス ROLEX サブマリーナ ノンデイト 14060 ブラック ステンレススチール 自動巻き メンズ 腕時計,https://ec.wb-ookura.com/products/2300045285065,
-3.8,"US_DEALER, not a hand carry",WSPN0013,non-JP,5298,4839,5106,"mark, NO VENUE",5106,VERIFIED,,,FULL_SET,okura,カルティエ Cartier パンテール ドゥ カルティエ SM WSPN0013 シルバー ステンレススチール クオーツ レディース 腕時計,https://ec.wb-ookura.com/products/2300046203792,
-3.8,PASS,126281RBR,JP,28130,25689,27101,Chrono24,22281,VERIFIED,C24 only,,FULL_SET,rasin,Rolex Datejust 36 Bezel Diamond 10P Diamond 126281RBR White Shell 5 Rows Jubilee bracelet ,https://en.www.rasin.co.jp/SHOP/U-126281RBRWHS.html,
-3.9,PASS,126720VTNR,JP,18317,16727,17628,Chrono24,14816,DERIVED,C24 scrape,6,FULL_SET,jackroad,ロレックス ROLEX GMTマスターII 126720VTNR 新品 時計 メンズ,https://item.rakuten.co.jp/jackroad/rx1496/,https://www.chrono24.com/rolex/rolex-gmt-master-ii-sprite-126720vtnr--id47697234.htm
-3.9,"US_DEALER, not a hand carry",324.30.38.50.01.001,non-JP,4380,4000,4217,"mark, NO VENUE",4217,VERIFIED,,,FULL_SET,okura,オメガ OMEGA スピードマスター38 コーアクシャル クロノメーター クロノグラフ 324.30.38.50.01.001 ブラック ステンレススチール 自動巻き メンズ 腕時,https://ec.wb-ookura.com/products/2300045712189,
-3.9,PASS,126710BLNR,JP,19620,17918,18889,Chrono24,17118,VERIFIED,C24 scrape,28,FULL_SET,rasin,PRICEDOWN ROLEX GMT Master II 126710BLNR Black 3-row Oyster bracelet Bracelet Random Seria,https://en.www.rasin.co.jp/SHOP/U-126710BLNRO-9.html,https://www.chrono24.com/rolex/gmt-master-ii-batman-126710blnr-full-kit--id38713650.htm
-3.9,"US_DEALER, not a hand carry",4600V/200A-B980,non-JP,24726,22581,23787,"mark, NO VENUE",23787,VERIFIED,,,FULL_SET,okura,ヴァシュロン・コンスタンタン VACHERON CONSTANTIN オーヴァーシーズ オートマティック 4600V/200A-B980 ブルー ステンレススチール 自動巻き ユニ,https://ec.wb-ookura.com/products/2341950020303,
-3.9,PASS,116520,JP,27413,25035,26372,Chrono24,20460,DERIVED,C24 scrape,11,FULL_SET|AB_GOOD,kitamura,【中古】 【良品】 ロレックス(ROLEX) デイトナ ホワイト 116520 ステンレス 【1年保証】,https://item.rakuten.co.jp/emedama/2442070080250/,https://www.chrono24.com/rolex/daytona--id47560800.htm
-4.0,"US_DEALER, not a hand carry",310.30.42.50.01.004,non-JP,11388,10400,10945,Chrono24,9567,VERIFIED,C24 scrape,8,UNKNOWN,exquisite,"Omega Speedmaster Moonwatch Professional ""Reverse Panda"" Dial Steel 310.30.42.50.01.004",https://www.exquisitetimepieces.com/products/omega-31030425001004-speedmaster-moonwatch-professional,https://www.chrono24.com/omega/omega-new-2026-moonwatch-reverse-panda-dial-31030425001004--id47515263.htm
-4.0,"US_DEALER, not a hand carry",310.30.42.50.01.004,non-JP,11388,10400,10945,Chrono24,9567,VERIFIED,C24 scrape,8,UNKNOWN,topper,Omega Speedmaster Moonwatch Professional Master Chronometer 310.30.42.50.01.004,https://www.topperjewelers.com/products/omega-310-30-42-50-01-004,https://www.chrono24.com/omega/omega-new-2026-moonwatch-reverse-panda-dial-31030425001004--id47515263.htm
-4.0,PASS,134300,JP,12189,11132,11716,Chrono24,10206,VERIFIED,C24 scrape,9,FULL_SET,jackroad,ロレックス ROLEX オイスター パーペチュアル 41 134300 新品 時計 メンズ,https://item.rakuten.co.jp/jackroad/rx1853/,https://www.chrono24.com/rolex/rolex-oyster-perpetual--41mm--id47541739.htm
-4.0,"US_DEALER, not a hand carry",126715CHNR,non-JP,45566,41613,43832,Chrono24,38874,DERIVED,C24 scrape n=1 THIN,1,FULL_SET,okura,ロレックス ROLEX GMTマスター2 126715CHNR ブラック ピンクゴールド 自動巻き メンズ 腕時計,https://ec.wb-ookura.com/products/2300045514165,https://www.chrono24.com/rolex/rolex-gmt-master-ii--id47374257.htm
-4.0,"US_DEALER, not a hand carry",79950,non-JP,3674,3355,3531,Chrono24,2555,VERIFIED,C24 scrape n=1 THIN,1,FULL_SET,okura,チューダー/チュードル TUDOR レンジャー 79950 ベージュ ステンレススチール 自動巻き メンズ 腕時計,https://ec.wb-ookura.com/products/2300045503046,https://www.chrono24.com/tudor/tudor-ranger--id47000275.htm
-4.0,"US_DEALER, not a hand carry",16570,non-JP,8477,7742,8151,Chrono24,8104,VERIFIED,C24 scrape,4,FULL_SET,okura,ロレックス ROLEX エクスプローラー2 16570 ブラック ステンレススチール 自動巻き メンズ 腕時計,https://ec.wb-ookura.com/products/2344160018221,https://www.chrono24.com/rolex/explorer-ii--id47838616.htm
-4.0,"US_DEALER, not a hand carry",126710BLNR,non-JP,19639,17935,18889,Chrono24,17118,VERIFIED,C24 scrape,28,FULL_SET,okura,ロレックス ROLEX GMTマスター2 126710BLNR ブラック ステンレススチール 自動巻き メンズ 腕時計,https://ec.wb-ookura.com/products/2300046183704,https://www.chrono24.com/rolex/gmt-master-ii-batman-126710blnr-full-kit--id38713650.htm
-4.0,"US_DEALER, not a hand carry",16570,non-JP,8477,7742,8151,Chrono24,8104,VERIFIED,C24 scrape,4,FULL_SET,okura,ロレックス ROLEX エクスプローラー2 16570 ブラック ステンレススチール 自動巻き メンズ 腕時計,https://ec.wb-ookura.com/products/2342290055505,https://www.chrono24.com/rolex/explorer-ii--id47838616.htm
-4.0,"US_DEALER, not a hand carry",310.30.42.50.04.001,non-JP,7771,7097,7473,"mark, NO VENUE",7473,VERIFIED,,,FULL_SET,okura,オメガ OMEGA スピードマスター ムーンウォッチ プロフェッショナル コーアクシャル マスタークロノメーター 310.30.42.50.04.001 ホワイト ステンレススチー,https://ec.wb-ookura.com/products/2339650035505,
-4.1,PASS,26715ST,JP,48604,44387,46710,"mark, NO VENUE",46710,VERIFIED,,,UNKNOWN,commit,オーデマピゲ ロイヤルオーク クロノグラフ Ref.26715ST.OO.1356ST.02 ステンレススチール グレー文字盤 中古 xcmkknsn,https://commit-watch.co.jp/products/xcmkknsn,
-4.1,"US_DEALER, not a hand carry",126234,non-JP,13069,11935,12559,Chrono24,12488,VERIFIED,C24 scrape,8,FULL_SET,okura,ロレックス ROLEX デイトジャスト36 126234 スレート ホワイトゴールド/ステンレススチール 自動巻き メンズ 腕時計,https://ec.wb-ookura.com/products/2300046140356,https://www.chrono24.com/rolex/rolex-pre-owned-rolex-oyster-oysterseel-perpetual-datejust-silver-dial-36mm-watch-2021-126234--id44628162.htm
-4.1,"US_DEALER, not a hand carry",35200,non-JP,1766,1613,1696,"mark, NO VENUE",1696,VERIFIED,,,FULL_SET,okura,チューダー/チュードル TUDOR クレア ドゥローズ 35200 ホワイト ステンレススチール 自動巻き レディース 腕時計,https://ec.wb-ookura.com/products/2300046018525,
-4.1,"US_DEALER, not a hand carry",35200,non-JP,1766,1613,1696,"mark, NO VENUE",1696,VERIFIED,,,FULL_SET,okura,チューダー/チュードル TUDOR クレア　ド　ローズ　26mm 35200-0009 ブルー ステンレススチール 自動巻き レディース 腕時計,https://ec.wb-ookura.com/products/2300045428523,
-4.1,"US_DEALER, not a hand carry",126610LV,non-JP,16863,15400,16195,Chrono24,14441,VERIFIED,C24 scrape,16,FULL_SET,exquisite,Rolex M126610LV-0002 Starbucks Submariner,https://www.exquisitetimepieces.com/products/rolex-m126610lv-0002-starbucks-submariner-210009n43302,https://www.chrono24.com/rolex/submariner-date--id47784856.htm
-4.1,"US_DEALER, not a hand carry",SLGB005,non-JP,9890,9032,9504,"mark, NO VENUE",9504,VERIFIED,,,FULL_SET,okura,グランドセイコー Grand Seiko エボリューション9 コレクション スプリングドライブ SLGB005(9RB2-0AC0) ブラック ステンレススチール 自動巻き メンズ,https://ec.wb-ookura.com/products/2300046292185,
-4.1,"US_DEALER, not a hand carry",126234,non-JP,13069,11935,12559,Chrono24,12488,VERIFIED,C24 scrape,8,FULL_SET,okura,ロレックス ROLEX デイトジャスト 36 126234 スレート(ダークロジウム) ホワイトゴールド/ステンレススチール　 自動巻き メンズ 腕時計,https://ec.wb-ookura.com/products/2351050003953,https://www.chrono24.com/rolex/rolex-pre-owned-rolex-oyster-oysterseel-perpetual-datejust-silver-dial-36mm-watch-2021-126234--id44628162.htm
-4.2,"US_DEALER, not a hand carry",126334,non-JP,13776,12581,13222,Chrono24,14527,VERIFIED,C24 scrape,48,FULL_SET,okura,ロレックス ROLEX デイトジャスト41 126334 ホワイト ホワイトゴールド/ステンレススチール 自動巻き メンズ 腕時計,https://ec.wb-ookura.com/products/2300046140370,https://www.chrono24.com/rolex/rolex-126334-datejust-41-silver-index-dial-on-oyster-2021--id46657048.htm
-4.2,"US_DEALER, not a hand carry",126720VTNR,non-JP,18368,16774,17628,Chrono24,14816,DERIVED,C24 scrape,6,FULL_SET,okura,ロレックス ROLEX GMTマスター2 126720VTNR ブラック ステンレススチール 自動巻き メンズ 腕時計,https://ec.wb-ookura.com/products/2300045281227,https://www.chrono24.com/rolex/rolex-gmt-master-ii-sprite-126720vtnr--id47697234.htm
-4.4,"US_DEALER, not a hand carry",126715CHNR,non-JP,45778,41806,43832,Chrono24,38874,DERIVED,C24 scrape n=1 THIN,1,FULL_SET,okura,ロレックス ROLEX GMTマスター2 126715CHNR ブラック ピンクゴールド 自動巻き メンズ 腕時計,https://ec.wb-ookura.com/products/2340640056301,https://www.chrono24.com/rolex/rolex-gmt-master-ii--id47374257.htm
-4.4,"US_DEALER, not a hand carry",326933,non-JP,28580,26100,27370,Chrono24,17368,VERIFIED,C24 scrape n=1 THIN,1,FULL_SET,exquisite,Rolex 326933 Sky-Dweller Champagne Dial,https://www.exquisitetimepieces.com/products/rolex-326933-sky-dweller-champagne-dial-210009n43530,https://www.chrono24.com/rolex/rolex-sky-dweller-326933-white-dial-two-tone-yellow-gold---oyster-bracelet-unworn-2022--id26337447.htm
-4.5,"US_DEALER, not a hand carry",136660,non-JP,14765,13484,14124,Chrono24,14299,VERIFIED,C24 hand read n=1 THIN,1,FULL_SET,okura,ロレックス ROLEX ディープシー Dブルー 136660 ブルー SS 自動巻き メンズ 腕時計,https://ec.wb-ookura.com/products/2300044627750,
-4.5,"US_DEALER, not a hand carry",SBGJ277,non-JP,5793,5290,5542,"mark, NO VENUE",5542,VERIFIED,,,FULL_SET,okura,グランドセイコー Grand Seiko スポーツコレクション メカニカルハイビート 36000 GMT SBGJ277(9S86-00K0) 雪渓ダイヤル ステンレススチール 自,https://ec.wb-ookura.com/products/2300045961679,
-4.6,PASS,16520,JP,33203,30323,31755,Chrono24 US,28092,VERIFIED,C24 research VARIANT RISK,,UNKNOWN,commit,ロレックス デイトナ エルプリメロ Ref.16520 ステンレススチール ブラック文字盤 中古 4uqb9eok,https://commit-watch.co.jp/products/4uqb9eok,
-4.6,PASS,16520,JP,33203,30323,31755,Chrono24 US,28092,VERIFIED,C24 research VARIANT RISK,,UNKNOWN,commit,ロレックス デイトナ エルプリメロ Ref.16520 ステンレススチール ブラック文字盤 中古 52uyw6ss,https://commit-watch.co.jp/products/52uyw6ss,
-4.6,PASS,116515,JP,38873,35501,37177,"mark, NO VENUE",37177,VERIFIED,,,FULL_SET,jackroad,ロレックス ROLEX コスモグラフ デイトナ 116515 中古 時計 メンズ,https://item.rakuten.co.jp/jackroad/6424006/,
-4.6,"US_DEALER, not a hand carry",79663,non-JP,3695,3374,3534,"mark, NO VENUE",3534,VERIFIED,,,FULL_SET,okura,チューダー/チュードル TUDOR ブラックベイ39 S&G 79663 シルバー K18/SS 自動巻き メンズ 腕時計,https://ec.wb-ookura.com/products/2300044486562,
-4.6,"US_DEALER, not a hand carry",SLGH013,non-JP,7774,7100,7435,Chrono24,6917,VERIFIED,LOW,,UNKNOWN,ippo,Grand Seiko SLGH013 Automatic Movement Stainless Steel Case Sapphire Crystal Water Resista,https://www.ippojapanwatch.com/products/grand-seiko-slgh013-automatic-movement-stainless-steel-case-sapphire-crystal-water-resistant-100m,
-4.6,PASS,212.30.41.20.01.003,JP,3034,2771,2900,eBay SOLD,3364,VERIFIED,C24 research PARTIAL,8,FULL_SET|AB_GOOD,kitamura,【中古】 【良品】 オメガ(OMEGA) シーマスター ダイバー300M ブラック 212.30.41.20.01.003 ステンレススティール 【1年保証】,https://item.rakuten.co.jp/emedama/2445310149137/,
-4.7,"US_DEALER, not a hand carry",116622,non-JP,12716,11613,12143,"mark, NO VENUE",12143,VERIFIED,,,FULL_SET,okura,ロレックス ROLEX ヨットマスター40 116622 ブルー プラチナ/ステンレススチール 自動巻き メンズ 腕時計,https://ec.wb-ookura.com/products/2341950022413,
-4.7,PASS,126503,JP,30377,27742,29016,Chrono24,25325,VERIFIED,C24 scrape,8,FULL_SET,rasin,PRICEDOWN Rolex Cosmograph Daytona 126503 Black Random Serial Unused Men&#39;s,https://en.www.rasin.co.jp/SHOP/S-126503BK.html,https://www.chrono24.com/rolex/rolex-daytona--id47466342.htm
-4.7,"US_DEALER, not a hand carry",126610LV,non-JP,16955,15484,16195,Chrono24,14441,VERIFIED,C24 scrape,16,FULL_SET,okura,ロレックス ROLEX サブマリーナ 126610LV ブラック ステンレススチール 自動巻き メンズ 腕時計,https://ec.wb-ookura.com/products/2300046206960,https://www.chrono24.com/rolex/submariner-date--id47784856.htm
-4.7,PASS,16570,JP,8533,7792,8151,Chrono24,8104,VERIFIED,C24 scrape,4,FULL_SET|B_AVERAGE,kitamura,【中古】 【並品】 ロレックス(ROLEX) エクスプローラーII ブラック 16570 ステンレス 【1年保証】,https://item.rakuten.co.jp/emedama/2483870074506/,https://www.chrono24.com/rolex/explorer-ii--id47838616.htm
-4.8,"US_DEALER, not a hand carry",126618LN,non-JP,45919,41935,43833,Chrono24,37536,VERIFIED,C24 scrape n=1 THIN,1,FULL_SET,okura,ロレックス ROLEX サブマリーナ 126618LN ブラック ゴールド 自動巻き メンズ 腕時計,https://ec.wb-ookura.com/products/2300045479365,https://www.chrono24.com/rolex/submariner-date--id46274749.htm
-4.8,"US_DEALER, not a hand carry",16710,non-JP,13069,11935,12465,Chrono24,13051,VERIFIED,C24 hand read n=1 THIN,1,FULL_SET,okura,ロレックス ROLEX GMTマスター2 16710 ブラック ステンレススチール 自動巻き メンズ 腕時計,https://ec.wb-ookura.com/products/2351050002857,
-4.8,PASS,126710BLNR,JP,19795,18077,18889,Chrono24,17118,VERIFIED,C24 scrape,28,FULL_SET|AA_LIKE_NEW,kitamura,【中古】 【新品同様】 ロレックス(ROLEX) GMTマスターII ブラック 126710BLNR ステンレス OB ブラック/ブルーベゼル 【1年保証】,https://item.rakuten.co.jp/emedama/2445740041339/,https://www.chrono24.com/rolex/gmt-master-ii-batman-126710blnr-full-kit--id38713650.htm
-4.9,PASS,126718GRNR,JP,55039,50264,52445,Chrono24,43309,DERIVED,C24 scrape,7,FULL_SET,rasin,"ROLEX GMT Master II 126718GRNR Black, Random Serial Number Used Men&#39;s Watch",https://en.www.rasin.co.jp/SHOP/U-126718GRNR-5.html,https://www.chrono24.com/rolex/rolex-2024-gmt-master-ii-40mm-126718grnr-yellow-gold-jubilee-black-dial--id47612517.htm
-4.9,PASS,WSPN0016,JP,6772,6184,6454,Chrono24 US,5860,VERIFIED,C24 research,,FULL_SET,bettyroad,カルティエ CARTIER パンテール ドゥ カルティエ LM WSPN0016 中古 時計 男女兼用,https://item.rakuten.co.jp/bettyroad/6467218/,
-5.0,PASS,124270,JP,9826,8974,9360,Chrono24 US,7956,VERIFIED,C24 research,,FULL_SET,rasin,"ROLEX Explorer 36 124270 Black, Random Serial Number Used Men's Watch",https://en.www.rasin.co.jp/SHOP/U-124270-28.html,
-5.0,"US_DEALER, not a hand carry",116520,non-JP,27693,25290,26372,Chrono24,20460,DERIVED,C24 scrape,11,FULL_SET,okura,ロレックス ROLEX デイトナ 116520 ホワイト ステンレススチール 自動巻き メンズ 腕時計,https://ec.wb-ookura.com/products/2300045516121,https://www.chrono24.com/rolex/daytona--id47560800.htm
-5.0,PASS,224270,JP,10809,9871,10292,Chrono24,8563,VERIFIED,C24 scrape n=1 THIN,1,UNKNOWN|AA_LIKE_NEW,commit,ロレックス エクスプローラー40 Ref.224270 ステンレススチール ブラック文字盤 オイスターブレスレット 未使用 5u8nx5at,https://commit-watch.co.jp/products/5u8nx5at,https://www.chrono24.com/rolex/explorer--id47700443.htm
-5.1,PASS,15510BC,JP,102435,93548,97450,"mark, NO VENUE",97450,VERIFIED,,,UNKNOWN|AA_LIKE_NEW,commit,オーデマピゲ ロイヤルオーク Ref.15510BC.OO.1320BC.04 ホワイトゴールド スモークブルー文字盤 未使用 mkb2qdjy,https://commit-watch.co.jp/products/mkb2qdjy,
-5.1,"US_DEALER, not a hand carry",79000B,non-JP,5174,4725,4922,Chrono24,3888,VERIFIED,C24 scrape,7,UNKNOWN,exquisite,TUDOR Black Bay 54 M79000B-0001,https://www.exquisitetimepieces.com/products/tudor-black-bay-54-m79000b-0001,https://www.chrono24.com/tudor/black-bay-unworn-2026-blueblue-3-links-m79000b-0001--id47702303.htm
-5.1,PASS,126334,JP,13902,12696,13222,Chrono24,14527,VERIFIED,C24 scrape,48,FULL_SET,jackroad,ロレックス ROLEX デイトジャスト41 126334 中古 時計 メンズ,https://item.rakuten.co.jp/jackroad/6373472/,https://www.chrono24.com/rolex/rolex-126334-datejust-41-silver-index-dial-on-oyster-2021--id46657048.htm
-5.1,"US_DEALER, not a hand carry",128396TBR,non-JP,90426,82581,86074,"mark, NO VENUE",86074,VERIFIED,,,FULL_SET,okura,ロレックス ROLEX デイデイト 36 128396TBR ホワイトシェル プラチナ 自動巻き メンズ 腕時計,https://ec.wb-ookura.com/products/2339640031357,
-5.2,PASS,268622,JP,13704,12515,13031,Chrono24 US,11731,VERIFIED,C24 research,15,FULL_SET,jackroad,ロレックス ROLEX ヨットマスターロレジウム 268622 中古 時計 ボーイズ,https://item.rakuten.co.jp/jackroad/6319111/,
-5.3,"US_DEALER, not a hand carry",SPB515,non-JP,1090,995,1035,Chrono24,925,DERIVED,C24 scrape n=1 THIN,1,UNKNOWN,exquisite,Seiko Prospex SPB515 Speedtimer,https://www.exquisitetimepieces.com/products/seiko-prospex-spb515-speedtimer,https://www.chrono24.com/seiko/seiko-prospex-speedtimer-automatic-spb515--id44533747.htm
-5.3,"US_DEALER, not a hand carry",SPB515,non-JP,1090,995,1035,Chrono24,925,DERIVED,C24 scrape n=1 THIN,1,UNKNOWN,topper,Seiko Prospex Speedtimer Mechanical SPB515,https://www.topperjewelers.com/products/seiko-spb515,https://www.chrono24.com/seiko/seiko-prospex-speedtimer-automatic-spb515--id44533747.htm
-5.3,PASS,WSSA0046,JP,8821,8056,8376,Chrono24,7173,VERIFIED,C24 only,,FULL_SET,bettyroad,カルティエ CARTIER サントス デュモン LM WSSA0046 新品 時計 男女兼用,https://item.rakuten.co.jp/bettyroad/ca834/,
-5.3,PASS,SBGW306,JP,15681,14321,14888,Chrono24,13318,DERIVED,C24 only,,FULL_SET|AA_LIKE_NEW,jackroad,グランドセイコー GRAND SEIKO ヘリテージ コレクション 44GS現代デザイン SBGW306 中古 時計 メンズ,https://item.rakuten.co.jp/jackroad/6364722/,
-5.3,SUSPECT_DATA,16014,JP,6005,5484,5701,"mark, NO VENUE",5701,VERIFIED,,,UNKNOWN,shellman,,https://shellman-online.jp/view/item/000000003892?category_page_id=1,
-5.3,"US_DEALER, not a hand carry",77451ST,non-JP,56516,51613,53696,"mark, NO VENUE",53696,VERIFIED,,,FULL_SET,okura,オーデマ・ピゲ AUDEMARS PIGUET ロイヤルオーク オートマティック 77451ST.ZZ.1361ST.04 ブルー ステンレススチール 自動巻き メンズ 腕時計,https://ec.wb-ookura.com/products/2341950024318,
-5.3,PASS,126710BLNR,JP,19896,18170,18889,Chrono24,17118,VERIFIED,C24 scrape,28,FULL_SET,rasin,PRICEDOWN ROLEX GMT Master II 126710BLNR Black 3-row Oyster bracelet Bracelet Random Seria,https://en.www.rasin.co.jp/SHOP/U-126710BLNRO-10.html,https://www.chrono24.com/rolex/gmt-master-ii-batman-126710blnr-full-kit--id38713650.htm
-5.3,"US_DEALER, not a hand carry",126660,non-JP,15440,14100,14662,Chrono24,11800,VERIFIED,C24 scrape,9,FULL_SET,exquisite,Rolex Sea-Dweller Deepsea 126660,https://www.exquisitetimepieces.com/products/rolex-sea-dweller-deepsea-12660-210009n43379,https://www.chrono24.com/rolex/sea-dweller-deepsea--id47661884.htm
-5.5,PASS,134300,JP,12363,11290,11716,Chrono24,10206,VERIFIED,C24 scrape,9,UNKNOWN|AA_LIKE_NEW,commit,ロレックス オイスターパーペチュアル41 Ref.134300 ステンレススチール ラベンダー文字盤 未使用 7rzhzdgu,https://commit-watch.co.jp/products/7rzhzdgu,https://www.chrono24.com/rolex/rolex-oyster-perpetual--41mm--id47541739.htm
-5.5,"US_DEALER, not a hand carry",310.92.44.50.06.002,non-JP,17958,16400,17022,Chrono24,15252,DERIVED,C24 scrape n=1 THIN,1,UNKNOWN,exquisite,Omega 310.92.44.50.06.002 Speedmaster Grey Side Of The Moon,https://www.exquisitetimepieces.com/products/omega-31092445006002-speedmaster-grey-side-of-the-moon,https://www.chrono24.com/omega/omega-new-2026-dark-side-of-the-moon-speedmaster-grey-skeleton-rubber-31092445006002--id43861650.htm
-5.5,"US_DEALER, not a hand carry",310.92.44.50.06.002,non-JP,17958,16400,17022,Chrono24,15252,DERIVED,C24 scrape n=1 THIN,1,UNKNOWN,topper,Omega Speedmaster Grey Side of the Moon 310.92.44.50.06.002,https://www.topperjewelers.com/products/omega-310-92-44-50-06-002,https://www.chrono24.com/omega/omega-new-2026-dark-side-of-the-moon-speedmaster-grey-skeleton-rubber-31092445006002--id43861650.htm
-5.5,"US_DEALER, not a hand carry",WSTA0106,non-JP,4027,3677,3817,"mark, NO VENUE",3817,VERIFIED,,,FULL_SET,okura,カルティエ Cartier タンクマスト ドゥ カルティエ LM WSTA0106 シルバー ステンレススチール クオーツ メンズ 腕時計,https://ec.wb-ookura.com/products/2351050000556,
-5.5,"US_DEALER, not a hand carry",WSPA0026,non-JP,4663,4258,4420,"mark, NO VENUE",4420,VERIFIED,,,PAPERS_ONLY,okura,カルティエ Cartier パシャ ドゥ カルティエ 41mm WSPA0026 グレー ステンレススチール 自動巻き メンズ 腕時計,https://ec.wb-ookura.com/products/2300045825315,
-5.5,"US_DEALER, not a hand carry",SBGA407,non-JP,4380,4000,4152,"mark, NO VENUE",4152,VERIFIED,,,FULL_SET,okura,グランドセイコー Grand Seiko エレガンスコレクション スプリングドライブ SBGA407(9R65-0DJ0) ブルー ステンレススチール 自動巻き メンズ 腕時計,https://ec.wb-ookura.com/products/2300046088771,
-5.6,"US_DEALER, not a hand carry",116518LN,non-JP,55516,50700,52560,Chrono24,40219,DERIVED,C24 scrape,6,FULL_SET,exquisite,Rolex 116518LN Daytona Cosmograph,https://www.exquisitetimepieces.com/products/rolex-116518ln-daytona-cosmograph-ns21000933315,https://www.chrono24.com/rolex/daytona-paul-newman-yellow-gold-black-dial-red-hand-116518ln-oysterflex--id44772404.htm
-5.6,PASS,278274,JP,15945,14561,15104,Chrono24,12354,VERIFIED,C24 scrape,3,FULL_SET,jackroad,ロレックス ROLEX デイトジャスト 31 278274 新品 時計 ボーイズ,https://item.rakuten.co.jp/jackroad/6408655/,https://www.chrono24.com/rolex/rolex-datejust-31--id46780019.htm
-5.6,"US_DEALER, not a hand carry",276200,non-JP,6358,5806,6021,Chrono24,7026,VERIFIED,C24 only,,FULL_SET,okura,ロレックス ROLEX オイスターパーペチュアル28 276200 ブルー ステンレススチール 自動巻き レディース 腕時計,https://ec.wb-ookura.com/products/2300045903105,
-5.6,PASS,329.30.44.51.01.001,JP,6346,5796,6007,"mark, NO VENUE",6007,VERIFIED,,,FULL_SET|AB_GOOD,kitamura,【中古】 【良品】 オメガ(OMEGA) スピードマスター レーシング ブラック 329.30.44.51.01.001 ステンレススティール/セラミック 【1年保証】,https://item.rakuten.co.jp/emedama/2245460007888/,
-5.7,PASS,W4BB0021,JP,8104,7401,7665,Chrono24 US,5282,VERIFIED,C24 research,,FULL_SET,jackroad,カルティエ CARTIER バロン ブルー ドゥ カルティエ 33mm W4BB0021 新品 時計 レディース,https://item.rakuten.co.jp/jackroad/ca667/,
-5.7,"US_DEALER, not a hand carry",311.30.42.30.01.006,non-JP,5440,4968,5147,Chrono24 US,5478,VERIFIED,C24 research,,FULL_SET,okura,オメガ OMEGA スピードマスター ムーンウォッチ プロフェッショナル クロノグラフ 311.30.42.30.01.006 ブラック ステンレススチール 手巻き メンズ 腕時計,https://ec.wb-ookura.com/products/2300045635624,
-5.7,"US_DEALER, not a hand carry",16570,non-JP,8619,7871,8151,Chrono24,8104,VERIFIED,C24 scrape,4,FULL_SET,okura,ロレックス ROLEX エクスプローラー2 16570 ブラック ステンレススチール 自動巻き メンズ 腕時計,https://ec.wb-ookura.com/products/2300046203297,https://www.chrono24.com/rolex/explorer-ii--id47838616.htm
-5.7,PASS,WSBB0044,JP,6650,6073,6290,Chrono24 US,4416,VERIFIED,C24 research,,FULL_SET,bettyroad,カルティエ CARTIER バロン ブルー ドゥ カルティエ 33mm WSBB0044 新品 時計 レディース,https://item.rakuten.co.jp/bettyroad/6436535/,
-5.8,"US_DEALER, not a hand carry",126579RBR,non-JP,90426,82581,85435,"mark, NO VENUE",85435,VERIFIED,,,FULL_SET,okura,ロレックス ROLEX デイトナ 126579RBR ブラックシェル/ホワイトシェル ホワイトゴールド メンズ 腕時計,https://ec.wb-ookura.com/products/2300045711434,
-5.9,PASS,279161,JP,11069,10109,10449,"mark, NO VENUE",10449,VERIFIED,,,FULL_SET,jackroad,ロレックス ROLEX レディ デイトジャスト 28 279161 中古 時計 レディース,https://item.rakuten.co.jp/jackroad/6312303/,
-5.9,PASS,126622,JP,19107,17449,18035,Chrono24,13822,VERIFIED,C24 scrape,8,FULL_SET,jackroad,ロレックス ROLEX ヨットマスター ロレジウム 126622 新品 時計 メンズ,https://item.rakuten.co.jp/jackroad/rx1121/,https://www.chrono24.com/rolex/rolex-2025-yacht-master-40mm-126622-stainless-steel-rhodium-dial--id46800314.htm
-5.9,"US_DEALER, not a hand carry",326934,non-JP,20275,18516,19145,Chrono24,18491,VERIFIED,C24 scrape,16,FULL_SET,okura,ロレックス ROLEX スカイドゥエラー 326934 シルバー ホワイトゴールド/ステンレススチール 自動巻き メンズ 腕時計,https://ec.wb-ookura.com/products/2300046088740,https://www.chrono24.com/rolex/sky-dweller--id43157245.htm
-5.9,"US_DEALER, not a hand carry",126710GRNR,non-JP,23666,21613,22337,Chrono24,20248,VERIFIED,C24 scrape,20,FULL_SET,okura,ロレックス ROLEX GMTマスター2 126710GRNR ブラック ステンレススチール 自動巻き メンズ 腕時計,https://ec.wb-ookura.com/products/2300046291799,https://www.chrono24.com/rolex/rolex-gmt-master-ii--id47560413.htm
-5.9,"US_DEALER, not a hand carry",126710GRNR,non-JP,23666,21613,22337,Chrono24,20248,VERIFIED,C24 scrape,20,FULL_SET,okura,ロレックス ROLEX GMTマスター2 126710GRNR ブラック ステンレススチール 自動巻き メンズ 腕時計,https://ec.wb-ookura.com/products/2343470017504,https://www.chrono24.com/rolex/rolex-gmt-master-ii--id47560413.htm
-6.0,"US_DEALER, not a hand carry",332.10.41.51.01.002,non-JP,8650,7900,8163,Chrono24,7734,VERIFIED,C24 scrape n=1 THIN,1,FULL_SET,exquisite,Omega 332.10.41.51.01.002 Speedmaster Pilot Steel On Steel 40.85mm,https://www.exquisitetimepieces.com/products/omega-33210415101002-speedmaster-pilot-steel-on-steel-40-85mm-nap210009n12030,https://www.chrono24.com/omega/speedmaster-pilot-stainless-steel-automatic-33210415101002--id47662776.htm
-6.0,PASS,126283RBR,JP,30176,27558,28469,US AD,22358,VERIFIED,C24 research VARIANT RISK,8,FULL_SET,jackroad,ロレックス ROLEX デイトジャスト 36 126283RBR 新品 時計 メンズ,https://item.rakuten.co.jp/jackroad/rx2242/,
-6.0,"US_DEALER, not a hand carry",SBGW301,non-JP,3885,3548,3664,"mark, NO VENUE",3664,VERIFIED,,,FULL_SET,okura,グランドセイコー Grand Seiko エレガンスコレクション メカニカル SBGW301(9S64-00Z0) アイボリー ステンレススチール 手巻き メンズ 腕時計,https://ec.wb-ookura.com/products/2300045983374,
-6.1,"US_DEALER, not a hand carry *PAPERS",126334,non-JP,14028,12811,13222,Chrono24,14527,VERIFIED,C24 scrape,48,BODY_ONLY,satindoll,デイトジャスト41,https://www.satindollweb.com/products/detail/11516,https://www.chrono24.com/rolex/rolex-126334-datejust-41-silver-index-dial-on-oyster-2021--id46657048.htm
-6.1,PASS,W4BB0028,JP,7328,6692,6905,"mark, NO VENUE",6905,VERIFIED,,,FULL_SET,bettyroad,カルティエ CARTIER バロン ブルー ドゥ カルティエ 33mm W4BB0028 中古 時計 レディース,https://item.rakuten.co.jp/bettyroad/6424365/,
-6.1,PASS,SBGX355,JP,3697,3376,3484,Chrono24 US,3100,VERIFIED,C24 research,,FULL_SET|A_EXCELLENT,kitamura,【中古】 【美品】 グランドセイコー クォーツ ホワイト SBGX355/9F62-0AR0 雪白 チタン 【1年保証】,https://item.rakuten.co.jp/emedama/2245460006256/,
-6.2,PASS,226658,JP,37795,34516,35586,US AD pre-owned,32435,VERIFIED,C24 research,20,UNKNOWN|AA_LIKE_NEW,commit,ロレックス ヨットマスター42 Ref.226658 イエローゴールド ブラック文字盤 未使用 ke7b9vrk,https://commit-watch.co.jp/products/ke7b9vrk,
-6.2,"US_DEALER, not a hand carry",126710BLNR,non-JP,20063,18323,18889,Chrono24,17118,VERIFIED,C24 scrape,28,FULL_SET,okura,ロレックス ROLEX GMTマスター2 126710BLNR ブラック ステンレススチール 自動巻き メンズ 腕時計,https://ec.wb-ookura.com/products/2300045778499,https://www.chrono24.com/rolex/gmt-master-ii-batman-126710blnr-full-kit--id38713650.htm
-6.2,"US_DEALER, not a hand carry",326238,non-JP,34616,31613,32603,"mark, NO VENUE",32603,VERIFIED,,,FULL_SET,okura,ロレックス ROLEX スカイドゥエラー 326238 ゴールド ゴールド 自動巻き メンズ 腕時計,https://ec.wb-ookura.com/products/2300045405401,
-6.2,PASS,126710BLNR,JP,20060,18319,18889,Chrono24,17118,VERIFIED,C24 scrape,28,FULL_SET|AA_LIKE_NEW,kitamura,【中古】 【新品同様】 ロレックス(ROLEX) GMTマスターII ブラック 126710BLNR ステンレス OB ブラック/ブルーベゼル 【1年保証】,https://item.rakuten.co.jp/emedama/2447020206001/,https://www.chrono24.com/rolex/gmt-master-ii-batman-126710blnr-full-kit--id38713650.htm
-6.2,PASS,126710BLNR,JP,20060,18319,18889,Chrono24,17118,VERIFIED,C24 scrape,28,FULL_SET|AA_LIKE_NEW,kitamura,【中古】 【新品同様】 ロレックス(ROLEX) GMTマスターII ブラック 126710BLNR ステンレス OB ブラック/ブルーベゼル 【1年保証】,https://item.rakuten.co.jp/emedama/2447020215843/,https://www.chrono24.com/rolex/gmt-master-ii-batman-126710blnr-full-kit--id38713650.htm
-6.2,PASS,126710BLNR,JP,20060,18319,18889,Chrono24,17118,VERIFIED,C24 scrape,28,FULL_SET|AA_LIKE_NEW,kitamura,【中古】 【新品同様】 ロレックス(ROLEX) GMTマスターII ブラック 126710BLNR ステンレス OB ブラック/ブルーベゼル 【1年保証】,https://item.rakuten.co.jp/emedama/2447020215690/,https://www.chrono24.com/rolex/gmt-master-ii-batman-126710blnr-full-kit--id38713650.htm
-6.2,PASS,126284RBR,JP,23030,21032,21681,US grey,19277,VERIFIED,C24 research VARIANT RISK,10,UNKNOWN,commit,ロレックス デイトジャスト36 Ref.126284RBR ステンレススチール/ホワイトゴールド オーベルジーヌ文字盤 ジュビリーブレスレット 美中古 9fcbeghr,https://commit-watch.co.jp/products/9fcbeghr,
-6.3,PASS,134300,JP,12453,11372,11716,Chrono24,10206,VERIFIED,C24 scrape,9,FULL_SET,jackroad,ロレックス ROLEX オイスター パーペチュアル 41 134300 新品 時計 メンズ,https://item.rakuten.co.jp/jackroad/rx2078/,https://www.chrono24.com/rolex/rolex-oyster-perpetual--41mm--id47541739.htm
-6.3,PASS,126503,JP,30835,28160,29016,Chrono24,25325,VERIFIED,C24 scrape,8,FULL_SET,jackroad,ロレックス ROLEX コスモグラフ デイトナ 126503 新品 時計 メンズ,https://item.rakuten.co.jp/jackroad/rx1787/,https://www.chrono24.com/rolex/rolex-daytona--id47466342.htm
-6.3,"US_DEALER, not a hand carry",311.92.44.51.01.003,non-JP,7488,6839,7046,"mark, NO VENUE",7046,VERIFIED,,,FULL_SET,okura,オメガ OMEGA スピードマスターダークサイドオブザムーン 311.92.44.51.01.003 ブラック セラミック メンズ 腕時計,https://ec.wb-ookura.com/products/2300045826602,
-6.3,"US_DEALER, not a hand carry",126710GRNR,non-JP,23737,21677,22337,Chrono24,20248,VERIFIED,C24 scrape,20,FULL_SET,okura,ロレックス ROLEX GMTマスター2 126710GRNR ブラック ステンレススチール 自動巻き メンズ 腕時計,https://ec.wb-ookura.com/products/2300045505446,https://www.chrono24.com/rolex/rolex-gmt-master-ii--id47560413.htm
-6.3,PASS,SBGW301,JP,3895,3557,3664,"mark, NO VENUE",3664,VERIFIED,,,FULL_SET|AB_GOOD,kitamura,【中古】 【良品】 グランドセイコー メカニカル アイボリー [ホワイト系] SBGW301/9S64-00Z0 ステンレススティール 【1年保証】,https://item.rakuten.co.jp/emedama/2448590093435/,
-6.4,PASS,268655,JP,51569,47095,48454,Chrono24,22604,VERIFIED,C24 scrape n=1 THIN,1,FULL_SET,bettyroad,ロレックス ROLEX ヨットマスター 37 268655 新品 時計 ボーイズ,https://item.rakuten.co.jp/bettyroad/6428165/,https://www.chrono24.com/rolex/rolex-yacht-master-37--id45056726.htm
-6.4,PASS,226570,JP,13507,12335,12695,Chrono24,10932,VERIFIED,C24 scrape n=1 THIN,1,FULL_SET,jackroad,ロレックス ROLEX エクスプローラーII 226570 新品 時計 メンズ,https://item.rakuten.co.jp/jackroad/rx1397/,https://www.chrono24.com/rolex/like-new-2022-explorer-ii-black-dial-226570--id47663583.htm
-6.4,"US_DEALER, not a hand carry",126619LB,non-JP,43094,39355,40515,Chrono24,33933,VERIFIED,C24 scrape,2,PAPERS_ONLY,okura,ロレックス ROLEX サブマリーナ 126619LB ブラック ホワイトゴールド 自動巻き メンズ 腕時計,https://ec.wb-ookura.com/products/2300045961136,https://www.chrono24.com/rolex/rolex-submariner-date-41--id47739099.htm
-6.4,"US_DEALER, not a hand carry",126300,non-JP,11656,10645,10950,Chrono24,9982,VERIFIED,C24 scrape,7,FULL_SET,okura,ロレックス ROLEX デイトジャスト41 126300 ホワイト ステンレススチール 自動巻き メンズ 腕時計,https://ec.wb-ookura.com/products/2351050000198,https://www.chrono24.com/rolex/rolex-datejust-41-white-roman-dial-stainless-steel-41mm-126300----id46780791.htm
-6.5,PASS,126518LN,JP,60945,55658,57241,Chrono24,59042,DERIVED,C24 scrape,20,FULL_SET,jackroad,ロレックス ROLEX コスモグラフ デイトナ 126518LN 新品 時計 メンズ,https://item.rakuten.co.jp/jackroad/rx1812/,https://www.chrono24.com/rolex/rolex-2025-daytona-40mm-126518ln-yellow-gold-oysterflex-champagne-dial--id47596590.htm
-6.5,"US_DEALER, not a hand carry",16710,non-JP,13281,12129,12465,Chrono24,13051,VERIFIED,C24 hand read n=1 THIN,1,FULL_SET,okura,ロレックス ROLEX GMTマスター2 16710 ブラック ステンレススチール 自動巻き メンズ 腕時計,https://ec.wb-ookura.com/products/2351050000037,
-6.5,"US_DEALER, not a hand carry",79930,non-JP,3391,3097,3185,"mark, NO VENUE",3185,VERIFIED,,,FULL_SET,okura,チューダー/チュードル TUDOR レンジャー 79930 ブラック ステンレススチール 自動巻き メンズ 腕時計,https://ec.wb-ookura.com/products/2300045877345,
-6.5,"US_DEALER, not a hand carry",SBGX261,non-JP,1907,1742,1791,"mark, NO VENUE",1791,VERIFIED,,,FULL_SET,okura,グランドセイコー Grand Seiko ヘリテージコレクション 9Fクォーツ SBGX261(9F62-0AB0) ブラック ステンレススチール クオーツ メンズ 腕時計,https://ec.wb-ookura.com/products/2300046229792,
-6.6,PASS,116520,JP,28117,25677,26372,Chrono24,20460,DERIVED,C24 scrape,11,UNKNOWN,commit,ロレックス デイトナ Ref.116520 ステンレススチール ブラック文字盤 中古 vbkr7e94,https://commit-watch.co.jp/products/vbkr7e94,https://www.chrono24.com/rolex/daytona--id47560800.htm
-6.6,PASS,16570,JP,8689,7935,8151,Chrono24,8104,VERIFIED,C24 scrape,4,UNKNOWN,commit,ロレックス エクスプローラーII Ref.16570 ステンレススチール ブラック文字盤 オイスターブレスレット 美中古 v2g9xf5d,https://commit-watch.co.jp/products/v2g9xf5d,https://www.chrono24.com/rolex/explorer-ii--id47838616.htm
-6.6,PASS,126610LV,JP,17262,15765,16195,Chrono24,14441,VERIFIED,C24 scrape,16,FULL_SET,jackroad,ロレックス ROLEX グリーン サブマリーナー デイト 126610LV 中古 時計 メンズ,https://item.rakuten.co.jp/jackroad/6388360/,https://www.chrono24.com/rolex/submariner-date--id47784856.htm
-6.6,"US_DEALER, not a hand carry",126710BLNR,non-JP,20134,18387,18889,Chrono24,17118,VERIFIED,C24 scrape,28,FULL_SET,okura,ロレックス ROLEX GMTマスター2 126710BLNR ブラック ステンレススチール 自動巻き メンズ 腕時計,https://ec.wb-ookura.com/products/2344160018337,https://www.chrono24.com/rolex/gmt-master-ii-batman-126710blnr-full-kit--id38713650.htm
-6.6,PASS,116520,JP,28117,25677,26372,Chrono24,20460,DERIVED,C24 scrape,11,UNKNOWN,commit,ロレックス デイトナ Ref.116520 ステンレススチール アイボリー文字盤 中古 ot5shoos,https://commit-watch.co.jp/products/ot5shoos,https://www.chrono24.com/rolex/daytona--id47560800.htm
-6.7,PASS,210.90.42.20.10.001,JP,9554,8725,8953,"mark, NO VENUE",8953,VERIFIED,,,FULL_SET,jackroad,オメガ OMEGA シーマスター ダイバー300M コーアクシャル マスター クロノメーター 210.90.42.20.10.001 新品 時計 メンズ,https://item.rakuten.co.jp/jackroad/om1712/,
-6.7,PASS,126710GRNR,JP,23836,21768,22337,Chrono24,20248,VERIFIED,C24 scrape,20,FULL_SET|AA_LIKE_NEW,kitamura,【中古】 【新品同様】 ロレックス(ROLEX) GMTマスターII ブラック 126710GRNR ステンレススティール ジュビリーブレス 【1年保証】,https://item.rakuten.co.jp/emedama/2447020205257/,https://www.chrono24.com/rolex/rolex-gmt-master-ii--id47560413.htm
-6.7,"US_DEALER, not a hand carry",SBGP011,non-JP,2798,2555,2623,US grey,1790,VERIFIED,C24 research PARTIAL,5,UNKNOWN,ippo,Grand Seiko Heritage Collection SBGP011 quartz 9F85 watch,https://www.ippojapanwatch.com/products/grand-seiko-heritage-collection-sbgp011-quartz-9f85-watch,
-6.7,PASS,126710GRNR,JP,23836,21768,22337,Chrono24,20248,VERIFIED,C24 scrape,20,FULL_SET|AA_LIKE_NEW,kitamura,【中古】 【新品同様】 ロレックス(ROLEX) GMTマスターII ブラック 126710GRNR ステンレススティール ジュビリーブレス 【1年保証】,https://item.rakuten.co.jp/emedama/2447020202829/,https://www.chrono24.com/rolex/rolex-gmt-master-ii--id47560413.htm
-6.7,PASS,126710GRNR,JP,23836,21768,22337,Chrono24,20248,VERIFIED,C24 scrape,20,FULL_SET|AA_LIKE_NEW,kitamura,【中古】 【新品同様】 ロレックス(ROLEX) GMTマスターII ブラック 126710GRNR ステンレススティール ジュビリーブレス 【1年保証】,https://item.rakuten.co.jp/emedama/2447020202140/,https://www.chrono24.com/rolex/rolex-gmt-master-ii--id47560413.htm
-6.7,PASS,126715CHNR,JP,46754,42698,43832,Chrono24,38874,DERIVED,C24 scrape n=1 THIN,1,FULL_SET,rasin,"ROLEX GMT Master II 126715CHNR Black, Random Serial Number Used Men's Watch",https://en.www.rasin.co.jp/SHOP/U-126715CHNR-4.html,https://www.chrono24.com/rolex/rolex-gmt-master-ii--id47374257.htm
-6.8,PASS,16520,JP,33910,30968,31755,Chrono24 US,28092,VERIFIED,C24 research VARIANT RISK,,UNKNOWN,commit,ロレックス デイトナ エルプリメロ Ref.16520 ステンレススチール ホワイト文字盤 中古 m5meuvhe,https://commit-watch.co.jp/products/m5meuvhe,
-6.8,PASS,16520,JP,33910,30968,31755,Chrono24 US,28092,VERIFIED,C24 research VARIANT RISK,,UNKNOWN,commit,ロレックス デイトナ エルプリメロ Ref.16520 ステンレススチール ホワイト文字盤 中古 yjyvxhfw,https://commit-watch.co.jp/products/yjyvxhfw,
-6.8,PASS,16520,JP,33910,30968,31755,Chrono24 US,28092,VERIFIED,C24 research VARIANT RISK,,UNKNOWN,commit,ロレックス デイトナ エルプリメロ Ref.16520 ステンレススチール ブラック文字盤 中古 crg78wyp,https://commit-watch.co.jp/products/crg78wyp,
-6.8,PASS,16520,JP,33910,30968,31755,Chrono24 US,28092,VERIFIED,C24 research VARIANT RISK,,UNKNOWN,commit,ロレックス デイトナ エルプリメロ Ref.16520 ステンレススチール ブラック文字盤 中古 eiam894s,https://commit-watch.co.jp/products/eiam894s,
-6.8,"US_DEALER, not a hand carry",WSTA0041,non-JP,3532,3226,3307,Chrono24 US,3078,VERIFIED,C24 research,13,FULL_SET,okura,カルティエ Cartier タンク マスト LM WSTA0041 シルバー ステンレススチール クオーツ メンズ 腕時計,https://ec.wb-ookura.com/products/2300046000247,
-6.8,"US_DEALER, not a hand carry",116515LN,non-JP,40974,37419,38357,Chrono24,34800,DERIVED,C24 scrape,17,FULL_SET,okura,ロレックス ROLEX デイトナ 116515LN ピンクゴールド ピンクゴールド 自動巻き メンズ 腕時計,https://ec.wb-ookura.com/products/2300045337184,https://www.chrono24.com/rolex/daytona-116515ln-choco-arabic-brown-arabic-dial-rose-gold-leather-strap-40mm-2013--id47579182.htm
-6.8,"US_DEALER, not a hand carry *PAPERS",16610,non-JP,11690,10676,10949,Chrono24,9276,VERIFIED,C24 scrape,12,BODY_ONLY,satindoll,サブマリーナー,https://www.satindollweb.com/products/detail/11521,https://www.chrono24.com/rolex/submariner-date--id47263096.htm
-6.8,"US_DEALER, not a hand carry",WSTA0041,non-JP,3532,3226,3307,Chrono24 US,3078,VERIFIED,C24 research,13,FULL_SET,okura,カルティエ Cartier タンク マスト LM WSTA0041 シルバー ステンレススチール クオーツ メンズ 腕時計,https://ec.wb-ookura.com/products/2300046098664,
-6.9,"US_DEALER, not a hand carry",310.32.42.50.04.001,non-JP,9526,8700,8913,Chrono24,7268,VERIFIED,C24 scrape n=1 THIN,1,UNKNOWN,topper,Omega Speedmaster Moonwatch Professional Master Chronometer White Dial 310.32.42.50.04.001,https://www.topperjewelers.com/products/omega-310-32-42-50-04-001,https://www.chrono24.com/omega/omega-2026-speedmaster-moonwatch-pro-42mm-31032425004001-white-dial--id46982131.htm
-6.9,PASS,278274,JP,16149,14748,15104,Chrono24,12354,VERIFIED,C24 scrape,3,FULL_SET,bettyroad,ロレックス ROLEX デイトジャスト 31 278274 新品 時計 ボーイズ,https://item.rakuten.co.jp/bettyroad/6408655/,https://www.chrono24.com/rolex/rolex-datejust-31--id46780019.htm
-6.9,"US_DEALER, not a hand carry",WSTA0065,non-JP,4027,3677,3767,US AD new,3242,VERIFIED,C24 research,,FULL_SET,okura,カルティエ Cartier タンク フランセーズ SM WSTA0065 シルバー ステンレススチール クオーツ レディース 腕時計,https://ec.wb-ookura.com/products/2300046018761,
-6.9,"US_DEALER, not a hand carry",50505,non-JP,14170,12941,13258,"mark, NO VENUE",13258,VERIFIED,,,UNKNOWN,satindoll,チェリーニ デイト,https://www.satindollweb.com/products/detail/11562,
-6.9,"US_DEALER, not a hand carry",126710GRNR,non-JP,23878,21806,22337,Chrono24,20248,VERIFIED,C24 scrape,20,FULL_SET,okura,ロレックス ROLEX GMTマスター2 126710GRNR ブラック ステンレススチール 自動巻き メンズ 腕時計,https://ec.wb-ookura.com/products/2343470017498,https://www.chrono24.com/rolex/rolex-gmt-master-ii--id47560413.htm
-6.9,"US_DEALER, not a hand carry",126710GRNR,non-JP,23878,21806,22337,Chrono24,20248,VERIFIED,C24 scrape,20,FULL_SET,okura,ロレックス ROLEX GMTマスター2 126710GRNR ブラック ステンレススチール 自動巻き メンズ 腕時計,https://ec.wb-ookura.com/products/2343470017559,https://www.chrono24.com/rolex/rolex-gmt-master-ii--id47560413.htm
-6.9,PASS,126900,JP,10520,9607,9844,Chrono24,8325,VERIFIED,C24 scrape n=1 THIN,1,FULL_SET|AA_LIKE_NEW,kitamura,【中古】 【新品同様】 ロレックス(ROLEX) エアキング ブラック 126900 ステンレス 【1年保証】,https://item.rakuten.co.jp/emedama/2445740040127/,https://www.chrono24.com/rolex/air-king--id47674791.htm
-7.0,PASS,126621,JP,20623,18833,19265,Chrono24,15659,VERIFIED,C24 scrape n=1 THIN,1,FULL_SET,jackroad,ロレックス ROLEX ヨットマスター 126621 新品 時計 メンズ,https://item.rakuten.co.jp/jackroad/rx1142/,https://www.chrono24.com/rolex/like-new-2023-yacht-master-40-2-tone-chocolate-dial-126621--id47701258.htm
-7.0,"US_DEALER, not a hand carry",326934,non-JP,20487,18710,19145,Chrono24,18491,VERIFIED,C24 scrape,16,FULL_SET,okura,ロレックス ROLEX スカイドゥエラー 326934 ホワイト ホワイトゴールド/ステンレススチール 自動巻き メンズ 腕時計,https://ec.wb-ookura.com/products/2300046088733,https://www.chrono24.com/rolex/sky-dweller--id43157245.htm
-7.1,PASS,4520V/210A-B483,JP,28823,26323,26915,"mark, NO VENUE",26915,VERIFIED,,,UNKNOWN,commit,ヴァシュロンコンスタンタン オーヴァーシーズ オートマティック Ref.4520V/210A-B483 ステンレススチール ブラック文字盤 中古 8ga68uww,https://commit-watch.co.jp/products/8ga68uww,
-7.2,PASS,126729VTNR,JP,51250,46804,47827,"mark, NO VENUE",47827,VERIFIED,,,FULL_SET,rasin,PRICEDOWN ROLEX GMT Master II 126729VTNR Green Random Serial Number Used Men&#39;s Watch,https://en.www.rasin.co.jp/SHOP/U-126729VTNR-3.html,
-7.2,PASS,WSPN0016,JP,6918,6318,6454,Chrono24 US,5860,VERIFIED,C24 research,,FULL_SET,jackroad,カルティエ CARTIER パンテール ドゥ カルティエ LM WSPN0016 新品 時計 男女兼用,https://item.rakuten.co.jp/jackroad/ca1021/,
-7.2,PASS,278341RBR,JP,19138,17478,17849,"mark, NO VENUE",17849,VERIFIED,,,UNKNOWN,rasin,Rolex Datejust 31 278341RBR Slate (Darkclodia/Grey) Bars 5 Rows Jubilee bracelet Random Nu,https://en.www.rasin.co.jp/SHOP/U-278341RBRSL.html,
-7.2,"US_DEALER, not a hand carry",126715CHNR,non-JP,46979,42903,43832,Chrono24,38874,DERIVED,C24 scrape n=1 THIN,1,FULL_SET,okura,ロレックス ROLEX GMTマスター2 126715CHNR ブラック ピンクゴールド 自動巻き メンズ 腕時計,https://ec.wb-ookura.com/products/2341950020310,https://www.chrono24.com/rolex/rolex-gmt-master-ii--id47374257.htm
-7.2,"US_DEALER, not a hand carry",126715CHNR,non-JP,46979,42903,43832,Chrono24,38874,DERIVED,C24 scrape n=1 THIN,1,FULL_SET,okura,ロレックス ROLEX GMTマスター2 126715CHNR ブラック ピンクゴールド 自動巻き メンズ 腕時計,https://ec.wb-ookura.com/products/2341950018867,https://www.chrono24.com/rolex/rolex-gmt-master-ii--id47374257.htm
-7.2,"US_DEALER, not a hand carry",310.30.42.50.01.002,non-JP,8124,7419,7576,Chrono24,6493,VERIFIED,C24 scrape n=1 THIN,1,FULL_SET,okura,オメガ OMEGA スピードマスター ムーンウォッチ プロフェッショナル コーアクシャル 310.30.42.50.01.002 ブラック ステンレススチール 手巻き メンズ 腕時,https://ec.wb-ookura.com/products/2300046207325,https://www.chrono24.com/omega/speedmaster-professional-moonwatch--id47068122.htm
-7.3,PASS,16600,JP,10809,9871,10073,Chrono24,9019,VERIFIED,C24 scrape,2,UNKNOWN,commit,ロレックス シードゥエラー Ref.16600 ステンレススチール ブラック文字盤 中古 sg6tf5rp,https://commit-watch.co.jp/products/sg6tf5rp,https://www.chrono24.com/rolex/sea-dweller--id47263835.htm
-7.4,"US_DEALER, not a hand carry",231.10.42.21.03.004,non-JP,5913,5400,5508,"mark, NO VENUE",5508,VERIFIED,,,FULL_SET,exquisite,Omega 231.10.42.21.03.004 Seamaster Aqua Terra,https://www.exquisitetimepieces.com/products/omega-23110422103004-seamaster-aqua-terra-ns21000931856,
-7.4,"US_DEALER, not a hand carry",220.10.41.21.01.001,non-JP,4239,3871,3947,"mark, NO VENUE",3947,VERIFIED,,,FULL_SET,okura,オメガ OMEGA シーマスター アクアテラ 150M コーアクシャル マスタークロノメーター 220.10.41.21.01.001 ブラック ステンレススチール 自動巻き メン,https://ec.wb-ookura.com/products/2300046098855,
-7.4,PASS,231.10.39.60.06.001,JP,2438,2226,2270,"mark, NO VENUE",2270,VERIFIED,,,PAPERS_ONLY|AB_GOOD,kitamura,【中古】 【良品】 オメガ(OMEGA) シーマスター アクアテラ グレー 231.10.39.60.06.001 ステンレススティール 【1年保証】,https://item.rakuten.co.jp/emedama/2483080080854/,
-7.5,PASS,50535,JP,27166,24809,25264,"mark, NO VENUE",25264,VERIFIED,,,UNKNOWN,rasin,PRICEDOWN Rolex Cellini Moonphase 50535 White Random Number Used Men&#39;s,https://en.www.rasin.co.jp/SHOP/U-50535WH-3.html,
-7.5,PASS,126284RBR,JP,23313,21290,21681,US grey,19277,VERIFIED,C24 research VARIANT RISK,10,BOX_ONLY,rasin,PRICEDOWN Rolex Datejust 36 Bezel Diamond VI/IX Diamond 126284RBR Silver Roman 5 Rows Jubi,https://en.www.rasin.co.jp/SHOP/U-126284RBRSVR.html,
-7.5,"US_DEALER, not a hand carry",124200,non-JP,10597,9677,9855,Chrono24,7906,VERIFIED,C24 scrape n=1 THIN,1,FULL_SET,okura,ロレックス ROLEX オイスターパーペチュアル34 124200 キャンディピンク ステンレススチール 自動巻き ユニセックス 腕時計,https://ec.wb-ookura.com/products/2340520145477,https://www.chrono24.com/rolex/oyster-perpetual-34--id47561565.htm
-7.6,PASS,126300,JP,11781,10758,10950,Chrono24,9982,VERIFIED,C24 scrape,7,FULL_SET,jackroad,ロレックス ROLEX デイトジャスト41 126300 新品 時計 メンズ,https://item.rakuten.co.jp/jackroad/rx883/,https://www.chrono24.com/rolex/rolex-datejust-41-white-roman-dial-stainless-steel-41mm-126300----id46780791.htm
-7.6,"US_DEALER, not a hand carry",336934,non-JP,27198,24839,25288,Chrono24,23587,VERIFIED,C24 scrape,35,FULL_SET,okura,ロレックス ROLEX スカイドゥエラー 336934 ブルー ホワイトゴールド/ステンレススチール 自動巻き メンズ 腕時計,https://ec.wb-ookura.com/products/2300046141353,https://www.chrono24.com/rolex/like-new-2025-sky-dweller-steel-jubilee-black-dial-336934--id47597729.htm
-7.6,"US_DEALER, not a hand carry",116680,non-JP,18721,17097,17401,Chrono24 US,15999,VERIFIED,C24 research PARTIAL,20,FULL_SET,okura,ロレックス ROLEX ヨットマスター2 116680 ホワイト ステンレススチール 自動巻き メンズ 腕時計,https://ec.wb-ookura.com/products/2300045961082,
-7.6,"US_DEALER, not a hand carry",116622,non-JP,13069,11935,12143,"mark, NO VENUE",12143,VERIFIED,,,FULL_SET,okura,ロレックス ROLEX ヨットマスター40 116622 ブルー プラチナ/ステンレススチール 自動巻き メンズ 腕時計,https://ec.wb-ookura.com/products/2300046206762,
-7.6,PASS,336934,JP,27198,24839,25288,Chrono24,23587,VERIFIED,C24 scrape,35,UNKNOWN|AA_LIKE_NEW,commit,ロレックス スカイドゥエラー Ref.336934 ステンレススチール/ホワイトゴールド ブルー文字盤 ジュビリーブレスレット 未使用 3errdavn,https://commit-watch.co.jp/products/3errdavn,https://www.chrono24.com/rolex/like-new-2025-sky-dweller-steel-jubilee-black-dial-336934--id47597729.htm
-7.7,PASS,15210OR,JP,22465,20516,20859,Chrono24 US,20091,VERIFIED,C24 research,,UNKNOWN,commit,オーデマピゲ CODE 11.59 バイ オーデマ ピゲ Ref.15210OR.OO.A056KB.01 ピンクゴールド グリーン文字盤 美中古 h8n5qnre,https://commit-watch.co.jp/products/h8n5qnre,
-7.7,"US_DEALER, not a hand carry",126710BLNR,non-JP,20346,18581,18889,Chrono24,17118,VERIFIED,C24 scrape,28,FULL_SET,okura,ロレックス ROLEX GMTマスター2 126710BLNR ブラック ステンレススチール 自動巻き メンズ 腕時計,https://ec.wb-ookura.com/products/2300046156494,https://www.chrono24.com/rolex/gmt-master-ii-batman-126710blnr-full-kit--id38713650.htm
-7.8,PASS,126710BLNR,JP,20359,18593,18889,Chrono24,17118,VERIFIED,C24 scrape,28,PAPERS_ONLY,jackroad,ロレックス ROLEX GMTマスターII 126710BLNR 中古 時計 メンズ,https://item.rakuten.co.jp/jackroad/6384669/,https://www.chrono24.com/rolex/gmt-master-ii-batman-126710blnr-full-kit--id38713650.htm
-8.0,PASS,126720VTNR,JP,19041,17389,17628,Chrono24,14816,DERIVED,C24 scrape,6,FULL_SET,jackroad,ロレックス ROLEX GMTマスターII 126720VTNR 中古 時計 メンズ,https://item.rakuten.co.jp/jackroad/6342362/,https://www.chrono24.com/rolex/rolex-gmt-master-ii-sprite-126720vtnr--id47697234.htm
-8.0,"US_DEALER, not a hand carry",WSTA0042,non-JP,2967,2710,2746,"mark, NO VENUE",2746,VERIFIED,,,FULL_SET,okura,カルティエ Cartier タンク マスト SM WSTA0042 シルバー ステンレススチール クオーツ レディース 腕時計,https://ec.wb-ookura.com/products/2351050001591,
-8.0,"US_DEALER, not a hand carry",326.30.40.50.06.001,non-JP,3744,3419,3468,"mark, NO VENUE",3468,VERIFIED,,,FULL_SET,okura,オメガ OMEGA スピードマスター レーシングコーアクシャル クロノメーター クロノグラフ 326.30.40.50.06.001 グレー ステンレススチール 自動巻き メンズ ,https://ec.wb-ookura.com/products/2300046010482,
-8.0,"US_DEALER, not a hand carry",126234,non-JP,13564,12387,12559,Chrono24,12488,VERIFIED,C24 scrape,8,FULL_SET,okura,ロレックス ROLEX デイトジャスト36 126234 ミントグリーン ホワイトゴールド/ステンレススチール 自動巻き メンズ 腕時計,https://ec.wb-ookura.com/products/2300046203822,https://www.chrono24.com/rolex/rolex-pre-owned-rolex-oyster-oysterseel-perpetual-datejust-silver-dial-36mm-watch-2021-126234--id44628162.htm
-8.1,PASS,228238,JP,52984,48387,49018,Chrono24,49893,VERIFIED,C24 scrape,29,UNKNOWN,commit,ロレックス デイデイト40 Ref.228238 イエローゴールド シルバーダイアゴナル文字盤 中古 ydhhbrjw,https://commit-watch.co.jp/products/ydhhbrjw,https://www.chrono24.com/rolex/rolex-2016-day-date-40mm-228238-presidential-silver-motif-dial--id47698636.htm
-8.1,PASS,210.30.42.20.01.010,JP,5983,5463,5537,"mark, NO VENUE",5537,VERIFIED,,,FULL_SET,jackroad,オメガ OMEGA シーマスター ダイバー300M コーアクシャル マスター クロノメーター 210.30.42.20.01.010 新品 時計 メンズ,https://item.rakuten.co.jp/jackroad/om1708/,
-8.1,PASS,336934,JP,27343,24971,25288,Chrono24,23587,VERIFIED,C24 scrape,35,FULL_SET,jackroad,ロレックス ROLEX スカイドゥエラー 336934 新品 時計 メンズ,https://item.rakuten.co.jp/jackroad/rx1723/,https://www.chrono24.com/rolex/like-new-2025-sky-dweller-steel-jubilee-black-dial-336934--id47597729.htm
-8.1,PASS,126334,JP,14296,13056,13222,Chrono24,14527,VERIFIED,C24 scrape,48,FULL_SET|A_EXCELLENT,kitamura,【中古】 【美品】 ロレックス(ROLEX) デイトジャスト 41 ダークロジウム [グレー系] 126334 ステンレス/ホワイトゴールド ローマ OB 【1年保証】,https://item.rakuten.co.jp/emedama/2245460006904/,https://www.chrono24.com/rolex/rolex-126334-datejust-41-silver-index-dial-on-oyster-2021--id46657048.htm
-8.1,PASS,126710BLNR,JP,20425,18653,18889,Chrono24,17118,VERIFIED,C24 scrape,28,FULL_SET,jackroad,ロレックス ROLEX GMTマスターII 126710BLNR 中古 時計 メンズ,https://item.rakuten.co.jp/jackroad/6331649/,https://www.chrono24.com/rolex/gmt-master-ii-batman-126710blnr-full-kit--id38713650.htm
-8.2,"US_DEALER, not a hand carry",210.30.42.20.10.001,non-JP,7336,6700,6777,Chrono24,4942,VERIFIED,C24 scrape,9,UNKNOWN,exquisite,Omega Seamaster Diver 300M Green Dial on Bracelet 210.30.42.20.10.001,https://www.exquisitetimepieces.com/products/omega-seamaster-diver-300m-green-dial-bracelet,https://www.chrono24.com/omega/omega-seamaster-diver-300-m--id45157746.htm
-8.2,"US_DEALER, not a hand carry",210.30.42.20.10.001,non-JP,7336,6700,6777,Chrono24,4942,VERIFIED,C24 scrape,9,UNKNOWN,topper,Omega Seamaster Diver 300M Master Chronometer 210.30.42.20.10.001,https://www.topperjewelers.com/products/omega-seamaster-diver-300m-master-chronometer-210-30-42-20-10-001,https://www.chrono24.com/omega/omega-seamaster-diver-300-m--id45157746.htm
-8.2,"US_DEALER, not a hand carry",16710,non-JP,13493,12323,12465,Chrono24,13051,VERIFIED,C24 hand read n=1 THIN,1,FULL_SET,okura,ロレックス ROLEX GMTマスター2 16710 ブラック ステンレススチール 自動巻き メンズ 腕時計,https://ec.wb-ookura.com/products/2300045961112,
-8.2,PASS,268622,JP,14097,12874,13031,Chrono24 US,11731,VERIFIED,C24 research,15,FULL_SET|A_EXCELLENT,kitamura,【中古】 【美品】 ロレックス(ROLEX) ヨットマスター ロレジウム スレート [グレー系] 268622 ステンレス/プラチナ 【1年保証】,https://item.rakuten.co.jp/emedama/2245460008823/,
-8.3,PASS,16570,JP,8831,8065,8151,Chrono24,8104,VERIFIED,C24 scrape,4,UNKNOWN,commit,ロレックス エクスプローラーII Ref.16570 ステンレススチール ブラック文字盤 オイスターブレスレット 美中古 xdikp4ic,https://commit-watch.co.jp/products/xdikp4ic,https://www.chrono24.com/rolex/explorer-ii--id47838616.htm
-8.3,PASS,W5200000,JP,2491,2274,2300,Chrono24,2108,DERIVED,C24 only,,FULL_SET,jackroad,カルティエ CARTIER タンクソロ SM W5200000 中古 時計 レディース,https://item.rakuten.co.jp/jackroad/6273192/,
-8.4,"US_DEALER, not a hand carry",126589RBR,non-JP,81242,74194,74928,"mark, NO VENUE",74928,VERIFIED,,,FULL_SET,okura,ロレックス ROLEX デイトナ 126589RBR ホワイトシェル/ブラックシェル ホワイトゴールド 自動巻き メンズ 腕時計,https://ec.wb-ookura.com/products/2300046073791,
-8.5,PASS,116520,JP,28611,26129,26372,Chrono24,20460,DERIVED,C24 scrape,11,UNKNOWN|AA_LIKE_NEW,commit,ロレックス デイトナ Ref.116520 ステンレススチール ブラック文字盤 未使用 neeg5uii,https://commit-watch.co.jp/products/neeg5uii,https://www.chrono24.com/rolex/daytona--id47560800.htm
-8.5,PASS,215.30.44.22.01.001,JP,6655,6077,6132,Chrono24 US,5145,VERIFIED,LOW,,FULL_SET,jackroad,オメガ OMEGA シーマスター 600 プラネットオーシャン GMT マスタークロノメーター 215.30.44.22.01.001 新品 時計 メンズ,https://item.rakuten.co.jp/jackroad/om747/,
-8.5,PASS,126729VTNR,JP,51892,47390,47827,"mark, NO VENUE",47827,VERIFIED,,,FULL_SET,rasin,PRICEDOWN ROLEX GMT Master II 126729VTNR Green 3 Row Oyster bracelet Random Number Used Me,https://en.www.rasin.co.jp/SHOP/U-126729VTNR-2.html,
-8.5,"US_DEALER, not a hand carry",116505,non-JP,48392,44194,44599,"mark, NO VENUE",44599,VERIFIED,,,FULL_SET,okura,ロレックス ROLEX デイトナ 116505 ピンクゴールド/ブラック ピンクゴールド 自動巻き メンズ 腕時計,https://ec.wb-ookura.com/products/2343470016743,
-8.5,"US_DEALER, not a hand carry",126331,non-JP,19130,17470,17628,Chrono24,17111,VERIFIED,C24 scrape,9,UNKNOWN,satindoll,デイトジャスト41,https://www.satindollweb.com/products/detail/11561,https://www.chrono24.com/rolex/rolex-cpo-datejust-126331-41mm-everose-chocolate-dial--id47697277.htm
-8.6,PASS,16520,JP,34475,31484,31755,Chrono24 US,28092,VERIFIED,C24 research VARIANT RISK,,UNKNOWN,commit,ロレックス デイトナ エルプリメロ Ref.16520 ステンレススチール ブラック文字盤 中古 pmp7afik,https://commit-watch.co.jp/products/pmp7afik,
-8.6,PASS,16520,JP,34475,31484,31755,Chrono24 US,28092,VERIFIED,C24 research VARIANT RISK,,UNKNOWN,commit,ロレックス デイトナ エルプリメロ Ref.16520 ステンレススチール ホワイト文字盤 中古 k6vri7k2,https://commit-watch.co.jp/products/k6vri7k2,
-8.6,PASS,16520,JP,34475,31484,31755,Chrono24 US,28092,VERIFIED,C24 research VARIANT RISK,,UNKNOWN,commit,ロレックス デイトナ エルプリメロ Ref.16520 ステンレススチール ホワイト文字盤 中古 3b5kmyr5,https://commit-watch.co.jp/products/3b5kmyr5,
-8.6,"US_DEALER, not a hand carry",126234,non-JP,13635,12452,12559,Chrono24,12488,VERIFIED,C24 scrape,8,FULL_SET,okura,ロレックス ROLEX デイトジャスト36 126234 ブライトブルー ホワイトゴールド/ステンレススチール 自動巻き メンズ 腕時計,https://ec.wb-ookura.com/products/2300045990679,https://www.chrono24.com/rolex/rolex-pre-owned-rolex-oyster-oysterseel-perpetual-datejust-silver-dial-36mm-watch-2021-126234--id44628162.htm
-8.6,"US_DEALER, not a hand carry",16570,non-JP,8856,8088,8151,Chrono24,8104,VERIFIED,C24 scrape,4,UNKNOWN,satindoll,エクスプローラーII,https://www.satindollweb.com/products/detail/11529,https://www.chrono24.com/rolex/explorer-ii--id47838616.htm
-8.7,"US_DEALER, not a hand carry",310.30.42.50.04.001,non-JP,8124,7419,7473,"mark, NO VENUE",7473,VERIFIED,,,FULL_SET,okura,オメガ OMEGA スピードマスター ムーンウォッチ プロフェッショナル コーアクシャル 310.30.42.50.04.001 ホワイト ステンレススチール 手巻き メンズ 腕時,https://ec.wb-ookura.com/products/2300045849847,
-8.7,PASS,15510BC,JP,105968,96774,97450,"mark, NO VENUE",97450,VERIFIED,,,UNKNOWN|AA_LIKE_NEW,commit,オーデマピゲ ロイヤルオーク Ref.15510BC.OO.1320BC.04 ホワイトゴールド スモークブルー文字盤 未使用 afn37e89,https://commit-watch.co.jp/products/afn37e89,
-8.7,"US_DEALER, not a hand carry",116515LN,non-JP,41681,38065,38357,Chrono24,34800,DERIVED,C24 scrape,17,FULL_SET,okura,ロレックス ROLEX デイトナ 116515LN チョコ ピンクゴールド 自動巻き メンズ 腕時計,https://ec.wb-ookura.com/products/2340980058614,https://www.chrono24.com/rolex/daytona-116515ln-choco-arabic-brown-arabic-dial-rose-gold-leather-strap-40mm-2013--id47579182.htm
-8.7,"US_DEALER, not a hand carry",310.30.42.50.04.001,non-JP,8124,7419,7473,"mark, NO VENUE",7473,VERIFIED,,,FULL_SET,okura,オメガ OMEGA スピードマスター ムーンウォッチ プロフェッショナル コーアクシャル マスタークロノメーター 310.30.42.50.04.001 ホワイト ステンレススチー,https://ec.wb-ookura.com/products/2300046229839,
-8.8,PASS,WSTA0067,JP,6786,6198,6236,Chrono24 US,4581,VERIFIED,C24 research,,FULL_SET,jackroad,カルティエ CARTIER タンクフランセーズ LM WSTA0067 新品 時計 メンズ,https://item.rakuten.co.jp/jackroad/ca785/,
-8.8,"US_DEALER, not a hand carry",16710,non-JP,13564,12387,12465,Chrono24,13051,VERIFIED,C24 hand read n=1 THIN,1,FULL_SET,okura,ロレックス ROLEX GMTマスター2 16710 ブラック ステンレススチール 自動巻き メンズ 腕時計,https://ec.wb-ookura.com/products/2341950025025,
-8.8,"US_DEALER, not a hand carry",210.92.44.20.01.003,non-JP,7065,6452,6494,"mark, NO VENUE",6494,VERIFIED,,,FULL_SET,okura,オメガ OMEGA シーマスターダイバー300Mコーアクシャル マスター クロノメーター 210.92.44.20.01.003 ブラック セラミック 自動巻き メンズ 腕時計,https://ec.wb-ookura.com/products/2300046291928,
-8.9,PASS,116520,JP,28727,26234,26372,Chrono24,20460,DERIVED,C24 scrape,11,FULL_SET,jackroad,ロレックス ROLEX コスモグラフ デイトナ 116520 中古 時計 メンズ,https://item.rakuten.co.jp/jackroad/6336927/,https://www.chrono24.com/rolex/daytona--id47560800.htm
-8.9,"US_DEALER, not a hand carry",324.30.38.50.01.001,non-JP,4592,4194,4217,"mark, NO VENUE",4217,VERIFIED,,,FULL_SET,okura,オメガ OMEGA スピードマスター 38 コーアクシャル クロノメーター クロノグラフ 324.30.38.50.01.001 ブラック ステンレススチール 自動巻き メンズ 腕,https://ec.wb-ookura.com/products/2300045983671,
-9.0,"US_DEALER, not a hand carry *PAPERS",SBGM221,non-JP,5913,5400,5426,Chrono24,3773,VERIFIED,C24 scrape,4,BOX_ONLY,topper,Grand Seiko Automatic GMT SBGM221,https://www.topperjewelers.com/products/grand-seiko-automatic-gmt-sbgm221-1,https://www.chrono24.com/grandseiko/grand-seiko-2026-elegance-collection-gmt-39mm-sbgm221--id43300050.htm
-9.0,"US_DEALER, not a hand carry",WSTA0041,non-JP,3603,3290,3307,Chrono24 US,3078,VERIFIED,C24 research,13,FULL_SET,okura,カルティエ Cartier タンク マスト LM WSTA0041 シルバー ステンレススチール クオーツ レディース 腕時計,https://ec.wb-ookura.com/products/2300046099067,
-9.0,"US_DEALER, not a hand carry",136660,non-JP,15401,14065,14124,Chrono24,14299,VERIFIED,C24 hand read n=1 THIN,1,PAPERS_ONLY,okura,ロレックス ROLEX ディープシー 136660 Dブルー ステンレススチール 自動巻き メンズ 腕時計,https://ec.wb-ookura.com/products/2339650032641,
-9.0,"US_DEALER, not a hand carry",WSTA0041,non-JP,3603,3290,3307,Chrono24 US,3078,VERIFIED,C24 research,13,FULL_SET,okura,カルティエ Cartier タンクマスト LM WSTA0041 シルバー ステンレススチール クオーツ メンズ 腕時計,https://ec.wb-ookura.com/products/2300046098824,
-9.1,PASS,15550ST,JP,49310,45032,45215,"mark, NO VENUE",45215,VERIFIED,,,UNKNOWN,commit,オーデマピゲ ロイヤルオーク Ref.15550ST.OO.1356ST.07 ステンレススチール グレー文字盤 中古 uqjupd9u,https://commit-watch.co.jp/products/uqjupd9u,
-9.1,PASS,A17376,JP,3512,3207,3218,Chrono24 US,3160,VERIFIED,C24 research,8,FULL_SET|AB_GOOD,kitamura,【中古】 【良品】 ブライトリング スーパーオーシャン ターコイズ [ブルー系] A17376211L2A1/A17376 ステンレススティール オートマチック44 SSブレス 【,https://item.rakuten.co.jp/emedama/2245460008618/,
-9.1,PASS,116900,JP,8665,7913,7939,Chrono24,6982,VERIFIED,C24 scrape n=1 THIN,1,FULL_SET|AB_GOOD,kitamura,【中古】 【良品】 ロレックス(ROLEX) エアキング ブラック 116900 ステンレス 【1年保証】,https://item.rakuten.co.jp/emedama/2245460009653/,https://www.chrono24.com/rolex/air-king--id46582098.htm
-9.2,"US_DEALER, not a hand carry",220.32.41.21.03.001,non-JP,8541,7800,7824,Chrono24,7254,DERIVED,C24 scrape,2,UNKNOWN,exquisite,Omega Seamaster Aqua Terra 150M 41mm 220.32.41.21.03.001,https://www.exquisitetimepieces.com/products/omega-22032412103001-seamaster-aqua-terra-150m,https://www.chrono24.com/omega/omega-new-2026-aqua-terra-turquoise-dial-41mm-on-rubber-22032412103001--id47526886.htm
-9.2,"US_DEALER, not a hand carry",220.32.41.21.03.001,non-JP,8541,7800,7824,Chrono24,7254,DERIVED,C24 scrape,2,UNKNOWN,topper,Omega Seamaster Aqua Terra 150M Co‑Axial Master Chronometer 41mm 220.32.41.21.03.001,https://www.topperjewelers.com/products/omega-220-32-41-21-03-001,https://www.chrono24.com/omega/omega-new-2026-aqua-terra-turquoise-dial-41mm-on-rubber-22032412103001--id47526886.htm
-9.3,SUSPECT_DATA,126333,JP,16157,14755,14781,Chrono24,15666,VERIFIED,C24 scrape,16,UNKNOWN|AA_LIKE_NEW,kamekichi,,https://www.kame-kichi.com/items/36599,https://www.chrono24.com/rolex/datejust-41--id47176572.htm
-9.3,PASS,116520,JP,28823,26323,26372,Chrono24,20460,DERIVED,C24 scrape,11,UNKNOWN,commit,ロレックス デイトナ Ref.116520 ステンレススチール アイボリー文字盤 中古 8q3gkwzh,https://commit-watch.co.jp/products/8q3gkwzh,https://www.chrono24.com/rolex/daytona--id47560800.htm
-9.4,PASS,128238,JP,61802,56440,56495,Chrono24,48495,VERIFIED,C24 scrape,9,FULL_SET,jackroad,ロレックス ROLEX デイデイト 36 128238 新品 時計 メンズ,https://item.rakuten.co.jp/jackroad/rx2081/,https://www.chrono24.com/rolex/new-november-2025-unworn-day-date-36-president-yellow-gold-green-ombre-dial-128238--id46890816.htm
-9.4,PASS,116622,JP,13281,12129,12143,"mark, NO VENUE",12143,VERIFIED,,,UNKNOWN,commit,ロレックス ヨットマスター40 Ref.116622 ステンレススチール/プラチナ ダークロジウム文字盤 中古 j3bhyhnv,https://commit-watch.co.jp/products/j3bhyhnv,
-9.5,"US_DEALER, not a hand carry *PAPERS",116506,non-JP,107912,98550,98549,Chrono24,130360,DERIVED,C24 scrape,19,BOX_ONLY,hqmilton,"2017 Rolex Platinum Daytona 116506 Box, Card, Booklet & Tag",https://hqmilton.com/products/2017-rolex-platinum-daytona-116506-box-card-booklet-tag,https://www.chrono24.com/rolex/rolex-daytona--id47264372.htm
-9.5,"US_DEALER, not a hand carry",SBGX355,non-JP,3815,3484,3484,Chrono24 US,3100,VERIFIED,C24 research,,FULL_SET,okura,グランドセイコー Grand Seiko スポーツコレクション GMT 9F クォーツ SBGX355(9F62-0AR0) ホワイト チタン クオーツ メンズ 腕時計,https://ec.wb-ookura.com/products/2300045983381,
-9.5,"US_DEALER, not a hand carry",WSTA0135,non-JP,3956,3613,3614,US AD retail,3198,VERIFIED,C24 research,8,FULL_SET,okura,カルティエ Cartier タンク マスト SM WSTA0135 シルバー ステンレススチール クオーツ レディース 腕時計,https://ec.wb-ookura.com/products/2300046203969,
-9.6,"US_DEALER, not a hand carry",26420TI,non-JP,30801,28129,28102,"mark, NO VENUE",28102,VERIFIED,,,FULL_SET,okura,オーデマ・ピゲ AUDEMARS PIGUET ロイヤルオークオフショア クロノグラフ 26420TI.OO.A027CA.01 ブルー チタン 自動巻き メンズ 腕時計,https://ec.wb-ookura.com/products/2300045728494,
-9.6,"US_DEALER, not a hand carry",116515LN,non-JP,42034,38387,38357,Chrono24,34800,DERIVED,C24 scrape,17,FULL_SET,okura,ロレックス ROLEX デイトナ 116515LN アイボリー ピンクゴールド 自動巻き メンズ 腕時計,https://ec.wb-ookura.com/products/2300045285867,https://www.chrono24.com/rolex/daytona-116515ln-choco-arabic-brown-arabic-dial-rose-gold-leather-strap-40mm-2013--id47579182.htm
-9.6,"US_DEALER, not a hand carry *PAPERS",SBGE285,non-JP,6818,6227,6221,"mark, NO VENUE",6221,VERIFIED,,,BOX_ONLY,ippo,Grand Seiko Evolution 9 Collection SBGE285 Spring drive watch,https://www.ippojapanwatch.com/products/grand-seiko-evolution-9-collection-sbge285-spring-drive-watch,
-9.6,PASS,201.027,JP,18226,16645,16629,"mark, NO VENUE",16629,VERIFIED,,,UNKNOWN,commit,A.ランゲ＆ゾーネ サクソニア フラッハ Ref.201.027 ホワイトゴールド シルバー文字盤 中古 55ethruq,https://commit-watch.co.jp/products/55ethruq,
-9.7,"US_DEALER, not a hand carry *PAPERS",126334,non-JP,14509,13250,13222,Chrono24,14527,VERIFIED,C24 scrape,48,BOX_ONLY,hqmilton,"2024 Rolex 41mm Datejust 126334 White Roman Dial Jubilee Bracelet W/ Box, Card & Chronotag",https://hqmilton.com/products/2024-rolex-41mm-datejust-126334-white-roman-dial-jubilee-bracelet-w-box-card-chronotag,https://www.chrono24.com/rolex/rolex-126334-datejust-41-silver-index-dial-on-oyster-2021--id46657048.htm
-9.7,"US_DEALER, not a hand carry",126200,non-JP,10032,9161,9143,Chrono24,9044,VERIFIED,C24 hand read,3,FULL_SET,okura,ロレックス ROLEX デイトジャスト36 126200 ブライトブルー ステンレススチール 自動巻き メンズ 腕時計,https://ec.wb-ookura.com/products/2351050001300,
-9.7,"US_DEALER, not a hand carry",126234,non-JP,13776,12581,12559,Chrono24,12488,VERIFIED,C24 scrape,8,FULL_SET,okura,ロレックス ROLEX デイトジャスト 36 126234 スレート(ダークロジウム) ホワイトゴールド/ステンレススチール　 自動巻き メンズ 腕時計,https://ec.wb-ookura.com/products/2351050000181,https://www.chrono24.com/rolex/rolex-pre-owned-rolex-oyster-oysterseel-perpetual-datejust-silver-dial-36mm-watch-2021-126234--id44628162.htm
-9.7,"US_DEALER, not a hand carry",126300,non-JP,12010,10968,10950,Chrono24,9982,VERIFIED,C24 scrape,7,FULL_SET,okura,ロレックス ROLEX デイトジャスト41 126300 スレート ステンレススチール 自動巻き メンズ 腕時計,https://ec.wb-ookura.com/products/2351050001997,https://www.chrono24.com/rolex/rolex-datejust-41-white-roman-dial-stainless-steel-41mm-126300----id46780791.htm
-9.7,PASS,126234,JP,13776,12581,12559,Chrono24,12488,VERIFIED,C24 scrape,8,UNKNOWN,commit,ロレックス デイトジャスト36 Ref.126234 ステンレススチール/ホワイトゴールド スレートローマン文字盤 ジュビリーブレスレット 中古 bn47yx3u,https://commit-watch.co.jp/products/bn47yx3u,https://www.chrono24.com/rolex/rolex-pre-owned-rolex-oyster-oysterseel-perpetual-datejust-silver-dial-36mm-watch-2021-126234--id44628162.htm
-9.8,PASS,WSBB0062,JP,6312,5764,5748,Chrono24 US,4957,VERIFIED,C24 research,,FULL_SET,jackroad,カルティエ CARTIER バロン ブルー ドゥ カルティエ 33mm WSBB0062 新品 時計 レディース,https://item.rakuten.co.jp/jackroad/ca802/,
-9.8,"US_DEALER, not a hand carry",116333,non-JP,12716,11613,11578,"mark, NO VENUE",11578,VERIFIED,,,FULL_SET,okura,ロレックス ROLEX デイトジャスト2 116333 ブラック ゴールド/ステンレススチール 自動巻き メンズ 腕時計,https://ec.wb-ookura.com/products/2351050001126,
-9.8,"US_DEALER, not a hand carry",126710BLRO,non-JP,28965,26452,26388,Chrono24,21868,VERIFIED,C24 scrape,10,FULL_SET,okura,ロレックス ROLEX GMTマスター2 126710BLRO ブラック ステンレススチール 自動巻き メンズ 腕時計,https://ec.wb-ookura.com/products/2340980055415,https://www.chrono24.com/rolex/rolex-gmt-master-ii--id46951141.htm
-9.8,"US_DEALER, not a hand carry",SBGR325,non-JP,4133,3774,3765,"mark, NO VENUE",3765,VERIFIED,,,FULL_SET,okura,グランドセイコー Grand Seiko ヘリテージコレクション 世界1200本限定(国内600本) SBGR325(9S65-00W0) ブルー ステンレススチール 自動巻き メ,https://ec.wb-ookura.com/products/2341950022888,
-9.8,PASS,79310N,JP,9890,9032,9009,"mark, NO VENUE",9009,VERIFIED,,,UNKNOWN|AA_LIKE_NEW,commit,チューダー(チュードル) ブラックベイ クロノ 39 Ref.79310N ステンレススチール イエロー文字盤 未使用 h6navcd9,https://commit-watch.co.jp/products/h6navcd9,
-9.9,PASS,126718GRNR,JP,57651,52649,52445,Chrono24,43309,DERIVED,C24 scrape,7,FULL_SET,jackroad,ロレックス ROLEX GMTマスターII 126718GRNR 新品 時計 メンズ,https://item.rakuten.co.jp/jackroad/rx1694/,https://www.chrono24.com/rolex/rolex-2024-gmt-master-ii-40mm-126718grnr-yellow-gold-jubilee-black-dial--id47612517.htm
-9.9,PASS,SBGX355,JP,3829,3497,3484,Chrono24 US,3100,VERIFIED,C24 research,,FULL_SET|A_EXCELLENT,kitamura,【中古】 【美品】 グランドセイコー クォーツ ホワイト SBGX355/9F62-0AR0 雪白 チタン 【1年保証】,https://item.rakuten.co.jp/emedama/2245460006171/,
-9.9,"US_DEALER, not a hand carry",16710,non-JP,13705,12516,12465,Chrono24,13051,VERIFIED,C24 hand read n=1 THIN,1,FULL_SET,okura,ロレックス ROLEX GMTマスター2 16710 ブラック ステンレススチール 自動巻き メンズ 腕時計,https://ec.wb-ookura.com/products/2300045344977,
-10.0,"US_DEALER, not a hand carry",WSSA0085,non-JP,4804,4387,4369,US grey new,4495,VERIFIED,C24 research,8,FULL_SET,okura,カルティエ Cartier サントス デュモン WSSA0085 シルバー ステンレススチール クオーツ メンズ 腕時計,https://ec.wb-ookura.com/products/2339650035512,
-10.0,"US_DEALER, not a hand carry",136660,non-JP,15542,14194,14124,Chrono24,14299,VERIFIED,C24 hand read n=1 THIN,1,FULL_SET,okura,ロレックス ROLEX ディープシー Dブルー 136660 ブルー ステンレススチール 自動巻き メンズ 腕時計,https://ec.wb-ookura.com/products/2341810070295,
-10.0,"US_DEALER, not a hand carry",136668LB,non-JP,64287,58710,58435,"mark, NO VENUE",58435,VERIFIED,,,FULL_SET,okura,ロレックス ROLEX ディープシー 136668LB ブルー ゴールド 自動巻き メンズ 腕時計,https://ec.wb-ookura.com/products/2340980058645,
-10.1,PASS,126300,JP,12057,11011,10950,Chrono24,9982,VERIFIED,C24 scrape,7,FULL_SET,jackroad,ロレックス ROLEX デイトジャスト41 126300 新品 時計 メンズ,https://item.rakuten.co.jp/jackroad/rx932/,https://www.chrono24.com/rolex/rolex-datejust-41-white-roman-dial-stainless-steel-41mm-126300----id46780791.htm
-10.1,PASS,14270,JP,7648,6985,6948,Chrono24,5700,EST,C24 scrape n=1 THIN,1,FULL_SET|A_EXCELLENT,kitamura,【中古】 【美品】 ロレックス(ROLEX) エクスプローラーI ブラック 14270 ステンレス 【1年保証】,https://item.rakuten.co.jp/emedama/2245460006980/,https://www.chrono24.com/rolex/explorer--id47191152.htm
-10.1,PASS,336938,JP,78994,72141,71722,Chrono24,61663,VERIFIED,LOW,,FULL_SET,rasin,PRICEDOWN Rolex Sky-Dweller 336938 Green 3-row Oyster bracelet Random Number Used Men&#39;,https://en.www.rasin.co.jp/SHOP/U-336938GR.html,
-10.2,PASS,SLGC001,JP,10740,9808,9746,Chrono24,8794,VERIFIED,C24 only,,FULL_SET|AA_LIKE_NEW,jackroad,グランドセイコー GRAND SEIKO エボリューション9 コレクション テンタグラフ メカニカルクロノ SLGC001 中古 時計 メンズ,https://item.rakuten.co.jp/jackroad/6365194/,
-10.2,"US_DEALER, not a hand carry",4200H/222A-B934,non-JP,56516,51613,51270,"mark, NO VENUE",51270,VERIFIED,,,FULL_SET,okura,ヴァシュロン・コンスタンタン VACHERON CONSTANTIN ヒストリーク 222 4200H/222A-B934 ブルー ステンレススチール 自動巻き メンズ 腕時計,https://ec.wb-ookura.com/products/2343470017252,
-10.2,PASS,SBGX261,JP,1974,1803,1791,"mark, NO VENUE",1791,VERIFIED,,,FULL_SET|AB_GOOD,kitamura,【中古】 【良品】 グランドセイコー ヘリテージコレクション ブラック SBGX261 ステンレススティール 【1年保証】,https://item.rakuten.co.jp/emedama/2484090046465/,
-10.2,PASS,SBGX261,JP,1974,1803,1791,"mark, NO VENUE",1791,VERIFIED,,,FULL_SET|A_EXCELLENT,kitamura,【中古】 【美品】 グランドセイコー ヘリテージコレクション ブラック SBGX261 ステンレススティール 【1年保証】,https://item.rakuten.co.jp/emedama/2449500086530/,
-10.2,PASS,126331,JP,19427,17742,17628,Chrono24,17111,VERIFIED,C24 scrape,9,UNKNOWN|AA_LIKE_NEW,commit,ロレックス デイトジャスト41 Ref.126331 ステンレススチール/エバーローズゴールド スレートローマン文字盤 オイスターブレスレット 未使用 imu3suba,https://commit-watch.co.jp/products/imu3suba,https://www.chrono24.com/rolex/rolex-cpo-datejust-126331-41mm-everose-chocolate-dial--id47697277.htm
-10.3,"US_DEALER, not a hand carry *PAPERS",16610,non-JP,12074,11026,10949,Chrono24,9276,VERIFIED,C24 scrape,12,BODY_ONLY,firekids,ロレックス サブマリーナデイト 1991年製 Ref.16610 トリチウム夜光 自動巻 純正ステンレスブレス付,https://firekids.jp/products/detail/14990,https://www.chrono24.com/rolex/submariner-date--id47263096.htm
-10.3,PASS,279384RBR,JP,21743,19856,19721,Chrono24 US,16874,VERIFIED,C24 research,,FULL_SET,jackroad,ロレックス ROLEX レディ デイトジャスト 28 279384RBR 新品 時計 レディース,https://item.rakuten.co.jp/jackroad/152082/,
-10.3,PASS,116680,JP,19198,17533,17401,Chrono24 US,15999,VERIFIED,C24 research PARTIAL,20,FULL_SET|A_EXCELLENT,kitamura,【中古】 【美品】 ロレックス(ROLEX) ヨットマスター II ホワイト 116680 ステンレス 白針 【1年保証】,https://item.rakuten.co.jp/emedama/2245460007260/,
-10.3,"US_DEALER, not a hand carry",134300,non-JP,12928,11806,11716,Chrono24,10206,VERIFIED,C24 scrape,9,FULL_SET,okura,ロレックス ROLEX オイスター パーペチュアル 41 134300 ラベンダー ステンレススチール 自動巻き メンズ 腕時計,https://ec.wb-ookura.com/products/2300045738363,https://www.chrono24.com/rolex/rolex-oyster-perpetual--41mm--id47541739.htm
-10.3,PASS,SBGJ249,JP,6280,5735,5693,Chrono24 US,4867,VERIFIED,C24 research,,FULL_SET|A_EXCELLENT,kitamura,【中古】 【美品】 グランドセイコー メカニカル シルバー SBGJ249/9S86-00N0 ステンレススティール 【1年保証】,https://item.rakuten.co.jp/emedama/2245460010420/,
-10.4,PASS,WSPN0016,JP,7125,6507,6454,Chrono24 US,5860,VERIFIED,C24 research,,FULL_SET,bettyroad,カルティエ CARTIER パンテール ドゥ カルティエ LM WSPN0016 新品 時計 男女兼用,https://item.rakuten.co.jp/bettyroad/ca1021/,
-10.4,"US_DEALER, not a hand carry",SBGW297,non-JP,4097,3742,3712,"mark, NO VENUE",3712,VERIFIED,,,FULL_SET,okura,グランドセイコー Grand Seiko ヘリテージコレクション 44GS メカニカル マスターショップ限定 SBGW297(9S64-00X0) ホワイト ステンレススチール 手,https://ec.wb-ookura.com/products/2300045738318,
-10.5,PASS,215.30.40.20.03.002,JP,6312,5764,5714,"mark, NO VENUE",5714,VERIFIED,,,FULL_SET,jackroad,オメガ OMEGA シーマスター 600 プラネットオーシャン コーアクシャル マスタークロノメーター 215.30.40.20.03.002 新品 時計 メンズ,https://item.rakuten.co.jp/jackroad/om1587/,
-10.5,PASS,226570,JP,14034,12816,12695,Chrono24,10932,VERIFIED,C24 scrape n=1 THIN,1,FULL_SET,jackroad,ロレックス ROLEX エクスプローラーII 226570 新品 時計 メンズ,https://item.rakuten.co.jp/jackroad/rx1372/,https://www.chrono24.com/rolex/like-new-2022-explorer-ii-black-dial-226570--id47663583.htm
-10.5,PASS,77410OR,JP,26025,23767,23543,Chrono24 US,24542,VERIFIED,C24 research,,FULL_SET,jackroad,オーデマ ピゲ AUDEMARS PIGUET CODE 11.59 バイ オーデマピゲ オートマティック 77410OR.OO.A825CR.01 新品 時計 男女兼用,https://item.rakuten.co.jp/jackroad/ap293/,
-10.5,PASS,126710BLNR,JP,20871,19061,18889,Chrono24,17118,VERIFIED,C24 scrape,28,UNKNOWN|AA_LIKE_NEW,kamekichi,GMTマスターⅡ,https://www.kame-kichi.com/items/46482,https://www.chrono24.com/rolex/gmt-master-ii-batman-126710blnr-full-kit--id38713650.htm
-10.5,"US_DEALER, not a hand carry",116515LN,non-JP,42387,38710,38357,Chrono24,34800,DERIVED,C24 scrape,17,FULL_SET,okura,ロレックス ROLEX デイトナ 116515LN ブラック ピンクゴールド 自動巻き メンズ 腕時計,https://ec.wb-ookura.com/products/2340980055330,https://www.chrono24.com/rolex/daytona-116515ln-choco-arabic-brown-arabic-dial-rose-gold-leather-strap-40mm-2013--id47579182.htm
-10.5,"US_DEALER, not a hand carry",16710,non-JP,13776,12581,12465,Chrono24,13051,VERIFIED,C24 hand read n=1 THIN,1,FULL_SET,okura,ロレックス ROLEX GMTマスター2 16710 ブラック ステンレススチール 自動巻き メンズ 腕時計,https://ec.wb-ookura.com/products/2300046018273,
-10.5,"US_DEALER, not a hand carry",A17328,non-JP,3179,2903,2876,"mark, NO VENUE",2876,VERIFIED,,,FULL_SET,okura,ブライトリング BREITLING アベンジャー オートマチック 42 A17328101C1A1(A17328) ブルー ステンレススチール 自動巻き メンズ 腕時計,https://ec.wb-ookura.com/products/2300046176874,
-10.5,PASS,16700,JP,11162,10194,10105,Chrono24 US,12408,VERIFIED,C24 research,,UNKNOWN,commit,ロレックス GMTマスター Ref.16700 ステンレススチール ブラック文字盤 オイスターブレスレット 中古 5td7s3ku,https://commit-watch.co.jp/products/5td7s3ku,
-10.6,PASS,1680,JP,12716,11613,11496,Chrono24,17420,DERIVED,C24 only,,UNKNOWN,commit,ロレックス サブマリーナー デイト Ref.1680 ステンレススチール ブラック文字盤 中古 n5qgions,https://commit-watch.co.jp/products/n5qgions,
-10.6,"US_DEALER, not a hand carry",16014,non-JP,6306,5759,5701,"mark, NO VENUE",5701,VERIFIED,,,UNKNOWN,satindoll,デイトジャスト,https://www.satindollweb.com/products/detail/11507,
-10.6,"US_DEALER, not a hand carry",28500,non-JP,2049,1871,1853,"mark, NO VENUE",1853,VERIFIED,,,FULL_SET,okura,チューダー/チュードル TUDOR ロイヤル 28500 サーモンピンク ステンレススチール 自動巻き メンズ 腕時計,https://ec.wb-ookura.com/products/2300046204003,
-10.7,"US_DEALER, not a hand carry",210.30.42.20.01.001,non-JP,4804,4387,4339,"mark, NO VENUE",4339,VERIFIED,,,FULL_SET,okura,オメガ OMEGA シーマスター ダイバー 300M コーアクシャル マスタークロノメーター 210.30.42.20.01.001 ブラック ステンレススチール 自動巻き メンズ,https://ec.wb-ookura.com/products/2300045961716,
-10.7,"US_DEALER, not a hand carry",SBGN029,non-JP,2931,2677,2647,"mark, NO VENUE",2647,VERIFIED,,,UNKNOWN,ippo,SEIKO SBGN029 Sport Collection Quartz GMT Watch - Elegant Design - Durable Stainless Steel,https://www.ippojapanwatch.com/products/seiko-sbgn029-sport-collection-quartz-gmt-watch-elegant-design-durable-stainless-steel-high-precision-movement,
-10.7,"US_DEALER, not a hand carry",116900,non-JP,8786,8023,7939,Chrono24,6982,VERIFIED,C24 scrape n=1 THIN,1,PAPERS_ONLY,satindoll,エアキング,https://www.satindollweb.com/products/detail/11618,https://www.chrono24.com/rolex/air-king--id46582098.htm
-10.7,"US_DEALER, not a hand carry",210.30.42.20.01.001,non-JP,4804,4387,4339,"mark, NO VENUE",4339,VERIFIED,,,FULL_SET,okura,オメガ OMEGA シーマスター ダイバー300M コーアクシャル マスタークロノメーター 210.30.42.20.01.001 ブラック ステンレススチール 自動巻き メンズ ,https://ec.wb-ookura.com/products/2300046291959,
-10.8,PASS,16520,JP,35181,32129,31755,Chrono24 US,28092,VERIFIED,C24 research VARIANT RISK,,UNKNOWN,commit,ロレックス デイトナ エルプリメロ Ref.16520 ステンレススチール ホワイト文字盤 中古 bvkwv55r,https://commit-watch.co.jp/products/bvkwv55r,
-10.8,SUSPECT_DATA,228239,JP,51663,47181,46625,Chrono24,43126,VERIFIED,C24 scrape,24,UNKNOWN|AA_LIKE_NEW,kamekichi,,https://www.kame-kichi.com/items/43305,https://www.chrono24.com/rolex/18k-white-gold-day-date-40-ref-228239-box-and-2019-card--id46748442.htm
-10.8,"US_DEALER, not a hand carry",WSSA0063,non-JP,7983,7290,7203,"mark, NO VENUE",7203,VERIFIED,,,FULL_SET,okura,カルティエ Cartier サントス ドゥ カルティエMM WSSA0063 ブルー ステンレススチール 自動巻き メンズ 腕時計,https://ec.wb-ookura.com/products/2300045635358,
-10.8,PASS,16520,JP,35181,32129,31755,Chrono24 US,28092,VERIFIED,C24 research VARIANT RISK,,UNKNOWN,commit,ロレックス デイトナ エルプリメロ Ref.16520 ステンレススチール ブラック文字盤 中古 c859jqw6,https://commit-watch.co.jp/products/c859jqw6,
-10.9,"US_DEALER, not a hand carry",15550ST,non-JP,50158,45806,45215,"mark, NO VENUE",45215,VERIFIED,,,FULL_SET,okura,オーデマ・ピゲ AUDEMARS PIGUET ロイヤルオーク オートマティック 15550ST.OO.1320ST.03 シルバー ステンレススチール 自動巻き メンズ 腕時計,https://ec.wb-ookura.com/products/2300045728487,
-10.9,"US_DEALER, not a hand carry",SBGH343,non-JP,6117,5587,5518,"mark, NO VENUE",5518,VERIFIED,,,UNKNOWN,ippo,Grand Seiko SBGH343 Automatic Movement Stainless Steel Case Sapphire Crystal Blue Dial,https://www.ippojapanwatch.com/products/grand-seiko-sbgh343-automatic-movement-stainless-steel-case-sapphire-crystal-blue-dial,
-11.0,PASS,126900,JP,10924,9976,9844,Chrono24,8325,VERIFIED,C24 scrape n=1 THIN,1,FULL_SET,jackroad,ロレックス ROLEX エアキング 126900 新品 時計 メンズ,https://item.rakuten.co.jp/jackroad/rx1484/,https://www.chrono24.com/rolex/air-king--id47674791.htm
-11.0,"US_DEALER, not a hand carry",126300,non-JP,12151,11097,10950,Chrono24,9982,VERIFIED,C24 scrape,7,FULL_SET,okura,ロレックス ROLEX デイトジャスト41 126300 アズーロブルー ステンレススチール 自動巻き メンズ 腕時計,https://ec.wb-ookura.com/products/2300045763327,https://www.chrono24.com/rolex/rolex-datejust-41-white-roman-dial-stainless-steel-41mm-126300----id46780791.htm
-11.0,PASS,5726A-001,JP,113032,103226,101830,Chrono24,75590,DERIVED,C24 scrape n=1 THIN,1,UNKNOWN|AA_LIKE_NEW,commit,パテックフィリップ ノーチラス アニュアルカレンダー ムーンフェイズ Ref.5726A-001 ステンレススチール ブラック文字盤 未使用 csketbbm,https://commit-watch.co.jp/products/csketbbm,https://www.chrono24.com/patekphilippe/nautilus--id46810405.htm
-11.1,"US_DEALER, not a hand carry",91450,non-JP,1625,1484,1462,"mark, NO VENUE",1462,VERIFIED,,,FULL_SET,okura,チューダー/チュードル TUDOR 1926 91450 シルバー ステンレススチール 自動巻き メンズ 腕時計,https://ec.wb-ookura.com/products/2300046291850,
-11.2,"US_DEALER, not a hand carry",116680,non-JP,19357,17677,17401,Chrono24 US,15999,VERIFIED,C24 research PARTIAL,20,FULL_SET,okura,ロレックス ROLEX ヨットマスター2 116680 ホワイト ステンレススチール メンズ 腕時計,https://ec.wb-ookura.com/products/2300045248381,
-11.3,"US_DEALER, not a hand carry",215.23.40.20.04.001,non-JP,11278,10300,10129,Chrono24,9579,DERIVED,C24 only,,UNKNOWN,exquisite,Omega 215.23.40.20.04.001 Seamaster Planet Ocean 600M,https://www.exquisitetimepieces.com/products/omega-21523402004001-seamaster-planet-ocean-600m,
-11.3,"US_DEALER, not a hand carry",WSTA0074,non-JP,4380,4000,3937,"mark, NO VENUE",3937,VERIFIED,,,FULL_SET,okura,カルティエ Cartier タンク フランセーズ MM WSTA0074 シルバー ステンレススチール クオーツ メンズ 腕時計,https://ec.wb-ookura.com/products/2300045990617,
-11.3,PASS,116505,JP,49644,45337,44599,"mark, NO VENUE",44599,VERIFIED,,,FULL_SET,rasin,Rolex Cosmograph Daytona 116505 Pink × Black V Series Used Men&#39;s,https://en.www.rasin.co.jp/SHOP/U-116505PBK-3.html,
-11.3,"US_DEALER, not a hand carry",220.10.41.21.03.006,non-JP,6680,6100,6003,"mark, NO VENUE",6003,VERIFIED,,,FULL_SET,exquisite,Omega 220.10.41.21.03.006 Aqua Terra 150M Turquoise Dial,https://www.exquisitetimepieces.com/products/omega-22010412103006-aqua-terra-150m-turquoise-dial-ns21000934763,
-11.3,"US_DEALER, not a hand carry",WSTA0074,non-JP,4380,4000,3937,"mark, NO VENUE",3937,VERIFIED,,,FULL_SET,okura,カルティエ Cartier タンク フランセーズ MM WSTA0074 シルバー ステンレススチール クオーツ ユニセックス 腕時計,https://ec.wb-ookura.com/products/2300046157712,
-11.3,PASS,4200H/222A-B934,JP,57081,52129,51270,"mark, NO VENUE",51270,VERIFIED,,,UNKNOWN|AA_LIKE_NEW,commit,ヴァシュロンコンスタンタン ヒストリーク 222 Ref.4200H/222A-B934 ステンレススチール ブルー文字盤 未使用 vkwmhbz4,https://commit-watch.co.jp/products/vkwmhbz4,
-11.4,PASS,126234,JP,13988,12774,12559,Chrono24,12488,VERIFIED,C24 scrape,8,UNKNOWN,commit,ロレックス デイトジャスト36 Ref.126234 ステンレススチール/ホワイトゴールド オリーブグリーン パームモチーフ文字盤 オイスターブレスレット 中古 fbiptm87,https://commit-watch.co.jp/products/fbiptm87,https://www.chrono24.com/rolex/rolex-pre-owned-rolex-oyster-oysterseel-perpetual-datejust-silver-dial-36mm-watch-2021-126234--id44628162.htm
-11.5,PASS,126711CHNR,JP,24360,22246,21844,Chrono24,18534,VERIFIED,C24 scrape,2,UNKNOWN,kamekichi,GMTマスターⅡ,https://www.kame-kichi.com/items/41801,https://www.chrono24.com/rolex/gmt-master-ii--id47263073.htm
-11.5,"US_DEALER, not a hand carry",134300,non-JP,13069,11935,11716,Chrono24,10206,VERIFIED,C24 scrape,9,FULL_SET,okura,ロレックス ROLEX オイスターパーペチュアル41 134300 ラベンダー ステンレススチール 自動巻き メンズ 腕時計,https://ec.wb-ookura.com/products/2300045885104,https://www.chrono24.com/rolex/rolex-oyster-perpetual--41mm--id47541739.htm
-11.5,"US_DEALER, not a hand carry",276200,non-JP,6711,6129,6021,Chrono24,7026,VERIFIED,C24 only,,FULL_SET,okura,ロレックス ROLEX オイスターパーペチュアル28 276200 シルバー ステンレススチール 自動巻き レディース 腕時計,https://ec.wb-ookura.com/products/2300046244931,
-11.6,PASS,116509,JP,41539,37935,37230,Chrono24,41739,VERIFIED,C24 hand read,4,UNKNOWN,commit,ロレックス デイトナ Ref.116509 ホワイトゴールド ブルー文字盤 美中古 p6urjww2,https://commit-watch.co.jp/products/p6urjww2,
-11.6,PASS,15400ST,JP,40126,36645,35943,Chrono24,33204,DERIVED,C24 scrape,16,UNKNOWN,commit,オーデマピゲ ロイヤルオーク Ref.15400ST.OO.1220ST.02 ステンレススチール シルバー文字盤 中古 epoqabdt,https://commit-watch.co.jp/products/epoqabdt,https://www.chrono24.com/audemarspiguet/royal-oak--id47731972.htm
-11.6,"US_DEALER, not a hand carry",SBGW291,non-JP,3744,3419,3356,"mark, NO VENUE",3356,VERIFIED,,,FULL_SET,okura,グランドセイコー Grand Seiko ヘリテージコレクション ブティック/サロン/マスターショップ限定 SBGW291(9S64-00X) シルバー ステンレススチール 手巻き,https://ec.wb-ookura.com/products/2300045207852,
-11.6,"US_DEALER, not a hand carry",SBGW291,non-JP,3744,3419,3356,"mark, NO VENUE",3356,VERIFIED,,,FULL_SET,okura,グランドセイコー Grand Seiko ヘリテージコレクション SBGW291(9S64-00X0) シルバー ステンレススチール 手巻き メンズ 腕時計,https://ec.wb-ookura.com/products/2300045903396,
-11.7,"US_DEALER, not a hand carry",WGTA0011,non-JP,12999,11871,11636,"mark, NO VENUE",11636,VERIFIED,,,FULL_SET,okura,カルティエ Cartier タンク ルイ カルティエ LM WGTA0011 シルバー ピンクゴールド 手巻き ユニセックス 腕時計,https://ec.wb-ookura.com/products/2300046249752,
-11.8,PASS,4400E/000A-B437,JP,15895,14516,14221,"mark, NO VENUE",14221,VERIFIED,,,UNKNOWN,commit,ヴァシュロンコンスタンタン フィフティーシックス デイ／デイト Ref.4400E/000A-B437 ステンレススチール シルバー文字盤 中古 p35uuov9,https://commit-watch.co.jp/products/p35uuov9,
-11.8,PASS,77451OR,JP,104101,95069,93075,Chrono24 US,79530,VERIFIED,LOW,,FULL_SET,jackroad,オーデマ ピゲ AUDEMARS PIGUET ロイヤル オーク オートマティック 77451OR.ZZ.1361OR.03 新品 時計 レディース,https://item.rakuten.co.jp/jackroad/ap327/,
-11.8,"US_DEALER, not a hand carry",16600,non-JP,11265,10288,10073,Chrono24,9019,VERIFIED,C24 scrape,2,PAPERS_ONLY,satindoll,シードゥエラー,https://www.satindollweb.com/products/detail/11534,https://www.chrono24.com/rolex/sea-dweller--id47263835.htm
-11.8,"US_DEALER, not a hand carry",16600,non-JP,11265,10288,10073,Chrono24,9019,VERIFIED,C24 scrape,2,FULL_SET,satindoll,シードゥエラー,https://www.satindollweb.com/products/detail/11548,https://www.chrono24.com/rolex/sea-dweller--id47263835.htm
-11.8,"US_DEALER, not a hand carry",WSTA0071,non-JP,3532,3226,3160,"mark, NO VENUE",3160,VERIFIED,,,FULL_SET,okura,カルティエ Cartier タンクマスト SM WSTA0071 ブラック ステンレススチール クオーツ レディース 腕時計,https://ec.wb-ookura.com/products/2300046230064,
-11.9,"US_DEALER, not a hand carry",79230DK,non-JP,2896,2645,2589,"mark, NO VENUE",2589,VERIFIED,,,FULL_SET,okura,チューダー/チュードル TUDOR ヘリテージブラックベイ ダーク 79230DK ブラック ステンレススチール 自動巻き メンズ 腕時計,https://ec.wb-ookura.com/products/2300046292031,
-12.0,PASS,126710BLNR,JP,21150,19315,18889,Chrono24,17118,VERIFIED,C24 scrape,28,FULL_SET,jackroad,ロレックス ROLEX GMTマスターII 126710BLNR 新品 時計 メンズ,https://item.rakuten.co.jp/jackroad/rx1396/,https://www.chrono24.com/rolex/gmt-master-ii-batman-126710blnr-full-kit--id38713650.htm
-12.0,PASS,16519NA,JP,39400,35982,35194,Chrono24,33463,DERIVED,C24 only,,FULL_SET,jackroad,ロレックス ROLEX コスモグラフ デイトナ 16519NA 中古 時計 メンズ,https://item.rakuten.co.jp/jackroad/6363855/,
-12.0,PASS,WSSA0022,JP,4757,4344,4246,"mark, NO VENUE",4246,VERIFIED,,,FULL_SET|A_EXCELLENT,kitamura,【中古】 【美品】 カルティエ サントスデュモン LM シルバー WSSA0022 ステンレススティール 【1年保証】,https://item.rakuten.co.jp/emedama/2245460010192/,
-12.0,PASS,16570,JP,9129,8337,8151,Chrono24,8104,VERIFIED,C24 scrape,4,FULL_SET|A_EXCELLENT,kitamura,【中古】 【美品】 ロレックス(ROLEX) エクスプローラーII ブラック 16570 ステンレス シングルバッグル トリチウム 【1年保証】,https://item.rakuten.co.jp/emedama/2449320070931/,https://www.chrono24.com/rolex/explorer-ii--id47838616.htm
-12.0,"US_DEALER, not a hand carry",126603,non-JP,16743,15290,14950,eBay SOLD,15358,VERIFIED,C24 research,12,FULL_SET,okura,ロレックス ROLEX シードゥエラー 126603 ブラック ゴールド/ステンレススチール 自動巻き メンズ 腕時計,https://ec.wb-ookura.com/products/2340980058621,
-12.0,PASS,126508,JP,78769,71935,70354,Chrono24,67696,VERIFIED,C24 scrape,8,UNKNOWN|AA_LIKE_NEW,commit,ロレックス デイトナ Ref.126508 イエローゴールド ゴールデンxブライトブラック文字盤 未使用 edfazy4n,https://commit-watch.co.jp/products/edfazy4n,https://www.chrono24.com/rolex/cosmograph-daytona--id46294274.htm
-12.1,"US_DEALER, not a hand carry",220.10.34.20.09.001,non-JP,8103,7400,7226,Chrono24,6882,DERIVED,LOW,,UNKNOWN,exquisite,Omega Seamaster Aqua Terra 150M Co‑Axial Master Chronometer 34 mm 220.10.34.20.09.001,https://www.exquisitetimepieces.com/products/watch-omega-seamaster-aqua-terra-150m-co-axial-master-chronometer-34-mm-22010342009001,
-12.1,"US_DEALER, not a hand carry",220.10.34.20.09.001,non-JP,8103,7400,7226,Chrono24,6882,DERIVED,LOW,,UNKNOWN,topper,Omega Seamaster Aqua Terra 150M Master Chronometer 34mm 220.10.34.20.09.001,https://www.topperjewelers.com/products/omega-seamaster-aqua-terra-150m-master-chronometer-34mm-220-10-34-20-09-001,
-12.1,PASS,WSTA0067,JP,6989,6383,6236,Chrono24 US,4581,VERIFIED,C24 research,,FULL_SET,bettyroad,カルティエ CARTIER タンクフランセーズ LM WSTA0067 新品 時計 メンズ,https://item.rakuten.co.jp/bettyroad/ca785/,
-12.1,"US_DEALER, not a hand carry",116509,non-JP,41751,38129,37230,Chrono24,41739,VERIFIED,C24 hand read,4,FULL_SET,okura,ロレックス ROLEX デイトナ 116509 スチール/ブラック ホワイトゴールド 自動巻き メンズ 腕時計,https://ec.wb-ookura.com/products/2300045736932,
-12.2,PASS,228348RBR,JP,79829,72903,71175,Chrono24,68980,DERIVED,C24 only,,UNKNOWN|AA_LIKE_NEW,commit,ロレックス デイデイト40 Ref.228348RBR イエローゴールド ブラック文字盤 未使用 erzf83w9,https://commit-watch.co.jp/products/erzf83w9,
-12.2,"US_DEALER, not a hand carry",126331,non-JP,19781,18065,17628,Chrono24,17111,VERIFIED,C24 scrape,9,FULL_SET,okura,ロレックス ROLEX デイトジャスト41 スレート 126331 グレー ピンクゴールド/ステンレススチール 自動巻き メンズ 腕時計,https://ec.wb-ookura.com/products/2340980058539,https://www.chrono24.com/rolex/rolex-cpo-datejust-126331-41mm-everose-chocolate-dial--id47697277.htm
-12.3,PASS,26393OR,JP,34920,31890,31098,"mark, NO VENUE",31098,VERIFIED,,,FULL_SET|AA_LIKE_NEW,jackroad,オーデマ ピゲ AUDEMARS PIGUET CODE 11.59 バイ オーデマピゲ クロノグラフ 26393OR.OO.A056KB.01 中古 時計 メンズ,https://item.rakuten.co.jp/jackroad/6196118/,
-12.3,PASS,278274,JP,16964,15492,15104,Chrono24,12354,VERIFIED,C24 scrape,3,FULL_SET,bettyroad,ロレックス ROLEX デイトジャスト 31 278274 新品 時計 ボーイズ,https://item.rakuten.co.jp/bettyroad/rx1670/,https://www.chrono24.com/rolex/rolex-datejust-31--id46780019.htm
-12.4,PASS,126234,JP,14116,12892,12559,Chrono24,12488,VERIFIED,C24 scrape,8,FULL_SET,rasin,PRICEDOWN Rolex Datejust 36 126234 Mint Green Bar 3 Rows Oyster bracelet Random Number Use,https://en.www.rasin.co.jp/SHOP/U-126234MGOB-2.html,https://www.chrono24.com/rolex/rolex-pre-owned-rolex-oyster-oysterseel-perpetual-datejust-silver-dial-36mm-watch-2021-126234--id44628162.htm
-12.4,"US_DEALER, not a hand carry *PAPERS",SBGW305,non-JP,4524,4132,4025,"mark, NO VENUE",4025,VERIFIED,,,BOX_ONLY,ippo,SEIKO SBGW305 Mechanical Hand-Wound Grand Seiko Elegant Design Stainless Steel Sapphire Cr,https://www.ippojapanwatch.com/products/seiko-sbgw305-mechanical-hand-wound-grand-seiko-elegant-design-stainless-steel-sapphire-crystal,
-12.4,PASS,228238,JP,55103,50323,49018,Chrono24,49893,VERIFIED,C24 scrape,29,UNKNOWN,commit,ロレックス デイデイト40 Ref.228238 イエローゴールド ホワイトローマン文字盤 美中古 ncnfhb6s,https://commit-watch.co.jp/products/ncnfhb6s,https://www.chrono24.com/rolex/rolex-2016-day-date-40mm-228238-presidential-silver-motif-dial--id47698636.htm
-12.5,PASS,326934,JP,21547,19677,19145,Chrono24,18491,VERIFIED,C24 scrape,16,UNKNOWN,commit,ロレックス スカイドゥエラー Ref.326934 ステンレススチール/ホワイトゴールド ブルー文字盤 オイスターブレスレット 中古 x5spvwja,https://commit-watch.co.jp/products/x5spvwja,https://www.chrono24.com/rolex/sky-dweller--id43157245.htm
-12.5,"US_DEALER, not a hand carry",210.32.42.20.10.001,non-JP,6898,6300,6132,Chrono24,4619,VERIFIED,C24 scrape,7,UNKNOWN,exquisite,Omega Seamaster Diver 300M Green Dial on Strap 210.32.42.20.10.001,https://www.exquisitetimepieces.com/products/omega-seamaster-diver-300m-green-dial-strap,https://www.chrono24.com/omega/omega-2023-seamaster-master-chronometer-42mm-21032422010001-green-dial--id46817903.htm
-12.5,"US_DEALER, not a hand carry",210.32.42.20.10.001,non-JP,6898,6300,6132,Chrono24,4619,VERIFIED,C24 scrape,7,UNKNOWN,topper,Omega Seamaster Diver 300M Master Chronometer 210.32.42.20.10.001,https://www.topperjewelers.com/products/omega-seamaster-diver-300m-master-chronometer-210-32-42-20-10-001,https://www.chrono24.com/omega/omega-2023-seamaster-master-chronometer-42mm-21032422010001-green-dial--id46817903.htm
-12.5,PASS,279171,JP,16624,15182,14781,Chrono24,14475,VERIFIED,C24 only,,FULL_SET,bettyroad,ロレックス ROLEX レディ デイトジャスト 28 279171 新品 時計 レディース,https://item.rakuten.co.jp/bettyroad/151765/,
-12.5,PASS,126231,JP,23060,21060,20505,Chrono24,16263,VERIFIED,C24 scrape n=1 THIN,1,FULL_SET,jackroad,ロレックス ROLEX デイトジャスト 36 126231 新品 時計 メンズ,https://item.rakuten.co.jp/jackroad/rx2231/,https://www.chrono24.com/rolex/datejust-36--id47562193.htm
-12.5,PASS,126231,JP,23060,21060,20505,Chrono24,16263,VERIFIED,C24 scrape n=1 THIN,1,FULL_SET,jackroad,ロレックス ROLEX デイトジャスト 36 126231 新品 時計 メンズ,https://item.rakuten.co.jp/jackroad/rx2243/,https://www.chrono24.com/rolex/datejust-36--id47562193.htm
-12.5,PASS,279171,JP,16624,15182,14781,Chrono24,14475,VERIFIED,C24 only,,FULL_SET,bettyroad,ロレックス ROLEX レディ デイトジャスト 28 279171 新品 時計 レディース,https://item.rakuten.co.jp/bettyroad/rx1456/,
-12.6,"US_DEALER, not a hand carry",WSSA0062,non-JP,8477,7742,7529,"mark, NO VENUE",7529,VERIFIED,,,FULL_SET,okura,カルティエ Cartier サントス ドゥカルティエ LM WSSA0062 グリーン ステンレススチール 自動巻き メンズ 腕時計,https://ec.wb-ookura.com/products/2300046018785,
-12.7,PASS,126729VTNR,JP,53895,49220,47827,"mark, NO VENUE",47827,VERIFIED,,,BOX_ONLY,jackroad,ロレックス ROLEX GMTマスターII 126729VTNR 新品 時計 メンズ,https://item.rakuten.co.jp/jackroad/rx2068/,
-12.7,"US_DEALER, not a hand carry",SLGA009,non-JP,7488,6839,6646,"mark, NO VENUE",6646,VERIFIED,,,FULL_SET,okura,グランドセイコー Grand Seiko エボリューション9 コレクション スプリングドライブ SLGA009(9RA2-0AB0) 白樺ダイヤル ステンレススチール 自動巻き メ,https://ec.wb-ookura.com/products/2300046098428,
-12.7,"US_DEALER, not a hand carry",114200,non-JP,6853,6258,6081,Chrono24 US,5696,VERIFIED,C24 research VARIANT RISK,20,FULL_SET,okura,ロレックス ROLEX オイスターパーペチュアル34 114200 ブルー ステンレススチール 自動巻き レディース 腕時計,https://ec.wb-ookura.com/products/2300046183742,
-12.7,PASS,WSPN0013,JP,5754,5255,5106,"mark, NO VENUE",5106,VERIFIED,,,FULL_SET,bettyroad,カルティエ CARTIER パンテール ドゥ カルティエ SM WSPN0013 新品 時計 レディース,https://item.rakuten.co.jp/bettyroad/ca1008/,
-12.7,"US_DEALER, not a hand carry",114200,non-JP,6853,6258,6081,Chrono24 US,5696,VERIFIED,C24 research VARIANT RISK,20,FULL_SET,okura,ロレックス ROLEX オイスターパーペチュアル34 114200 ホワイト ステンレススチール 自動巻き メンズ 腕時計,https://ec.wb-ookura.com/products/2351050004165,
-12.7,"US_DEALER, not a hand carry",114200,non-JP,6853,6258,6081,Chrono24 US,5696,VERIFIED,C24 research VARIANT RISK,20,FULL_SET,okura,ロレックス ROLEX オイスターパーペチュアル 34 114200 ブルー ステンレススチール 自動巻き ユニセックス 腕時計,https://ec.wb-ookura.com/products/2351050003786,
-12.8,"US_DEALER, not a hand carry",126503,non-JP,32740,29900,29016,Chrono24,25325,VERIFIED,C24 scrape,8,FULL_SET,exquisite,Rolex Cosmograph Daytona M126503-0002,https://www.exquisitetimepieces.com/products/rolex-cosmograph-daytona-m126503-0002-ns21000936332,https://www.chrono24.com/rolex/rolex-daytona--id47466342.htm
-12.8,"US_DEALER, not a hand carry",79660,non-JP,5311,4850,4707,Chrono24,2976,VERIFIED,C24 scrape n=1 THIN,1,UNKNOWN,exquisite,TUDOR Black Bay 39 M79660-0003,https://www.exquisitetimepieces.com/products/tudor-black-bay-39-m79660-0003,https://www.chrono24.com/tudor/tudor-black-bay-39-blue--id47035080.htm
-12.8,"US_DEALER, not a hand carry",79660,non-JP,5311,4850,4707,Chrono24,2976,VERIFIED,C24 scrape n=1 THIN,1,UNKNOWN,exquisite,TUDOR Black Bay 39 M79660-0001,https://www.exquisitetimepieces.com/products/tudor-black-bay-39-m79660-0001,https://www.chrono24.com/tudor/tudor-black-bay-39-blue--id47035080.htm
-12.8,"US_DEALER, not a hand carry",79660,non-JP,5311,4850,4707,Chrono24,2976,VERIFIED,C24 scrape n=1 THIN,1,UNKNOWN,exquisite,TUDOR Black Bay 39 M79660-0002,https://www.exquisitetimepieces.com/products/tudor-black-bay-39-m79660-0002,https://www.chrono24.com/tudor/tudor-black-bay-39-blue--id47035080.htm
-12.8,PASS,228348RBR,JP,80279,73314,71175,Chrono24,68980,DERIVED,C24 only,,FULL_SET,rasin,PRICEDOWN Rolex Day Date 40 Bezel Diamond 10P Baguette Diamond 228348RBR Black Random Seri,https://en.www.rasin.co.jp/SHOP/U-228348RBR-2.html,
-12.8,"US_DEALER, not a hand carry *PAPERS",116000,non-JP,8998,8217,7976,Chrono24,6430,DERIVED,C24 scrape,24,BODY_ONLY,satindoll,オイスターパーペチュアル36,https://www.satindollweb.com/products/detail/11536,https://www.chrono24.com/rolex/oyster-perpetual-36--id47702102.htm
-12.8,PASS,311.33.42.30.01.001,JP,5353,4888,4744,"mark, NO VENUE",4744,VERIFIED,,,FULL_SET|AB_GOOD,kitamura,【中古】 【良品】 オメガ(OMEGA) スピードマスター プロフェッショナル ブラック 311.33.42.30.01.001 ステンレススティール 【1年保証】,https://item.rakuten.co.jp/emedama/2245460010048/,
-12.9,PASS,279384RBR,JP,22256,20325,19721,Chrono24 US,16874,VERIFIED,C24 research,,FULL_SET,bettyroad,ロレックス ROLEX レディ デイトジャスト 28 279384RBR 新品 時計 レディース,https://item.rakuten.co.jp/bettyroad/152082/,
-12.9,PASS,WSPN0015,JP,6180,5644,5475,Chrono24 US,5909,VERIFIED,C24 research,,FULL_SET,jackroad,カルティエ CARTIER パンテール ドゥ カルティエ MM WSPN0015 新品 時計 レディース,https://item.rakuten.co.jp/jackroad/ca1015/,
-12.9,PASS,126283RBR,JP,32153,29363,28469,US AD,22358,VERIFIED,C24 research VARIANT RISK,8,FULL_SET,jackroad,ロレックス ROLEX デイトジャスト 36 126283RBR 新品 時計 メンズ,https://item.rakuten.co.jp/jackroad/rx2061/,
-12.9,"US_DEALER, not a hand carry",116509,non-JP,42034,38387,37230,Chrono24,41739,VERIFIED,C24 hand read,4,FULL_SET,okura,ロレックス ROLEX デイトナ 116509 スチール/ブラック ホワイトゴールド 自動巻き メンズ 腕時計,https://ec.wb-ookura.com/products/2339650034454,
-12.9,PASS,414.026,JP,62874,57419,55693,"mark, NO VENUE",55693,VERIFIED,,,UNKNOWN,commit,A.ランゲ＆ゾーネ 1815 クロノグラフ Ref.414.026 ホワイトゴールド シルバー文字盤 中古 rhxptume,https://commit-watch.co.jp/products/rhxptume,
-13.0,PASS,16520,JP,35888,32774,31755,Chrono24 US,28092,VERIFIED,C24 research VARIANT RISK,,UNKNOWN,commit,ロレックス デイトナ エルプリメロ Ref.16520 ステンレススチール ブラック文字盤 中古 mxnfg3nt,https://commit-watch.co.jp/products/mxnfg3nt,
-13.0,PASS,16520,JP,35888,32774,31755,Chrono24 US,28092,VERIFIED,C24 research VARIANT RISK,,UNKNOWN|A_EXCELLENT,commit,ロレックス デイトナ エルプリメロ Ref.16520 ステンレススチール ブラック文字盤 美品 ksc8wksu,https://commit-watch.co.jp/products/ksc8wksu,
-13.0,PASS,16520,JP,35888,32774,31755,Chrono24 US,28092,VERIFIED,C24 research VARIANT RISK,,UNKNOWN,commit,ロレックス デイトナ エルプリメロ Ref.16520 ステンレススチール ブラック文字盤 中古 dga4c9jz,https://commit-watch.co.jp/products/dga4c9jz,
-13.0,PASS,126710GRNR,JP,25235,23045,22337,Chrono24,20248,VERIFIED,C24 scrape,20,FULL_SET,jackroad,ロレックス ROLEX GMTマスターII 126710GRNR 新品 時計 メンズ,https://item.rakuten.co.jp/jackroad/rx2041/,https://www.chrono24.com/rolex/rolex-gmt-master-ii--id47560413.htm
-13.0,PASS,116505,JP,50415,46041,44599,"mark, NO VENUE",44599,VERIFIED,,,FULL_SET,rasin,PRICEDOWN Rolex Cosmograph Daytona 116505 Pink× Black Random Number Used Men&#39;s,https://en.www.rasin.co.jp/SHOP/U-116505PBK-2.html,
-13.1,"US_DEALER, not a hand carry",220.10.41.21.03.005,non-JP,7556,6900,6680,Chrono24,4814,VERIFIED,C24 scrape n=1 THIN,1,FULL_SET,exquisite,Omega 220.10.41.21.03.005 Seamaster Aqua Terra 150M Co-Axial Master Chronometer Summer Blu,https://www.exquisitetimepieces.com/products/omega-220-10-41-21-03-005-seamaster-aqua-terra-150m-co-axial-master-chronometer-summer-blue-on-bracelet-210000082499,https://www.chrono24.com/omega/omega-seamaster-aqua-terra-41mm-summer-blue-on-stainless-steel-bracelet--id47448538.htm
-13.1,"US_DEALER, not a hand carry",220.10.41.21.01.002,non-JP,8103,7400,7167,Chrono24,5263,VERIFIED,C24 scrape,8,UNKNOWN,exquisite,Omega Seamaster Aqua Terra 150M 41mm Black Lacquer Dial 220.10.41.21.01.002,https://www.exquisitetimepieces.com/products/omega-220-10-41-21-01-002-seamaster-aqua-terra-150m-41mm-black-steel-on-bracelet,https://www.chrono24.com/omega/omega-new-2026-seamaster-aqua-terra--black-lacquer-41mm-22010412101002--id37811834.htm
-13.1,"US_DEALER, not a hand carry",220.10.41.21.01.002,non-JP,8103,7400,7167,Chrono24,5263,VERIFIED,C24 scrape,8,UNKNOWN,topper,Omega Seamaster Aqua Terra 150M Co‑Axial Master Chronometer 220.10.41.21.01.002,https://www.topperjewelers.com/products/omega-220-10-41-21-01-002,https://www.chrono24.com/omega/omega-new-2026-seamaster-aqua-terra--black-lacquer-41mm-22010412101002--id37811834.htm
-13.1,PASS,WSBB0062,JP,6500,5936,5748,Chrono24 US,4957,VERIFIED,C24 research,,FULL_SET,bettyroad,カルティエ CARTIER バロン ブルー ドゥ カルティエ 33mm WSBB0062 新品 時計 レディース,https://item.rakuten.co.jp/bettyroad/ca802/,
-13.1,PASS,126300,JP,12387,11312,10950,Chrono24,9982,VERIFIED,C24 scrape,7,FULL_SET,jackroad,ロレックス ROLEX デイトジャスト41 126300 新品 時計 メンズ,https://item.rakuten.co.jp/jackroad/rx2248/,https://www.chrono24.com/rolex/rolex-datejust-41-white-roman-dial-stainless-steel-41mm-126300----id46780791.htm
-13.1,"US_DEALER, not a hand carry",79600,non-JP,3401,3106,3006,"mark, NO VENUE",3006,VERIFIED,,,UNKNOWN,satindoll,ブラックベイ ワン31,https://www.satindollweb.com/products/detail/11578,
-13.2,"US_DEALER, not a hand carry",WSTA0052,non-JP,4097,3742,3619,"mark, NO VENUE",3619,VERIFIED,,,FULL_SET,okura,カルティエ Cartier タンク マスト LM WSTA0052 シルバー ステンレススチール クオーツ ユニセックス 腕時計,https://ec.wb-ookura.com/products/2300045825490,
-13.3,"US_DEALER, not a hand carry",116000,non-JP,9034,8250,7976,Chrono24,6430,DERIVED,C24 scrape,24,FULL_SET,exquisite,Rolex Oyster Perpetual M116000-0002,https://www.exquisitetimepieces.com/products/rolex-oyster-perpetual-m116000-0002-210009n42371,https://www.chrono24.com/rolex/oyster-perpetual-36--id47702102.htm
-13.3,PASS,79470,JP,4006,3658,3537,Chrono24,3001,VERIFIED,C24 scrape n=1 THIN,1,FULL_SET,jackroad,チューダー(チュードル) TUDOR ブラックベイ プロ 79470-0001 新品 時計 メンズ,https://item.rakuten.co.jp/jackroad/tu540/,https://www.chrono24.com/tudor/2022-tudor-79470-0003-black-bay-pro-gmt-full-set--id46252675.htm
-13.3,"US_DEALER, not a hand carry",16710,non-JP,14129,12903,12465,Chrono24,13051,VERIFIED,C24 hand read n=1 THIN,1,FULL_SET,okura,ロレックス ROLEX GMTマスター2 16710 ブラック ステンレススチール 自動巻き メンズ 腕時計,https://ec.wb-ookura.com/products/2341950025896,
-13.3,"US_DEALER, not a hand carry",126334,non-JP,14977,13677,13222,Chrono24,14527,VERIFIED,C24 scrape,48,FULL_SET,okura,ロレックス ROLEX デイトジャスト41 126334 アズーロブルー ホワイトゴールド/ステンレススチール 自動巻き メンズ 腕時計,https://ec.wb-ookura.com/products/2300045505378,https://www.chrono24.com/rolex/rolex-126334-datejust-41-silver-index-dial-on-oyster-2021--id46657048.htm
-13.3,PASS,WGTA0010,JP,11128,10163,9823,"mark, NO VENUE",9823,VERIFIED,,,FULL_SET,bettyroad,カルティエ CARTIER タンク ルイ カルティエ SM WGTA0010 中古 時計 レディース,https://item.rakuten.co.jp/bettyroad/6434050/,
-13.4,PASS,279381RBR,JP,23587,21541,20804,Chrono24 US,20013,VERIFIED,C24 research,,FULL_SET,jackroad,ロレックス ROLEX レディ デイトジャスト 28 279381RBR 中古 時計 レディース,https://item.rakuten.co.jp/jackroad/6316981/,
-13.5,PASS,15210OR,JP,23666,21613,20859,Chrono24 US,20091,VERIFIED,C24 research,,UNKNOWN|A_EXCELLENT,commit,オーデマピゲ CODE 11.59 バイ オーデマ ピゲ Ref.15210OR.OO.A348KB.01 ピンクゴールド ナイトブルー文字盤 美品 qsfpts3b,https://commit-watch.co.jp/products/qsfpts3b,
-13.5,PASS,WHSA0015,JP,23666,21613,20846,"mark, NO VENUE",20846,VERIFIED,,,UNKNOWN|AA_LIKE_NEW,commit,カルティエ サントス ドゥ カルティエ Ref.WHSA0015 ステンレススチール スケルトン文字盤 未使用 kij356ri,https://commit-watch.co.jp/products/kij356ri,
-13.5,PASS,116509,JP,42246,38581,37230,Chrono24,41739,VERIFIED,C24 hand read,4,UNKNOWN,commit,ロレックス デイトナ Ref.116509 ホワイトゴールド ホワイトアラビア文字盤 中古 3xzqqrce,https://commit-watch.co.jp/products/3xzqqrce,
-13.5,PASS,279384RBR,JP,22392,20449,19721,Chrono24 US,16874,VERIFIED,C24 research,,FULL_SET|AA_LIKE_NEW,bettyroad,ロレックス ROLEX レディ デイトジャスト 28 279384RBR 中古 時計 レディース,https://item.rakuten.co.jp/bettyroad/6464880/,
-13.6,PASS,16600,JP,11445,10452,10073,Chrono24,9019,VERIFIED,C24 scrape,2,UNKNOWN,commit,ロレックス シードゥエラー Ref.16600 ステンレススチール ブラック文字盤 中古 acph4r8y,https://commit-watch.co.jp/products/acph4r8y,https://www.chrono24.com/rolex/sea-dweller--id47263835.htm
-13.6,"US_DEALER, not a hand carry",130.23.41.22.06.001,non-JP,16425,15000,14454,Chrono24,13950,DERIVED,LOW,,UNKNOWN,exquisite,Omega Constellation Globemaster Co-Axial Master Chronometer Annual Calendar 41mm 130.23.41,https://www.exquisitetimepieces.com/products/omega-constellation-globemaster-co-axial-master-chronometer-annual-calendar-41mm-13023412206001,
-13.6,PASS,16600,JP,11445,10452,10073,Chrono24,9019,VERIFIED,C24 scrape,2,UNKNOWN,commit,ロレックス シードゥエラー Ref.16600 ステンレススチール ブラック文字盤 中古 bo956a2q,https://commit-watch.co.jp/products/bo956a2q,https://www.chrono24.com/rolex/sea-dweller--id47263835.htm
-13.6,"US_DEALER, not a hand carry",116515LN,non-JP,43588,39806,38357,Chrono24,34800,DERIVED,C24 scrape,17,FULL_SET,okura,ロレックス ROLEX デイトナ 116515LN ブラック/ピンク ピンクゴールド 自動巻き メンズ 腕時計,https://ec.wb-ookura.com/products/2340100017491,https://www.chrono24.com/rolex/daytona-116515ln-choco-arabic-brown-arabic-dial-rose-gold-leather-strap-40mm-2013--id47579182.htm
-13.6,PASS,WSPA0026,JP,5022,4586,4420,"mark, NO VENUE",4420,VERIFIED,,,FULL_SET|AA_LIKE_NEW,kitamura,【中古】 【美品】 カルティエ パシャ グレー WSPA0026 ステンレススティール 【1年保証】,https://item.rakuten.co.jp/emedama/2245460008861/,
-13.7,"US_DEALER, not a hand carry",SBGW291,non-JP,3815,3484,3356,"mark, NO VENUE",3356,VERIFIED,,,FULL_SET,okura,グランドセイコー Grand Seiko ヘリテージコレクション ブティック/サロン/マスターショップ限定 SBGW291(9S64-00X0) シルバー ステンレススチール 手巻,https://ec.wb-ookura.com/products/2300045903334,
-13.8,"US_DEALER, not a hand carry *PAPERS",116900,non-JP,9034,8250,7939,Chrono24,6982,VERIFIED,C24 scrape n=1 THIN,1,BOX_ONLY,exquisite,Rolex Air-King 40 - 116900,https://www.exquisitetimepieces.com/products/rolex-116900-210009n43248,https://www.chrono24.com/rolex/air-king--id46582098.htm
-13.8,PASS,227.32.55.21.03.001,JP,12453,11372,10945,Chrono24,14973,DERIVED,C24 only,,FULL_SET,jackroad,オメガ OMEGA シーマスター プロプロフ 1200M 227.32.55.21.03.001 新品 時計 メンズ,https://item.rakuten.co.jp/jackroad/om1711/,
-13.8,"US_DEALER, not a hand carry",126334,non-JP,15047,13742,13222,Chrono24,14527,VERIFIED,C24 scrape,48,FULL_SET,okura,ロレックス ROLEX デイトジャスト 41 126334 アズーロブルー ホワイトゴールド/ステンレススチール 自動巻き メンズ 腕時計,https://ec.wb-ookura.com/products/2351050002369,https://www.chrono24.com/rolex/rolex-126334-datejust-41-silver-index-dial-on-oyster-2021--id46657048.htm
-13.9,"US_DEALER, not a hand carry",310.30.42.50.01.001,non-JP,8541,7800,7501,Chrono24,5627,VERIFIED,C24 scrape,18,UNKNOWN,exquisite,Omega Speedmaster Moonwatch Professional Master Chronograph 310.30.42.50.01.001,https://www.exquisitetimepieces.com/products/omega-speedmaster-moonwatch-professional-master-chronograph-31030425001001,https://www.chrono24.com/omega/unworn-2026-speedmaster-professional-moonwatch-42mm-hesalite-black-31030425001001--id43399029.htm
-13.9,"US_DEALER, not a hand carry",310.30.42.50.01.001,non-JP,8541,7800,7501,Chrono24,5627,VERIFIED,C24 scrape,18,UNKNOWN,topper,Omega Speedmaster Moonwatch Professional Master Chronometer Hesalite 310.30.42.50.01.001,https://www.topperjewelers.com/products/omega-speedmaster-moonwatch-professional-master-chronometer-310-30-42-50-01-001,https://www.chrono24.com/omega/unworn-2026-speedmaster-professional-moonwatch-42mm-hesalite-black-31030425001001--id43399029.htm
-13.9,PASS,215.30.44.21.04.001,JP,5390,4922,4731,"mark, NO VENUE",4731,VERIFIED,,,FULL_SET,jackroad,オメガ OMEGA シーマスター 600 プラネットオーシャン コーアクシャル マスタークロノメーター 215.30.44.21.04.001 新品 時計 メンズ,https://item.rakuten.co.jp/jackroad/om1179/,
-13.9,PASS,SBGX261,JP,2040,1863,1791,"mark, NO VENUE",1791,VERIFIED,,,FULL_SET|AB_GOOD,kitamura,【中古】 【良品】 グランドセイコー ヘリテージコレクション ブラック SBGX261 ステンレススティール 【1年保証】,https://item.rakuten.co.jp/emedama/2245460010123/,
-14.0,"US_DEALER, not a hand carry",79950,non-JP,4024,3675,3531,Chrono24,2555,VERIFIED,C24 scrape n=1 THIN,1,UNKNOWN,exquisite,TUDOR Ranger M79950-0003,https://www.exquisitetimepieces.com/products/tudor-ranger-m79950-0003,https://www.chrono24.com/tudor/tudor-ranger--id47000275.htm
-14.0,PASS,126505,JP,73134,66789,64156,Chrono24,54091,VERIFIED,C24 scrape,4,FULL_SET,jackroad,ロレックス ROLEX コスモグラフ デイトナ 126505 新品 時計 メンズ,https://item.rakuten.co.jp/jackroad/rx1822/,https://www.chrono24.com/rolex/2025-rolex-daytona-40mm-126505-rose-gold-chocolate-dial--id45674616.htm
-14.0,"US_DEALER, not a hand carry",136660,non-JP,16107,14710,14124,Chrono24,14299,VERIFIED,C24 hand read n=1 THIN,1,FULL_SET,okura,ロレックス ROLEX ディープシー 136660 Dブルー ステンレススチール 自動巻き メンズ 腕時計,https://ec.wb-ookura.com/products/2300045711496,
-14.1,PASS,228348RBR,JP,81242,74194,71175,Chrono24,68980,DERIVED,C24 only,,UNKNOWN|AA_LIKE_NEW,commit,ロレックス デイデイト40 Ref.228348RBR イエローゴールド グリーン文字盤 未使用 vznd6c4g,https://commit-watch.co.jp/products/vznd6c4g,
-14.1,PASS,279171,JP,16867,15404,14781,Chrono24,14475,VERIFIED,C24 only,,FULL_SET,jackroad,ロレックス ROLEX レディ デイトジャスト 28 279171 新品 時計 レディース,https://item.rakuten.co.jp/jackroad/151765/,
-14.1,PASS,279171,JP,16867,15404,14781,Chrono24,14475,VERIFIED,C24 only,,FULL_SET,jackroad,ロレックス ROLEX レディ デイトジャスト 28 279171 新品 時計 レディース,https://item.rakuten.co.jp/jackroad/136584/,
-14.2,PASS,116233,JP,14694,13419,12866,Chrono24,10112,VERIFIED,C24 scrape,2,UNKNOWN,commit,ロレックス デイトジャスト36 Ref.116233 ステンレススチール/イエローゴールド ブルーグラデーションx10Pダイヤ文字盤 ジュビリーブレスレット 美中古 3msctc2,https://commit-watch.co.jp/products/3msctc28,https://www.chrono24.com/rolex/116233--id47528421.htm
-14.3,PASS,424.10.37.20.02.001,JP,2029,1853,1775,"mark, NO VENUE",1775,VERIFIED,,,FULL_SET,jackroad,オメガ OMEGA デ・ヴィル プレステージ コーアクシャル 424.10.37.20.02.001 新品 時計 メンズ,https://item.rakuten.co.jp/jackroad/om627/,
-14.3,"US_DEALER, not a hand carry",4400E/000A-B437,non-JP,16248,14839,14221,"mark, NO VENUE",14221,VERIFIED,,,FULL_SET,okura,ヴァシュロン・コンスタンタン VACHERON CONSTANTIN フィフティーシックス デイデイト 4400E/000A-B437 シルバー ステンレススチール 自動巻き メン,https://ec.wb-ookura.com/products/2300046203877,
-14.4,PASS,WSTA0065,JP,4309,3935,3767,US AD new,3242,VERIFIED,C24 research,,FULL_SET,antiqurious,カルティエ タンクフランセーズ SM WSTA0065 / 4472 クォーツ Cal.057 SS SS シルバーローマン文字盤（SWISS MADE表記） 箱 保存袋 国際保証,https://antiqurious.com/products/rc_itcod2ykzpbo_soq2,
-14.4,PASS,SBGC203,JP,5220,4767,4564,"mark, NO VENUE",4564,VERIFIED,,,FULL_SET|AB_GOOD,kitamura,【中古】 【良品】 グランドセイコー スプリングドライブ GMT ブラック SBGC203/9R86-0AA0 ステンレススティール 【1年保証】,https://item.rakuten.co.jp/emedama/2245460009479/,
-14.4,PASS,16570,JP,9328,8518,8151,Chrono24,8104,VERIFIED,C24 scrape,4,FULL_SET|AB_GOOD,kitamura,【中古】 【良品】 ロレックス(ROLEX) エクスプローラーII ホワイト 16570 ステンレス 【1年保証】,https://item.rakuten.co.jp/emedama/2449070024147/,https://www.chrono24.com/rolex/explorer-ii--id47838616.htm
-14.5,"US_DEALER, not a hand carry",114270,non-JP,9505,8680,8304,Chrono24,6422,VERIFIED,C24 scrape,8,FULL_SET,firekids,ロレックス エクスプローラー Ref.114270 2001年製 箱、ギャランティー付き 純正ブレス,https://firekids.jp/products/detail/14756,https://www.chrono24.com/rolex/explorer--id47560875.htm
-14.5,"US_DEALER, not a hand carry *PAPERS",126300,non-JP,12541,11453,10950,Chrono24,9982,VERIFIED,C24 scrape,7,BODY_ONLY,satindoll,デイトジャスト41,https://www.satindollweb.com/products/detail/11565,https://www.chrono24.com/rolex/rolex-datejust-41-white-roman-dial-stainless-steel-41mm-126300----id46780791.htm
-14.6,"US_DEALER, not a hand carry",116622,non-JP,13917,12710,12143,"mark, NO VENUE",12143,VERIFIED,,,FULL_SET,okura,ロレックス ROLEX ヨットマスター40 116622 スレート プラチナ/ステンレススチール 自動巻き メンズ 腕時計,https://ec.wb-ookura.com/products/2300045849328,
-14.6,"US_DEALER, not a hand carry",79230DK,non-JP,2967,2710,2589,"mark, NO VENUE",2589,VERIFIED,,,FULL_SET,okura,チューダー/チュードル TUDOR ヘリテージ ブラックベイ ダーク 79230DK ブラック ステンレススチール(PVD加工) 自動巻き メンズ 腕時計,https://ec.wb-ookura.com/products/2300045479952,
-14.7,"US_DEALER, not a hand carry",310.32.42.50.01.001,non-JP,8103,7400,7063,Chrono24,5344,VERIFIED,C24 scrape,6,UNKNOWN,exquisite,Omega Speedmaster Moonwatch Professional Master Chronograph 310.32.42.50.01.001,https://www.exquisitetimepieces.com/products/omega-speedmaster-moonwatch-professional-master-chronograph-31032425001001,https://www.chrono24.com/omega/omega-unworn-2026-speedmaster-professional-moonwatch-42mm-hesalite-black-31032425001001--id47200730.htm
-14.7,"US_DEALER, not a hand carry",310.32.42.50.01.001,non-JP,8103,7400,7063,Chrono24,5344,VERIFIED,C24 scrape,6,UNKNOWN,topper,Omega Speedmaster Moonwatch Professional Master Chronometer Hesalite 310.32.42.50.01.001,https://www.topperjewelers.com/products/omega-speedmaster-moonwatch-professional-master-chronometer-hesalite-310-32-42-50-01-001,https://www.chrono24.com/omega/omega-unworn-2026-speedmaster-professional-moonwatch-42mm-hesalite-black-31032425001001--id47200730.htm
-14.7,PASS,124270,JP,10740,9808,9360,Chrono24 US,7956,VERIFIED,C24 research,,FULL_SET,jackroad,ロレックス ROLEX エクスプローラー 36 124270 中古 時計 メンズ,https://item.rakuten.co.jp/jackroad/6393401/,
-14.7,PASS,311.30.42.30.01.006,JP,5906,5393,5147,Chrono24 US,5478,VERIFIED,C24 research,,PAPERS_ONLY|A_EXCELLENT,kitamura,【中古】 【美品】 オメガ(OMEGA) スピードマスター プロフェッショナル ブラック 311.30.42.30.01.006 ステンレススティール 【1年保証】,https://item.rakuten.co.jp/emedama/2245460009738/,
-14.8,PASS,SBGC201,JP,5220,4767,4549,"mark, NO VENUE",4549,VERIFIED,,,FULL_SET|A_EXCELLENT,kitamura,【中古】 【美品】 グランドセイコー スプリングドライブ シルバー SBGC201/9R86-0AA0 ステンレススティール 【1年保証】,https://item.rakuten.co.jp/emedama/2245460007536/,
-14.8,"US_DEALER, not a hand carry",SBGN029,non-JP,3038,2774,2647,"mark, NO VENUE",2647,VERIFIED,,,FULL_SET,okura,グランドセイコー Grand Seiko スポーツコレクション クォーツ GMT SBGN029(9F86-0AK0) ダークネイビー ステンレススチール クオーツ メンズ 腕時計,https://ec.wb-ookura.com/products/2300046000094,
-14.8,"US_DEALER, not a hand carry",126710BLNR,non-JP,21680,19799,18889,Chrono24,17118,VERIFIED,C24 scrape,28,UNKNOWN,satindoll,GMTマスターII,https://www.satindollweb.com/products/detail/11535,https://www.chrono24.com/rolex/gmt-master-ii-batman-126710blnr-full-kit--id38713650.htm
-14.8,PASS,SBGJ251,JP,5353,4888,4664,"mark, NO VENUE",4664,VERIFIED,,,FULL_SET|A_EXCELLENT,kitamura,【中古】 【美品】 グランドセイコー メカニカル GMT グリーン SBGJ251/9S86-00N0 ステンレススティール 【1年保証】,https://item.rakuten.co.jp/emedama/2245460010178/,
-14.8,"US_DEALER, not a hand carry",SBGN029,non-JP,3038,2774,2647,"mark, NO VENUE",2647,VERIFIED,,,FULL_SET,okura,グランドセイコー Grand Seiko スポーツコレクション クォーツ GMT SBGN029(9F86-0AB0) ダークネイビー ステンレススチール クオーツ メンズ 腕時計,https://ec.wb-ookura.com/products/2300046266070,
-14.9,"US_DEALER, not a hand carry",116200,non-JP,8831,8065,7687,Chrono24 US,6952,VERIFIED,C24 research,,FULL_SET,okura,ロレックス ROLEX デイトジャスト36 116200 ブルー ステンレススチール 自動巻き メンズ 腕時計,https://ec.wb-ookura.com/products/2341950025414,
-15.0,PASS,75190,JP,4533,4140,3942,Chrono24,3850,DERIVED,PARTIAL,,FULL_SET,jackroad,チューダー(チュードル) TUDOR サブマリーナー ボーイズ 75190 ヴィンテージ 時計 ボーイズ,https://item.rakuten.co.jp/jackroad/6285164/,
-15.0,PASS,WSPN0015,JP,6297,5751,5475,Chrono24 US,5909,VERIFIED,C24 research,,FULL_SET,bettyroad,カルティエ CARTIER パンテール ドゥ カルティエ MM WSPN0015 新品 時計 レディース,https://item.rakuten.co.jp/bettyroad/6478924/,
-15.0,PASS,116500LN,JP,34616,31613,30111,Chrono24,27353,DERIVED,C24 scrape,35,UNKNOWN|A_EXCELLENT,commit,ロレックス デイトナ Ref.116500LN ステンレススチール ホワイト文字盤 美品 qrhiytva,https://commit-watch.co.jp/products/qrhiytva,https://www.chrono24.com/rolex/daytona--id45887205.htm
-15.1,"US_DEALER, not a hand carry",217.30.42.21.01.002,non-JP,10074,9200,8755,Chrono24,8556,DERIVED,C24 scrape,16,UNKNOWN,exquisite,Omega 217.30.42.21.01.002 Seamaster Planet Ocean 600M,https://www.exquisitetimepieces.com/products/omega-21730422101002-seamaster-planet-ocean-600m,https://www.chrono24.com/omega/omega-seamaster-planet-ocean-600m--id47559909.htm
-15.1,"US_DEALER, not a hand carry",217.30.42.21.01.002,non-JP,10074,9200,8755,Chrono24,8556,DERIVED,C24 scrape,16,UNKNOWN,topper,Omega Seamaster Planet Ocean 600m 217.30.42.21.01.002,https://www.topperjewelers.com/products/omega-217-30-42-21-01-002,https://www.chrono24.com/omega/omega-seamaster-planet-ocean-600m--id47559909.htm
-15.1,PASS,126333,JP,17019,15543,14781,Chrono24,15666,VERIFIED,C24 scrape,16,FULL_SET,rasin,Rolex Datejust 126333 Champagne Bar 5 rows Jubilee bracelet random number Used men&#39;s,https://en.www.rasin.co.jp/SHOP/U-126333CHB-2.html,https://www.chrono24.com/rolex/datejust-41--id47176572.htm
-15.1,PASS,16710,JP,14341,13097,12465,Chrono24,13051,VERIFIED,C24 hand read n=1 THIN,1,UNKNOWN,commit,ロレックス GMTマスターII Ref.16710 ステンレススチール ブラック文字盤 オイスターブレスレット 中古 ocpicjhi,https://commit-watch.co.jp/products/ocpicjhi,
-15.1,"US_DEALER, not a hand carry",4520V/210A-B128,non-JP,36735,33548,31916,"mark, NO VENUE",31916,VERIFIED,,,FULL_SET,okura,ヴァシュロン・コンスタンタン VACHERON CONSTANTIN オーヴァーシーズ オートマティック 4520V/210A-B128 ブルー ステンレススチール 自動巻き メン,https://ec.wb-ookura.com/products/2300046018822,
-15.2,PASS,16520,JP,36594,33419,31755,Chrono24 US,28092,VERIFIED,C24 research VARIANT RISK,,UNKNOWN,commit,ロレックス デイトナ エルプリメロ Ref.16520 ステンレススチール ホワイト文字盤 中古 67kgcs42,https://commit-watch.co.jp/products/67kgcs42,
-15.2,PASS,16520,JP,36594,33419,31755,Chrono24 US,28092,VERIFIED,C24 research VARIANT RISK,,UNKNOWN,commit,ロレックス デイトナ エルプリメロ Ref.16520 ステンレススチール ホワイト文字盤 中古 o9ft79zr,https://commit-watch.co.jp/products/o9ft79zr,
-15.2,"US_DEALER, not a hand carry",SBGA465,non-JP,5804,5300,5037,Chrono24,4001,VERIFIED,C24 scrape,10,UNKNOWN,exquisite,"Grand Seiko Spring Drive SBGA465 ""Morning Frost""",https://www.exquisitetimepieces.com/products/grand-seiko-spring-drive-sbga465-morning-frost,https://www.chrono24.com/grandseiko/grand-seiko-morning-frost--spring-drive-elegance--id47283405.htm
-15.2,PASS,WGTA0357,JP,17658,16126,15330,Chrono24 US,13224,VERIFIED,C24 research,,FULL_SET,jackroad,カルティエ CARTIER タンク ルイ カルティエ ラージ WGTA0357 新品 時計 男女兼用,https://item.rakuten.co.jp/jackroad/ca1096/,
-15.2,PASS,224270,JP,11860,10831,10292,Chrono24,8563,VERIFIED,C24 scrape n=1 THIN,1,FULL_SET,jackroad,ロレックス ROLEX エクスプローラー 40 224270 新品 時計 メンズ,https://item.rakuten.co.jp/jackroad/rx1693/,https://www.chrono24.com/rolex/explorer--id47700443.htm
-15.2,"US_DEALER, not a hand carry",116622,non-JP,13988,12774,12143,"mark, NO VENUE",12143,VERIFIED,,,FULL_SET,okura,ロレックス ROLEX ヨットマスター 116622 スレート（ダークロジウム） プラチナ/ステンレススチール 自動巻き メンズ 腕時計,https://ec.wb-ookura.com/products/2341950024073,
-15.2,"US_DEALER, not a hand carry",126710BLNR,non-JP,21759,19871,18889,Chrono24,17118,VERIFIED,C24 scrape,28,FULL_SET,okura,ロレックス ROLEX GMTマスター2 126710BLNR ブラック ステンレススチール 自動巻き メンズ 腕時計,https://ec.wb-ookura.com/products/2300046206953,https://www.chrono24.com/rolex/gmt-master-ii-batman-126710blnr-full-kit--id38713650.htm
-15.3,PASS,134300,JP,13507,12335,11716,Chrono24,10206,VERIFIED,C24 scrape,9,FULL_SET,jackroad,ロレックス ROLEX オイスター パーペチュアル 41 134300 新品 時計 メンズ,https://item.rakuten.co.jp/jackroad/rx2107/,https://www.chrono24.com/rolex/rolex-oyster-perpetual--41mm--id47541739.htm
-15.3,"US_DEALER, not a hand carry",SLGA009,non-JP,7665,7000,6646,"mark, NO VENUE",6646,VERIFIED,,,FULL_SET,exquisite,Grand Seiko SLGA009,https://www.exquisitetimepieces.com/products/grand-seiko-slga009-ns21000931741,
-15.4,"US_DEALER, not a hand carry",126334,non-JP,15259,13935,13222,Chrono24,14527,VERIFIED,C24 scrape,48,FULL_SET,okura,ロレックス ROLEX デイトジャスト41 126334 アズーロブルー ホワイトゴールド/ステンレススチール 自動巻き メンズ 腕時計,https://ec.wb-ookura.com/products/2300045763747,https://www.chrono24.com/rolex/rolex-126334-datejust-41-silver-index-dial-on-oyster-2021--id46657048.htm
-15.4,PASS,116333,JP,13358,12199,11578,"mark, NO VENUE",11578,VERIFIED,,,UNKNOWN,rasin,ROLEX Datejust II 116333 Black Roman Numerals Random Serial Number Used Men's Watch,https://en.www.rasin.co.jp/SHOP/U-116333BKR.html,
-15.5,PASS,126300,JP,12650,11553,10950,Chrono24,9982,VERIFIED,C24 scrape,7,FULL_SET,jackroad,ロレックス ROLEX デイトジャスト41 126300 新品 時計 メンズ,https://item.rakuten.co.jp/jackroad/rx1722/,https://www.chrono24.com/rolex/rolex-datejust-41-white-roman-dial-stainless-steel-41mm-126300----id46780791.htm
-15.5,PASS,126610LN,JP,17460,15945,15111,Chrono24,12276,DERIVED,C24 scrape,2,FULL_SET,jackroad,ロレックス ROLEX サブマリーナー デイト 126610LN 新品 時計 メンズ,https://item.rakuten.co.jp/jackroad/rx1274/,https://www.chrono24.com/rolex/submariner-date--id47559691.htm
-15.6,PASS,210.32.44.51.01.001,JP,6371,5819,5510,"mark, NO VENUE",5510,VERIFIED,,,FULL_SET|A_EXCELLENT,kitamura,【中古】 【美品】 オメガ(OMEGA) シーマスター ダイバー300M ブラック 210.32.44.51.01.001 ステンレススティール 【1年保証】,https://item.rakuten.co.jp/emedama/2245460009349/,
-15.6,"US_DEALER, not a hand carry",16710,non-JP,14412,13161,12465,Chrono24,13051,VERIFIED,C24 hand read n=1 THIN,1,FULL_SET,okura,ロレックス ROLEX GMTマスター2 16710 ブラック ステンレススチール 自動巻き メンズ 腕時計,https://ec.wb-ookura.com/products/2341950024127,
-15.6,"US_DEALER, not a hand carry",SBGX349,non-JP,2614,2387,2262,"mark, NO VENUE",2262,VERIFIED,,,FULL_SET,okura,グランドセイコー Grand Seiko エレガンスコレクション マスターショップ限定 SBGX349(9F61-0AR0) ブルー ステンレススチール クオーツ メンズ 腕時計,https://ec.wb-ookura.com/products/2300046157002,
-15.6,PASS,126334,JP,15290,13963,13222,Chrono24,14527,VERIFIED,C24 scrape,48,FULL_SET|A_EXCELLENT,kitamura,【中古】 【美品】 ロレックス(ROLEX) デイトジャスト 41 ブルー 126334 ステンレス/ホワイトゴールド ローマ JB 【1年保証】,https://item.rakuten.co.jp/emedama/2245460009660/,https://www.chrono24.com/rolex/rolex-126334-datejust-41-silver-index-dial-on-oyster-2021--id46657048.htm
-15.7,"US_DEALER, not a hand carry",220.10.38.20.01.004,non-JP,8103,7400,7003,Chrono24 US,5191,VERIFIED,C24 research,8,UNKNOWN,exquisite,Omega Seamaster Aqua Terra 150M 38mm Black Lacquer Dial 220.10.38.20.01.004,https://www.exquisitetimepieces.com/products/omega-220-10-38-20-01-004-seamaster-aqua-terra-150m-38mm-black-steel-on-bracelet,
-15.7,"US_DEALER, not a hand carry",220.10.38.20.01.004,non-JP,8103,7400,7003,Chrono24 US,5191,VERIFIED,C24 research,8,UNKNOWN,topper,Omega Seamaster Aqua Terra 150M Co‑Axial Master Chronometer 38mm 220.10.38.20.01.004,https://www.topperjewelers.com/products/omega-220-10-38-20-01-004,
-15.7,PASS,126720VTNR,JP,20391,18622,17628,Chrono24,14816,DERIVED,C24 scrape,6,FULL_SET|AA_LIKE_NEW,kitamura,【中古】 【新品同様】 ロレックス(ROLEX) GMTマスターII ブラック 126720VTNR ステンレス JB 【1年保証】,https://item.rakuten.co.jp/emedama/2447020215706/,https://www.chrono24.com/rolex/rolex-gmt-master-ii-sprite-126720vtnr--id47697234.htm
-15.8,"US_DEALER, not a hand carry",79470,non-JP,4097,3742,3537,Chrono24,3001,VERIFIED,C24 scrape n=1 THIN,1,FULL_SET,okura,チューダー/チュードル TUDOR ブラックベイ プロ 79470 シルバー ステンレススチール 自動巻き メンズ 腕時計,https://ec.wb-ookura.com/products/2300045961853,https://www.chrono24.com/tudor/2022-tudor-79470-0003-black-bay-pro-gmt-full-set--id46252675.htm
-15.9,PASS,126610LV,JP,18778,17149,16195,Chrono24,14441,VERIFIED,C24 scrape,16,FULL_SET,jackroad,ロレックス ROLEX グリーン サブマリーナー デイト 126610LV 新品 時計 メンズ,https://item.rakuten.co.jp/jackroad/rx1277/,https://www.chrono24.com/rolex/submariner-date--id47784856.htm
-15.9,"US_DEALER, not a hand carry",126200,non-JP,10597,9677,9143,Chrono24,9044,VERIFIED,C24 hand read,3,PAPERS_ONLY,okura,ロレックス ROLEX デイトジャスト36 126200 スレート ステンレススチール 自動巻き メンズ 腕時計,https://ec.wb-ookura.com/products/2300045516206,
-15.9,"US_DEALER, not a hand carry",STGF359,non-JP,2410,2201,2080,"mark, NO VENUE",2080,VERIFIED,,,UNKNOWN,ippo,GRAND SEIKO STGF359 Elegant Design Automatic Movement Sapphire Crystal Water Resistant,https://www.ippojapanwatch.com/products/grand-seiko-stgf359-elegant-design-automatic-movement-sapphire-crystal-water-resistant,
-15.9,"US_DEALER, not a hand carry",126710BLNR,non-JP,21900,20000,18889,Chrono24,17118,VERIFIED,C24 scrape,28,FULL_SET,okura,ロレックス ROLEX GMTマスター2 126710BLNR ブラック ステンレススチール 自動巻き メンズ 腕時計,https://ec.wb-ookura.com/products/2343470017443,https://www.chrono24.com/rolex/gmt-master-ii-batman-126710blnr-full-kit--id38713650.htm
-16.0,PASS,136660,JP,16390,14968,14124,Chrono24,14299,VERIFIED,C24 hand read n=1 THIN,1,UNKNOWN|AA_LIKE_NEW,commit,ロレックス シードゥエラー ディープシー Ref.136660 ステンレススチール D-BLUE文字盤 未使用 snih3hmv,https://commit-watch.co.jp/products/snih3hmv,
-16.0,PASS,WSSA0096,JP,9224,8424,7952,"mark, NO VENUE",7952,VERIFIED,,,FULL_SET,jackroad,カルティエ CARTIER サントス ドゥ カルティエ ラージ WSSA0096 新品 時計 メンズ,https://item.rakuten.co.jp/jackroad/ca1118/,
-16.0,PASS,136660,JP,16377,14956,14124,Chrono24,14299,VERIFIED,C24 hand read n=1 THIN,1,FULL_SET,rasin,ROLEX Deepsea D-BLUE SEA-DWELLER notation 136660 Blue Random Number Used Men's,https://en.www.rasin.co.jp/SHOP/U-136660BL-5.html,
-16.0,"US_DEALER, not a hand carry",326.30.40.50.03.001,non-JP,3885,3548,3348,"mark, NO VENUE",3348,VERIFIED,,,FULL_SET,okura,オメガ OMEGA スピードマスターレーシングコーアクシャルクロノメータークロノグラフ 326.30.40.50.03.001 ブルー ステンレススチール 自動巻き メンズ 腕時計,https://ec.wb-ookura.com/products/2300046230224,
-16.1,PASS,126711CHNR,JP,25366,23166,21844,Chrono24,18534,VERIFIED,C24 scrape,2,FULL_SET,jackroad,ロレックス ROLEX GMTマスターII 126711CHNR 新品 時計 メンズ,https://item.rakuten.co.jp/jackroad/rx949/,https://www.chrono24.com/rolex/gmt-master-ii--id47263073.htm
-16.1,PASS,WGTA0010,JP,11400,10411,9823,"mark, NO VENUE",9823,VERIFIED,,,FULL_SET,bettyroad,カルティエ CARTIER タンク ルイ カルティエ SM WGTA0010 中古 時計 レディース,https://item.rakuten.co.jp/bettyroad/6374738/,
-16.1,PASS,SBGW291,JP,3895,3557,3356,"mark, NO VENUE",3356,VERIFIED,,,FULL_SET|AB_GOOD,kitamura,【中古】 【良品】 グランドセイコー メカニカル シルバー SBGW291/9S64-00X0 ステンレススティール 【1年保証】,https://item.rakuten.co.jp/emedama/2446010040748/,
-16.1,PASS,16570,JP,9460,8639,8151,Chrono24,8104,VERIFIED,C24 scrape,4,PAPERS_ONLY|AB_GOOD,kitamura,【中古】 【良品】 ロレックス(ROLEX) エクスプローラーII ホワイト 16570 ステンレス 【1年保証】,https://item.rakuten.co.jp/emedama/2443980040860/,https://www.chrono24.com/rolex/explorer-ii--id47838616.htm
-16.1,"US_DEALER, not a hand carry",215.30.44.22.01.001,non-JP,7118,6500,6132,Chrono24 US,5145,VERIFIED,LOW,,FULL_SET,exquisite,Omega Seamaster Planet Ocean 215.30.44.22.01.001,https://www.exquisitetimepieces.com/products/omega-seamaster-planet-ocean-21530442201001-ns21000934438,
-16.2,PASS,16710,JP,14482,13226,12465,Chrono24,13051,VERIFIED,C24 hand read n=1 THIN,1,UNKNOWN,commit,ロレックス GMTマスターII Ref.16710 ステンレススチール ブラック文字盤 オイスターブレスレット 美中古 fnfkit7d,https://commit-watch.co.jp/products/fnfkit7d,
-16.2,PASS,124273,JP,15075,13767,12976,Chrono24 US,10510,VERIFIED,C24 research,15,FULL_SET,jackroad,ロレックス ROLEX エクスプローラー 124273 中古 時計 メンズ,https://item.rakuten.co.jp/jackroad/6328069/,
-16.2,"US_DEALER, not a hand carry",16710,non-JP,14482,13226,12465,Chrono24,13051,VERIFIED,C24 hand read n=1 THIN,1,FULL_SET,okura,ロレックス ROLEX GMTマスター2 16710 ブラック ステンレススチール 自動巻き メンズ 腕時計,https://ec.wb-ookura.com/products/2300046018235,
-16.2,PASS,W2SA0017,JP,7340,6703,6314,"mark, NO VENUE",6314,VERIFIED,,,PAPERS_ONLY|A_EXCELLENT,kitamura,【中古】 【美品】 カルティエ サントスデュモン XL W2SA0017 シルバー シルバー系 【1年保証】,https://item.rakuten.co.jp/emedama/2245460008304/,
-16.3,"US_DEALER, not a hand carry",127334,non-JP,33945,31000,29198,Chrono24,25565,VERIFIED,C24 scrape,9,FULL_SET,exquisite,Rolex Land-Dweller 127334,https://www.exquisitetimepieces.com/products/rolex-land-dweller-127334-ns21000941910,https://www.chrono24.com/rolex/rolex-2026-land-dweller-40mm-127334-stainless-steel-jubilee-white-dial--id47204616.htm
-16.3,PASS,WSPN0015,JP,6365,5813,5475,Chrono24 US,5909,VERIFIED,C24 research,,FULL_SET,bettyroad,カルティエ CARTIER パンテール ドゥ カルティエ MM WSPN0015 新品 時計 レディース,https://item.rakuten.co.jp/bettyroad/ca1015/,
-16.4,"US_DEALER, not a hand carry",SBGN021,non-JP,3179,2903,2732,"mark, NO VENUE",2732,VERIFIED,,,FULL_SET,okura,グランドセイコー Grand Seiko スポーツコレクション 9FクォーツGMT SBGN021(9F86-0AJ0) ブルー ステンレススチール/セラミック クオーツ メンズ ,https://ec.wb-ookura.com/products/2300045961723,
-16.4,"US_DEALER, not a hand carry",116622,non-JP,14129,12903,12143,"mark, NO VENUE",12143,VERIFIED,,,FULL_SET,okura,ロレックス ROLEX ヨットマスター40 スレート 116622 グレー プラチナ/ステンレススチール 自動巻き メンズ 腕時計,https://ec.wb-ookura.com/products/2341950022420,
-16.4,"US_DEALER, not a hand carry",SBGJ273,non-JP,5799,5296,4983,"mark, NO VENUE",4983,VERIFIED,,,UNKNOWN,ippo,Grand Seiko SBGJ273 Automatic Movement Sapphire Crystal Stainless Steel Case 40mm Water Re,https://www.ippojapanwatch.com/products/grand-seiko-sbgj273-automatic-movement-sapphire-crystal-stainless-steel-case-40mm-water-resistant,
-16.5,PASS,124270,JP,10905,9959,9360,Chrono24 US,7956,VERIFIED,C24 research,,FULL_SET,rasin,PRICEDOWN ROLEX Explorer 36 124270 Black Random Number Used Men's,https://en.www.rasin.co.jp/SHOP/U-124270-22.html,
-16.5,"US_DEALER, not a hand carry *PAPERS",114200,non-JP,7085,6470,6081,Chrono24 US,5696,VERIFIED,C24 research VARIANT RISK,20,BODY_ONLY,satindoll,オイスターパーペチュアル34,https://www.satindollweb.com/products/detail/11610,
-16.6,"US_DEALER, not a hand carry",217.30.42.21.01.003,non-JP,10402,9500,8919,Chrono24,8835,DERIVED,C24 scrape,8,UNKNOWN,exquisite,Omega 217.30.42.21.01.003 Seamaster Planet Ocean 600M,https://www.exquisitetimepieces.com/products/omega-21730422101003-seamaster-planet-ocean-600,https://www.chrono24.com/omega/omega-new-2026-seamaster-planet-ocean-600m-42mm-orange-bezel-21730422101003--id47561117.htm
-16.6,"US_DEALER, not a hand carry",217.30.42.21.01.003,non-JP,10402,9500,8919,Chrono24,8835,DERIVED,C24 scrape,8,UNKNOWN,topper,Omega Seamaster Planet Ocean 600m 217.30.42.21.01.003,https://www.topperjewelers.com/products/omega-217-30-42-21-01-003,https://www.chrono24.com/omega/omega-new-2026-seamaster-planet-ocean-600m-42mm-orange-bezel-21730422101003--id47561117.htm
-16.6,PASS,215.30.46.51.03.001,JP,6444,5885,5526,"mark, NO VENUE",5526,VERIFIED,,,FULL_SET,jackroad,オメガ OMEGA シーマスター 600 プラネットオーシャン クロノグラフ 215.30.46.51.03.001 新品 時計 メンズ,https://item.rakuten.co.jp/jackroad/om738/,
-16.6,PASS,126234,JP,14643,13372,12559,Chrono24,12488,VERIFIED,C24 scrape,8,FULL_SET,rasin,PRICEDOWN Rolex Datejust 36 126234 Black Bar 5 Rows Jubilee bracelet Random Number Used Me,https://en.www.rasin.co.jp/SHOP/U-126234BKBJ.html,https://www.chrono24.com/rolex/rolex-pre-owned-rolex-oyster-oysterseel-perpetual-datejust-silver-dial-36mm-watch-2021-126234--id44628162.htm
-16.7,"US_DEALER, not a hand carry",WSSA0082,non-JP,6853,6258,5872,"mark, NO VENUE",5872,VERIFIED,,,FULL_SET,okura,カルティエ Cartier サントス ドゥカルティエ SM WSSA0082 シルバー ステンレススチール クオーツ レディース 腕時計,https://ec.wb-ookura.com/products/2300045961600,
-16.7,PASS,28600,JP,2504,2287,2145,"mark, NO VENUE",2145,VERIFIED,,,FULL_SET|A_EXCELLENT,kitamura,【中古】 【美品】 チューダー ロイヤル シルバー 28600 ステンレススティール ローマ SSブレス 【1年保証】,https://item.rakuten.co.jp/emedama/2245460010222/,
-16.7,PASS,126710BLNR,JP,22047,20134,18889,Chrono24,17118,VERIFIED,C24 scrape,28,FULL_SET|AA_LIKE_NEW,kitamura,【中古】 【新品同様】 ロレックス(ROLEX) GMTマスターII ブラック 126710BLNR ステンレス JB ブラック/ブルーベゼル 【1年保証】,https://item.rakuten.co.jp/emedama/2445740038476/,https://www.chrono24.com/rolex/gmt-master-ii-batman-126710blnr-full-kit--id38713650.htm
-16.8,PASS,336934,JP,29533,26971,25288,Chrono24,23587,VERIFIED,C24 scrape,35,FULL_SET|A_EXCELLENT,kitamura,【中古】 【美品】 ロレックス(ROLEX) スカイドゥエラー 336934 JB ミントグリーン グリーン系 【1年保証】,https://item.rakuten.co.jp/emedama/2245460008816/,https://www.chrono24.com/rolex/like-new-2025-sky-dweller-steel-jubilee-black-dial-336934--id47597729.htm
-16.8,PASS,124273,JP,15157,13842,12976,Chrono24 US,10510,VERIFIED,C24 research,15,FULL_SET|AA_LIKE_NEW,kitamura,【中古】 【新品同様】 ロレックス(ROLEX) エクスプローラーI ブラック 124273 ステンレス/イエローゴールド 【1年保証】,https://item.rakuten.co.jp/emedama/2445740040233/,
-16.9,"US_DEALER, not a hand carry",336934,non-JP,29565,27000,25288,Chrono24,23587,VERIFIED,C24 scrape,35,FULL_SET,exquisite,Rolex 336934 Sky-Dweller,https://www.exquisitetimepieces.com/products/rolex-336934-sky-dweler-210009n29670,https://www.chrono24.com/rolex/like-new-2025-sky-dweller-steel-jubilee-black-dial-336934--id47597729.htm
-16.9,"US_DEALER, not a hand carry",212.30.41.20.01.003,non-JP,3391,3097,2900,eBay SOLD,3364,VERIFIED,C24 research PARTIAL,8,FULL_SET,okura,オメガ OMEGA シーマスターダイバー300Mコーアクシャルクロノメーター 212.30.41.20.01.003 ブラック ステンレススチール 自動巻き メンズ 腕時計,https://ec.wb-ookura.com/products/2351050004219,
-16.9,"US_DEALER, not a hand carry",126600,non-JP,16316,14900,13961,Chrono24,11850,VERIFIED,C24 scrape n=1 THIN,1,FULL_SET,exquisite,Rolex 126600-0002 Sea Dweller 43mm Black Dial Oyster Bracelet,https://www.exquisitetimepieces.com/products/rolex-126600-0002-sea-dweller-43mm-black-dial-oyster-bracelet-210009n43849,https://www.chrono24.com/rolex/seadweller-126600-red--id43448466.htm
-17.0,PASS,16570,JP,9537,8710,8151,Chrono24,8104,VERIFIED,C24 scrape,4,UNKNOWN,commit,ロレックス エクスプローラーII Ref.16570 ステンレススチール ホワイト文字盤 オイスターブレスレット 美中古 pxtqqqu5,https://commit-watch.co.jp/products/pxtqqqu5,https://www.chrono24.com/rolex/explorer-ii--id47838616.htm
-17.0,PASS,79470,JP,4138,3779,3537,Chrono24,3001,VERIFIED,C24 scrape n=1 THIN,1,FULL_SET,jackroad,チューダー(チュードル) TUDOR ブラックベイ プロ 79470-0004 新品 時計 メンズ,https://item.rakuten.co.jp/jackroad/tu712/,https://www.chrono24.com/tudor/2022-tudor-79470-0003-black-bay-pro-gmt-full-set--id46252675.htm
-17.0,PASS,126284RBR,JP,25366,23166,21681,US grey,19277,VERIFIED,C24 research VARIANT RISK,10,FULL_SET,jackroad,ロレックス ROLEX デイトジャスト 36 126284RBR 新品 時計 メンズ,https://item.rakuten.co.jp/jackroad/rx1505/,
-17.0,"US_DEALER, not a hand carry",16570,non-JP,9537,8710,8151,Chrono24,8104,VERIFIED,C24 scrape,4,FULL_SET,okura,ロレックス ROLEX エクスプローラー２ 16570 ホワイト ステンレススチール 自動巻き メンズ 腕時計,https://ec.wb-ookura.com/products/2341950024516,https://www.chrono24.com/rolex/explorer-ii--id47838616.htm
-17.0,PASS,16570,JP,9537,8710,8151,Chrono24,8104,VERIFIED,C24 scrape,4,UNKNOWN,commit,ロレックス エクスプローラーII Ref.16570 ステンレススチール ブラック文字盤 オイスターブレスレット 中古 zx7ih7js,https://commit-watch.co.jp/products/zx7ih7js,https://www.chrono24.com/rolex/explorer-ii--id47838616.htm
-17.0,PASS,126234,JP,14694,13419,12559,Chrono24,12488,VERIFIED,C24 scrape,8,FULL_SET,rasin,ROLEX Datejust 36 126234 Blue Bar 5-Row Jubilee bracelet Bracelet Random Serial Number Use,https://en.www.rasin.co.jp/SHOP/U-126234BLB-4.html,https://www.chrono24.com/rolex/rolex-pre-owned-rolex-oyster-oysterseel-perpetual-datejust-silver-dial-36mm-watch-2021-126234--id44628162.htm
-17.0,PASS,126234,JP,14694,13419,12559,Chrono24,12488,VERIFIED,C24 scrape,8,UNKNOWN|A_EXCELLENT,commit,ロレックス デイトジャスト36 Ref.126234 ステンレススチール/ホワイトゴールド オーベルジーヌ文字盤 ジュビリーブレスレット 美品 yuzts5m9,https://commit-watch.co.jp/products/yuzts5m9,https://www.chrono24.com/rolex/rolex-pre-owned-rolex-oyster-oysterseel-perpetual-datejust-silver-dial-36mm-watch-2021-126234--id44628162.htm
-17.1,PASS,52509,JP,24585,22452,21000,eBay SOLD,23157,VERIFIED,VERIFIED,,UNKNOWN|AA_LIKE_NEW,commit,ロレックス 1908 Ref.52509 ホワイトゴールド ホワイト文字盤 革ベルト 未使用 o94yytop,https://commit-watch.co.jp/products/o94yytop,
-17.1,PASS,210.32.42.20.04.001,JP,4994,4561,4266,"mark, NO VENUE",4266,VERIFIED,,,FULL_SET,jackroad,オメガ OMEGA シーマスター ダイバー300M コーアクシャル マスター クロノメーター 210.32.42.20.04.001 新品 時計 メンズ,https://item.rakuten.co.jp/jackroad/om1115/,
-17.1,PASS,363.179,JP,65700,60000,56126,"mark, NO VENUE",56126,VERIFIED,,,UNKNOWN,commit,A.ランゲ＆ゾーネ オデュッセウス Ref.363.179 ステンレススチール ダークブルー文字盤 中古 92fj95ij,https://commit-watch.co.jp/products/92fj95ij,
-17.2,PASS,126300,JP,12835,11721,10950,Chrono24,9982,VERIFIED,C24 scrape,7,FULL_SET,jackroad,ロレックス ROLEX デイトジャスト41 126300 新品 時計 メンズ,https://item.rakuten.co.jp/jackroad/rx982/,https://www.chrono24.com/rolex/rolex-datejust-41-white-roman-dial-stainless-steel-41mm-126300----id46780791.htm
-17.2,"US_DEALER, not a hand carry",116505,non-JP,52277,47742,44599,"mark, NO VENUE",44599,VERIFIED,,,FULL_SET,okura,ロレックス ROLEX デイトナ 116505 ブラック/ピンクゴールド ピンクゴールド 自動巻き メンズ 腕時計,https://ec.wb-ookura.com/products/2300045983732,
-17.2,PASS,15550ST,JP,52984,48387,45215,"mark, NO VENUE",45215,VERIFIED,,,UNKNOWN,commit,オーデマピゲ ロイヤルオーク 50周年記念 Ref.15550ST.OO.1356ST.03 ステンレススチール グレー文字盤 美中古 b3p3uk7m,https://commit-watch.co.jp/products/b3p3uk7m,
-17.3,PASS,116509,JP,43659,39871,37230,Chrono24,41739,VERIFIED,C24 hand read,4,UNKNOWN,commit,ロレックス デイトナ Ref.116509 ホワイトゴールド ブルー文字盤 中古 vhd4rt8z,https://commit-watch.co.jp/products/vhd4rt8z,
-17.3,PASS,126613LN,JP,21809,19916,18599,Chrono24,15733,VERIFIED,C24 scrape,14,FULL_SET,jackroad,ロレックス ROLEX サブマリーナー デイト 126613LN 中古 時計 メンズ,https://item.rakuten.co.jp/jackroad/6376114/,https://www.chrono24.com/rolex/submariner-date-126613ln--black-dial--bezel--two-tone-gold-rolesor--id43117886.htm
-17.3,PASS,136660,JP,16570,15132,14124,Chrono24,14299,VERIFIED,C24 hand read n=1 THIN,1,FULL_SET,rasin,PRICEDOWN ROLEX Deepsea D-BLUE SEA-DWELLER (No markings) 136660 Blue Random Serial Number ,https://en.www.rasin.co.jp/SHOP/U-136660BL-4.html,
-17.3,PASS,220.10.41.21.03.004,JP,5220,4767,4450,eBay SOLD,4630,VERIFIED,C24 research,8,FULL_SET|A_EXCELLENT,kitamura,【中古】 【美品】 オメガ(OMEGA) シーマスター アクアテラ ブルー 220.10.41.21.03.004 ステンレススティール 【1年保証】,https://item.rakuten.co.jp/emedama/2448230038444/,
-17.3,PASS,16710,JP,14627,13358,12465,Chrono24,13051,VERIFIED,C24 hand read n=1 THIN,1,FULL_SET|AB_GOOD,kitamura,【中古】 【良品】 ロレックス(ROLEX) GMTマスターII ブラック 16710 ステンレス ブラック/レッドベゼル ルミノバ 【1年保証】,https://item.rakuten.co.jp/emedama/2445590044634/,
-17.4,PASS,126331,JP,20688,18894,17628,Chrono24,17111,VERIFIED,C24 scrape,9,FULL_SET,jackroad,ロレックス ROLEX デイトジャスト41 126331 新品 時計 メンズ,https://item.rakuten.co.jp/jackroad/rx826/,https://www.chrono24.com/rolex/rolex-cpo-datejust-126331-41mm-everose-chocolate-dial--id47697277.htm
-17.4,"US_DEALER, not a hand carry",228235,non-JP,59130,54000,50370,Chrono24,52047,VERIFIED,C24 hand read,5,FULL_SET,exquisite,Rolex Day-Date M228235-0025,https://www.exquisitetimepieces.com/products/rolex-day-date-m228235-0025-210009n43412,
-17.4,PASS,SBGP013,JP,2438,2226,2076,"mark, NO VENUE",2076,VERIFIED,,,FULL_SET|A_EXCELLENT,kitamura,【中古】 【美品】 グランドセイコー クォーツ ネイビー [ブルー系] SBGP013/9F85-0AC0 ステンレススティール 【1年保証】,https://item.rakuten.co.jp/emedama/2474570016026/,
-17.5,PASS,126200,JP,10740,9808,9143,Chrono24,9044,VERIFIED,C24 hand read,3,FULL_SET,jackroad,ロレックス ROLEX デイトジャスト 36 126200 新品 時計 メンズ,https://item.rakuten.co.jp/jackroad/rx1234/,
-17.5,"US_DEALER, not a hand carry",WSTA0041,non-JP,3885,3548,3307,Chrono24 US,3078,VERIFIED,C24 research,13,FULL_SET,okura,カルティエ Cartier タンク マスト LM WSTA0041 シルバー ステンレススチール クオーツ ユニセックス 腕時計,https://ec.wb-ookura.com/products/2300046098992,
-17.5,"US_DEALER, not a hand carry",WSTA0041,non-JP,3885,3548,3307,Chrono24 US,3078,VERIFIED,C24 research,13,FULL_SET,okura,カルティエ Cartier タンク マスト LM WSTA0041 シルバー ステンレススチール クオーツ メンズ 腕時計,https://ec.wb-ookura.com/products/2351050001614,
-17.5,"US_DEALER, not a hand carry",126334,non-JP,15542,14194,13222,Chrono24,14527,VERIFIED,C24 scrape,48,FULL_SET,okura,ロレックス ROLEX デイトジャスト41 126334 ブラック ホワイトゴールド/ステンレススチール 自動巻き メンズ 腕時計,https://ec.wb-ookura.com/products/2300045825261,https://www.chrono24.com/rolex/rolex-126334-datejust-41-silver-index-dial-on-oyster-2021--id46657048.htm
-17.5,PASS,219.032,JP,17873,16323,15210,"mark, NO VENUE",15210,VERIFIED,,,UNKNOWN,commit,A.ランゲ＆ゾーネ サクソニア Ref.219.032 ピンクゴールド シルバー文字盤 美中古 huqypg7p,https://commit-watch.co.jp/products/huqypg7p,
-17.6,PASS,WSSA0061,JP,8368,7642,7118,Chrono24 US,7166,VERIFIED,C24 research,,FULL_SET,jackroad,カルティエ CARTIER サントス ドゥ カルティエ MM WSSA0061 新品 時計 メンズ,https://item.rakuten.co.jp/jackroad/ca839/,
-17.6,PASS,SBGX261,JP,2107,1924,1791,"mark, NO VENUE",1791,VERIFIED,,,FULL_SET|A_EXCELLENT,kitamura,【中古】 【美品】 グランドセイコー ヘリテージコレクション ブラック SBGX261 ステンレススティール 【1年保証】,https://item.rakuten.co.jp/emedama/2449020109696/,
-17.7,"US_DEALER, not a hand carry",210.30.42.20.06.002,non-JP,7994,7300,6789,Chrono24,5594,VERIFIED,C24 scrape n=1 THIN,1,UNKNOWN,exquisite,Omega 210.30.42.20.06.002 Seamaster Diver 300M,https://www.exquisitetimepieces.com/products/omega-21030422006002-seamaster-diver-300m,https://www.chrono24.com/omega/omega-seamaster-diver-300m-silver-dial-titanium-bezel-on-mesh-strap--id47219707.htm
-17.7,"US_DEALER, not a hand carry",210.30.42.20.06.002,non-JP,7994,7300,6789,Chrono24,5594,VERIFIED,C24 scrape n=1 THIN,1,UNKNOWN,topper,Omega Seamaster Diver 300M Co‑Axial Master Chronometer 210.30.42.20.06.002,https://www.topperjewelers.com/products/omega-210-30-42-20-06-002,https://www.chrono24.com/omega/omega-seamaster-diver-300m-silver-dial-titanium-bezel-on-mesh-strap--id47219707.htm
-17.7,PASS,126200,JP,10761,9827,9143,Chrono24,9044,VERIFIED,C24 hand read,3,FULL_SET|A_EXCELLENT,kitamura,【中古】 【美品】 ロレックス(ROLEX) デイトジャスト 36 スレート/グリーン [グレー系] 126200 ステンレス ローマ OB 【1年保証】,https://item.rakuten.co.jp/emedama/2245460006416/,
-17.7,"US_DEALER, not a hand carry",SLGC001,non-JP,11470,10475,9746,Chrono24,8794,VERIFIED,C24 only,,UNKNOWN,ippo,Grand Seiko SLGC001 Automatic Movement 18K Gold Case Sapphire Crystal Water Resistant 100m,https://www.ippojapanwatch.com/products/grand-seiko-slgc001-automatic-movement-18k-gold-case-sapphire-crystal-water-resistant-100m,
-17.8,PASS,127235,JP,57030,52082,48406,"mark, NO VENUE",48406,VERIFIED,,,FULL_SET,rasin,PRICEDOWN Rolex Land Dweller 36 127235 White Honeycomb Motif Random Size Used Men&#39;s,https://en.www.rasin.co.jp/SHOP/U-127235WH.html,
-17.8,"US_DEALER, not a hand carry",210.90.42.20.01.001,non-JP,12374,11300,10507,Chrono24,7672,VERIFIED,C24 scrape,5,UNKNOWN,topper,Omega Seamaster Diver 300M 007 Edition 210.90.42.20.01.001,https://www.topperjewelers.com/products/omega-seamaster-007-edition-210-90-42-20-01-001,https://www.chrono24.com/omega/omega-new-2026-seamaster-bond-007-no-time-to-die-titanium-mesh-21090422001001--id47628753.htm
-17.8,"US_DEALER, not a hand carry",126710BLNR,non-JP,22253,20323,18889,Chrono24,17118,VERIFIED,C24 scrape,28,FULL_SET,okura,ロレックス ROLEX GMTマスター2 126710BLNR ブラック ステンレススチール 自動巻き メンズ 腕時計,https://ec.wb-ookura.com/products/2300046098398,https://www.chrono24.com/rolex/gmt-master-ii-batman-126710blnr-full-kit--id38713650.htm
-17.8,"US_DEALER, not a hand carry",126710BLNR,non-JP,22253,20323,18889,Chrono24,17118,VERIFIED,C24 scrape,28,FULL_SET,okura,ロレックス ROLEX GMTマスター2 126710BLNR ブラック ステンレススチール 自動巻き メンズ 腕時計,https://ec.wb-ookura.com/products/2343470017474,https://www.chrono24.com/rolex/gmt-master-ii-batman-126710blnr-full-kit--id38713650.htm
-17.8,PASS,28303,JP,3176,2900,2695,"mark, NO VENUE",2695,VERIFIED,,,FULL_SET,bettyroad,チューダー(チュードル) TUDOR ロイヤル 28303-0003 新品 時計 レディース,https://item.rakuten.co.jp/bettyroad/tu770/,
-18.1,PASS,W2SA0009,JP,14166,12937,11990,Chrono24,9202,VERIFIED,C24 scrape,2,FULL_SET,jackroad,カルティエ CARTIER サントス ドゥ カルティエ LM W2SA0009 新品 時計 メンズ,https://item.rakuten.co.jp/jackroad/ca395/,https://www.chrono24.com/cartier/cartier-santos-de-cartier-large-two-tone-gold-398mm-silver-dial-w2sa0009--id47892133.htm
-18.1,"US_DEALER, not a hand carry",W2607456,non-JP,6217,5677,5265,"mark, NO VENUE",5265,VERIFIED,,,FULL_SET,okura,カルティエ Cartier タンクアメリカン SM W2607456 シルバー ピンクゴールド クオーツ レディース 腕時計,https://ec.wb-ookura.com/products/2300046157385,
-18.1,PASS,126334,JP,15621,14266,13222,Chrono24,14527,VERIFIED,C24 scrape,48,FULL_SET|AB_GOOD,kitamura,【中古】 【良品】 ロレックス(ROLEX) デイトジャスト 41 ホワイト 126334 ステンレス/ホワイトゴールド JB 【1年保証】,https://item.rakuten.co.jp/emedama/2245460007437/,https://www.chrono24.com/rolex/rolex-126334-datejust-41-silver-index-dial-on-oyster-2021--id46657048.htm
-18.3,"US_DEALER, not a hand carry",SBGX261,non-JP,2119,1935,1791,"mark, NO VENUE",1791,VERIFIED,,,FULL_SET,okura,グランドセイコー Grand Seiko ヘリテージコレクション 9Fクォーツ SBGX261(9F62-0AB0) ブラック ステンレススチール クオーツ メンズ 腕時計,https://ec.wb-ookura.com/products/2300046194007,
-18.4,PASS,126331,JP,20872,19062,17628,Chrono24,17111,VERIFIED,C24 scrape,9,FULL_SET,rasin,PRICEDOWN Rolex Datejust 41 126331 Chocolate Brown 5 rows Jubilee bracelet Random number U,https://en.www.rasin.co.jp/SHOP/U-U-126331CHB-2.html,https://www.chrono24.com/rolex/rolex-cpo-datejust-126331-41mm-everose-chocolate-dial--id47697277.htm
-18.5,"US_DEALER, not a hand carry",217.32.42.21.01.001,non-JP,9417,8600,7944,Chrono24,7998,DERIVED,C24 scrape,7,UNKNOWN,exquisite,Omega 217.32.42.21.01.001 Seamaster Planet Ocean 600M,https://www.exquisitetimepieces.com/products/omega-21732422101001-seamaster-planet-ocean-600m,https://www.chrono24.com/omega/omega-seamaster-planet-ocean-600m--id47677893.htm
-18.5,"US_DEALER, not a hand carry",217.32.42.21.01.001,non-JP,9417,8600,7944,Chrono24,7998,DERIVED,C24 scrape,7,UNKNOWN,topper,Omega Seamaster Planet Ocean 600m 217.32.42.21.01.001,https://www.topperjewelers.com/products/omega-217-32-42-21-01-001,https://www.chrono24.com/omega/omega-seamaster-planet-ocean-600m--id47677893.htm
-18.5,PASS,126234,JP,14884,13593,12559,Chrono24,12488,VERIFIED,C24 scrape,8,FULL_SET|B_AVERAGE,kitamura,【中古】 【並品】 ロレックス(ROLEX) デイトジャスト 36 ブルー 126234 ステンレス/ホワイトゴールド フルーテッドモチーフ JB 【1年保証】,https://item.rakuten.co.jp/emedama/2448690071364/,https://www.chrono24.com/rolex/rolex-pre-owned-rolex-oyster-oysterseel-perpetual-datejust-silver-dial-36mm-watch-2021-126234--id44628162.htm
-18.6,PASS,126334,JP,15681,14321,13222,Chrono24,14527,VERIFIED,C24 scrape,48,FULL_SET,jackroad,ロレックス ROLEX デイトジャスト41 126334 新品 時計 メンズ,https://item.rakuten.co.jp/jackroad/rx935/,https://www.chrono24.com/rolex/rolex-126334-datejust-41-silver-index-dial-on-oyster-2021--id46657048.htm
-18.6,"US_DEALER, not a hand carry",126334,non-JP,15683,14323,13222,Chrono24,14527,VERIFIED,C24 scrape,48,FULL_SET,okura,ロレックス ROLEX デイトジャスト41スレート 126334 グレー ホワイトゴールド/ステンレススチール 自動巻き メンズ 腕時計,https://ec.wb-ookura.com/products/2341950021300,https://www.chrono24.com/rolex/rolex-126334-datejust-41-silver-index-dial-on-oyster-2021--id46657048.htm
-18.6,PASS,134300,JP,13899,12693,11716,Chrono24,10206,VERIFIED,C24 scrape,9,FULL_SET|AA_LIKE_NEW,kitamura,【中古】 【新品同様】 ロレックス(ROLEX) オイスターパーペチュアル 41 キャンディピンク 134300 ステンレススティール オイスターブレス 【1年保証】,https://item.rakuten.co.jp/emedama/2245460008410/,https://www.chrono24.com/rolex/rolex-oyster-perpetual--41mm--id47541739.htm
-18.9,PASS,25807KN,JP,4138,3779,3480,"mark, NO VENUE",3480,VERIFIED,,,FULL_SET,jackroad,チューダー(チュードル) TUDOR ペラゴス FXD クロノ 25807KN-0001 新品 時計 メンズ,https://item.rakuten.co.jp/jackroad/tu639/,
-18.9,PASS,WSSA0063,JP,8565,7822,7203,"mark, NO VENUE",7203,VERIFIED,,,FULL_SET,jackroad,カルティエ CARTIER サントス ドゥ カルティエ MM WSSA0063 新品 時計 メンズ,https://item.rakuten.co.jp/jackroad/ca837/,
-18.9,"US_DEALER, not a hand carry",126655,non-JP,47897,43742,40296,Chrono24,28108,VERIFIED,C24 scrape n=1 THIN,1,FULL_SET,okura,ロレックス ROLEX ヨットマスター40 126655 パヴェダイヤ ピンクゴールド 自動巻き メンズ 腕時計,https://ec.wb-ookura.com/products/2300045330062,https://www.chrono24.com/rolex/yacht-master-40--id44494857.htm
-19.0,"US_DEALER, not a hand carry",SBGE257,non-JP,6022,5500,5062,Chrono24 US,4071,VERIFIED,C24 research,,FULL_SET,exquisite,Grand Seiko SBGE257,https://www.exquisitetimepieces.com/products/grand-seiko-sbge257-ns21000939543,
-19.0,PASS,124270,JP,11135,10169,9360,Chrono24 US,7956,VERIFIED,C24 research,,FULL_SET,jackroad,ロレックス ROLEX エクスプローラー 36 124270 中古 時計 メンズ,https://item.rakuten.co.jp/jackroad/6372369/,
-19.0,"US_DEALER, not a hand carry",116618LB,non-JP,39208,35806,32948,"mark, NO VENUE",32948,VERIFIED,,,FULL_SET,okura,ロレックス ROLEX サブマリーナ 116618LB ブルー ゴールド メンズ 腕時計,https://ec.wb-ookura.com/products/2300045061409,
-19.0,"US_DEALER, not a hand carry",16710,non-JP,14835,13548,12465,Chrono24,13051,VERIFIED,C24 hand read n=1 THIN,1,FULL_SET,okura,ロレックス ROLEX GMTマスター2 16710 ブラック ステンレススチール 自動巻き メンズ 腕時計,https://ec.wb-ookura.com/products/2351050001485,
-19.1,"US_DEALER, not a hand carry",WSSA0061,non-JP,8477,7742,7118,Chrono24 US,7166,VERIFIED,C24 research,,FULL_SET,okura,カルティエ Cartier サントス ドゥ カルティエ MM WSSA0061 グリーン ステンレススチール 自動巻き メンズ 腕時計,https://ec.wb-ookura.com/products/2351050000594,
-19.1,"US_DEALER, not a hand carry",SBGA373,non-JP,3885,3548,3262,"mark, NO VENUE",3262,VERIFIED,,,FULL_SET,okura,グランドセイコー Grand Seiko ヘリテージコレクション スプリングドライブ SBGA373(9R65-0CV0) シルバー ステンレススチール 自動巻き メンズ 腕時計,https://ec.wb-ookura.com/products/2351050002550,
-19.1,"US_DEALER, not a hand carry",A17328,non-JP,3426,3129,2876,"mark, NO VENUE",2876,VERIFIED,,,FULL_SET,okura,ブライトリング BREITLING アベンジャー オートマチック 42 A17328101L1A0(A17328) グリーン ステンレススチール 自動巻き メンズ 腕時計,https://ec.wb-ookura.com/products/2300046176881,
-19.2,PASS,210.32.42.20.03.001,JP,4994,4561,4191,"mark, NO VENUE",4191,VERIFIED,,,FULL_SET,jackroad,オメガ OMEGA シーマスター ダイバー300M コーアクシャル マスター クロノメーター 210.32.42.20.03.001 新品 時計 メンズ,https://item.rakuten.co.jp/jackroad/om927/,
-19.2,"US_DEALER, not a hand carry",SLGW003,non-JP,10173,9290,8535,"mark, NO VENUE",8535,VERIFIED,,,FULL_SET,okura,グランドセイコー Grand Seiko エボリューション9コレクション メカニカルハイビート36000 SLGW003(9SA4-00B0) 白樺ダイヤル チタン 手巻き メンズ,https://ec.wb-ookura.com/products/2300045850003,
-19.3,"US_DEALER, not a hand carry",SBGE257,non-JP,6038,5514,5062,Chrono24 US,4071,VERIFIED,C24 research,,UNKNOWN,ippo,SEIKO SBGE257 Grand Seiko Sport Collection Spring Drive GMT 40mm Stainless Steel Automatic,https://www.ippojapanwatch.com/products/seiko-sbge257-grand-seiko-sport-collection-spring-drive-gmt-40mm-stainless-steel-automatic-movement-sapphire-crystal,
-19.5,PASS,126518LN,JP,68397,62463,57241,Chrono24,59042,DERIVED,C24 scrape,20,FULL_SET,rasin,PRICEDOWN Rolex Cosmograph Daytona 126518LN Golden × Black Random Serial Used Men&#39;s,https://en.www.rasin.co.jp/SHOP/U-126518LNCHBK-3.html,https://www.chrono24.com/rolex/rolex-2025-daytona-40mm-126518ln-yellow-gold-oysterflex-champagne-dial--id47596590.htm
-19.5,"US_DEALER, not a hand carry",WSSA0029,non-JP,8124,7419,6796,"mark, NO VENUE",6796,VERIFIED,,,FULL_SET,okura,カルティエ Cartier サントス ドゥ カルティエ MM WSSA0029 シルバー ステンレススチール 自動巻き メンズ 腕時計,https://ec.wb-ookura.com/products/2300045849892,
-19.6,PASS,126621,JP,23047,21048,19265,Chrono24,15659,VERIFIED,C24 scrape n=1 THIN,1,FULL_SET,jackroad,ロレックス ROLEX ヨットマスター 126621 新品 時計 メンズ,https://item.rakuten.co.jp/jackroad/rx1127/,https://www.chrono24.com/rolex/like-new-2023-yacht-master-40-2-tone-chocolate-dial-126621--id47701258.htm
-19.6,"US_DEALER, not a hand carry",WSTA0041,non-JP,3956,3613,3307,Chrono24 US,3078,VERIFIED,C24 research,13,FULL_SET,okura,カルティエ Cartier タンク マスト LM WSTA0041 シルバー ステンレススチール クオーツ レディース 腕時計,https://ec.wb-ookura.com/products/2300045983589,
-19.6,"US_DEALER, not a hand carry",WSTA0040,non-JP,4945,4516,4135,"mark, NO VENUE",4135,VERIFIED,,,FULL_SET,okura,カルティエ Cartier タンクマストXL WSTA0040 シルバー SS×レザー 自動巻き メンズ 腕時計,https://ec.wb-ookura.com/products/2300045983947,
-19.7,"US_DEALER, not a hand carry",326938,non-JP,47332,43226,39541,"mark, NO VENUE",39541,VERIFIED,,,FULL_SET,okura,ロレックス ROLEX スカイドゥエラー 326938 シルバー ゴールド 自動巻き メンズ 腕時計,https://ec.wb-ookura.com/products/2343470016125,
-19.7,PASS,116515LN,JP,45919,41935,38357,Chrono24,34800,DERIVED,C24 scrape,17,UNKNOWN,commit,ロレックス デイトナ Ref.116515LN エバーローズゴールド チョコレートxブラック文字盤 美中古 anf6c64p,https://commit-watch.co.jp/products/anf6c64p,https://www.chrono24.com/rolex/daytona-116515ln-choco-arabic-brown-arabic-dial-rose-gold-leather-strap-40mm-2013--id47579182.htm
-19.9,"US_DEALER, not a hand carry",329.30.44.51.01.003,non-JP,10293,9400,8588,"mark, NO VENUE",8588,VERIFIED,,,FULL_SET,exquisite,Omega 329.30.44.51.01.003 Speedmaster Super Racing,https://www.exquisitetimepieces.com/products/omega-329-30-44-51-01-003-speedmaster-super-racing-210000079400,
-19.9,PASS,126618LB,JP,53895,49220,44949,Chrono24,39121,VERIFIED,C24 scrape n=1 THIN,1,FULL_SET,jackroad,ロレックス ROLEX サブマリーナー デイト 126618LB 新品 時計 メンズ,https://item.rakuten.co.jp/jackroad/rx1423/,https://www.chrono24.com/rolex/submariner-date--id46762185.htm
-19.9,"US_DEALER, not a hand carry",SBGM245,non-JP,4588,4190,3827,"mark, NO VENUE",3827,VERIFIED,,,UNKNOWN,ippo,SEIKO SBGM245 Mechanical Automatic Watch 40mm Case Stainless Steel GMT Function Sport Coll,https://www.ippojapanwatch.com/products/seiko-sbgm245-mechanical-automatic-watch-40mm-case-stainless-steel-gmt-function-sport-collection,
-20.0,"US_DEALER, not a hand carry",WSSA0030,non-JP,8124,7419,6771,"mark, NO VENUE",6771,VERIFIED,,,FULL_SET,okura,カルティエ Cartier サントス ドゥカルティエ LM WSSA0030 ブルー ステンレススチール 自動巻き メンズ 腕時計,https://ec.wb-ookura.com/products/2300045849878,
-20.0,"US_DEALER, not a hand carry",WSSA0030,non-JP,8124,7419,6771,"mark, NO VENUE",6771,VERIFIED,,,FULL_SET,okura,カルティエ Cartier サントス ドゥ カルティエ LM WSSA0030 グラデーションブルー ステンレススチール 自動巻き メンズ 腕時計,https://ec.wb-ookura.com/products/2341950023595,
-20.0,PASS,126200,JP,10969,10018,9143,Chrono24,9044,VERIFIED,C24 hand read,3,FULL_SET,rasin,Rolex Datejust 36 126200 Blue Roman 3-row Oyster bracelet Random Number Unused Men&#39;s,https://en.www.rasin.co.jp/SHOP/S-126200BLR.html,
-20.1,"US_DEALER, not a hand carry",304.33.44.52.03.001,non-JP,8760,8000,7291,"mark, NO VENUE",7291,VERIFIED,,,FULL_SET,exquisite,Omega Speedmaster Moonwatch Master Chronometer Moonphase 304.33.44.52.03.001,https://www.exquisitetimepieces.com/products/omega-304-33-44-52-03-001-speedmaster-moonwatch-master-chronometer-moonphase-210009n43367,
-20.2,"US_DEALER, not a hand carry",126334,non-JP,15895,14516,13222,Chrono24,14527,VERIFIED,C24 scrape,48,FULL_SET,okura,ロレックス ROLEX デイトジャスト41 126334 ブルー ホワイトゴールド/ステンレススチール 自動巻き メンズ 腕時計,https://ec.wb-ookura.com/products/2300045659453,https://www.chrono24.com/rolex/rolex-126334-datejust-41-silver-index-dial-on-oyster-2021--id46657048.htm
-20.2,"US_DEALER, not a hand carry",SBGW297,non-JP,4461,4074,3712,"mark, NO VENUE",3712,VERIFIED,,,UNKNOWN,ippo,Grand Seiko SBGW297 Automatic Movement Stainless Steel Case Sapphire Crystal Elegant Desig,https://www.ippojapanwatch.com/products/grand-seiko-sbgw297-automatic-movement-stainless-steel-case-sapphire-crystal-elegant-design,
-20.2,PASS,WSSA0082,JP,7057,6445,5872,"mark, NO VENUE",5872,VERIFIED,,,FULL_SET,bettyroad,カルティエ CARTIER サントス ドゥ カルティエ SM WSSA0082 新品 時計 レディース,https://item.rakuten.co.jp/bettyroad/ca1064/,
-20.2,PASS,124270,JP,11249,10273,9360,Chrono24 US,7956,VERIFIED,C24 research,,FULL_SET|AA_LIKE_NEW,kitamura,【中古】 【新品同様】 ロレックス(ROLEX) エクスプローラーI ブラック 124270 ステンレス 【1年保証】,https://item.rakuten.co.jp/emedama/2445740037752/,
-20.3,PASS,WSSA0085,JP,5258,4802,4369,US grey new,4495,VERIFIED,C24 research,8,FULL_SET,jackroad,カルティエ CARTIER サントス デュモン LM WSSA0085 新品 時計 男女兼用,https://item.rakuten.co.jp/jackroad/ca1050/,
-20.3,PASS,WSPN0007,JP,5798,5295,4818,Chrono24 US,4807,VERIFIED,C24 research VARIANT RISK,8,FULL_SET,jackroad,カルティエ CARTIER パンテール ドゥ カルティエ MM WSPN0007 中古 時計 レディース,https://item.rakuten.co.jp/jackroad/6378651/,
-20.3,PASS,126710BLNR,JP,22731,20759,18889,Chrono24,17118,VERIFIED,C24 scrape,28,FULL_SET,jackroad,ロレックス ROLEX GMTマスターII 126710BLNR 新品 時計 メンズ,https://item.rakuten.co.jp/jackroad/rx1035/,https://www.chrono24.com/rolex/gmt-master-ii-batman-126710blnr-full-kit--id38713650.htm
-20.3,PASS,228238,JP,58957,53842,49018,Chrono24,49893,VERIFIED,C24 scrape,29,FULL_SET,rasin,PRICEDOWN Rolex Day Date 40 228238 Black Diagonal Bar Random Number Used Men&#39;s,https://en.www.rasin.co.jp/SHOP/U-228238BK.html,https://www.chrono24.com/rolex/rolex-2016-day-date-40mm-228238-presidential-silver-motif-dial--id47698636.htm
-20.4,PASS,136660,JP,17012,15536,14124,Chrono24,14299,VERIFIED,C24 hand read n=1 THIN,1,FULL_SET|AA_LIKE_NEW,kitamura,【中古】 【新品同様】 ロレックス(ROLEX) シードゥエラー ディープシー ブルー 136660 ステンレス 【1年保証】,https://item.rakuten.co.jp/emedama/2447020165971/,
-20.4,"US_DEALER, not a hand carry",116500LN,non-JP,36241,33097,30111,Chrono24,27353,DERIVED,C24 scrape,35,FULL_SET,okura,ロレックス ROLEX デイトナ 116500LN ホワイト ステンレススチール 自動巻き メンズ 腕時計,https://ec.wb-ookura.com/products/2300045983725,https://www.chrono24.com/rolex/daytona--id45887205.htm
-20.4,PASS,136660,JP,17012,15536,14124,Chrono24,14299,VERIFIED,C24 hand read n=1 THIN,1,FULL_SET|AA_LIKE_NEW,kitamura,【中古】 【新品同様】 ロレックス(ROLEX) シードゥエラー ディープシー ブルー 136660 ステンレス 【1年保証】,https://item.rakuten.co.jp/emedama/2444030079076/,
-20.4,PASS,278274,JP,18185,16607,15104,Chrono24,12354,VERIFIED,C24 scrape,3,FULL_SET,bettyroad,ロレックス ROLEX デイトジャスト 31 278274 新品 時計 ボーイズ,https://item.rakuten.co.jp/bettyroad/rx1361/,https://www.chrono24.com/rolex/rolex-datejust-31--id46780019.htm
-20.5,PASS,79210CNU,JP,3735,3411,3099,eBay SOLD,3293,VERIFIED,C24 research,19,FULL_SET,jackroad,チューダー(チュードル) TUDOR ヘリテージ ブラックベイ セラミック 79210CNU-0001 中古 時計 メンズ,https://item.rakuten.co.jp/jackroad/6388193/,
-20.5,"US_DEALER, not a hand carry",124270,non-JP,11278,10300,9360,Chrono24 US,7956,VERIFIED,C24 research,,FULL_SET,exquisite,Rolex Explorer M124270-0001,https://www.exquisitetimepieces.com/products/rolex-explorer-m124270-0001-ns21000942083,
-20.6,"US_DEALER, not a hand carry",SBGM255,non-JP,5474,4999,4539,"mark, NO VENUE",4539,VERIFIED,,,FULL_SET,topper,Pre-Owned Grand Seiko Elegance Mechanical GMT 'Snowdrop' SBGM255,https://www.topperjewelers.com/products/pre-owned-grand-seiko-21892,
-20.6,"US_DEALER, not a hand carry",WE110004,non-JP,5086,4645,4217,"mark, NO VENUE",4217,VERIFIED,,,FULL_SET,okura,カルティエ Cartier タンク フランセーズ SM WE110004 シルバー ゴールド/ステンレススチール クオーツ レディース 腕時計,https://ec.wb-ookura.com/products/2351050002031,
-20.7,PASS,326938,JP,47718,43578,39541,"mark, NO VENUE",39541,VERIFIED,,,FULL_SET,rasin,PRICEDOWN Rolex Sky-Dweller 326938 Champagne Arabia Random Number Used Men&#39;s,https://en.www.rasin.co.jp/SHOP/U-326938CH.html,
-20.7,PASS,16710,JP,15047,13742,12465,Chrono24,13051,VERIFIED,C24 hand read n=1 THIN,1,UNKNOWN,commit,ロレックス GMTマスターII Ref.16710 ステンレススチール ブラック文字盤 オイスターブレスレット 中古 egggmrg3,https://commit-watch.co.jp/products/egggmrg3,
-20.8,PASS,126508,JP,84994,77620,70354,Chrono24,67696,VERIFIED,C24 scrape,8,FULL_SET|AA_LIKE_NEW,jackroad,ロレックス ROLEX コスモグラフ デイトナ 126508 中古 時計 メンズ,https://item.rakuten.co.jp/jackroad/6395818/,https://www.chrono24.com/rolex/cosmograph-daytona--id46294274.htm
-20.9,PASS,127235,JP,58507,53431,48406,"mark, NO VENUE",48406,VERIFIED,,,FULL_SET,jackroad,ロレックス ROLEX ランドドゥエラー 36 127235 新品 時計 メンズ,https://item.rakuten.co.jp/jackroad/rx2255/,
-20.9,"US_DEALER, not a hand carry",126334,non-JP,15987,14600,13222,Chrono24,14527,VERIFIED,C24 scrape,48,FULL_SET,exquisite,Rolex Datejust 41 M126334-0017,https://www.exquisitetimepieces.com/products/rolex-datejust-41-m126334-0017-210009n43604,https://www.chrono24.com/rolex/rolex-126334-datejust-41-silver-index-dial-on-oyster-2021--id46657048.htm
-21.1,"US_DEALER, not a hand carry",A32398,non-JP,5037,4600,4160,"mark, NO VENUE",4160,VERIFIED,,,FULL_SET,exquisite,Breitling Chronomat Automatic GMT 40mm A32398,https://www.exquisitetimepieces.com/products/breitling-a32398-chronomat-automatic-gmt-40mm-ns21000934492,
-21.1,PASS,126200,JP,11069,10109,9143,Chrono24,9044,VERIFIED,C24 hand read,3,FULL_SET,jackroad,ロレックス ROLEX デイトジャスト 36 126200 新品 時計 メンズ,https://item.rakuten.co.jp/jackroad/rx1272/,
-21.1,PASS,126200,JP,11069,10109,9143,Chrono24,9044,VERIFIED,C24 hand read,3,FULL_SET,jackroad,ロレックス ROLEX デイトジャスト 36 126200 新品 時計 メンズ,https://item.rakuten.co.jp/jackroad/rx2244/,
-21.1,PASS,126281RBR,JP,32812,29965,27101,Chrono24,22281,VERIFIED,C24 only,,FULL_SET,jackroad,ロレックス ROLEX デイトジャスト 36 126281RBR 新品 時計 メンズ,https://item.rakuten.co.jp/jackroad/rx2101/,
-21.2,PASS,16520,JP,38502,35161,31755,Chrono24 US,28092,VERIFIED,C24 research VARIANT RISK,,UNKNOWN,commit,ロレックス デイトナ エルプリメロ Ref.16520 ステンレススチール ブラック文字盤 中古 kfxhki64,https://commit-watch.co.jp/products/kfxhki64,
-21.2,PASS,126518LN,JP,69361,63343,57241,Chrono24,59042,DERIVED,C24 scrape,20,FULL_SET,rasin,PRICEDOWN Rolex Cosmograph Daytona 126518LN Golden × Black Random Serial Used Men&#39;s,https://en.www.rasin.co.jp/SHOP/U-126518LNCHBK-2.html,https://www.chrono24.com/rolex/rolex-2025-daytona-40mm-126518ln-yellow-gold-oysterflex-champagne-dial--id47596590.htm
-21.2,PASS,16710,JP,15104,13794,12465,Chrono24,13051,VERIFIED,C24 hand read n=1 THIN,1,FULL_SET|AB_GOOD,kitamura,【中古】 【良品】 ロレックス(ROLEX) GMTマスターII ブラック 16710 ステンレス ブラックベゼル ルミノバ 【1年保証】,https://item.rakuten.co.jp/emedama/2444110069256/,
-21.3,PASS,116520,JP,32002,29226,26372,Chrono24,20460,DERIVED,C24 scrape,11,UNKNOWN,commit,ロレックス デイトナ Ref.116520 ステンレススチール アイボリー文字盤 中古 oqi3usng,https://commit-watch.co.jp/products/oqi3usng,https://www.chrono24.com/rolex/daytona--id47560800.htm
-21.3,"US_DEALER, not a hand carry",220.10.41.21.03.005,non-JP,8103,7400,6680,Chrono24,4814,VERIFIED,C24 scrape n=1 THIN,1,UNKNOWN,exquisite,Omega 220.10.41.21.03.005 Seamaster Aqua Terra 150M Co-Axial Master Chronometer Summer Blu,https://www.exquisitetimepieces.com/products/omega-22010412103005-seamaster-aqua-terra-150m-co-axial-master-chronometer-summer-blue-on-bracelet,https://www.chrono24.com/omega/omega-seamaster-aqua-terra-41mm-summer-blue-on-stainless-steel-bracelet--id47448538.htm
-21.3,"US_DEALER, not a hand carry",220.10.41.21.03.005,non-JP,8103,7400,6680,Chrono24,4814,VERIFIED,C24 scrape n=1 THIN,1,UNKNOWN,topper,Omega Seamaster 75th Anniversary Aqua Terra 150M Co‑Axial Master Chronometer 220.10.41.21.,https://www.topperjewelers.com/products/omega-220-10-41-21-03-005,https://www.chrono24.com/omega/omega-seamaster-aqua-terra-41mm-summer-blue-on-stainless-steel-bracelet--id47448538.htm
-21.4,"US_DEALER, not a hand carry",215.32.44.21.09.001,non-JP,9308,8500,7665,Chrono24 US,5951,VERIFIED,C24 research,6,UNKNOWN,exquisite,Omega 215.32.44.21.09.001 Planet Ocean Seamaster 600M Linen,https://www.exquisitetimepieces.com/products/omega-215-32-44-21-09-001-planet-ocean-seamaster-600m-linen,
-21.4,"US_DEALER, not a hand carry",215.32.44.21.09.001,non-JP,9308,8500,7665,Chrono24 US,5951,VERIFIED,C24 research,6,UNKNOWN,topper,Omega Seamaster Planet Ocean 600m Co‑Axial Master Chronometer 215.32.44.21.09.001,https://www.topperjewelers.com/products/omega-215-32-44-21-09-001,
-21.4,PASS,310.32.42.50.01.002,JP,7182,6559,5918,"mark, NO VENUE",5918,VERIFIED,,,FULL_SET,jackroad,オメガ OMEGA スピードマスター ムーンウォッチ プロフェッショナル マスター クロノメーター 310.32.42.50.01.002 新品 時計 メンズ,https://item.rakuten.co.jp/jackroad/om1255/,
-21.4,PASS,76080,JP,3982,3636,3281,Chrono24,3568,DERIVED,C24 only,,FULL_SET,rasin,ロレックス オイスターパーペチュアル 76080 ブラック 369ホワイトバー F番 中古 レディース,https://en.www.rasin.co.jp/SHOP/U-76080BK369-5.html,
-21.4,"US_DEALER, not a hand carry *PAPERS",14060,non-JP,11560,10557,9525,Chrono24 US,9525,VERIFIED,C24 research VARIANT RISK,20,BODY_ONLY,firekids,ロレックス ROLEX サブマリーナー 1994-1995年製 Ref.14060 オールトリチウム  純正ブレス ノンデイト,https://firekids.jp/products/detail/16726,
-21.5,PASS,126720VTNR,JP,21413,19555,17628,Chrono24,14816,DERIVED,C24 scrape,6,FULL_SET,jackroad,ロレックス ROLEX GMTマスターII 126720VTNR 新品 時計 メンズ,https://item.rakuten.co.jp/jackroad/rx1542/,https://www.chrono24.com/rolex/rolex-gmt-master-ii-sprite-126720vtnr--id47697234.htm
-21.5,"US_DEALER, not a hand carry",SBGM247,non-JP,4239,3871,3489,"mark, NO VENUE",3489,VERIFIED,,,FULL_SET,okura,グランドセイコー Grand Seiko スポーツコレクション GMT SBGM247(9S66-00J0) カーキ ステンレススチール 自動巻き メンズ 腕時計,https://ec.wb-ookura.com/products/2300045849441,
-21.7,"US_DEALER, not a hand carry",A17395,non-JP,3250,2968,2671,"mark, NO VENUE",2671,VERIFIED,,,FULL_SET,okura,ブライトリング BREITLING ナビタイマー オートマチック 35 A17395 ホワイトシェル ステンレススチール 自動巻き メンズ 腕時計,https://ec.wb-ookura.com/products/2300046266131,
-21.8,PASS,210.30.42.20.03.003,JP,5917,5403,4856,"mark, NO VENUE",4856,VERIFIED,,,FULL_SET,jackroad,オメガ OMEGA シーマスター ダイバー300M コーアクシャル マスター クロノメーター 210.30.42.20.03.003 新品 時計 メンズ,https://item.rakuten.co.jp/jackroad/om1592/,
-21.8,PASS,126600,JP,16999,15524,13961,Chrono24,11850,VERIFIED,C24 scrape n=1 THIN,1,FULL_SET,jackroad,ロレックス ROLEX シードゥエラー 126600 新品 時計 メンズ,https://item.rakuten.co.jp/jackroad/rx881/,https://www.chrono24.com/rolex/seadweller-126600-red--id43448466.htm
-21.8,"US_DEALER, not a hand carry",336933,non-JP,26845,24516,22042,"mark, NO VENUE",22042,VERIFIED,,,FULL_SET,okura,ロレックス ROLEX スカイドゥエラー 336933 ブラック ゴールド/ステンレススチール 自動巻き メンズ 腕時計,https://ec.wb-ookura.com/products/2343470016613,
-21.8,"US_DEALER, not a hand carry",WSTA0041,non-JP,4027,3677,3307,Chrono24 US,3078,VERIFIED,C24 research,13,FULL_SET,okura,カルティエ Cartier タンク マスト LM WSTA0041 シルバー ステンレススチール クオーツ レディース 腕時計,https://ec.wb-ookura.com/products/2300046099036,
-21.8,"US_DEALER, not a hand carry",126334,non-JP,16107,14710,13222,Chrono24,14527,VERIFIED,C24 scrape,48,FULL_SET,okura,ロレックス ROLEX デイトジャスト41 126334 スレート ホワイトゴールド/ステンレススチール 自動巻き メンズ 腕時計,https://ec.wb-ookura.com/products/2300046088672,https://www.chrono24.com/rolex/rolex-126334-datejust-41-silver-index-dial-on-oyster-2021--id46657048.htm
-21.9,PASS,279384RBR,JP,24049,21962,19721,Chrono24 US,16874,VERIFIED,C24 research,,FULL_SET,jackroad,ロレックス ROLEX レディ デイトジャスト 28 279384RBR 新品 時計 レディース,https://item.rakuten.co.jp/jackroad/149841/,
-21.9,PASS,126519LN,JP,63251,57764,51876,Chrono24,43326,DERIVED,C24 scrape,3,FULL_SET|AA_LIKE_NEW,jackroad,ロレックス ROLEX コスモグラフ デイトナ 126519LN 中古 時計 メンズ,https://item.rakuten.co.jp/jackroad/6432384/,https://www.chrono24.com/rolex/rolex-2024-daytona-baby-le-mans-40mm-126519ln-white-gold-black-dial--id47596501.htm
-21.9,PASS,136660,JP,17211,15718,14124,Chrono24,14299,VERIFIED,C24 hand read n=1 THIN,1,FULL_SET|AA_LIKE_NEW,kitamura,【中古】 【新品同様】 ロレックス(ROLEX) シードゥエラー ディープシー ブルー 136660 ステンレス 【1年保証】,https://item.rakuten.co.jp/emedama/2444540051777/,
-21.9,"US_DEALER, not a hand carry",28600,non-JP,2614,2387,2145,"mark, NO VENUE",2145,VERIFIED,,,FULL_SET,okura,チューダー/チュードル TUDOR ロイヤル 28600 シルバー ステンレススチール 自動巻き メンズ 腕時計,https://ec.wb-ookura.com/products/2300046207004,
-22.0,PASS,268622,JP,15895,14516,13031,Chrono24 US,11731,VERIFIED,C24 research,15,UNKNOWN|AA_LIKE_NEW,commit,ロレックス ヨットマスター37 Ref.268622 ステンレススチール/プラチナ スレート文字盤 未使用 oiuibbha,https://commit-watch.co.jp/products/oiuibbha,
-22.1,PASS,126300,JP,13375,12215,10950,Chrono24,9982,VERIFIED,C24 scrape,7,FULL_SET,jackroad,ロレックス ROLEX デイトジャスト41 126300 新品 時計 メンズ,https://item.rakuten.co.jp/jackroad/rx2253/,https://www.chrono24.com/rolex/rolex-datejust-41-white-roman-dial-stainless-steel-41mm-126300----id46780791.htm
-22.1,PASS,191.039,JP,36594,33419,29971,"mark, NO VENUE",29971,VERIFIED,,,UNKNOWN,commit,A.ランゲ＆ゾーネ ランゲ1 Ref.191.039 ホワイトゴールド シルバー文字盤 中古 5yjwuuq2,https://commit-watch.co.jp/products/5yjwuuq2,
-22.2,"US_DEALER, not a hand carry",SLGB003,non-JP,10725,9794,8776,"mark, NO VENUE",8776,VERIFIED,,,UNKNOWN,ippo,GRAND SEIKO SLGB003 Automatic Movement Sapphire Crystal Stainless Steel Case Water Resista,https://www.ippojapanwatch.com/products/grand-seiko-slgb003-automatic-movement-sapphire-crystal-stainless-steel-case-water-resistant-200m,
-22.2,PASS,16710,JP,15237,13915,12465,Chrono24,13051,VERIFIED,C24 hand read n=1 THIN,1,FULL_SET|B_AVERAGE,kitamura,【中古】 【並品】 ロレックス(ROLEX) GMTマスターII ブラック 16710 ステンレス ブラック/レッドベゼル 【1年保証】,https://item.rakuten.co.jp/emedama/2445740039596/,
-22.2,"US_DEALER, not a hand carry",SLGA009,non-JP,8124,7419,6646,"mark, NO VENUE",6646,VERIFIED,,,FULL_SET,okura,グランドセイコー Grand Seiko エボリューション9コレクションスプリングドライブ SLGA009(9RA0-0AB0) 白樺ダイヤル ステンレススチール 自動巻き メンズ,https://ec.wb-ookura.com/products/2300046292109,
-22.2,PASS,126518LN,JP,69939,63871,57241,Chrono24,59042,DERIVED,C24 scrape,20,UNKNOWN|AA_LIKE_NEW,commit,ロレックス デイトナ Ref.126518LN イエローゴールド ゴールデンxブライトブラック文字盤 未使用 fzf2g6w9,https://commit-watch.co.jp/products/fzf2g6w9,https://www.chrono24.com/rolex/rolex-2025-daytona-40mm-126518ln-yellow-gold-oysterflex-champagne-dial--id47596590.htm
-22.4,"US_DEALER, not a hand carry",210.32.42.20.03.002,non-JP,5913,5400,4829,"mark, NO VENUE",4829,VERIFIED,,,FULL_SET,exquisite,Omega 210.32.42.20.03.002 Seamaster Diver 300M Summer Blue on Strap,https://www.exquisitetimepieces.com/products/omega-21032422003002-seamaster-diver-300m-summer-blue-on-strap-nap21000n12153,
-22.5,PASS,WSSA0062,JP,9224,8424,7529,"mark, NO VENUE",7529,VERIFIED,,,FULL_SET,jackroad,カルティエ CARTIER サントス ドゥ カルティエ LM WSSA0062 新品 時計 メンズ,https://item.rakuten.co.jp/jackroad/ca868/,
-22.7,PASS,16600,JP,12363,11290,10073,Chrono24,9019,VERIFIED,C24 scrape,2,UNKNOWN|A_EXCELLENT,commit,ロレックス シードゥエラー Ref.16600 ステンレススチール ブラック文字盤 美品 un2hdv8a,https://commit-watch.co.jp/products/un2hdv8a,https://www.chrono24.com/rolex/sea-dweller--id47263835.htm
-22.7,PASS,25610TNL,JP,4366,3987,3557,"mark, NO VENUE",3557,VERIFIED,,,UNKNOWN|AA_LIKE_NEW,kamekichi,ペラゴス レフトハンド ドライブ,https://www.kame-kichi.com/items/43026,
-22.7,PASS,268622,JP,15991,14603,13031,Chrono24 US,11731,VERIFIED,C24 research,15,UNKNOWN|AA_LIKE_NEW,kamekichi,ヨットマスター,https://www.kame-kichi.com/items/46465,
-22.8,"US_DEALER, not a hand carry",116334,non-JP,11656,10645,9494,"mark, NO VENUE",9494,VERIFIED,,,FULL_SET,okura,ロレックス ROLEX デイトジャスト 2 116334 ブラック ステンレススチール/ホワイトゴールド 自動巻き メンズ 腕時計,https://ec.wb-ookura.com/products/2351050003779,
-22.9,PASS,114200,JP,7473,6824,6081,Chrono24 US,5696,VERIFIED,C24 research VARIANT RISK,20,FULL_SET|A_EXCELLENT,kitamura,【中古】 【美品】 ロレックス(ROLEX) オイスターパーペチュアル 34 レッドグレープ 114200 ステンレス OB 【1年保証】,https://item.rakuten.co.jp/emedama/2245460010291/,
-23.0,PASS,126333,JP,18175,16598,14781,Chrono24,15666,VERIFIED,C24 scrape,16,FULL_SET,rasin,PRICEDOWN ROLEX Datejust 126333 Silver Bar 5-row Jubilee bracelet Bracelet Random Serial N,https://en.www.rasin.co.jp/SHOP/U-126333SVB-3.html,https://www.chrono24.com/rolex/datejust-41--id47176572.htm
-23.0,"US_DEALER, not a hand carry",116660,non-JP,12592,11500,10238,Chrono24 US,11000,VERIFIED,C24 research,20,FULL_SET,exquisite,Rolex Sea-Dweller Deepsea Black Dial 116660,https://www.exquisitetimepieces.com/products/rolex-sea-dweller-deepsea-black-dial-116660-116660-ns21000941884,
-23.1,"US_DEALER, not a hand carry",79640,non-JP,6242,5700,5070,Chrono24,3089,VERIFIED,C24 scrape n=1 THIN,1,UNKNOWN,exquisite,TUDOR Black Bay 36 M79640-0006,https://www.exquisitetimepieces.com/products/tudor-black-bay-36-m79640-0006,https://www.chrono24.com/tudor/tudor-black-bay-black-diamonds-anthracite-dial--id45635547.htm
-23.1,"US_DEALER, not a hand carry",79640,non-JP,6242,5700,5070,Chrono24,3089,VERIFIED,C24 scrape n=1 THIN,1,UNKNOWN,exquisite,TUDOR Black Bay 36 M79640-0005,https://www.exquisitetimepieces.com/products/tudor-black-bay-36-m79640-0005,https://www.chrono24.com/tudor/tudor-black-bay-black-diamonds-anthracite-dial--id45635547.htm
-23.1,"US_DEALER, not a hand carry",79640,non-JP,6242,5700,5070,Chrono24,3089,VERIFIED,C24 scrape n=1 THIN,1,UNKNOWN,exquisite,TUDOR Black Bay 36 M79640-0004,https://www.exquisitetimepieces.com/products/tudor-black-bay-36-m79640-0004,https://www.chrono24.com/tudor/tudor-black-bay-black-diamonds-anthracite-dial--id45635547.htm
-23.3,PASS,126234,JP,15483,14140,12559,Chrono24,12488,VERIFIED,C24 scrape,8,FULL_SET,jackroad,ロレックス ROLEX デイトジャスト 36 126234 中古 時計 メンズ,https://item.rakuten.co.jp/jackroad/6426901/,https://www.chrono24.com/rolex/rolex-pre-owned-rolex-oyster-oysterseel-perpetual-datejust-silver-dial-36mm-watch-2021-126234--id44628162.htm
-23.3,"US_DEALER, not a hand carry",WSSA0076,non-JP,10597,9677,8592,"mark, NO VENUE",8592,VERIFIED,,,FULL_SET,okura,カルティエ Cartier サントス ドゥ カルティエ デュアルタイム LM WSSA0076 グレー ステンレススチール 自動巻き メンズ 腕時計,https://ec.wb-ookura.com/products/2300046208261,
-23.3,PASS,279381RBR,JP,25649,23424,20804,Chrono24 US,20013,VERIFIED,C24 research,,FULL_SET,bettyroad,ロレックス ROLEX レディ デイトジャスト 28 279381RBR 中古 時計 レディース,https://item.rakuten.co.jp/bettyroad/6466389/,
-23.4,"US_DEALER, not a hand carry",310.60.42.50.01.002,non-JP,53984,49300,43745,Chrono24,45849,DERIVED,C24 only,,UNKNOWN,exquisite,"Omega Speedmaster Moonwatch Professional ""Reverse Panda"" Dial Moonshine Gold 310.60.42.50.",https://www.exquisitetimepieces.com/products/omega-31060425001002-speedmaster-moonwatch-professional,
-23.4,"US_DEALER, not a hand carry",310.60.42.50.01.002,non-JP,53984,49300,43745,Chrono24,45849,DERIVED,C24 only,,UNKNOWN,topper,Omega Speedmaster Moonwatch Professional Master Chronometer Moonshine™ 310.60.42.50.01.002,https://www.topperjewelers.com/products/omega-310-60-42-50-01-002,
-23.4,PASS,126500LN,JP,43683,39893,35412,Chrono24,33601,DERIVED,C24 scrape,16,FULL_SET,jackroad,ロレックス ROLEX コスモグラフ デイトナ 126500LN 新品 時計 メンズ,https://item.rakuten.co.jp/jackroad/rx2014/,https://www.chrono24.com/rolex/rolex-cosmograph-daytona-40mm-black-126500ln--id47068808.htm
-23.4,"US_DEALER, not a hand carry",126710BLNR,non-JP,23313,21290,18889,Chrono24,17118,VERIFIED,C24 scrape,28,FULL_SET,okura,ロレックス ROLEX GMTマスター2 126710BLNR ブラック ステンレススチール 自動巻き メンズ 腕時計,https://ec.wb-ookura.com/products/2343470016712,https://www.chrono24.com/rolex/gmt-master-ii-batman-126710blnr-full-kit--id38713650.htm
-23.4,"US_DEALER, not a hand carry",116515LN,non-JP,47332,43226,38357,Chrono24,34800,DERIVED,C24 scrape,17,FULL_SET,okura,ロレックス ROLEX デイトナ 116515LN チョコレートブラウン/ブラック ピンクゴールド 自動巻き メンズ 腕時計,https://ec.wb-ookura.com/products/2300046228573,https://www.chrono24.com/rolex/daytona-116515ln-choco-arabic-brown-arabic-dial-rose-gold-leather-strap-40mm-2013--id47579182.htm
-23.4,"US_DEALER, not a hand carry",116515LN,non-JP,47332,43226,38357,Chrono24,34800,DERIVED,C24 scrape,17,FULL_SET,okura,ロレックス ROLEX デイトナ 116515LN チョコレートブラウン/ブラック ピンクゴールド 自動巻き メンズ 腕時計,https://ec.wb-ookura.com/products/2300046228566,https://www.chrono24.com/rolex/daytona-116515ln-choco-arabic-brown-arabic-dial-rose-gold-leather-strap-40mm-2013--id47579182.htm
-23.5,"US_DEALER, not a hand carry",SLGB003,non-JP,10840,9900,8776,"mark, NO VENUE",8776,VERIFIED,,,FULL_SET,exquisite,Grand Seiko Spring Drive U.F.A SLGB003,https://www.exquisitetimepieces.com/products/grand-seiko-slgb003-spring-drive-ufa-nap210009n30043,
-23.6,"US_DEALER, not a hand carry",SLGA025,non-JP,12045,11000,9746,Chrono24,8097,VERIFIED,C24 scrape,9,UNKNOWN,exquisite,Grand Seiko SLGA025 Atera Blue,https://www.exquisitetimepieces.com/products/grand-seiko-slga025-atera-blue,https://www.chrono24.com/grandseiko/grand-seiko-atera-valley--evolution-9-spring-drive--id47085384.htm
-23.6,PASS,126334,JP,16340,14922,13222,Chrono24,14527,VERIFIED,C24 scrape,48,FULL_SET,jackroad,ロレックス ROLEX デイトジャスト41 126334 新品 時計 メンズ,https://item.rakuten.co.jp/jackroad/rx891/,https://www.chrono24.com/rolex/rolex-126334-datejust-41-silver-index-dial-on-oyster-2021--id46657048.htm
-23.6,PASS,16710,JP,15401,14065,12465,Chrono24,13051,VERIFIED,C24 hand read n=1 THIN,1,UNKNOWN,commit,ロレックス GMTマスターII Ref.16710 ステンレススチール ブラック文字盤 オイスターブレスレット 中古 ebbyobzd,https://commit-watch.co.jp/products/ebbyobzd,
-23.6,PASS,16710,JP,15401,14065,12465,Chrono24,13051,VERIFIED,C24 hand read n=1 THIN,1,UNKNOWN,commit,ロレックス GMTマスターII Ref.16710 ステンレススチール ブラック文字盤 オイスターブレスレット 中古 ppv8q5dv,https://commit-watch.co.jp/products/ppv8q5dv,
-23.6,PASS,16710,JP,15401,14065,12465,Chrono24,13051,VERIFIED,C24 hand read n=1 THIN,1,UNKNOWN,commit,ロレックス GMTマスターII Ref.16710 ステンレススチール ブラック文字盤 オイスターブレスレット 中古 d3onr32q,https://commit-watch.co.jp/products/d3onr32q,
-23.7,PASS,279174,JP,12190,11132,9854,Chrono24,10692,VERIFIED,C24 only,,FULL_SET,rasin,PRICEDOWN Rolex Datejust 279174 Silver Roma 5-row Jubilee bracelet Random Number Used Ladi,https://en.www.rasin.co.jp/SHOP/U-279174SVR-3.html,
-23.7,"US_DEALER, not a hand carry",16700,non-JP,12504,11419,10105,Chrono24 US,12408,VERIFIED,C24 research,,FULL_SET,okura,ロレックス ROLEX GMTマスター 16700 ブラック ステンレススチール 自動巻き メンズ 腕時計,https://ec.wb-ookura.com/products/2300045727824,
-23.8,"US_DEALER, not a hand carry",1680,non-JP,14235,13000,11496,Chrono24,17420,DERIVED,C24 only,,UNKNOWN,craftandtailored,1979 Rolex Submariner (Ref. 1680) Mk. II Dial,https://www.craftandtailored.com/products/1979-rolex-submariner-ref-1689,
-23.8,PASS,26393OR,JP,38502,35161,31098,"mark, NO VENUE",31098,VERIFIED,,,UNKNOWN|AA_LIKE_NEW,commit,オーデマピゲ CODE 11.59 バイ オーデマ ピゲ クロノグラフ Ref.26393OR.OO.A348KB.01 ピンクゴールド ナイトブルー文字盤 未使用 gfqjxpj,https://commit-watch.co.jp/products/gfqjxpjx,
-23.9,PASS,WSSA0085,JP,5415,4945,4369,US grey new,4495,VERIFIED,C24 research,8,FULL_SET,bettyroad,カルティエ CARTIER サントス デュモン LM WSSA0085 新品 時計 男女兼用,https://item.rakuten.co.jp/bettyroad/ca1050/,
-23.9,PASS,279384RBR,JP,24428,22308,19721,Chrono24 US,16874,VERIFIED,C24 research,,FULL_SET,bettyroad,ロレックス ROLEX レディ デイトジャスト 28 279384RBR 新品 時計 レディース,https://item.rakuten.co.jp/bettyroad/149841/,
-23.9,PASS,326934,JP,23716,21659,19145,Chrono24,18491,VERIFIED,C24 scrape,16,FULL_SET|AB_GOOD,kitamura,【中古】 【良品】 ロレックス(ROLEX) スカイドゥエラー ブルー 326934 ステンレス/ホワイトゴールド OB 【1年保証】,https://item.rakuten.co.jp/emedama/2245460008663/,https://www.chrono24.com/rolex/sky-dweller--id43157245.htm
-23.9,"US_DEALER, not a hand carry",WSTA0041,non-JP,4097,3742,3307,Chrono24 US,3078,VERIFIED,C24 research,13,FULL_SET,okura,カルティエ Cartier タンクマスト LM WSTA0041 シルバー ステンレススチール クオーツ レディース 腕時計,https://ec.wb-ookura.com/products/2300045983879,
-24.1,"US_DEALER, not a hand carry",235.12.38.20.06.001,non-JP,6351,5800,5119,Chrono24,5394,DERIVED,C24 scrape,8,UNKNOWN,exquisite,Omega 235.12.38.20.06.001 Railmaster on Leather Strap,https://www.exquisitetimepieces.com/products/omega-23512382006001-railmaster,https://www.chrono24.com/omega/omega-new-2026-seamaster-railmaster-23512382006001--id47446817.htm
-24.2,"US_DEALER, not a hand carry",SBGJ271,non-JP,8432,7700,6789,Chrono24,5021,DERIVED,C24 scrape n=1 THIN,1,FULL_SET,exquisite,Grand Seiko SBGJ271 Yukigesho Hi-Beat 36000 GMT,https://www.exquisitetimepieces.com/products/grand-seiko-sbgj271-yukigesho-hi-beat-36000-gmt-nap21000n7563,https://www.chrono24.com/grandseiko/grand-seiko-yukigesho--hi-beat-gmt-elegance--id45858219.htm
-24.2,"US_DEALER, not a hand carry",126334,non-JP,16425,15000,13222,Chrono24,14527,VERIFIED,C24 scrape,48,FULL_SET,exquisite,Rolex 126334-0015 Datejust,https://www.exquisitetimepieces.com/products/rolex-126334-0015-datejust-ns21000934772,https://www.chrono24.com/rolex/rolex-126334-datejust-41-silver-index-dial-on-oyster-2021--id46657048.htm
-24.2,"US_DEALER, not a hand carry *PAPERS",SBGJ271,non-JP,8432,7700,6789,Chrono24,5021,DERIVED,C24 scrape n=1 THIN,1,BOX_ONLY,exquisite,"Grand Seiko SBGJ271 ""Yukigesho"" Hi-Beat 36000 GMT",https://www.exquisitetimepieces.com/products/grand-seiko-sbgj271-yukigesho-hi-beat-36000-gmt,https://www.chrono24.com/grandseiko/grand-seiko-yukigesho--hi-beat-gmt-elegance--id45858219.htm
-24.2,"US_DEALER, not a hand carry *PAPERS",SBGJ271,non-JP,8432,7700,6789,Chrono24,5021,DERIVED,C24 scrape n=1 THIN,1,BOX_ONLY,topper,"Grand Seiko Heritage ""Yukigesho"" Hi-Beat GMT SBGJ271",https://www.topperjewelers.com/products/grand-seiko-sbgj271,https://www.chrono24.com/grandseiko/grand-seiko-yukigesho--hi-beat-gmt-elegance--id45858219.htm
-24.2,"US_DEALER, not a hand carry",116660,non-JP,12716,11613,10238,Chrono24 US,11000,VERIFIED,C24 research,20,FULL_SET,okura,ロレックス ROLEX ディープシー Dブルー 116660 ブルー ステンレススチール 自動巻き メンズ 腕時計,https://ec.wb-ookura.com/products/2300046141360,
-24.2,"US_DEALER, not a hand carry",116660,non-JP,12716,11613,10238,Chrono24 US,11000,VERIFIED,C24 research,20,FULL_SET,okura,ロレックス ROLEX ディープシー 116660 Dブルー ステンレススチール 自動巻き メンズ 腕時計,https://ec.wb-ookura.com/products/2300045318923,
-24.2,"US_DEALER, not a hand carry",116660,non-JP,12716,11613,10238,Chrono24 US,11000,VERIFIED,C24 research,20,FULL_SET,okura,ロレックス ROLEX ディープシー Dブルー 116660 ブルー ステンレススチール 自動巻き メンズ 腕時計,https://ec.wb-ookura.com/products/2300046140912,
-24.2,"US_DEALER, not a hand carry *PAPERS",126300,non-JP,13603,12423,10950,Chrono24,9982,VERIFIED,C24 scrape,7,BODY_ONLY,satindoll,デイトジャスト41,https://www.satindollweb.com/products/detail/11522,https://www.chrono24.com/rolex/rolex-datejust-41-white-roman-dial-stainless-steel-41mm-126300----id46780791.htm
-24.3,"US_DEALER, not a hand carry",SBGJ251,non-JP,5799,5296,4664,"mark, NO VENUE",4664,VERIFIED,,,UNKNOWN,ippo,Grand Seiko SBGJ251 Automatic Movement Stainless Steel Case Blue Dial 40mm Water Resistant,https://www.ippojapanwatch.com/products/grand-seiko-sbgj251-automatic-movement-stainless-steel-case-blue-dial-40mm-water-resistant,
-24.4,PASS,124273,JP,16142,14742,12976,Chrono24 US,10510,VERIFIED,C24 research,15,FULL_SET,jackroad,ロレックス ROLEX エクスプローラー 124273 新品 時計 メンズ,https://item.rakuten.co.jp/jackroad/rx1370/,
-24.4,"US_DEALER, not a hand carry",16700,non-JP,12575,11484,10105,Chrono24 US,12408,VERIFIED,C24 research,,FULL_SET,okura,ロレックス ROLEX GMTマスター 16700 ブラック ステンレススチール 自動巻き メンズ 腕時計,https://ec.wb-ookura.com/products/2300046228740,
-24.6,PASS,16618,JP,33910,30968,27210,"mark, NO VENUE",27210,VERIFIED,,,UNKNOWN,commit,ロレックス サブマリーナー デイト Ref.16618 イエローゴールド ブルー文字盤 中古 cqu37xeq,https://commit-watch.co.jp/products/cqu37xeq,
-24.6,"US_DEALER, not a hand carry",79680,non-JP,5448,4975,4373,Chrono24,3025,VERIFIED,C24 scrape,4,UNKNOWN,exquisite,TUDOR Black Bay 41 M79680-0003,https://www.exquisitetimepieces.com/products/tudor-black-bay-41-m79680-0003,https://www.chrono24.com/tudor/2025--black-bay-41mm-stainless-steel-m79680-0001--id46775789.htm
-24.6,"US_DEALER, not a hand carry",79680,non-JP,5448,4975,4373,Chrono24,3025,VERIFIED,C24 scrape,4,UNKNOWN,exquisite,TUDOR Black Bay 41 M79680-0001,https://www.exquisitetimepieces.com/products/tudor-black-bay-41-m79680-0001,https://www.chrono24.com/tudor/2025--black-bay-41mm-stainless-steel-m79680-0001--id46775789.htm
-24.6,"US_DEALER, not a hand carry",79680,non-JP,5448,4975,4373,Chrono24,3025,VERIFIED,C24 scrape,4,UNKNOWN,exquisite,TUDOR Black Bay 41 M79680-0002,https://www.exquisitetimepieces.com/products/tudor-black-bay-41-m79680-0002,https://www.chrono24.com/tudor/2025--black-bay-41mm-stainless-steel-m79680-0001--id46775789.htm
-24.6,PASS,126334,JP,16472,15043,13222,Chrono24,14527,VERIFIED,C24 scrape,48,FULL_SET,jackroad,ロレックス ROLEX デイトジャスト41 126334 新品 時計 メンズ,https://item.rakuten.co.jp/jackroad/rx2240/,https://www.chrono24.com/rolex/rolex-126334-datejust-41-silver-index-dial-on-oyster-2021--id46657048.htm
-24.7,"US_DEALER, not a hand carry",WSTA0051,non-JP,3532,3226,2833,eBay,3483,VERIFIED,C24 research PARTIAL,3,FULL_SET,okura,カルティエ Cartier タンク マスト SM WSTA0051 シルバー ステンレススチール クオーツ レディース 腕時計,https://ec.wb-ookura.com/products/2300045345134,
-24.7,PASS,16710,JP,15542,14194,12465,Chrono24,13051,VERIFIED,C24 hand read n=1 THIN,1,UNKNOWN,commit,ロレックス GMTマスターII Ref.16710 ステンレススチール ブラック文字盤 オイスターブレスレット 美中古 qe7vcshr,https://commit-watch.co.jp/products/qe7vcshr,
-24.8,"US_DEALER, not a hand carry",79950,non-JP,4407,4025,3531,Chrono24,2555,VERIFIED,C24 scrape n=1 THIN,1,UNKNOWN,exquisite,TUDOR Ranger M79950-0001,https://www.exquisitetimepieces.com/products/tudor-ranger-m79950-0001,https://www.chrono24.com/tudor/tudor-ranger--id47000275.htm
-24.9,"US_DEALER, not a hand carry *PAPERS",226658,non-JP,44457,40600,35586,US AD pre-owned,32435,VERIFIED,C24 research,20,BOX_ONLY,exquisite,Rolex Yacht-Master 42 M226658-0001,https://www.exquisitetimepieces.com/products/rolex-yacht-master-42-226658-ns21000941915,
-25.0,"US_DEALER, not a hand carry *PAPERS",215.92.46.51.01.003,non-JP,16425,15000,13139,Chrono24,13950,DERIVED,C24 only,,BOX_ONLY,exquisite,Omega 215.92.46.51.01.003 Seamaster Planet Ocean 600M ETNZ Deep Black,https://www.exquisitetimepieces.com/products/omega-215-92-46-51-01-003-seamaster-planet-ocean-600m-etnz-deep-black,
-25.0,PASS,15416CE,JP,307306,280645,245912,"mark, NO VENUE",245912,VERIFIED,,,UNKNOWN,commit,オーデマピゲ ロイヤルオーク ダブル バランスホイール オープンワーク Ref.15416CE.OO.1225CE.01 ブラックセラミック スレートグレーのオープンワークダイヤル,https://commit-watch.co.jp/products/rgx59uqv,
-25.1,PASS,126333,JP,18496,16892,14781,Chrono24,15666,VERIFIED,C24 scrape,16,FULL_SET,rasin,ROLEX Datejust 126333 Champagne Fluted Motif Bar 5-Row Jubilee bracelet Bracelet Random Se,https://en.www.rasin.co.jp/SHOP/U-126333CHFB.html,https://www.chrono24.com/rolex/datejust-41--id47176572.htm
-25.2,PASS,228345RBR,JP,87215,79648,69653,"mark, NO VENUE",69653,VERIFIED,,,FULL_SET,rasin,PRICEDOWN Rolex Day Date 40 Bezel Diamond 8P Baguette Diamond 228345RBR Zenkiesel Random N,https://en.www.rasin.co.jp/SHOP/U-228345RBR.html,
-25.2,"US_DEALER, not a hand carry",210.30.42.20.04.001,non-JP,7336,6700,5858,Chrono24,4422,VERIFIED,C24 scrape,7,UNKNOWN,topper,Omega Seamaster Diver 300M Chronometer 210.30.42.20.04.001,https://www.topperjewelers.com/products/omega-seamaster-diver-300m-chronometer-210-30-42-20-04-001,https://www.chrono24.com/omega/seamaster-diver-300-m--id47541721.htm
-25.2,"US_DEALER, not a hand carry",126200,non-JP,11445,10452,9143,Chrono24,9044,VERIFIED,C24 hand read,3,FULL_SET,okura,ロレックス ROLEX デイトジャスト36 126200 ミントグリーン ステンレススチール 自動巻き メンズ 腕時計,https://ec.wb-ookura.com/products/2300045990686,
-25.2,"US_DEALER, not a hand carry",126200,non-JP,11445,10452,9143,Chrono24,9044,VERIFIED,C24 hand read,3,FULL_SET,okura,ロレックス ROLEX デイトジャスト36 126200 ミントグリーン ステンレススチール 自動巻き メンズ 腕時計,https://ec.wb-ookura.com/products/2343800013251,
-25.3,PASS,16710,JP,15621,14266,12465,Chrono24,13051,VERIFIED,C24 hand read n=1 THIN,1,FULL_SET|A_EXCELLENT,kitamura,【中古】 【美品】 ロレックス(ROLEX) GMTマスターII ブラック 16710 ステンレス ブラックベゼル スティックダイヤル 【1年保証】,https://item.rakuten.co.jp/emedama/2445100032601/,
-25.3,PASS,25600TB,JP,4302,3929,3434,"mark, NO VENUE",3434,VERIFIED,,,UNKNOWN,kamekichi,ペラゴス,https://www.kame-kichi.com/items/32368,
-25.3,"US_DEALER, not a hand carry",SBGW291,non-JP,4206,3841,3356,"mark, NO VENUE",3356,VERIFIED,,,UNKNOWN,ippo,Grand Seiko SBGW291 Elegant stainless steel case Automatic movement Sapphire crystal Water,https://www.ippojapanwatch.com/products/grand-seiko-sbgw291-elegant-stainless-steel-case-automatic-movement-sapphire-crystal-water-resistant-up-to-100-meters,
-25.4,PASS,5000H/000A-B582,JP,38502,35161,30696,"mark, NO VENUE",30696,VERIFIED,,,UNKNOWN|A_EXCELLENT,commit,ヴァシュロンコンスタンタン ヒストリーク コルヌ・ドゥ・ヴァッシュ 1955 Ref.5000H/000A-B582 ステンレススチール シルバー文字盤 美品 ba8bjefc,https://commit-watch.co.jp/products/ba8bjefc,
-25.5,PASS,126333,JP,18548,16938,14781,Chrono24,15666,VERIFIED,C24 scrape,16,FULL_SET,rasin,ROLEX Datejust 126333 Slate (Gray) Green Roman Numerals 5-Row Jubilee bracelet Random Seri,https://en.www.rasin.co.jp/SHOP/U-126333GRGRJ-2.html,https://www.chrono24.com/rolex/datejust-41--id47176572.htm
-25.6,PASS,220.10.41.21.03.004,JP,5587,5102,4450,eBay SOLD,4630,VERIFIED,C24 research,8,FULL_SET,jackroad,オメガ OMEGA シーマスター アクアテラ コーアクシャル マスター クロノメーター 220.10.41.21.03.004 新品 時計 メンズ,https://item.rakuten.co.jp/jackroad/om1220/,
-25.6,PASS,126334,JP,16602,15161,13222,Chrono24,14527,VERIFIED,C24 scrape,48,UNKNOWN|A_EXCELLENT,commit,ロレックス デイトジャスト Ref.126334 ステンレススチール/ホワイトゴールド ブルーフルーテッド文字盤 オイスターブレスレット 美品 xtkgfitd,https://commit-watch.co.jp/products/xtkgfitd,https://www.chrono24.com/rolex/rolex-126334-datejust-41-silver-index-dial-on-oyster-2021--id46657048.htm
-25.6,PASS,126334,JP,16602,15161,13222,Chrono24,14527,VERIFIED,C24 scrape,48,UNKNOWN|AA_LIKE_NEW,commit,ロレックス デイトジャスト Ref.126334 ステンレススチール/ホワイトゴールド ブライトブルーローマン文字盤 オイスターブレスレット 未使用 bzftiuwi,https://commit-watch.co.jp/products/bzftiuwi,https://www.chrono24.com/rolex/rolex-126334-datejust-41-silver-index-dial-on-oyster-2021--id46657048.htm
-25.7,"US_DEALER, not a hand carry",130.23.41.22.11.001,non-JP,16425,15000,13062,Chrono24,13950,DERIVED,C24 only,,UNKNOWN,exquisite,Omega 130.23.41.22.11.001 Constellation Globemaster,https://www.exquisitetimepieces.com/products/omega-13023412211001-constellation-globemaster,
-25.7,"US_DEALER, not a hand carry",79603,non-JP,7501,6850,5968,Chrono24 US,3275,VERIFIED,C24 research MAPPING,6,UNKNOWN,exquisite,TUDOR Black Bay 31 S&G M79603-0005,https://www.exquisitetimepieces.com/products/tudor-black-bay-31-s-g-m79603-0005,
-25.7,"US_DEALER, not a hand carry",79603,non-JP,7501,6850,5968,Chrono24 US,3275,VERIFIED,C24 research MAPPING,6,UNKNOWN,exquisite,TUDOR Black Bay 31 S&G M79603-0002,https://www.exquisitetimepieces.com/products/tudor-black-bay-31-s-g-m79603-0002,
-25.7,"US_DEALER, not a hand carry",79603,non-JP,7501,6850,5968,Chrono24 US,3275,VERIFIED,C24 research MAPPING,6,UNKNOWN,exquisite,TUDOR Black Bay 31 S&G M79603-0001,https://www.exquisitetimepieces.com/products/tudor-black-bay-31-s-g-m79603-0001,
-25.7,"US_DEALER, not a hand carry",SBGC253,non-JP,14454,13200,11498,Chrono24,9207,DERIVED,C24 only,,UNKNOWN,exquisite,Grand Seiko Sport Lion SBGC253,https://www.exquisitetimepieces.com/products/grand-seiko-sport-lion-sbgc253,
-25.7,"US_DEALER, not a hand carry",130.23.41.22.11.001,non-JP,16425,15000,13062,Chrono24,13950,DERIVED,C24 only,,UNKNOWN,topper,Omega Globemaster Annual Calendar Two Tone 41mm 130.23.41.22.11.001,https://www.topperjewelers.com/products/omega-globemaster-annual-calendar-two-tone-41mm-130-23-41-22-11-001,
-25.7,PASS,210.30.42.20.01.001,JP,5455,4982,4339,"mark, NO VENUE",4339,VERIFIED,,,FULL_SET,jackroad,オメガ OMEGA シーマスター ダイバー300M コーアクシャル マスター クロノメーター 210.30.42.20.01.001 新品 時計 メンズ,https://item.rakuten.co.jp/jackroad/om931/,
-25.7,PASS,15210OR,JP,26223,23948,20859,Chrono24 US,20091,VERIFIED,C24 research,,FULL_SET,jackroad,オーデマ ピゲ AUDEMARS PIGUET CODE 11.59 バイ オーデマピゲ オートマティック 15210OR.OO.A056KB.01 新品 時計 メンズ,https://item.rakuten.co.jp/jackroad/ap322/,
-25.7,PASS,16570,JP,10244,9355,8151,Chrono24,8104,VERIFIED,C24 scrape,4,UNKNOWN,commit,ロレックス エクスプローラーII Ref.16570 ステンレススチール ホワイト文字盤 オイスターブレスレット 美中古 zt4scitc,https://commit-watch.co.jp/products/zt4scitc,https://www.chrono24.com/rolex/explorer-ii--id47838616.htm
-25.8,"US_DEALER, not a hand carry",28500,non-JP,2331,2129,1853,"mark, NO VENUE",1853,VERIFIED,,,FULL_SET,okura,チューダー/チュードル TUDOR ロイヤル 28500 ブルー ステンレススチール 自動巻き メンズ 腕時計,https://ec.wb-ookura.com/products/2300046018501,
-26.0,"US_DEALER, not a hand carry",SLGA021,non-JP,10731,9800,8516,Chrono24,7060,VERIFIED,C24 scrape,9,UNKNOWN,topper,Grand Seiko Evolution 9 Spring Drive 'Lake Suwa' SLGA021,https://www.topperjewelers.com/products/grand-seiko-evolution-9-spring-drive-lake-suwa-slga021,https://www.chrono24.com/grandseiko/grand-seiko-evolution-9--id47577574.htm
-26.0,PASS,126331,JP,22204,20277,17628,Chrono24,17111,VERIFIED,C24 scrape,9,FULL_SET,jackroad,ロレックス ROLEX デイトジャスト41 126331 新品 時計 メンズ,https://item.rakuten.co.jp/jackroad/rx964/,https://www.chrono24.com/rolex/rolex-cpo-datejust-126331-41mm-everose-chocolate-dial--id47697277.htm
-26.0,"US_DEALER, not a hand carry",126710GRNR,non-JP,28142,25700,22337,Chrono24,20248,VERIFIED,C24 scrape,20,FULL_SET,exquisite,Rolex GMT Master II 126710GRNR,https://www.exquisitetimepieces.com/products/rolex-gmt-master-ii-126710grnr-210009n30279,https://www.chrono24.com/rolex/rolex-gmt-master-ii--id47560413.htm
-26.1,"US_DEALER, not a hand carry",210.32.42.20.01.001,non-JP,6898,6300,5470,Chrono24,4417,VERIFIED,C24 scrape,4,UNKNOWN,topper,Omega Seamaster Diver 300M Chronometer 210.32.42.20.01.001,https://www.topperjewelers.com/products/omega-seamaster-diver-300m-chronometer-210-32-42-20-01-001,https://www.chrono24.com/omega/seamaster-diver-300-m--id47312527.htm
-26.1,"US_DEALER, not a hand carry",126334,non-JP,16672,15226,13222,Chrono24,14527,VERIFIED,C24 scrape,48,FULL_SET,okura,ロレックス ROLEX デイトジャスト41 126334 スレート ステンレススチール 自動巻き メンズ 腕時計,https://ec.wb-ookura.com/products/2300046088221,https://www.chrono24.com/rolex/rolex-126334-datejust-41-silver-index-dial-on-oyster-2021--id46657048.htm
-26.1,PASS,114200,JP,7671,7006,6081,Chrono24 US,5696,VERIFIED,C24 research VARIANT RISK,20,FULL_SET|AB_GOOD,kitamura,【中古】 【良品】 ロレックス(ROLEX) エアキング ブルー 114200 ステンレス コンセントリック ピンクアラビア OB 【1年保証】,https://item.rakuten.co.jp/emedama/2245460009936/,
-26.2,"US_DEALER, not a hand carry",131.10.29.20.55.001,non-JP,9746,8900,7725,US grey,3878,VERIFIED,C24 research PARTIAL,5,UNKNOWN,exquisite,Omega Constellation Co-Axial Master Chronometer 29mm 131.10.29.20.55.001,https://www.exquisitetimepieces.com/products/omega-constellation-co-axial-master-chronometer-29mm-13110292055001,
-26.2,"US_DEALER, not a hand carry",SBGA467,non-JP,4027,3677,3192,"mark, NO VENUE",3192,VERIFIED,,,FULL_SET,okura,グランドセイコー Grand Seiko ヘリテージコレクション スプリングドライブ SBGA467(9R65-0DY0) ブラック ステンレススチール 自動巻き メンズ 腕時計,https://ec.wb-ookura.com/products/2300046139817,
-26.2,"US_DEALER, not a hand carry",116509,non-JP,46979,42903,37230,Chrono24,41739,VERIFIED,C24 hand read,4,FULL_SET,okura,ロレックス ROLEX デイトナ 116509 スチール/ブラック ホワイトゴールド 自動巻き メンズ 腕時計,https://ec.wb-ookura.com/products/2300045330031,
-26.2,"US_DEALER, not a hand carry *PAPERS",16600,non-JP,12716,11613,10073,Chrono24,9019,VERIFIED,C24 scrape,2,BOX_ONLY,firekids,ロレックス 1997年製 シードゥエラー Ref.16600 自動巻クロノメーター オールトリチウム 箱 ギャラ タグ 純正ブレス,https://firekids.jp/products/detail/16984,https://www.chrono24.com/rolex/sea-dweller--id47263835.htm
-26.4,PASS,16520,JP,40126,36645,31755,Chrono24 US,28092,VERIFIED,C24 research VARIANT RISK,,UNKNOWN,commit,ロレックス デイトナ エルプリメロ Ref.16520 ステンレススチール ホワイト文字盤 美中古 wu3htzis,https://commit-watch.co.jp/products/wu3htzis,
-26.4,PASS,16520,JP,40126,36645,31755,Chrono24 US,28092,VERIFIED,C24 research VARIANT RISK,,UNKNOWN,commit,ロレックス デイトナ エルプリメロ Ref.16520 ステンレススチール ホワイト文字盤 中古 76md5rpc,https://commit-watch.co.jp/products/76md5rpc,
-26.4,PASS,16520,JP,40126,36645,31755,Chrono24 US,28092,VERIFIED,C24 research VARIANT RISK,,UNKNOWN,commit,ロレックス デイトナ エルプリメロ Ref.16520 ステンレススチール ホワイト文字盤 中古 3arxpvth,https://commit-watch.co.jp/products/3arxpvth,
-26.4,"US_DEALER, not a hand carry",116710LN,non-JP,17996,16435,14234,Chrono24,11538,DERIVED,C24 scrape,13,FULL_SET|AA_LIKE_NEW,satindoll,GMTマスターII,https://www.satindollweb.com/products/detail/11603,https://www.chrono24.com/rolex/gmt-master-ii--id47700406.htm
-26.5,"US_DEALER, not a hand carry",SBGR317,non-JP,4508,4117,3564,Chrono24,3300,VERIFIED,C24 scrape n=1 THIN,1,UNKNOWN,ippo,SEIKO SBGR317 Automatic Mechanical Watch with Stainless Steel Case Sapphire Crystal 72-Hou,https://www.ippojapanwatch.com/products/seiko-sbgr317-automatic-mechanical-watch-with-stainless-steel-case-sapphire-crystal-72-hour-power-reserve,https://www.chrono24.com/grandseiko/heritage-collection-black-dial-stainless-steel-sbgr317--id47538052.htm
-26.6,"US_DEALER, not a hand carry",210.32.42.20.06.001,non-JP,5086,4645,4016,"mark, NO VENUE",4016,VERIFIED,,,UNKNOWN,ippo,Omega Diver 30 0M Co-axial Master Chronometer 42 M?m 210.32.42.20.06.001 watch,https://www.ippojapanwatch.com/products/omega-diver-30-0m-co-axial-master-chronometer-42-m-m-210-32-42-20-06-001-watch,
-26.7,PASS,25610TNL,JP,4508,4117,3557,"mark, NO VENUE",3557,VERIFIED,,,UNKNOWN,kamekichi,ペラゴス レフトハンド ドライブ,https://www.kame-kichi.com/items/36091,
-26.7,"US_DEALER, not a hand carry",116613LB,non-JP,20805,19000,16424,Chrono24,12861,DERIVED,C24 scrape,21,FULL_SET,exquisite,Rolex Submariner Date 116613LB,https://www.exquisitetimepieces.com/products/rolex-submariner-date-116613lb-210009n43534,https://www.chrono24.com/rolex/rolex-submariner-date--id47175427.htm
-26.7,PASS,126200,JP,11580,10575,9143,Chrono24,9044,VERIFIED,C24 hand read,3,FULL_SET|A_EXCELLENT,kitamura,【中古】 【美品】 ロレックス(ROLEX) デイトジャスト 36 スレート/グリーン [グレー系] 126200 ステンレス ローマ JB 【1年保証】,https://item.rakuten.co.jp/emedama/2245460007222/,
-26.8,PASS,16520,JP,40268,36774,31755,Chrono24 US,28092,VERIFIED,C24 research VARIANT RISK,,UNKNOWN,commit,ロレックス デイトナ エルプリメロ Ref.16520 ステンレススチール ホワイト文字盤 中古 scs4mzdr,https://commit-watch.co.jp/products/scs4mzdr,
-26.8,"US_DEALER, not a hand carry",SBGM253,non-JP,6132,5600,4837,"mark, NO VENUE",4837,VERIFIED,,,UNKNOWN,exquisite,Grand Seiko SBGM253 GMT Limited Edition,https://www.exquisitetimepieces.com/products/grand-seiko-sbgm253-gmt-limited-edition,
-26.8,PASS,215.30.44.21.01.002,JP,5390,4922,4250,eBay SOLD,4550,VERIFIED,C24 research,,FULL_SET,jackroad,オメガ OMEGA シーマスター 600 プラネットオーシャン コーアクシャル マスタークロノメーター 215.30.44.21.01.002 新品 時計 メンズ,https://item.rakuten.co.jp/jackroad/om764/,
-26.9,"US_DEALER, not a hand carry",126618LB,non-JP,57050,52100,44949,Chrono24,39121,VERIFIED,C24 scrape n=1 THIN,1,FULL_SET,exquisite,Rolex Submariner Date 18K Yellow Gold Blue Dial 126618LB,https://www.exquisitetimepieces.com/products/rolex-submariner-date-18k-yellow-gold-blue-dial-126618lb-ns21000942075,https://www.chrono24.com/rolex/submariner-date--id46762185.htm
-27.0,PASS,W2SA0033,JP,11530,10530,9077,"mark, NO VENUE",9077,VERIFIED,,,FULL_SET,jackroad,カルティエ CARTIER サントス ドゥ カルティエ SM W2SA0033 新品 時計 レディース,https://item.rakuten.co.jp/jackroad/ca1065/,
-27.1,PASS,14270,JP,8831,8065,6948,Chrono24,5700,EST,C24 scrape n=1 THIN,1,UNKNOWN,commit,ロレックス エクスプローラーI Ref.14270 ステンレススチール ブラック文字盤 オイスターブレスレット 中古 22j869s7,https://commit-watch.co.jp/products/22j869s7,https://www.chrono24.com/rolex/explorer--id47191152.htm
-27.1,PASS,14270,JP,8831,8065,6948,Chrono24,5700,EST,C24 scrape n=1 THIN,1,UNKNOWN,commit,ロレックス エクスプローラーI Ref.14270 ステンレススチール ブラック文字盤 オイスターブレスレット 中古 j7e8uei9,https://commit-watch.co.jp/products/j7e8uei9,https://www.chrono24.com/rolex/explorer--id47191152.htm
-27.1,"US_DEALER, not a hand carry",116509,non-JP,47332,43226,37230,Chrono24,41739,VERIFIED,C24 hand read,4,FULL_SET,okura,ロレックス ROLEX デイトナ 116509 ブルー K18WG メンズ 腕時計,https://ec.wb-ookura.com/products/2300044720208,
-27.2,PASS,228398TBR,JP,121890,111316,95795,"mark, NO VENUE",95795,VERIFIED,,,FULL_SET|AA_LIKE_NEW,jackroad,ロレックス ROLEX デイデイト40 228398TBR 中古 時計 メンズ,https://item.rakuten.co.jp/jackroad/6109538/,
-27.3,PASS,16610LV,JP,21052,19226,16534,Chrono24,13708,VERIFIED,C24 only,,UNKNOWN|AA_LIKE_NEW,commit,ロレックス サブマリーナー デイト Ref.16610LV ステンレススチール ブラック文字盤 未使用 qxzn49bz,https://commit-watch.co.jp/products/qxzn49bz,
-27.3,"US_DEALER, not a hand carry",WE110004,non-JP,5369,4903,4217,"mark, NO VENUE",4217,VERIFIED,,,FULL_SET,okura,カルティエ Cartier タンクフランセーズ SM WE110004 シルバー ピンクゴールド/ステンレススチール クオーツ レディース 腕時計,https://ec.wb-ookura.com/products/2351050002987,
-27.3,"US_DEALER, not a hand carry *PAPERS",1601,non-JP,6294,5748,4946,"mark, NO VENUE",4946,VERIFIED,LOW,,BODY_ONLY,firekids,ロレックス ROLEX デイトジャスト コンビ 1971年製 Ref.1601 ワイドボーイ Cal.1570 自動巻き 純正ブレス,https://firekids.jp/products/detail/16987,
-27.4,SUSPECT_DATA,126303,JP,16785,15329,13172,Chrono24 US,12634,VERIFIED,C24 research VARIANT RISK,15,UNKNOWN|AA_LIKE_NEW,kamekichi,,https://www.kame-kichi.com/items/41153,
-27.4,"US_DEALER, not a hand carry *PAPERS",76080,non-JP,4180,3818,3281,Chrono24,3568,DERIVED,C24 only,,BODY_ONLY,satindoll,オイスターパーペチュアル,https://www.satindollweb.com/products/detail/11604,
-27.5,PASS,126234,JP,16010,14621,12559,Chrono24,12488,VERIFIED,C24 scrape,8,FULL_SET,jackroad,ロレックス ROLEX デイトジャスト 36 126234 新品 時計 メンズ,https://item.rakuten.co.jp/jackroad/rx2237/,https://www.chrono24.com/rolex/rolex-pre-owned-rolex-oyster-oysterseel-perpetual-datejust-silver-dial-36mm-watch-2021-126234--id44628162.htm
-27.5,PASS,16710,JP,15895,14516,12465,Chrono24,13051,VERIFIED,C24 hand read n=1 THIN,1,UNKNOWN,commit,ロレックス GMTマスターII Ref.16710 ステンレススチール ブラック文字盤 オイスターブレスレット 中古 q8rxv4k8,https://commit-watch.co.jp/products/q8rxv4k8,
-27.5,"US_DEALER, not a hand carry *PAPERS",126333,non-JP,18846,17211,14781,Chrono24,15666,VERIFIED,C24 scrape,16,BODY_ONLY,satindoll,デイトジャスト41,https://www.satindollweb.com/products/detail/11543,https://www.chrono24.com/rolex/datejust-41--id47176572.htm
-27.8,"US_DEALER, not a hand carry",220.12.41.21.02.002,non-JP,5802,5299,4540,"mark, NO VENUE",4540,VERIFIED,,,FULL_SET,topper,Pre-Owned Omega Seamaster Aqua Terra 220.12.41.21.02.002,https://www.topperjewelers.com/products/pre-owned-omega-22366,
-27.8,PASS,79210CNU,JP,3962,3618,3099,eBay SOLD,3293,VERIFIED,C24 research,19,FULL_SET|AB_GOOD,kitamura,【中古】 【良品】 チューダー ブラックベイ 41 ブラック 79210CNU セラミック レザーベルト 【1年保証】,https://item.rakuten.co.jp/emedama/2245460009103/,
-27.8,PASS,15550ST,JP,57788,52774,45215,"mark, NO VENUE",45215,VERIFIED,,,UNKNOWN|A_EXCELLENT,commit,オーデマピゲ ロイヤルオーク Ref.15550ST.OO.1356ST.06 ステンレススチール ナイトブルー文字盤 美品 ogyz9n49,https://commit-watch.co.jp/products/ogyz9n49,
-27.9,"US_DEALER, not a hand carry",SLGB005,non-JP,12154,11100,9504,"mark, NO VENUE",9504,VERIFIED,,,UNKNOWN,exquisite,"Grand Seiko SLGB005 Ice Forest ""Violet Down"" Spring Drive U.F.A.",https://www.exquisitetimepieces.com/products/grand-seiko-slgb005-spring-drive-ufa,
-27.9,PASS,210.22.42.20.03.002,JP,7379,6739,5771,"mark, NO VENUE",5771,VERIFIED,,,FULL_SET,jackroad,オメガ OMEGA シーマスター ダイバー300M コーアクシャル マスター クロノメーター 210.22.42.20.03.002 新品 時計 メンズ,https://item.rakuten.co.jp/jackroad/om944/,
-28.0,"US_DEALER, not a hand carry",126334,non-JP,16918,15450,13222,Chrono24,14527,VERIFIED,C24 scrape,48,FULL_SET,exquisite,Rolex Datejust 41 Blue Roman Dial Fluted Bezel M126334-0025,https://www.exquisitetimepieces.com/products/rolex-datejust-41-blue-roman-dial-fluted-bezel-m126334-0025-ns21000936174,https://www.chrono24.com/rolex/rolex-126334-datejust-41-silver-index-dial-on-oyster-2021--id46657048.htm
-28.0,PASS,14270,JP,8895,8123,6948,Chrono24,5700,EST,C24 scrape n=1 THIN,1,FULL_SET,jackroad,ロレックス ROLEX エクスプローラー 14270 中古 時計 メンズ,https://item.rakuten.co.jp/jackroad/6366177/,https://www.chrono24.com/rolex/explorer--id47191152.htm
-28.0,"US_DEALER, not a hand carry",279383RBR,non-JP,20547,18764,16057,Chrono24 US,17949,VERIFIED,C24 research,,UNKNOWN,satindoll,デイトジャスト28,https://www.satindollweb.com/products/detail/11537,
-28.2,PASS,77410OR,JP,30176,27558,23543,Chrono24 US,24542,VERIFIED,C24 research,,BOX_ONLY,jackroad,オーデマ ピゲ AUDEMARS PIGUET CODE 11.59 バイ オーデマピゲ オートマティック 77410OR.OO.A342CR.01 新品 時計 男女兼用,https://item.rakuten.co.jp/jackroad/ap310/,
-28.2,"US_DEALER, not a hand carry",126334,non-JP,16955,15484,13222,Chrono24,14527,VERIFIED,C24 scrape,48,FULL_SET,okura,ロレックス ROLEX デイトジャスト41 126334 ミントグリーン ホワイトゴールド/ステンレススチール 自動巻き メンズ 腕時計,https://ec.wb-ookura.com/products/2300046098251,https://www.chrono24.com/rolex/rolex-126334-datejust-41-silver-index-dial-on-oyster-2021--id46657048.htm
-28.2,"US_DEALER, not a hand carry",126334,non-JP,16955,15484,13222,Chrono24,14527,VERIFIED,C24 scrape,48,FULL_SET,okura,ロレックス ROLEX デイトジャスト41 126334 スレート ホワイトゴールド/ステンレススチール 自動巻き メンズ 腕時計,https://ec.wb-ookura.com/products/2300046266018,https://www.chrono24.com/rolex/rolex-126334-datejust-41-silver-index-dial-on-oyster-2021--id46657048.htm
-28.3,"US_DEALER, not a hand carry",210.92.44.20.01.001,non-JP,7118,6500,5546,"mark, NO VENUE",5546,VERIFIED,,,FULL_SET,exquisite,Omega Seamaster Diver 300 M 210.92.44.20.01.001,https://www.exquisitetimepieces.com/products/omega-21092442001001-seamaster-diver-300-m-ns21000935059,
-28.3,PASS,126519LN,JP,66546,60772,51876,Chrono24,43326,DERIVED,C24 scrape,3,FULL_SET,jackroad,ロレックス ROLEX コスモグラフ デイトナ 126519LN 新品 時計 メンズ,https://item.rakuten.co.jp/jackroad/rx1766/,https://www.chrono24.com/rolex/rolex-2024-daytona-baby-le-mans-40mm-126519ln-white-gold-black-dial--id47596501.htm
-28.5,"US_DEALER, not a hand carry *PAPERS",126333,non-JP,18988,17341,14781,Chrono24,15666,VERIFIED,C24 scrape,16,BODY_ONLY,satindoll,デイトジャスト41,https://www.satindollweb.com/products/detail/11615,https://www.chrono24.com/rolex/datejust-41--id47176572.htm
-28.6,PASS,126334,JP,16999,15524,13222,Chrono24,14527,VERIFIED,C24 scrape,48,FULL_SET,jackroad,ロレックス ROLEX デイトジャスト41 126334 新品 時計 メンズ,https://item.rakuten.co.jp/jackroad/rx983/,https://www.chrono24.com/rolex/rolex-126334-datejust-41-silver-index-dial-on-oyster-2021--id46657048.htm
-28.6,PASS,126334,JP,16999,15524,13222,Chrono24,14527,VERIFIED,C24 scrape,48,FULL_SET,jackroad,ロレックス ROLEX デイトジャスト41 126334 新品 時計 メンズ,https://item.rakuten.co.jp/jackroad/rx1050/,https://www.chrono24.com/rolex/rolex-126334-datejust-41-silver-index-dial-on-oyster-2021--id46657048.htm
-28.6,PASS,126334,JP,16999,15524,13222,Chrono24,14527,VERIFIED,C24 scrape,48,FULL_SET,jackroad,ロレックス ROLEX デイトジャスト41 126334 新品 時計 メンズ,https://item.rakuten.co.jp/jackroad/rx2252/,https://www.chrono24.com/rolex/rolex-126334-datejust-41-silver-index-dial-on-oyster-2021--id46657048.htm
-28.6,PASS,218239,JP,42246,38581,32859,"mark, NO VENUE",32859,VERIFIED,,,UNKNOWN|A_EXCELLENT,commit,ロレックス デイデイトⅡ Ref.218239 ホワイトゴールド チョコレートローマン文字盤 美品 bsyn8rsn,https://commit-watch.co.jp/products/bsyn8rsn,
-28.7,"US_DEALER, not a hand carry",116509,non-JP,47897,43742,37230,Chrono24,41739,VERIFIED,C24 hand read,4,FULL_SET,okura,ロレックス ROLEX デイトナ 116509 ブルー ホワイトゴールド 自動巻き メンズ 腕時計,https://ec.wb-ookura.com/products/2300045826558,
-28.8,"US_DEALER, not a hand carry",SBGX265,non-JP,2565,2343,1992,"mark, NO VENUE",1992,VERIFIED,,,UNKNOWN,ippo,SEIKO SBGX265 Premium Quartz Movement Elegant Stainless Steel Case Sapphire Crystal Water ,https://www.ippojapanwatch.com/products/seiko-sbgx265-premium-quartz-movement-elegant-stainless-steel-case-sapphire-crystal-water-resistant-100m,
-28.9,"US_DEALER, not a hand carry",SBGX355,non-JP,4490,4100,3484,Chrono24 US,3100,VERIFIED,C24 research,,UNKNOWN,exquisite,Grand Seiko SBGX355 Quartz Snowflake,https://www.exquisitetimepieces.com/products/grand-seiko-sbgx355-snowflake-quartz,
-29.0,PASS,16520,JP,40974,37419,31755,Chrono24 US,28092,VERIFIED,C24 research VARIANT RISK,,UNKNOWN,commit,ロレックス デイトナ エルプリメロ Ref.16520 ステンレススチール ホワイト文字盤 デッドストック hj5mps9r,https://commit-watch.co.jp/products/hj5mps9r,
-29.0,PASS,126200,JP,11794,10771,9143,Chrono24,9044,VERIFIED,C24 hand read,3,FULL_SET,jackroad,ロレックス ROLEX デイトジャスト 36 126200 新品 時計 メンズ,https://item.rakuten.co.jp/jackroad/rx1086/,
-29.0,PASS,279174,JP,12716,11613,9854,Chrono24,10692,VERIFIED,C24 only,,FULL_SET,jackroad,ロレックス ROLEX レディ デイトジャスト 28 279174 新品 時計 レディース,https://item.rakuten.co.jp/jackroad/144341/,
-29.0,PASS,279174,JP,12716,11613,9854,Chrono24,10692,VERIFIED,C24 only,,FULL_SET,jackroad,ロレックス ROLEX レディ デイトジャスト 28 279174 新品 時計 レディース,https://item.rakuten.co.jp/jackroad/144613/,
-29.0,PASS,279174,JP,12716,11613,9854,Chrono24,10692,VERIFIED,C24 only,,FULL_SET,jackroad,ロレックス ROLEX レディ デイトジャスト 28 279174 新品 時計 レディース,https://item.rakuten.co.jp/jackroad/143932/,
-29.1,PASS,14270,JP,8972,8194,6948,Chrono24,5700,EST,C24 scrape n=1 THIN,1,UNKNOWN,commit,ロレックス エクスプローラーI Ref.14270 ステンレススチール ブラック文字盤 オイスターブレスレット 中古 9w6v388p,https://commit-watch.co.jp/products/9w6v388p,https://www.chrono24.com/rolex/explorer--id47191152.htm
-29.1,"US_DEALER, not a hand carry",26240CE,non-JP,169725,155000,131432,Chrono24,113969,VERIFIED,C24 scrape n=1 THIN,1,FULL_SET,exquisite,Audemars Piguet Royal Oak Chronograph 50th Annivarsary 26240CE.OO.1225CE.01,https://www.exquisitetimepieces.com/products/audemars-piguet-royal-oak-chronograph-50th-annivarsary-26240ce-oo-1225ce-01-210009n43331,https://www.chrono24.com/audemarspiguet/audemars-piguet-royal-oak-chronograph--id42694442.htm
-29.1,"US_DEALER, not a hand carry",215.30.40.20.03.001,non-JP,7693,7026,5957,Chrono24 US,4246,VERIFIED,C24 research,,UNKNOWN,ippo,Omega Planet Ocean 60 0M Co-axial Master Chronometer 39.5 MM 215.30.40.20.03.001 watch,https://www.ippojapanwatch.com/products/omega-planet-ocean-60-0m-co-axial-master-chronometer-39-5-mm-215-30-40-20-03-001-watch,
-29.2,"US_DEALER, not a hand carry",79540,non-JP,2826,2581,2188,"mark, NO VENUE",2188,VERIFIED,,,FULL_SET,okura,チューダー/チュードル TUDOR ヘリテージ ブラックベイ 41 79540 ブラック ステンレススチール 自動巻き メンズ 腕時計,https://ec.wb-ookura.com/products/2300045537379,
-29.3,"US_DEALER, not a hand carry",16700,non-JP,13069,11935,10105,Chrono24 US,12408,VERIFIED,C24 research,,FULL_SET,okura,ロレックス ROLEX GMTマスター 16700 ブラック ステンレススチール 自動巻き メンズ 腕時計,https://ec.wb-ookura.com/products/2300045885777,
-29.4,"US_DEALER, not a hand carry *PAPERS",SBGW301,non-JP,4741,4330,3664,"mark, NO VENUE",3664,VERIFIED,,,BOX_ONLY,ippo,SEIKO SBGW301 Mechanical Hand-Wound Grand Seiko Watch Stainless Steel Case 72-Hour Power R,https://www.ippojapanwatch.com/products/seiko-sbgw301-mechanical-hand-wound-grand-seiko-watch-stainless-steel-case-72-hour-power-reserve-elegant-design,
-29.6,"US_DEALER, not a hand carry *PAPERS",1601,non-JP,6409,5853,4946,"mark, NO VENUE",4946,VERIFIED,LOW,,BODY_ONLY,firekids,ロレックス ROLEX デイトジャスト 1971年製 Ref.1601 リネンダイヤル 自動巻き 純正ジュビリーブレス付,https://firekids.jp/products/detail/16325,
-29.7,"US_DEALER, not a hand carry",79000N,non-JP,4900,4475,3778,Chrono24,3432,VERIFIED,C24 scrape,5,UNKNOWN,exquisite,TUDOR Black Bay 54 M79000N-0002,https://www.exquisitetimepieces.com/products/tudor-black-bay-54-m79000n-0002,https://www.chrono24.com/tudor/black-bay-54--id47751528.htm
-29.7,PASS,136660,JP,18317,16727,14124,Chrono24,14299,VERIFIED,C24 hand read n=1 THIN,1,FULL_SET,jackroad,ロレックス ROLEX ディープシー Dブルー 136660 新品 時計 メンズ,https://item.rakuten.co.jp/jackroad/rx2048/,
-29.8,"US_DEALER, not a hand carry",79000,non-JP,5366,4900,4134,"mark, NO VENUE",4134,VERIFIED,,,UNKNOWN,exquisite,TUDOR Black Bay 54 Lagoon Blue M79000-0001,https://www.exquisitetimepieces.com/products/tudor-black-bay-54-lagoon-blue-m79000-0001,
-29.9,PASS,279381RBR,JP,27014,24670,20804,Chrono24 US,20013,VERIFIED,C24 research,,FULL_SET,jackroad,ロレックス ROLEX レディ デイトジャスト 28 279381RBR 新品 時計 レディース,https://item.rakuten.co.jp/jackroad/136052/,
-29.9,PASS,116509,JP,48360,44164,37230,Chrono24,41739,VERIFIED,C24 hand read,4,FULL_SET,rasin,PRICEDOWN Rolex Cosmograph Daytona 116509 Blue Random Number Used Men&#39;s,https://en.www.rasin.co.jp/SHOP/U-116509BL-7.html,
-29.9,PASS,126000,JP,16248,14839,12510,Chrono24,9396,VERIFIED,C24 scrape,8,UNKNOWN,commit,ロレックス オイスターパーペチュアル36 Ref.126000 ステンレススチール ターコイズ文字盤 美中古 7fafmnp8,https://commit-watch.co.jp/products/7fafmnp8,https://www.chrono24.com/rolex/rolex-unworn-126000-oyster-perpetual-36mm-med-blue-index-dial-oyster-bracelet-stainless-steel--id44319787.htm
-29.9,PASS,76080,JP,4261,3892,3281,Chrono24,3568,DERIVED,C24 only,,FULL_SET,bettyroad,ロレックス ROLEX オイスター パーペチュアル 76080 中古 時計 レディース,https://item.rakuten.co.jp/bettyroad/6413048/,
-30.1,"US_DEALER, not a hand carry",310.30.42.50.01.002,non-JP,9855,9000,7576,Chrono24,6493,VERIFIED,C24 scrape n=1 THIN,1,UNKNOWN,exquisite,Omega Speedmaster Moonwatch Professional Master Chronograph 310.30.42.50.01.002,https://www.exquisitetimepieces.com/products/omega-speedmaster-moonwatch-professional-master-chronograph-31030425001002,https://www.chrono24.com/omega/speedmaster-professional-moonwatch--id47068122.htm
-30.1,"US_DEALER, not a hand carry",310.30.42.50.01.002,non-JP,9855,9000,7576,Chrono24,6493,VERIFIED,C24 scrape n=1 THIN,1,UNKNOWN,topper,Omega Speedmaster Moonwatch Professional Master Chronometer Sapphire Sandwich 310.30.42.50,https://www.topperjewelers.com/products/omega-speedmaster-moonwatch-professional-master-chronometer-sapphire-sandwich-310-30-42-50-01-002,https://www.chrono24.com/omega/speedmaster-professional-moonwatch--id47068122.htm
-30.1,PASS,126331,JP,22929,20939,17628,Chrono24,17111,VERIFIED,C24 scrape,9,FULL_SET,jackroad,ロレックス ROLEX デイトジャスト41 126331 新品 時計 メンズ,https://item.rakuten.co.jp/jackroad/rx814/,https://www.chrono24.com/rolex/rolex-cpo-datejust-126331-41mm-everose-chocolate-dial--id47697277.htm
-30.2,PASS,124270,JP,12189,11132,9360,Chrono24 US,7956,VERIFIED,C24 research,,FULL_SET,jackroad,ロレックス ROLEX エクスプローラー 36 124270 新品 時計 メンズ,https://item.rakuten.co.jp/jackroad/rx1371/,
-30.3,"US_DEALER, not a hand carry",SBGM255,non-JP,5913,5400,4539,"mark, NO VENUE",4539,VERIFIED,,,UNKNOWN,exquisite,Grand Seiko SBGM255 Snowdrop GMT,https://www.exquisitetimepieces.com/products/grand-seiko-sbgm255-snowdrop,
-30.3,"US_DEALER, not a hand carry",SBGM255,non-JP,5913,5400,4539,"mark, NO VENUE",4539,VERIFIED,,,UNKNOWN,topper,"Grand Seiko Automatic GMT ""Snowdrop"" SBGM255",https://www.topperjewelers.com/products/grand-seiko-sbgm255,
-30.3,"US_DEALER, not a hand carry",126613LB,non-JP,22818,20839,17518,Chrono24 US,16718,VERIFIED,C24 research,,FULL_SET,okura,ロレックス ROLEX サブマリーナ 126613LB ブルー ゴールド/ステンレススチール 自動巻き メンズ 腕時計,https://ec.wb-ookura.com/products/2300046206731,
-30.6,"US_DEALER, not a hand carry",SBGN027,non-JP,3575,3265,2738,Chrono24 US,2358,VERIFIED,C24 research PARTIAL,8,UNKNOWN,ippo,SEIKO SBGN027 Sport Collection Quartz GMT Swiss Movement Stainless Steel Water Resistant E,https://www.ippojapanwatch.com/products/seiko-sbgn027-sport-collection-quartz-gmt-swiss-movement-stainless-steel-water-resistant-elegant-design,
-30.8,"US_DEALER, not a hand carry",126711CHNR,non-JP,28580,26100,21844,Chrono24,18534,VERIFIED,C24 scrape,2,PAPERS_ONLY,exquisite,Rolex 126711CHNR GMT Master II,https://www.exquisitetimepieces.com/products/rolex-126711chnr-gmt-master-ii-210000084883,https://www.chrono24.com/rolex/gmt-master-ii--id47263073.htm
-30.9,"US_DEALER, not a hand carry",26393ST,non-JP,37996,34700,29018,Chrono24 US,23037,VERIFIED,C24 research,,FULL_SET,exquisite,Audemars Piguet Code 11.59 Blue Dial Chronograph 26393ST.OO.A348KB.01 - Exquisite Timepiec,https://www.exquisitetimepieces.com/products/audemars-piguet-code-1159-blue-dial-chronograph-26393stooa348kb01-ns21000942834,
-30.9,"US_DEALER, not a hand carry",126334,non-JP,17308,15806,13222,Chrono24,14527,VERIFIED,C24 scrape,48,FULL_SET,okura,ロレックス ROLEX デイトジャスト41 126334 スレート ホワイトゴールド/ステンレススチール 自動巻き メンズ 腕時計,https://ec.wb-ookura.com/products/2340640059203,https://www.chrono24.com/rolex/rolex-126334-datejust-41-silver-index-dial-on-oyster-2021--id46657048.htm
-31.0,"US_DEALER, not a hand carry",SBGA439,non-JP,4622,4221,3527,"mark, NO VENUE",3527,VERIFIED,,,UNKNOWN,ippo,SEIKO SBGA439 Grand Seiko Heritage Collection Spring Drive Automatic 9R Spring Drive Stand,https://www.ippojapanwatch.com/products/seiko-sbga439-grand-seiko-heritage-collection-spring-drive-automatic-9r-spring-drive-standard-design-limited-edition,
-31.1,PASS,25610TNL,JP,4665,4260,3557,"mark, NO VENUE",3557,VERIFIED,,,FULL_SET,jackroad,チューダー(チュードル) TUDOR ペラゴス LHD レフトハンドドライブ 25610TNL-0001 新品 時計 メンズ,https://item.rakuten.co.jp/jackroad/tu258/,
-31.3,"US_DEALER, not a hand carry",79683,non-JP,8158,7450,6215,US AD retail,3830,VERIFIED,C24 research,,UNKNOWN,exquisite,TUDOR Black Bay 41 S&G M79683-0001,https://www.exquisitetimepieces.com/products/tudor-black-bay-41-s-g-m79683-0001,
-31.3,"US_DEALER, not a hand carry",79683,non-JP,8158,7450,6215,US AD retail,3830,VERIFIED,C24 research,,UNKNOWN,exquisite,TUDOR Black Bay 41 S&G M79683-0002,https://www.exquisitetimepieces.com/products/tudor-black-bay-41-s-g-m79683-0002,
-31.3,"US_DEALER, not a hand carry",79683,non-JP,8158,7450,6215,US AD retail,3830,VERIFIED,C24 research,,UNKNOWN,exquisite,TUDOR Black Bay 41 S&G M79683-0005,https://www.exquisitetimepieces.com/products/tudor-black-bay-41-s-g-m79683-0005,
-31.4,PASS,215.30.44.21.03.001,JP,5390,4922,4102,"mark, NO VENUE",4102,VERIFIED,,,FULL_SET,jackroad,オメガ OMEGA シーマスター 600 プラネットオーシャン マスタークロノメーター 215.30.44.21.03.001 新品 時計 メンズ,https://item.rakuten.co.jp/jackroad/om741/,
-31.5,"US_DEALER, not a hand carry",X83310F61B1S1,non-JP,3887,3550,2956,Chrono24,1668,DERIVED,C24 only,,UNKNOWN,topper,Breitling Endurance Pro 38 X83310F61B1S1,https://www.topperjewelers.com/products/breitling-x83310f61b1s1,
-31.5,PASS,79733N,JP,4380,4000,3331,"mark, NO VENUE",3331,VERIFIED,,,UNKNOWN,kamekichi,ブラックベイ,https://www.kame-kichi.com/items/41571,
-31.6,"US_DEALER, not a hand carry",SBGW289,non-JP,5913,5400,4493,"mark, NO VENUE",4493,VERIFIED,,,UNKNOWN,exquisite,Grand Seiko SBGW289 44GS 55th Anniversary Limited Edition,https://www.exquisitetimepieces.com/products/grand-seiko-sbgw289,
-31.7,"US_DEALER, not a hand carry",311.33.42.30.01.001,non-JP,6249,5706,4744,"mark, NO VENUE",4744,VERIFIED,,,UNKNOWN,ippo,OMEGA 311.33.42.30.01.001 Speedmaster Moonwatch Professional Chronograph Automatic Stainle,https://www.ippojapanwatch.com/products/omega-31133423001001-speedmaster-moonwatch-professional-chronograph-automatic-stainless-steel-sapphire-crystal,
-31.7,"US_DEALER, not a hand carry",28600,non-JP,2826,2581,2145,"mark, NO VENUE",2145,VERIFIED,,,FULL_SET,okura,チューダー/チュードル TUDOR ロイヤル 28600 サーモンピンク ステンレススチール 自動巻き メンズ 腕時計,https://ec.wb-ookura.com/products/2300046291874,
-31.8,PASS,16600,JP,13281,12129,10073,Chrono24,9019,VERIFIED,C24 scrape,2,UNKNOWN,commit,ロレックス シードゥエラー Ref.16600 ステンレススチール ブラック文字盤 中古 k7ho859f,https://commit-watch.co.jp/products/k7ho859f,https://www.chrono24.com/rolex/sea-dweller--id47263835.htm
-31.9,PASS,126234,JP,16570,15132,12559,Chrono24,12488,VERIFIED,C24 scrape,8,FULL_SET,rasin,ROLEX Datejust 36 126234 Mint Green Bar 5 Rows Jubilee bracelet Random Number Unused Men's,https://en.www.rasin.co.jp/SHOP/S-126234MGB.html,https://www.chrono24.com/rolex/rolex-pre-owned-rolex-oyster-oysterseel-perpetual-datejust-silver-dial-36mm-watch-2021-126234--id44628162.htm
-31.9,PASS,277200,JP,12331,11261,9351,Chrono24,8779,VERIFIED,C24 scrape n=1 THIN,1,FULL_SET,rasin,ROLEX Oyster Perpetual 31 277200 Turquoise Blue Random Serial Number Used Boys&#39; (Unise,https://en.www.rasin.co.jp/SHOP/U-277200TBL-3.html,https://www.chrono24.com/rolex/new-2026-oyster-perpetual-31mm-277200-med-blue-dial--id44496177.htm
-32.0,PASS,77410OR,JP,31077,28381,23543,Chrono24 US,24542,VERIFIED,C24 research,,BOX_ONLY,bettyroad,オーデマ ピゲ AUDEMARS PIGUET CODE 11.59 バイ オーデマピゲ オートマティック 77410OR.OO.A342CR.01 新品 時計 男女兼用,https://item.rakuten.co.jp/bettyroad/ap310/,
-32.2,"US_DEALER, not a hand carry",WSTA0051,non-JP,3744,3419,2833,eBay,3483,VERIFIED,C24 research PARTIAL,3,FULL_SET,okura,カルティエ Cartier タンク マスト SM WSTA0051 シルバー ステンレススチール クオーツ レディース 腕時計,https://ec.wb-ookura.com/products/2300045825759,
-32.4,PASS,279381RBR,JP,27541,25151,20804,Chrono24 US,20013,VERIFIED,C24 research,,FULL_SET,jackroad,ロレックス ROLEX レディ デイトジャスト 28 279381RBR 新品 時計 レディース,https://item.rakuten.co.jp/jackroad/136353/,
-32.4,PASS,278384RBR,JP,25561,23343,19307,"mark, NO VENUE",19307,VERIFIED,,,FULL_SET,rasin,Rolex Datejust 31 278384RBR Azzurro Blue Floral Motif Diamond Random Number Used Ladies,https://en.www.rasin.co.jp/SHOP/U-278384RBRBLFR.html,
-32.6,PASS,16570,JP,10809,9871,8151,Chrono24,8104,VERIFIED,C24 scrape,4,UNKNOWN,commit,ロレックス エクスプローラーII Ref.16570 ステンレススチール ブラック文字盤 オイスターブレスレット 中古 7wx3aqd5,https://commit-watch.co.jp/products/7wx3aqd5,https://www.chrono24.com/rolex/explorer-ii--id47838616.htm
-32.6,PASS,16570,JP,10809,9871,8151,Chrono24,8104,VERIFIED,C24 scrape,4,UNKNOWN,commit,ロレックス エクスプローラーII Ref.16570 ステンレススチール ホワイト文字盤 オイスターブレスレット 美中古 huhdy3ze,https://commit-watch.co.jp/products/huhdy3ze,https://www.chrono24.com/rolex/explorer-ii--id47838616.htm
-32.6,PASS,16570,JP,10809,9871,8151,Chrono24,8104,VERIFIED,C24 scrape,4,UNKNOWN,commit,ロレックス エクスプローラーII Ref.16570 ステンレススチール ホワイト文字盤 オイスターブレスレット 中古 vs7ovxd4,https://commit-watch.co.jp/products/vs7ovxd4,https://www.chrono24.com/rolex/explorer-ii--id47838616.htm
-32.7,PASS,126000,JP,16602,15161,12510,Chrono24,9396,VERIFIED,C24 scrape,8,UNKNOWN,commit,ロレックス オイスターパーペチュアル36 Ref.126000 ステンレススチール コーラルレッド文字盤 美中古 d2re5gta,https://commit-watch.co.jp/products/d2re5gta,https://www.chrono24.com/rolex/rolex-unworn-126000-oyster-perpetual-36mm-med-blue-index-dial-oyster-bracelet-stainless-steel--id44319787.htm
-32.7,"US_DEALER, not a hand carry",SLGH021,non-JP,11388,10400,8583,"mark, NO VENUE",8583,VERIFIED,,,UNKNOWN,exquisite,Grand Seiko SLGH021 Evolution 9 Limited Edition,https://www.exquisitetimepieces.com/products/grand-seiko-slgh021-evolution-9-limited-edition,
-32.7,PASS,25600TN,JP,4309,3935,3248,"mark, NO VENUE",3248,VERIFIED,,,UNKNOWN,kamekichi,ペラゴス,https://www.kame-kichi.com/items/36772,
-32.7,PASS,126000,JP,16602,15161,12510,Chrono24,9396,VERIFIED,C24 scrape,8,UNKNOWN,commit,ロレックス オイスターパーペチュアル36 Ref.126000 ステンレススチール コーラルレッド文字盤 中古 i8sycrnh,https://commit-watch.co.jp/products/i8sycrnh,https://www.chrono24.com/rolex/rolex-unworn-126000-oyster-perpetual-36mm-med-blue-index-dial-oyster-bracelet-stainless-steel--id44319787.htm
-32.7,"US_DEALER, not a hand carry",278274,non-JP,20038,18300,15104,Chrono24,12354,VERIFIED,C24 scrape,3,FULL_SET,exquisite,Rolex Datejust 31 M278274-0018,https://www.exquisitetimepieces.com/products/rolex-datejust-31-m278274-0018-210009n43531,https://www.chrono24.com/rolex/rolex-datejust-31--id46780019.htm
-32.9,"US_DEALER, not a hand carry",25807KN,non-JP,4624,4222,3480,"mark, NO VENUE",3480,VERIFIED,,,UNKNOWN,ippo,TUDOR 25807KN Automatic Stainless Steel Men's Watch,https://www.ippojapanwatch.com/products/tudor-25807kn-automatic-stainless-steel-mens-watch,
-33.3,"US_DEALER, not a hand carry",310.30.42.50.04.001,non-JP,9964,9100,7473,"mark, NO VENUE",7473,VERIFIED,,,UNKNOWN,topper,Omega Speedmaster Moonwatch Professional Master Chronometer White Dial 310.30.42.50.04.001,https://www.topperjewelers.com/products/omega-310-30-42-50-04-001,
-33.5,PASS,276200,JP,8038,7341,6021,Chrono24,7026,VERIFIED,C24 only,,FULL_SET,jackroad,ロレックス ROLEX オイスター パーペチュアル 28 276200 新品 時計 レディース,https://item.rakuten.co.jp/jackroad/rx2075/,
-33.5,"US_DEALER, not a hand carry",28500,non-JP,2473,2258,1853,"mark, NO VENUE",1853,VERIFIED,,,FULL_SET,okura,チューダー/チュードル TUDOR ロイヤル 28500 シルバー ステンレススチール 自動巻き メンズ 腕時計,https://ec.wb-ookura.com/products/2341950025285,
-33.5,"US_DEALER, not a hand carry",28500,non-JP,2473,2258,1853,"mark, NO VENUE",1853,VERIFIED,,,FULL_SET,okura,チューダー/チュードル TUDOR ロイヤル 28500-0005 ブルー ステンレススチール 自動巻き メンズ 腕時計,https://ec.wb-ookura.com/products/2300046204041,
-33.6,PASS,126334,JP,17658,16126,13222,Chrono24,14527,VERIFIED,C24 scrape,48,FULL_SET,jackroad,ロレックス ROLEX デイトジャスト41 126334 新品 時計 メンズ,https://item.rakuten.co.jp/jackroad/rx1554/,https://www.chrono24.com/rolex/rolex-126334-datejust-41-silver-index-dial-on-oyster-2021--id46657048.htm
-33.7,PASS,279381RBR,JP,27820,25407,20804,Chrono24 US,20013,VERIFIED,C24 research,,FULL_SET,bettyroad,ロレックス ROLEX レディ デイトジャスト 28 279381RBR 新品 時計 レディース,https://item.rakuten.co.jp/bettyroad/136353/,
-33.8,"US_DEALER, not a hand carry",276200,non-JP,8054,7355,6021,Chrono24,7026,VERIFIED,C24 only,,FULL_SET,okura,ロレックス ROLEX オイスターパーペチュアル28 ラベンター 276200 ラベンダー SS 自動巻き レディース 腕時計,https://ec.wb-ookura.com/products/2342290047197,
-34.0,PASS,1680,JP,15401,14065,11496,Chrono24,17420,DERIVED,C24 only,,UNKNOWN,commit,ロレックス サブマリーナー デイト Ref.1680 ステンレススチール ブラック文字盤 中古 gvqgosx6,https://commit-watch.co.jp/products/gvqgosx6,
-34.1,"US_DEALER, not a hand carry",405.031,non-JP,93842,85700,69977,"mark, NO VENUE",69977,VERIFIED,,,FULL_SET,exquisite,A. Lange & Söhne Datograph Up/Down in 750 Pink gold 405.031,https://www.exquisitetimepieces.com/products/a-lange-sohne-datograph-405031-ns21000936237,
-34.1,"US_DEALER, not a hand carry",79930,non-JP,4270,3900,3185,"mark, NO VENUE",3185,VERIFIED,,,UNKNOWN,exquisite,TUDOR Ranger M79930-0001,https://www.exquisitetimepieces.com/products/tudor-ranger-m79930-0001,
-34.1,"US_DEALER, not a hand carry",79930,non-JP,4270,3900,3185,"mark, NO VENUE",3185,VERIFIED,,,UNKNOWN,exquisite,TUDOR Ranger M79930-0007,https://www.exquisitetimepieces.com/products/tudor-ranger-m79930-0007,
-34.1,PASS,276200,JP,8075,7374,6021,Chrono24,7026,VERIFIED,C24 only,,FULL_SET,bettyroad,ロレックス ROLEX オイスター パーペチュアル 28 276200 新品 時計 レディース,https://item.rakuten.co.jp/bettyroad/rx2075/,
-34.1,"US_DEALER, not a hand carry",5500V/110A-B686,non-JP,43252,39500,32261,"mark, NO VENUE",32261,VERIFIED,,,FULL_SET,exquisite,Vacheron Constantin Overseas Chronograph Panda 5500V/110A-B686,https://www.exquisitetimepieces.com/products/vacheron-constantin-overseas-chronograph-panda-5500v-110a-b686-210009n43717,
-34.2,PASS,126613LB,JP,23504,21465,17518,Chrono24 US,16718,VERIFIED,C24 research,,FULL_SET|AA_LIKE_NEW,kitamura,【中古】 【新品同様】 ロレックス(ROLEX) サブマリーナー デイト ブルー 126613LB ステンレス/イエローゴールド 【1年保証】,https://item.rakuten.co.jp/emedama/2445740037035/,
-34.6,PASS,116660,JP,13779,12584,10238,Chrono24 US,11000,VERIFIED,C24 research,20,FULL_SET|AB_GOOD,kitamura,【中古】 【良品】 ロレックス(ROLEX) シードゥエラー ディープブルー 116660 ステンレス 【1年保証】,https://item.rakuten.co.jp/emedama/2448040084266/,
-34.8,"US_DEALER, not a hand carry",SBGP013,non-JP,2798,2555,2076,"mark, NO VENUE",2076,VERIFIED,,,UNKNOWN,ippo,SEIKO SBGP013 Elegant Quartz Watch Stainless Steel Case Sapphire Crystal 100m Water Resist,https://www.ippojapanwatch.com/products/seiko-sbgp013-elegant-quartz-watch-stainless-steel-case-sapphire-crystal-100m-water-resistant,
-35.0,"US_DEALER, not a hand carry",220.10.41.21.03.006,non-JP,8103,7400,6003,"mark, NO VENUE",6003,VERIFIED,,,UNKNOWN,exquisite,Omega Aqua Terra 150M Turquoise Dial 41mm 220.10.41.21.03.006,https://www.exquisitetimepieces.com/products/omega-aqua-terra-150m-220-10-41-21-03-006-turquoise-dial,
-35.0,"US_DEALER, not a hand carry",220.10.41.21.03.006,non-JP,8103,7400,6003,"mark, NO VENUE",6003,VERIFIED,,,UNKNOWN,topper,Omega Seamaster Aqua Terra 150M Co‑Axial Master Chronometer 41mm 220.10.41.21.03.006,https://www.topperjewelers.com/products/omega-220-10-41-21-03-006,
-35.1,"US_DEALER, not a hand carry",SLGH011,non-JP,8870,8100,6566,"mark, NO VENUE",6566,VERIFIED,,,FULL_SET,exquisite,Grand Seiko Evolution 9 Collection SLGH011,https://www.exquisitetimepieces.com/products/grand-seiko-evolution-9-collection-slgh011-ns21000939315,
-35.2,"US_DEALER, not a hand carry",SBGR325,non-JP,5092,4650,3765,"mark, NO VENUE",3765,VERIFIED,,,FULL_SET,exquisite,Grand Seiko SBGR325 Limited Edition,https://www.exquisitetimepieces.com/products/grand-seiko-sbgr325-limited-edition-ns21000931737,
-35.3,"US_DEALER, not a hand carry",116200,non-JP,10402,9500,7687,Chrono24 US,6952,VERIFIED,C24 research,,FULL_SET,exquisite,Rolex Datejust M116200-0094,https://www.exquisitetimepieces.com/products/rolex-datejust-m116200-0094-210009n42372,
-35.3,PASS,79363N,JP,5843,5336,4319,"mark, NO VENUE",4319,VERIFIED,,,UNKNOWN,kamekichi,ブラックベイ クロノ S&G,https://www.kame-kichi.com/items/46342,
-35.4,PASS,126234,JP,16999,15524,12559,Chrono24,12488,VERIFIED,C24 scrape,8,FULL_SET,jackroad,ロレックス ROLEX デイトジャスト 36 126234 新品 時計 メンズ,https://item.rakuten.co.jp/jackroad/rx1791/,https://www.chrono24.com/rolex/rolex-pre-owned-rolex-oyster-oysterseel-perpetual-datejust-silver-dial-36mm-watch-2021-126234--id44628162.htm
-35.5,"US_DEALER, not a hand carry",79660,non-JP,6378,5825,4707,Chrono24,2976,VERIFIED,C24 scrape n=1 THIN,1,UNKNOWN,exquisite,TUDOR Black Bay 39 M79660-0006,https://www.exquisitetimepieces.com/products/tudor-black-bay-39-m79660-0006,https://www.chrono24.com/tudor/tudor-black-bay-39-blue--id47035080.htm
-35.5,"US_DEALER, not a hand carry",79660,non-JP,6378,5825,4707,Chrono24,2976,VERIFIED,C24 scrape n=1 THIN,1,UNKNOWN,exquisite,TUDOR Black Bay 39 M79660-0004,https://www.exquisitetimepieces.com/products/tudor-black-bay-39-m79660-0004,https://www.chrono24.com/tudor/tudor-black-bay-39-blue--id47035080.htm
-35.5,"US_DEALER, not a hand carry",79660,non-JP,6378,5825,4707,Chrono24,2976,VERIFIED,C24 scrape n=1 THIN,1,UNKNOWN,exquisite,TUDOR Black Bay 39 M79660-0005,https://www.exquisitetimepieces.com/products/tudor-black-bay-39-m79660-0005,https://www.chrono24.com/tudor/tudor-black-bay-39-blue--id47035080.htm
-35.5,PASS,126303,JP,17854,16305,13172,Chrono24 US,12634,VERIFIED,C24 research VARIANT RISK,15,BOX_ONLY,rasin,PRICEDOWN Rolex Datejust 41 126303 Slate (Gray) Green Rome 5 rows Jubilee bracelet Random ,https://en.www.rasin.co.jp/SHOP/U-126303GRGR-2.html,
-35.6,"US_DEALER, not a hand carry",79833MN,non-JP,5016,4581,3700,"mark, NO VENUE",3700,VERIFIED,,,FULL_SET,okura,チューダー/チュードル TUDOR ブラックベイ GMT S＆G 79833MN ブラック ゴールド/ステンレススチール 自動巻き メンズ 腕時計,https://ec.wb-ookura.com/products/2300046157323,
-36.4,PASS,16700,JP,13779,12584,10105,Chrono24 US,12408,VERIFIED,C24 research,,FULL_SET|AB_GOOD,kitamura,【中古】 【良品】 ロレックス(ROLEX) GMTマスター ブラック 16700 ステンレス 【1年保証】,https://item.rakuten.co.jp/emedama/2484290059449/,
-36.7,"US_DEALER, not a hand carry",210.30.42.20.03.001,non-JP,7336,6700,5366,Chrono24,4420,VERIFIED,C24 scrape,17,UNKNOWN,topper,Omega Seamaster Diver 300M Chronometer 210.30.42.20.03.001,https://www.topperjewelers.com/products/omega-seamaster-diver-300m-chronometer-210-30-42-20-03-001,https://www.chrono24.com/omega/seamaster-diver-300-m--id47088934.htm
-36.9,"US_DEALER, not a hand carry",STGF359,non-JP,2847,2600,2080,"mark, NO VENUE",2080,VERIFIED,,,UNKNOWN,exquisite,Grand Seiko STGF359 Ladies Snowflake,https://www.exquisitetimepieces.com/products/grand-seiko-stgf359-snowflake,
-36.9,"US_DEALER, not a hand carry",STGF359,non-JP,2847,2600,2080,"mark, NO VENUE",2080,VERIFIED,,,UNKNOWN,topper,Grand Seiko Lady Snowflake STGF359,https://www.topperjewelers.com/products/grand-seiko-lady-snowflake-stgf359,
-37.0,"US_DEALER, not a hand carry",79000N,non-JP,5174,4725,3778,Chrono24,3432,VERIFIED,C24 scrape,5,UNKNOWN,exquisite,TUDOR Black Bay 54 M79000N-0001,https://www.exquisitetimepieces.com/products/tudor-black-bay-54-m79000n-0001,https://www.chrono24.com/tudor/black-bay-54--id47751528.htm
-37.0,PASS,126334,JP,18119,16547,13222,Chrono24,14527,VERIFIED,C24 scrape,48,FULL_SET,jackroad,ロレックス ROLEX デイトジャスト41 126334 新品 時計 メンズ,https://item.rakuten.co.jp/jackroad/rx2225/,https://www.chrono24.com/rolex/rolex-126334-datejust-41-silver-index-dial-on-oyster-2021--id46657048.htm
-37.1,"US_DEALER, not a hand carry",WSTA0051,non-JP,3885,3548,2833,eBay,3483,VERIFIED,C24 research PARTIAL,3,FULL_SET,okura,カルティエ Cartier タンク マスト SM WSTA0051 シルバー ステンレススチール クオーツ レディース 腕時計,https://ec.wb-ookura.com/products/2300045983886,
-37.2,PASS,126300,JP,15022,13719,10950,Chrono24,9982,VERIFIED,C24 scrape,7,FULL_SET,jackroad,ロレックス ROLEX デイトジャスト41 126300 新品 時計 メンズ,https://item.rakuten.co.jp/jackroad/rx2227/,https://www.chrono24.com/rolex/rolex-datejust-41-white-roman-dial-stainless-steel-41mm-126300----id46780791.htm
-37.3,PASS,14270,JP,9537,8710,6948,Chrono24,5700,EST,C24 scrape n=1 THIN,1,UNKNOWN,commit,ロレックス エクスプローラーI Ref.14270 ステンレススチール ブラック文字盤 オイスターブレスレット 中古 y2bzw6sy,https://commit-watch.co.jp/products/y2bzw6sy,https://www.chrono24.com/rolex/explorer--id47191152.htm
-37.3,"US_DEALER, not a hand carry",332.10.41.51.01.001,non-JP,11716,10700,8536,Chrono24,6111,VERIFIED,C24 scrape,2,UNKNOWN,exquisite,Omega Speedmaster 57 Coaxial Chronometer Chronograph Black Dial 40.5mm on Bracelet 332.10.,https://www.exquisitetimepieces.com/products/omega-speedmaster-57-coaxial-chronometer-chronograph-black-dial-40-5mm-bracelet,https://www.chrono24.com/omega/speedmaster-57-co-axial-chronograph----black-dial--id46329783.htm
-37.3,"US_DEALER, not a hand carry",332.10.41.51.01.001,non-JP,11716,10700,8536,Chrono24,6111,VERIFIED,C24 scrape,2,UNKNOWN,topper,Omega Speedmaster '57 Master Chronometer 40.5mm 332.10.41.51.01.001,https://www.topperjewelers.com/products/omega-speedmaster-57-master-chronometer-40-5mm-332-10-41-51-01-001,https://www.chrono24.com/omega/speedmaster-57-co-axial-chronograph----black-dial--id46329783.htm
-37.3,PASS,126333,JP,20293,18533,14781,Chrono24,15666,VERIFIED,C24 scrape,16,FULL_SET,jackroad,ロレックス ROLEX デイトジャスト41 126333 新品 時計 メンズ,https://item.rakuten.co.jp/jackroad/rx942/,https://www.chrono24.com/rolex/datejust-41--id47176572.htm
-37.4,"US_DEALER, not a hand carry",15210CR,non-JP,24638,22500,17938,"mark, NO VENUE",17938,VERIFIED,,,FULL_SET,exquisite,Audemars Piguet Code 11.59 15210CR.OO.A008KB.01,https://www.exquisitetimepieces.com/products/audemars-piguet-code-11-59-15210cr-oo-a008kb-01,
-37.4,"US_DEALER, not a hand carry",SBGE305,non-JP,7118,6500,5181,"mark, NO VENUE",5181,VERIFIED,,,FULL_SET,exquisite,Grand Seiko Sport Collection SBGE305,https://www.exquisitetimepieces.com/products/grand-seiko-sport-collection-sbge305-210009n43405,
-37.7,"US_DEALER, not a hand carry *PAPERS",SLGW007,non-JP,10950,10000,7950,"mark, NO VENUE",7950,VERIFIED,,,BOX_ONLY,exquisite,Grand Seiko SLGW007 “Moonlit Birch Bark”,https://www.exquisitetimepieces.com/products/grand-seiko-slgw007,
-37.7,"US_DEALER, not a hand carry",SLGW007,non-JP,10950,10000,7950,"mark, NO VENUE",7950,VERIFIED,,,UNKNOWN,topper,Grand Seiko Evolution 9 Moonlit Birch SLGW007,https://www.topperjewelers.com/products/grand-seiko-slgw007,
-37.8,"US_DEALER, not a hand carry *PAPERS",126300,non-JP,15091,13782,10950,Chrono24,9982,VERIFIED,C24 scrape,7,BODY_ONLY,satindoll,デイトジャスト41,https://www.satindollweb.com/products/detail/11591,https://www.chrono24.com/rolex/rolex-datejust-41-white-roman-dial-stainless-steel-41mm-126300----id46780791.htm
-37.9,PASS,276200,JP,8304,7584,6021,Chrono24,7026,VERIFIED,C24 only,,FULL_SET,rasin,Rolex Oyster Perpetual 28 276200 Pistachio Random Number Used Ladies,https://en.www.rasin.co.jp/SHOP/U-276200PC-2.html,
-37.9,"US_DEALER, not a hand carry",234.30.41.21.03.001,non-JP,8760,8000,6351,Chrono24 US PROXY,4652,VERIFIED,LOW PROXY,,UNKNOWN,exquisite,Omega Seamaster 300 Master Chronometer 234.30.41.21.03.001,https://www.exquisitetimepieces.com/products/omega-seamaster-300-master-chronometer-23430412103001,
-37.9,"US_DEALER, not a hand carry",234.30.41.21.03.001,non-JP,8760,8000,6351,Chrono24 US PROXY,4652,VERIFIED,LOW PROXY,,UNKNOWN,topper,Omega Seamaster 300 Master Chronometer 234.30.41.21.03.001,https://www.topperjewelers.com/products/omega-seamaster-300-master-chronometer-234-30-41-21-03-001,
-38.0,"US_DEALER, not a hand carry",SBGJ263,non-JP,5926,5412,4294,"mark, NO VENUE",4294,VERIFIED,,,UNKNOWN,ippo,Grand Seiko SBGJ263 Automatic Movement Stainless Steel Case 39mm Sapphire Crystal Water Re,https://www.ippojapanwatch.com/products/grand-seiko-sbgj263-automatic-movement-stainless-steel-case-39mm-sapphire-crystal-water-resistant,
-38.0,PASS,279383RBR,JP,22157,20235,16057,Chrono24 US,17949,VERIFIED,C24 research,,FULL_SET,rasin,Rolex Datejust Bezel Diamond 279383RBR Lavender Tapestry Random Number Used Ladies,https://en.www.rasin.co.jp/SHOP/U-279383RBRLVTP.html,
-38.1,"US_DEALER, not a hand carry",233.30.41.21.01.001,non-JP,6351,5800,4599,Chrono24 US,3939,VERIFIED,LOW,,FULL_SET,exquisite,Omega Seamaster 300 Master Chronometer 233.30.41.21.01.001,https://www.exquisitetimepieces.com/products/omega-seamaster-300-master-chronometer-23430412101001-ns21000941306,
-38.1,"US_DEALER, not a hand carry",1680,non-JP,15878,14500,11496,Chrono24,17420,DERIVED,C24 only,,UNKNOWN,craftandtailored,*Unpolished* 1978 Rolex Submariner (Ref. 1680) Mk. III Dial W/ Pumpkin Patina,https://www.craftandtailored.com/products/1978-rolex-submariner-ref-1680-mk-iii-dial-w-pumpkin-patina,
-38.2,"US_DEALER, not a hand carry",SLGH027,non-JP,11498,10500,8320,"mark, NO VENUE",8320,VERIFIED,,,UNKNOWN,exquisite,Grand Seiko SLGH027 Hi-Beat 36000 80 Hours Limited Edition,https://www.exquisitetimepieces.com/products/grand-seiko-slgh027-hi-beat-36000-80-hours-limited-edition,
-38.2,PASS,79210CNU,JP,4283,3911,3099,eBay SOLD,3293,VERIFIED,C24 research,19,FULL_SET,jackroad,チューダー(チュードル) TUDOR ヘリテージ ブラックベイ セラミック 79210CNU-0001 新品 時計 メンズ,https://item.rakuten.co.jp/jackroad/tu452/,
-38.4,PASS,126000,JP,17308,15806,12510,Chrono24,9396,VERIFIED,C24 scrape,8,UNKNOWN|AA_LIKE_NEW,commit,ロレックス オイスターパーペチュアル36 Ref.126000 ステンレススチール ジュビリーモチーフ文字盤 未使用 7wnfc6gv,https://commit-watch.co.jp/products/7wnfc6gv,https://www.chrono24.com/rolex/rolex-unworn-126000-oyster-perpetual-36mm-med-blue-index-dial-oyster-bracelet-stainless-steel--id44319787.htm
-38.8,PASS,67650ST,JP,32073,29290,23115,"mark, NO VENUE",23115,VERIFIED,,,UNKNOWN|AA_LIKE_NEW,commit,オーデマピゲ ロイヤルオーク クォーツ Ref.67650ST.OO.1261ST.01-A ステンレススチール ブラック文字盤 未使用 nwakvfaw,https://commit-watch.co.jp/products/nwakvfaw,
-38.9,PASS,126234,JP,17447,15933,12559,Chrono24,12488,VERIFIED,C24 scrape,8,FULL_SET,jackroad,ロレックス ROLEX デイトジャスト 36 126234 新品 時計 メンズ,https://item.rakuten.co.jp/jackroad/rx2232/,https://www.chrono24.com/rolex/rolex-pre-owned-rolex-oyster-oysterseel-perpetual-datejust-silver-dial-36mm-watch-2021-126234--id44628162.htm
-38.9,PASS,16710,JP,17308,15806,12465,Chrono24,13051,VERIFIED,C24 hand read n=1 THIN,1,UNKNOWN,commit,ロレックス GMTマスターII Ref.16710 ステンレススチール ブラック文字盤 オイスターブレスレット 中古 hntedmac,https://commit-watch.co.jp/products/hntedmac,
-39.0,PASS,126655,JP,56004,51145,40296,Chrono24,28108,VERIFIED,C24 scrape n=1 THIN,1,FULL_SET,jackroad,ロレックス ROLEX ヨットマスター 40 126655 新品 時計 メンズ,https://item.rakuten.co.jp/jackroad/rx2245/,https://www.chrono24.com/rolex/yacht-master-40--id44494857.htm
-39.0,PASS,16520,JP,44153,40323,31755,Chrono24 US,28092,VERIFIED,C24 research VARIANT RISK,,UNKNOWN,commit,ロレックス デイトナ エルプリメロ Ref.16520 ステンレススチール ホワイト文字盤 中古 bfokapyh,https://commit-watch.co.jp/products/bfokapyh,
-39.1,"US_DEALER, not a hand carry",127334,non-JP,40624,37100,29198,Chrono24,25565,VERIFIED,C24 scrape,9,FULL_SET,exquisite,Rolex Land-Dweller M127334-0001,https://www.exquisitetimepieces.com/products/rolex-land-dweller-m127334-0001-ns21000938226,https://www.chrono24.com/rolex/rolex-2026-land-dweller-40mm-127334-stainless-steel-jubilee-white-dial--id47204616.htm
-39.1,"US_DEALER, not a hand carry",SBGJ237,non-JP,5735,5237,4122,"mark, NO VENUE",4122,VERIFIED,,,UNKNOWN,ippo,GRAND SEIKO SBGJ237 Automatic Movement Stainless Steel Case Elegant Blue Dial 39mm Water R,https://www.ippojapanwatch.com/products/grand-seiko-sbgj237-automatic-movement-stainless-steel-case-elegant-blue-dial-39mm-water-resistant,
-39.2,"US_DEALER, not a hand carry",220.10.41.21.10.001,non-JP,7774,7100,5584,Chrono24,4552,VERIFIED,C24 scrape,2,UNKNOWN,topper,Omega Seamaster Aqua Terra 150M Chronometer 220.10.41.21.10.001,https://www.topperjewelers.com/products/omega-seamaster-aqua-terra-150m-chronometer-220-10-41-21-10-001,https://www.chrono24.com/omega/omega-seamaster-aqua-terra-41mm-green-dial-on-bracelet--id47287044.htm
-39.3,PASS,277200,JP,13028,11898,9351,Chrono24,8779,VERIFIED,C24 scrape n=1 THIN,1,FULL_SET,bettyroad,ロレックス ROLEX オイスター パーペチュアル 277200 新品 時計 レディース,https://item.rakuten.co.jp/bettyroad/rx1289/,https://www.chrono24.com/rolex/new-2026-oyster-perpetual-31mm-277200-med-blue-dial--id44496177.htm
-39.6,PASS,278343RBR,JP,23070,21069,16530,"mark, NO VENUE",16530,VERIFIED,,,FULL_SET,bettyroad,ロレックス ROLEX デイトジャスト 31 278343RBR 新品 時計 ボーイズ,https://item.rakuten.co.jp/bettyroad/rx2065/,
-39.7,"US_DEALER, not a hand carry *PAPERS",310.30.40.50.06.001,non-JP,9746,8900,6975,"mark, NO VENUE",6975,VERIFIED,,,BOX_ONLY,exquisite,"Omega Speedmaster First OMEGA in Space ""FOIS"" 310.30.40.50.06.001 on Bracelet",https://www.exquisitetimepieces.com/products/omega-speedmaster-first-omega-in-space-310-30-40-50-06-001,
-39.7,"US_DEALER, not a hand carry *PAPERS",310.30.40.50.06.001,non-JP,9746,8900,6975,"mark, NO VENUE",6975,VERIFIED,,,BOX_ONLY,topper,Omega Speedmaster Anniversary Series 'First Omega in Space' Master Chronometer 310.30.40.5,https://www.topperjewelers.com/products/omega-310-30-40-50-06-001,
-39.9,PASS,126613LB,JP,24510,22383,17518,Chrono24 US,16718,VERIFIED,C24 research,,FULL_SET,jackroad,ロレックス ROLEX サブマリーナー デイト 126613LB 新品 時計 メンズ,https://item.rakuten.co.jp/jackroad/rx1391/,
-40.0,PASS,WGTA0011,JP,16285,14872,11636,"mark, NO VENUE",11636,VERIFIED,,,FULL_SET,bettyroad,カルティエ CARTIER タンク ルイ カルティエ MM WGTA0011 新品 時計 男女兼用,https://item.rakuten.co.jp/bettyroad/ca499/,
-40.2,PASS,16700,JP,14166,12937,10105,Chrono24 US,12408,VERIFIED,C24 research,,FULL_SET,jackroad,ロレックス ROLEX GMTマスター 16700 中古 時計 メンズ,https://item.rakuten.co.jp/jackroad/6321824/,
-40.2,"US_DEALER, not a hand carry *PAPERS",1601,non-JP,6936,6334,4946,"mark, NO VENUE",4946,VERIFIED,LOW,,BODY_ONLY,firekids,ロレックス ROLEX デイトジャスト リネンダイヤル 1973年製 Ref.1601 自動巻きクロノメーター Cal.1570 純正ジュビリーブレスレット ハック付き,https://firekids.jp/products/detail/16522,
-40.3,"US_DEALER, not a hand carry",16570,non-JP,11432,10440,8151,Chrono24,8104,VERIFIED,C24 scrape,4,PAPERS_ONLY,firekids,ロレックス ROLEX エクスプローラーⅡ2003~2004年製 Ref.16570 ブラック 純正ブレス ギャラ、タグ付き,https://firekids.jp/products/detail/16757,https://www.chrono24.com/rolex/explorer-ii--id47838616.htm
-40.4,PASS,16570,JP,11445,10452,8151,Chrono24,8104,VERIFIED,C24 scrape,4,UNKNOWN|A_EXCELLENT,commit,ロレックス エクスプローラーII Ref.16570 ステンレススチール ブラック文字盤 オイスターブレスレット 美品 itgfcp7g,https://commit-watch.co.jp/products/itgfcp7g,https://www.chrono24.com/rolex/explorer-ii--id47838616.htm
-40.6,PASS,126234,JP,17658,16126,12559,Chrono24,12488,VERIFIED,C24 scrape,8,FULL_SET,jackroad,ロレックス ROLEX デイトジャスト 36 126234 新品 時計 メンズ,https://item.rakuten.co.jp/jackroad/rx2223/,https://www.chrono24.com/rolex/rolex-pre-owned-rolex-oyster-oysterseel-perpetual-datejust-silver-dial-36mm-watch-2021-126234--id44628162.htm
-40.7,"US_DEALER, not a hand carry",WSRN0030,non-JP,3539,3232,2515,"mark, NO VENUE",2515,VERIFIED,,,UNKNOWN,ippo,CARTIER Ronde Solo WSRN0030 Stainless Steel Men's Watch,https://www.ippojapanwatch.com/products/cartier-ronde-solo-wsrn0030-stainless-steel-mens-watch,
-40.8,PASS,116689,JP,41616,38006,29564,Chrono24 US,28783,VERIFIED,C24 research PARTIAL,6,FULL_SET,rasin,"ROLEX Yacht Master II 116689 White, Random Serial Number, Used Men's Watch",https://en.www.rasin.co.jp/SHOP/U-116689-3.html,
-40.9,PASS,WGTA0010,JP,13836,12636,9823,"mark, NO VENUE",9823,VERIFIED,,,FULL_SET,jackroad,カルティエ CARTIER タンク ルイ カルティエ SM WGTA0010 新品 時計 レディース,https://item.rakuten.co.jp/jackroad/165106/,
-41.0,PASS,18039,JP,24708,22564,17520,Chrono24,30225,DERIVED,C24 only,,FULL_SET,jackroad,ロレックス ROLEX デイデイト 18039 ヴィンテージ 時計 メンズ,https://item.rakuten.co.jp/jackroad/6365842/,
-41.2,"US_DEALER, not a hand carry",4300V/000R-B509,non-JP,109500,100000,77525,"mark, NO VENUE",77525,VERIFIED,,,FULL_SET,exquisite,Vacheron Constantin Overseas Perpetual Calendar 4300V/000R-B509,https://www.exquisitetimepieces.com/products/vacheron-constantin-overseas-perpetual-calendar-4300v000r-b509-ns21000940609,
-41.3,PASS,16520,JP,44860,40968,31755,Chrono24 US,28092,VERIFIED,C24 research VARIANT RISK,,UNKNOWN|A_EXCELLENT,commit,ロレックス デイトナ エルプリメロ Ref.16520 ステンレススチール ホワイト文字盤 美品 tdnyybpn,https://commit-watch.co.jp/products/tdnyybpn,
-41.3,PASS,16520,JP,44860,40968,31755,Chrono24 US,28092,VERIFIED,C24 research VARIANT RISK,,UNKNOWN|AA_LIKE_NEW,commit,ロレックス デイトナ エルプリメロ Ref.16520 ステンレススチール ブラック文字盤 未使用 6qa7tgj9,https://commit-watch.co.jp/products/6qa7tgj9,
-41.3,"US_DEALER, not a hand carry",79603,non-JP,8432,7700,5968,Chrono24 US,3275,VERIFIED,C24 research MAPPING,6,UNKNOWN,exquisite,TUDOR Black Bay 31 S&G M79603-0007,https://www.exquisitetimepieces.com/products/tudor-black-bay-31-s-g-m79603-0007,
-41.3,"US_DEALER, not a hand carry",79603,non-JP,8432,7700,5968,Chrono24 US,3275,VERIFIED,C24 research MAPPING,6,UNKNOWN,exquisite,TUDOR Black Bay 31 S&G M79603-0006,https://www.exquisitetimepieces.com/products/tudor-black-bay-31-s-g-m79603-0006,
-41.3,"US_DEALER, not a hand carry",79603,non-JP,8432,7700,5968,Chrono24 US,3275,VERIFIED,C24 research MAPPING,6,UNKNOWN,exquisite,TUDOR Black Bay 31 S&G M79603-0008,https://www.exquisitetimepieces.com/products/tudor-black-bay-31-s-g-m79603-0008,
-41.3,PASS,79733N,JP,4707,4299,3331,"mark, NO VENUE",3331,VERIFIED,,,UNKNOWN|AA_LIKE_NEW,kamekichi,ブラックベイ,https://www.kame-kichi.com/items/37666,
-41.3,PASS,16520,JP,44860,40968,31755,Chrono24 US,28092,VERIFIED,C24 research VARIANT RISK,,UNKNOWN,commit,ロレックス デイトナ エルプリメロ Ref.16520 ステンレススチール ブラック文字盤 中古 meohhe3n,https://commit-watch.co.jp/products/meohhe3n,
-41.5,"US_DEALER, not a hand carry",WSTA0042,non-JP,3885,3548,2746,"mark, NO VENUE",2746,VERIFIED,,,FULL_SET,okura,カルティエ Cartier タンク マスト LM WSTA0042 シルバー ステンレススチール クオーツ レディース 腕時計,https://ec.wb-ookura.com/products/2300046098985,
-41.5,"US_DEALER, not a hand carry",WSTA0042,non-JP,3885,3548,2746,"mark, NO VENUE",2746,VERIFIED,,,FULL_SET,okura,カルティエ Cartier タンク マスト SM WSTA0042 シルバー ステンレススチール クオーツ レディース 腕時計,https://ec.wb-ookura.com/products/2300046157347,
-41.6,PASS,220.10.41.21.01.001,JP,5587,5102,3947,"mark, NO VENUE",3947,VERIFIED,,,FULL_SET,jackroad,オメガ OMEGA シーマスター アクアテラ コーアクシャル マスター クロノメーター 220.10.41.21.01.001 新品 時計 メンズ,https://item.rakuten.co.jp/jackroad/om835/,
-41.8,"US_DEALER, not a hand carry",SBGR315,non-JP,4324,3949,3049,"mark, NO VENUE",3049,VERIFIED,,,UNKNOWN,ippo,SEIKO SBGR315 Luxury Automatic Watch - Stainless Steel Case - Sapphire Crystal - 72 Hour P,https://www.ippojapanwatch.com/products/seiko-sbgr315-luxury-automatic-watch-stainless-steel-case-sapphire-crystal-72-hour-power-reserve-elegant-design,
-41.9,PASS,1675,JP,21052,19226,14837,Chrono24,18002,DERIVED,PARTIAL,,PAPERS_ONLY,commit,ロレックス GMTマスター Ref.1675 ステンレススチール ブラック文字盤 オイスターブレスレット 中古 kjkbv3i2,https://commit-watch.co.jp/products/kjkbv3i2,
-41.9,PASS,91450,JP,2075,1895,1462,"mark, NO VENUE",1462,VERIFIED,,,FULL_SET,jackroad,チューダー(チュードル) TUDOR 1926 91450-0004 新品 時計 メンズ,https://item.rakuten.co.jp/jackroad/tu491/,
-42.2,"US_DEALER, not a hand carry",SLGB003,non-JP,12483,11400,8776,"mark, NO VENUE",8776,VERIFIED,,,UNKNOWN,exquisite,"Grand Seiko SLGB003 ""Ice Forest"" Spring Drive U.F.A 37mm",https://www.exquisitetimepieces.com/products/grand-seiko-slgb003-spring-drive-ufa,
-42.2,"US_DEALER, not a hand carry",SLGB003,non-JP,12483,11400,8776,"mark, NO VENUE",8776,VERIFIED,,,UNKNOWN,topper,Grand Seiko Evolution 9 Spring Drive UFA SLGB003,https://www.topperjewelers.com/products/grand-seiko-slgb003,
-42.2,PASS,WSTA0051,JP,4028,3678,2833,eBay,3483,VERIFIED,C24 research PARTIAL,3,FULL_SET|AB_GOOD,kitamura,【中古】 【良品】 カルティエ タンクマスト SM シルバー WSTA0051 ステンレススティール 【1年保証】,https://item.rakuten.co.jp/emedama/2245460009646/,
-42.3,PASS,14270,JP,9890,9032,6948,Chrono24,5700,EST,C24 scrape n=1 THIN,1,UNKNOWN,commit,ロレックス エクスプローラーI Ref.14270 ステンレススチール ブラック文字盤 オイスターブレスレット 中古 isok2civ,https://commit-watch.co.jp/products/isok2civ,https://www.chrono24.com/rolex/explorer--id47191152.htm
-42.3,PASS,116509,JP,52984,48387,37230,Chrono24,41739,VERIFIED,C24 hand read,4,UNKNOWN|A_EXCELLENT,commit,ロレックス デイトナ Ref.116509 ホワイトゴールド メテオライト文字盤 美品 4gd7qsga,https://commit-watch.co.jp/products/4gd7qsga,
-42.3,"US_DEALER, not a hand carry",14270,non-JP,9890,9032,6948,Chrono24,5700,EST,C24 scrape n=1 THIN,1,FULL_SET,okura,ロレックス ROLEX エクスプローラー1 14270 ブラック ステンレススチール 自動巻き メンズ 腕時計,https://ec.wb-ookura.com/products/2300046266001,https://www.chrono24.com/rolex/explorer--id47191152.htm
-42.9,"US_DEALER, not a hand carry",210.32.42.20.01.003,non-JP,7556,6900,5286,"mark, NO VENUE",5286,VERIFIED,,,UNKNOWN,exquisite,Omega 210.32.42.20.01.003 Seamaster Diver 300M,https://www.exquisitetimepieces.com/products/omega-21032422001003-seamaster-diver-300m,
-42.9,"US_DEALER, not a hand carry",SBGH341,non-JP,8650,7900,6053,"mark, NO VENUE",6053,VERIFIED,,,UNKNOWN,exquisite,Grand Seiko SBGH341 Sakura-Kakushi,https://www.exquisitetimepieces.com/products/grand-seiko-sbgh341-sakura-kakushi,
-42.9,"US_DEALER, not a hand carry",210.32.42.20.01.003,non-JP,7556,6900,5286,"mark, NO VENUE",5286,VERIFIED,,,UNKNOWN,topper,Omega Seamaster Diver 300M Co‑Axial Master Chronometer 210.32.42.20.01.003,https://www.topperjewelers.com/products/omega-210-32-42-20-01-003,
-42.9,"US_DEALER, not a hand carry",SBGH341,non-JP,8650,7900,6053,"mark, NO VENUE",6053,VERIFIED,,,UNKNOWN,topper,"Grand Seiko Heritage Hi-Beat ""Sakura-Kakushi"" SBGH341",https://www.topperjewelers.com/products/grand-seiko-sbgh341,
-43.2,PASS,126334,JP,18933,17291,13222,Chrono24,14527,VERIFIED,C24 scrape,48,FULL_SET|A_EXCELLENT,kitamura,【中古】 【美品】 ロレックス(ROLEX) デイトジャスト 41 ミントグリーン 126334 ステンレス/ホワイトゴールド JB 【1年保証】,https://item.rakuten.co.jp/emedama/2245460005556/,https://www.chrono24.com/rolex/rolex-126334-datejust-41-silver-index-dial-on-oyster-2021--id46657048.htm
-43.2,"US_DEALER, not a hand carry",SBGX261,non-JP,2565,2343,1791,"mark, NO VENUE",1791,VERIFIED,,,UNKNOWN,ippo,SEIKO SBGX261 Grand Seiko Quartz Watch - Stainless Steel Case - Sapphire Crystal - Elegant,https://www.ippojapanwatch.com/products/seiko-sbgx261-grand-seiko-quartz-watch-stainless-steel-case-sapphire-crystal-elegant-design-water-resistant,
-43.5,"US_DEALER, not a hand carry",332.10.41.51.01.002,non-JP,11716,10700,8163,Chrono24,7734,VERIFIED,C24 scrape n=1 THIN,1,UNKNOWN,exquisite,Omega 332.10.41.51.01.002 Speedmaster Pilot Steel on Steel 40.85mm,https://www.exquisitetimepieces.com/products/omega-33210415101002-speedmaster-pilot-steel-on-steel-40-85mm,https://www.chrono24.com/omega/speedmaster-pilot-stainless-steel-automatic-33210415101002--id47662776.htm
-43.5,"US_DEALER, not a hand carry",332.10.41.51.01.002,non-JP,11716,10700,8163,Chrono24,7734,VERIFIED,C24 scrape n=1 THIN,1,UNKNOWN,topper,Omega Speedmaster Pilot Master Chronometer 40.5mm 332.10.41.51.01.002,https://www.topperjewelers.com/products/omega-332-10-41-51-01-002,https://www.chrono24.com/omega/speedmaster-pilot-stainless-steel-automatic-33210415101002--id47662776.htm
-44.0,PASS,15720CN,JP,50733,46331,35229,"mark, NO VENUE",35229,VERIFIED,,,FULL_SET|AA_LIKE_NEW,jackroad,オーデマ ピゲ AUDEMARS PIGUET ロイヤルオーク オフショアダイバー リミテッド 15720CN.OO.A002CA.02 中古 時計 メンズ,https://item.rakuten.co.jp/jackroad/6243935/,
-44.2,"US_DEALER, not a hand carry",SBGJ265,non-JP,8650,7900,6000,"mark, NO VENUE",6000,VERIFIED,,,UNKNOWN,exquisite,Grand Seiko SBGJ265 Hi-Beat GMT,https://www.exquisitetimepieces.com/products/grand-seiko-sbgj265-hi-beat-gmt,
-44.2,"US_DEALER, not a hand carry",SBGJ265,non-JP,8650,7900,6000,"mark, NO VENUE",6000,VERIFIED,,,UNKNOWN,topper,Grand Seiko Heritage Hi-Beat GMT SBGJ265,https://www.topperjewelers.com/products/grand-seiko-sbgj265,
-44.2,"US_DEALER, not a hand carry",79930,non-JP,4592,4194,3185,"mark, NO VENUE",3185,VERIFIED,,,FULL_SET,okura,チューダー/チュードル TUDOR レンジャー 79930 デューンホワイト ステンレススチール 自動巻き メンズ 腕時計,https://ec.wb-ookura.com/products/2300045345189,
-44.4,"US_DEALER, not a hand carry",210.30.42.20.01.010,non-JP,7994,7300,5537,"mark, NO VENUE",5537,VERIFIED,,,UNKNOWN,exquisite,Omega 210.30.42.20.01.010 Seamaster Diver 300M,https://www.exquisitetimepieces.com/products/omega-21030422001010-seamaster-diver-300m,
-44.4,"US_DEALER, not a hand carry",210.30.42.20.01.010,non-JP,7994,7300,5537,"mark, NO VENUE",5537,VERIFIED,,,UNKNOWN,topper,Omega Seamaster Diver 300M Co‑Axial Master Chronometer 210.30.42.20.01.010,https://www.topperjewelers.com/products/omega-210-30-42-20-01-010,
-44.4,PASS,276200,JP,8697,7943,6021,Chrono24,7026,VERIFIED,C24 only,,FULL_SET,jackroad,ロレックス ROLEX オイスター パーペチュアル 28 276200 新品 時計 レディース,https://item.rakuten.co.jp/jackroad/rx2074/,
-44.6,"US_DEALER, not a hand carry",WSTA0051,non-JP,4097,3742,2833,eBay,3483,VERIFIED,C24 research PARTIAL,3,FULL_SET,okura,カルティエ Cartier タンク マスト SM WSTA0051 シルバー ステンレススチール クオーツ レディース 腕時計,https://ec.wb-ookura.com/products/2300046099005,
-44.7,"US_DEALER, not a hand carry",79360N,non-JP,7528,6875,5201,Chrono24,5120,VERIFIED,C24 scrape,7,UNKNOWN,exquisite,TUDOR Black Bay Chrono M79360N-0011,https://www.exquisitetimepieces.com/products/tudor-black-bay-chrono-m79360n-0011,https://www.chrono24.com/tudor/tudor-black-bay-chrono--id47558913.htm
-44.7,"US_DEALER, not a hand carry",79360N,non-JP,7528,6875,5201,Chrono24,5120,VERIFIED,C24 scrape,7,UNKNOWN,exquisite,TUDOR Black Bay Chrono M79360N-0012,https://www.exquisitetimepieces.com/products/tudor-black-bay-chrono-m79360n-0012,https://www.chrono24.com/tudor/tudor-black-bay-chrono--id47558913.htm
-44.8,PASS,126000,JP,18111,16540,12510,Chrono24,9396,VERIFIED,C24 scrape,8,FULL_SET,rasin,ROLEX Oyster Perpetual 36 126000 Turquoise Blue Random Serial Number Used Men's Watch,https://en.www.rasin.co.jp/SHOP/U-126000TK-3.html,https://www.chrono24.com/rolex/rolex-unworn-126000-oyster-perpetual-36mm-med-blue-index-dial-oyster-bracelet-stainless-steel--id44319787.htm
-44.9,PASS,126333,JP,21413,19555,14781,Chrono24,15666,VERIFIED,C24 scrape,16,FULL_SET,jackroad,ロレックス ROLEX デイトジャスト41 126333 新品 時計 メンズ,https://item.rakuten.co.jp/jackroad/rx2235/,https://www.chrono24.com/rolex/datejust-41--id47176572.htm
-45.0,"US_DEALER, not a hand carry",126613LB,non-JP,25404,23200,17518,Chrono24 US,16718,VERIFIED,C24 research,,FULL_SET,exquisite,Rolex Submariner Date 126613LB,https://www.exquisitetimepieces.com/products/rolex-submariner-date-126613lb-ns21000930909,
-45.1,PASS,WGTA0010,JP,14249,13013,9823,"mark, NO VENUE",9823,VERIFIED,,,FULL_SET,bettyroad,カルティエ CARTIER タンク ルイ カルティエ SM WGTA0010 新品 時計 レディース,https://item.rakuten.co.jp/bettyroad/165106/,
-45.3,"US_DEALER, not a hand carry",SBGP009,non-JP,2712,2477,1866,"mark, NO VENUE",1866,VERIFIED,,,UNKNOWN,ippo,SEIKO SBGP009 Elegant Quartz Watch - Grand Seiko Precision - Sapphire Crystal - Stainless ,https://www.ippojapanwatch.com/products/seiko-sbgp009-elegant-quartz-watch-grand-seiko-precision-sapphire-crystal-stainless-steel-case-water-resistant,
-45.4,PASS,16700,JP,14694,13419,10105,Chrono24 US,12408,VERIFIED,C24 research,,UNKNOWN,commit,ロレックス GMTマスター Ref.16700 ステンレススチール ブラック文字盤 オイスターブレスレット 中古 ggadexxz,https://commit-watch.co.jp/products/ggadexxz,
-45.4,"US_DEALER, not a hand carry",210.30.42.20.06.001,non-JP,5838,5331,4016,"mark, NO VENUE",4016,VERIFIED,,,UNKNOWN,ippo,Omega Diver 30 0M Co-axial Master Chronometer 42 M?m 210.30.42.20.06.001 watch,https://www.ippojapanwatch.com/products/omega-diver-30-0m-co-axial-master-chronometer-42-m-m-210-30-42-20-06-001-watch,
-45.6,PASS,16570,JP,11868,10839,8151,Chrono24,8104,VERIFIED,C24 scrape,4,UNKNOWN,commit,ロレックス エクスプローラーII Ref.16570 ステンレススチール ホワイト文字盤 オイスターブレスレット 中古 6v5obsot,https://commit-watch.co.jp/products/6v5obsot,https://www.chrono24.com/rolex/explorer-ii--id47838616.htm
-45.9,"US_DEALER, not a hand carry",SBGE295,non-JP,7446,6800,5104,"mark, NO VENUE",5104,VERIFIED,,,UNKNOWN,exquisite,Grand Seiko SBGE295 Sports Hotaka,https://www.exquisitetimepieces.com/products/grand-seiko-sbge295-sports,
-45.9,"US_DEALER, not a hand carry",SBGE295,non-JP,7446,6800,5104,"mark, NO VENUE",5104,VERIFIED,,,UNKNOWN,topper,Grand Seiko Sport Spring Drive GMT SBGE295,https://www.topperjewelers.com/products/grand-seiko-sbge295,
-45.9,"US_DEALER, not a hand carry",116600,non-JP,19130,17470,13109,"mark, NO VENUE",13109,VERIFIED,,,FULL_SET|AA_LIKE_NEW,satindoll,シードゥエラー4000,https://www.satindollweb.com/products/detail/11583,
-46.0,"US_DEALER, not a hand carry",15210ST,non-JP,26280,24000,18006,"mark, NO VENUE",18006,VERIFIED,,,FULL_SET,exquisite,Audemars Piguet Code 11.59 15210ST.OO.A056KB.01,https://www.exquisitetimepieces.com/products/audemars-piguet-code-1159-15210stooa056kb01-ns21000942831,
-46.0,"US_DEALER, not a hand carry",15210ST,non-JP,26280,24000,18006,"mark, NO VENUE",18006,VERIFIED,,,FULL_SET,exquisite,Audemars Piguet Code 11.59 15210ST.OO.A348KB.01,https://www.exquisitetimepieces.com/products/audemars-piguet-code-1159-15210stooa348kb01-ns21000942830,
-46.0,PASS,126334,JP,19305,17630,13222,Chrono24,14527,VERIFIED,C24 scrape,48,FULL_SET,jackroad,ロレックス ROLEX デイトジャスト41 126334 新品 時計 メンズ,https://item.rakuten.co.jp/jackroad/rx1004/,https://www.chrono24.com/rolex/rolex-126334-datejust-41-silver-index-dial-on-oyster-2021--id46657048.htm
-46.0,"US_DEALER, not a hand carry",25600TB,non-JP,5012,4577,3434,"mark, NO VENUE",3434,VERIFIED,,,UNKNOWN,ippo,TUDOR 25600TB Black Bay Automatic Stainless Steel Watch,https://www.ippojapanwatch.com/products/tudor-25600tb-black-bay-automatic-stainless-steel-watch,
-46.0,PASS,116520,JP,38502,35161,26372,Chrono24,20460,DERIVED,C24 scrape,11,UNKNOWN,commit,ロレックス デイトナ Ref.116520 ステンレススチール ホワイト文字盤 中古 97zj8wi2,https://commit-watch.co.jp/products/97zj8wi2,https://www.chrono24.com/rolex/daytona--id47560800.htm
-46.2,PASS,126333,JP,21611,19736,14781,Chrono24,15666,VERIFIED,C24 scrape,16,FULL_SET,jackroad,ロレックス ROLEX デイトジャスト41 126333 新品 時計 メンズ,https://item.rakuten.co.jp/jackroad/rx868/,https://www.chrono24.com/rolex/datejust-41--id47176572.htm
-46.3,"US_DEALER, not a hand carry",79470,non-JP,5174,4725,3537,Chrono24,3001,VERIFIED,C24 scrape n=1 THIN,1,UNKNOWN,exquisite,TUDOR Black Bay Pro M79470-0005,https://www.exquisitetimepieces.com/products/tudor-black-bay-pro-m79470-0005,https://www.chrono24.com/tudor/2022-tudor-79470-0003-black-bay-pro-gmt-full-set--id46252675.htm
-46.3,"US_DEALER, not a hand carry",79470,non-JP,5174,4725,3537,Chrono24,3001,VERIFIED,C24 scrape n=1 THIN,1,UNKNOWN,exquisite,TUDOR Black Bay Pro M79470-0006,https://www.exquisitetimepieces.com/products/tudor-black-bay-pro-m79470-0006,https://www.chrono24.com/tudor/2022-tudor-79470-0003-black-bay-pro-gmt-full-set--id46252675.htm
-46.3,"US_DEALER, not a hand carry",79470,non-JP,5174,4725,3537,Chrono24,3001,VERIFIED,C24 scrape n=1 THIN,1,UNKNOWN,exquisite,TUDOR Black Bay Pro M79470-0002,https://www.exquisitetimepieces.com/products/tudor-black-bay-pro-m79470-0002,https://www.chrono24.com/tudor/2022-tudor-79470-0003-black-bay-pro-gmt-full-set--id46252675.htm
-46.3,"US_DEALER, not a hand carry",79470,non-JP,5174,4725,3537,Chrono24,3001,VERIFIED,C24 scrape n=1 THIN,1,UNKNOWN,exquisite,TUDOR Black Bay Pro M79470-0003,https://www.exquisitetimepieces.com/products/tudor-black-bay-pro-m79470-0003,https://www.chrono24.com/tudor/2022-tudor-79470-0003-black-bay-pro-gmt-full-set--id46252675.htm
-46.6,"US_DEALER, not a hand carry",SBGH351,non-JP,8212,7500,5600,"mark, NO VENUE",5600,VERIFIED,,,UNKNOWN,exquisite,Grand Seiko SBGH351 Rikka,https://www.exquisitetimepieces.com/products/grand-seiko-sbgh351-rikka,
-46.6,"US_DEALER, not a hand carry",SBGH351,non-JP,8212,7500,5600,"mark, NO VENUE",5600,VERIFIED,,,UNKNOWN,topper,"Grand Seiko 62GS Heritage ""Summer"" SBGH351",https://www.topperjewelers.com/products/grand-seiko-sbgh351,
-46.6,"US_DEALER, not a hand carry",AB0145221B1P1,non-JP,10676,9750,7282,Chrono24,9068,DERIVED,C24 scrape,3,UNKNOWN,topper,Breitling Premier B01 Chronograph 42 AB0145221B1P1,https://www.topperjewelers.com/products/breitling-ab0145221b1p1,https://www.chrono24.com/breitling/premier-b01-chronograph-42--id47011383.htm
-47.1,"US_DEALER, not a hand carry",215.30.40.20.03.001,non-JP,8760,8000,5957,Chrono24 US,4246,VERIFIED,C24 research,,UNKNOWN,exquisite,Omega 215.30.40.20.03.001 Seamaster Planet Ocean 600M,https://www.exquisitetimepieces.com/products/omega-21530402003001-seamaster-planet-ocean-600m-21530402003001,
-47.1,"US_DEALER, not a hand carry",215.30.40.20.03.001,non-JP,8760,8000,5957,Chrono24 US,4246,VERIFIED,C24 research,,UNKNOWN,topper,Omega Seamaster Planet Ocean 600m Master Chronometer 39.5mm 215.30.40.20.03.001,https://www.topperjewelers.com/products/omega-seamaster-planet-ocean-600m-master-chronometer-39-5mm-215-30-40-20-03-001,
-47.4,"US_DEALER, not a hand carry",79360N,non-JP,7665,7000,5201,Chrono24,5120,VERIFIED,C24 scrape,7,UNKNOWN,exquisite,TUDOR Black Bay Chrono M79360N-0014,https://www.exquisitetimepieces.com/products/tudor-black-bay-chrono-m79360n-0014,https://www.chrono24.com/tudor/tudor-black-bay-chrono--id47558913.htm
-47.4,"US_DEALER, not a hand carry",79360N,non-JP,7665,7000,5201,Chrono24,5120,VERIFIED,C24 scrape,7,UNKNOWN,exquisite,TUDOR Black Bay Chrono M79360N-0013,https://www.exquisitetimepieces.com/products/tudor-black-bay-chrono-m79360n-0013,https://www.chrono24.com/tudor/tudor-black-bay-chrono--id47558913.htm
-47.4,PASS,14270,JP,10244,9355,6948,Chrono24,5700,EST,C24 scrape n=1 THIN,1,UNKNOWN,commit,ロレックス エクスプローラーI Ref.14270 ステンレススチール ブラック文字盤 オイスターブレスレット 中古 n6rxxn8v,https://commit-watch.co.jp/products/n6rxxn8v,https://www.chrono24.com/rolex/explorer--id47191152.htm
-48.0,"US_DEALER, not a hand carry",SBGN027,non-JP,4052,3700,2738,Chrono24 US,2358,VERIFIED,C24 research PARTIAL,8,UNKNOWN,exquisite,Grand Seiko SBGN027,https://www.exquisitetimepieces.com/products/grand-seiko-sbgn027,
-48.0,"US_DEALER, not a hand carry",SBGN027,non-JP,4052,3700,2738,Chrono24 US,2358,VERIFIED,C24 research PARTIAL,8,UNKNOWN,topper,Grand Seiko 9F Quartz GMT SBGN027,https://www.topperjewelers.com/products/grand-seiko-9f-quartz-gmt-sbgn027,
-48.1,"US_DEALER, not a hand carry",SBGJ249,non-JP,8432,7700,5693,Chrono24 US,4867,VERIFIED,C24 research,,UNKNOWN,exquisite,"Grand Seiko SBGJ249 GMT Four Seasons ""Summer Shōsho"" Blue",https://www.exquisitetimepieces.com/products/grand-seiko-sbgj2249-four-seasons-summer,
-48.1,"US_DEALER, not a hand carry",SBGJ249,non-JP,8432,7700,5693,Chrono24 US,4867,VERIFIED,C24 research,,UNKNOWN,topper,"Grand Seiko Hi-Beat GMT Four Seasons ""Summer"" SBGJ249",https://www.topperjewelers.com/products/grand-seiko-hi-beat-gmt-four-seasons-summer-sbgj249,
-48.1,"US_DEALER, not a hand carry *PAPERS",210.30.42.20.03.002,non-JP,10293,9400,6948,"mark, NO VENUE",6948,VERIFIED,,,BOX_ONLY,topper,Omega Seamaster Diver 300M James Bond 60th Anniversary Master Chronometer 210.30.42.20.03.,https://www.topperjewelers.com/products/omega-210-30-42-20-03-002,
-48.2,"US_DEALER, not a hand carry",16700,non-JP,14977,13677,10105,Chrono24 US,12408,VERIFIED,C24 research,,FULL_SET,okura,ロレックス ROLEX GMTマスター2 16700 ブラック ステンレススチール 自動巻き メンズ 腕時計,https://ec.wb-ookura.com/products/2300045885821,
-48.2,"US_DEALER, not a hand carry",363.068,non-JP,65590,59900,44249,"mark, NO VENUE",44249,VERIFIED,,,FULL_SET,exquisite,A. Lange & Söhne Odysseus 363.068,https://www.exquisitetimepieces.com/products/a-lange-sohne-odysseus-363068-ns21000941607,
-48.4,"US_DEALER, not a hand carry *PAPERS",SBGX265,non-JP,2956,2700,1992,"mark, NO VENUE",1992,VERIFIED,,,BOX_ONLY,exquisite,Grand Seiko SBGX265 Quartz,https://www.exquisitetimepieces.com/products/grand-seiko-sbgx265,
-48.4,"US_DEALER, not a hand carry",79683,non-JP,9225,8425,6215,US AD retail,3830,VERIFIED,C24 research,,UNKNOWN,exquisite,TUDOR Black Bay 41 S&G M79683-0007,https://www.exquisitetimepieces.com/products/tudor-black-bay-41-s-g-m79683-0007,
-48.4,"US_DEALER, not a hand carry",79683,non-JP,9225,8425,6215,US AD retail,3830,VERIFIED,C24 research,,UNKNOWN,exquisite,TUDOR Black Bay 41 S&G M79683-0006,https://www.exquisitetimepieces.com/products/tudor-black-bay-41-s-g-m79683-0006,
-48.4,"US_DEALER, not a hand carry",79683,non-JP,9225,8425,6215,US AD retail,3830,VERIFIED,C24 research,,UNKNOWN,exquisite,TUDOR Black Bay 41 S&G M79683-0008,https://www.exquisitetimepieces.com/products/tudor-black-bay-41-s-g-m79683-0008,
-48.4,"US_DEALER, not a hand carry *PAPERS",SBGX265,non-JP,2956,2700,1992,"mark, NO VENUE",1992,VERIFIED,,,BOX_ONLY,topper,Grand Seiko Heritage 37mm 9F Quartz SBGX265,https://www.topperjewelers.com/products/grand-seiko-sbgx265,
-48.5,"US_DEALER, not a hand carry",116710LN,non-JP,21134,19300,14234,Chrono24,11538,DERIVED,C24 scrape,13,FULL_SET,exquisite,Rolex GMT-Master II 116710LN,https://www.exquisitetimepieces.com/products/rolex-gmt-master-ii-116710ln-ns21000939950,https://www.chrono24.com/rolex/gmt-master-ii--id47700406.htm
-48.8,"US_DEALER, not a hand carry",SLGW003,non-JP,12702,11600,8535,"mark, NO VENUE",8535,VERIFIED,,,UNKNOWN,exquisite,"Grand Seiko SLGW003 ""Birch Bark"" Evolution 9",https://www.exquisitetimepieces.com/products/grand-seiko-slgw003-evolution-9,
-48.8,"US_DEALER, not a hand carry",SLGH013,non-JP,11060,10100,7435,Chrono24,6917,VERIFIED,LOW,,UNKNOWN,exquisite,Grand Seiko 44GS Hi-Beat 80 Hours SLGH013,https://www.exquisitetimepieces.com/products/grand-seiko-slgh013,
-48.9,PASS,126333,JP,22006,20097,14781,Chrono24,15666,VERIFIED,C24 scrape,16,FULL_SET,jackroad,ロレックス ROLEX デイトジャスト41 126333 新品 時計 メンズ,https://item.rakuten.co.jp/jackroad/rx1088/,https://www.chrono24.com/rolex/datejust-41--id47176572.htm
-49.0,"US_DEALER, not a hand carry",79680,non-JP,6515,5950,4373,Chrono24,3025,VERIFIED,C24 scrape,4,UNKNOWN,exquisite,TUDOR Black Bay 41 M79680-0006,https://www.exquisitetimepieces.com/products/tudor-black-bay-41-m79680-0006,https://www.chrono24.com/tudor/2025--black-bay-41mm-stainless-steel-m79680-0001--id46775789.htm
-49.0,"US_DEALER, not a hand carry",79680,non-JP,6515,5950,4373,Chrono24,3025,VERIFIED,C24 scrape,4,UNKNOWN,exquisite,TUDOR Black Bay 41 M79680-0004,https://www.exquisitetimepieces.com/products/tudor-black-bay-41-m79680-0004,https://www.chrono24.com/tudor/2025--black-bay-41mm-stainless-steel-m79680-0001--id46775789.htm
-49.0,"US_DEALER, not a hand carry",79680,non-JP,6515,5950,4373,Chrono24,3025,VERIFIED,C24 scrape,4,UNKNOWN,exquisite,TUDOR Black Bay 41 M79680-0005,https://www.exquisitetimepieces.com/products/tudor-black-bay-41-m79680-0005,https://www.chrono24.com/tudor/2025--black-bay-41mm-stainless-steel-m79680-0001--id46775789.htm
-49.0,"US_DEALER, not a hand carry",16610LV,non-JP,24638,22500,16534,Chrono24,13708,VERIFIED,C24 only,,FULL_SET,craftandtailored,"2003 Rolex Green Submariner ""Kermit"" (Ref. 16610LV) Mk. I Dial ""Flat 4"" W/ Full Set",https://www.craftandtailored.com/products/2003-rolex-green-submariner-kermit-ref-16610lv-mk-i-dial-flat-4-w-full-set,
-49.1,PASS,116506,JP,146942,134194,98549,Chrono24,130360,DERIVED,C24 scrape,19,UNKNOWN,commit,ロレックス デイトナ Ref.116506 プラチナ パヴェダイヤモンド文字盤 美中古 h8wwd8jc,https://commit-watch.co.jp/products/h8wwd8jc,https://www.chrono24.com/rolex/rolex-daytona--id47264372.htm
-49.1,"US_DEALER, not a hand carry *PAPERS",SBGR261,non-JP,4508,4117,3023,"mark, NO VENUE",3023,VERIFIED,,,BOX_ONLY,ippo,SEIKO SBGR261 Mechanical Watch Automatic Movement Stainless Steel Case Sapphire Crystal Wa,https://www.ippojapanwatch.com/products/seiko-sbgr261-mechanical-watch-automatic-movement-stainless-steel-case-sapphire-crystal-water-resistant-100m,
-49.3,"US_DEALER, not a hand carry",SBGE257,non-JP,7556,6900,5062,Chrono24 US,4071,VERIFIED,C24 research,,UNKNOWN,topper,Grand Seiko Spring Drive GMT 40.5mm SBGE257,https://www.topperjewelers.com/products/grand-seiko-spring-drive-gmt-40-5mm-sbge257,
-49.4,"US_DEALER, not a hand carry",SBGW301,non-JP,5475,5000,3664,"mark, NO VENUE",3664,VERIFIED,,,UNKNOWN,exquisite,Grand Seiko SBGW301,https://www.exquisitetimepieces.com/products/grand-seiko-sbgw301,
-49.4,"US_DEALER, not a hand carry *PAPERS",SBGW301,non-JP,5475,5000,3664,"mark, NO VENUE",3664,VERIFIED,,,BOX_ONLY,topper,Grand Seiko Elegance SBGW301,https://www.topperjewelers.com/products/grand-seiko-sbgw301,
-49.6,"US_DEALER, not a hand carry",WSTA0051,non-JP,4239,3871,2833,eBay,3483,VERIFIED,C24 research PARTIAL,3,FULL_SET,okura,カルティエ Cartier タンク マスト SM WSTA0051 シルバー ステンレススチール クオーツ レディース 腕時計,https://ec.wb-ookura.com/products/2300045983640,
-49.9,"US_DEALER, not a hand carry",55003,non-JP,1907,1742,1272,"mark, NO VENUE",1272,VERIFIED,,,FULL_SET,okura,チューダー/チュードル TUDOR グラマー デイト 55003 ゴールド ゴールド/ステンレススチール 自動巻き メンズ 腕時計,https://ec.wb-ookura.com/products/2341950024042,
-50.2,"US_DEALER, not a hand carry",SBGJ277,non-JP,8322,7600,5542,"mark, NO VENUE",5542,VERIFIED,,,UNKNOWN,exquisite,Grand Seiko SBGJ277 Sport Snowy Valley,https://www.exquisitetimepieces.com/products/grand-seiko-sbgj277-sport-snowy-valley,
-50.2,"US_DEALER, not a hand carry",SBGJ277,non-JP,8322,7600,5542,"mark, NO VENUE",5542,VERIFIED,,,UNKNOWN,topper,Grand Seiko Sport Hi-Beat 36000 GMT SBGJ277,https://www.topperjewelers.com/products/grand-seiko-sbgj277,
-50.4,"US_DEALER, not a hand carry",SBGE277,non-JP,7446,6800,4952,Chrono24 US,4334,VERIFIED,C24 research,,UNKNOWN,exquisite,Grand Seiko Sport SBGE277,https://www.exquisitetimepieces.com/products/grand-seiko-sport-sbge277,
-50.4,"US_DEALER, not a hand carry",SBGE277,non-JP,7446,6800,4952,Chrono24 US,4334,VERIFIED,C24 research,,UNKNOWN,topper,Grand Seiko Sport Spring Drive GMT SBGE277,https://www.topperjewelers.com/products/grand-seiko-sport-spring-drive-gmt-sbge277,
-50.4,"US_DEALER, not a hand carry",SBGX263,non-JP,2565,2343,1706,"mark, NO VENUE",1706,VERIFIED,,,UNKNOWN,ippo,SEIKO SBGX263 Premium Quartz Movement Elegant Stainless Steel Case Sapphire Crystal Water ,https://www.ippojapanwatch.com/products/seiko-sbgx263-premium-quartz-movement-elegant-stainless-steel-case-sapphire-crystal-water-resistant,
-50.7,"US_DEALER, not a hand carry",238.032,non-JP,53546,48900,35538,"mark, NO VENUE",35538,VERIFIED,,,FULL_SET,exquisite,A. Lange & Söhne 1815 Annual Calendar 238.032,https://www.exquisitetimepieces.com/products/a-lange-sohne-1815-annual-calendar-238-032-210009n43418,
-51.0,"US_DEALER, not a hand carry",SLGH011,non-JP,9916,9055,6566,"mark, NO VENUE",6566,VERIFIED,,,UNKNOWN,ippo,Grand Seiko SLGH011 Automatic Movement Stainless Steel Case Sapphire Crystal Water Resista,https://www.ippojapanwatch.com/products/grand-seiko-slgh011-automatic-movement-stainless-steel-case-sapphire-crystal-water-resistant-100m,
-51.5,"US_DEALER, not a hand carry",WGSA0029,non-JP,44506,40645,29371,"mark, NO VENUE",29371,VERIFIED,,,FULL_SET,okura,カルティエ Cartier サントス ドゥカルティエ LM WGSA0029 ホワイト ゴールド 自動巻き メンズ 腕時計,https://ec.wb-ookura.com/products/2300045962270,
-51.9,"US_DEALER, not a hand carry",210.32.42.20.03.002,non-JP,7336,6700,4829,"mark, NO VENUE",4829,VERIFIED,,,UNKNOWN,exquisite,Omega 210.32.42.20.03.002 Seamaster Diver 300M Summer Blue on Strap,https://www.exquisitetimepieces.com/products/omega-21032422003002-seamaster-diver-300m-summer-blue-on-strap,
-51.9,"US_DEALER, not a hand carry",SBGA429,non-JP,6351,5800,4182,"mark, NO VENUE",4182,VERIFIED,,,UNKNOWN,topper,"Grand Seiko Spring Drive SBGA429 ""Soko"" US-Exclusive Edition",https://www.topperjewelers.com/products/grand-seiko-spring-drive-sbga429,
-52.1,PASS,16014,JP,8670,7918,5701,"mark, NO VENUE",5701,VERIFIED,,,BOX_ONLY,rasin,SALE ロレックス デイトジャスト 16014 アイボリー ボイラーゲージ 87番 中古 メンズ,https://en.www.rasin.co.jp/SHOP/U-16014WHA-2.html,
-52.5,"US_DEALER, not a hand carry",126000,non-JP,19074,17419,12510,Chrono24,9396,VERIFIED,C24 scrape,8,FULL_SET,okura,ロレックス ROLEX オイスターパーペチュアル36 ジュビリーモチーフ 126000 マルチカラー ステンレススチール 自動巻き メンズ 腕時計,https://ec.wb-ookura.com/products/2339640033580,https://www.chrono24.com/rolex/rolex-unworn-126000-oyster-perpetual-36mm-med-blue-index-dial-oyster-bracelet-stainless-steel--id44319787.htm
-52.5,"US_DEALER, not a hand carry",126000,non-JP,19074,17419,12510,Chrono24,9396,VERIFIED,C24 scrape,8,FULL_SET,okura,ロレックス ROLEX オイスターパーペチュアル36 126000 ジュビリーモチーフ ステンレススチール 自動巻き メンズ 腕時計,https://ec.wb-ookura.com/products/2339640033962,https://www.chrono24.com/rolex/rolex-unworn-126000-oyster-perpetual-36mm-med-blue-index-dial-oyster-bracelet-stainless-steel--id44319787.htm
-52.5,PASS,126000,JP,19079,17424,12510,Chrono24,9396,VERIFIED,C24 scrape,8,FULL_SET|AA_LIKE_NEW,kitamura,【中古】 【新品同様】 ロレックス(ROLEX) オイスターパーペチュアル 36 マルチカラー 126000 ステンレススティール ジュビリーモチーフ 【1年保証】,https://item.rakuten.co.jp/emedama/2447020220366/,https://www.chrono24.com/rolex/rolex-unworn-126000-oyster-perpetual-36mm-med-blue-index-dial-oyster-bracelet-stainless-steel--id44319787.htm
-52.8,"US_DEALER, not a hand carry",52509,non-JP,32084,29300,21000,eBay SOLD,23157,VERIFIED,VERIFIED,,FULL_SET,exquisite,Rolex M52509-0001 Pertetual 1908 18K White Gold Black Dial,https://www.exquisitetimepieces.com/products/rolex-m52509-0001-pertetual-1908-18k-white-gold-black-dial-ns21000932332,
-52.9,"US_DEALER, not a hand carry",210.90.42.20.10.001,non-JP,13688,12500,8953,"mark, NO VENUE",8953,VERIFIED,,,UNKNOWN,exquisite,Omega 210.90.42.20.10.001 Seamaster Diver 300M Green Dial Titanium Bronze Gold on Titanium,https://www.exquisitetimepieces.com/products/omega-seamaster-diver-300m-co-axial-master-chronometer-42-mm-21090422010001,
-52.9,"US_DEALER, not a hand carry",210.90.42.20.10.001,non-JP,13688,12500,8953,"mark, NO VENUE",8953,VERIFIED,,,UNKNOWN,topper,Omega Seamaster Diver 300M Titanium 210.90.42.20.10.001,https://www.topperjewelers.com/products/omega-210-90-42-20-10-001,
-53.1,"US_DEALER, not a hand carry",SBGN029,non-JP,4052,3700,2647,"mark, NO VENUE",2647,VERIFIED,,,UNKNOWN,exquisite,Grand Seiko SBGN029,https://www.exquisitetimepieces.com/products/grand-seiko-sbgn029,
-53.1,"US_DEALER, not a hand carry",SBGN029,non-JP,4052,3700,2647,"mark, NO VENUE",2647,VERIFIED,,,UNKNOWN,topper,Grand Seiko 9F Quartz GMT SBGN029,https://www.topperjewelers.com/products/grand-seiko-9f-quartz-gmt-sbgn029,
-53.2,"US_DEALER, not a hand carry",SBGX353,non-JP,4490,4100,2930,"mark, NO VENUE",2930,VERIFIED,,,UNKNOWN,exquisite,Grand Seiko SBGX353 Skyflake,https://www.exquisitetimepieces.com/products/grand-seiko-sbgx353-skyflake,
-53.2,"US_DEALER, not a hand carry",SBGX353,non-JP,4490,4100,2930,"mark, NO VENUE",2930,VERIFIED,,,UNKNOWN,topper,Grand Seiko Elegance 9F Blue 'Snowflake' SBGX353,https://www.topperjewelers.com/products/grand-seiko-elegance-9f-blue-snowflake-sbgx353,
-53.5,PASS,126334,JP,20293,18533,13222,Chrono24,14527,VERIFIED,C24 scrape,48,FULL_SET,jackroad,ロレックス ROLEX デイトジャスト41 126334 新品 時計 メンズ,https://item.rakuten.co.jp/jackroad/rx1558/,https://www.chrono24.com/rolex/rolex-126334-datejust-41-silver-index-dial-on-oyster-2021--id46657048.htm
-53.8,"US_DEALER, not a hand carry",SBGM247,non-JP,5367,4902,3489,"mark, NO VENUE",3489,VERIFIED,,,UNKNOWN,ippo,SEIKO SBGM247 Grand Seiko Sport Collection Mechanical GMT Automatic Self-Winding Watch Sta,https://www.ippojapanwatch.com/products/seiko-sbgm247-grand-seiko-sport-collection-mechanical-gmt-automatic-self-winding-watch-stainless-steel-39mm,
-54.2,"US_DEALER, not a hand carry",SBGR325,non-JP,5804,5300,3765,"mark, NO VENUE",3765,VERIFIED,,,UNKNOWN,exquisite,Grand Seiko SBGR325 Limited Edition,https://www.exquisitetimepieces.com/products/grand-seiko-sbgr325-limited-edition,
-54.4,"US_DEALER, not a hand carry",SBGH295,non-JP,7994,7300,5179,"mark, NO VENUE",5179,VERIFIED,,,UNKNOWN,exquisite,Grand Seiko Hi-Beat 36000 Sōkō Kirazuri SBGH295 U.S Exclusive,https://www.exquisitetimepieces.com/products/grand-seiko-sbgh295,
-54.4,"US_DEALER, not a hand carry *PAPERS",SBGH295,non-JP,7994,7300,5179,"mark, NO VENUE",5179,VERIFIED,,,BOX_ONLY,topper,"Grand Seiko Heritage Hi-Beat Soko ""Frost"" SBGH295",https://www.topperjewelers.com/products/grand-seiko-heritage-hi-beat-soko-frost-sbgh295,
-54.6,"US_DEALER, not a hand carry",25600TN,non-JP,5020,4584,3248,"mark, NO VENUE",3248,VERIFIED,,,UNKNOWN,ippo,TUDOR 25600TN Stainless Steel Men's Automatic Watch,https://www.ippojapanwatch.com/products/tudor-25600tn-stainless-steel-mens-automatic-watch,
-54.7,PASS,276200,JP,9312,8504,6021,Chrono24,7026,VERIFIED,C24 only,,FULL_SET,rasin,PRICEDOWN Rolex Oyster Perpetual 28 276200 Pink Random Number Used Ladies,https://en.www.rasin.co.jp/SHOP/U-276200CPK-2.html,
-55.0,"US_DEALER, not a hand carry *PAPERS",1675,non-JP,22992,20997,14837,Chrono24,18002,DERIVED,PARTIAL,,BODY_ONLY,firekids,ロレックス ROLEX 1977年製 GMTマスター ペプシ Ref.1675 MK5ダイヤル 自動巻クロノメーター 純正オイスターブレス,https://firekids.jp/products/detail/15824,
-55.1,"US_DEALER, not a hand carry",SBGP005,non-JP,3498,3194,2255,"mark, NO VENUE",2255,VERIFIED,,,UNKNOWN,ippo,GRAND SEIKO SBGP005 Elegant Stainless Steel Case Automatic Movement Sapphire Crystal Water,https://www.ippojapanwatch.com/products/grand-seiko-sbgp005-elegant-stainless-steel-case-automatic-movement-sapphire-crystal-water-resistant-100m,
-55.3,"US_DEALER, not a hand carry",126000,non-JP,19427,17742,12510,Chrono24,9396,VERIFIED,C24 scrape,8,FULL_SET,okura,ロレックス ROLEX オイスターパーペーチュアル36 ジュビリーモチーフ 126000 ジュビリーモチーフ ステンレススチール 自動巻き メンズ 腕時計,https://ec.wb-ookura.com/products/2343470017818,https://www.chrono24.com/rolex/rolex-unworn-126000-oyster-perpetual-36mm-med-blue-index-dial-oyster-bracelet-stainless-steel--id44319787.htm
-55.6,PASS,14270,JP,10809,9871,6948,Chrono24,5700,EST,C24 scrape n=1 THIN,1,UNKNOWN,commit,ロレックス エクスプローラーI Ref.14270 ステンレススチール ブラック文字盤 オイスターブレスレット 中古 q8ez2h47,https://commit-watch.co.jp/products/q8ez2h47,https://www.chrono24.com/rolex/explorer--id47191152.htm
-55.7,"US_DEALER, not a hand carry",310.92.44.50.01.001,non-JP,17630,16100,11323,"mark, NO VENUE",11323,VERIFIED,,,UNKNOWN,exquisite,Omega Speedmaster Dark Side of the Moon Apollo 8 310.92.44.50.01.001,https://www.exquisitetimepieces.com/products/omega-speedmaster-dark-side-of-the-moon-apollo-8-31092445001001,
-55.7,"US_DEALER, not a hand carry",310.92.44.50.01.001,non-JP,17630,16100,11323,"mark, NO VENUE",11323,VERIFIED,,,UNKNOWN,topper,Omega Speedmaster Dark Side of the Moon Apollo 8 Mark II 310.92.44.50.01.001,https://www.topperjewelers.com/products/omega-310-92-44-50-01-001,
-56.0,PASS,16570,JP,12716,11613,8151,Chrono24,8104,VERIFIED,C24 scrape,4,UNKNOWN,commit,ロレックス エクスプローラーII Ref.16570 ステンレススチール ホワイト文字盤 オイスターブレスレット 中古 iraszmtp,https://commit-watch.co.jp/products/iraszmtp,https://www.chrono24.com/rolex/explorer-ii--id47838616.htm
-56.2,"US_DEALER, not a hand carry *PAPERS",76080,non-JP,5125,4680,3281,Chrono24,3568,DERIVED,C24 only,,BODY_ONLY,firekids,ロレックス オイスターパーペチュアル 2002年製 レディース ピンク エクスプローラーダイヤル ギャラ、冊子、タグ付,https://firekids.jp/products/detail/14897,
-56.5,PASS,126000,JP,19575,17877,12510,Chrono24,9396,VERIFIED,C24 scrape,8,FULL_SET,rasin,PRICEDOWN Rolex Oyster Perpetual 36 126000 Jubilee Motif Random Number New Men&#39;s,https://en.www.rasin.co.jp/SHOP/N-126000JM.html,https://www.chrono24.com/rolex/rolex-unworn-126000-oyster-perpetual-36mm-med-blue-index-dial-oyster-bracelet-stainless-steel--id44319787.htm
-56.6,"US_DEALER, not a hand carry",SBGA415,non-JP,7884,7200,5034,"mark, NO VENUE",5034,VERIFIED,,,UNKNOWN,topper,"Grand Seiko Four Seasons ""Winter"" SBGA415",https://www.topperjewelers.com/products/grand-seiko-four-seasons-winter-sbga415-1,
-56.6,PASS,126000,JP,19596,17896,12510,Chrono24,9396,VERIFIED,C24 scrape,8,FULL_SET|AA_LIKE_NEW,kitamura,【中古】 【新品同様】 ロレックス(ROLEX) オイスターパーペチュアル 36 マルチカラー 126000 ステンレススティール ジュビリーモチーフ 【1年保証】,https://item.rakuten.co.jp/emedama/2447020219872/,https://www.chrono24.com/rolex/rolex-unworn-126000-oyster-perpetual-36mm-med-blue-index-dial-oyster-bracelet-stainless-steel--id44319787.htm
-56.7,"US_DEALER, not a hand carry",SBGH353,non-JP,8212,7500,5239,"mark, NO VENUE",5239,VERIFIED,,,UNKNOWN,exquisite,Grand Seiko SBGH353 Shūbun,https://www.exquisitetimepieces.com/products/grand-seiko-sbgh353-shubun,
-56.7,"US_DEALER, not a hand carry",SBGE285,non-JP,9746,8900,6221,"mark, NO VENUE",6221,VERIFIED,,,UNKNOWN,exquisite,Grand Seiko SBGE285 Mistflake Spring Drive GMT Titanium,https://www.exquisitetimepieces.com/products/grand-seiko-sbge285,
-56.7,"US_DEALER, not a hand carry",SBGE285,non-JP,9746,8900,6221,"mark, NO VENUE",6221,VERIFIED,,,UNKNOWN,topper,Grand Seiko Evolution 9 Spring Drive GMT SBGE285,https://www.topperjewelers.com/products/grand-seiko-evolution-9-spring-drive-gmt-sbge285,
-56.8,"US_DEALER, not a hand carry",SBGH343,non-JP,8650,7900,5518,"mark, NO VENUE",5518,VERIFIED,,,FULL_SET,exquisite,Grand Seiko SBGH343 Sakura-Wakaba,https://www.exquisitetimepieces.com/products/grand-seiko-sbgh343-sakura-wakaba-nap210009n7538,
-56.8,"US_DEALER, not a hand carry",SBGH343,non-JP,8650,7900,5518,"mark, NO VENUE",5518,VERIFIED,,,UNKNOWN,exquisite,Grand Seiko SBGH343 Sakura-Wakaba,https://www.exquisitetimepieces.com/products/grand-seiko-sbgh343-sakura-wakaba,
-56.8,"US_DEALER, not a hand carry",SBGH343,non-JP,8650,7900,5518,"mark, NO VENUE",5518,VERIFIED,,,UNKNOWN,topper,"Grand Seiko Heritage Hi-Beat ""Sakura-Wakaba"" SBGH343",https://www.topperjewelers.com/products/grand-seiko-sbgh343,
-56.8,"US_DEALER, not a hand carry",215.30.44.21.01.001,non-JP,8760,8000,5585,Chrono24 US,4285,VERIFIED,LOW,,UNKNOWN,topper,Omega Seamaster Planet Ocean 600M Chronometer 215.30.44.21.01.001,https://www.topperjewelers.com/products/omega-seamaster-planet-ocean-600m-chronometer-215-30-44-21-01-001,
-56.9,"US_DEALER, not a hand carry",231.10.42.21.02.001,non-JP,4928,4500,3140,"mark, NO VENUE",3140,VERIFIED,,,FULL_SET,exquisite,Omega Aqua Terra 150m Co-axial 41.5mm 231.10.42.21.02.001,https://www.exquisitetimepieces.com/products/omega-aqua-terra-150m-co-axial-41-5mm-231-10-42-21-02-001-210009n41176,
-57.1,"US_DEALER, not a hand carry",79470,non-JP,5557,5075,3537,Chrono24,3001,VERIFIED,C24 scrape n=1 THIN,1,UNKNOWN,exquisite,TUDOR Black Bay Pro M79470-0004,https://www.exquisitetimepieces.com/products/tudor-black-bay-pro-m79470-0004,https://www.chrono24.com/tudor/2022-tudor-79470-0003-black-bay-pro-gmt-full-set--id46252675.htm
-57.1,"US_DEALER, not a hand carry",79470,non-JP,5557,5075,3537,Chrono24,3001,VERIFIED,C24 scrape n=1 THIN,1,UNKNOWN,exquisite,TUDOR Black Bay Pro M79470-0001,https://www.exquisitetimepieces.com/products/tudor-black-bay-pro-m79470-0001,https://www.chrono24.com/tudor/2022-tudor-79470-0003-black-bay-pro-gmt-full-set--id46252675.htm
-57.1,"US_DEALER, not a hand carry",SBGC247,non-JP,12045,11000,7665,Chrono24,10230,DERIVED,C24 only,,UNKNOWN,exquisite,Grand Seiko Sport SBGC247 Limited Edition,https://www.exquisitetimepieces.com/products/grand-seiko-sports-sbgc247,
-57.2,"US_DEALER, not a hand carry",SBGR321,non-JP,5694,5200,3623,"mark, NO VENUE",3623,VERIFIED,,,UNKNOWN,exquisite,Grand Seiko SBGR321 Limited Edition Blue Dial,https://www.exquisitetimepieces.com/products/grand-seiko-sbgr321-limited-edition,
-57.2,PASS,79653,JP,6457,5897,4107,eBay SOLD,4919,VERIFIED,C24 research VARIANT RISK,5,FULL_SET,jackroad,チューダー(チュードル) TUDOR ブラックベイ 36 79653-0007 新品 時計 男女兼用,https://item.rakuten.co.jp/jackroad/tu773/,
-57.9,"US_DEALER, not a hand carry",SBGK007,non-JP,6460,5900,4090,"mark, NO VENUE",4090,VERIFIED,,,FULL_SET,exquisite,Grand Seiko SBGK007,https://www.exquisitetimepieces.com/products/grand-seiko-sbgk007-sbgk007-ns21000931735,
-58.4,"US_DEALER, not a hand carry",276200,non-JP,9537,8710,6021,Chrono24,7026,VERIFIED,C24 only,,FULL_SET,okura,ロレックス ROLEX オイスターパーペチュアル28 276200 キャンディピンク ステンレススチール 自動巻き レディース 腕時計,https://ec.wb-ookura.com/products/2300045885111,
-59.0,"US_DEALER, not a hand carry",215.30.40.20.03.002,non-JP,9088,8300,5714,"mark, NO VENUE",5714,VERIFIED,,,UNKNOWN,exquisite,Omega 215.30.40.20.03.002 Seamaster Planet Ocean 600M Summer Blue,https://www.exquisitetimepieces.com/products/omega-21530402003002-seamaster-planet-ocean-600m-summer-blue,
-59.0,"US_DEALER, not a hand carry",215.30.40.20.03.002,non-JP,9088,8300,5714,"mark, NO VENUE",5714,VERIFIED,,,UNKNOWN,topper,Omega Seamaster Planet Ocean 600m 75th Anniversary Co‑Axial Master Chronometer 215.30.40.2,https://www.topperjewelers.com/products/omega-215-30-40-20-03-002,
-59.1,"US_DEALER, not a hand carry",310.32.42.50.01.002,non-JP,9417,8600,5918,"mark, NO VENUE",5918,VERIFIED,,,UNKNOWN,exquisite,Omega Speedmaster Moonwatch Professional Master Chronograph 310.32.42.50.01.002,https://www.exquisitetimepieces.com/products/omega-speedmaster-moonwatch-professional-master-chronograph-31032425001002,
-59.1,"US_DEALER, not a hand carry",310.32.42.50.01.002,non-JP,9417,8600,5918,"mark, NO VENUE",5918,VERIFIED,,,UNKNOWN,topper,Omega Speedmaster Moonwatch Professional Master Chronometer Sapphire Sandwich 310.32.42.50,https://www.topperjewelers.com/products/omega-speedmaster-moonwatch-professional-master-chronometer-310-32-42-50-01-002,
-59.2,"US_DEALER, not a hand carry",SBGY007,non-JP,9746,8900,6122,"mark, NO VENUE",6122,VERIFIED,,,UNKNOWN,exquisite,"Grand Seiko SBGY007 ""Omiwatari""",https://www.exquisitetimepieces.com/products/grand-seiko-sbgy007,
-59.2,"US_DEALER, not a hand carry",SBGY007,non-JP,9746,8900,6122,"mark, NO VENUE",6122,VERIFIED,,,UNKNOWN,topper,"Grand Seiko Spring Drive ""Omiwatari"" SBGY007",https://www.topperjewelers.com/products/grand-seiko-spring-drive-omiwatari-sbgy007,
-59.3,"US_DEALER, not a hand carry",SBGH311,non-JP,7227,6600,4537,"mark, NO VENUE",4537,VERIFIED,,,FULL_SET,exquisite,Grand Seiko SBGH311 Hi-Beat Limited Edition,https://www.exquisitetimepieces.com/products/grand-seiko-sbgh311-210009n43771,
-59.4,PASS,26393BC,JP,44860,40968,28142,Chrono24,25738,VERIFIED,C24 only,,UNKNOWN,commit,オーデマピゲ CODE 11.59 バイ オーデマ ピゲ クロノグラフ Ref.26393BC.OO.A002KB.02 ホワイトゴールド オニキス文字盤 美中古 i4jh2p9w,https://commit-watch.co.jp/products/i4jh2p9w,
-60.1,"US_DEALER, not a hand carry",210.30.42.20.03.003,non-JP,7774,7100,4856,"mark, NO VENUE",4856,VERIFIED,,,UNKNOWN,exquisite,Omega 210.30.42.20.03.003 Seamaster Diver 300M Summer Blue on Bracelet,https://www.exquisitetimepieces.com/products/omega-21030422003003-seamaster-diver-300m-summer-blue-on-bracelet,
-60.1,"US_DEALER, not a hand carry",210.30.42.20.03.003,non-JP,7774,7100,4856,"mark, NO VENUE",4856,VERIFIED,,,UNKNOWN,topper,Omega Seamaster 75th Anniversary Diver 300M Co‑Axial Master Chronometer 210.30.42.20.03.00,https://www.topperjewelers.com/products/omega-210-30-42-20-03-003,
-60.6,"US_DEALER, not a hand carry",136668LB,non-JP,93842,85700,58435,"mark, NO VENUE",58435,VERIFIED,,,FULL_SET,exquisite,Rolex M136668LB-0001 Deepsea,https://www.exquisitetimepieces.com/products/rolex-m136668lb-0001-deepsea-210009n43559,
-61.0,"US_DEALER, not a hand carry",79470,non-JP,5696,5202,3537,Chrono24,3001,VERIFIED,C24 scrape n=1 THIN,1,UNKNOWN,ippo,Tudor M79470-0004 Black Bay Pro White Men's Watch 41mm Stainless Steel Automatic Water Res,https://www.ippojapanwatch.com/products/tudor-m79470-0004-black-bay-pro-white-mens-watch-41mm-stainless-steel-automatic-water-resistant-1-year-warranty,https://www.chrono24.com/tudor/2022-tudor-79470-0003-black-bay-pro-gmt-full-set--id46252675.htm
-61.1,"US_DEALER, not a hand carry",227.32.55.21.03.001,non-JP,17630,16100,10945,Chrono24,14973,DERIVED,C24 only,,UNKNOWN,exquisite,Omega 227.32.55.21.03.001 Seamaster Ploprof 1200M Summer Blue,https://www.exquisitetimepieces.com/products/omega-22732552103001-seamaster-ploprof-1200m-summer-blue,
-61.1,"US_DEALER, not a hand carry",227.32.55.21.03.001,non-JP,17630,16100,10945,Chrono24,14973,DERIVED,C24 only,,UNKNOWN,topper,Omega Seamaster Ploprof 1200m 75th Anniversary Co‑Axial Master Chronometer 227.32.55.21.03,https://www.topperjewelers.com/products/omega-227-32-55-21-03-001,
-61.2,"VARIANT?, priced far above the reference floor",278289RBR,JP,62969,57506,39055,"mark, NO VENUE",39055,VERIFIED,,,FULL_SET,bettyroad,ロレックス ROLEX デイトジャスト 31 278289RBR 新品 時計 男女兼用,https://item.rakuten.co.jp/bettyroad/rx2257/,
-61.3,"VARIANT?, priced far above the reference floor",16520,JP,51218,46774,31755,Chrono24 US,28092,VERIFIED,C24 research VARIANT RISK,,UNKNOWN,commit,ロレックス デイトナ エルプリメロ Ref.16520 ステンレススチール ホワイト文字盤 中古 tgogcjvf,https://commit-watch.co.jp/products/tgogcjvf,
-61.5,"US_DEALER, not a hand carry",SLGA009,non-JP,10731,9800,6646,"mark, NO VENUE",6646,VERIFIED,,,UNKNOWN,topper,Grand Seiko Spring Drive White Birch SLGA009,https://www.topperjewelers.com/products/grand-seiko-spring-drive-white-birch-slga009,
-61.7,"US_DEALER, not a hand carry",210.32.42.20.04.001,non-JP,6898,6300,4266,"mark, NO VENUE",4266,VERIFIED,,,UNKNOWN,topper,Omega Seamaster Diver 300M Chronometer 210.32.42.20.04.001,https://www.topperjewelers.com/products/omega-seamaster-diver-300m-chronometer-210-32-42-20-04-001,
-61.9,"VARIANT?, priced far above the reference floor",79653,JP,6650,6073,4107,eBay SOLD,4919,VERIFIED,C24 research VARIANT RISK,5,FULL_SET,bettyroad,チューダー(チュードル) TUDOR ブラックベイ 36 79653-0007 新品 時計 男女兼用,https://item.rakuten.co.jp/bettyroad/tu773/,
-61.9,"VARIANT?, priced far above the reference floor",126334,JP,21405,19548,13222,Chrono24,14527,VERIFIED,C24 scrape,48,UNKNOWN|A_EXCELLENT,commit,ロレックス デイトジャスト Ref.126334 ステンレススチール/ホワイトゴールド グリーンオンブレ文字盤 ジュビリーブレスレット 美品 28jc2ksx,https://commit-watch.co.jp/products/28jc2ksx,https://www.chrono24.com/rolex/rolex-126334-datejust-41-silver-index-dial-on-oyster-2021--id46657048.htm
-62.0,"US_DEALER, not a hand carry",4500V/110R-B705,non-JP,87600,80000,54066,"mark, NO VENUE",54066,VERIFIED,,,FULL_SET,exquisite,Vacheron Constantin 4500V/110R-B705 Overseas,https://www.exquisitetimepieces.com/products/vacheron-constantin-4500v-110r-b705-overseas-210009n39354,
-62.1,"US_DEALER, not a hand carry",SLGH007,non-JP,64605,59000,39847,"mark, NO VENUE",39847,VERIFIED,,,UNKNOWN,exquisite,Grand Seiko SLGH007,https://www.exquisitetimepieces.com/products/grand-seiko-slgh007,
-62.1,"VARIANT?, priced far above the reference floor",279383RBR,JP,26025,23767,16057,Chrono24 US,17949,VERIFIED,C24 research,,FULL_SET,jackroad,ロレックス ROLEX レディ デイトジャスト 28 279383RBR 新品 時計 レディース,https://item.rakuten.co.jp/jackroad/rx1235/,
-62.7,"VARIANT?, priced far above the reference floor",126333,JP,24049,21962,14781,Chrono24,15666,VERIFIED,C24 scrape,16,FULL_SET,jackroad,ロレックス ROLEX デイトジャスト41 126333 新品 時計 メンズ,https://item.rakuten.co.jp/jackroad/rx2229/,https://www.chrono24.com/rolex/datejust-41--id47176572.htm
-63.2,"US_DEALER, not a hand carry *PAPERS",SBGW305,non-JP,6570,6000,4025,"mark, NO VENUE",4025,VERIFIED,,,BOX_ONLY,exquisite,Grand Seiko SBGW305,https://www.exquisitetimepieces.com/products/grand-seiko-sbgw305,
-63.2,"US_DEALER, not a hand carry *PAPERS",SBGW305,non-JP,6570,6000,4025,"mark, NO VENUE",4025,VERIFIED,,,BOX_ONLY,topper,Grand Seiko Elegance SBGW305,https://www.topperjewelers.com/products/grand-seiko-sbgw305,
-63.4,"VARIANT?, priced far above the reference floor",126518LN,JP,93559,85442,57241,Chrono24,59042,DERIVED,C24 scrape,20,FULL_SET,jackroad,ロレックス ROLEX コスモグラフ デイトナ メテオライト 126518LN 新品 時計 メンズ,https://item.rakuten.co.jp/jackroad/rx2239/,https://www.chrono24.com/rolex/rolex-2025-daytona-40mm-126518ln-yellow-gold-oysterflex-champagne-dial--id47596590.htm
-63.5,"US_DEALER, not a hand carry",SBGP013,non-JP,3394,3100,2076,"mark, NO VENUE",2076,VERIFIED,,,UNKNOWN,exquisite,Grand Seiko SBGP013 Quartz,https://www.exquisitetimepieces.com/products/grand-seiko-sbgp013,
-63.5,"US_DEALER, not a hand carry",SBGP013,non-JP,3394,3100,2076,"mark, NO VENUE",2076,VERIFIED,,,UNKNOWN,topper,Grand Seiko Heritage SBGP013,https://www.topperjewelers.com/products/grand-seiko-heritage-sbgp013,
-64.0,"US_DEALER, not a hand carry",220.12.41.21.02.002,non-JP,7446,6800,4540,"mark, NO VENUE",4540,VERIFIED,,,UNKNOWN,topper,Omega Seamaster Aqua Terra 150M Chronometer 220.12.41.21.02.002,https://www.topperjewelers.com/products/omega-seamaster-aqua-terra-150m-chronometer-220-12-41-21-02-002,
-64.1,"US_DEALER, not a hand carry",SBGH273,non-JP,7008,6400,4271,Chrono24 US,4966,VERIFIED,C24 research,5,UNKNOWN,topper,"Grand Seiko Four Seasons ""Fall"" SBGH273",https://www.topperjewelers.com/products/grand-seiko-four-seasons-fall-sbgh273-3,
-64.6,"US_DEALER, not a hand carry",210.32.42.20.03.001,non-JP,6898,6300,4191,"mark, NO VENUE",4191,VERIFIED,,,UNKNOWN,topper,Omega Seamaster Diver 300M Chronometer 210.32.42.20.03.001,https://www.topperjewelers.com/products/omega-seamaster-diver-300m-chronometer-210-32-42-20-03-001,
-64.8,"VARIANT?, priced far above the reference floor",279383RBR,JP,26463,24167,16057,Chrono24 US,17949,VERIFIED,C24 research,,FULL_SET,bettyroad,ロレックス ROLEX レディ デイトジャスト 28 279383RBR 新品 時計 レディース,https://item.rakuten.co.jp/bettyroad/rx1235/,
-65.0,"US_DEALER, not a hand carry",SBGX261,non-JP,2956,2700,1791,"mark, NO VENUE",1791,VERIFIED,,,FULL_SET,exquisite,Grand Seiko Quartz SBGX261 Black Dial,https://www.exquisitetimepieces.com/products/grand-seiko-quartz-sbgx261-black-dial-nap210009n7678,
-65.2,"US_DEALER, not a hand carry",SLGC001,non-JP,16096,14700,9746,Chrono24,8794,VERIFIED,C24 only,,UNKNOWN,exquisite,Grand Seiko SLGC001 Tentagraph,https://www.exquisitetimepieces.com/products/grand-seiko-slgc001,
-65.2,"US_DEALER, not a hand carry",SLGC001,non-JP,16096,14700,9746,Chrono24,8794,VERIFIED,C24 only,,UNKNOWN,topper,Grand Seiko Evolution 9 Tentagraph SLGC001,https://www.topperjewelers.com/products/grand-seiko-slgc001,
-65.3,"VARIANT?, priced far above the reference floor",228238,JP,81041,74010,49018,Chrono24,49893,VERIFIED,C24 scrape,29,FULL_SET,jackroad,ロレックス ROLEX デイデイト40 228238 新品 時計 メンズ,https://item.rakuten.co.jp/jackroad/rx2103/,https://www.chrono24.com/rolex/rolex-2016-day-date-40mm-228238-presidential-silver-motif-dial--id47698636.htm
-65.9,"US_DEALER, not a hand carry",SBGC251,non-JP,12483,11400,7526,"mark, NO VENUE",7526,VERIFIED,,,UNKNOWN,topper,Grand Seiko Evolution 9 Spring Drive GMT Chronograph SBGC251,https://www.topperjewelers.com/products/grand-seiko-evolution-9-spring-drive-chronograph-sbgc251,
-66.2,"US_DEALER, not a hand carry",1601,non-JP,8221,7507,4946,"mark, NO VENUE",4946,VERIFIED,LOW,,PAPERS_ONLY|A_EXCELLENT,firekids,ロレックス ROLEX デイトジャスト 1964年製 Ref.1601 アルファハンド 夜光無し 純正1965年製ブレス クロノメーター証明書、ギャランティー付 美品,https://firekids.jp/products/detail/17054,
-67.0,"US_DEALER, not a hand carry *PAPERS",329.30.44.51.01.003,non-JP,14344,13100,8588,"mark, NO VENUE",8588,VERIFIED,,,BOX_ONLY,exquisite,Omega Speedmaster Super Racing 329.30.44.51.01.003,https://www.exquisitetimepieces.com/products/omega-super-racing-329-30-44-51-01-003,
-67.3,"US_DEALER, not a hand carry",79012M,non-JP,6022,5500,3599,"mark, NO VENUE",3599,VERIFIED,,,FULL_SET,exquisite,TUDOR M79012M Black Bay 58 Bronze,https://www.exquisitetimepieces.com/products/tudor-m79012m-black-bay-58-bronze-ns21000942339,
-67.4,"VARIANT?, priced far above the reference floor",126603,JP,25024,22853,14950,eBay SOLD,15358,VERIFIED,C24 research,12,FULL_SET,jackroad,ロレックス ROLEX シードゥエラー 43 126603 新品 時計 メンズ,https://item.rakuten.co.jp/jackroad/rx1026/,
-67.4,"US_DEALER, not a hand carry",332.10.41.51.03.001,non-JP,11716,10700,6997,"mark, NO VENUE",6997,VERIFIED,,,UNKNOWN,topper,Omega Speedmaster '57 Master Chronometer 40.5mm 332.10.41.51.03.001,https://www.topperjewelers.com/products/omega-speedmaster-57-master-chronometer-40-5mm-332-10-41-51-03-001,
-67.6,"US_DEALER, not a hand carry",79600,non-JP,5037,4600,3006,"mark, NO VENUE",3006,VERIFIED,,,UNKNOWN,exquisite,TUDOR Black Bay 31 M79600-0003,https://www.exquisitetimepieces.com/products/tudor-black-bay-31-m79600-0003,
-67.6,"US_DEALER, not a hand carry",79600,non-JP,5037,4600,3006,"mark, NO VENUE",3006,VERIFIED,,,UNKNOWN,exquisite,TUDOR Black Bay 31 M79600-0001,https://www.exquisitetimepieces.com/products/tudor-black-bay-31-m79600-0001,
-67.6,"US_DEALER, not a hand carry",79600,non-JP,5037,4600,3006,"mark, NO VENUE",3006,VERIFIED,,,UNKNOWN,exquisite,TUDOR Black Bay 31 M79600-0002,https://www.exquisitetimepieces.com/products/tudor-black-bay-31-m79600-0002,
-67.8,"US_DEALER, not a hand carry",79210CNU,non-JP,5201,4750,3099,eBay SOLD,3293,VERIFIED,C24 research,19,FULL_SET,exquisite,TUDOR 79210CNU Black Bay Ceramic,https://www.exquisitetimepieces.com/products/tudor-79210cnu-79210cnu-ns21000931688,
-67.9,"VARIANT?, priced far above the reference floor",W4BB0023,JP,12387,11312,7376,"mark, NO VENUE",7376,VERIFIED,,,FULL_SET,jackroad,カルティエ CARTIER バロン ブルー ドゥ カルティエ 33mm W4BB0023 新品 時計 レディース,https://item.rakuten.co.jp/jackroad/ca731/,
-68.0,"US_DEALER, not a hand carry",363.179,non-JP,94280,86100,56126,"mark, NO VENUE",56126,VERIFIED,,,FULL_SET,exquisite,A. Lange & Söhne Odysseus 363.179,https://www.exquisitetimepieces.com/products/a-lange-sohne-odysseus-363179-ns21000943201,
-68.2,"VARIANT?, priced far above the reference floor",279383RBR,JP,27014,24670,16057,Chrono24 US,17949,VERIFIED,C24 research,,FULL_SET,jackroad,ロレックス ROLEX レディ デイトジャスト 28 279383RBR 新品 時計 レディース,https://item.rakuten.co.jp/jackroad/138285/,
-69.1,"US_DEALER, not a hand carry",210.30.42.20.01.001,non-JP,7336,6700,4339,"mark, NO VENUE",4339,VERIFIED,,,UNKNOWN,topper,Omega Seamaster Diver 300M Chronometer 210.30.42.20.01.001,https://www.topperjewelers.com/products/omega-seamaster-diver-300m-chronometer-210-30-42-20-01-001,
-69.2,"US_DEALER, not a hand carry *PAPERS",SBGJ273,non-JP,8432,7700,4983,"mark, NO VENUE",4983,VERIFIED,,,BOX_ONLY,exquisite,"Grand Seiko SBGJ273 Hi-Beat 36000 GMT ""Yuka Momiji""",https://www.exquisitetimepieces.com/products/grand-seiko-sbgj273-hi-beat-36000-gmt-yuka-momiji,
-69.2,"US_DEALER, not a hand carry *PAPERS",SBGJ273,non-JP,8432,7700,4983,"mark, NO VENUE",4983,VERIFIED,,,BOX_ONLY,topper,Grand Seiko Elegance Hi-Beat GMT Yuka Momiji SBGJ273,https://www.topperjewelers.com/products/grand-seiko-sbgj273,
-69.7,"VARIANT?, priced far above the reference floor",28503,JP,4204,3839,2478,"mark, NO VENUE",2478,VERIFIED,,,FULL_SET,jackroad,チューダー(チュードル) TUDOR ロイヤル 28503-0008 新品 時計 メンズ,https://item.rakuten.co.jp/jackroad/tu772/,
-69.7,"VARIANT?, priced far above the reference floor",28503,JP,4204,3839,2478,"mark, NO VENUE",2478,VERIFIED,,,FULL_SET,jackroad,チューダー(チュードル) TUDOR ロイヤル 28503-0005 新品 時計 メンズ,https://item.rakuten.co.jp/jackroad/tu505/,
-69.7,"VARIANT?, priced far above the reference floor",28503,JP,4204,3839,2478,"mark, NO VENUE",2478,VERIFIED,,,FULL_SET,jackroad,チューダー(チュードル) TUDOR ロイヤル 28503-0002 新品 時計 メンズ,https://item.rakuten.co.jp/jackroad/tu765/,
-71.4,"US_DEALER, not a hand carry",210.30.44.51.01.001,non-JP,10512,9600,6132,Chrono24 US,5457,VERIFIED,LOW,,UNKNOWN,exquisite,Omega Seamaster Diver 300 Chronograph Black Dial 210.30.44.51.01.001,https://www.exquisitetimepieces.com/products/omega-seamaster-diver-300-chronograph-210-30-44-51-01-001-210000009205,
-71.4,"US_DEALER, not a hand carry",SBGA407,non-JP,7118,6500,4152,"mark, NO VENUE",4152,VERIFIED,,,UNKNOWN,topper,Grand Seiko 'Blue Snowflake' Spring Drive SBGA407,https://www.topperjewelers.com/products/grand-seiko-blue-snowflake-sbga407,
-71.5,"VARIANT?, priced far above the reference floor",279383RBR,JP,27535,25146,16057,Chrono24 US,17949,VERIFIED,C24 research,,FULL_SET,bettyroad,ロレックス ROLEX レディ デイトジャスト 28 279383RBR 新品 時計 レディース,https://item.rakuten.co.jp/bettyroad/138285/,
-72.1,"VARIANT?, priced far above the reference floor",1680,JP,19781,18065,11496,Chrono24,17420,DERIVED,C24 only,,UNKNOWN,commit,ロレックス サブマリーナー デイト Ref.1680 ステンレススチール ブラック文字盤 中古 hx4quunh,https://commit-watch.co.jp/products/hx4quunh,
-72.5,"US_DEALER, not a hand carry",SBGA375,non-JP,6132,5600,3555,"mark, NO VENUE",3555,VERIFIED,,,UNKNOWN,topper,Grand Seiko SBGA375,https://www.topperjewelers.com/products/grand-seiko-sbga375,
-72.5,"US_DEALER, not a hand carry",304.93.44.52.03.002,non-JP,18506,16900,10731,Chrono24,10759,VERIFIED,C24 only,,UNKNOWN,topper,Omega Speedmaster Moonphase Aventurine Master Chronometer Chronograph 304.93.44.52.03.002,https://www.topperjewelers.com/products/omega-304-93-44-52-03-002,
-72.9,"US_DEALER, not a hand carry",SBGW291,non-JP,5804,5300,3356,"mark, NO VENUE",3356,VERIFIED,,,UNKNOWN,exquisite,Grand Seiko SBGW291 'Kuuki' 44GS 55th Anniversary,https://www.exquisitetimepieces.com/products/grand-seiko-sbgw291-kuuki,
-72.9,"US_DEALER, not a hand carry",SBGW291,non-JP,5804,5300,3356,"mark, NO VENUE",3356,VERIFIED,,,UNKNOWN,topper,Grand Seiko Heritage SBGW291,https://www.topperjewelers.com/products/grand-seiko-heritage-sbgw291,
-73.0,"US_DEALER, not a hand carry",116334,non-JP,16425,15000,9494,"mark, NO VENUE",9494,VERIFIED,,,PAPERS_ONLY,menta2,Rolex Archives - Menta Watches- Buy Vintage and Modern Timepieces,https://mentawatches.com/product-category/brands/rolex/,
-73.0,"VARIANT?, priced far above the reference floor",W4BB0023,JP,12757,11650,7376,"mark, NO VENUE",7376,VERIFIED,,,FULL_SET,bettyroad,カルティエ CARTIER バロン ブルー ドゥ カルティエ 33mm W4BB0023 新品 時計 レディース,https://item.rakuten.co.jp/bettyroad/ca731/,
-73.3,"US_DEALER, not a hand carry",234.30.41.21.03.002,non-JP,9088,8300,5245,"mark, NO VENUE",5245,VERIFIED,,,UNKNOWN,exquisite,Omega 234.30.41.21.03.002 Seamaster 300 Co-Axial Master Chronometer Summer Blue,https://www.exquisitetimepieces.com/products/omega-23430412103002-seamaster-300-co-axial-master-chronometer-summer-blue,
-73.3,"US_DEALER, not a hand carry *PAPERS",SBGX263,non-JP,2956,2700,1706,"mark, NO VENUE",1706,VERIFIED,,,BOX_ONLY,topper,Grand Seiko 9F Quartz SBGX263,https://www.topperjewelers.com/products/grand-seiko-9f-quartz-sbgx263,
-73.3,"US_DEALER, not a hand carry",234.30.41.21.03.002,non-JP,9088,8300,5245,"mark, NO VENUE",5245,VERIFIED,,,UNKNOWN,topper,Omega Seamaster 300 75th Anniversary Co‑Axial Master Chronometer 234.30.41.21.03.002,https://www.topperjewelers.com/products/omega-234-30-41-21-03-002,
-73.6,"VARIANT?, priced far above the reference floor",278289RBR,JP,67819,61935,39055,"mark, NO VENUE",39055,VERIFIED,,,UNKNOWN|AA_LIKE_NEW,commit,ロレックス デイトジャスト 31 Ref.278289RBR ホワイトゴールド レッドオンブレ×10Pダイヤモンド文字盤 未使用 rhg3hejs,https://commit-watch.co.jp/products/rhg3hejs,
-74.0,"US_DEALER, not a hand carry",SBGW297,non-JP,6460,5900,3712,"mark, NO VENUE",3712,VERIFIED,,,UNKNOWN,exquisite,Grand Seiko SBGW297 Sensu-Inspired,https://www.exquisitetimepieces.com/products/grand-seiko-sbgw297,
-74.3,"US_DEALER, not a hand carry",4300V/120R-B064,non-JP,122202,111600,70102,"mark, NO VENUE",70102,VERIFIED,,,FULL_SET,exquisite,Vacheron Constantin Overseas 4300V/120R-B064,https://www.exquisitetimepieces.com/products/vacheron-constantin-overseas-4300v-120r-b064-210009n43288,
-74.3,"US_DEALER, not a hand carry",220.10.41.21.02.001,non-JP,7774,7100,4459,"mark, NO VENUE",4459,VERIFIED,,,UNKNOWN,topper,Omega Seamaster Aqua Terra 150M Chronometer 220.10.41.21.02.001,https://www.topperjewelers.com/products/omega-seamaster-aqua-terra-150m-chronometer-220-10-41-21-02-001,
-74.5,"US_DEALER, not a hand carry",SBGM245,non-JP,6680,6100,3827,"mark, NO VENUE",3827,VERIFIED,,,UNKNOWN,exquisite,Grand Seiko Sports SBGM245,https://www.exquisitetimepieces.com/products/grand-seiko-sbgm245,
-74.7,"US_DEALER, not a hand carry",220.10.41.21.03.004,non-JP,7774,7100,4450,eBay SOLD,4630,VERIFIED,C24 research,8,UNKNOWN,exquisite,Omega Aqua Terra 150M Co-Axial Master Chronometer 220.10.41.21.03.004,https://www.exquisitetimepieces.com/products/aqua-terra-150m-omega-co-axial-master-chronometer-220-10-41-21-03-004-210000010152,
-74.7,"US_DEALER, not a hand carry",220.10.41.21.03.004,non-JP,7774,7100,4450,eBay SOLD,4630,VERIFIED,C24 research,8,UNKNOWN,topper,Omega Seamaster Aqua Terra 150M Chronometer 41mm 220.10.41.21.03.004,https://www.topperjewelers.com/products/omega-seamaster-aqua-terra-150m-chronometer-220-10-41-21-03-004,
-75.1,"US_DEALER, not a hand carry",220.10.41.21.03.002,non-JP,7774,7100,4441,"mark, NO VENUE",4441,VERIFIED,,,UNKNOWN,exquisite,Omega Aqua Terra 150M Co-Axial Master Chronometer 41mm 220.10.41.21.03.002,https://www.exquisitetimepieces.com/products/aqua-terra-150m-co-axial-master-chronometer-41-mm-210000018074,
-76.0,"US_DEALER, not a hand carry",79030B,non-JP,5185,4735,2946,"mark, NO VENUE",2946,VERIFIED,,,UNKNOWN,ippo,Tudor M79030B Black Bay Fifty-Eight Blue Metal Bracelet Swiss Automatic 200m Water Resista,https://www.ippojapanwatch.com/products/tudor-m79030b-black-bay-fifty-eight-blue-metal-bracelet-swiss-automatic-200m-water-resistance-luxury-design,
-76.9,"US_DEALER, not a hand carry",210.22.42.20.01.002,non-JP,10293,9400,5818,"mark, NO VENUE",5818,VERIFIED,,,UNKNOWN,topper,Omega Diver 300m Omega Co-Axial Master Chronometer 210.22.42.20.01.002,https://www.topperjewelers.com/products/omega-diver-300m-omega-co-axial-master-chronometer-210-22-42-20-01-002,
-78.0,"VARIANT?, priced far above the reference floor",16014,JP,10147,9267,5701,"mark, NO VENUE",5701,VERIFIED,,,UNKNOWN,rasin,PRICEDOWN ロレックス デイトジャスト 16014 ホワイト ボイラーゲージ 75番 中古 メンズ,https://en.www.rasin.co.jp/SHOP/U-16014WHA-3.html,
-78.7,"VARIANT?, priced far above the reference floor",126000,JP,22350,20411,12510,Chrono24,9396,VERIFIED,C24 scrape,8,FULL_SET,rasin,Rolex Oyster Perpetual 36 126000 Celebration Random Number Used Men&#39;s,https://en.www.rasin.co.jp/SHOP/U-126000CE-3.html,https://www.chrono24.com/rolex/rolex-unworn-126000-oyster-perpetual-36mm-med-blue-index-dial-oyster-bracelet-stainless-steel--id44319787.htm
-79.5,"US_DEALER, not a hand carry",220.10.41.21.06.001,non-JP,7774,7100,4330,"mark, NO VENUE",4330,VERIFIED,,,UNKNOWN,topper,Omega Seamaster Aqua Terra 150M Chronometer 220.10.41.21.06.001,https://www.topperjewelers.com/products/omega-seamaster-aqua-terra-150m-chronometer-220-10-41-21-06-001,
-80.4,"US_DEALER, not a hand carry",210.92.44.20.01.003,non-JP,11716,10700,6494,"mark, NO VENUE",6494,VERIFIED,,,UNKNOWN,exquisite,Omega Seamaster Diver 300 Black Ceramic Black Dial 210.92.44.20.01.003,https://www.exquisitetimepieces.com/products/omega-seamaster-diver-300-black-ceramic-21092442001003,
-80.7,"US_DEALER, not a hand carry",210.22.42.20.01.002,non-JP,10512,9600,5818,"mark, NO VENUE",5818,VERIFIED,,,FULL_SET,exquisite,Omega 210.22.42.20.01.002 Seamaster Diver 300M Co-Axial Master Chronometer Sedna Gold,https://www.exquisitetimepieces.com/products/omega-210-22-42-20-01-002-seamaster-diver-300m-co-axial-master-chronometer-sedna-gold-nap210009n12468,
-80.8,"US_DEALER, not a hand carry",SBGJ251,non-JP,8432,7700,4664,"mark, NO VENUE",4664,VERIFIED,,,UNKNOWN,exquisite,"Grand Seiko SBGJ251 GMT Four Seasons ""Spring Shunbun"" Green",https://www.exquisitetimepieces.com/products/grand-seiko-sbgj251-four-seasons-spring,
-80.8,"US_DEALER, not a hand carry",SBGJ251,non-JP,8432,7700,4664,"mark, NO VENUE",4664,VERIFIED,,,UNKNOWN,topper,"Grand Seiko Hi-Beat GMT Four Seasons ""Spring"" SBGJ251",https://www.topperjewelers.com/products/grand-seiko-hi-beat-gmt-four-seasons-spring-sbgj251,
-81.7,"US_DEALER, not a hand carry",AB0147101L1A1,non-JP,8158,7450,4490,Chrono24,6928,DERIVED,C24 only,,UNKNOWN,topper,Breitling Avenger B01 Chronograph 44 AB0147101L1A1,https://www.topperjewelers.com/products/breitling-ab0147101l1a1,
-81.9,"US_DEALER, not a hand carry",SBGP009,non-JP,3394,3100,1866,"mark, NO VENUE",1866,VERIFIED,,,UNKNOWN,exquisite,Grand Seiko SBGP009,https://www.exquisitetimepieces.com/products/grand-seiko-sbgp009,
-83.0,"VARIANT?, priced far above the reference floor",14270,JP,12716,11613,6948,Chrono24,5700,EST,C24 scrape n=1 THIN,1,UNKNOWN|AA_LIKE_NEW,commit,ロレックス エクスプローラーI Ref.14270 ステンレススチール ブラック文字盤 オイスターブレスレット 未使用 eua99b7i,https://commit-watch.co.jp/products/eua99b7i,https://www.chrono24.com/rolex/explorer--id47191152.htm
-83.0,"US_DEALER, not a hand carry *PAPERS",14270,non-JP,12716,11613,6948,Chrono24,5700,EST,C24 scrape n=1 THIN,1,BODY_ONLY,firekids,ロレックス ROLEX エクスプローラー 1996年製 T番 Ref.14270 自動巻きクロノメーター Cal.3000 シングルトリチウム レフシール付き、ギャラ付き,https://firekids.jp/products/detail/16955,https://www.chrono24.com/rolex/explorer--id47191152.htm
-83.1,"VARIANT?, priced far above the reference floor",1680,JP,21052,19226,11496,Chrono24,17420,DERIVED,C24 only,,UNKNOWN,commit,ロレックス サブマリーナー デイト Ref.1680 ステンレススチール ブラック文字盤 中古 tp6i82zn,https://commit-watch.co.jp/products/tp6i82zn,
-83.2,"US_DEALER, not a hand carry *PAPERS",1680,non-JP,21065,19238,11496,Chrono24,17420,DERIVED,C24 only,,BODY_ONLY,firekids,ロレックス ROLEX サブマリーナーデイト 1978年製 Ref.1680 マーク1 オールトリチウム文字盤 自動巻 純正ステンレスブレス付,https://firekids.jp/products/detail/15901,
-86.7,"US_DEALER, not a hand carry",234.30.41.21.01.001,non-JP,8760,8000,4691,"mark, NO VENUE",4691,VERIFIED,,,UNKNOWN,exquisite,Omega Seamaster 300 Master Chronometer 234.30.41.21.01.001,https://www.exquisitetimepieces.com/products/omega-seamaster-300-master-chronometer-23430412101001,
-86.7,"US_DEALER, not a hand carry",234.30.41.21.01.001,non-JP,8760,8000,4691,"mark, NO VENUE",4691,VERIFIED,,,UNKNOWN,topper,Omega Seamaster 300 Master Chronometer 234.30.41.21.01.001,https://www.topperjewelers.com/products/omega-seamaster-300-master-chronometer-234-30-41-21-01-001,
-86.8,"US_DEALER, not a hand carry",26239OR,non-JP,158952,145161,85112,"mark, NO VENUE",85112,VERIFIED,,,FULL_SET,okura,オーデマ・ピゲ AUDEMARS PIGUET ロイヤルオーク フロステッドゴールド クロノグラフ 26239OR.GG.12240OR.01 ブラック ピンクゴールド 自動巻き ,https://ec.wb-ookura.com/products/2300045480071,
-87.5,"US_DEALER, not a hand carry",215.30.44.21.03.001,non-JP,7693,7026,4102,"mark, NO VENUE",4102,VERIFIED,,,UNKNOWN,ippo,Omega Planet Ocean 60 0M Co-axial Master Chronometer 43.5 MM 215.30.44.21.03.001 watch,https://www.ippojapanwatch.com/products/omega-planet-ocean-60-0m-co-axial-master-chronometer-43-5-mm-215-30-44-21-03-001-watch,
-89.2,"US_DEALER, not a hand carry",304.33.44.52.03.001,non-JP,13797,12600,7291,"mark, NO VENUE",7291,VERIFIED,,,UNKNOWN,topper,Omega Speedmaster Moonphase Co-Axial Master Chronometer Chronograph 304.33.44.52.03.001,https://www.topperjewelers.com/products/omega-speedmaster-moonphase-co-axial-master-chronometer-chronograph-304-33-44-52-03-001,
-89.5,"VARIANT?, priced far above the reference floor",1675,JP,28117,25677,14837,Chrono24,18002,DERIVED,PARTIAL,,UNKNOWN,commit,ロレックス GMTマスター Ref.1675 ステンレススチール ブラック文字盤 ジュビリーブレスレット 中古 xpojh4zb,https://commit-watch.co.jp/products/xpojh4zb,
-89.9,"VARIANT?, priced far above the reference floor",126518LN,JP,108713,99281,57241,Chrono24,59042,DERIVED,C24 scrape,20,FULL_SET,jackroad,ロレックス ROLEX コスモグラフ デイトナ 126518LN 新品 時計 メンズ,https://item.rakuten.co.jp/jackroad/rx2069/,https://www.chrono24.com/rolex/rolex-2025-daytona-40mm-126518ln-yellow-gold-oysterflex-champagne-dial--id47596590.htm
-90.8,"US_DEALER, not a hand carry",329.30.44.51.04.001,non-JP,11826,10800,6197,"mark, NO VENUE",6197,VERIFIED,,,UNKNOWN,topper,Omega Speedmaster Racing Chronometer Chronograph 329.30.44.51.04.001,https://www.topperjewelers.com/products/omega-speedmaster-racing-chronometer-chronograph-329-30-44-51-04-001,
-91.3,"US_DEALER, not a hand carry",126718GRNR,non-JP,100316,91613,52445,Chrono24,43309,DERIVED,C24 scrape,7,FULL_SET,okura,ロレックス ROLEX GMTマスター2 126718GRNR タイガーアイアン ゴールド 自動巻き メンズ 腕時計,https://ec.wb-ookura.com/products/2300046291843,https://www.chrono24.com/rolex/rolex-2024-gmt-master-ii-40mm-126718grnr-yellow-gold-jubilee-black-dial--id47612517.htm
-91.5,"US_DEALER, not a hand carry",SBGM247,non-JP,6680,6100,3489,"mark, NO VENUE",3489,VERIFIED,,,UNKNOWN,exquisite,Grand Seiko Sports SBGM247,https://www.exquisitetimepieces.com/products/grand-seiko-sbgm247,
-91.5,"US_DEALER, not a hand carry",SBGM247,non-JP,6680,6100,3489,"mark, NO VENUE",3489,VERIFIED,,,UNKNOWN,topper,Grand Seiko Sport GMT Automatic SBGM247,https://www.topperjewelers.com/products/grand-seiko-sport-gmt-automatic-sbgm247,
-91.6,"US_DEALER, not a hand carry",304.30.44.52.01.001,non-JP,14235,13000,7431,"mark, NO VENUE",7431,VERIFIED,,,UNKNOWN,topper,Omega Speedmaster Moonphase Master Chronometer Chronograph 304.30.44.52.01.001,https://www.topperjewelers.com/products/omega-speedmaster-moonphase-master-chronometer-chronograph-304-30-44-52-01-001,
-91.8,"US_DEALER, not a hand carry",SLGH009,non-JP,11498,10500,5996,"mark, NO VENUE",5996,VERIFIED,,,UNKNOWN,exquisite,Grand Seiko SLGH009 Limited Edition,https://www.exquisitetimepieces.com/products/grand-seiko-slgh009,
-91.8,"VARIANT?, priced far above the reference floor",126334,JP,25366,23166,13222,Chrono24,14527,VERIFIED,C24 scrape,48,FULL_SET,jackroad,ロレックス ROLEX デイトジャスト41 126334 新品 時計 メンズ,https://item.rakuten.co.jp/jackroad/rx2251/,https://www.chrono24.com/rolex/rolex-126334-datejust-41-silver-index-dial-on-oyster-2021--id46657048.htm
-93.8,"US_DEALER, not a hand carry",25600TN,non-JP,6296,5750,3248,"mark, NO VENUE",3248,VERIFIED,,,UNKNOWN,hqmilton,"2021 Tudor Pelagos ""STATE OF QATAR"" 25600TN Full Stickers & Full Set",https://hqmilton.com/products/2021-tudor-pelagos-state-of-qatar-25600tn-full-stickers-full-set,
-94.1,"VARIANT?, priced far above the reference floor",126519LN,JP,100669,91935,51876,Chrono24,43326,DERIVED,C24 scrape,3,UNKNOWN|AA_LIKE_NEW,commit,ロレックス デイトナ Ref.126519LN ホワイトゴールド メテオライト文字盤 未使用 wq8jsihx,https://commit-watch.co.jp/products/wq8jsihx,https://www.chrono24.com/rolex/rolex-2024-daytona-baby-le-mans-40mm-126519ln-white-gold-black-dial--id47596501.htm
-94.2,"VARIANT?, priced far above the reference floor",16014,JP,11069,10109,5701,"mark, NO VENUE",5701,VERIFIED,,,FULL_SET,jackroad,ロレックス ROLEX デイトジャスト 16014 ヴィンテージ 時計 メンズ,https://item.rakuten.co.jp/jackroad/6271846/,
-94.6,"US_DEALER, not a hand carry",SBGH289,non-JP,8432,7700,4334,"mark, NO VENUE",4334,VERIFIED,,,UNKNOWN,exquisite,Grand Seiko Sport SBGH289,https://www.exquisitetimepieces.com/products/grand-seiko-sbgh289,
-94.6,"US_DEALER, not a hand carry",SBGH289,non-JP,8432,7700,4334,"mark, NO VENUE",4334,VERIFIED,,,UNKNOWN,topper,Grand Seiko Hi-Beat 200m Diver SBGH289,https://www.topperjewelers.com/products/grand-seiko-hi-beat-200m-diver-sbgh289,
-96.0,"VARIANT?, priced far above the reference floor",126718GRNR,JP,102783,93866,52445,Chrono24,43309,DERIVED,C24 scrape,7,FULL_SET,jackroad,ロレックス ROLEX GMTマスターII タイガーアイアン 126718GRNR 新品 時計 メンズ,https://item.rakuten.co.jp/jackroad/rx2090/,https://www.chrono24.com/rolex/rolex-2024-gmt-master-ii-40mm-126718grnr-yellow-gold-jubilee-black-dial--id47612517.htm
-97.6,"VARIANT?, priced far above the reference floor",16520,JP,62733,57290,31755,Chrono24 US,28092,VERIFIED,C24 research VARIANT RISK,,UNKNOWN,commit,ロレックス デイトナ エルプリメロ Ref.16520 ステンレススチール ブラック文字盤 中古 sqdtrp4b,https://commit-watch.co.jp/products/sqdtrp4b,
-98.5,"US_DEALER, not a hand carry",79600,non-JP,5968,5450,3006,"mark, NO VENUE",3006,VERIFIED,,,UNKNOWN,exquisite,TUDOR Black Bay 31 M79600-0006,https://www.exquisitetimepieces.com/products/tudor-black-bay-31-m79600-0006,
-98.5,"US_DEALER, not a hand carry",79600,non-JP,5968,5450,3006,"mark, NO VENUE",3006,VERIFIED,,,UNKNOWN,exquisite,TUDOR Black Bay 31 M79600-0004,https://www.exquisitetimepieces.com/products/tudor-black-bay-31-m79600-0004,
-98.5,"US_DEALER, not a hand carry",79600,non-JP,5968,5450,3006,"mark, NO VENUE",3006,VERIFIED,,,UNKNOWN,exquisite,TUDOR Black Bay 31 M79600-0005,https://www.exquisitetimepieces.com/products/tudor-black-bay-31-m79600-0005,
-101.3,"VARIANT?, priced far above the reference floor",14270,JP,13988,12774,6948,Chrono24,5700,EST,C24 scrape n=1 THIN,1,UNKNOWN,commit,ロレックス エクスプローラーI Ref.14270 ステンレススチール ブラック文字盤 オイスターブレスレット 中古 dtapjfed,https://commit-watch.co.jp/products/dtapjfed,https://www.chrono24.com/rolex/explorer--id47191152.htm
-101.4,"US_DEALER, not a hand carry",SBGJ263,non-JP,8650,7900,4294,"mark, NO VENUE",4294,VERIFIED,,,UNKNOWN,exquisite,Grand Seiko SBGJ263 Hi-Beat GMT,https://www.exquisitetimepieces.com/products/grand-seiko-sbgj263-hi-beat-gmt,
-101.5,"VARIANT?, priced far above the reference floor",126519LN,JP,104555,95484,51876,Chrono24,43326,DERIVED,C24 scrape,3,UNKNOWN|AA_LIKE_NEW,commit,ロレックス デイトナ Ref.126519LN ホワイトゴールド メテオライト文字盤 未使用 wq2ow2gf,https://commit-watch.co.jp/products/wq2ow2gf,https://www.chrono24.com/rolex/rolex-2024-daytona-baby-le-mans-40mm-126519ln-white-gold-black-dial--id47596501.htm
-101.9,"US_DEALER, not a hand carry",SBGJ237,non-JP,8322,7600,4122,"mark, NO VENUE",4122,VERIFIED,,,UNKNOWN,topper,Grand Seiko Sport Hi-Beat GMT SBGJ237,https://www.topperjewelers.com/products/grand-seiko-sport-hi-beat-gmt-sbgj237,
-102.3,"VARIANT?, priced far above the reference floor",134300,JP,23698,21642,11716,Chrono24,10206,VERIFIED,C24 scrape,9,FULL_SET,rasin,Rolex Oyster Perpetual 41 134300 Jubilee Motif Random Number New Men&#39;s,https://en.www.rasin.co.jp/SHOP/N-134300JM-2.html,https://www.chrono24.com/rolex/rolex-oyster-perpetual--41mm--id47541739.htm
-103.1,"US_DEALER, not a hand carry",18039,non-JP,35588,32500,17520,Chrono24,30225,DERIVED,C24 only,,UNKNOWN,craftandtailored,1981 Rolex Day-Date 18K WG (Ref. 18039) Blue Vignette Diamond Dial,https://www.craftandtailored.com/products/1981-rolex-day-date-18k-wg-ref-18039-blue-vignette-diamond-dial,
-103.6,"US_DEALER, not a hand carry",215.30.40.20.01.001,non-JP,8760,8000,4302,"mark, NO VENUE",4302,VERIFIED,,,UNKNOWN,exquisite,Omega Planet Ocean Co-Axial Master Chronometer 39.5mm Black Dial on Bracelet 215.30.40.20.,https://www.exquisitetimepieces.com/products/planet-ocean-co-axial-master-chronometer-39-5mm-black-dial-on-bracelet-215-30-40-20-01-001-210000012890,
-103.6,"US_DEALER, not a hand carry",215.30.40.20.01.001,non-JP,8760,8000,4302,"mark, NO VENUE",4302,VERIFIED,,,UNKNOWN,topper,Omega Seamaster Planet Ocean 600M Chronometer 215.30.40.20.01.001,https://www.topperjewelers.com/products/omega-seamaster-planet-ocean-600m-chronometer-215-30-40-20-01-001,
-106.1,"US_DEALER, not a hand carry",215.30.44.21.01.002,non-JP,8760,8000,4250,eBay SOLD,4550,VERIFIED,C24 research,,UNKNOWN,exquisite,Omega Seamaster Planet Ocean 600M 215.30.44.21.01.002,https://www.exquisitetimepieces.com/products/omega-seamaster-planet-ocean-600m-215-30-44-21-01-002-210000026166,
-107.9,"US_DEALER, not a hand carry",126334,non-JP,27484,25100,13222,Chrono24,14527,VERIFIED,C24 scrape,48,FULL_SET,exquisite,Rolex Datejust 41 M126334-0029,https://www.exquisitetimepieces.com/products/rolex-datejust-41-m126334-0029-poc210009n43304,https://www.chrono24.com/rolex/rolex-126334-datejust-41-silver-index-dial-on-oyster-2021--id46657048.htm
-110.2,"VARIANT?, priced far above the reference floor",16520,JP,66760,60968,31755,Chrono24 US,28092,VERIFIED,C24 research VARIANT RISK,,UNKNOWN,commit,ロレックス デイトナ エルプリメロ Ref.16520 ステンレススチール ホワイト文字盤 中古 4c25tvfs,https://commit-watch.co.jp/products/4c25tvfs,
-110.6,"VARIANT?, priced far above the reference floor",18238,JP,54397,49677,25835,Chrono24,18999,DERIVED,C24 scrape,8,UNKNOWN,commit,ロレックス デイデイト36 Ref.18238 イエローゴールド アベンチュリン×10Pダイヤ文字盤 中古 jsfdfd5o,https://commit-watch.co.jp/products/jsfdfd5o,https://www.chrono24.com/rolex/excellent-condition-1990-day-date-36-president-yellow-gold-factory-diamond-dial-18238--id47615569.htm
-113.6,"US_DEALER, not a hand carry",215.30.44.21.03.001,non-JP,8760,8000,4102,"mark, NO VENUE",4102,VERIFIED,,,UNKNOWN,exquisite,Omega Seamaster Planet Ocean 600M Blue 215.30.44.21.03.001,https://www.exquisitetimepieces.com/products/omega-seamaster-planet-ocean-600m-blue-215-30-44-21-03-001-210000010148,
-113.6,"US_DEALER, not a hand carry",215.30.44.21.03.001,non-JP,8760,8000,4102,"mark, NO VENUE",4102,VERIFIED,,,UNKNOWN,topper,Omega Seamaster Planet Ocean 600M Chronometer 215.30.44.21.03.001,https://www.topperjewelers.com/products/omega-seamaster-planet-ocean-600m-chronometer-215-30-44-21-03-001,
-114.8,"US_DEALER, not a hand carry",220.20.41.21.02.001,non-JP,16534,15100,7696,Chrono24,8730,VERIFIED,VERIFIED,,UNKNOWN,exquisite,Omega 220.20.41.21.02.001 Seamaster Aqua Terra 41mm Steel and Sedna Gold on Bracelet,https://www.exquisitetimepieces.com/products/omega-22020412102001-seamaster-aqua-terra-41mm-steel-and-sedna-gold-on-bracelet,
-114.8,"US_DEALER, not a hand carry",220.20.41.21.02.001,non-JP,16534,15100,7696,Chrono24,8730,VERIFIED,VERIFIED,,UNKNOWN,topper,Omega Seamaster Aqua Terra 150M Chronometer 220.20.41.21.02.001,https://www.topperjewelers.com/products/omega-seamaster-aqua-terra-150m-chronometer-220-20-41-21-02-001,
-116.1,"US_DEALER, not a hand carry",79363N,non-JP,9335,8525,4319,"mark, NO VENUE",4319,VERIFIED,,,UNKNOWN,exquisite,TUDOR Black Bay Chrono S&G 41mm steel and Gold M79363N-0003,https://www.exquisitetimepieces.com/products/tudor-black-bay-chrono-s-g-41mm-steel-and-gold-m79363n-0003,
-116.1,"US_DEALER, not a hand carry",79363N,non-JP,9335,8525,4319,"mark, NO VENUE",4319,VERIFIED,,,UNKNOWN,exquisite,TUDOR Black Bay Chrono S&G M79363N-0006,https://www.exquisitetimepieces.com/products/tudor-black-bay-chrono-s-g-m79363n-0006,
-116.1,"US_DEALER, not a hand carry",79363N,non-JP,9335,8525,4319,"mark, NO VENUE",4319,VERIFIED,,,UNKNOWN,exquisite,TUDOR Black Bay Chrono S&G M79363N-0008,https://www.exquisitetimepieces.com/products/tudor-black-bay-chrono-s-g-m79363n-0008,
-116.5,"VARIANT?, priced far above the reference floor",134300,JP,25366,23166,11716,Chrono24,10206,VERIFIED,C24 scrape,9,FULL_SET,jackroad,ロレックス ROLEX オイスター パーペチュアル 41 134300 新品 時計 メンズ,https://item.rakuten.co.jp/jackroad/rx2228/,https://www.chrono24.com/rolex/rolex-oyster-perpetual--41mm--id47541739.htm
-122.1,"US_DEALER, not a hand carry",SBGH291,non-JP,9636,8800,4338,"mark, NO VENUE",4338,VERIFIED,,,UNKNOWN,exquisite,Grand Seiko Sport SBGH291,https://www.exquisitetimepieces.com/products/grand-seiko-sbgh291,
-123.0,"US_DEALER, not a hand carry *PAPERS",16014,non-JP,12716,11613,5701,"mark, NO VENUE",5701,VERIFIED,,,BODY_ONLY,firekids,ロレックス デイトジャスト ボイラーゲージ 1983年製 自動巻き ステラ文字盤 Ref.16014,https://firekids.jp/products/detail/14699,
-124.0,"VARIANT?, priced far above the reference floor",116515LN,JP,85930,78475,38357,Chrono24,34800,DERIVED,C24 scrape,17,FULL_SET,rasin,PRICEDOWN Rolex Cosmograph Daytona 116515LN Meteorite Random Serial Used Men&#39;s,https://en.www.rasin.co.jp/SHOP/U-116515LNMETEO.html,https://www.chrono24.com/rolex/daytona-116515ln-choco-arabic-brown-arabic-dial-rose-gold-leather-strap-40mm-2013--id47579182.htm
-124.6,"US_DEALER, not a hand carry",79663,non-JP,7939,7250,3534,"mark, NO VENUE",3534,VERIFIED,,,UNKNOWN,exquisite,TUDOR Black Bay 39 S&G M79663-0001,https://www.exquisitetimepieces.com/products/tudor-black-bay-39-s-g-m79663-0001,
-124.6,"US_DEALER, not a hand carry",79663,non-JP,7939,7250,3534,"mark, NO VENUE",3534,VERIFIED,,,UNKNOWN,exquisite,TUDOR Black Bay 39 S&G M79663-0005,https://www.exquisitetimepieces.com/products/tudor-black-bay-39-s-g-m79663-0005,
-124.6,"US_DEALER, not a hand carry",79663,non-JP,7939,7250,3534,"mark, NO VENUE",3534,VERIFIED,,,UNKNOWN,exquisite,TUDOR Black Bay 39 S&G M79663-0002,https://www.exquisitetimepieces.com/products/tudor-black-bay-39-s-g-m79663-0002,
-127.9,"US_DEALER, not a hand carry *PAPERS",124300,non-JP,23806,21741,10446,Chrono24,8068,DERIVED,C24 scrape,10,BODY_ONLY,satindoll,オイスターパーペチュアル41,https://www.satindollweb.com/products/detail/11557,https://www.chrono24.com/rolex/2023-oyster-perpetual-41mm-124300-black-dial--id46137621.htm
-128.5,SUSPECT_DATA,1601,JP,11303,10323,4946,"mark, NO VENUE",4946,VERIFIED,LOW,,UNKNOWN,shellman,,https://shellman-online.jp/view/item/000000003624?category_page_id=1,
-137.6,"VARIANT?, priced far above the reference floor",116505,JP,105968,96774,44599,"mark, NO VENUE",44599,VERIFIED,,,FULL_SET,rasin,ROLEX Cosmograph Daytona 116505 METEO Meteolite ×Black Random Number Used Men's,https://en.www.rasin.co.jp/SHOP/U-116505METEO.html,
-144.6,"VARIANT?, priced far above the reference floor",1680,JP,28117,25677,11496,Chrono24,17420,DERIVED,C24 only,,UNKNOWN,commit,ロレックス サブマリーナー デイト Ref.1680 ステンレススチール ブラック文字盤 中古 muqs3kj3,https://commit-watch.co.jp/products/muqs3kj3,
-154.8,"US_DEALER, not a hand carry",79663,non-JP,9006,8225,3534,"mark, NO VENUE",3534,VERIFIED,,,UNKNOWN,exquisite,TUDOR Black Bay 39 S&G M79663-0006,https://www.exquisitetimepieces.com/products/tudor-black-bay-39-s-g-m79663-0006,
-154.8,"US_DEALER, not a hand carry",79663,non-JP,9006,8225,3534,"mark, NO VENUE",3534,VERIFIED,,,UNKNOWN,exquisite,TUDOR Black Bay 39 S&G M79663-0008,https://www.exquisitetimepieces.com/products/tudor-black-bay-39-s-g-m79663-0008,
-154.8,"US_DEALER, not a hand carry",79663,non-JP,9006,8225,3534,"mark, NO VENUE",3534,VERIFIED,,,UNKNOWN,exquisite,TUDOR Black Bay 39 S&G M79663-0007,https://www.exquisitetimepieces.com/products/tudor-black-bay-39-s-g-m79663-0007,
-174.4,"US_DEALER, not a hand carry",79363N,non-JP,11853,10825,4319,"mark, NO VENUE",4319,VERIFIED,,,UNKNOWN,exquisite,TUDOR Black Bay Chrono S&G M79363N-0007,https://www.exquisitetimepieces.com/products/tudor-black-bay-chrono-s-g-m79363n-0007,
-174.4,"US_DEALER, not a hand carry",79363N,non-JP,11853,10825,4319,"mark, NO VENUE",4319,VERIFIED,,,UNKNOWN,exquisite,TUDOR Black Bay Chrono S&G 41mm steel and Gold M79363N-0001,https://www.exquisitetimepieces.com/products/tudor-black-bay-chrono-s-g-41mm-steel-and-gold-m79363n-0001,
-177.3,"US_DEALER, not a hand carry",124300,non-JP,28965,26452,10446,Chrono24,8068,DERIVED,C24 scrape,10,FULL_SET,okura,ロレックス ROLEX オイスターパーペチュアル41 124300 ターコイズブルー ステンレススチール 自動巻き メンズ 腕時計,https://ec.wb-ookura.com/products/2300046249837,https://www.chrono24.com/rolex/2023-oyster-perpetual-41mm-124300-black-dial--id46137621.htm
-186.6,"US_DEALER, not a hand carry",79653,non-JP,11771,10750,4107,eBay SOLD,4919,VERIFIED,C24 research VARIANT RISK,5,UNKNOWN,exquisite,TUDOR Black Bay 36 S&G M79653-0007,https://www.exquisitetimepieces.com/products/tudor-black-bay-36-s-g-m79653-0007,
-186.6,"US_DEALER, not a hand carry",79653,non-JP,11771,10750,4107,eBay SOLD,4919,VERIFIED,C24 research VARIANT RISK,5,UNKNOWN,exquisite,TUDOR Black Bay 36 S&G M79653-0006,https://www.exquisitetimepieces.com/products/tudor-black-bay-36-s-g-m79653-0006,
-186.6,"US_DEALER, not a hand carry",79653,non-JP,11771,10750,4107,eBay SOLD,4919,VERIFIED,C24 research VARIANT RISK,5,UNKNOWN,exquisite,TUDOR Black Bay 36 S&G M79653-0005,https://www.exquisitetimepieces.com/products/tudor-black-bay-36-s-g-m79653-0005,
-214.2,SUSPECT_DATA,1601,JP,15542,14194,4946,"mark, NO VENUE",4946,VERIFIED,LOW,,UNKNOWN,shellman,,https://shellman-online.jp/view/item/000000003703?category_page_id=1,
-273.7,"VARIANT?, priced far above the reference floor",16520,JP,118684,108387,31755,Chrono24 US,28092,VERIFIED,C24 research VARIANT RISK,,UNKNOWN,commit,ロレックス デイトナ エルプリメロ Ref.16520 ステンレススチール ホワイト文字盤 中古 hvyhpsbf,https://commit-watch.co.jp/products/hvyhpsbf,
-319.0,"VARIANT?, priced far above the reference floor",1675,JP,62168,56774,14837,Chrono24,18002,DERIVED,PARTIAL,,UNKNOWN,commit,ロレックス GMTマスター Ref.1675 ステンレススチール ブラック文字盤 オイスターブレスレット 中古 v7cs2rn3,https://commit-watch.co.jp/products/v7cs2rn3,
-458.6,"VARIANT?, priced far above the reference floor",1680,JP,64216,58645,11496,Chrono24,17420,DERIVED,C24 only,,UNKNOWN,commit,ロレックス サブマリーナー デイト Ref.1680 ステンレススチール ブラック文字盤 中古 skwiniaf,https://commit-watch.co.jp/products/skwiniaf,
-1743.8,"US_DEALER, not a hand carry",18039,non-JP,323025,295000,17520,Chrono24,30225,DERIVED,C24 only,,UNKNOWN,craftandtailored,1982 Rolex Day-Date 18K WG (Ref. 18039) Onyx Stone Dial,https://www.craftandtailored.com/products/1982-rolex-day-date-18k-wg-ref-18039-onyx-stone-dial,
-1821.8,"US_DEALER, not a hand carry *PAPERS",1601,non-JP,95050,86804,4946,"mark, NO VENUE",4946,VERIFIED,LOW,,BODY_ONLY,firekids,ロレックス デイトジャスト K18金無垢 マラカイト文字盤 1973年製 Ref.1601 純正プレジデントブレス,https://firekids.jp/products/detail/15275,
-15481.8,"US_DEALER, not a hand carry",79360N,non-JP,810411,740101,5201,Chrono24,5120,VERIFIED,C24 scrape,7,UNKNOWN,twc,Tudor Heritage Black Bay 79360N-0006,https://www.thewatchcompany.com/tudor-heritage-black-bay-79360n-0006.html,https://www.chrono24.com/tudor/tudor-black-bay-chrono--id47558913.htm
-16230.5,"US_DEALER, not a hand carry",28600,non-JP,350290,319900,2145,"mark, NO VENUE",2145,VERIFIED,,,UNKNOWN,twc,Tudor Tudor Royal 28600-0001,https://www.thewatchcompany.com/tudor-tudor-royal-28600-0001.html,
-17177.5,"US_DEALER, not a hand carry",28300,non-JP,315141,287800,1824,"mark, NO VENUE",1824,VERIFIED,,,UNKNOWN,twc,Tudor Tudor Royal 28300-0003,https://www.thewatchcompany.com/tudor-tudor-royal-28300-0003.html,
-19106.7,"US_DEALER, not a hand carry",91350,non-JP,285795,261000,1488,"mark, NO VENUE",1488,VERIFIED,,,UNKNOWN,twc,Tudor Tudor 1926 91350-0004,https://www.thewatchcompany.com/tudor-tudor-1926-91350-0004.html,
-21139.8,"US_DEALER, not a hand carry",79500,non-JP,517826,472900,2438,"mark, NO VENUE",2438,VERIFIED,,,UNKNOWN,twc,Tudor BLACK BAY 79500-0011,https://www.thewatchcompany.com/tudor-black-bay-79500-0011.html,
-24276.3,"US_DEALER, not a hand carry",79010SG,non-JP,766390,699900,3144,"mark, NO VENUE",3144,VERIFIED,,,UNKNOWN,twc,Tudor Heritage Black Bay 79010SG-0002,https://www.thewatchcompany.com/tudor-79010sg-0002.html,
-52759.2,"US_DEALER, not a hand carry",51000,non-JP,645940,589900,1222,"mark, NO VENUE",1222,VERIFIED,,,UNKNOWN,twc,Tudor Glamour 51000-0004,https://www.thewatchcompany.com/tudor-glamour-51000-0004.html,
