ref,engine_mark_usd,confidence_0_100,n_obs,sold_share,dispersion_pct,newest_days,method,as_of
126613LN,14555.81,74,16,0.0,0.8,0.0,"decay-wtd trimmed median, hl=45.0d, 0 sold of 21",2026-09-15T23:53:11.785896+00:00
126713GRNR,20226.29,74,16,0.0,1.1,0.0,"decay-wtd trimmed median, hl=45.0d, 0 sold of 19",2026-09-15T23:53:11.785896+00:00
116610LN,10059.74,74,15,0.0,1.2,0.0,"decay-wtd trimmed median, hl=45.0d, 0 sold of 16",2026-09-15T23:53:11.785896+00:00
126506,113627.82,74,15,0.0,1.0,0.0,"decay-wtd trimmed median, hl=45.0d, 0 sold of 15",2026-09-15T23:53:11.785896+00:00
126506A,126000.0,74,15,0.0,1.2,0.0,"decay-wtd trimmed median, hl=45.0d, 0 sold of 15",2026-09-15T23:53:11.785896+00:00
116710LN,11537.6,74,14,0.0,0.7,0.0,"decay-wtd trimmed median, hl=45.0d, 0 sold of 18",2026-09-15T23:53:11.785896+00:00
126500LNWH,34117.91,74,14,0.0,1.0,0.0,"decay-wtd trimmed median, hl=45.0d, 0 sold of 14",2026-09-15T23:53:11.785896+00:00
326.30.40.50.01.001,2969.39,74,12,0.0,1.1,0.0,"decay-wtd trimmed median, hl=45.0d, 0 sold of 13",2026-09-15T23:53:11.785896+00:00
126710BLRO,21921.55,73,29,0.0,2.1,0.0,"decay-wtd trimmed median, hl=45.0d, 0 sold of 32",2026-09-15T23:53:11.785896+00:00
126503,23266.08,73,25,0.0,2.1,0.0,"decay-wtd trimmed median, hl=45.0d, 0 sold of 28",2026-09-15T23:53:11.785896+00:00
124200,7946.12,73,13,0.0,1.8,0.0,"decay-wtd trimmed median, hl=45.0d, 0 sold of 15",2026-09-15T23:53:11.785896+00:00
116520,20460.12,72,51,0.0,3.4,0.0,"decay-wtd trimmed median, hl=45.0d, 0 sold of 56",2026-09-15T23:53:11.785896+00:00
126610LV,13391.54,72,34,0.0,2.9,0.0,"decay-wtd trimmed median, hl=45.0d, 0 sold of 37",2026-09-15T23:53:11.785896+00:00
126610LN,12276.07,72,23,0.0,3.1,0.0,"decay-wtd trimmed median, hl=45.0d, 0 sold of 25",2026-09-15T23:53:11.785896+00:00
126500LN,33601.12,71,43,0.0,3.5,0.0,"decay-wtd trimmed median, hl=45.0d, 0 sold of 46",2026-09-15T23:53:11.785896+00:00
126613LB,18183.57,71,25,0.0,3.8,0.0,"decay-wtd trimmed median, hl=45.0d, 0 sold of 28",2026-09-15T23:53:11.785896+00:00
116610LV,18332.16,71,24,0.0,4.4,0.0,"decay-wtd trimmed median, hl=45.0d, 0 sold of 28",2026-09-15T23:53:11.785896+00:00
126900,7917.81,71,19,0.0,4.2,0.0,"decay-wtd trimmed median, hl=45.0d, 0 sold of 19",2026-09-15T23:53:11.785896+00:00
116200,6600.0,71,14,0.0,4.3,0.0,"decay-wtd trimmed median, hl=45.0d, 0 sold of 16",2026-09-15T23:53:11.785896+00:00
116234,8184.05,71,14,0.0,3.7,0.0,"decay-wtd trimmed median, hl=45.0d, 0 sold of 14",2026-09-15T23:53:11.785896+00:00
214270,7482.56,70,79,0.0,4.7,0.0,"decay-wtd trimmed median, hl=45.0d, 0 sold of 80",2026-09-15T23:53:11.785896+00:00
126710GRNR,19213.67,70,70,0.0,4.6,0.0,"decay-wtd trimmed median, hl=45.0d, 0 sold of 73",2026-09-15T23:53:11.785896+00:00
126710BLNR,16728.56,70,66,0.0,5.2,0.0,"decay-wtd trimmed median, hl=45.0d, 0 sold of 67",2026-09-15T23:53:11.785896+00:00
124060,11505.96,70,54,0.0,4.9,0.0,"decay-wtd trimmed median, hl=45.0d, 0 sold of 55",2026-09-15T23:53:11.785896+00:00
126600,11137.27,70,33,0.0,5.3,0.0,"decay-wtd trimmed median, hl=45.0d, 0 sold of 36",2026-09-15T23:53:11.785896+00:00
224270,8773.03,70,33,0.0,5.3,0.0,"decay-wtd trimmed median, hl=45.0d, 0 sold of 33",2026-09-15T23:53:11.785896+00:00
126711CHNR,18238.73,70,21,0.0,4.7,0.0,"decay-wtd trimmed median, hl=45.0d, 0 sold of 22",2026-09-15T23:53:11.785896+00:00
79173,5114.85,70,18,0.0,4.8,0.0,"decay-wtd trimmed median, hl=45.0d, 0 sold of 20",2026-09-15T23:53:11.785896+00:00
116503,19265.34,70,17,0.0,4.6,0.0,"decay-wtd trimmed median, hl=45.0d, 0 sold of 20",2026-09-15T23:53:11.785896+00:00
114060,10171.61,70,14,0.0,5.1,0.0,"decay-wtd trimmed median, hl=45.0d, 0 sold of 14",2026-09-15T23:53:11.785896+00:00
126519LN,43325.79,70,12,0.0,5.2,0.0,"decay-wtd trimmed median, hl=45.0d, 0 sold of 16",2026-09-15T23:53:11.785896+00:00
16710,12159.15,69,42,0.0,6.1,0.0,"decay-wtd trimmed median, hl=45.0d, 0 sold of 43",2026-09-15T23:53:11.785896+00:00
226570,10228.86,69,36,0.0,6.3,0.0,"decay-wtd trimmed median, hl=45.0d, 0 sold of 36",2026-09-15T23:53:11.785896+00:00
126720VTNR,14816.31,69,28,0.0,5.8,0.0,"decay-wtd trimmed median, hl=45.0d, 0 sold of 28",2026-09-15T23:53:11.785896+00:00
336934,21735.69,69,24,0.0,6.2,0.0,"decay-wtd trimmed median, hl=45.0d, 0 sold of 24",2026-09-15T23:53:11.785896+00:00
116509,37740.0,69,15,0.0,5.8,0.0,"decay-wtd trimmed median, hl=45.0d, 0 sold of 17",2026-09-15T23:53:11.785896+00:00
WSTA0041,2981.33,69,13,0.0,5.9,0.0,"decay-wtd trimmed median, hl=45.0d, 0 sold of 13",2026-09-15T23:53:11.785896+00:00
16523G,18004.9,69,12,0.0,6.0,0.0,"decay-wtd trimmed median, hl=45.0d, 0 sold of 12",2026-09-15T23:53:11.785896+00:00
126334,13328.3,68,66,0.0,6.8,0.0,"decay-wtd trimmed median, hl=45.0d, 0 sold of 72",2026-09-15T23:53:11.785896+00:00
16610,9177.83,68,39,0.0,7.1,0.0,"decay-wtd trimmed median, hl=45.0d, 0 sold of 39",2026-09-15T23:53:11.785896+00:00
14270,7891.76,68,35,0.0,7.4,0.0,"decay-wtd trimmed median, hl=45.0d, 0 sold of 40",2026-09-15T23:53:11.785896+00:00
126622,13152.93,68,22,0.0,7.3,0.0,"decay-wtd trimmed median, hl=45.0d, 0 sold of 22",2026-09-15T23:53:11.785896+00:00
116515LN,34799.7,68,20,0.0,6.7,0.0,"decay-wtd trimmed median, hl=45.0d, 0 sold of 21",2026-09-15T23:53:11.785896+00:00
16613,10873.1,68,16,0.0,7.3,0.0,"decay-wtd trimmed median, hl=45.0d, 0 sold of 16",2026-09-15T23:53:11.785896+00:00
277200,7442.49,68,15,0.0,7.0,0.0,"decay-wtd trimmed median, hl=45.0d, 0 sold of 19",2026-09-15T23:53:11.785896+00:00
SBGX261,1745.66,68,13,0.0,7.0,0.0,"decay-wtd trimmed median, hl=45.0d, 0 sold of 14",2026-09-15T23:53:11.785896+00:00
126300,9158.12,67,53,0.0,7.7,0.0,"decay-wtd trimmed median, hl=45.0d, 0 sold of 56",2026-09-15T23:53:11.785896+00:00
124270,8576.54,67,41,0.0,8.0,0.0,"decay-wtd trimmed median, hl=45.0d, 0 sold of 41",2026-09-15T23:53:11.785896+00:00
69173,4895.88,67,35,0.0,8.0,0.0,"decay-wtd trimmed median, hl=45.0d, 0 sold of 35",2026-09-15T23:53:11.785896+00:00
16523,16368.09,67,22,0.0,8.2,0.0,"decay-wtd trimmed median, hl=45.0d, 0 sold of 23",2026-09-15T23:53:11.785896+00:00
116500LN,27352.94,67,17,0.0,7.8,0.0,"decay-wtd trimmed median, hl=45.0d, 0 sold of 17",2026-09-15T23:53:11.785896+00:00
276200,6826.94,67,13,0.0,7.8,0.0,"decay-wtd trimmed median, hl=45.0d, 0 sold of 13",2026-09-15T23:53:11.785896+00:00
116900,7042.78,67,12,0.0,7.8,0.0,"decay-wtd trimmed median, hl=45.0d, 0 sold of 12",2026-09-15T23:53:11.785896+00:00
16234BKB,7386.9,67,7,0.0,0.2,0.0,"decay-wtd trimmed median, hl=45.0d, 0 sold of 7",2026-09-15T23:53:11.785896+00:00
279174,10762.03,67,7,0.0,0.4,0.0,"decay-wtd trimmed median, hl=45.0d, 0 sold of 13",2026-09-15T23:53:11.785896+00:00
310.30.42.50.01.004,8184.05,67,7,0.0,0.0,0.0,"decay-wtd trimmed median, hl=45.0d, 0 sold of 12",2026-09-15T23:53:11.785896+00:00
SLGH015,68.98,67,6,0.0,0.0,0.0,"decay-wtd trimmed median, hl=45.0d, 0 sold of 6",2026-09-15T23:53:11.785896+00:00
16570,7891.76,66,53,0.0,8.9,0.0,"decay-wtd trimmed median, hl=45.0d, 0 sold of 53",2026-09-15T23:53:11.785896+00:00
114270,6750.36,66,46,0.0,8.5,0.0,"decay-wtd trimmed median, hl=45.0d, 0 sold of 48",2026-09-15T23:53:11.785896+00:00
126234,11580.41,66,44,0.0,8.6,0.0,"decay-wtd trimmed median, hl=45.0d, 0 sold of 45",2026-09-15T23:53:11.785896+00:00
16234,6696.04,66,24,0.0,9.1,0.0,"decay-wtd trimmed median, hl=45.0d, 0 sold of 24",2026-09-15T23:53:11.785896+00:00
126333,15344.85,66,20,0.0,8.9,0.0,"decay-wtd trimmed median, hl=45.0d, 0 sold of 21",2026-09-15T23:53:11.785896+00:00
124273,10547.67,66,16,0.0,8.6,0.0,"decay-wtd trimmed median, hl=45.0d, 0 sold of 17",2026-09-15T23:53:11.785896+00:00
16700,11020.5,66,15,0.0,9.4,0.0,"decay-wtd trimmed median, hl=45.0d, 0 sold of 15",2026-09-15T23:53:11.785896+00:00
179174,6412.6,66,9,0.0,0.9,0.0,"decay-wtd trimmed median, hl=45.0d, 0 sold of 11",2026-09-15T23:53:11.785896+00:00
126715CHNR,38874.22,66,8,0.0,1.2,0.0,"decay-wtd trimmed median, hl=45.0d, 0 sold of 8",2026-09-15T23:53:11.785896+00:00
126618LB,37412.25,66,6,0.0,0.5,0.0,"decay-wtd trimmed median, hl=45.0d, 0 sold of 11",2026-09-15T23:53:11.785896+00:00
215.30.40.20.03.002,4508.81,66,6,0.0,0.0,4.0,"decay-wtd trimmed median, hl=45.0d, 0 sold of 8",2026-09-15T23:53:11.785896+00:00
278240,6547.24,66,6,0.0,1.0,0.0,"decay-wtd trimmed median, hl=45.0d, 0 sold of 8",2026-09-15T23:53:11.785896+00:00
16520,27168.27,65,69,0.0,9.6,0.0,"decay-wtd trimmed median, hl=45.0d, 0 sold of 73",2026-09-15T23:53:11.785896+00:00
16233,5962.67,65,35,0.0,9.6,0.0,"decay-wtd trimmed median, hl=45.0d, 0 sold of 37",2026-09-15T23:53:11.785896+00:00
16600,8534.8,65,24,0.0,9.5,0.0,"decay-wtd trimmed median, hl=45.0d, 0 sold of 26",2026-09-15T23:53:11.785896+00:00
134300,9528.57,65,22,0.0,9.6,0.0,"decay-wtd trimmed median, hl=45.0d, 0 sold of 25",2026-09-15T23:53:11.785896+00:00
66001,2285.45,65,12,0.0,9.7,0.0,"decay-wtd trimmed median, hl=45.0d, 0 sold of 12",2026-09-15T23:53:11.785896+00:00
127334,22225.02,65,10,0.0,1.9,0.0,"decay-wtd trimmed median, hl=45.0d, 0 sold of 12",2026-09-15T23:53:11.785896+00:00
116622,11431.0,65,9,0.0,1.8,0.0,"decay-wtd trimmed median, hl=45.0d, 0 sold of 10",2026-09-15T23:53:11.785896+00:00
16610LV,13221.33,65,9,0.0,2.3,0.0,"decay-wtd trimmed median, hl=45.0d, 0 sold of 13",2026-09-15T23:53:11.785896+00:00
116508,65614.36,65,8,0.0,1.9,0.0,"decay-wtd trimmed median, hl=45.0d, 0 sold of 10",2026-09-15T23:53:11.785896+00:00
116613LB,12860.64,65,8,0.0,1.6,0.0,"decay-wtd trimmed median, hl=45.0d, 0 sold of 9",2026-09-15T23:53:11.785896+00:00
79360N,6510.0,65,7,0.0,1.8,0.0,"decay-wtd trimmed median, hl=45.0d, 0 sold of 8",2026-09-15T23:53:11.785896+00:00
116518LN,40218.74,65,6,0.0,2.1,0.0,"decay-wtd trimmed median, hl=45.0d, 0 sold of 8",2026-09-15T23:53:11.785896+00:00
124300,8068.15,65,6,0.0,2.1,0.0,"decay-wtd trimmed median, hl=45.0d, 0 sold of 8",2026-09-15T23:53:11.785896+00:00
226659,25487.46,65,6,0.0,2.3,0.0,"decay-wtd trimmed median, hl=45.0d, 0 sold of 7",2026-09-15T23:53:11.785896+00:00
28400,2163.56,65,6,0.0,0.2,4.0,"decay-wtd trimmed median, hl=45.0d, 0 sold of 6",2026-09-15T23:53:11.785896+00:00
310.32.42.50.02.001,13445.22,65,6,0.0,2.0,0.0,"decay-wtd trimmed median, hl=45.0d, 0 sold of 6",2026-09-15T23:53:11.785896+00:00
590002,1286.07,65,6,0.0,2.3,0.0,"decay-wtd trimmed median, hl=45.0d, 0 sold of 7",2026-09-15T23:53:11.785896+00:00
SBGA211,4395.09,65,6,0.0,1.6,0.0,"decay-wtd trimmed median, hl=45.0d, 0 sold of 10",2026-09-15T23:53:11.785896+00:00
126200,8768.63,64,32,0.0,10.7,0.0,"decay-wtd trimmed median, hl=45.0d, 0 sold of 32",2026-09-15T23:53:11.785896+00:00
136660,12255.9,64,28,0.0,10.8,0.0,"decay-wtd trimmed median, hl=45.0d, 0 sold of 28",2026-09-15T23:53:11.785896+00:00
126331,14780.8,64,18,0.0,11.1,0.0,"decay-wtd trimmed median, hl=45.0d, 0 sold of 18",2026-09-15T23:53:11.785896+00:00
5513,13152.93,64,18,0.0,11.2,0.0,"decay-wtd trimmed median, hl=45.0d, 0 sold of 21",2026-09-15T23:53:11.785896+00:00
116660,10522.35,64,17,0.0,11.0,0.0,"decay-wtd trimmed median, hl=45.0d, 0 sold of 17",2026-09-15T23:53:11.785896+00:00
126621,15082.03,64,17,0.0,10.9,0.0,"decay-wtd trimmed median, hl=45.0d, 0 sold of 17",2026-09-15T23:53:11.785896+00:00
126233,14751.55,64,16,0.0,10.8,0.0,"decay-wtd trimmed median, hl=45.0d, 0 sold of 16",2026-09-15T23:53:11.785896+00:00
126231,13811.64,64,14,0.0,10.7,0.0,"decay-wtd trimmed median, hl=45.0d, 0 sold of 14",2026-09-15T23:53:11.785896+00:00
126505,51442.58,64,10,0.0,2.7,0.0,"decay-wtd trimmed median, hl=45.0d, 0 sold of 11",2026-09-15T23:53:11.785896+00:00
116334,9928.83,64,7,0.0,3.0,0.0,"decay-wtd trimmed median, hl=45.0d, 0 sold of 11",2026-09-15T23:53:11.785896+00:00
SBGW291,3166.02,64,7,0.0,2.5,0.0,"decay-wtd trimmed median, hl=45.0d, 0 sold of 9",2026-09-15T23:53:11.785896+00:00
116618LN,38060.23,64,6,0.0,2.9,0.0,"decay-wtd trimmed median, hl=45.0d, 0 sold of 7",2026-09-15T23:53:11.785896+00:00
126203,9703.95,64,6,0.0,3.3,0.0,"decay-wtd trimmed median, hl=45.0d, 0 sold of 6",2026-09-15T23:53:11.785896+00:00
14010,4693.63,64,6,0.0,2.7,0.0,"decay-wtd trimmed median, hl=45.0d, 0 sold of 6",2026-09-15T23:53:11.785896+00:00
116400GV,10190.93,63,19,0.0,12.1,0.0,"decay-wtd trimmed median, hl=45.0d, 0 sold of 22",2026-09-15T23:53:11.785896+00:00
279171,12720.0,63,14,0.0,12.4,0.0,"decay-wtd trimmed median, hl=45.0d, 0 sold of 14",2026-09-15T23:53:11.785896+00:00
126509,46500.26,63,11,0.0,4.5,0.0,"decay-wtd trimmed median, hl=45.0d, 0 sold of 11",2026-09-15T23:53:11.785896+00:00
310.30.42.50.01.002,5825.02,63,11,0.0,4.2,0.0,"decay-wtd trimmed median, hl=45.0d, 0 sold of 13",2026-09-15T23:53:11.785896+00:00
116680,16017.35,63,10,0.0,3.7,0.0,"decay-wtd trimmed median, hl=45.0d, 0 sold of 10",2026-09-15T23:53:11.785896+00:00
126718GRNR,43309.12,63,10,0.0,3.9,0.0,"decay-wtd trimmed median, hl=45.0d, 0 sold of 12",2026-09-15T23:53:11.785896+00:00
114200,6073.59,63,9,0.0,3.9,0.0,"decay-wtd trimmed median, hl=45.0d, 0 sold of 10",2026-09-15T23:53:11.785896+00:00
116264,8115.82,63,8,0.0,3.4,2.0,"decay-wtd trimmed median, hl=45.0d, 0 sold of 8",2026-09-15T23:53:11.785896+00:00
126603,14497.45,63,7,0.0,4.3,0.0,"decay-wtd trimmed median, hl=45.0d, 0 sold of 8",2026-09-15T23:53:11.785896+00:00
116333,11363.78,63,6,0.0,3.8,0.0,"decay-wtd trimmed median, hl=45.0d, 0 sold of 6",2026-09-15T23:53:11.785896+00:00
116613LN,11983.78,63,6,0.0,3.9,0.0,"decay-wtd trimmed median, hl=45.0d, 0 sold of 6",2026-09-15T23:53:11.785896+00:00
126619LB,32736.19,63,6,0.0,3.6,0.0,"decay-wtd trimmed median, hl=45.0d, 0 sold of 6",2026-09-15T23:53:11.785896+00:00
310.30.42.50.01.001,5696.69,63,6,0.0,1.8,6.0,"decay-wtd trimmed median, hl=45.0d, 0 sold of 8",2026-09-15T23:53:11.785896+00:00
590005,2689.05,62,18,0.0,13.4,0.0,"decay-wtd trimmed median, hl=45.0d, 0 sold of 18",2026-09-15T23:53:11.785896+00:00
1601,5302.69,62,15,0.0,13.2,0.0,"decay-wtd trimmed median, hl=45.0d, 0 sold of 18",2026-09-15T23:53:11.785896+00:00
126660,11399.21,62,11,0.0,5.0,0.0,"decay-wtd trimmed median, hl=45.0d, 0 sold of 11",2026-09-15T23:53:11.785896+00:00
116505,43258.53,62,10,0.0,4.8,0.0,"decay-wtd trimmed median, hl=45.0d, 0 sold of 12",2026-09-15T23:53:11.785896+00:00
216570,8476.34,62,10,0.0,4.7,0.0,"decay-wtd trimmed median, hl=45.0d, 0 sold of 10",2026-09-15T23:53:11.785896+00:00
278271,14442.08,62,10,0.0,5.4,0.0,"decay-wtd trimmed median, hl=45.0d, 0 sold of 10",2026-09-15T23:53:11.785896+00:00
326.30.40.50.01.002,2981.33,62,10,0.0,5.1,0.0,"decay-wtd trimmed median, hl=45.0d, 0 sold of 10",2026-09-15T23:53:11.785896+00:00
590003,1169.15,62,9,0.0,5.0,0.0,"decay-wtd trimmed median, hl=45.0d, 0 sold of 11",2026-09-15T23:53:11.785896+00:00
126729VTNR,43417.96,62,8,0.0,5.1,0.0,"decay-wtd trimmed median, hl=45.0d, 0 sold of 8",2026-09-15T23:53:11.785896+00:00
SBGN029,2420.95,62,8,0.0,5.5,0.0,"decay-wtd trimmed median, hl=45.0d, 0 sold of 10",2026-09-15T23:53:11.785896+00:00
W5200013,2689.05,62,8,0.0,5.1,0.0,"decay-wtd trimmed median, hl=45.0d, 0 sold of 8",2026-09-15T23:53:11.785896+00:00
228235,44868.42,62,6,0.0,5.4,0.0,"decay-wtd trimmed median, hl=45.0d, 0 sold of 6",2026-09-15T23:53:11.785896+00:00
SBGC251,86.52,62,6,0.0,5.3,0.0,"decay-wtd trimmed median, hl=45.0d, 0 sold of 9",2026-09-15T23:53:11.785896+00:00
WSPA0026,3858.2,62,6,0.0,4.7,0.0,"decay-wtd trimmed median, hl=45.0d, 0 sold of 6",2026-09-15T23:53:11.785896+00:00
79950,2545.85,61,13,0.0,13.9,0.0,"decay-wtd trimmed median, hl=45.0d, 0 sold of 13",2026-09-15T23:53:11.785896+00:00
16622,9422.83,61,11,0.0,6.2,0.0,"decay-wtd trimmed median, hl=45.0d, 0 sold of 11",2026-09-15T23:53:11.785896+00:00
SBGX355,3156.71,61,11,0.0,6.5,0.0,"decay-wtd trimmed median, hl=45.0d, 0 sold of 11",2026-09-15T23:53:11.785896+00:00
WSTA0051,3098.25,61,11,0.0,5.7,0.0,"decay-wtd trimmed median, hl=45.0d, 0 sold of 11",2026-09-15T23:53:11.785896+00:00
116400,8581.36,61,7,0.0,6.3,0.0,"decay-wtd trimmed median, hl=45.0d, 0 sold of 7",2026-09-15T23:53:11.785896+00:00
116523,16835.75,61,6,0.0,6.4,0.0,"decay-wtd trimmed median, hl=45.0d, 0 sold of 6",2026-09-15T23:53:11.785896+00:00
278274,13541.98,61,6,0.0,4.3,4.0,"decay-wtd trimmed median, hl=45.0d, 0 sold of 9",2026-09-15T23:53:11.785896+00:00
79643,7486.5,61,6,0.0,6.4,0.0,"decay-wtd trimmed median, hl=45.0d, 0 sold of 6",2026-09-15T23:53:11.785896+00:00
16013,5819.69,60,15,0.0,15.4,0.0,"decay-wtd trimmed median, hl=45.0d, 0 sold of 15",2026-09-15T23:53:11.785896+00:00
1016,19754.9,60,9,0.0,7.3,0.0,"decay-wtd trimmed median, hl=45.0d, 0 sold of 11",2026-09-15T23:53:11.785896+00:00
326934,17186.5,60,9,0.0,7.1,0.0,"decay-wtd trimmed median, hl=45.0d, 0 sold of 9",2026-09-15T23:53:11.785896+00:00
176200,4092.03,60,8,0.0,7.3,0.0,"decay-wtd trimmed median, hl=45.0d, 0 sold of 8",2026-09-15T23:53:11.785896+00:00
279384RBR,18401.38,60,8,0.0,6.8,0.0,"decay-wtd trimmed median, hl=45.0d, 0 sold of 8",2026-09-15T23:53:11.785896+00:00
68273,5860.12,60,8,0.0,7.3,0.0,"decay-wtd trimmed median, hl=45.0d, 0 sold of 8",2026-09-15T23:53:11.785896+00:00
SBGX263,1531.29,60,8,0.0,7.0,0.0,"decay-wtd trimmed median, hl=45.0d, 0 sold of 9",2026-09-15T23:53:11.785896+00:00
210.90.42.20.01.001,7369.24,60,7,0.0,4.8,6.0,"decay-wtd trimmed median, hl=45.0d, 0 sold of 8",2026-09-15T23:53:11.785896+00:00
68274,6371.87,60,7,0.0,7.0,0.0,"decay-wtd trimmed median, hl=45.0d, 0 sold of 7",2026-09-15T23:53:11.785896+00:00
79000B,3743.18,60,6,0.0,7.0,0.0,"decay-wtd trimmed median, hl=45.0d, 0 sold of 6",2026-09-15T23:53:11.785896+00:00
116000,6430.33,59,10,0.0,8.3,0.0,"decay-wtd trimmed median, hl=45.0d, 0 sold of 10",2026-09-15T23:53:11.785896+00:00
79160,3741.28,59,8,0.0,8.2,0.0,"decay-wtd trimmed median, hl=45.0d, 0 sold of 8",2026-09-15T23:53:11.785896+00:00
15510ST,42381.67,59,7,0.0,7.9,0.0,"decay-wtd trimmed median, hl=45.0d, 0 sold of 7",2026-09-15T23:53:11.785896+00:00
28403,2776.93,59,6,0.0,6.4,4.0,"decay-wtd trimmed median, hl=45.0d, 0 sold of 6",2026-09-15T23:53:11.785896+00:00
SLGH013,6025.46,59,6,0.0,7.9,0.0,"decay-wtd trimmed median, hl=45.0d, 0 sold of 7",2026-09-15T23:53:11.785896+00:00
126508,65807.58,58,17,0.0,17.1,0.0,"decay-wtd trimmed median, hl=45.0d, 0 sold of 17",2026-09-15T23:53:11.785896+00:00
14000,4541.41,58,8,0.0,9.4,0.0,"decay-wtd trimmed median, hl=45.0d, 0 sold of 8",2026-09-15T23:53:11.785896+00:00
79830RB,2768.03,58,8,0.0,9.2,0.0,"decay-wtd trimmed median, hl=45.0d, 0 sold of 8",2026-09-15T23:53:11.785896+00:00
18038,20927.78,58,7,0.0,9.2,0.0,"decay-wtd trimmed median, hl=45.0d, 0 sold of 9",2026-09-15T23:53:11.785896+00:00
SBGP001,2162.93,58,7,0.0,9.3,0.0,"decay-wtd trimmed median, hl=45.0d, 0 sold of 7",2026-09-15T23:53:11.785896+00:00
279381RBR,21475.89,57,8,0.0,10.2,0.0,"decay-wtd trimmed median, hl=45.0d, 0 sold of 8",2026-09-15T23:53:11.785896+00:00
SBGX265,1930.07,57,8,0.0,10.0,0.0,"decay-wtd trimmed median, hl=45.0d, 0 sold of 8",2026-09-15T23:53:11.785896+00:00
590004,1227.61,57,7,0.0,9.5,0.0,"decay-wtd trimmed median, hl=45.0d, 0 sold of 7",2026-09-15T23:53:11.785896+00:00
SBGJ263,91.78,57,7,0.0,9.6,0.0,"decay-wtd trimmed median, hl=45.0d, 0 sold of 10",2026-09-15T23:53:11.785896+00:00
SBGN013,1819.93,57,6,0.0,5.5,14.0,"decay-wtd trimmed median, hl=45.0d, 0 sold of 6",2026-09-15T23:53:11.785896+00:00
79174,4611.57,56,11,0.0,11.0,0.0,"decay-wtd trimmed median, hl=45.0d, 0 sold of 11",2026-09-15T23:53:11.785896+00:00
SBGM221,3542.93,56,11,0.0,10.6,0.0,"decay-wtd trimmed median, hl=45.0d, 0 sold of 11",2026-09-15T23:53:11.785896+00:00
14060,8184.05,56,8,0.0,11.4,0.0,"decay-wtd trimmed median, hl=45.0d, 0 sold of 9",2026-09-15T23:53:11.785896+00:00
69174,4332.58,56,8,0.0,11.1,0.0,"decay-wtd trimmed median, hl=45.0d, 0 sold of 11",2026-09-15T23:53:11.785896+00:00
SBGA465,3979.88,56,8,0.0,11.0,0.0,"decay-wtd trimmed median, hl=45.0d, 0 sold of 8",2026-09-15T23:53:11.785896+00:00
126284RBR,17771.07,56,7,0.0,10.8,0.0,"decay-wtd trimmed median, hl=45.0d, 0 sold of 7",2026-09-15T23:53:11.785896+00:00
SBGJ271,5021.07,56,7,0.0,11.5,0.0,"decay-wtd trimmed median, hl=45.0d, 0 sold of 7",2026-09-15T23:53:11.785896+00:00
79470,4394.25,55,13,0.0,20.0,0.0,"decay-wtd trimmed median, hl=45.0d, 0 sold of 13",2026-09-15T23:53:11.785896+00:00
79603,6370.5,55,9,0.0,12.4,0.0,"decay-wtd trimmed median, hl=45.0d, 0 sold of 9",2026-09-15T23:53:11.785896+00:00
SBGP013,2070.52,55,9,0.0,11.8,0.0,"decay-wtd trimmed median, hl=45.0d, 0 sold of 9",2026-09-15T23:53:11.785896+00:00
179173,6691.42,55,5,0.0,0.5,0.0,"decay-wtd trimmed median, hl=45.0d, 0 sold of 6",2026-09-15T23:53:11.785896+00:00
217.32.42.21.01.002,7998.0,55,5,0.0,0.0,0.0,"decay-wtd trimmed median, hl=45.0d, 0 sold of 5",2026-09-15T23:53:11.785896+00:00
226627,22798.42,55,5,0.0,0.0,0.0,"decay-wtd trimmed median, hl=45.0d, 0 sold of 7",2026-09-15T23:53:11.785896+00:00
332.10.41.51.11.001,9951.0,55,5,0.0,0.0,0.0,"decay-wtd trimmed median, hl=45.0d, 0 sold of 5",2026-09-15T23:53:11.785896+00:00
79653,9997.5,55,5,0.0,0.0,0.0,"decay-wtd trimmed median, hl=45.0d, 0 sold of 5",2026-09-15T23:53:11.785896+00:00
SARB013J,21.05,55,5,0.0,0.0,0.0,"decay-wtd trimmed median, hl=45.0d, 0 sold of 5",2026-09-15T23:53:11.785896+00:00
SBGA015J,36.83,55,5,0.0,0.0,0.0,"decay-wtd trimmed median, hl=45.0d, 0 sold of 5",2026-09-15T23:53:11.785896+00:00
SBGH343,7347.0,55,5,0.0,0.0,0.0,"decay-wtd trimmed median, hl=45.0d, 0 sold of 5",2026-09-15T23:53:11.785896+00:00
SLGH005,6430.33,55,5,0.0,0.0,0.0,"decay-wtd trimmed median, hl=45.0d, 0 sold of 9",2026-09-15T23:53:11.785896+00:00
WSPA0012,2338.3,55,5,0.0,0.0,0.0,"decay-wtd trimmed median, hl=45.0d, 0 sold of 8",2026-09-15T23:53:11.785896+00:00
126515LNGBK,45065.4,55,4,0.0,0.3,0.0,"decay-wtd trimmed median, hl=45.0d, 0 sold of 4",2026-09-15T23:53:11.785896+00:00
16220,6848.57,55,4,0.0,0.3,0.0,"decay-wtd trimmed median, hl=45.0d, 0 sold of 6",2026-09-15T23:53:11.785896+00:00
79613,9625.5,55,4,0.0,0.0,0.0,"decay-wtd trimmed median, hl=45.0d, 0 sold of 4",2026-09-15T23:53:11.785896+00:00
IW371605,4968.89,55,4,0.0,0.3,0.0,"decay-wtd trimmed median, hl=45.0d, 0 sold of 7",2026-09-15T23:53:11.785896+00:00
SACK015J,18.7,55,4,0.0,0.0,0.0,"decay-wtd trimmed median, hl=45.0d, 0 sold of 4",2026-09-15T23:53:11.785896+00:00
SBGJ013G,48.52,55,4,0.0,0.0,0.0,"decay-wtd trimmed median, hl=45.0d, 0 sold of 4",2026-09-15T23:53:11.785896+00:00
SLA053,2976.0,55,4,0.0,0.0,0.0,"decay-wtd trimmed median, hl=45.0d, 0 sold of 4",2026-09-15T23:53:11.785896+00:00
SPB263,1302.0,55,4,0.0,0.0,0.0,"decay-wtd trimmed median, hl=45.0d, 0 sold of 4",2026-09-15T23:53:11.785896+00:00
SPB419,1162.5,55,4,0.0,0.0,0.0,"decay-wtd trimmed median, hl=45.0d, 0 sold of 4",2026-09-15T23:53:11.785896+00:00
SPB421,1162.5,55,4,0.0,0.0,0.0,"decay-wtd trimmed median, hl=45.0d, 0 sold of 4",2026-09-15T23:53:11.785896+00:00
1002,4783.99,55,3,0.0,0.2,0.0,"decay-wtd trimmed median, hl=45.0d, 0 sold of 3",2026-09-15T23:53:11.785896+00:00
116506,130360.17,55,3,0.0,0.2,0.0,"decay-wtd trimmed median, hl=45.0d, 0 sold of 4",2026-09-15T23:53:11.785896+00:00
116519LN,40683.73,55,3,0.0,0.4,0.0,"decay-wtd trimmed median, hl=45.0d, 0 sold of 4",2026-09-15T23:53:11.785896+00:00
126334G,12509.9,55,3,0.0,0.1,0.0,"decay-wtd trimmed median, hl=45.0d, 0 sold of 4",2026-09-15T23:53:11.785896+00:00
126500LNBK,28803.6,55,3,0.0,0.2,0.0,"decay-wtd trimmed median, hl=45.0d, 0 sold of 3",2026-09-15T23:53:11.785896+00:00
126515LNCB,47191.13,55,3,0.0,0.3,0.0,"decay-wtd trimmed median, hl=45.0d, 0 sold of 3",2026-09-15T23:53:11.785896+00:00
126618LN,38103.11,55,3,0.0,0.3,0.0,"decay-wtd trimmed median, hl=45.0d, 0 sold of 3",2026-09-15T23:53:11.785896+00:00
131.15.28.60.99.001,6491.2,55,3,0.0,0.4,0.0,"decay-wtd trimmed median, hl=45.0d, 0 sold of 3",2026-09-15T23:53:11.785896+00:00
131.20.25.60.55.002,4913.16,55,3,0.0,0.4,0.0,"decay-wtd trimmed median, hl=45.0d, 0 sold of 5",2026-09-15T23:53:11.785896+00:00
131.23.29.20.99.003,6826.94,55,3,0.0,0.4,0.0,"decay-wtd trimmed median, hl=45.0d, 0 sold of 3",2026-09-15T23:53:11.785896+00:00
140.13.39.21.01.001,11346.0,55,3,0.0,0.0,0.0,"decay-wtd trimmed median, hl=45.0d, 0 sold of 3",2026-09-15T23:53:11.785896+00:00
140.50.39.21.99.001,54963.0,55,3,0.0,0.0,0.0,"decay-wtd trimmed median, hl=45.0d, 0 sold of 3",2026-09-15T23:53:11.785896+00:00
15200,4212.23,55,3,0.0,0.0,0.0,"decay-wtd trimmed median, hl=45.0d, 0 sold of 5",2026-09-15T23:53:11.785896+00:00
15210ST,18135.0,55,3,0.0,0.0,0.0,"decay-wtd trimmed median, hl=45.0d, 0 sold of 3",2026-09-15T23:53:11.785896+00:00
16233G,7869.15,55,3,0.0,0.1,1.0,"decay-wtd trimmed median, hl=45.0d, 0 sold of 3",2026-09-15T23:53:11.785896+00:00
16234GBK,7392.21,55,3,0.0,0.2,0.0,"decay-wtd trimmed median, hl=45.0d, 0 sold of 3",2026-09-15T23:53:11.785896+00:00
16628,22681.5,55,3,0.0,0.0,0.0,"decay-wtd trimmed median, hl=45.0d, 0 sold of 3",2026-09-15T23:53:11.785896+00:00
179174NR,7527.84,55,3,0.0,0.4,0.0,"decay-wtd trimmed median, hl=45.0d, 0 sold of 3",2026-09-15T23:53:11.785896+00:00
18248A,18981.98,55,3,0.0,0.1,0.0,"decay-wtd trimmed median, hl=45.0d, 0 sold of 3",2026-09-15T23:53:11.785896+00:00
210.30.42.20.01.010,6789.0,55,3,0.0,0.0,0.0,"decay-wtd trimmed median, hl=45.0d, 0 sold of 3",2026-09-15T23:53:11.785896+00:00
210.30.42.20.03.003,6603.0,55,3,0.0,0.0,0.0,"decay-wtd trimmed median, hl=45.0d, 0 sold of 3",2026-09-15T23:53:11.785896+00:00
210.30.42.20.06.002,6789.0,55,3,0.0,0.0,0.0,"decay-wtd trimmed median, hl=45.0d, 0 sold of 3",2026-09-15T23:53:11.785896+00:00
210.32.42.20.10.001,5859.0,55,3,0.0,0.0,0.0,"decay-wtd trimmed median, hl=45.0d, 0 sold of 3",2026-09-15T23:53:11.785896+00:00
210.90.42.20.10.001,11625.0,55,3,0.0,0.0,0.0,"decay-wtd trimmed median, hl=45.0d, 0 sold of 3",2026-09-15T23:53:11.785896+00:00
210.92.42.20.01.003,15438.0,55,3,0.0,0.0,0.0,"decay-wtd trimmed median, hl=45.0d, 0 sold of 3",2026-09-15T23:53:11.785896+00:00
210.92.42.20.10.001,10695.0,55,3,0.0,0.0,0.0,"decay-wtd trimmed median, hl=45.0d, 0 sold of 3",2026-09-15T23:53:11.785896+00:00
215.32.44.21.09.001,7905.0,55,3,0.0,0.0,0.0,"decay-wtd trimmed median, hl=45.0d, 0 sold of 3",2026-09-15T23:53:11.785896+00:00
215.32.46.51.06.001,9393.0,55,3,0.0,0.0,0.0,"decay-wtd trimmed median, hl=45.0d, 0 sold of 3",2026-09-15T23:53:11.785896+00:00
215.32.46.51.09.001,10137.0,55,3,0.0,0.0,0.0,"decay-wtd trimmed median, hl=45.0d, 0 sold of 3",2026-09-15T23:53:11.785896+00:00
217.30.42.21.01.002,8556.0,55,3,0.0,0.0,0.0,"decay-wtd trimmed median, hl=45.0d, 0 sold of 3",2026-09-15T23:53:11.785896+00:00
217.30.42.21.01.003,8835.0,55,3,0.0,0.0,0.0,"decay-wtd trimmed median, hl=45.0d, 0 sold of 4",2026-09-15T23:53:11.785896+00:00
217.32.42.21.01.004,8277.0,55,3,0.0,0.0,0.0,"decay-wtd trimmed median, hl=45.0d, 0 sold of 3",2026-09-15T23:53:11.785896+00:00
220.10.30.20.09.001,4745.29,55,3,0.0,0.4,0.0,"decay-wtd trimmed median, hl=45.0d, 0 sold of 3",2026-09-15T23:53:11.785896+00:00
220.10.30.20.55.001,5528.71,55,3,0.0,0.4,0.0,"decay-wtd trimmed median, hl=45.0d, 0 sold of 3",2026-09-15T23:53:11.785896+00:00
220.10.30.20.60.001,5304.88,55,3,0.0,0.4,0.0,"decay-wtd trimmed median, hl=45.0d, 0 sold of 3",2026-09-15T23:53:11.785896+00:00
220.10.34.20.02.001,3905.92,55,3,0.0,0.4,0.0,"decay-wtd trimmed median, hl=45.0d, 0 sold of 3",2026-09-15T23:53:11.785896+00:00
220.10.34.20.55.001,4969.12,55,3,0.0,0.4,0.0,"decay-wtd trimmed median, hl=45.0d, 0 sold of 3",2026-09-15T23:53:11.785896+00:00
220.10.38.20.03.003,5025.09,55,3,0.0,0.4,0.0,"decay-wtd trimmed median, hl=45.0d, 0 sold of 3",2026-09-15T23:53:11.785896+00:00
220.10.38.20.03.005,6882.0,55,3,0.0,0.0,0.0,"decay-wtd trimmed median, hl=45.0d, 0 sold of 3",2026-09-15T23:53:11.785896+00:00
220.10.38.20.10.002,5025.09,55,3,0.0,0.4,0.0,"decay-wtd trimmed median, hl=45.0d, 0 sold of 3",2026-09-15T23:53:11.785896+00:00
220.10.38.20.13.003,5025.09,55,3,0.0,0.4,0.0,"decay-wtd trimmed median, hl=45.0d, 0 sold of 3",2026-09-15T23:53:11.785896+00:00
220.10.41.21.03.005,6882.0,55,3,0.0,0.0,0.0,"decay-wtd trimmed median, hl=45.0d, 0 sold of 3",2026-09-15T23:53:11.785896+00:00
220.10.41.21.10.001,6603.0,55,3,0.0,0.0,0.0,"decay-wtd trimmed median, hl=45.0d, 0 sold of 3",2026-09-15T23:53:11.785896+00:00
220.92.43.22.99.001,13020.0,55,3,0.0,0.0,0.0,"decay-wtd trimmed median, hl=45.0d, 0 sold of 3",2026-09-15T23:53:11.785896+00:00
228348RBR,68979.82,55,3,0.0,0.0,0.0,"decay-wtd trimmed median, hl=45.0d, 0 sold of 5",2026-09-15T23:53:11.785896+00:00
234.30.41.21.03.002,7719.0,55,3,0.0,0.0,0.0,"decay-wtd trimmed median, hl=45.0d, 0 sold of 3",2026-09-15T23:53:11.785896+00:00
234.32.41.21.03.001,7068.0,55,3,0.0,0.0,0.0,"decay-wtd trimmed median, hl=45.0d, 0 sold of 3",2026-09-15T23:53:11.785896+00:00
28500,2038.45,55,3,0.0,0.4,0.0,"decay-wtd trimmed median, hl=45.0d, 0 sold of 4",2026-09-15T23:53:11.785896+00:00
304.30.43.52.01.001,17949.0,55,3,0.0,0.0,0.0,"decay-wtd trimmed median, hl=45.0d, 0 sold of 3",2026-09-15T23:53:11.785896+00:00
310.20.42.50.02.001,19623.0,55,3,0.0,0.0,0.0,"decay-wtd trimmed median, hl=45.0d, 0 sold of 3",2026-09-15T23:53:11.785896+00:00
310.32.42.50.01.001,6882.0,55,3,0.0,0.0,0.0,"decay-wtd trimmed median, hl=45.0d, 0 sold of 3",2026-09-15T23:53:11.785896+00:00
310.32.42.50.01.002,7998.0,55,3,0.0,0.0,0.0,"decay-wtd trimmed median, hl=45.0d, 0 sold of 3",2026-09-15T23:53:11.785896+00:00
310.60.42.50.01.002,45849.0,55,3,0.0,0.0,0.0,"decay-wtd trimmed median, hl=45.0d, 0 sold of 3",2026-09-15T23:53:11.785896+00:00
310.92.44.50.06.002,15252.0,55,3,0.0,0.0,0.0,"decay-wtd trimmed median, hl=45.0d, 0 sold of 3",2026-09-15T23:53:11.785896+00:00
310.92.44.51.01.001,14973.0,55,3,0.0,0.0,0.0,"decay-wtd trimmed median, hl=45.0d, 0 sold of 3",2026-09-15T23:53:11.785896+00:00
310.92.44.51.01.002,14601.0,55,3,0.0,0.0,0.0,"decay-wtd trimmed median, hl=45.0d, 0 sold of 3",2026-09-15T23:53:11.785896+00:00
310.92.44.51.01.004,14601.0,55,3,0.0,0.0,0.0,"decay-wtd trimmed median, hl=45.0d, 0 sold of 3",2026-09-15T23:53:11.785896+00:00
310.92.44.51.01.005,14973.0,55,3,0.0,0.0,0.0,"decay-wtd trimmed median, hl=45.0d, 0 sold of 3",2026-09-15T23:53:11.785896+00:00
326.30.40.50.03.001,3039.79,55,3,0.0,0.1,0.0,"decay-wtd trimmed median, hl=45.0d, 0 sold of 3",2026-09-15T23:53:11.785896+00:00
329.30.44.51.01.003,12183.0,55,3,0.0,0.0,0.0,"decay-wtd trimmed median, hl=45.0d, 0 sold of 3",2026-09-15T23:53:11.785896+00:00
33093,7424.1,55,3,0.0,0.0,0.0,"decay-wtd trimmed median, hl=45.0d, 0 sold of 3",2026-09-15T23:53:11.785896+00:00
4084,4772.26,55,3,0.0,0.0,0.0,"decay-wtd trimmed median, hl=45.0d, 0 sold of 3",2026-09-15T23:53:11.785896+00:00
424.25.27.60.58.001,5341.98,55,3,0.0,0.4,0.0,"decay-wtd trimmed median, hl=45.0d, 0 sold of 3",2026-09-15T23:53:11.785896+00:00
424.57.37.20.55.003,9925.59,55,3,0.0,0.4,0.0,"decay-wtd trimmed median, hl=45.0d, 0 sold of 3",2026-09-15T23:53:11.785896+00:00
434.10.30.60.05.001,2395.03,55,3,0.0,0.4,0.0,"decay-wtd trimmed median, hl=45.0d, 0 sold of 3",2026-09-15T23:53:11.785896+00:00
4600V200AB980,20384.52,55,3,0.0,0.4,0.0,"decay-wtd trimmed median, hl=45.0d, 0 sold of 3",2026-09-15T23:53:11.785896+00:00
4600V200RB979,42825.03,55,3,0.0,0.4,0.0,"decay-wtd trimmed median, hl=45.0d, 0 sold of 3",2026-09-15T23:53:11.785896+00:00
68278,15055.68,55,3,0.0,0.4,0.0,"decay-wtd trimmed median, hl=45.0d, 0 sold of 3",2026-09-15T23:53:11.785896+00:00
79174NGPKS,7385.3,55,3,0.0,0.0,0.0,"decay-wtd trimmed median, hl=45.0d, 0 sold of 4",2026-09-15T23:53:11.785896+00:00
79230DK,2467.16,55,3,0.0,0.3,0.0,"decay-wtd trimmed median, hl=45.0d, 0 sold of 4",2026-09-15T23:53:11.785896+00:00
79673,10206.75,55,3,0.0,0.0,0.0,"decay-wtd trimmed median, hl=45.0d, 0 sold of 3",2026-09-15T23:53:11.785896+00:00
79930,3627.0,55,3,0.0,0.0,0.0,"decay-wtd trimmed median, hl=45.0d, 0 sold of 5",2026-09-15T23:53:11.785896+00:00
91560,2003.31,55,3,0.0,0.0,0.0,"decay-wtd trimmed median, hl=45.0d, 0 sold of 3",2026-09-15T23:53:11.785896+00:00
A17327361L1A1,3278.79,55,3,0.0,0.4,0.0,"decay-wtd trimmed median, hl=45.0d, 0 sold of 3",2026-09-15T23:53:11.785896+00:00
A17327381B1A1,3278.79,55,3,0.0,0.4,0.0,"decay-wtd trimmed median, hl=45.0d, 0 sold of 3",2026-09-15T23:53:11.785896+00:00
BAM155,23.38,55,3,0.0,0.0,0.0,"decay-wtd trimmed median, hl=45.0d, 0 sold of 3",2026-09-15T23:53:11.785896+00:00
BAM156,32.74,55,3,0.0,0.0,0.0,"decay-wtd trimmed median, hl=45.0d, 0 sold of 3",2026-09-15T23:53:11.785896+00:00
BAM161,39.16,55,3,0.0,0.0,0.0,"decay-wtd trimmed median, hl=45.0d, 0 sold of 3",2026-09-15T23:53:11.785896+00:00
BAM162,47.35,55,3,0.0,0.0,0.0,"decay-wtd trimmed median, hl=45.0d, 0 sold of 3",2026-09-15T23:53:11.785896+00:00
Q3878120,5025.09,55,3,0.0,0.4,0.0,"decay-wtd trimmed median, hl=45.0d, 0 sold of 3",2026-09-15T23:53:11.785896+00:00
SAEA001,88.85,55,3,0.0,0.0,0.0,"decay-wtd trimmed median, hl=45.0d, 0 sold of 3",2026-09-15T23:53:11.785896+00:00
SBCL001J,18.7,55,3,0.0,0.0,0.0,"decay-wtd trimmed median, hl=45.0d, 0 sold of 3",2026-09-15T23:53:11.785896+00:00
SBDC185,75.99,55,3,0.0,0.0,0.0,"decay-wtd trimmed median, hl=45.0d, 0 sold of 4",2026-09-15T23:53:11.785896+00:00
SBDH001J,21.05,55,3,0.0,0.0,0.0,"decay-wtd trimmed median, hl=45.0d, 0 sold of 3",2026-09-15T23:53:11.785896+00:00
SBDN081,23.38,55,3,0.0,0.0,0.0,"decay-wtd trimmed median, hl=45.0d, 0 sold of 3",2026-09-15T23:53:11.785896+00:00
SBDY001J,19.29,55,3,0.0,0.0,0.0,"decay-wtd trimmed median, hl=45.0d, 0 sold of 3",2026-09-15T23:53:11.785896+00:00
SBDY111,39.16,55,3,0.0,0.0,0.0,"decay-wtd trimmed median, hl=45.0d, 0 sold of 3",2026-09-15T23:53:11.785896+00:00
SBGA031G,135.62,55,3,0.0,0.0,0.0,"decay-wtd trimmed median, hl=45.0d, 0 sold of 3",2026-09-15T23:53:11.785896+00:00
SBGA203,4172.43,55,3,0.0,0.1,0.0,"decay-wtd trimmed median, hl=45.0d, 0 sold of 3",2026-09-15T23:53:11.785896+00:00
SBGA437,3263.03,55,3,0.0,0.2,0.0,"decay-wtd trimmed median, hl=45.0d, 0 sold of 3",2026-09-15T23:53:11.785896+00:00
SBGC001J,35.07,55,3,0.0,0.0,0.0,"decay-wtd trimmed median, hl=45.0d, 0 sold of 3",2026-09-15T23:53:11.785896+00:00
SBGC221G,87.69,55,3,0.0,0.0,0.0,"decay-wtd trimmed median, hl=45.0d, 0 sold of 3",2026-09-15T23:53:11.785896+00:00
SBGE283,8277.0,55,3,0.0,0.0,0.0,"decay-wtd trimmed median, hl=45.0d, 0 sold of 3",2026-09-15T23:53:11.785896+00:00
SBGH299,4631.39,55,3,0.0,0.2,0.0,"decay-wtd trimmed median, hl=45.0d, 0 sold of 4",2026-09-15T23:53:11.785896+00:00
SBGH351,6975.0,55,3,0.0,0.0,0.0,"decay-wtd trimmed median, hl=45.0d, 0 sold of 3",2026-09-15T23:53:11.785896+00:00
SBGJ251,4780.58,55,3,0.0,0.4,0.0,"decay-wtd trimmed median, hl=45.0d, 0 sold of 5",2026-09-15T23:53:11.785896+00:00
SBGJ267,4903.76,55,3,0.0,0.2,0.0,"decay-wtd trimmed median, hl=45.0d, 0 sold of 3",2026-09-15T23:53:11.785896+00:00
SBGM255,5022.0,55,3,0.0,0.0,0.0,"decay-wtd trimmed median, hl=45.0d, 0 sold of 3",2026-09-15T23:53:11.785896+00:00
SBGV247J,70.15,55,3,0.0,0.0,0.0,"decay-wtd trimmed median, hl=45.0d, 0 sold of 3",2026-09-15T23:53:11.785896+00:00
SBGW283,3210.4,55,3,0.0,0.2,0.0,"decay-wtd trimmed median, hl=45.0d, 0 sold of 5",2026-09-15T23:53:11.785896+00:00
SBGW297,3684.06,55,3,0.0,0.2,0.0,"decay-wtd trimmed median, hl=45.0d, 0 sold of 4",2026-09-15T23:53:11.785896+00:00
SBGW299,3684.06,55,3,0.0,0.2,0.0,"decay-wtd trimmed median, hl=45.0d, 0 sold of 4",2026-09-15T23:53:11.785896+00:00
SBGW323,5487.0,55,3,0.0,0.0,0.0,"decay-wtd trimmed median, hl=45.0d, 0 sold of 3",2026-09-15T23:53:11.785896+00:00
SBGY013,6700.62,55,3,0.0,0.2,0.0,"decay-wtd trimmed median, hl=45.0d, 0 sold of 3",2026-09-15T23:53:11.785896+00:00
SBPN001,18.7,55,3,0.0,0.0,0.0,"decay-wtd trimmed median, hl=45.0d, 0 sold of 3",2026-09-15T23:53:11.785896+00:00
SBPX007,18.7,55,3,0.0,0.0,0.0,"decay-wtd trimmed median, hl=45.0d, 0 sold of 3",2026-09-15T23:53:11.785896+00:00
SBSA177,18.13,55,3,0.0,0.0,0.0,"decay-wtd trimmed median, hl=45.0d, 0 sold of 3",2026-09-15T23:53:11.785896+00:00
SDBY007,20.46,55,3,0.0,0.0,0.0,"decay-wtd trimmed median, hl=45.0d, 0 sold of 3",2026-09-15T23:53:11.785896+00:00
SDKA007,1929.1,55,3,0.0,0.0,0.0,"decay-wtd trimmed median, hl=45.0d, 0 sold of 3",2026-09-15T23:53:11.785896+00:00
SDKS001,1281.32,55,3,0.0,0.1,0.0,"decay-wtd trimmed median, hl=45.0d, 0 sold of 3",2026-09-15T23:53:11.785896+00:00
SJE085,2697.0,55,3,0.0,0.0,0.0,"decay-wtd trimmed median, hl=45.0d, 0 sold of 3",2026-09-15T23:53:11.785896+00:00
SJE113,2883.0,55,3,0.0,0.0,0.0,"decay-wtd trimmed median, hl=45.0d, 0 sold of 3",2026-09-15T23:53:11.785896+00:00
SJE119,2604.0,55,3,0.0,0.0,0.0,"decay-wtd trimmed median, hl=45.0d, 0 sold of 3",2026-09-15T23:53:11.785896+00:00
SLA055,4278.0,55,3,0.0,0.0,0.0,"decay-wtd trimmed median, hl=45.0d, 0 sold of 3",2026-09-15T23:53:11.785896+00:00
SLA061,3069.0,55,3,0.0,0.0,0.0,"decay-wtd trimmed median, hl=45.0d, 0 sold of 3",2026-09-15T23:53:11.785896+00:00
SLA063,2883.0,55,3,0.0,0.0,0.0,"decay-wtd trimmed median, hl=45.0d, 0 sold of 3",2026-09-15T23:53:11.785896+00:00
SLA075,2604.0,55,3,0.0,0.0,0.0,"decay-wtd trimmed median, hl=45.0d, 0 sold of 3",2026-09-15T23:53:11.785896+00:00
SLA083,3069.0,55,3,0.0,0.0,0.0,"decay-wtd trimmed median, hl=45.0d, 0 sold of 3",2026-09-15T23:53:11.785896+00:00
SLA087,3069.0,55,3,0.0,0.0,0.0,"decay-wtd trimmed median, hl=45.0d, 0 sold of 3",2026-09-15T23:53:11.785896+00:00
SLGA025,10230.0,55,3,0.0,0.0,0.0,"decay-wtd trimmed median, hl=45.0d, 0 sold of 3",2026-09-15T23:53:11.785896+00:00
SLGH011,8189.65,55,3,0.0,0.2,0.0,"decay-wtd trimmed median, hl=45.0d, 0 sold of 3",2026-09-15T23:53:11.785896+00:00
SLGH017,77.75,55,3,0.0,0.0,0.0,"decay-wtd trimmed median, hl=45.0d, 0 sold of 5",2026-09-15T23:53:11.785896+00:00
SNR053,5580.0,55,3,0.0,0.0,0.0,"decay-wtd trimmed median, hl=45.0d, 0 sold of 4",2026-09-15T23:53:11.785896+00:00
SNR055,5580.0,55,3,0.0,0.0,0.0,"decay-wtd trimmed median, hl=45.0d, 0 sold of 3",2026-09-15T23:53:11.785896+00:00
SPB265,1302.0,55,3,0.0,0.0,0.0,"decay-wtd trimmed median, hl=45.0d, 0 sold of 3",2026-09-15T23:53:11.785896+00:00
SPB288,1209.0,55,3,0.0,0.0,0.0,"decay-wtd trimmed median, hl=45.0d, 0 sold of 3",2026-09-15T23:53:11.785896+00:00
SPB297,1162.5,55,3,0.0,0.0,0.0,"decay-wtd trimmed median, hl=45.0d, 0 sold of 3",2026-09-15T23:53:11.785896+00:00
SPB317,837.0,55,3,0.0,0.0,0.0,"decay-wtd trimmed median, hl=45.0d, 0 sold of 3",2026-09-15T23:53:11.785896+00:00
SPB381,1395.0,55,3,0.0,0.0,0.0,"decay-wtd trimmed median, hl=45.0d, 0 sold of 3",2026-09-15T23:53:11.785896+00:00
SPB503,925.35,55,3,0.0,0.0,0.0,"decay-wtd trimmed median, hl=45.0d, 0 sold of 3",2026-09-15T23:53:11.785896+00:00
SPB515,925.35,55,3,0.0,0.0,0.0,"decay-wtd trimmed median, hl=45.0d, 0 sold of 3",2026-09-15T23:53:11.785896+00:00
SQWK024J,19.29,55,3,0.0,0.0,0.0,"decay-wtd trimmed median, hl=45.0d, 0 sold of 4",2026-09-15T23:53:11.785896+00:00
SRQ041,2976.0,55,3,0.0,0.0,0.0,"decay-wtd trimmed median, hl=45.0d, 0 sold of 3",2026-09-15T23:53:11.785896+00:00
SRQ057,2976.0,55,3,0.0,0.0,0.0,"decay-wtd trimmed median, hl=45.0d, 0 sold of 3",2026-09-15T23:53:11.785896+00:00
SSC961,674.25,55,3,0.0,0.0,0.0,"decay-wtd trimmed median, hl=45.0d, 0 sold of 3",2026-09-15T23:53:11.785896+00:00
SSC965,674.25,55,3,0.0,0.0,0.0,"decay-wtd trimmed median, hl=45.0d, 0 sold of 3",2026-09-15T23:53:11.785896+00:00
SSDV001,15.78,55,3,0.0,0.0,0.0,"decay-wtd trimmed median, hl=45.0d, 0 sold of 3",2026-09-15T23:53:11.785896+00:00
SSK033,460.35,55,3,0.0,0.0,0.0,"decay-wtd trimmed median, hl=45.0d, 0 sold of 3",2026-09-15T23:53:11.785896+00:00
STGF059J,63.14,55,3,0.0,0.0,0.0,"decay-wtd trimmed median, hl=45.0d, 0 sold of 4",2026-09-15T23:53:11.785896+00:00
STGF253J,35.07,55,3,0.0,0.0,0.0,"decay-wtd trimmed median, hl=45.0d, 0 sold of 3",2026-09-15T23:53:11.785896+00:00
STGF286,3157.77,55,3,0.0,0.2,0.0,"decay-wtd trimmed median, hl=45.0d, 0 sold of 3",2026-09-15T23:53:11.785896+00:00
STGK021,6274.71,55,3,0.0,0.2,0.0,"decay-wtd trimmed median, hl=45.0d, 0 sold of 3",2026-09-15T23:53:11.785896+00:00
STGK031,6138.0,55,3,0.0,0.0,0.0,"decay-wtd trimmed median, hl=45.0d, 0 sold of 3",2026-09-15T23:53:11.785896+00:00
STPX041J,19.29,55,3,0.0,0.0,0.0,"decay-wtd trimmed median, hl=45.0d, 0 sold of 3",2026-09-15T23:53:11.785896+00:00
SWCP001,18.7,55,3,0.0,0.0,0.0,"decay-wtd trimmed median, hl=45.0d, 0 sold of 3",2026-09-15T23:53:11.785896+00:00
W1005554,2721.17,55,3,0.0,0.4,0.0,"decay-wtd trimmed median, hl=45.0d, 0 sold of 3",2026-09-15T23:53:11.785896+00:00
W2PA0007,4840.12,55,3,0.0,0.4,0.0,"decay-wtd trimmed median, hl=45.0d, 0 sold of 3",2026-09-15T23:53:11.785896+00:00
W5000156,7695.13,55,3,0.0,0.4,0.0,"decay-wtd trimmed median, hl=45.0d, 0 sold of 3",2026-09-15T23:53:11.785896+00:00
WDA2111,2954.61,55,3,0.0,0.4,0.0,"decay-wtd trimmed median, hl=45.0d, 0 sold of 3",2026-09-15T23:53:11.785896+00:00
WGSA0111,15613.3,55,3,0.0,0.4,0.0,"decay-wtd trimmed median, hl=45.0d, 0 sold of 3",2026-09-15T23:53:11.785896+00:00
WSPA0021,2981.33,55,3,0.0,0.0,0.0,"decay-wtd trimmed median, hl=45.0d, 0 sold of 3",2026-09-15T23:53:11.785896+00:00
WSSA0061,7081.75,55,3,0.0,0.4,0.0,"decay-wtd trimmed median, hl=45.0d, 0 sold of 3",2026-09-15T23:53:11.785896+00:00
WSSA0063,7249.02,55,3,0.0,0.4,0.0,"decay-wtd trimmed median, hl=45.0d, 0 sold of 3",2026-09-15T23:53:11.785896+00:00
WSSA0085,4449.79,55,3,0.0,0.4,0.0,"decay-wtd trimmed median, hl=45.0d, 0 sold of 3",2026-09-15T23:53:11.785896+00:00
79683,6928.5,54,9,0.0,13.1,0.0,"decay-wtd trimmed median, hl=45.0d, 0 sold of 9",2026-09-15T23:53:11.785896+00:00
SLGB003,8866.07,54,9,0.0,12.6,0.0,"decay-wtd trimmed median, hl=45.0d, 0 sold of 9",2026-09-15T23:53:11.785896+00:00
79663,6742.5,54,8,0.0,13.4,0.0,"decay-wtd trimmed median, hl=45.0d, 0 sold of 8",2026-09-15T23:53:11.785896+00:00
79210CNU,3219.86,54,7,0.0,13.0,0.0,"decay-wtd trimmed median, hl=45.0d, 0 sold of 7",2026-09-15T23:53:11.785896+00:00
79363N,7928.25,54,6,0.0,13.5,0.0,"decay-wtd trimmed median, hl=45.0d, 0 sold of 6",2026-09-15T23:53:11.785896+00:00
116503NG,22213.84,54,4,0.0,1.3,0.0,"decay-wtd trimmed median, hl=45.0d, 0 sold of 4",2026-09-15T23:53:11.785896+00:00
18238,18998.68,54,4,0.0,0.9,0.0,"decay-wtd trimmed median, hl=45.0d, 0 sold of 6",2026-09-15T23:53:11.785896+00:00
76080,3567.95,54,4,0.0,1.2,0.0,"decay-wtd trimmed median, hl=45.0d, 0 sold of 6",2026-09-15T23:53:11.785896+00:00
SBGJ277,4793.52,54,4,0.0,0.6,0.0,"decay-wtd trimmed median, hl=45.0d, 0 sold of 7",2026-09-15T23:53:11.785896+00:00
SBGW301,3210.4,54,4,0.0,0.8,0.0,"decay-wtd trimmed median, hl=45.0d, 0 sold of 6",2026-09-15T23:53:11.785896+00:00
126519LNGBK,44002.54,54,3,0.0,0.6,0.0,"decay-wtd trimmed median, hl=45.0d, 0 sold of 3",2026-09-15T23:53:11.785896+00:00
126579RBR,74175.72,54,3,0.0,0.9,0.0,"decay-wtd trimmed median, hl=45.0d, 0 sold of 3",2026-09-15T23:53:11.785896+00:00
134303,15108.83,54,3,0.0,0.6,0.0,"decay-wtd trimmed median, hl=45.0d, 0 sold of 4",2026-09-15T23:53:11.785896+00:00
16238,21044.69,54,3,0.0,0.8,0.0,"decay-wtd trimmed median, hl=45.0d, 0 sold of 3",2026-09-15T23:53:11.785896+00:00
177200,5085.8,54,3,0.0,1.1,1.0,"decay-wtd trimmed median, hl=45.0d, 0 sold of 4",2026-09-15T23:53:11.785896+00:00
226658,31859.33,54,3,0.0,0.8,0.0,"decay-wtd trimmed median, hl=45.0d, 0 sold of 3",2026-09-15T23:53:11.785896+00:00
26393BC,19290.97,54,3,0.0,0.9,0.0,"decay-wtd trimmed median, hl=45.0d, 0 sold of 4",2026-09-15T23:53:11.785896+00:00
329.30.44.51.01.001,5318.5,54,3,0.0,1.3,0.0,"decay-wtd trimmed median, hl=45.0d, 0 sold of 3",2026-09-15T23:53:11.785896+00:00
424.20.27.60.58.004,2387.15,54,3,0.0,0.0,4.0,"decay-wtd trimmed median, hl=45.0d, 0 sold of 3",2026-09-15T23:53:11.785896+00:00
4520V210AB483,26604.92,54,3,0.0,1.4,0.0,"decay-wtd trimmed median, hl=45.0d, 0 sold of 3",2026-09-15T23:53:11.785896+00:00
522.30.43.51.02.001,5050.73,54,3,0.0,1.0,0.0,"decay-wtd trimmed median, hl=45.0d, 0 sold of 3",2026-09-15T23:53:11.785896+00:00
52506,35074.49,54,3,0.0,0.6,0.0,"decay-wtd trimmed median, hl=45.0d, 0 sold of 3",2026-09-15T23:53:11.785896+00:00
79173GRDG,6858.48,54,3,0.0,0.6,0.0,"decay-wtd trimmed median, hl=45.0d, 0 sold of 3",2026-09-15T23:53:11.785896+00:00
81003,2433.96,54,3,0.0,0.9,0.0,"decay-wtd trimmed median, hl=45.0d, 0 sold of 3",2026-09-15T23:53:11.785896+00:00
IW391037,3609.84,54,3,0.0,1.2,0.0,"decay-wtd trimmed median, hl=45.0d, 0 sold of 3",2026-09-15T23:53:11.785896+00:00
SBGA413,6035.7,54,3,0.0,1.4,0.0,"decay-wtd trimmed median, hl=45.0d, 0 sold of 5",2026-09-15T23:53:11.785896+00:00
SBGE295,4135.21,54,3,0.0,1.0,0.0,"decay-wtd trimmed median, hl=45.0d, 0 sold of 5",2026-09-15T23:53:11.785896+00:00
SBGX343,2183.05,54,3,0.0,0.9,0.0,"decay-wtd trimmed median, hl=45.0d, 0 sold of 4",2026-09-15T23:53:11.785896+00:00
SSVW194,49.69,54,3,0.0,1.2,0.0,"decay-wtd trimmed median, hl=45.0d, 0 sold of 3",2026-09-15T23:53:11.785896+00:00
W1003154,2674.82,54,3,0.0,0.4,2.0,"decay-wtd trimmed median, hl=45.0d, 0 sold of 3",2026-09-15T23:53:11.785896+00:00
W5200014,2893.06,54,3,0.0,1.4,0.0,"decay-wtd trimmed median, hl=45.0d, 0 sold of 3",2026-09-15T23:53:11.785896+00:00
WBN2010,2562.9,54,3,0.0,0.9,0.0,"decay-wtd trimmed median, hl=45.0d, 0 sold of 3",2026-09-15T23:53:11.785896+00:00
16014,5205.33,53,10,0.0,13.6,0.0,"decay-wtd trimmed median, hl=45.0d, 0 sold of 11",2026-09-15T23:53:11.785896+00:00
15500ST,37311.09,53,5,0.0,1.6,0.0,"decay-wtd trimmed median, hl=45.0d, 0 sold of 5",2026-09-15T23:53:11.785896+00:00
336238,34436.77,53,5,0.0,1.5,0.0,"decay-wtd trimmed median, hl=45.0d, 0 sold of 5",2026-09-15T23:53:11.785896+00:00
126519LNG,43843.11,53,4,0.0,2.4,0.0,"decay-wtd trimmed median, hl=45.0d, 0 sold of 4",2026-09-15T23:53:11.785896+00:00
126680,23922.46,53,4,0.0,2.4,0.0,"decay-wtd trimmed median, hl=45.0d, 0 sold of 4",2026-09-15T23:53:11.785896+00:00
WSPA0018,4326.98,53,4,0.0,2.2,0.0,"decay-wtd trimmed median, hl=45.0d, 0 sold of 4",2026-09-15T23:53:11.785896+00:00
116719BLRO,37093.93,53,3,0.0,2.3,0.0,"decay-wtd trimmed median, hl=45.0d, 0 sold of 3",2026-09-15T23:53:11.785896+00:00
126333NG,17696.67,53,3,0.0,1.5,0.0,"decay-wtd trimmed median, hl=45.0d, 0 sold of 3",2026-09-15T23:53:11.785896+00:00
128235,48094.56,53,3,0.0,1.6,2.0,"decay-wtd trimmed median, hl=45.0d, 0 sold of 3",2026-09-15T23:53:11.785896+00:00
131.20.39.20.13.001,4561.32,53,3,0.0,0.4,4.0,"decay-wtd trimmed median, hl=45.0d, 0 sold of 3",2026-09-15T23:53:11.785896+00:00
16233NG,9937.78,53,3,0.0,1.5,0.0,"decay-wtd trimmed median, hl=45.0d, 0 sold of 3",2026-09-15T23:53:11.785896+00:00
16528G,38676.75,53,3,0.0,1.8,0.0,"decay-wtd trimmed median, hl=45.0d, 0 sold of 3",2026-09-15T23:53:11.785896+00:00
16760,12031.1,53,3,0.0,1.9,0.0,"decay-wtd trimmed median, hl=45.0d, 0 sold of 3",2026-09-15T23:53:11.785896+00:00
178341,12267.58,53,3,0.0,0.4,4.0,"decay-wtd trimmed median, hl=45.0d, 0 sold of 3",2026-09-15T23:53:11.785896+00:00
178343,10594.74,53,3,0.0,0.4,4.0,"decay-wtd trimmed median, hl=45.0d, 0 sold of 3",2026-09-15T23:53:11.785896+00:00
210.22.42.20.01.002,8742.0,53,3,0.0,2.1,0.0,"decay-wtd trimmed median, hl=45.0d, 0 sold of 3",2026-09-15T23:53:11.785896+00:00
210.92.44.20.01.003,5436.55,53,3,0.0,2.4,0.0,"decay-wtd trimmed median, hl=45.0d, 0 sold of 4",2026-09-15T23:53:11.785896+00:00
220.10.41.21.02.001,3795.84,53,3,0.0,2.2,0.0,"decay-wtd trimmed median, hl=45.0d, 0 sold of 3",2026-09-15T23:53:11.785896+00:00
278273NG,19962.71,53,3,0.0,0.4,4.0,"decay-wtd trimmed median, hl=45.0d, 0 sold of 3",2026-09-15T23:53:11.785896+00:00
311.30.42.30.01.005,4490.11,53,3,0.0,1.7,0.0,"decay-wtd trimmed median, hl=45.0d, 0 sold of 3",2026-09-15T23:53:11.785896+00:00
326938,39990.0,53,3,0.0,2.1,0.0,"decay-wtd trimmed median, hl=45.0d, 0 sold of 3",2026-09-15T23:53:11.785896+00:00
4200H222AB934,47349.71,53,3,0.0,1.6,0.0,"decay-wtd trimmed median, hl=45.0d, 0 sold of 3",2026-09-15T23:53:11.785896+00:00
428.17.39.60.01.001,2052.04,53,3,0.0,0.4,4.0,"decay-wtd trimmed median, hl=45.0d, 0 sold of 3",2026-09-15T23:53:11.785896+00:00
428.18.36.60.03.002,2330.84,53,3,0.0,0.4,4.0,"decay-wtd trimmed median, hl=45.0d, 0 sold of 3",2026-09-15T23:53:11.785896+00:00
434.13.34.20.57.001,2776.93,53,3,0.0,0.4,4.0,"decay-wtd trimmed median, hl=45.0d, 0 sold of 3",2026-09-15T23:53:11.785896+00:00
522.32.40.20.01.001,3066.54,53,3,0.0,2.0,0.0,"decay-wtd trimmed median, hl=45.0d, 0 sold of 3",2026-09-15T23:53:11.785896+00:00
57121A001,116330.38,53,3,0.0,1.8,0.0,"decay-wtd trimmed median, hl=45.0d, 0 sold of 3",2026-09-15T23:53:11.785896+00:00
6119G001,26013.58,53,3,0.0,2.2,0.0,"decay-wtd trimmed median, hl=45.0d, 0 sold of 3",2026-09-15T23:53:11.785896+00:00
67540SK.ZZ.A010CA.01,19962.71,53,3,0.0,0.4,4.0,"decay-wtd trimmed median, hl=45.0d, 0 sold of 3",2026-09-15T23:53:11.785896+00:00
SADL011J,38.59,53,3,0.0,1.5,0.0,"decay-wtd trimmed median, hl=45.0d, 0 sold of 4",2026-09-15T23:53:11.785896+00:00
SBGR002,7307.19,53,3,0.0,1.6,0.0,"decay-wtd trimmed median, hl=45.0d, 0 sold of 3",2026-09-15T23:53:11.785896+00:00
SSQW086,442.87,53,3,0.0,0.5,4.0,"decay-wtd trimmed median, hl=45.0d, 0 sold of 3",2026-09-15T23:53:11.785896+00:00
SWCQ047,520.68,53,3,0.0,0.5,4.0,"decay-wtd trimmed median, hl=45.0d, 0 sold of 3",2026-09-15T23:53:11.785896+00:00
SWCW145,520.68,53,3,0.0,0.5,4.0,"decay-wtd trimmed median, hl=45.0d, 0 sold of 3",2026-09-15T23:53:11.785896+00:00
SWCW162,677.9,53,3,0.0,0.4,4.0,"decay-wtd trimmed median, hl=45.0d, 0 sold of 3",2026-09-15T23:53:11.785896+00:00
W1013654,2665.42,53,3,0.0,0.2,4.0,"decay-wtd trimmed median, hl=45.0d, 0 sold of 3",2026-09-15T23:53:11.785896+00:00
W1014154,3066.54,53,3,0.0,0.4,4.0,"decay-wtd trimmed median, hl=45.0d, 0 sold of 3",2026-09-15T23:53:11.785896+00:00
WGTA0191,12267.58,53,3,0.0,0.4,4.0,"decay-wtd trimmed median, hl=45.0d, 0 sold of 3",2026-09-15T23:53:11.785896+00:00
WGTA0303,16507.79,53,3,0.0,0.4,4.0,"decay-wtd trimmed median, hl=45.0d, 0 sold of 3",2026-09-15T23:53:11.785896+00:00
WSPA0009,3039.79,53,3,0.0,1.9,0.0,"decay-wtd trimmed median, hl=45.0d, 0 sold of 4",2026-09-15T23:53:11.785896+00:00
WSPN0012,3959.08,53,3,0.0,0.4,4.0,"decay-wtd trimmed median, hl=45.0d, 0 sold of 3",2026-09-15T23:53:11.785896+00:00
WSPN0015,5248.92,53,3,0.0,0.4,4.0,"decay-wtd trimmed median, hl=45.0d, 0 sold of 3",2026-09-15T23:53:11.785896+00:00
WSPN0016,5854.98,53,3,0.0,0.4,4.0,"decay-wtd trimmed median, hl=45.0d, 0 sold of 3",2026-09-15T23:53:11.785896+00:00
WSTA0042,2396.76,53,3,0.0,2.4,0.0,"decay-wtd trimmed median, hl=45.0d, 0 sold of 5",2026-09-15T23:53:11.785896+00:00
X83310F61B1S1,1667.56,53,3,0.0,1.8,0.0,"decay-wtd trimmed median, hl=45.0d, 0 sold of 3",2026-09-15T23:53:11.785896+00:00
126518LN,59042.05,52,25,0.0,22.5,0.0,"decay-wtd trimmed median, hl=45.0d, 0 sold of 25",2026-09-15T23:53:11.785896+00:00
278344RBR,12156.07,52,7,0.0,13.5,4.0,"decay-wtd trimmed median, hl=45.0d, 0 sold of 7",2026-09-15T23:53:11.785896+00:00
268655,35018.39,52,6,0.0,15.0,0.0,"decay-wtd trimmed median, hl=45.0d, 0 sold of 6",2026-09-15T23:53:11.785896+00:00
STGF025J,28.06,52,6,0.0,15.5,0.0,"decay-wtd trimmed median, hl=45.0d, 0 sold of 7",2026-09-15T23:53:11.785896+00:00
178240,6430.33,52,5,0.0,2.7,0.0,"decay-wtd trimmed median, hl=45.0d, 0 sold of 5",2026-09-15T23:53:11.785896+00:00
215.30.44.21.01.001,4435.55,52,5,0.0,3.2,0.0,"decay-wtd trimmed median, hl=45.0d, 0 sold of 6",2026-09-15T23:53:11.785896+00:00
310.30.42.50.04.001,6722.61,52,5,0.0,2.8,0.0,"decay-wtd trimmed median, hl=45.0d, 0 sold of 6",2026-09-15T23:53:11.785896+00:00
SBGN003,2142.99,52,5,0.0,3.0,0.0,"decay-wtd trimmed median, hl=45.0d, 0 sold of 5",2026-09-15T23:53:11.785896+00:00
116500LNWH,28059.59,52,4,0.0,2.9,0.0,"decay-wtd trimmed median, hl=45.0d, 0 sold of 4",2026-09-15T23:53:11.785896+00:00
116710BLNR,13737.5,52,4,0.0,1.5,4.0,"decay-wtd trimmed median, hl=45.0d, 0 sold of 5",2026-09-15T23:53:11.785896+00:00
116713LN,12626.81,52,4,0.0,3.3,0.0,"decay-wtd trimmed median, hl=45.0d, 0 sold of 4",2026-09-15T23:53:11.785896+00:00
15210OR,18589.48,52,4,0.0,2.6,0.0,"decay-wtd trimmed median, hl=45.0d, 0 sold of 5",2026-09-15T23:53:11.785896+00:00
15550ST,41504.81,52,4,0.0,3.4,0.0,"decay-wtd trimmed median, hl=45.0d, 0 sold of 4",2026-09-15T23:53:11.785896+00:00
178344,8953.38,52,4,0.0,1.5,4.0,"decay-wtd trimmed median, hl=45.0d, 0 sold of 4",2026-09-15T23:53:11.785896+00:00
179173NR,8281.87,52,4,0.0,1.7,4.0,"decay-wtd trimmed median, hl=45.0d, 0 sold of 5",2026-09-15T23:53:11.785896+00:00
215.30.40.20.04.001,4505.55,52,4,0.0,1.5,4.0,"decay-wtd trimmed median, hl=45.0d, 0 sold of 5",2026-09-15T23:53:11.785896+00:00
268622,11598.45,52,4,0.0,0.6,6.0,"decay-wtd trimmed median, hl=45.0d, 0 sold of 7",2026-09-15T23:53:11.785896+00:00
SACK005J,18.7,52,4,0.0,3.0,0.0,"decay-wtd trimmed median, hl=45.0d, 0 sold of 5",2026-09-15T23:53:11.785896+00:00
SBGR325,3419.76,52,4,0.0,3.3,0.0,"decay-wtd trimmed median, hl=45.0d, 0 sold of 5",2026-09-15T23:53:11.785896+00:00
W1003153,2442.37,52,4,0.0,0.2,9.1,"decay-wtd trimmed median, hl=45.0d, 0 sold of 5",2026-09-15T23:53:11.785896+00:00
W3140007,1636.81,52,4,0.0,3.5,0.0,"decay-wtd trimmed median, hl=45.0d, 0 sold of 5",2026-09-15T23:53:11.785896+00:00
126003,12802.18,52,3,0.0,0.8,6.0,"decay-wtd trimmed median, hl=45.0d, 0 sold of 4",2026-09-15T23:53:11.785896+00:00
136668LB,59985.0,52,3,0.0,3.1,0.0,"decay-wtd trimmed median, hl=45.0d, 0 sold of 3",2026-09-15T23:53:11.785896+00:00
15510BC,87730.33,52,3,0.0,2.6,0.0,"decay-wtd trimmed median, hl=45.0d, 0 sold of 3",2026-09-15T23:53:11.785896+00:00
18348A,26539.7,52,3,0.0,3.1,0.0,"decay-wtd trimmed median, hl=45.0d, 0 sold of 3",2026-09-15T23:53:11.785896+00:00
210.30.42.20.03.001,4465.5,52,3,0.0,3.0,0.0,"decay-wtd trimmed median, hl=45.0d, 0 sold of 3",2026-09-15T23:53:11.785896+00:00
210.30.44.51.01.001,4611.55,52,3,0.0,3.3,0.0,"decay-wtd trimmed median, hl=45.0d, 0 sold of 3",2026-09-15T23:53:11.785896+00:00
25610TNL,3730.55,52,3,0.0,3.2,0.0,"decay-wtd trimmed median, hl=45.0d, 0 sold of 3",2026-09-15T23:53:11.785896+00:00
26240ST,47818.22,52,3,0.0,2.8,0.0,"decay-wtd trimmed median, hl=45.0d, 0 sold of 3",2026-09-15T23:53:11.785896+00:00
311.30.42.30.01.006,4676.6,52,3,0.0,3.3,0.0,"decay-wtd trimmed median, hl=45.0d, 0 sold of 3",2026-09-15T23:53:11.785896+00:00
323.30.40.40.02.001,4088.81,52,3,0.0,2.9,0.0,"decay-wtd trimmed median, hl=45.0d, 0 sold of 3",2026-09-15T23:53:11.785896+00:00
73001200A0,18360.36,52,3,0.0,3.1,0.0,"decay-wtd trimmed median, hl=45.0d, 0 sold of 3",2026-09-15T23:53:11.785896+00:00
IW328903,8332.71,52,3,0.0,3.1,0.0,"decay-wtd trimmed median, hl=45.0d, 0 sold of 3",2026-09-15T23:53:11.785896+00:00
Q2708410,6134.22,52,3,0.0,1.0,6.0,"decay-wtd trimmed median, hl=45.0d, 0 sold of 3",2026-09-15T23:53:11.785896+00:00
SBCB007J,18.7,52,3,0.0,3.1,0.0,"decay-wtd trimmed median, hl=45.0d, 0 sold of 3",2026-09-15T23:53:11.785896+00:00
SBDL025,19.87,52,3,0.0,2.9,0.0,"decay-wtd trimmed median, hl=45.0d, 0 sold of 4",2026-09-15T23:53:11.785896+00:00
SBFG001J,18.7,52,3,0.0,3.1,0.0,"decay-wtd trimmed median, hl=45.0d, 0 sold of 3",2026-09-15T23:53:11.785896+00:00
SBGC203,4276.76,52,3,0.0,0.8,6.0,"decay-wtd trimmed median, hl=45.0d, 0 sold of 3",2026-09-15T23:53:11.785896+00:00
SBGX063,1348.7,52,3,0.0,1.0,6.0,"decay-wtd trimmed median, hl=45.0d, 0 sold of 3",2026-09-15T23:53:11.785896+00:00
SBPK001,392.0,52,3,0.0,0.9,6.0,"decay-wtd trimmed median, hl=45.0d, 0 sold of 4",2026-09-15T23:53:11.785896+00:00
SLGW003,8184.05,52,3,0.0,2.7,0.0,"decay-wtd trimmed median, hl=45.0d, 0 sold of 5",2026-09-15T23:53:11.785896+00:00
SSVV087J,35.07,52,3,0.0,3.3,0.0,"decay-wtd trimmed median, hl=45.0d, 0 sold of 3",2026-09-15T23:53:11.785896+00:00
SSVW193J,44.43,52,3,0.0,2.6,0.0,"decay-wtd trimmed median, hl=45.0d, 0 sold of 3",2026-09-15T23:53:11.785896+00:00
STPX047J,18.7,52,3,0.0,3.1,0.0,"decay-wtd trimmed median, hl=45.0d, 0 sold of 3",2026-09-15T23:53:11.785896+00:00
SWFA159J,20.46,52,3,0.0,0.0,9.1,"decay-wtd trimmed median, hl=45.0d, 0 sold of 4",2026-09-15T23:53:11.785896+00:00
WSPA0027,5050.56,52,3,0.0,3.2,0.0,"decay-wtd trimmed median, hl=45.0d, 0 sold of 3",2026-09-15T23:53:11.785896+00:00
WSPN0013,4464.0,52,3,0.0,3.1,0.0,"decay-wtd trimmed median, hl=45.0d, 0 sold of 3",2026-09-15T23:53:11.785896+00:00
WSTA0043,2689.05,52,3,0.0,1.5,4.0,"decay-wtd trimmed median, hl=45.0d, 0 sold of 3",2026-09-15T23:53:11.785896+00:00
179171,8354.29,51,5,0.0,3.6,0.0,"decay-wtd trimmed median, hl=45.0d, 0 sold of 5",2026-09-15T23:53:11.785896+00:00
114300,7190.27,51,4,0.0,3.5,0.0,"decay-wtd trimmed median, hl=45.0d, 0 sold of 4",2026-09-15T23:53:11.785896+00:00
1803,13710.93,51,4,0.0,3.6,0.0,"decay-wtd trimmed median, hl=45.0d, 0 sold of 4",2026-09-15T23:53:11.785896+00:00
220.10.41.21.03.004,4603.27,51,4,0.0,2.5,6.0,"decay-wtd trimmed median, hl=45.0d, 0 sold of 6",2026-09-15T23:53:11.785896+00:00
228238,45428.36,51,4,0.0,4.0,0.0,"decay-wtd trimmed median, hl=45.0d, 0 sold of 5",2026-09-15T23:53:11.785896+00:00
26231ST,33345.53,51,4,0.0,4.2,0.0,"decay-wtd trimmed median, hl=45.0d, 0 sold of 4",2026-09-15T23:53:11.785896+00:00
W1002653,2396.76,51,4,0.0,2.6,4.0,"decay-wtd trimmed median, hl=45.0d, 0 sold of 4",2026-09-15T23:53:11.785896+00:00
WSTA0065,3332.08,51,4,0.0,3.8,0.0,"decay-wtd trimmed median, hl=45.0d, 0 sold of 4",2026-09-15T23:53:11.785896+00:00
126067,33490.86,51,3,0.0,3.9,0.0,"decay-wtd trimmed median, hl=45.0d, 0 sold of 3",2026-09-15T23:53:11.785896+00:00
131.10.36.20.02.001,2953.51,51,3,0.0,3.8,0.0,"decay-wtd trimmed median, hl=45.0d, 0 sold of 3",2026-09-15T23:53:11.785896+00:00
18248,19758.63,51,3,0.0,3.8,0.0,"decay-wtd trimmed median, hl=45.0d, 0 sold of 3",2026-09-15T23:53:11.785896+00:00
363.179,57958.97,51,3,0.0,3.7,0.0,"decay-wtd trimmed median, hl=45.0d, 0 sold of 3",2026-09-15T23:53:11.785896+00:00
424.20.37.20.58.002,3105.44,51,3,0.0,3.7,0.0,"decay-wtd trimmed median, hl=45.0d, 0 sold of 3",2026-09-15T23:53:11.785896+00:00
IW371604,5129.02,51,3,0.0,4.1,0.0,"decay-wtd trimmed median, hl=45.0d, 0 sold of 3",2026-09-15T23:53:11.785896+00:00
SBGA083,1876.9,51,3,0.0,4.2,0.0,"decay-wtd trimmed median, hl=45.0d, 0 sold of 3",2026-09-15T23:53:11.785896+00:00
SBGE307,6460.51,51,3,0.0,4.1,0.0,"decay-wtd trimmed median, hl=45.0d, 0 sold of 4",2026-09-15T23:53:11.785896+00:00
SBGR075,6127.44,51,3,0.0,1.7,6.0,"decay-wtd trimmed median, hl=45.0d, 0 sold of 3",2026-09-15T23:53:11.785896+00:00
SSVV035J,42.09,51,3,0.0,4.2,0.0,"decay-wtd trimmed median, hl=45.0d, 0 sold of 3",2026-09-15T23:53:11.785896+00:00
WSSA0022,3865.99,51,3,0.0,1.7,6.0,"decay-wtd trimmed median, hl=45.0d, 0 sold of 3",2026-09-15T23:53:11.785896+00:00
WSTA0040,4249.29,51,3,0.0,3.8,0.0,"decay-wtd trimmed median, hl=45.0d, 0 sold of 3",2026-09-15T23:53:11.785896+00:00
126000,10503.39,50,91,0.0,30.8,0.0,"decay-wtd trimmed median, hl=45.0d, 0 sold of 93",2026-09-15T23:53:11.785896+00:00
126515LN,48638.94,50,18,0.0,25.9,0.0,"decay-wtd trimmed median, hl=45.0d, 0 sold of 18",2026-09-15T23:53:11.785896+00:00
1675,18001.51,50,15,0.0,26.0,0.0,"decay-wtd trimmed median, hl=45.0d, 0 sold of 17",2026-09-15T23:53:11.785896+00:00
SBGE257,4271.02,50,11,0.0,16.8,0.0,"decay-wtd trimmed median, hl=45.0d, 0 sold of 11",2026-09-15T23:53:11.785896+00:00
116233,12159.15,50,8,0.0,17.1,0.0,"decay-wtd trimmed median, hl=45.0d, 0 sold of 9",2026-09-15T23:53:11.785896+00:00
332.10.41.51.01.001,7346.07,50,6,0.0,17.1,0.0,"decay-wtd trimmed median, hl=45.0d, 0 sold of 6",2026-09-15T23:53:11.785896+00:00
16750,13020.0,50,5,0.0,4.6,0.0,"decay-wtd trimmed median, hl=45.0d, 0 sold of 5",2026-09-15T23:53:11.785896+00:00
WSPN0006,4386.51,50,5,0.0,5.3,0.0,"decay-wtd trimmed median, hl=45.0d, 0 sold of 5",2026-09-15T23:53:11.785896+00:00
131.10.28.60.01.001,2628.07,50,4,0.0,4.8,0.0,"decay-wtd trimmed median, hl=45.0d, 0 sold of 4",2026-09-15T23:53:11.785896+00:00
16200,4968.89,50,4,0.0,4.6,0.0,"decay-wtd trimmed median, hl=45.0d, 0 sold of 5",2026-09-15T23:53:11.785896+00:00
5164A001,95201.91,50,4,0.0,4.9,0.0,"decay-wtd trimmed median, hl=45.0d, 0 sold of 4",2026-09-15T23:53:11.785896+00:00
6263,97650.0,50,4,0.0,5.2,0.0,"decay-wtd trimmed median, hl=45.0d, 0 sold of 5",2026-09-15T23:53:11.785896+00:00
SBGA001G,49.69,50,4,0.0,5.5,0.0,"decay-wtd trimmed median, hl=45.0d, 0 sold of 7",2026-09-15T23:53:11.785896+00:00
SPB519,1581.0,50,4,0.0,4.6,0.0,"decay-wtd trimmed median, hl=45.0d, 0 sold of 4",2026-09-15T23:53:11.785896+00:00
123.10.35.20.02.001,1519.9,50,3,0.0,3.8,2.0,"decay-wtd trimmed median, hl=45.0d, 0 sold of 3",2026-09-15T23:53:11.785896+00:00
17013,6313.41,50,3,0.0,4.6,0.0,"decay-wtd trimmed median, hl=45.0d, 0 sold of 3",2026-09-15T23:53:11.785896+00:00
215.30.44.21.01.002,4577.41,50,3,0.0,5.4,0.0,"decay-wtd trimmed median, hl=45.0d, 0 sold of 3",2026-09-15T23:53:11.785896+00:00
220.10.41.21.03.001,3252.02,50,3,0.0,0.0,14.0,"decay-wtd trimmed median, hl=45.0d, 0 sold of 5",2026-09-15T23:53:11.785896+00:00
234.30.41.21.01.001,4033.57,50,3,0.0,2.9,5.0,"decay-wtd trimmed median, hl=45.0d, 0 sold of 5",2026-09-15T23:53:11.785896+00:00
311.30.42.30.01.003,5155.36,50,3,0.0,2.9,6.0,"decay-wtd trimmed median, hl=45.0d, 0 sold of 3",2026-09-15T23:53:11.785896+00:00
311.92.44.30.01.001,7512.11,50,3,0.0,2.7,8.0,"decay-wtd trimmed median, hl=45.0d, 0 sold of 3",2026-09-15T23:53:11.785896+00:00
5726A001,75590.4,50,3,0.0,4.9,0.0,"decay-wtd trimmed median, hl=45.0d, 0 sold of 3",2026-09-15T23:53:11.785896+00:00
AB2020161C1A1,2436.31,50,3,0.0,3.2,6.0,"decay-wtd trimmed median, hl=45.0d, 0 sold of 3",2026-09-15T23:53:11.785896+00:00
SB0147101B1X1,5208.0,50,3,0.0,5.1,0.0,"decay-wtd trimmed median, hl=45.0d, 0 sold of 4",2026-09-15T23:53:11.785896+00:00
SBGV009,2358.36,50,3,0.0,3.3,6.0,"decay-wtd trimmed median, hl=45.0d, 0 sold of 3",2026-09-15T23:53:11.785896+00:00
SBXA007,256.05,50,3,0.0,5.5,0.0,"decay-wtd trimmed median, hl=45.0d, 0 sold of 3",2026-09-15T23:53:11.785896+00:00
SBXC088,229.74,50,3,0.0,5.3,0.0,"decay-wtd trimmed median, hl=45.0d, 0 sold of 3",2026-09-15T23:53:11.785896+00:00
SLA073,1953.0,50,3,0.0,4.8,0.0,"decay-wtd trimmed median, hl=45.0d, 0 sold of 3",2026-09-15T23:53:11.785896+00:00
SSQW010,107.56,50,3,0.0,5.4,0.0,"decay-wtd trimmed median, hl=45.0d, 0 sold of 3",2026-09-15T23:53:11.785896+00:00
SSVW118J,34.49,50,3,0.0,5.1,0.0,"decay-wtd trimmed median, hl=45.0d, 0 sold of 4",2026-09-15T23:53:11.785896+00:00
W1002753,2630.59,50,3,0.0,4.0,4.0,"decay-wtd trimmed median, hl=45.0d, 0 sold of 3",2026-09-15T23:53:11.785896+00:00
WBN2012,2562.9,50,3,0.0,0.9,11.0,"decay-wtd trimmed median, hl=45.0d, 0 sold of 3",2026-09-15T23:53:11.785896+00:00
WSPA0013,2789.11,50,3,0.0,2.9,6.0,"decay-wtd trimmed median, hl=45.0d, 0 sold of 3",2026-09-15T23:53:11.785896+00:00
1500,4506.54,49,11,0.0,17.6,0.0,"decay-wtd trimmed median, hl=45.0d, 0 sold of 11",2026-09-15T23:53:11.785896+00:00
279383RBR,18667.64,49,9,0.0,18.0,0.0,"decay-wtd trimmed median, hl=45.0d, 0 sold of 9",2026-09-15T23:53:11.785896+00:00
126719BLRO,39604.21,49,8,0.0,17.8,0.0,"decay-wtd trimmed median, hl=45.0d, 0 sold of 8",2026-09-15T23:53:11.785896+00:00
79600,4278.0,49,8,0.0,18.5,0.0,"decay-wtd trimmed median, hl=45.0d, 0 sold of 8",2026-09-15T23:53:11.785896+00:00
126515LNG,43512.53,49,5,0.0,1.4,14.0,"decay-wtd trimmed median, hl=45.0d, 0 sold of 5",2026-09-15T23:53:11.785896+00:00
127234,17971.42,49,5,0.0,4.6,5.0,"decay-wtd trimmed median, hl=45.0d, 0 sold of 5",2026-09-15T23:53:11.785896+00:00
16808,37120.49,49,5,0.0,5.8,0.0,"decay-wtd trimmed median, hl=45.0d, 0 sold of 6",2026-09-15T23:53:11.785896+00:00
210.30.42.20.01.001,4488.49,49,5,0.0,5.7,0.0,"decay-wtd trimmed median, hl=45.0d, 0 sold of 6",2026-09-15T23:53:11.785896+00:00
SBXC165,2001.27,49,5,0.0,6.4,0.0,"decay-wtd trimmed median, hl=45.0d, 0 sold of 6",2026-09-15T23:53:11.785896+00:00
116500,25890.51,49,4,0.0,6.0,0.0,"decay-wtd trimmed median, hl=45.0d, 0 sold of 4",2026-09-15T23:53:11.785896+00:00
116718LN,36126.72,49,4,0.0,5.7,0.0,"decay-wtd trimmed median, hl=45.0d, 0 sold of 4",2026-09-15T23:53:11.785896+00:00
210.30.42.20.01.018,6789.0,49,4,0.0,5.8,0.0,"decay-wtd trimmed median, hl=45.0d, 0 sold of 4",2026-09-15T23:53:11.785896+00:00
210.32.42.20.01.006,6417.0,49,4,0.0,6.2,0.0,"decay-wtd trimmed median, hl=45.0d, 0 sold of 4",2026-09-15T23:53:11.785896+00:00
26393ST,23950.28,49,4,0.0,6.2,0.0,"decay-wtd trimmed median, hl=45.0d, 0 sold of 4",2026-09-15T23:53:11.785896+00:00
IW358303,3687.08,49,4,0.0,4.0,6.0,"decay-wtd trimmed median, hl=45.0d, 0 sold of 4",2026-09-15T23:53:11.785896+00:00
SBGA439,3269.17,49,4,0.0,6.4,0.0,"decay-wtd trimmed median, hl=45.0d, 0 sold of 5",2026-09-15T23:53:11.785896+00:00
SBGF013J,14.03,49,4,0.0,5.9,0.0,"decay-wtd trimmed median, hl=45.0d, 0 sold of 6",2026-09-15T23:53:11.785896+00:00
SLA085,2697.0,49,4,0.0,6.5,0.0,"decay-wtd trimmed median, hl=45.0d, 0 sold of 4",2026-09-15T23:53:11.785896+00:00
16803,10520.36,49,3,0.0,6.4,0.0,"decay-wtd trimmed median, hl=45.0d, 0 sold of 3",2026-09-15T23:53:11.785896+00:00
210.30.44.51.03.002,5590.41,49,3,0.0,3.9,6.0,"decay-wtd trimmed median, hl=45.0d, 0 sold of 3",2026-09-15T23:53:11.785896+00:00
336933,20869.32,49,3,0.0,6.4,0.0,"decay-wtd trimmed median, hl=45.0d, 0 sold of 3",2026-09-15T23:53:11.785896+00:00
336938,68023.25,49,3,0.0,5.5,0.0,"decay-wtd trimmed median, hl=45.0d, 0 sold of 3",2026-09-15T23:53:11.785896+00:00
69173G,6270.89,49,3,0.0,5.8,0.0,"decay-wtd trimmed median, hl=45.0d, 0 sold of 3",2026-09-15T23:53:11.785896+00:00
Q1288420,4778.52,49,3,0.0,3.5,6.0,"decay-wtd trimmed median, hl=45.0d, 0 sold of 3",2026-09-15T23:53:11.785896+00:00
SARB059J,19.87,49,3,0.0,5.9,0.0,"decay-wtd trimmed median, hl=45.0d, 0 sold of 3",2026-09-15T23:53:11.785896+00:00
SBGA003,2239.32,49,3,0.0,4.1,6.0,"decay-wtd trimmed median, hl=45.0d, 0 sold of 3",2026-09-15T23:53:11.785896+00:00
SBPX027,20.46,49,3,0.0,5.7,0.0,"decay-wtd trimmed median, hl=45.0d, 0 sold of 3",2026-09-15T23:53:11.785896+00:00
SBXC013,581.51,49,3,0.0,3.8,6.0,"decay-wtd trimmed median, hl=45.0d, 0 sold of 5",2026-09-15T23:53:11.785896+00:00
SPB453,1036.95,49,3,0.0,5.8,0.0,"decay-wtd trimmed median, hl=45.0d, 0 sold of 3",2026-09-15T23:53:11.785896+00:00
SRE024,325.5,49,3,0.0,5.7,0.0,"decay-wtd trimmed median, hl=45.0d, 0 sold of 3",2026-09-15T23:53:11.785896+00:00
SSK023,325.5,49,3,0.0,6.0,0.0,"decay-wtd trimmed median, hl=45.0d, 0 sold of 3",2026-09-15T23:53:11.785896+00:00
SSQV004J,19.29,49,3,0.0,6.0,0.0,"decay-wtd trimmed median, hl=45.0d, 0 sold of 4",2026-09-15T23:53:11.785896+00:00
STGF277,1066.11,49,3,0.0,4.0,6.0,"decay-wtd trimmed median, hl=45.0d, 0 sold of 4",2026-09-15T23:53:11.785896+00:00
A15991,280.6,48,7,0.0,18.8,0.0,"decay-wtd trimmed median, hl=45.0d, 0 sold of 7",2026-09-15T23:53:11.785896+00:00
220.10.38.20.01.004,5440.5,48,5,0.0,6.9,0.0,"decay-wtd trimmed median, hl=45.0d, 0 sold of 5",2026-09-15T23:53:11.785896+00:00
6694,3709.39,48,5,0.0,7.1,0.0,"decay-wtd trimmed median, hl=45.0d, 0 sold of 5",2026-09-15T23:53:11.785896+00:00
SBGH273,4218.29,48,5,0.0,3.6,9.1,"decay-wtd trimmed median, hl=45.0d, 0 sold of 6",2026-09-15T23:53:11.785896+00:00
126201,10788.07,48,4,0.0,7.2,0.0,"decay-wtd trimmed median, hl=45.0d, 0 sold of 4",2026-09-15T23:53:11.785896+00:00
169622,5483.95,48,4,0.0,0.3,18.8,"decay-wtd trimmed median, hl=45.0d, 0 sold of 4",2026-09-15T23:53:11.785896+00:00
522.32.40.20.01.004,2953.51,48,4,0.0,2.4,14.5,"decay-wtd trimmed median, hl=45.0d, 0 sold of 4",2026-09-15T23:53:11.785896+00:00
79000N,4161.75,48,4,0.0,6.7,0.0,"decay-wtd trimmed median, hl=45.0d, 0 sold of 4",2026-09-15T23:53:11.785896+00:00
SBGX357,3813.0,48,4,0.0,6.6,0.0,"decay-wtd trimmed median, hl=45.0d, 0 sold of 4",2026-09-15T23:53:11.785896+00:00
WSTA0016,2737.92,48,4,0.0,7.4,0.0,"decay-wtd trimmed median, hl=45.0d, 0 sold of 4",2026-09-15T23:53:11.785896+00:00
278273,17749.93,48,3,0.0,6.6,1.0,"decay-wtd trimmed median, hl=45.0d, 0 sold of 3",2026-09-15T23:53:11.785896+00:00
310.32.42.50.04.001,7576.35,48,3,0.0,6.8,0.0,"decay-wtd trimmed median, hl=45.0d, 0 sold of 3",2026-09-15T23:53:11.785896+00:00
311.30.40.30.01.001,13152.93,48,3,0.0,7.0,0.0,"decay-wtd trimmed median, hl=45.0d, 0 sold of 3",2026-09-15T23:53:11.785896+00:00
SBXA009,319.86,48,3,0.0,2.0,14.0,"decay-wtd trimmed median, hl=45.0d, 0 sold of 3",2026-09-15T23:53:11.785896+00:00
SSVV044,40.33,48,3,0.0,7.2,0.0,"decay-wtd trimmed median, hl=45.0d, 0 sold of 3",2026-09-15T23:53:11.785896+00:00
SSVW207J,215.13,48,3,0.0,6.8,0.0,"decay-wtd trimmed median, hl=45.0d, 0 sold of 3",2026-09-15T23:53:11.785896+00:00
79660,4510.5,47,9,0.0,20.1,0.0,"decay-wtd trimmed median, hl=45.0d, 0 sold of 9",2026-09-15T23:53:11.785896+00:00
79680,4626.75,47,8,0.0,19.6,0.0,"decay-wtd trimmed median, hl=45.0d, 0 sold of 8",2026-09-15T23:53:11.785896+00:00
28600,2202.24,47,5,0.0,7.6,0.0,"decay-wtd trimmed median, hl=45.0d, 0 sold of 6",2026-09-15T23:53:11.785896+00:00
52509,19025.25,47,5,0.0,8.4,0.0,"decay-wtd trimmed median, hl=45.0d, 0 sold of 5",2026-09-15T23:53:11.785896+00:00
128238,52489.16,47,4,0.0,5.9,5.0,"decay-wtd trimmed median, hl=45.0d, 0 sold of 4",2026-09-15T23:53:11.785896+00:00
6466,2971.55,47,4,0.0,7.5,0.0,"decay-wtd trimmed median, hl=45.0d, 0 sold of 4",2026-09-15T23:53:11.785896+00:00
68623,8362.98,47,4,0.0,7.9,1.0,"decay-wtd trimmed median, hl=45.0d, 0 sold of 4",2026-09-15T23:53:11.785896+00:00
SBGA443,36.83,47,4,0.0,7.9,0.0,"decay-wtd trimmed median, hl=45.0d, 0 sold of 5",2026-09-15T23:53:11.785896+00:00
SBGP005,2372.79,47,4,0.0,8.2,0.0,"decay-wtd trimmed median, hl=45.0d, 0 sold of 4",2026-09-15T23:53:11.785896+00:00
123.15.24.60.55.001,1377.11,47,3,0.0,4.2,11.0,"decay-wtd trimmed median, hl=45.0d, 0 sold of 3",2026-09-15T23:53:11.785896+00:00
16264,5977.31,47,3,0.0,7.6,0.0,"decay-wtd trimmed median, hl=45.0d, 0 sold of 3",2026-09-15T23:53:11.785896+00:00
179173BR,10661.09,47,3,0.0,8.4,0.0,"decay-wtd trimmed median, hl=45.0d, 0 sold of 3",2026-09-15T23:53:11.785896+00:00
220.12.41.21.03.008,4908.92,47,3,0.0,8.1,0.0,"decay-wtd trimmed median, hl=45.0d, 0 sold of 3",2026-09-15T23:53:11.785896+00:00
522.32.40.20.01.005,3066.54,47,3,0.0,8.3,0.0,"decay-wtd trimmed median, hl=45.0d, 0 sold of 3",2026-09-15T23:53:11.785896+00:00
A17378211B1S1,2786.75,47,3,0.0,4.9,8.0,"decay-wtd trimmed median, hl=45.0d, 0 sold of 4",2026-09-15T23:53:11.785896+00:00
AB0139211G1P1,5084.65,47,3,0.0,8.1,0.0,"decay-wtd trimmed median, hl=45.0d, 0 sold of 3",2026-09-15T23:53:11.785896+00:00
IW328210,5025.09,47,3,0.0,8.4,0.0,"decay-wtd trimmed median, hl=45.0d, 0 sold of 3",2026-09-15T23:53:11.785896+00:00
IW377701,2759.51,47,3,0.0,5.5,6.0,"decay-wtd trimmed median, hl=45.0d, 0 sold of 3",2026-09-15T23:53:11.785896+00:00
SBGR311,4242.9,47,3,0.0,7.6,0.0,"decay-wtd trimmed median, hl=45.0d, 0 sold of 3",2026-09-15T23:53:11.785896+00:00
SBTH001,21.05,47,3,0.0,8.4,0.0,"decay-wtd trimmed median, hl=45.0d, 0 sold of 3",2026-09-15T23:53:11.785896+00:00
SBXC151,905.61,47,3,0.0,6.8,4.0,"decay-wtd trimmed median, hl=45.0d, 0 sold of 3",2026-09-15T23:53:11.785896+00:00
SDKA001,1157.24,47,3,0.0,7.9,0.0,"decay-wtd trimmed median, hl=45.0d, 0 sold of 3",2026-09-15T23:53:11.785896+00:00
SSQW001,42.68,47,3,0.0,8.2,0.0,"decay-wtd trimmed median, hl=45.0d, 0 sold of 3",2026-09-15T23:53:11.785896+00:00
SSVV089J,174.21,47,3,0.0,7.7,0.0,"decay-wtd trimmed median, hl=45.0d, 0 sold of 3",2026-09-15T23:53:11.785896+00:00
SSVW115J,43.25,47,3,0.0,8.1,0.0,"decay-wtd trimmed median, hl=45.0d, 0 sold of 4",2026-09-15T23:53:11.785896+00:00
SWCW026,22.22,47,3,0.0,7.9,0.0,"decay-wtd trimmed median, hl=45.0d, 0 sold of 3",2026-09-15T23:53:11.785896+00:00
W1008354,2618.86,47,3,0.0,0.4,24.1,"decay-wtd trimmed median, hl=45.0d, 0 sold of 3",2026-09-15T23:53:11.785896+00:00
79640,4394.25,46,8,0.0,20.6,0.0,"decay-wtd trimmed median, hl=45.0d, 0 sold of 8",2026-09-15T23:53:11.785896+00:00
16030,5718.25,46,5,0.0,9.0,0.0,"decay-wtd trimmed median, hl=45.0d, 0 sold of 5",2026-09-15T23:53:11.785896+00:00
SBGE285,6370.5,46,5,0.0,8.7,0.0,"decay-wtd trimmed median, hl=45.0d, 0 sold of 5",2026-09-15T23:53:11.785896+00:00
210.32.42.20.01.001,3900.0,46,4,0.0,9.0,0.0,"decay-wtd trimmed median, hl=45.0d, 0 sold of 4",2026-09-15T23:53:11.785896+00:00
210.32.42.20.01.003,6417.0,46,4,0.0,8.7,0.0,"decay-wtd trimmed median, hl=45.0d, 0 sold of 4",2026-09-15T23:53:11.785896+00:00
77410OR,25508.44,46,4,0.0,7.3,4.0,"decay-wtd trimmed median, hl=45.0d, 0 sold of 4",2026-09-15T23:53:11.785896+00:00
SBSA161J,20.46,46,4,0.0,9.5,0.0,"decay-wtd trimmed median, hl=45.0d, 0 sold of 5",2026-09-15T23:53:11.785896+00:00
SJE099,2185.5,46,4,0.0,8.7,0.0,"decay-wtd trimmed median, hl=45.0d, 0 sold of 4",2026-09-15T23:53:11.785896+00:00
SLGA009,7440.0,46,4,0.0,8.6,0.0,"decay-wtd trimmed median, hl=45.0d, 0 sold of 4",2026-09-15T23:53:11.785896+00:00
WSSA0046,7249.02,46,4,0.0,7.9,4.0,"decay-wtd trimmed median, hl=45.0d, 0 sold of 4",2026-09-15T23:53:11.785896+00:00
210.30.42.20.04.001,4260.88,46,3,0.0,4.0,14.5,"decay-wtd trimmed median, hl=45.0d, 0 sold of 4",2026-09-15T23:53:11.785896+00:00
233.30.41.21.01.001,3687.08,46,3,0.0,3.9,14.0,"decay-wtd trimmed median, hl=45.0d, 0 sold of 4",2026-09-15T23:53:11.785896+00:00
25600TB,3634.89,46,3,0.0,9.2,0.0,"decay-wtd trimmed median, hl=45.0d, 0 sold of 3",2026-09-15T23:53:11.785896+00:00
26393OR,29658.06,46,3,0.0,9.1,0.0,"decay-wtd trimmed median, hl=45.0d, 0 sold of 3",2026-09-15T23:53:11.785896+00:00
IW356502,3738.03,46,3,0.0,7.3,5.0,"decay-wtd trimmed median, hl=45.0d, 0 sold of 3",2026-09-15T23:53:11.785896+00:00
SAGZ061J,258.38,46,3,0.0,9.0,0.0,"decay-wtd trimmed median, hl=45.0d, 0 sold of 3",2026-09-15T23:53:11.785896+00:00
SARV004,20.46,46,3,0.0,8.6,0.0,"decay-wtd trimmed median, hl=45.0d, 0 sold of 3",2026-09-15T23:53:11.785896+00:00
SARZ005J,20.46,46,3,0.0,8.6,0.0,"decay-wtd trimmed median, hl=45.0d, 0 sold of 3",2026-09-15T23:53:11.785896+00:00
SJE117,2139.0,46,3,0.0,8.7,0.0,"decay-wtd trimmed median, hl=45.0d, 0 sold of 3",2026-09-15T23:53:11.785896+00:00
SSDY047,18.13,46,3,0.0,6.5,8.0,"decay-wtd trimmed median, hl=45.0d, 0 sold of 3",2026-09-15T23:53:11.785896+00:00
SSQW064,114.58,46,3,0.0,9.2,0.0,"decay-wtd trimmed median, hl=45.0d, 0 sold of 4",2026-09-15T23:53:11.785896+00:00
1680,17420.33,45,11,0.0,21.8,0.0,"decay-wtd trimmed median, hl=45.0d, 0 sold of 12",2026-09-15T23:53:11.785896+00:00
217.30.42.21.01.001,6518.91,45,5,0.0,10.3,0.0,"decay-wtd trimmed median, hl=45.0d, 0 sold of 5",2026-09-15T23:53:11.785896+00:00
220.10.41.21.03.006,6882.0,45,4,0.0,9.6,0.0,"decay-wtd trimmed median, hl=45.0d, 0 sold of 4",2026-09-15T23:53:11.785896+00:00
SBGE255,5301.0,45,4,0.0,9.5,0.0,"decay-wtd trimmed median, hl=45.0d, 0 sold of 4",2026-09-15T23:53:11.785896+00:00
SBSA241,19.29,45,4,0.0,9.9,0.0,"decay-wtd trimmed median, hl=45.0d, 0 sold of 5",2026-09-15T23:53:11.785896+00:00
STGF359,2418.0,45,4,0.0,9.7,0.0,"decay-wtd trimmed median, hl=45.0d, 0 sold of 5",2026-09-15T23:53:11.785896+00:00
WSTA0030,2304.52,45,4,0.0,5.4,14.0,"decay-wtd trimmed median, hl=45.0d, 0 sold of 4",2026-09-15T23:53:11.785896+00:00
14060M,10866.76,45,3,0.0,9.6,2.0,"decay-wtd trimmed median, hl=45.0d, 0 sold of 3",2026-09-15T23:53:11.785896+00:00
15510OR,81840.47,45,3,0.0,9.6,0.0,"decay-wtd trimmed median, hl=45.0d, 0 sold of 3",2026-09-15T23:53:11.785896+00:00
434.10.40.20.02.001,2909.17,45,3,0.0,7.8,6.0,"decay-wtd trimmed median, hl=45.0d, 0 sold of 4",2026-09-15T23:53:11.785896+00:00
SADZ201,579.32,45,3,0.0,7.7,8.0,"decay-wtd trimmed median, hl=45.0d, 0 sold of 3",2026-09-15T23:53:11.785896+00:00
SBEX011,2975.81,45,3,0.0,8.1,6.0,"decay-wtd trimmed median, hl=45.0d, 0 sold of 3",2026-09-15T23:53:11.785896+00:00
SBGA015,2091.33,45,3,0.0,7.8,6.0,"decay-wtd trimmed median, hl=45.0d, 0 sold of 3",2026-09-15T23:53:11.785896+00:00
SBSA253,33.91,45,3,0.0,10.3,0.0,"decay-wtd trimmed median, hl=45.0d, 0 sold of 3",2026-09-15T23:53:11.785896+00:00
SLGA001G,70.15,45,3,0.0,10.0,0.0,"decay-wtd trimmed median, hl=45.0d, 0 sold of 4",2026-09-15T23:53:11.785896+00:00
SLGA015,106.39,45,3,0.0,10.4,0.0,"decay-wtd trimmed median, hl=45.0d, 0 sold of 4",2026-09-15T23:53:11.785896+00:00
SSJ013,1860.0,45,3,0.0,10.0,0.0,"decay-wtd trimmed median, hl=45.0d, 0 sold of 3",2026-09-15T23:53:11.785896+00:00
SWCW037,91.78,45,3,0.0,9.6,0.0,"decay-wtd trimmed median, hl=45.0d, 0 sold of 3",2026-09-15T23:53:11.785896+00:00
SWCW040,101.71,45,3,0.0,9.8,0.0,"decay-wtd trimmed median, hl=45.0d, 0 sold of 3",2026-09-15T23:53:11.785896+00:00
UB01391A1B1P1,7850.44,45,3,0.0,8.4,6.0,"decay-wtd trimmed median, hl=45.0d, 0 sold of 3",2026-09-15T23:53:11.785896+00:00
SLGC001,9473.3,44,7,0.0,22.6,0.0,"decay-wtd trimmed median, hl=45.0d, 0 sold of 7",2026-09-15T23:53:11.785896+00:00
SBGR317,3723.15,44,4,0.0,11.4,0.0,"decay-wtd trimmed median, hl=45.0d, 0 sold of 4",2026-09-15T23:53:11.785896+00:00
SPB383,1116.0,44,4,0.0,11.1,0.0,"decay-wtd trimmed median, hl=45.0d, 0 sold of 4",2026-09-15T23:53:11.785896+00:00
128349RBR,47350.56,44,3,0.0,11.1,0.0,"decay-wtd trimmed median, hl=45.0d, 0 sold of 3",2026-09-15T23:53:11.785896+00:00
220.10.40.20.06.001,3166.02,44,3,0.0,8.8,6.0,"decay-wtd trimmed median, hl=45.0d, 0 sold of 3",2026-09-15T23:53:11.785896+00:00
324.30.38.40.04.001,2483.03,44,3,0.0,0.0,32.1,"decay-wtd trimmed median, hl=45.0d, 0 sold of 3",2026-09-15T23:53:11.785896+00:00
434.10.34.20.07.001,2553.89,44,3,0.0,0.4,32.1,"decay-wtd trimmed median, hl=45.0d, 0 sold of 3",2026-09-15T23:53:11.785896+00:00
SBGA079J,55.53,44,3,0.0,10.5,0.0,"decay-wtd trimmed median, hl=45.0d, 0 sold of 3",2026-09-15T23:53:11.785896+00:00
SBSA147,20.46,44,3,0.0,11.4,0.0,"decay-wtd trimmed median, hl=45.0d, 0 sold of 3",2026-09-15T23:53:11.785896+00:00
STPR053G,20.46,44,3,0.0,11.4,0.0,"decay-wtd trimmed median, hl=45.0d, 0 sold of 3",2026-09-15T23:53:11.785896+00:00
SWCW161,142.63,44,3,0.0,11.1,0.0,"decay-wtd trimmed median, hl=45.0d, 0 sold of 3",2026-09-15T23:53:11.785896+00:00
SWFH114J,20.46,44,3,0.0,8.6,8.0,"decay-wtd trimmed median, hl=45.0d, 0 sold of 3",2026-09-15T23:53:11.785896+00:00
215.30.44.22.01.001,5393.07,43,5,0.0,12.1,0.0,"decay-wtd trimmed median, hl=45.0d, 0 sold of 5",2026-09-15T23:53:11.785896+00:00
217.32.42.21.01.003,6975.0,43,5,0.0,11.7,0.0,"decay-wtd trimmed median, hl=45.0d, 0 sold of 5",2026-09-15T23:53:11.785896+00:00
28503,3570.16,43,3,0.0,0.0,35.5,"decay-wtd trimmed median, hl=45.0d, 0 sold of 3",2026-09-15T23:53:11.785896+00:00
28603,3514.2,43,3,0.0,0.0,35.5,"decay-wtd trimmed median, hl=45.0d, 0 sold of 3",2026-09-15T23:53:11.785896+00:00
SBTM301,39.16,43,3,0.0,11.9,0.0,"decay-wtd trimmed median, hl=45.0d, 0 sold of 3",2026-09-15T23:53:11.785896+00:00
SCDP022J,18.7,43,3,0.0,12.5,0.0,"decay-wtd trimmed median, hl=45.0d, 0 sold of 3",2026-09-15T23:53:11.785896+00:00
SLGA021,6974.07,43,3,0.0,12.3,0.0,"decay-wtd trimmed median, hl=45.0d, 0 sold of 3",2026-09-15T23:53:11.785896+00:00
279173,10799.27,42,9,0.0,29.1,0.0,"decay-wtd trimmed median, hl=45.0d, 0 sold of 9",2026-09-15T23:53:11.785896+00:00
SBGN027,2338.3,42,9,0.0,26.3,0.0,"decay-wtd trimmed median, hl=45.0d, 0 sold of 9",2026-09-15T23:53:11.785896+00:00
1603,7333.76,42,8,0.0,29.0,0.0,"decay-wtd trimmed median, hl=45.0d, 0 sold of 8",2026-09-15T23:53:11.785896+00:00
SBGP009,1584.46,42,8,0.0,58.2,0.0,"decay-wtd trimmed median, hl=45.0d, 0 sold of 8",2026-09-15T23:53:11.785896+00:00
1655,28527.25,42,6,0.0,31.8,0.0,"decay-wtd trimmed median, hl=45.0d, 0 sold of 6",2026-09-15T23:53:11.785896+00:00
215.30.40.20.03.001,6366.02,42,6,0.0,26.1,0.0,"decay-wtd trimmed median, hl=45.0d, 0 sold of 6",2026-09-15T23:53:11.785896+00:00
215.30.44.21.03.001,6366.02,42,6,0.0,27.3,0.0,"decay-wtd trimmed median, hl=45.0d, 0 sold of 6",2026-09-15T23:53:11.785896+00:00
428.17.26.60.04.003,3770.29,42,6,0.0,27.9,0.0,"decay-wtd trimmed median, hl=45.0d, 0 sold of 6",2026-09-15T23:53:11.785896+00:00
522.32.40.20.01.003,4719.81,42,6,0.0,24.5,0.0,"decay-wtd trimmed median, hl=45.0d, 0 sold of 6",2026-09-15T23:53:11.785896+00:00
SBGA373,46.77,42,6,0.0,47.3,0.0,"decay-wtd trimmed median, hl=45.0d, 0 sold of 7",2026-09-15T23:53:11.785896+00:00
SBGJ237,4736.65,42,6,0.0,49.1,0.0,"decay-wtd trimmed median, hl=45.0d, 0 sold of 6",2026-09-15T23:53:11.785896+00:00
SBLA051J,77.05,42,6,0.0,39.8,0.0,"decay-wtd trimmed median, hl=45.0d, 0 sold of 6",2026-09-15T23:53:11.785896+00:00
220.10.41.21.01.002,5393.07,42,5,0.0,13.3,0.0,"decay-wtd trimmed median, hl=45.0d, 0 sold of 5",2026-09-15T23:53:11.785896+00:00
SBED009,749.89,42,5,0.0,13.3,0.0,"decay-wtd trimmed median, hl=45.0d, 0 sold of 6",2026-09-15T23:53:11.785896+00:00
81006,2513.67,42,4,0.0,12.7,0.0,"decay-wtd trimmed median, hl=45.0d, 0 sold of 4",2026-09-15T23:53:11.785896+00:00
SJE097,2604.0,42,4,0.0,13.1,0.0,"decay-wtd trimmed median, hl=45.0d, 0 sold of 4",2026-09-15T23:53:11.785896+00:00
WGTA0010,9356.8,42,4,0.0,11.4,4.0,"decay-wtd trimmed median, hl=45.0d, 0 sold of 4",2026-09-15T23:53:11.785896+00:00
25600TN,4154.06,42,3,0.0,12.5,0.0,"decay-wtd trimmed median, hl=45.0d, 0 sold of 3",2026-09-15T23:53:11.785896+00:00
A15316,1139.92,42,3,0.0,12.8,0.0,"decay-wtd trimmed median, hl=45.0d, 0 sold of 3",2026-09-15T23:53:11.785896+00:00
SBDB031J,128.61,42,3,0.0,12.7,0.0,"decay-wtd trimmed median, hl=45.0d, 0 sold of 3",2026-09-15T23:53:11.785896+00:00
SBGE281,3532.82,42,3,0.0,13.0,0.0,"decay-wtd trimmed median, hl=45.0d, 0 sold of 3",2026-09-15T23:53:11.785896+00:00
SSVH037J,77.75,42,3,0.0,12.8,0.0,"decay-wtd trimmed median, hl=45.0d, 0 sold of 4",2026-09-15T23:53:11.785896+00:00
W51008Q3,2545.08,42,3,0.0,5.4,22.1,"decay-wtd trimmed median, hl=45.0d, 0 sold of 3",2026-09-15T23:53:11.785896+00:00
220.10.30.20.01.001,4745.29,41,5,0.0,13.8,0.0,"decay-wtd trimmed median, hl=45.0d, 0 sold of 5",2026-09-15T23:53:11.785896+00:00
SLGC007,10974.0,41,5,0.0,13.7,0.0,"decay-wtd trimmed median, hl=45.0d, 0 sold of 5",2026-09-15T23:53:11.785896+00:00
279173NG,13269.84,41,4,0.0,14.0,0.0,"decay-wtd trimmed median, hl=45.0d, 0 sold of 4",2026-09-15T23:53:11.785896+00:00
SBGC253,9207.0,41,4,0.0,14.3,0.0,"decay-wtd trimmed median, hl=45.0d, 0 sold of 4",2026-09-15T23:53:11.785896+00:00
SNR058,4650.0,41,4,0.0,13.8,0.0,"decay-wtd trimmed median, hl=45.0d, 0 sold of 4",2026-09-15T23:53:11.785896+00:00
215.92.46.22.01.002,5819.69,41,3,0.0,14.2,0.0,"decay-wtd trimmed median, hl=45.0d, 0 sold of 3",2026-09-15T23:53:11.785896+00:00
SBED013,122.76,41,3,0.0,13.8,0.0,"decay-wtd trimmed median, hl=45.0d, 0 sold of 3",2026-09-15T23:53:11.785896+00:00
SBXC035J,139.71,41,3,0.0,13.8,0.0,"decay-wtd trimmed median, hl=45.0d, 0 sold of 3",2026-09-15T23:53:11.785896+00:00
SQBR019J,33.91,41,3,0.0,13.8,0.0,"decay-wtd trimmed median, hl=45.0d, 0 sold of 3",2026-09-15T23:53:11.785896+00:00
SQWK029J,33.91,41,3,0.0,13.8,0.0,"decay-wtd trimmed median, hl=45.0d, 0 sold of 3",2026-09-15T23:53:11.785896+00:00
332.10.41.51.01.002,7347.0,40,5,0.0,14.9,0.0,"decay-wtd trimmed median, hl=45.0d, 0 sold of 5",2026-09-15T23:53:11.785896+00:00
210.30.42.20.06.001,4185.0,40,3,0.0,15.4,0.0,"decay-wtd trimmed median, hl=45.0d, 0 sold of 3",2026-09-15T23:53:11.785896+00:00
116234GBKHC,9831.49,40,2,0.0,0.3,0.0,"decay-wtd trimmed median, hl=45.0d, 0 sold of 2",2026-09-15T23:53:11.785896+00:00
116515LNBK,38900.79,40,2,0.0,0.1,0.0,"decay-wtd trimmed median, hl=45.0d, 0 sold of 2",2026-09-15T23:53:11.785896+00:00
116515LNPB,38156.79,40,2,0.0,0.3,0.0,"decay-wtd trimmed median, hl=45.0d, 0 sold of 2",2026-09-15T23:53:11.785896+00:00
124300TU,25987.01,40,2,0.0,0.4,0.0,"decay-wtd trimmed median, hl=45.0d, 0 sold of 2",2026-09-15T23:53:11.785896+00:00
126518LNWH,44098.19,40,2,0.0,0.5,0.0,"decay-wtd trimmed median, hl=45.0d, 0 sold of 2",2026-09-15T23:53:11.785896+00:00
130.23.41.22.11.001,13950.0,40,2,0.0,0.0,0.0,"decay-wtd trimmed median, hl=45.0d, 0 sold of 2",2026-09-15T23:53:11.785896+00:00
130.53.41.22.99.002,40641.0,40,2,0.0,0.0,0.0,"decay-wtd trimmed median, hl=45.0d, 0 sold of 2",2026-09-15T23:53:11.785896+00:00
131.15.28.60.55.001,7533.0,40,2,0.0,0.0,0.0,"decay-wtd trimmed median, hl=45.0d, 0 sold of 2",2026-09-15T23:53:11.785896+00:00
131.30.41.21.99.001,10137.0,40,2,0.0,0.0,0.0,"decay-wtd trimmed median, hl=45.0d, 0 sold of 2",2026-09-15T23:53:11.785896+00:00
131.30.41.21.99.002,10137.0,40,2,0.0,0.0,0.0,"decay-wtd trimmed median, hl=45.0d, 0 sold of 2",2026-09-15T23:53:11.785896+00:00
131.30.41.21.99.003,9765.0,40,2,0.0,0.0,0.0,"decay-wtd trimmed median, hl=45.0d, 0 sold of 2",2026-09-15T23:53:11.785896+00:00
131.50.41.21.99.002,47151.0,40,2,0.0,0.0,0.0,"decay-wtd trimmed median, hl=45.0d, 0 sold of 2",2026-09-15T23:53:11.785896+00:00
140.13.39.21.02.001,10137.0,40,2,0.0,0.0,0.0,"decay-wtd trimmed median, hl=45.0d, 0 sold of 2",2026-09-15T23:53:11.785896+00:00
140.13.39.21.03.001,10137.0,40,2,0.0,0.0,0.0,"decay-wtd trimmed median, hl=45.0d, 0 sold of 2",2026-09-15T23:53:11.785896+00:00
140.13.39.21.10.001,10137.0,40,2,0.0,0.0,0.0,"decay-wtd trimmed median, hl=45.0d, 0 sold of 2",2026-09-15T23:53:11.785896+00:00
140.53.39.21.99.001,35247.0,40,2,0.0,0.0,0.0,"decay-wtd trimmed median, hl=45.0d, 0 sold of 2",2026-09-15T23:53:11.785896+00:00
140.53.39.21.99.002,35247.0,40,2,0.0,0.0,0.0,"decay-wtd trimmed median, hl=45.0d, 0 sold of 2",2026-09-15T23:53:11.785896+00:00
15210,4315.2,40,2,0.0,0.2,0.0,"decay-wtd trimmed median, hl=45.0d, 0 sold of 2",2026-09-15T23:53:11.785896+00:00
16233GCHHC,7588.85,40,2,0.0,0.3,0.0,"decay-wtd trimmed median, hl=45.0d, 0 sold of 2",2026-09-15T23:53:11.785896+00:00
16234SVB,7020.41,40,2,0.0,0.0,0.0,"decay-wtd trimmed median, hl=45.0d, 0 sold of 2",2026-09-15T23:53:11.785896+00:00
16718,36126.72,40,2,0.0,0.0,0.0,"decay-wtd trimmed median, hl=45.0d, 0 sold of 2",2026-09-15T23:53:11.785896+00:00
18238A,20167.83,40,2,0.0,0.0,0.0,"decay-wtd trimmed median, hl=45.0d, 0 sold of 2",2026-09-15T23:53:11.785896+00:00
210.32.42.20.03.002,6231.0,40,2,0.0,0.0,0.0,"decay-wtd trimmed median, hl=45.0d, 0 sold of 2",2026-09-15T23:53:11.785896+00:00
210.90.42.20.01.003,30969.0,40,2,0.0,0.0,0.0,"decay-wtd trimmed median, hl=45.0d, 0 sold of 2",2026-09-15T23:53:11.785896+00:00
215.30.40.20.01.001,7440.0,40,2,0.0,0.0,0.0,"decay-wtd trimmed median, hl=45.0d, 0 sold of 2",2026-09-15T23:53:11.785896+00:00
215.30.46.21.03.002,13578.0,40,2,0.0,0.0,0.0,"decay-wtd trimmed median, hl=45.0d, 0 sold of 2",2026-09-15T23:53:11.785896+00:00
215.92.46.22.01.006,15531.0,40,2,0.0,0.0,0.0,"decay-wtd trimmed median, hl=45.0d, 0 sold of 2",2026-09-15T23:53:11.785896+00:00
215.92.46.22.01.007,15531.0,40,2,0.0,0.0,0.0,"decay-wtd trimmed median, hl=45.0d, 0 sold of 2",2026-09-15T23:53:11.785896+00:00
217.32.42.21.01.001,7998.0,40,2,0.0,0.0,0.0,"decay-wtd trimmed median, hl=45.0d, 0 sold of 2",2026-09-15T23:53:11.785896+00:00
220.10.34.20.03.001,6603.0,40,2,0.0,0.0,0.0,"decay-wtd trimmed median, hl=45.0d, 0 sold of 2",2026-09-15T23:53:11.785896+00:00
220.10.38.20.10.004,6882.0,40,2,0.0,0.0,0.0,"decay-wtd trimmed median, hl=45.0d, 0 sold of 2",2026-09-15T23:53:11.785896+00:00
220.10.38.20.10.005,6882.0,40,2,0.0,0.0,0.0,"decay-wtd trimmed median, hl=45.0d, 0 sold of 2",2026-09-15T23:53:11.785896+00:00
220.12.40.20.06.001,2925.18,40,2,0.0,0.5,0.0,"decay-wtd trimmed median, hl=45.0d, 0 sold of 2",2026-09-15T23:53:11.785896+00:00
220.12.41.21.03.009,6603.0,40,2,0.0,0.0,0.0,"decay-wtd trimmed median, hl=45.0d, 0 sold of 2",2026-09-15T23:53:11.785896+00:00
220.20.30.20.02.001,11346.0,40,2,0.0,0.0,0.0,"decay-wtd trimmed median, hl=45.0d, 0 sold of 2",2026-09-15T23:53:11.785896+00:00
220.20.38.20.09.001,13950.0,40,2,0.0,0.0,0.0,"decay-wtd trimmed median, hl=45.0d, 0 sold of 2",2026-09-15T23:53:11.785896+00:00
220.20.41.21.01.001,14601.0,40,2,0.0,0.0,0.0,"decay-wtd trimmed median, hl=45.0d, 0 sold of 2",2026-09-15T23:53:11.785896+00:00
220.20.41.21.02.001,14043.0,40,2,0.0,0.0,0.0,"decay-wtd trimmed median, hl=45.0d, 0 sold of 2",2026-09-15T23:53:11.785896+00:00
220.25.30.20.55.001,19158.0,40,2,0.0,0.0,0.0,"decay-wtd trimmed median, hl=45.0d, 0 sold of 2",2026-09-15T23:53:11.785896+00:00
220.30.43.22.10.001,11439.0,40,2,0.0,0.0,0.0,"decay-wtd trimmed median, hl=45.0d, 0 sold of 2",2026-09-15T23:53:11.785896+00:00
220.32.38.20.03.001,7254.0,40,2,0.0,0.0,0.0,"decay-wtd trimmed median, hl=45.0d, 0 sold of 2",2026-09-15T23:53:11.785896+00:00
220.32.41.21.03.001,7254.0,40,2,0.0,0.0,0.0,"decay-wtd trimmed median, hl=45.0d, 0 sold of 2",2026-09-15T23:53:11.785896+00:00
220.32.43.22.10.001,11253.0,40,2,0.0,0.0,0.0,"decay-wtd trimmed median, hl=45.0d, 0 sold of 2",2026-09-15T23:53:11.785896+00:00
220.50.41.21.10.001,43245.0,40,2,0.0,0.0,0.0,"decay-wtd trimmed median, hl=45.0d, 0 sold of 2",2026-09-15T23:53:11.785896+00:00
220.52.41.21.10.001,24645.0,40,2,0.0,0.0,0.0,"decay-wtd trimmed median, hl=45.0d, 0 sold of 2",2026-09-15T23:53:11.785896+00:00
220.53.34.20.10.001,19251.0,40,2,0.0,0.0,0.0,"decay-wtd trimmed median, hl=45.0d, 0 sold of 2",2026-09-15T23:53:11.785896+00:00
231.10.43.52.06.001,3098.25,40,2,0.0,0.0,0.0,"decay-wtd trimmed median, hl=45.0d, 0 sold of 2",2026-09-15T23:53:11.785896+00:00
234.32.41.21.01.001,7068.0,40,2,0.0,0.0,0.0,"decay-wtd trimmed median, hl=45.0d, 0 sold of 2",2026-09-15T23:53:11.785896+00:00
235.10.38.20.06.001,5766.0,40,2,0.0,0.0,0.0,"decay-wtd trimmed median, hl=45.0d, 0 sold of 2",2026-09-15T23:53:11.785896+00:00
26022BC,51150.0,40,2,0.0,0.0,0.0,"decay-wtd trimmed median, hl=45.0d, 0 sold of 2",2026-09-15T23:53:11.785896+00:00
304.30.43.52.06.001,17949.0,40,2,0.0,0.0,0.0,"decay-wtd trimmed median, hl=45.0d, 0 sold of 2",2026-09-15T23:53:11.785896+00:00
310.20.42.50.99.001,19623.0,40,2,0.0,0.0,0.0,"decay-wtd trimmed median, hl=45.0d, 0 sold of 2",2026-09-15T23:53:11.785896+00:00
310.30.40.50.06.001,8277.0,40,2,0.0,0.0,0.0,"decay-wtd trimmed median, hl=45.0d, 0 sold of 2",2026-09-15T23:53:11.785896+00:00
310.32.40.50.06.001,7905.0,40,2,0.0,0.0,0.0,"decay-wtd trimmed median, hl=45.0d, 0 sold of 2",2026-09-15T23:53:11.785896+00:00
310.32.40.50.06.002,7905.0,40,2,0.0,0.0,0.0,"decay-wtd trimmed median, hl=45.0d, 0 sold of 2",2026-09-15T23:53:11.785896+00:00
310.92.44.50.01.001,14973.0,40,2,0.0,0.0,0.0,"decay-wtd trimmed median, hl=45.0d, 0 sold of 2",2026-09-15T23:53:11.785896+00:00
310.92.44.51.01.003,14973.0,40,2,0.0,0.0,0.0,"decay-wtd trimmed median, hl=45.0d, 0 sold of 2",2026-09-15T23:53:11.785896+00:00
324.15.38.50.03.001,11439.0,40,2,0.0,0.0,0.0,"decay-wtd trimmed median, hl=45.0d, 0 sold of 2",2026-09-15T23:53:11.785896+00:00
324.15.38.50.05.001,12183.0,40,2,0.0,0.0,0.0,"decay-wtd trimmed median, hl=45.0d, 0 sold of 2",2026-09-15T23:53:11.785896+00:00
324.20.38.50.02.001,10881.0,40,2,0.0,0.0,0.0,"decay-wtd trimmed median, hl=45.0d, 0 sold of 2",2026-09-15T23:53:11.785896+00:00
324.20.38.50.02.002,10881.0,40,2,0.0,0.0,0.0,"decay-wtd trimmed median, hl=45.0d, 0 sold of 2",2026-09-15T23:53:11.785896+00:00
324.30.38.50.01.002,6045.0,40,2,0.0,0.0,0.0,"decay-wtd trimmed median, hl=45.0d, 0 sold of 2",2026-09-15T23:53:11.785896+00:00
324.30.38.50.02.003,6231.0,40,2,0.0,0.0,0.0,"decay-wtd trimmed median, hl=45.0d, 0 sold of 2",2026-09-15T23:53:11.785896+00:00
324.30.38.50.04.001,6603.0,40,2,0.0,0.0,0.0,"decay-wtd trimmed median, hl=45.0d, 0 sold of 2",2026-09-15T23:53:11.785896+00:00
336239,37093.93,40,2,0.0,0.1,0.0,"decay-wtd trimmed median, hl=45.0d, 0 sold of 2",2026-09-15T23:53:11.785896+00:00
35200,1461.44,40,2,0.0,0.0,0.0,"decay-wtd trimmed median, hl=45.0d, 0 sold of 2",2026-09-15T23:53:11.785896+00:00
425.35.34.20.55.002,13020.0,40,2,0.0,0.0,0.0,"decay-wtd trimmed median, hl=45.0d, 0 sold of 2",2026-09-15T23:53:11.785896+00:00
435.13.40.21.02.001,7440.0,40,2,0.0,0.0,0.0,"decay-wtd trimmed median, hl=45.0d, 0 sold of 2",2026-09-15T23:53:11.785896+00:00
435.53.40.22.02.001,22971.0,40,2,0.0,0.0,0.0,"decay-wtd trimmed median, hl=45.0d, 0 sold of 2",2026-09-15T23:53:11.785896+00:00
522.53.37.20.04.001,21390.0,40,2,0.0,0.0,0.0,"decay-wtd trimmed median, hl=45.0d, 0 sold of 2",2026-09-15T23:53:11.785896+00:00
67180PK,3155.63,40,2,0.0,0.2,0.0,"decay-wtd trimmed median, hl=45.0d, 0 sold of 2",2026-09-15T23:53:11.785896+00:00
69173GRG,6632.27,40,2,0.0,0.1,0.0,"decay-wtd trimmed median, hl=45.0d, 0 sold of 2",2026-09-15T23:53:11.785896+00:00
79833MN,4150.48,40,2,0.0,0.2,0.0,"decay-wtd trimmed median, hl=45.0d, 0 sold of 2",2026-09-15T23:53:11.785896+00:00
A13362,2768.03,40,2,0.0,0.2,0.0,"decay-wtd trimmed median, hl=45.0d, 0 sold of 2",2026-09-15T23:53:11.785896+00:00
BAM163,23.38,40,2,0.0,0.0,0.0,"decay-wtd trimmed median, hl=45.0d, 0 sold of 2",2026-09-15T23:53:11.785896+00:00
HAB005,2697.0,40,2,0.0,0.0,0.0,"decay-wtd trimmed median, hl=45.0d, 0 sold of 2",2026-09-15T23:53:11.785896+00:00
HAB006,2697.0,40,2,0.0,0.0,0.0,"decay-wtd trimmed median, hl=45.0d, 0 sold of 2",2026-09-15T23:53:11.785896+00:00
HBB002,697.5,40,2,0.0,0.0,0.0,"decay-wtd trimmed median, hl=45.0d, 0 sold of 2",2026-09-15T23:53:11.785896+00:00
HBC001,1581.0,40,2,0.0,0.0,0.0,"decay-wtd trimmed median, hl=45.0d, 0 sold of 2",2026-09-15T23:53:11.785896+00:00
HBC002,1581.0,40,2,0.0,0.0,0.0,"decay-wtd trimmed median, hl=45.0d, 0 sold of 2",2026-09-15T23:53:11.785896+00:00
HBC005,1302.0,40,2,0.0,0.0,0.0,"decay-wtd trimmed median, hl=45.0d, 0 sold of 2",2026-09-15T23:53:11.785896+00:00
HBC007,1069.5,40,2,0.0,0.0,0.0,"decay-wtd trimmed median, hl=45.0d, 0 sold of 2",2026-09-15T23:53:11.785896+00:00
HCB001,441.75,40,2,0.0,0.0,0.0,"decay-wtd trimmed median, hl=45.0d, 0 sold of 2",2026-09-15T23:53:11.785896+00:00
HCB002,441.75,40,2,0.0,0.0,0.0,"decay-wtd trimmed median, hl=45.0d, 0 sold of 2",2026-09-15T23:53:11.785896+00:00
HCB003,441.75,40,2,0.0,0.0,0.0,"decay-wtd trimmed median, hl=45.0d, 0 sold of 2",2026-09-15T23:53:11.785896+00:00
HCC001,883.5,40,2,0.0,0.0,0.0,"decay-wtd trimmed median, hl=45.0d, 0 sold of 2",2026-09-15T23:53:11.785896+00:00
HCC002,883.5,40,2,0.0,0.0,0.0,"decay-wtd trimmed median, hl=45.0d, 0 sold of 2",2026-09-15T23:53:11.785896+00:00
HDB001,418.5,40,2,0.0,0.0,0.0,"decay-wtd trimmed median, hl=45.0d, 0 sold of 2",2026-09-15T23:53:11.785896+00:00
HDB002,418.5,40,2,0.0,0.0,0.0,"decay-wtd trimmed median, hl=45.0d, 0 sold of 2",2026-09-15T23:53:11.785896+00:00
HDB006,372.0,40,2,0.0,0.0,0.0,"decay-wtd trimmed median, hl=45.0d, 0 sold of 2",2026-09-15T23:53:11.785896+00:00
HDB007,372.0,40,2,0.0,0.0,0.0,"decay-wtd trimmed median, hl=45.0d, 0 sold of 2",2026-09-15T23:53:11.785896+00:00
HDB008,358.05,40,2,0.0,0.0,0.0,"decay-wtd trimmed median, hl=45.0d, 0 sold of 2",2026-09-15T23:53:11.785896+00:00
HDB009,358.05,40,2,0.0,0.0,0.0,"decay-wtd trimmed median, hl=45.0d, 0 sold of 2",2026-09-15T23:53:11.785896+00:00
HDB012,465.0,40,2,0.0,0.0,0.0,"decay-wtd trimmed median, hl=45.0d, 0 sold of 2",2026-09-15T23:53:11.785896+00:00
HKF001,3580.5,40,2,0.0,0.0,0.0,"decay-wtd trimmed median, hl=45.0d, 0 sold of 2",2026-09-15T23:53:11.785896+00:00
HKF002,3580.5,40,2,0.0,0.0,0.0,"decay-wtd trimmed median, hl=45.0d, 0 sold of 2",2026-09-15T23:53:11.785896+00:00
HKF003,3580.5,40,2,0.0,0.0,0.0,"decay-wtd trimmed median, hl=45.0d, 0 sold of 2",2026-09-15T23:53:11.785896+00:00
IW372501,2922.88,40,2,0.0,0.0,0.0,"decay-wtd trimmed median, hl=45.0d, 0 sold of 2",2026-09-15T23:53:11.785896+00:00
SADB001,19.87,40,2,0.0,0.0,0.0,"decay-wtd trimmed median, hl=45.0d, 0 sold of 2",2026-09-15T23:53:11.785896+00:00
SAQD020,19.87,40,2,0.0,0.0,0.0,"decay-wtd trimmed median, hl=45.0d, 0 sold of 2",2026-09-15T23:53:11.785896+00:00
SBCJ019J,19.87,40,2,0.0,0.0,0.0,"decay-wtd trimmed median, hl=45.0d, 0 sold of 2",2026-09-15T23:53:11.785896+00:00
SBDC085J,130.94,40,2,0.0,0.0,0.0,"decay-wtd trimmed median, hl=45.0d, 0 sold of 2",2026-09-15T23:53:11.785896+00:00
SBDC205,1048.02,40,2,0.0,0.2,0.0,"decay-wtd trimmed median, hl=45.0d, 0 sold of 2",2026-09-15T23:53:11.785896+00:00
SBDL005J,18.7,40,2,0.0,0.0,0.0,"decay-wtd trimmed median, hl=45.0d, 0 sold of 2",2026-09-15T23:53:11.785896+00:00
SBDN069,19.87,40,2,0.0,0.0,0.0,"decay-wtd trimmed median, hl=45.0d, 0 sold of 2",2026-09-15T23:53:11.785896+00:00
SBFG003J,18.7,40,2,0.0,0.0,0.0,"decay-wtd trimmed median, hl=45.0d, 0 sold of 2",2026-09-15T23:53:11.785896+00:00
SBGA429,5394.0,40,2,0.0,0.0,0.0,"decay-wtd trimmed median, hl=45.0d, 0 sold of 2",2026-09-15T23:53:11.785896+00:00
SBGA469,4589.03,40,2,0.0,0.1,0.0,"decay-wtd trimmed median, hl=45.0d, 0 sold of 2",2026-09-15T23:53:11.785896+00:00
SBGA481,10323.0,40,2,0.0,0.0,0.0,"decay-wtd trimmed median, hl=45.0d, 0 sold of 2",2026-09-15T23:53:11.785896+00:00
SBGA481G,100.54,40,2,0.0,0.0,0.0,"decay-wtd trimmed median, hl=45.0d, 0 sold of 2",2026-09-15T23:53:11.785896+00:00
SBGE248,8789.11,40,2,0.0,0.1,0.0,"decay-wtd trimmed median, hl=45.0d, 0 sold of 2",2026-09-15T23:53:11.785896+00:00
SBGE279,4300.79,40,2,0.0,0.1,0.0,"decay-wtd trimmed median, hl=45.0d, 0 sold of 2",2026-09-15T23:53:11.785896+00:00
SBGH289,7161.0,40,2,0.0,0.0,0.0,"decay-wtd trimmed median, hl=45.0d, 0 sold of 2",2026-09-15T23:53:11.785896+00:00
SBGH295,6789.0,40,2,0.0,0.0,0.0,"decay-wtd trimmed median, hl=45.0d, 0 sold of 2",2026-09-15T23:53:11.785896+00:00
SBGH301,4631.39,40,2,0.0,0.1,0.0,"decay-wtd trimmed median, hl=45.0d, 0 sold of 2",2026-09-15T23:53:11.785896+00:00
SBGH368,30504.0,40,2,0.0,0.0,0.0,"decay-wtd trimmed median, hl=45.0d, 0 sold of 2",2026-09-15T23:53:11.785896+00:00
SBGH375,7293.43,40,2,0.0,0.1,0.0,"decay-wtd trimmed median, hl=45.0d, 0 sold of 2",2026-09-15T23:53:11.785896+00:00
SBGR261,3350.31,40,2,0.0,0.1,0.0,"decay-wtd trimmed median, hl=45.0d, 0 sold of 2",2026-09-15T23:53:11.785896+00:00
SBGW279,4278.0,40,2,0.0,0.0,0.0,"decay-wtd trimmed median, hl=45.0d, 0 sold of 2",2026-09-15T23:53:11.785896+00:00
SBGW285,3210.4,40,2,0.0,0.1,0.0,"decay-wtd trimmed median, hl=45.0d, 0 sold of 2",2026-09-15T23:53:11.785896+00:00
SBGX353,3813.0,40,2,0.0,0.0,0.0,"decay-wtd trimmed median, hl=45.0d, 0 sold of 2",2026-09-15T23:53:11.785896+00:00
SBGX361,2976.0,40,2,0.0,0.0,0.0,"decay-wtd trimmed median, hl=45.0d, 0 sold of 2",2026-09-15T23:53:11.785896+00:00
SBGY007,8277.0,40,2,0.0,0.0,0.0,"decay-wtd trimmed median, hl=45.0d, 0 sold of 2",2026-09-15T23:53:11.785896+00:00
SBGY011,8184.0,40,2,0.0,0.0,0.0,"decay-wtd trimmed median, hl=45.0d, 0 sold of 2",2026-09-15T23:53:11.785896+00:00
SBPJ001J,18.7,40,2,0.0,0.0,0.0,"decay-wtd trimmed median, hl=45.0d, 0 sold of 2",2026-09-15T23:53:11.785896+00:00
SBPJ015J,18.7,40,2,0.0,0.0,0.0,"decay-wtd trimmed median, hl=45.0d, 0 sold of 2",2026-09-15T23:53:11.785896+00:00
SBSA041J,18.7,40,2,0.0,0.0,0.0,"decay-wtd trimmed median, hl=45.0d, 0 sold of 2",2026-09-15T23:53:11.785896+00:00
SBSA212J,18.13,40,2,0.0,0.0,0.0,"decay-wtd trimmed median, hl=45.0d, 0 sold of 2",2026-09-15T23:53:11.785896+00:00
SCDC039,18.7,40,2,0.0,0.0,0.0,"decay-wtd trimmed median, hl=45.0d, 0 sold of 2",2026-09-15T23:53:11.785896+00:00
SJE101,2604.0,40,2,0.0,0.0,0.0,"decay-wtd trimmed median, hl=45.0d, 0 sold of 2",2026-09-15T23:53:11.785896+00:00
SJE103,3069.0,40,2,0.0,0.0,0.0,"decay-wtd trimmed median, hl=45.0d, 0 sold of 2",2026-09-15T23:53:11.785896+00:00
SJE105,3069.0,40,2,0.0,0.0,0.0,"decay-wtd trimmed median, hl=45.0d, 0 sold of 2",2026-09-15T23:53:11.785896+00:00
SJE107,3069.0,40,2,0.0,0.0,0.0,"decay-wtd trimmed median, hl=45.0d, 0 sold of 2",2026-09-15T23:53:11.785896+00:00
SJE109,2883.0,40,2,0.0,0.0,0.0,"decay-wtd trimmed median, hl=45.0d, 0 sold of 2",2026-09-15T23:53:11.785896+00:00
SJE121,2883.0,40,2,0.0,0.0,0.0,"decay-wtd trimmed median, hl=45.0d, 0 sold of 2",2026-09-15T23:53:11.785896+00:00
SLA065,2697.0,40,2,0.0,0.0,0.0,"decay-wtd trimmed median, hl=45.0d, 0 sold of 2",2026-09-15T23:53:11.785896+00:00
SLA077,2697.0,40,2,0.0,0.0,0.0,"decay-wtd trimmed median, hl=45.0d, 0 sold of 2",2026-09-15T23:53:11.785896+00:00
SLA079,2697.0,40,2,0.0,0.0,0.0,"decay-wtd trimmed median, hl=45.0d, 0 sold of 2",2026-09-15T23:53:11.785896+00:00
SLA089,3069.0,40,2,0.0,0.0,0.0,"decay-wtd trimmed median, hl=45.0d, 0 sold of 2",2026-09-15T23:53:11.785896+00:00
SLA093,2976.0,40,2,0.0,0.0,0.0,"decay-wtd trimmed median, hl=45.0d, 0 sold of 2",2026-09-15T23:53:11.785896+00:00
SLA095,2976.0,40,2,0.0,0.0,0.0,"decay-wtd trimmed median, hl=45.0d, 0 sold of 2",2026-09-15T23:53:11.785896+00:00
SLGB007,10602.0,40,2,0.0,0.0,0.0,"decay-wtd trimmed median, hl=45.0d, 0 sold of 2",2026-09-15T23:53:11.785896+00:00
SLGB009,9486.0,40,2,0.0,0.0,0.0,"decay-wtd trimmed median, hl=45.0d, 0 sold of 2",2026-09-15T23:53:11.785896+00:00
SLGB011,9486.0,40,2,0.0,0.0,0.0,"decay-wtd trimmed median, hl=45.0d, 0 sold of 2",2026-09-15T23:53:11.785896+00:00
SLGB013,9486.0,40,2,0.0,0.0,0.0,"decay-wtd trimmed median, hl=45.0d, 0 sold of 2",2026-09-15T23:53:11.785896+00:00
SLGB015,9486.0,40,2,0.0,0.0,0.0,"decay-wtd trimmed median, hl=45.0d, 0 sold of 2",2026-09-15T23:53:11.785896+00:00
SLGH029,10602.0,40,2,0.0,0.0,0.0,"decay-wtd trimmed median, hl=45.0d, 0 sold of 2",2026-09-15T23:53:11.785896+00:00
SLGH031,9486.0,40,2,0.0,0.0,0.0,"decay-wtd trimmed median, hl=45.0d, 0 sold of 2",2026-09-15T23:53:11.785896+00:00
SLGH033,9486.0,40,2,0.0,0.0,0.0,"decay-wtd trimmed median, hl=45.0d, 0 sold of 2",2026-09-15T23:53:11.785896+00:00
SLGH035,9486.0,40,2,0.0,0.0,0.0,"decay-wtd trimmed median, hl=45.0d, 0 sold of 2",2026-09-15T23:53:11.785896+00:00
SND187P,82.64,40,2,0.0,0.2,0.0,"decay-wtd trimmed median, hl=45.0d, 0 sold of 2",2026-09-15T23:53:11.785896+00:00
SNR057,6045.0,40,2,0.0,0.0,0.0,"decay-wtd trimmed median, hl=45.0d, 0 sold of 2",2026-09-15T23:53:11.785896+00:00
SPB105,976.5,40,2,0.0,0.0,0.0,"decay-wtd trimmed median, hl=45.0d, 0 sold of 2",2026-09-15T23:53:11.785896+00:00
SPB115,1023.0,40,2,0.0,0.0,0.0,"decay-wtd trimmed median, hl=45.0d, 0 sold of 2",2026-09-15T23:53:11.785896+00:00
SPB177,837.0,40,2,0.0,0.0,0.0,"decay-wtd trimmed median, hl=45.0d, 0 sold of 2",2026-09-15T23:53:11.785896+00:00
SPB219,1302.0,40,2,0.0,0.0,0.0,"decay-wtd trimmed median, hl=45.0d, 0 sold of 2",2026-09-15T23:53:11.785896+00:00
SPB221,1302.0,40,2,0.0,0.0,0.0,"decay-wtd trimmed median, hl=45.0d, 0 sold of 2",2026-09-15T23:53:11.785896+00:00
SPB255,1116.0,40,2,0.0,0.0,0.0,"decay-wtd trimmed median, hl=45.0d, 0 sold of 2",2026-09-15T23:53:11.785896+00:00
SPB261,1302.0,40,2,0.0,0.0,0.0,"decay-wtd trimmed median, hl=45.0d, 0 sold of 2",2026-09-15T23:53:11.785896+00:00
SPB283,1581.0,40,2,0.0,0.0,0.0,"decay-wtd trimmed median, hl=45.0d, 0 sold of 2",2026-09-15T23:53:11.785896+00:00
SPB301,1255.5,40,2,0.0,0.0,0.0,"decay-wtd trimmed median, hl=45.0d, 0 sold of 2",2026-09-15T23:53:11.785896+00:00
SPB319,1581.0,40,2,0.0,0.0,0.0,"decay-wtd trimmed median, hl=45.0d, 0 sold of 2",2026-09-15T23:53:11.785896+00:00
SPB349,1395.0,40,2,0.0,0.0,0.0,"decay-wtd trimmed median, hl=45.0d, 0 sold of 2",2026-09-15T23:53:11.785896+00:00
SPB351,1395.0,40,2,0.0,0.0,0.0,"decay-wtd trimmed median, hl=45.0d, 0 sold of 2",2026-09-15T23:53:11.785896+00:00
SPB353,1395.0,40,2,0.0,0.0,0.0,"decay-wtd trimmed median, hl=45.0d, 0 sold of 2",2026-09-15T23:53:11.785896+00:00
SPB395,1720.5,40,2,0.0,0.0,0.0,"decay-wtd trimmed median, hl=45.0d, 0 sold of 2",2026-09-15T23:53:11.785896+00:00
SPB423,1162.5,40,2,0.0,0.0,0.0,"decay-wtd trimmed median, hl=45.0d, 0 sold of 2",2026-09-15T23:53:11.785896+00:00
SPB451,1209.0,40,2,0.0,0.0,0.0,"decay-wtd trimmed median, hl=45.0d, 0 sold of 2",2026-09-15T23:53:11.785896+00:00
SPB481,1023.0,40,2,0.0,0.0,0.0,"decay-wtd trimmed median, hl=45.0d, 0 sold of 2",2026-09-15T23:53:11.785896+00:00
SPB485,1023.0,40,2,0.0,0.0,0.0,"decay-wtd trimmed median, hl=45.0d, 0 sold of 2",2026-09-15T23:53:11.785896+00:00
SPB505,925.35,40,2,0.0,0.0,0.0,"decay-wtd trimmed median, hl=45.0d, 0 sold of 2",2026-09-15T23:53:11.785896+00:00
SPB507,837.0,40,2,0.0,0.0,0.0,"decay-wtd trimmed median, hl=45.0d, 0 sold of 2",2026-09-15T23:53:11.785896+00:00
SPB513,925.35,40,2,0.0,0.0,0.0,"decay-wtd trimmed median, hl=45.0d, 0 sold of 2",2026-09-15T23:53:11.785896+00:00
SQBR017,21.05,40,2,0.0,0.0,0.0,"decay-wtd trimmed median, hl=45.0d, 0 sold of 2",2026-09-15T23:53:11.785896+00:00
SRQ039,2790.0,40,2,0.0,0.0,0.0,"decay-wtd trimmed median, hl=45.0d, 0 sold of 2",2026-09-15T23:53:11.785896+00:00
SRQ043,2976.0,40,2,0.0,0.0,0.0,"decay-wtd trimmed median, hl=45.0d, 0 sold of 2",2026-09-15T23:53:11.785896+00:00
SRQ047,2325.0,40,2,0.0,0.0,0.0,"decay-wtd trimmed median, hl=45.0d, 0 sold of 2",2026-09-15T23:53:11.785896+00:00
SRQ049,2511.0,40,2,0.0,0.0,0.0,"decay-wtd trimmed median, hl=45.0d, 0 sold of 2",2026-09-15T23:53:11.785896+00:00
SRQ051,2325.0,40,2,0.0,0.0,0.0,"decay-wtd trimmed median, hl=45.0d, 0 sold of 2",2026-09-15T23:53:11.785896+00:00
SRQ053,2325.0,40,2,0.0,0.0,0.0,"decay-wtd trimmed median, hl=45.0d, 0 sold of 2",2026-09-15T23:53:11.785896+00:00
SRQ055,2325.0,40,2,0.0,0.0,0.0,"decay-wtd trimmed median, hl=45.0d, 0 sold of 2",2026-09-15T23:53:11.785896+00:00
SSB479,418.5,40,2,0.0,0.0,0.0,"decay-wtd trimmed median, hl=45.0d, 0 sold of 2",2026-09-15T23:53:11.785896+00:00
SSC963,674.25,40,2,0.0,0.0,0.0,"decay-wtd trimmed median, hl=45.0d, 0 sold of 2",2026-09-15T23:53:11.785896+00:00
SSDM021,18.7,40,2,0.0,0.0,0.0,"decay-wtd trimmed median, hl=45.0d, 0 sold of 2",2026-09-15T23:53:11.785896+00:00
SSH180,3069.0,40,2,0.0,0.0,0.0,"decay-wtd trimmed median, hl=45.0d, 0 sold of 2",2026-09-15T23:53:11.785896+00:00
SSH183,2697.0,40,2,0.0,0.0,0.0,"decay-wtd trimmed median, hl=45.0d, 0 sold of 2",2026-09-15T23:53:11.785896+00:00
SSH187,2697.0,40,2,0.0,0.0,0.0,"decay-wtd trimmed median, hl=45.0d, 0 sold of 2",2026-09-15T23:53:11.785896+00:00
SSJ039,2232.0,40,2,0.0,0.0,0.0,"decay-wtd trimmed median, hl=45.0d, 0 sold of 2",2026-09-15T23:53:11.785896+00:00
SSVD015J,21.05,40,2,0.0,0.0,0.0,"decay-wtd trimmed median, hl=45.0d, 0 sold of 2",2026-09-15T23:53:11.785896+00:00
STGF053J,39.16,40,2,0.0,0.0,0.0,"decay-wtd trimmed median, hl=45.0d, 0 sold of 2",2026-09-15T23:53:11.785896+00:00
STGF371,2311.14,40,2,0.0,0.1,0.0,"decay-wtd trimmed median, hl=45.0d, 0 sold of 2",2026-09-15T23:53:11.785896+00:00
STGF373,2052.55,40,2,0.0,0.1,0.0,"decay-wtd trimmed median, hl=45.0d, 0 sold of 2",2026-09-15T23:53:11.785896+00:00
STGF383,4157.72,40,2,0.0,0.1,0.0,"decay-wtd trimmed median, hl=45.0d, 0 sold of 2",2026-09-15T23:53:11.785896+00:00
STGK019,7621.34,40,2,0.0,0.1,0.0,"decay-wtd trimmed median, hl=45.0d, 0 sold of 2",2026-09-15T23:53:11.785896+00:00
STPS027,18.7,40,2,0.0,0.0,0.0,"decay-wtd trimmed median, hl=45.0d, 0 sold of 2",2026-09-15T23:53:11.785896+00:00
WSSA0030,6722.61,40,2,0.0,0.0,0.0,"decay-wtd trimmed median, hl=45.0d, 0 sold of 2",2026-09-15T23:53:11.785896+00:00
WSTA0071,3004.85,40,2,0.0,0.5,0.0,"decay-wtd trimmed median, hl=45.0d, 0 sold of 2",2026-09-15T23:53:11.785896+00:00
WSTA0074,3624.37,40,2,0.0,0.1,0.0,"decay-wtd trimmed median, hl=45.0d, 0 sold of 2",2026-09-15T23:53:11.785896+00:00
101.029,30280.98,40,1,0.0,0.0,0.0,"decay-wtd trimmed median, hl=45.0d, 0 sold of 1",2026-09-15T23:53:11.785896+00:00
1019,26441.63,40,1,0.0,0.0,0.0,"decay-wtd trimmed median, hl=45.0d, 0 sold of 1",2026-09-15T23:53:11.785896+00:00
105.027,23949.53,40,1,0.0,0.0,0.0,"decay-wtd trimmed median, hl=45.0d, 0 sold of 1",2026-09-15T23:53:11.785896+00:00
106.025,29564.7,40,1,0.0,0.0,0.0,"decay-wtd trimmed median, hl=45.0d, 0 sold of 1",2026-09-15T23:53:11.785896+00:00
107.031,20829.01,40,1,0.0,0.0,0.0,"decay-wtd trimmed median, hl=45.0d, 0 sold of 1",2026-09-15T23:53:11.785896+00:00
111.15.26.60.55.001,1754.6,40,1,0.0,0.0,0.0,"decay-wtd trimmed median, hl=45.0d, 0 sold of 1",2026-09-15T23:53:11.785896+00:00
111.20.36.20.58.001,2461.25,40,1,0.0,0.0,0.0,"decay-wtd trimmed median, hl=45.0d, 0 sold of 1",2026-09-15T23:53:11.785896+00:00
116000STBDP,8123.04,40,1,0.0,0.0,0.0,"decay-wtd trimmed median, hl=45.0d, 0 sold of 1",2026-09-15T23:53:11.785896+00:00
11610LN,10237.44,40,1,0.0,0.0,0.0,"decay-wtd trimmed median, hl=45.0d, 0 sold of 1",2026-09-15T23:53:11.785896+00:00
116185BBRZB,45065.4,40,1,0.0,0.0,0.0,"decay-wtd trimmed median, hl=45.0d, 0 sold of 1",2026-09-15T23:53:11.785896+00:00
116231,10814.64,40,1,0.0,0.0,0.0,"decay-wtd trimmed median, hl=45.0d, 0 sold of 1",2026-09-15T23:53:11.785896+00:00
116244,12555.0,40,1,0.0,0.0,0.0,"decay-wtd trimmed median, hl=45.0d, 0 sold of 1",2026-09-15T23:53:11.785896+00:00
116263,10726.5,40,1,0.0,0.0,0.0,"decay-wtd trimmed median, hl=45.0d, 0 sold of 1",2026-09-15T23:53:11.785896+00:00
116508GBK,50384.79,40,1,0.0,0.0,0.0,"decay-wtd trimmed median, hl=45.0d, 0 sold of 1",2026-09-15T23:53:11.785896+00:00
116509G,37120.49,40,1,0.0,0.0,0.0,"decay-wtd trimmed median, hl=45.0d, 0 sold of 1",2026-09-15T23:53:11.785896+00:00
116509NGBK,41441.04,40,1,0.0,0.0,0.0,"decay-wtd trimmed median, hl=45.0d, 0 sold of 1",2026-09-15T23:53:11.785896+00:00
116515LNA,38688.22,40,1,0.0,0.0,0.0,"decay-wtd trimmed median, hl=45.0d, 0 sold of 1",2026-09-15T23:53:11.785896+00:00
116515LNG,40452.57,40,1,0.0,0.0,0.0,"decay-wtd trimmed median, hl=45.0d, 0 sold of 1",2026-09-15T23:53:11.785896+00:00
116518LNCH,42248.81,40,1,0.0,0.0,0.0,"decay-wtd trimmed median, hl=45.0d, 0 sold of 1",2026-09-15T23:53:11.785896+00:00
116518LNG,39751.08,40,1,0.0,0.0,0.0,"decay-wtd trimmed median, hl=45.0d, 0 sold of 1",2026-09-15T23:53:11.785896+00:00
116528,39166.51,40,1,0.0,0.0,0.0,"decay-wtd trimmed median, hl=45.0d, 0 sold of 1",2026-09-15T23:53:11.785896+00:00
116528CH,39676.26,40,1,0.0,0.0,0.0,"decay-wtd trimmed median, hl=45.0d, 0 sold of 1",2026-09-15T23:53:11.785896+00:00
116528G,38676.75,40,1,0.0,0.0,0.0,"decay-wtd trimmed median, hl=45.0d, 0 sold of 1",2026-09-15T23:53:11.785896+00:00
116528GR,39219.65,40,1,0.0,0.0,0.0,"decay-wtd trimmed median, hl=45.0d, 0 sold of 1",2026-09-15T23:53:11.785896+00:00
116576TBR,175372.43,40,1,0.0,0.0,0.0,"decay-wtd trimmed median, hl=45.0d, 0 sold of 1",2026-09-15T23:53:11.785896+00:00
116588TBR,166338.09,40,1,0.0,0.0,0.0,"decay-wtd trimmed median, hl=45.0d, 0 sold of 1",2026-09-15T23:53:11.785896+00:00
116599RBR,70148.97,40,1,0.0,0.0,0.0,"decay-wtd trimmed median, hl=45.0d, 0 sold of 1",2026-09-15T23:53:11.785896+00:00
116618LB,32443.9,40,1,0.0,0.0,0.0,"decay-wtd trimmed median, hl=45.0d, 0 sold of 1",2026-09-15T23:53:11.785896+00:00
116695SATS,92362.81,40,1,0.0,0.0,0.0,"decay-wtd trimmed median, hl=45.0d, 0 sold of 1",2026-09-15T23:53:11.785896+00:00
116711CHNR,17244.95,40,1,0.0,0.0,0.0,"decay-wtd trimmed median, hl=45.0d, 0 sold of 1",2026-09-15T23:53:11.785896+00:00
116718LNGRE,40813.94,40,1,0.0,0.0,0.0,"decay-wtd trimmed median, hl=45.0d, 0 sold of 1",2026-09-15T23:53:11.785896+00:00
118205FA,34845.86,40,1,0.0,0.0,0.0,"decay-wtd trimmed median, hl=45.0d, 0 sold of 1",2026-09-15T23:53:11.785896+00:00
118235FA,37093.93,40,1,0.0,0.0,0.0,"decay-wtd trimmed median, hl=45.0d, 0 sold of 1",2026-09-15T23:53:11.785896+00:00
118238ACH,26199.58,40,1,0.0,0.0,0.0,"decay-wtd trimmed median, hl=45.0d, 0 sold of 1",2026-09-15T23:53:11.785896+00:00
118238DIA,41876.81,40,1,0.0,0.0,0.0,"decay-wtd trimmed median, hl=45.0d, 0 sold of 1",2026-09-15T23:53:11.785896+00:00
118239,23382.99,40,1,0.0,0.0,1.0,"decay-wtd trimmed median, hl=45.0d, 0 sold of 1",2026-09-15T23:53:11.785896+00:00
118239ASVO,24339.57,40,1,0.0,0.0,0.0,"decay-wtd trimmed median, hl=45.0d, 0 sold of 1",2026-09-15T23:53:11.785896+00:00
118348ZEA,45553.88,40,1,0.0,0.0,0.0,"decay-wtd trimmed median, hl=45.0d, 0 sold of 1",2026-09-15T23:53:11.785896+00:00
118388ACH,34800.0,40,1,0.0,0.0,0.0,"decay-wtd trimmed median, hl=45.0d, 0 sold of 1",2026-09-15T23:53:11.785896+00:00
118389,31567.04,40,1,0.0,0.0,0.0,"decay-wtd trimmed median, hl=45.0d, 0 sold of 1",2026-09-15T23:53:11.785896+00:00
1205F000RB622,10288.52,40,1,0.0,0.0,0.0,"decay-wtd trimmed median, hl=45.0d, 0 sold of 1",2026-09-15T23:53:11.785896+00:00
123.10.24.60.02.002,1169.15,40,1,0.0,0.0,0.0,"decay-wtd trimmed median, hl=45.0d, 0 sold of 1",2026-09-15T23:53:11.785896+00:00
123.10.27.60.57.001,1636.81,40,1,0.0,0.0,0.0,"decay-wtd trimmed median, hl=45.0d, 0 sold of 1",2026-09-15T23:53:11.785896+00:00
123.10.35.20.52.001,1753.73,40,1,0.0,0.0,0.0,"decay-wtd trimmed median, hl=45.0d, 0 sold of 1",2026-09-15T23:53:11.785896+00:00
123.10.38.21.01.001,2513.67,40,1,0.0,0.0,0.0,"decay-wtd trimmed median, hl=45.0d, 0 sold of 1",2026-09-15T23:53:11.785896+00:00
123.10.38.21.52.001,8091.0,40,1,0.0,0.0,0.0,"decay-wtd trimmed median, hl=45.0d, 0 sold of 1",2026-09-15T23:53:11.785896+00:00
123.18.35.20.56.001,6800.97,40,1,0.0,0.0,0.0,"decay-wtd trimmed median, hl=45.0d, 0 sold of 1",2026-09-15T23:53:11.785896+00:00
123.20.24.60.57.002,1169.15,40,1,0.0,0.0,0.0,"decay-wtd trimmed median, hl=45.0d, 0 sold of 1",2026-09-15T23:53:11.785896+00:00
123.20.24.60.63.002,2046.01,40,1,0.0,0.0,0.0,"decay-wtd trimmed median, hl=45.0d, 0 sold of 1",2026-09-15T23:53:11.785896+00:00
123.20.27.20.57.003,5032.15,40,1,0.0,0.0,0.0,"decay-wtd trimmed median, hl=45.0d, 0 sold of 1",2026-09-15T23:53:11.785896+00:00
123.25.24.60.55.011,5827.82,40,1,0.0,0.0,0.0,"decay-wtd trimmed median, hl=45.0d, 0 sold of 1",2026-09-15T23:53:11.785896+00:00
124300CE,20746.68,40,1,0.0,0.0,0.0,"decay-wtd trimmed median, hl=45.0d, 0 sold of 1",2026-09-15T23:53:11.785896+00:00
124300YO,15145.8,40,1,0.0,0.0,0.0,"decay-wtd trimmed median, hl=45.0d, 0 sold of 1",2026-09-15T23:53:11.785896+00:00
12503,256773.0,40,1,0.0,0.0,0.0,"decay-wtd trimmed median, hl=45.0d, 0 sold of 1",2026-09-15T23:53:11.785896+00:00
126231G,16376.33,40,1,0.0,0.0,0.0,"decay-wtd trimmed median, hl=45.0d, 0 sold of 1",2026-09-15T23:53:11.785896+00:00
126233GCHF,15305.23,40,1,0.0,0.0,0.0,"decay-wtd trimmed median, hl=45.0d, 0 sold of 1",2026-09-15T23:53:11.785896+00:00
126234NG,12860.64,40,1,0.0,0.0,0.0,"decay-wtd trimmed median, hl=45.0d, 0 sold of 1",2026-09-15T23:53:11.785896+00:00
126331NG,18918.97,40,1,0.0,0.0,0.0,"decay-wtd trimmed median, hl=45.0d, 0 sold of 1",2026-09-15T23:53:11.785896+00:00
126334NG,12743.73,40,1,0.0,0.0,0.0,"decay-wtd trimmed median, hl=45.0d, 0 sold of 1",2026-09-15T23:53:11.785896+00:00
126516LN,78880.41,40,1,0.0,0.0,0.0,"decay-wtd trimmed median, hl=45.0d, 0 sold of 1",2026-09-15T23:53:11.785896+00:00
126518LNBK,48785.43,40,1,0.0,0.0,0.0,"decay-wtd trimmed median, hl=45.0d, 0 sold of 1",2026-09-15T23:53:11.785896+00:00
126518LNCH,49848.29,40,1,0.0,0.0,0.0,"decay-wtd trimmed median, hl=45.0d, 0 sold of 1",2026-09-15T23:53:11.785896+00:00
126589RBR,67259.93,40,1,0.0,0.0,0.0,"decay-wtd trimmed median, hl=45.0d, 0 sold of 1",2026-09-15T23:53:11.785896+00:00
126719BLNR,15666.6,40,1,0.0,0.0,0.0,"decay-wtd trimmed median, hl=45.0d, 0 sold of 1",2026-09-15T23:53:11.785896+00:00
12703,1344.52,40,1,0.0,0.0,0.0,"decay-wtd trimmed median, hl=45.0d, 0 sold of 1",2026-09-15T23:53:11.785896+00:00
128155RBR,54365.46,40,1,0.0,0.0,0.0,"decay-wtd trimmed median, hl=45.0d, 0 sold of 1",2026-09-15T23:53:11.785896+00:00
128239NA,40302.78,40,1,0.0,0.0,0.0,"decay-wtd trimmed median, hl=45.0d, 0 sold of 1",2026-09-15T23:53:11.785896+00:00
128239NAWH,39315.31,40,1,0.0,0.0,0.0,"decay-wtd trimmed median, hl=45.0d, 0 sold of 1",2026-09-15T23:53:11.785896+00:00
128396TBR,75994.72,40,1,0.0,0.0,0.0,"decay-wtd trimmed median, hl=45.0d, 0 sold of 1",2026-09-15T23:53:11.785896+00:00
12983603J,3627.0,40,1,0.0,0.0,0.0,"decay-wtd trimmed median, hl=45.0d, 0 sold of 1",2026-09-15T23:53:11.785896+00:00
130.30.39.21.02.001,5300.07,40,1,0.0,0.0,0.0,"decay-wtd trimmed median, hl=45.0d, 0 sold of 1",2026-09-15T23:53:11.785896+00:00
130.30.39.21.03.001,8277.0,40,1,0.0,0.0,0.0,"decay-wtd trimmed median, hl=45.0d, 0 sold of 1",2026-09-15T23:53:11.785896+00:00
130.33.41.22.06.001,6162.38,40,1,0.0,0.0,0.0,"decay-wtd trimmed median, hl=45.0d, 0 sold of 1",2026-09-15T23:53:11.785896+00:00
130.33.41.22.10.001,9672.0,40,1,0.0,0.0,0.0,"decay-wtd trimmed median, hl=45.0d, 0 sold of 1",2026-09-15T23:53:11.785896+00:00
130.53.41.22.03.001,33573.0,40,1,0.0,0.0,0.0,"decay-wtd trimmed median, hl=45.0d, 0 sold of 1",2026-09-15T23:53:11.785896+00:00
131.10.25.60.02.001,3069.0,40,1,0.0,0.0,0.0,"decay-wtd trimmed median, hl=45.0d, 0 sold of 1",2026-09-15T23:53:11.785896+00:00
131.10.25.60.02.002,2883.0,40,1,0.0,0.0,0.0,"decay-wtd trimmed median, hl=45.0d, 0 sold of 1",2026-09-15T23:53:11.785896+00:00
131.10.28.60.02.001,3255.0,40,1,0.0,0.0,0.0,"decay-wtd trimmed median, hl=45.0d, 0 sold of 1",2026-09-15T23:53:11.785896+00:00
131.10.28.60.02.002,2976.0,40,1,0.0,0.0,0.0,"decay-wtd trimmed median, hl=45.0d, 0 sold of 1",2026-09-15T23:53:11.785896+00:00
131.10.28.60.03.001,3348.0,40,1,0.0,0.0,0.0,"decay-wtd trimmed median, hl=45.0d, 0 sold of 1",2026-09-15T23:53:11.785896+00:00
131.10.28.60.03.002,2976.0,40,1,0.0,0.0,0.0,"decay-wtd trimmed median, hl=45.0d, 0 sold of 1",2026-09-15T23:53:11.785896+00:00
131.10.28.60.05.001,3627.0,40,1,0.0,0.0,0.0,"decay-wtd trimmed median, hl=45.0d, 0 sold of 1",2026-09-15T23:53:11.785896+00:00
131.10.28.60.06.001,3255.0,40,1,0.0,0.0,0.0,"decay-wtd trimmed median, hl=45.0d, 0 sold of 1",2026-09-15T23:53:11.785896+00:00
131.10.28.60.55.001,4464.0,40,1,0.0,0.0,0.0,"decay-wtd trimmed median, hl=45.0d, 0 sold of 1",2026-09-15T23:53:11.785896+00:00
131.10.28.60.56.001,4092.0,40,1,0.0,0.0,0.0,"decay-wtd trimmed median, hl=45.0d, 0 sold of 1",2026-09-15T23:53:11.785896+00:00
131.10.28.60.60.001,4185.0,40,1,0.0,0.0,0.0,"decay-wtd trimmed median, hl=45.0d, 0 sold of 1",2026-09-15T23:53:11.785896+00:00
131.10.28.60.60.002,4185.0,40,1,0.0,0.0,0.0,"decay-wtd trimmed median, hl=45.0d, 0 sold of 1",2026-09-15T23:53:11.785896+00:00
131.10.29.20.52.001,7905.0,40,1,0.0,0.0,0.0,"decay-wtd trimmed median, hl=45.0d, 0 sold of 1",2026-09-15T23:53:11.785896+00:00
131.10.29.20.53.001,9672.0,40,1,0.0,0.0,0.0,"decay-wtd trimmed median, hl=45.0d, 0 sold of 1",2026-09-15T23:53:11.785896+00:00
131.10.29.20.55.001,8277.0,40,1,0.0,0.0,0.0,"decay-wtd trimmed median, hl=45.0d, 0 sold of 1",2026-09-15T23:53:11.785896+00:00
131.10.34.20.53.001,8742.0,40,1,0.0,0.0,0.0,"decay-wtd trimmed median, hl=45.0d, 0 sold of 1",2026-09-15T23:53:11.785896+00:00
131.10.39.20.01.001,6882.0,40,1,0.0,0.0,0.0,"decay-wtd trimmed median, hl=45.0d, 0 sold of 1",2026-09-15T23:53:11.785896+00:00
131.10.39.20.06.001,6882.0,40,1,0.0,0.0,0.0,"decay-wtd trimmed median, hl=45.0d, 0 sold of 1",2026-09-15T23:53:11.785896+00:00
131.13.39.20.01.001,6696.0,40,1,0.0,0.0,0.0,"decay-wtd trimmed median, hl=45.0d, 0 sold of 1",2026-09-15T23:53:11.785896+00:00
131.15.25.60.52.001,3990.58,40,1,0.0,0.0,0.0,"decay-wtd trimmed median, hl=45.0d, 0 sold of 1",2026-09-15T23:53:11.785896+00:00
131.15.25.60.53.001,8277.0,40,1,0.0,0.0,0.0,"decay-wtd trimmed median, hl=45.0d, 0 sold of 1",2026-09-15T23:53:11.785896+00:00
131.15.25.60.53.002,7719.0,40,1,0.0,0.0,0.0,"decay-wtd trimmed median, hl=45.0d, 0 sold of 1",2026-09-15T23:53:11.785896+00:00
131.15.25.60.55.001,6882.0,40,1,0.0,0.0,0.0,"decay-wtd trimmed median, hl=45.0d, 0 sold of 1",2026-09-15T23:53:11.785896+00:00
131.15.25.60.55.002,7626.0,40,1,0.0,0.0,0.0,"decay-wtd trimmed median, hl=45.0d, 0 sold of 1",2026-09-15T23:53:11.785896+00:00
131.15.25.60.56.001,4731.93,40,1,0.0,0.0,0.0,"decay-wtd trimmed median, hl=45.0d, 0 sold of 1",2026-09-15T23:53:11.785896+00:00
131.15.25.60.99.001,8835.0,40,1,0.0,0.0,0.0,"decay-wtd trimmed median, hl=45.0d, 0 sold of 1",2026-09-15T23:53:11.785896+00:00
131.15.28.60.01.001,5952.0,40,1,0.0,0.0,0.0,"decay-wtd trimmed median, hl=45.0d, 0 sold of 1",2026-09-15T23:53:11.785896+00:00
131.15.28.60.02.001,5952.0,40,1,0.0,0.0,0.0,"decay-wtd trimmed median, hl=45.0d, 0 sold of 1",2026-09-15T23:53:11.785896+00:00
131.15.28.60.11.001,5952.0,40,1,0.0,0.0,0.0,"decay-wtd trimmed median, hl=45.0d, 0 sold of 1",2026-09-15T23:53:11.785896+00:00
131.15.28.60.60.001,7905.0,40,1,0.0,0.0,0.0,"decay-wtd trimmed median, hl=45.0d, 0 sold of 1",2026-09-15T23:53:11.785896+00:00
131.15.29.20.53.001,13020.0,40,1,0.0,0.0,0.0,"decay-wtd trimmed median, hl=45.0d, 0 sold of 1",2026-09-15T23:53:11.785896+00:00
131.15.29.20.55.001,11625.0,40,1,0.0,0.0,0.0,"decay-wtd trimmed median, hl=45.0d, 0 sold of 1",2026-09-15T23:53:11.785896+00:00
131.15.29.20.60.001,12183.0,40,1,0.0,0.0,0.0,"decay-wtd trimmed median, hl=45.0d, 0 sold of 1",2026-09-15T23:53:11.785896+00:00
131.15.29.20.99.001,13578.0,40,1,0.0,0.0,0.0,"decay-wtd trimmed median, hl=45.0d, 0 sold of 1",2026-09-15T23:53:11.785896+00:00
131.18.29.20.60.001,11904.0,40,1,0.0,0.0,0.0,"decay-wtd trimmed median, hl=45.0d, 0 sold of 1",2026-09-15T23:53:11.785896+00:00
131.18.36.20.61.001,12648.0,40,1,0.0,0.0,0.0,"decay-wtd trimmed median, hl=45.0d, 0 sold of 1",2026-09-15T23:53:11.785896+00:00
131.20.25.60.02.001,5394.0,40,1,0.0,0.0,0.0,"decay-wtd trimmed median, hl=45.0d, 0 sold of 1",2026-09-15T23:53:11.785896+00:00
131.20.25.60.05.001,2338.3,40,1,0.0,0.0,0.0,"decay-wtd trimmed median, hl=45.0d, 0 sold of 1",2026-09-15T23:53:11.785896+00:00
131.20.25.60.05.002,5859.0,40,1,0.0,0.0,0.0,"decay-wtd trimmed median, hl=45.0d, 0 sold of 1",2026-09-15T23:53:11.785896+00:00
131.20.25.60.55.001,6789.0,40,1,0.0,0.0,0.0,"decay-wtd trimmed median, hl=45.0d, 0 sold of 1",2026-09-15T23:53:11.785896+00:00
131.20.25.60.63.001,6231.0,40,1,0.0,0.0,0.0,"decay-wtd trimmed median, hl=45.0d, 0 sold of 1",2026-09-15T23:53:11.785896+00:00
131.20.28.60.05.001,6231.0,40,1,0.0,0.0,0.0,"decay-wtd trimmed median, hl=45.0d, 0 sold of 1",2026-09-15T23:53:11.785896+00:00
131.20.28.60.05.002,6231.0,40,1,0.0,0.0,0.0,"decay-wtd trimmed median, hl=45.0d, 0 sold of 1",2026-09-15T23:53:11.785896+00:00
131.20.28.60.52.001,6789.0,40,1,0.0,0.0,0.0,"decay-wtd trimmed median, hl=45.0d, 0 sold of 1",2026-09-15T23:53:11.785896+00:00
131.20.28.60.55.001,7068.0,40,1,0.0,0.0,0.0,"decay-wtd trimmed median, hl=45.0d, 0 sold of 1",2026-09-15T23:53:11.785896+00:00
131.20.29.20.02.002,10416.0,40,1,0.0,0.0,0.0,"decay-wtd trimmed median, hl=45.0d, 0 sold of 1",2026-09-15T23:53:11.785896+00:00
131.20.29.20.05.002,10788.0,40,1,0.0,0.0,0.0,"decay-wtd trimmed median, hl=45.0d, 0 sold of 1",2026-09-15T23:53:11.785896+00:00
131.20.29.20.52.001,11625.0,40,1,0.0,0.0,0.0,"decay-wtd trimmed median, hl=45.0d, 0 sold of 1",2026-09-15T23:53:11.785896+00:00
131.20.29.20.52.002,11625.0,40,1,0.0,0.0,0.0,"decay-wtd trimmed median, hl=45.0d, 0 sold of 1",2026-09-15T23:53:11.785896+00:00
131.20.29.20.53.001,13299.0,40,1,0.0,0.0,0.0,"decay-wtd trimmed median, hl=45.0d, 0 sold of 1",2026-09-15T23:53:11.785896+00:00
131.20.29.20.53.002,13671.0,40,1,0.0,0.0,0.0,"decay-wtd trimmed median, hl=45.0d, 0 sold of 1",2026-09-15T23:53:11.785896+00:00
131.20.29.20.55.001,11904.0,40,1,0.0,0.0,0.0,"decay-wtd trimmed median, hl=45.0d, 0 sold of 1",2026-09-15T23:53:11.785896+00:00
131.20.29.20.55.002,11904.0,40,1,0.0,0.0,0.0,"decay-wtd trimmed median, hl=45.0d, 0 sold of 1",2026-09-15T23:53:11.785896+00:00
131.20.29.20.58.001,11625.0,40,1,0.0,0.0,0.0,"decay-wtd trimmed median, hl=45.0d, 0 sold of 1",2026-09-15T23:53:11.785896+00:00
131.20.34.20.63.001,13578.0,40,1,0.0,0.0,0.0,"decay-wtd trimmed median, hl=45.0d, 0 sold of 1",2026-09-15T23:53:11.785896+00:00
131.20.36.60.02.001,6696.0,40,1,0.0,0.0,0.0,"decay-wtd trimmed median, hl=45.0d, 0 sold of 1",2026-09-15T23:53:11.785896+00:00
131.20.36.60.02.002,6882.0,40,1,0.0,0.0,0.0,"decay-wtd trimmed median, hl=45.0d, 0 sold of 1",2026-09-15T23:53:11.785896+00:00
131.20.39.20.02.001,12090.0,40,1,0.0,0.0,0.0,"decay-wtd trimmed median, hl=45.0d, 0 sold of 1",2026-09-15T23:53:11.785896+00:00
131.20.39.20.08.001,11718.0,40,1,0.0,0.0,0.0,"decay-wtd trimmed median, hl=45.0d, 0 sold of 1",2026-09-15T23:53:11.785896+00:00
131.20.39.20.52.001,14136.0,40,1,0.0,0.0,0.0,"decay-wtd trimmed median, hl=45.0d, 0 sold of 1",2026-09-15T23:53:11.785896+00:00
131.20.39.20.52.002,14136.0,40,1,0.0,0.0,0.0,"decay-wtd trimmed median, hl=45.0d, 0 sold of 1",2026-09-15T23:53:11.785896+00:00
131.20.39.20.58.001,14136.0,40,1,0.0,0.0,0.0,"decay-wtd trimmed median, hl=45.0d, 0 sold of 1",2026-09-15T23:53:11.785896+00:00
131.23.29.20.99.001,12462.0,40,1,0.0,0.0,0.0,"decay-wtd trimmed median, hl=45.0d, 0 sold of 1",2026-09-15T23:53:11.785896+00:00
131.23.29.20.99.002,12462.0,40,1,0.0,0.0,0.0,"decay-wtd trimmed median, hl=45.0d, 0 sold of 1",2026-09-15T23:53:11.785896+00:00
131.23.34.20.63.001,10230.0,40,1,0.0,0.0,0.0,"decay-wtd trimmed median, hl=45.0d, 0 sold of 1",2026-09-15T23:53:11.785896+00:00
131.23.39.20.08.001,4835.67,40,1,0.0,0.0,0.0,"decay-wtd trimmed median, hl=45.0d, 0 sold of 1",2026-09-15T23:53:11.785896+00:00
131.23.41.21.11.001,10788.0,40,1,0.0,0.0,0.0,"decay-wtd trimmed median, hl=45.0d, 0 sold of 1",2026-09-15T23:53:11.785896+00:00
131.25.25.60.55.001,9858.0,40,1,0.0,0.0,0.0,"decay-wtd trimmed median, hl=45.0d, 0 sold of 1",2026-09-15T23:53:11.785896+00:00
131.25.25.60.55.002,9858.0,40,1,0.0,0.0,0.0,"decay-wtd trimmed median, hl=45.0d, 0 sold of 1",2026-09-15T23:53:11.785896+00:00
131.25.25.60.60.001,10044.0,40,1,0.0,0.0,0.0,"decay-wtd trimmed median, hl=45.0d, 0 sold of 1",2026-09-15T23:53:11.785896+00:00
131.25.25.60.60.002,10323.0,40,1,0.0,0.0,0.0,"decay-wtd trimmed median, hl=45.0d, 0 sold of 1",2026-09-15T23:53:11.785896+00:00
131.25.25.60.99.001,11718.0,40,1,0.0,0.0,0.0,"decay-wtd trimmed median, hl=45.0d, 0 sold of 1",2026-09-15T23:53:11.785896+00:00
131.25.25.60.99.002,11718.0,40,1,0.0,0.0,0.0,"decay-wtd trimmed median, hl=45.0d, 0 sold of 1",2026-09-15T23:53:11.785896+00:00
131.25.28.60.55.001,10788.0,40,1,0.0,0.0,0.0,"decay-wtd trimmed median, hl=45.0d, 0 sold of 1",2026-09-15T23:53:11.785896+00:00
131.25.28.60.55.002,10788.0,40,1,0.0,0.0,0.0,"decay-wtd trimmed median, hl=45.0d, 0 sold of 1",2026-09-15T23:53:11.785896+00:00
131.25.28.60.55.003,11811.0,40,1,0.0,0.0,0.0,"decay-wtd trimmed median, hl=45.0d, 0 sold of 1",2026-09-15T23:53:11.785896+00:00
131.25.28.60.58.001,10416.0,40,1,0.0,0.0,0.0,"decay-wtd trimmed median, hl=45.0d, 0 sold of 1",2026-09-15T23:53:11.785896+00:00
131.25.28.60.60.001,11439.0,40,1,0.0,0.0,0.0,"decay-wtd trimmed median, hl=45.0d, 0 sold of 1",2026-09-15T23:53:11.785896+00:00
131.25.28.60.63.001,10416.0,40,1,0.0,0.0,0.0,"decay-wtd trimmed median, hl=45.0d, 0 sold of 1",2026-09-15T23:53:11.785896+00:00
131.25.28.60.99.001,12648.0,40,1,0.0,0.0,0.0,"decay-wtd trimmed median, hl=45.0d, 0 sold of 1",2026-09-15T23:53:11.785896+00:00
131.25.28.60.99.002,12276.0,40,1,0.0,0.0,0.0,"decay-wtd trimmed median, hl=45.0d, 0 sold of 1",2026-09-15T23:53:11.785896+00:00
131.25.29.20.52.001,15252.0,40,1,0.0,0.0,0.0,"decay-wtd trimmed median, hl=45.0d, 0 sold of 1",2026-09-15T23:53:11.785896+00:00
131.25.29.20.52.002,15252.0,40,1,0.0,0.0,0.0,"decay-wtd trimmed median, hl=45.0d, 0 sold of 1",2026-09-15T23:53:11.785896+00:00
131.25.29.20.52.003,16368.0,40,1,0.0,0.0,0.0,"decay-wtd trimmed median, hl=45.0d, 0 sold of 1",2026-09-15T23:53:11.785896+00:00
131.25.29.20.53.001,17298.0,40,1,0.0,0.0,0.0,"decay-wtd trimmed median, hl=45.0d, 0 sold of 1",2026-09-15T23:53:11.785896+00:00
131.25.29.20.53.002,16833.0,40,1,0.0,0.0,0.0,"decay-wtd trimmed median, hl=45.0d, 0 sold of 1",2026-09-15T23:53:11.785896+00:00
131.25.29.20.55.001,15624.0,40,1,0.0,0.0,0.0,"decay-wtd trimmed median, hl=45.0d, 0 sold of 1",2026-09-15T23:53:11.785896+00:00
131.25.29.20.55.002,15624.0,40,1,0.0,0.0,0.0,"decay-wtd trimmed median, hl=45.0d, 0 sold of 1",2026-09-15T23:53:11.785896+00:00
131.25.29.20.58.002,16368.0,40,1,0.0,0.0,0.0,"decay-wtd trimmed median, hl=45.0d, 0 sold of 1",2026-09-15T23:53:11.785896+00:00
131.25.29.20.63.001,15252.0,40,1,0.0,0.0,0.0,"decay-wtd trimmed median, hl=45.0d, 0 sold of 1",2026-09-15T23:53:11.785896+00:00
131.25.29.20.99.001,17298.0,40,1,0.0,0.0,0.0,"decay-wtd trimmed median, hl=45.0d, 0 sold of 1",2026-09-15T23:53:11.785896+00:00
131.25.29.20.99.002,17298.0,40,1,0.0,0.0,0.0,"decay-wtd trimmed median, hl=45.0d, 0 sold of 1",2026-09-15T23:53:11.785896+00:00
131.25.34.20.55.001,19809.0,40,1,0.0,0.0,0.0,"decay-wtd trimmed median, hl=45.0d, 0 sold of 1",2026-09-15T23:53:11.785896+00:00
131.25.39.20.52.001,22971.0,40,1,0.0,0.0,0.0,"decay-wtd trimmed median, hl=45.0d, 0 sold of 1",2026-09-15T23:53:11.785896+00:00
131.25.39.20.52.002,22971.0,40,1,0.0,0.0,0.0,"decay-wtd trimmed median, hl=45.0d, 0 sold of 1",2026-09-15T23:53:11.785896+00:00
131.28.29.20.52.001,14043.0,40,1,0.0,0.0,0.0,"decay-wtd trimmed median, hl=45.0d, 0 sold of 1",2026-09-15T23:53:11.785896+00:00
131.28.29.20.58.001,14043.0,40,1,0.0,0.0,0.0,"decay-wtd trimmed median, hl=45.0d, 0 sold of 1",2026-09-15T23:53:11.785896+00:00
131.28.29.20.99.001,16368.0,40,1,0.0,0.0,0.0,"decay-wtd trimmed median, hl=45.0d, 0 sold of 1",2026-09-15T23:53:11.785896+00:00
131.28.29.20.99.002,16368.0,40,1,0.0,0.0,0.0,"decay-wtd trimmed median, hl=45.0d, 0 sold of 1",2026-09-15T23:53:11.785896+00:00
131.28.29.20.99.003,16368.0,40,1,0.0,0.0,0.0,"decay-wtd trimmed median, hl=45.0d, 0 sold of 1",2026-09-15T23:53:11.785896+00:00
131.28.34.20.55.001,17763.0,40,1,0.0,0.0,0.0,"decay-wtd trimmed median, hl=45.0d, 0 sold of 1",2026-09-15T23:53:11.785896+00:00
131.28.36.20.53.001,16368.0,40,1,0.0,0.0,0.0,"decay-wtd trimmed median, hl=45.0d, 0 sold of 1",2026-09-15T23:53:11.785896+00:00
131.28.36.20.63.001,16368.0,40,1,0.0,0.0,0.0,"decay-wtd trimmed median, hl=45.0d, 0 sold of 1",2026-09-15T23:53:11.785896+00:00
131.30.41.21.04.001,7626.0,40,1,0.0,0.0,0.0,"decay-wtd trimmed median, hl=45.0d, 0 sold of 1",2026-09-15T23:53:11.785896+00:00
131.33.41.21.01.001,5702.15,40,1,0.0,0.0,0.0,"decay-wtd trimmed median, hl=45.0d, 0 sold of 1",2026-09-15T23:53:11.785896+00:00
131.33.41.21.04.001,7440.0,40,1,0.0,0.0,0.0,"decay-wtd trimmed median, hl=45.0d, 0 sold of 1",2026-09-15T23:53:11.785896+00:00
131.33.41.21.06.001,7440.0,40,1,0.0,0.0,0.0,"decay-wtd trimmed median, hl=45.0d, 0 sold of 1",2026-09-15T23:53:11.785896+00:00
131.50.29.20.55.001,30318.0,40,1,0.0,0.0,0.0,"decay-wtd trimmed median, hl=45.0d, 0 sold of 1",2026-09-15T23:53:11.785896+00:00
131.50.29.20.55.002,30318.0,40,1,0.0,0.0,0.0,"decay-wtd trimmed median, hl=45.0d, 0 sold of 1",2026-09-15T23:53:11.785896+00:00
131.50.29.20.58.001,29760.0,40,1,0.0,0.0,0.0,"decay-wtd trimmed median, hl=45.0d, 0 sold of 1",2026-09-15T23:53:11.785896+00:00
131.50.39.20.02.001,43989.0,40,1,0.0,0.0,0.0,"decay-wtd trimmed median, hl=45.0d, 0 sold of 1",2026-09-15T23:53:11.785896+00:00
131.50.41.21.99.001,47151.0,40,1,0.0,0.0,0.0,"decay-wtd trimmed median, hl=45.0d, 0 sold of 1",2026-09-15T23:53:11.785896+00:00
131.53.29.20.52.001,16368.0,40,1,0.0,0.0,0.0,"decay-wtd trimmed median, hl=45.0d, 0 sold of 1",2026-09-15T23:53:11.785896+00:00
131.53.29.20.52.002,16368.0,40,1,0.0,0.0,0.0,"decay-wtd trimmed median, hl=45.0d, 0 sold of 1",2026-09-15T23:53:11.785896+00:00
131.53.29.20.53.001,18600.0,40,1,0.0,0.0,0.0,"decay-wtd trimmed median, hl=45.0d, 0 sold of 1",2026-09-15T23:53:11.785896+00:00
131.53.29.20.53.003,18600.0,40,1,0.0,0.0,0.0,"decay-wtd trimmed median, hl=45.0d, 0 sold of 1",2026-09-15T23:53:11.785896+00:00
131.53.29.20.55.001,16833.0,40,1,0.0,0.0,0.0,"decay-wtd trimmed median, hl=45.0d, 0 sold of 1",2026-09-15T23:53:11.785896+00:00
131.53.29.20.55.002,16833.0,40,1,0.0,0.0,0.0,"decay-wtd trimmed median, hl=45.0d, 0 sold of 1",2026-09-15T23:53:11.785896+00:00
131.53.29.20.99.001,20925.0,40,1,0.0,0.0,0.0,"decay-wtd trimmed median, hl=45.0d, 0 sold of 1",2026-09-15T23:53:11.785896+00:00
131.53.29.20.99.002,20925.0,40,1,0.0,0.0,0.0,"decay-wtd trimmed median, hl=45.0d, 0 sold of 1",2026-09-15T23:53:11.785896+00:00
131.53.29.20.99.003,20925.0,40,1,0.0,0.0,0.0,"decay-wtd trimmed median, hl=45.0d, 0 sold of 1",2026-09-15T23:53:11.785896+00:00
131.53.39.20.03.001,25575.0,40,1,0.0,0.0,0.0,"decay-wtd trimmed median, hl=45.0d, 0 sold of 1",2026-09-15T23:53:11.785896+00:00
131.55.25.60.52.001,26412.0,40,1,0.0,0.0,0.0,"decay-wtd trimmed median, hl=45.0d, 0 sold of 1",2026-09-15T23:53:11.785896+00:00
131.55.25.60.55.001,25110.0,40,1,0.0,0.0,0.0,"decay-wtd trimmed median, hl=45.0d, 0 sold of 1",2026-09-15T23:53:11.785896+00:00
131.55.25.60.55.002,25110.0,40,1,0.0,0.0,0.0,"decay-wtd trimmed median, hl=45.0d, 0 sold of 1",2026-09-15T23:53:11.785896+00:00
131.55.25.60.55.003,28365.0,40,1,0.0,0.0,0.0,"decay-wtd trimmed median, hl=45.0d, 0 sold of 1",2026-09-15T23:53:11.785896+00:00
131.55.25.60.99.002,26505.0,40,1,0.0,0.0,0.0,"decay-wtd trimmed median, hl=45.0d, 0 sold of 1",2026-09-15T23:53:11.785896+00:00
131.55.25.60.99.003,28086.0,40,1,0.0,0.0,0.0,"decay-wtd trimmed median, hl=45.0d, 0 sold of 1",2026-09-15T23:53:11.785896+00:00
131.55.28.60.55.001,27621.0,40,1,0.0,0.0,0.0,"decay-wtd trimmed median, hl=45.0d, 0 sold of 1",2026-09-15T23:53:11.785896+00:00
131.55.28.60.55.003,36735.0,40,1,0.0,0.0,0.0,"decay-wtd trimmed median, hl=45.0d, 0 sold of 1",2026-09-15T23:53:11.785896+00:00
131.55.28.60.55.007,36735.0,40,1,0.0,0.0,0.0,"decay-wtd trimmed median, hl=45.0d, 0 sold of 1",2026-09-15T23:53:11.785896+00:00
131.55.28.60.58.001,30597.0,40,1,0.0,0.0,0.0,"decay-wtd trimmed median, hl=45.0d, 0 sold of 1",2026-09-15T23:53:11.785896+00:00
131.55.28.60.60.001,28923.0,40,1,0.0,0.0,0.0,"decay-wtd trimmed median, hl=45.0d, 0 sold of 1",2026-09-15T23:53:11.785896+00:00
131.55.28.60.99.005,30597.0,40,1,0.0,0.0,0.0,"decay-wtd trimmed median, hl=45.0d, 0 sold of 1",2026-09-15T23:53:11.785896+00:00
131.55.28.60.99.006,28923.0,40,1,0.0,0.0,0.0,"decay-wtd trimmed median, hl=45.0d, 0 sold of 1",2026-09-15T23:53:11.785896+00:00
131.55.29.20.53.003,35712.0,40,1,0.0,0.0,0.0,"decay-wtd trimmed median, hl=45.0d, 0 sold of 1",2026-09-15T23:53:11.785896+00:00
131.55.29.20.55.001,36177.0,40,1,0.0,0.0,0.0,"decay-wtd trimmed median, hl=45.0d, 0 sold of 1",2026-09-15T23:53:11.785896+00:00
131.55.29.20.55.002,34131.0,40,1,0.0,0.0,0.0,"decay-wtd trimmed median, hl=45.0d, 0 sold of 1",2026-09-15T23:53:11.785896+00:00
131.55.29.20.55.003,38316.0,40,1,0.0,0.0,0.0,"decay-wtd trimmed median, hl=45.0d, 0 sold of 1",2026-09-15T23:53:11.785896+00:00
131.55.29.20.60.001,37944.0,40,1,0.0,0.0,0.0,"decay-wtd trimmed median, hl=45.0d, 0 sold of 1",2026-09-15T23:53:11.785896+00:00
131.55.29.20.99.005,35340.0,40,1,0.0,0.0,0.0,"decay-wtd trimmed median, hl=45.0d, 0 sold of 1",2026-09-15T23:53:11.785896+00:00
131.55.29.20.99.006,37479.0,40,1,0.0,0.0,0.0,"decay-wtd trimmed median, hl=45.0d, 0 sold of 1",2026-09-15T23:53:11.785896+00:00
131.55.34.20.61.001,44175.0,40,1,0.0,0.0,0.0,"decay-wtd trimmed median, hl=45.0d, 0 sold of 1",2026-09-15T23:53:11.785896+00:00
131.58.29.20.52.001,20274.0,40,1,0.0,0.0,0.0,"decay-wtd trimmed median, hl=45.0d, 0 sold of 1",2026-09-15T23:53:11.785896+00:00
131.58.29.20.52.002,21483.0,40,1,0.0,0.0,0.0,"decay-wtd trimmed median, hl=45.0d, 0 sold of 1",2026-09-15T23:53:11.785896+00:00
131.58.29.20.53.001,22413.0,40,1,0.0,0.0,0.0,"decay-wtd trimmed median, hl=45.0d, 0 sold of 1",2026-09-15T23:53:11.785896+00:00
131.58.29.20.53.003,23808.0,40,1,0.0,0.0,0.0,"decay-wtd trimmed median, hl=45.0d, 0 sold of 1",2026-09-15T23:53:11.785896+00:00
131.58.29.20.55.002,22041.0,40,1,0.0,0.0,0.0,"decay-wtd trimmed median, hl=45.0d, 0 sold of 1",2026-09-15T23:53:11.785896+00:00
131.58.29.20.55.003,23529.0,40,1,0.0,0.0,0.0,"decay-wtd trimmed median, hl=45.0d, 0 sold of 1",2026-09-15T23:53:11.785896+00:00
131.58.29.20.58.001,20274.0,40,1,0.0,0.0,0.0,"decay-wtd trimmed median, hl=45.0d, 0 sold of 1",2026-09-15T23:53:11.785896+00:00
131.58.29.20.60.002,23157.0,40,1,0.0,0.0,0.0,"decay-wtd trimmed median, hl=45.0d, 0 sold of 1",2026-09-15T23:53:11.785896+00:00
131.58.29.20.99.004,24738.0,40,1,0.0,0.0,0.0,"decay-wtd trimmed median, hl=45.0d, 0 sold of 1",2026-09-15T23:53:11.785896+00:00
131.58.29.20.99.005,24738.0,40,1,0.0,0.0,0.0,"decay-wtd trimmed median, hl=45.0d, 0 sold of 1",2026-09-15T23:53:11.785896+00:00
131.58.29.20.99.006,24738.0,40,1,0.0,0.0,0.0,"decay-wtd trimmed median, hl=45.0d, 0 sold of 1",2026-09-15T23:53:11.785896+00:00
131.58.34.20.61.001,29946.0,40,1,0.0,0.0,0.0,"decay-wtd trimmed median, hl=45.0d, 0 sold of 1",2026-09-15T23:53:11.785896+00:00
140.53.39.21.99.004,40920.0,40,1,0.0,0.0,0.0,"decay-wtd trimmed median, hl=45.0d, 0 sold of 1",2026-09-15T23:53:11.785896+00:00
140.93.39.21.99.001,53754.0,40,1,0.0,0.0,0.0,"decay-wtd trimmed median, hl=45.0d, 0 sold of 1",2026-09-15T23:53:11.785896+00:00
145.032,125550.0,40,1,0.0,0.0,0.0,"decay-wtd trimmed median, hl=45.0d, 0 sold of 1",2026-09-15T23:53:11.785896+00:00
14790ST,25429.0,40,1,0.0,0.0,0.0,"decay-wtd trimmed median, hl=45.0d, 0 sold of 1",2026-09-15T23:53:11.785896+00:00
1503,17387.69,40,1,0.0,0.0,0.0,"decay-wtd trimmed median, hl=45.0d, 0 sold of 1",2026-09-15T23:53:11.785896+00:00
15116PT,10054.69,40,1,0.0,0.0,0.0,"decay-wtd trimmed median, hl=45.0d, 0 sold of 1",2026-09-15T23:53:11.785896+00:00
15182OR.ZZ.A102CR.01,9072.6,40,1,0.0,0.0,0.0,"decay-wtd trimmed median, hl=45.0d, 0 sold of 1",2026-09-15T23:53:11.785896+00:00
15200BLTA,4844.66,40,1,0.0,0.0,0.0,"decay-wtd trimmed median, hl=45.0d, 0 sold of 1",2026-09-15T23:53:11.785896+00:00
15210WHTA,4825.4,40,1,0.0,0.0,0.0,"decay-wtd trimmed median, hl=45.0d, 0 sold of 1",2026-09-15T23:53:11.785896+00:00
15300ST.OO.1220ST.01,33583.5,40,1,0.0,0.0,0.0,"decay-wtd trimmed median, hl=45.0d, 0 sold of 1",2026-09-15T23:53:11.785896+00:00
15335OR.OO.A092CR.01,14668.51,40,1,0.0,0.0,0.0,"decay-wtd trimmed median, hl=45.0d, 0 sold of 1",2026-09-15T23:53:11.785896+00:00
15400ST,33203.85,40,1,0.0,0.0,0.0,"decay-wtd trimmed median, hl=45.0d, 0 sold of 1",2026-09-15T23:53:11.785896+00:00
15416CE,263191.0,40,1,0.0,0.0,0.0,"decay-wtd trimmed median, hl=45.0d, 0 sold of 1",2026-09-15T23:53:11.785896+00:00
15450ST.OO.1256.ST.02,36828.21,40,1,0.0,0.0,0.0,"decay-wtd trimmed median, hl=45.0d, 0 sold of 1",2026-09-15T23:53:11.785896+00:00
15450ST.OO.1256ST.01,32736.19,40,1,0.0,0.0,0.0,"decay-wtd trimmed median, hl=45.0d, 0 sold of 1",2026-09-15T23:53:11.785896+00:00
15467BC,156778.41,40,1,0.0,0.0,0.0,"decay-wtd trimmed median, hl=45.0d, 0 sold of 1",2026-09-15T23:53:11.785896+00:00
15633,1169.15,40,1,0.0,0.0,0.0,"decay-wtd trimmed median, hl=45.0d, 0 sold of 1",2026-09-15T23:53:11.785896+00:00
15707CE.OO.A002CA.01,29295.0,40,1,0.0,0.0,0.0,"decay-wtd trimmed median, hl=45.0d, 0 sold of 1",2026-09-15T23:53:11.785896+00:00
1607,11591.04,40,1,0.0,0.0,0.0,"decay-wtd trimmed median, hl=45.0d, 0 sold of 1",2026-09-15T23:53:11.785896+00:00
16233CHB,7014.9,40,1,0.0,0.0,1.0,"decay-wtd trimmed median, hl=45.0d, 0 sold of 1",2026-09-15T23:53:11.785896+00:00
16233CHPC,6961.76,40,1,0.0,0.0,0.0,"decay-wtd trimmed median, hl=45.0d, 0 sold of 1",2026-09-15T23:53:11.785896+00:00
16238G,21141.66,40,1,0.0,0.0,0.0,"decay-wtd trimmed median, hl=45.0d, 0 sold of 1",2026-09-15T23:53:11.785896+00:00
16618,28059.59,40,1,0.0,0.0,0.0,"decay-wtd trimmed median, hl=45.0d, 0 sold of 1",2026-09-15T23:53:11.785896+00:00
16618SGCH,32311.05,40,1,0.0,0.0,0.0,"decay-wtd trimmed median, hl=45.0d, 0 sold of 1",2026-09-15T23:53:11.785896+00:00
16713RG,14322.08,40,1,0.0,0.0,0.0,"decay-wtd trimmed median, hl=45.0d, 0 sold of 1",2026-09-15T23:53:11.785896+00:00
16713RGCH,15145.8,40,1,0.0,0.0,0.0,"decay-wtd trimmed median, hl=45.0d, 0 sold of 1",2026-09-15T23:53:11.785896+00:00
168628NGR,25236.3,40,1,0.0,0.0,1.0,"decay-wtd trimmed median, hl=45.0d, 0 sold of 1",2026-09-15T23:53:11.785896+00:00
17000,6249.76,40,1,0.0,0.0,0.0,"decay-wtd trimmed median, hl=45.0d, 0 sold of 1",2026-09-15T23:53:11.785896+00:00
1750300,9002.46,40,1,0.0,0.0,0.0,"decay-wtd trimmed median, hl=45.0d, 0 sold of 1",2026-09-15T23:53:11.785896+00:00
178240PKR,6270.89,40,1,0.0,0.0,0.0,"decay-wtd trimmed median, hl=45.0d, 0 sold of 1",2026-09-15T23:53:11.785896+00:00
178274PK,9100.0,40,1,0.0,0.0,0.0,"decay-wtd trimmed median, hl=45.0d, 0 sold of 1",2026-09-15T23:53:11.785896+00:00
178344NRWHS,10256.63,40,1,0.0,0.0,0.0,"decay-wtd trimmed median, hl=45.0d, 0 sold of 1",2026-09-15T23:53:11.785896+00:00
179160,4366.74,40,1,0.0,0.0,0.0,"decay-wtd trimmed median, hl=45.0d, 0 sold of 1",2026-09-15T23:53:11.785896+00:00
179171GPK,9502.0,40,1,0.0,0.0,0.0,"decay-wtd trimmed median, hl=45.0d, 0 sold of 1",2026-09-15T23:53:11.785896+00:00
179171NGBK,11727.27,40,1,0.0,0.0,0.0,"decay-wtd trimmed median, hl=45.0d, 0 sold of 1",2026-09-15T23:53:11.785896+00:00
179173MRCH,8630.33,40,1,0.0,0.0,0.0,"decay-wtd trimmed median, hl=45.0d, 0 sold of 1",2026-09-15T23:53:11.785896+00:00
179173NGS,9470.12,40,1,0.0,0.0,0.0,"decay-wtd trimmed median, hl=45.0d, 0 sold of 1",2026-09-15T23:53:11.785896+00:00
179174GSV,7167.31,40,1,0.0,0.0,0.0,"decay-wtd trimmed median, hl=45.0d, 0 sold of 1",2026-09-15T23:53:11.785896+00:00
179174NGS,6695.67,40,1,0.0,0.0,0.0,"decay-wtd trimmed median, hl=45.0d, 0 sold of 1",2026-09-15T23:53:11.785896+00:00
18028,13737.5,40,1,0.0,0.0,0.0,"decay-wtd trimmed median, hl=45.0d, 0 sold of 1",2026-09-15T23:53:11.785896+00:00
18039A,22681.5,40,1,0.0,0.0,0.0,"decay-wtd trimmed median, hl=45.0d, 0 sold of 1",2026-09-15T23:53:11.785896+00:00
18238ABK,25405.63,40,1,0.0,0.0,0.0,"decay-wtd trimmed median, hl=45.0d, 0 sold of 1",2026-09-15T23:53:11.785896+00:00
18238G,21629.27,40,1,0.0,0.0,0.0,"decay-wtd trimmed median, hl=45.0d, 0 sold of 1",2026-09-15T23:53:11.785896+00:00
18238NGE,31843.2,40,1,0.0,0.0,0.0,"decay-wtd trimmed median, hl=45.0d, 0 sold of 1",2026-09-15T23:53:11.785896+00:00
18249,57660.0,40,1,0.0,0.0,0.0,"decay-wtd trimmed median, hl=45.0d, 0 sold of 1",2026-09-15T23:53:11.785896+00:00
18308,25137.51,40,1,0.0,0.0,1.0,"decay-wtd trimmed median, hl=45.0d, 0 sold of 1",2026-09-15T23:53:11.785896+00:00
18378,33945.0,40,1,0.0,0.0,0.0,"decay-wtd trimmed median, hl=45.0d, 0 sold of 1",2026-09-15T23:53:11.785896+00:00
187902,4829.92,40,1,0.0,0.0,0.0,"decay-wtd trimmed median, hl=45.0d, 0 sold of 1",2026-09-15T23:53:11.785896+00:00
18938,1461.33,40,1,0.0,0.0,0.0,"decay-wtd trimmed median, hl=45.0d, 0 sold of 1",2026-09-15T23:53:11.785896+00:00
191.021,31274.75,40,1,0.0,0.0,0.0,"decay-wtd trimmed median, hl=45.0d, 0 sold of 1",2026-09-15T23:53:11.785896+00:00
191.039,31273.7,40,1,0.0,0.0,0.0,"decay-wtd trimmed median, hl=45.0d, 0 sold of 1",2026-09-15T23:53:11.785896+00:00
201.027,15480.0,40,1,0.0,0.0,0.0,"decay-wtd trimmed median, hl=45.0d, 0 sold of 1",2026-09-15T23:53:11.785896+00:00
20447,2071.79,40,1,0.0,0.0,0.0,"decay-wtd trimmed median, hl=45.0d, 0 sold of 1",2026-09-15T23:53:11.785896+00:00
20521,1116.0,40,1,0.0,0.0,0.0,"decay-wtd trimmed median, hl=45.0d, 0 sold of 1",2026-09-15T23:53:11.785896+00:00
210.20.44.51.01.001,17298.0,40,1,0.0,0.0,0.0,"decay-wtd trimmed median, hl=45.0d, 0 sold of 1",2026-09-15T23:53:11.785896+00:00
210.30.42.20.01.002,7440.0,40,1,0.0,0.0,0.0,"decay-wtd trimmed median, hl=45.0d, 0 sold of 1",2026-09-15T23:53:11.785896+00:00
210.30.44.51.06.001,8928.0,40,1,0.0,0.0,0.0,"decay-wtd trimmed median, hl=45.0d, 0 sold of 1",2026-09-15T23:53:11.785896+00:00
210.32.42.20.01.005,6417.0,40,1,0.0,0.0,0.0,"decay-wtd trimmed median, hl=45.0d, 0 sold of 1",2026-09-15T23:53:11.785896+00:00
210.32.42.20.04.002,6417.0,40,1,0.0,0.0,0.0,"decay-wtd trimmed median, hl=45.0d, 0 sold of 1",2026-09-15T23:53:11.785896+00:00
210.32.42.20.06.001,4208.85,40,1,0.0,0.0,0.0,"decay-wtd trimmed median, hl=45.0d, 0 sold of 1",2026-09-15T23:53:11.785896+00:00
210.32.44.51.01.002,8742.0,40,1,0.0,0.0,0.0,"decay-wtd trimmed median, hl=45.0d, 0 sold of 1",2026-09-15T23:53:11.785896+00:00
210.55.42.20.99.001,175212.0,40,1,0.0,0.0,0.0,"decay-wtd trimmed median, hl=45.0d, 0 sold of 1",2026-09-15T23:53:11.785896+00:00
210.60.42.20.99.001,12555.0,40,1,0.0,0.0,0.0,"decay-wtd trimmed median, hl=45.0d, 0 sold of 1",2026-09-15T23:53:11.785896+00:00
210.60.44.51.03.001,25389.0,40,1,0.0,0.0,0.0,"decay-wtd trimmed median, hl=45.0d, 0 sold of 1",2026-09-15T23:53:11.785896+00:00
210.62.42.20.01.002,930.0,40,1,0.0,0.0,0.0,"decay-wtd trimmed median, hl=45.0d, 0 sold of 1",2026-09-15T23:53:11.785896+00:00
210.62.42.20.10.001,30690.0,40,1,0.0,0.0,0.0,"decay-wtd trimmed median, hl=45.0d, 0 sold of 1",2026-09-15T23:53:11.785896+00:00
211.027,14846.93,40,1,0.0,0.0,0.0,"decay-wtd trimmed median, hl=45.0d, 0 sold of 1",2026-09-15T23:53:11.785896+00:00
212.30.41.20.01.001,4080.0,40,1,0.0,0.0,0.0,"decay-wtd trimmed median, hl=45.0d, 0 sold of 1",2026-09-15T23:53:11.785896+00:00
215.30.46.21.03.001,13299.0,40,1,0.0,0.0,0.0,"decay-wtd trimmed median, hl=45.0d, 0 sold of 1",2026-09-15T23:53:11.785896+00:00
215.30.46.21.04.001,13299.0,40,1,0.0,0.0,0.0,"decay-wtd trimmed median, hl=45.0d, 0 sold of 1",2026-09-15T23:53:11.785896+00:00
215.32.43.21.04.001,4822.74,40,1,0.0,0.0,0.0,"decay-wtd trimmed median, hl=45.0d, 0 sold of 1",2026-09-15T23:53:11.785896+00:00
215.32.46.51.01.001,6427.47,40,1,0.0,0.0,0.0,"decay-wtd trimmed median, hl=45.0d, 0 sold of 1",2026-09-15T23:53:11.785896+00:00
215.33.46.51.01.001,6427.47,40,1,0.0,0.0,0.0,"decay-wtd trimmed median, hl=45.0d, 0 sold of 1",2026-09-15T23:53:11.785896+00:00
215.63.46.51.01.001,24180.0,40,1,0.0,0.0,0.0,"decay-wtd trimmed median, hl=45.0d, 0 sold of 1",2026-09-15T23:53:11.785896+00:00
215.92.46.21.01.001,14229.0,40,1,0.0,0.0,0.0,"decay-wtd trimmed median, hl=45.0d, 0 sold of 1",2026-09-15T23:53:11.785896+00:00
215.92.46.22.99.002,23250.0,40,1,0.0,0.0,0.0,"decay-wtd trimmed median, hl=45.0d, 0 sold of 1",2026-09-15T23:53:11.785896+00:00
215.92.46.51.01.003,13950.0,40,1,0.0,0.0,0.0,"decay-wtd trimmed median, hl=45.0d, 0 sold of 1",2026-09-15T23:53:11.785896+00:00
218239,34975.16,40,1,0.0,0.0,0.0,"decay-wtd trimmed median, hl=45.0d, 0 sold of 1",2026-09-15T23:53:11.785896+00:00
219.032,15180.0,40,1,0.0,0.0,0.0,"decay-wtd trimmed median, hl=45.0d, 0 sold of 1",2026-09-15T23:53:11.785896+00:00
220.028,23266.08,40,1,0.0,0.0,0.0,"decay-wtd trimmed median, hl=45.0d, 0 sold of 1",2026-09-15T23:53:11.785896+00:00
220.10.28.60.53.001,3441.0,40,1,0.0,0.0,0.0,"decay-wtd trimmed median, hl=45.0d, 0 sold of 1",2026-09-15T23:53:11.785896+00:00
220.10.28.60.54.001,2910.36,40,1,0.0,0.0,0.0,"decay-wtd trimmed median, hl=45.0d, 0 sold of 1",2026-09-15T23:53:11.785896+00:00
220.10.34.20.01.001,6882.0,40,1,0.0,0.0,0.0,"decay-wtd trimmed median, hl=45.0d, 0 sold of 1",2026-09-15T23:53:11.785896+00:00
220.10.38.20.03.002,5634.55,40,1,0.0,0.0,0.0,"decay-wtd trimmed median, hl=45.0d, 0 sold of 1",2026-09-15T23:53:11.785896+00:00
220.10.38.20.03.004,7254.0,40,1,0.0,0.0,0.0,"decay-wtd trimmed median, hl=45.0d, 0 sold of 1",2026-09-15T23:53:11.785896+00:00
220.10.38.20.10.001,7161.0,40,1,0.0,0.0,0.0,"decay-wtd trimmed median, hl=45.0d, 0 sold of 1",2026-09-15T23:53:11.785896+00:00
220.10.38.20.12.001,6882.0,40,1,0.0,0.0,0.0,"decay-wtd trimmed median, hl=45.0d, 0 sold of 1",2026-09-15T23:53:11.785896+00:00
220.10.38.20.55.001,8277.0,40,1,0.0,0.0,0.0,"decay-wtd trimmed median, hl=45.0d, 0 sold of 1",2026-09-15T23:53:11.785896+00:00
220.10.41.21.06.001,6603.0,40,1,0.0,0.0,0.0,"decay-wtd trimmed median, hl=45.0d, 0 sold of 1",2026-09-15T23:53:11.785896+00:00
220.10.43.22.03.002,10602.0,40,1,0.0,0.0,0.0,"decay-wtd trimmed median, hl=45.0d, 0 sold of 1",2026-09-15T23:53:11.785896+00:00
220.12.38.20.10.001,6324.0,40,1,0.0,0.0,0.0,"decay-wtd trimmed median, hl=45.0d, 0 sold of 1",2026-09-15T23:53:11.785896+00:00
220.12.41.21.01.001,6324.0,40,1,0.0,0.0,0.0,"decay-wtd trimmed median, hl=45.0d, 0 sold of 1",2026-09-15T23:53:11.785896+00:00
220.12.41.21.01.002,4090.74,40,1,0.0,0.0,0.0,"decay-wtd trimmed median, hl=45.0d, 0 sold of 1",2026-09-15T23:53:11.785896+00:00
220.12.41.21.02.005,5066.59,40,1,0.0,0.0,0.0,"decay-wtd trimmed median, hl=45.0d, 0 sold of 1",2026-09-15T23:53:11.785896+00:00
220.12.41.21.03.007,3565.91,40,1,0.0,0.0,0.0,"decay-wtd trimmed median, hl=45.0d, 0 sold of 1",2026-09-15T23:53:11.785896+00:00
220.12.43.22.03.002,10416.0,40,1,0.0,0.0,0.0,"decay-wtd trimmed median, hl=45.0d, 0 sold of 1",2026-09-15T23:53:11.785896+00:00
220.13.38.20.60.001,6758.88,40,1,0.0,0.0,0.0,"decay-wtd trimmed median, hl=45.0d, 0 sold of 1",2026-09-15T23:53:11.785896+00:00
220.13.41.21.03.003,6231.0,40,1,0.0,0.0,0.0,"decay-wtd trimmed median, hl=45.0d, 0 sold of 1",2026-09-15T23:53:11.785896+00:00
220.15.30.20.56.001,13299.0,40,1,0.0,0.0,0.0,"decay-wtd trimmed median, hl=45.0d, 0 sold of 1",2026-09-15T23:53:11.785896+00:00
220.15.34.20.55.001,14787.0,40,1,0.0,0.0,0.0,"decay-wtd trimmed median, hl=45.0d, 0 sold of 1",2026-09-15T23:53:11.785896+00:00
220.20.30.20.10.002,11346.0,40,1,0.0,0.0,0.0,"decay-wtd trimmed median, hl=45.0d, 0 sold of 1",2026-09-15T23:53:11.785896+00:00
220.20.34.20.08.001,12927.0,40,1,0.0,0.0,0.0,"decay-wtd trimmed median, hl=45.0d, 0 sold of 1",2026-09-15T23:53:11.785896+00:00
220.20.34.20.10.001,12927.0,40,1,0.0,0.0,0.0,"decay-wtd trimmed median, hl=45.0d, 0 sold of 1",2026-09-15T23:53:11.785896+00:00
220.20.34.20.10.002,12927.0,40,1,0.0,0.0,0.0,"decay-wtd trimmed median, hl=45.0d, 0 sold of 1",2026-09-15T23:53:11.785896+00:00
220.20.38.20.02.002,13950.0,40,1,0.0,0.0,0.0,"decay-wtd trimmed median, hl=45.0d, 0 sold of 1",2026-09-15T23:53:11.785896+00:00
220.20.38.20.10.002,13950.0,40,1,0.0,0.0,0.0,"decay-wtd trimmed median, hl=45.0d, 0 sold of 1",2026-09-15T23:53:11.785896+00:00
220.20.41.21.06.001,14043.0,40,1,0.0,0.0,0.0,"decay-wtd trimmed median, hl=45.0d, 0 sold of 1",2026-09-15T23:53:11.785896+00:00
220.23.38.20.59.001,12276.0,40,1,0.0,0.0,0.0,"decay-wtd trimmed median, hl=45.0d, 0 sold of 1",2026-09-15T23:53:11.785896+00:00
220.23.38.20.60.001,12648.0,40,1,0.0,0.0,0.0,"decay-wtd trimmed median, hl=45.0d, 0 sold of 1",2026-09-15T23:53:11.785896+00:00
220.50.30.20.08.001,34131.0,40,1,0.0,0.0,0.0,"decay-wtd trimmed median, hl=45.0d, 0 sold of 1",2026-09-15T23:53:11.785896+00:00
220.50.30.20.09.001,34131.0,40,1,0.0,0.0,0.0,"decay-wtd trimmed median, hl=45.0d, 0 sold of 1",2026-09-15T23:53:11.785896+00:00
220.50.34.20.02.001,36735.0,40,1,0.0,0.0,0.0,"decay-wtd trimmed median, hl=45.0d, 0 sold of 1",2026-09-15T23:53:11.785896+00:00
220.50.34.20.08.001,36735.0,40,1,0.0,0.0,0.0,"decay-wtd trimmed median, hl=45.0d, 0 sold of 1",2026-09-15T23:53:11.785896+00:00
220.50.34.20.09.001,36735.0,40,1,0.0,0.0,0.0,"decay-wtd trimmed median, hl=45.0d, 0 sold of 1",2026-09-15T23:53:11.785896+00:00
220.50.38.20.03.001,39246.0,40,1,0.0,0.0,0.0,"decay-wtd trimmed median, hl=45.0d, 0 sold of 1",2026-09-15T23:53:11.785896+00:00
220.50.38.20.08.001,39246.0,40,1,0.0,0.0,0.0,"decay-wtd trimmed median, hl=45.0d, 0 sold of 1",2026-09-15T23:53:11.785896+00:00
220.50.38.20.10.001,39246.0,40,1,0.0,0.0,0.0,"decay-wtd trimmed median, hl=45.0d, 0 sold of 1",2026-09-15T23:53:11.785896+00:00
220.50.43.22.02.001,52917.0,40,1,0.0,0.0,0.0,"decay-wtd trimmed median, hl=45.0d, 0 sold of 1",2026-09-15T23:53:11.785896+00:00
220.52.41.21.03.001,24273.0,40,1,0.0,0.0,0.0,"decay-wtd trimmed median, hl=45.0d, 0 sold of 1",2026-09-15T23:53:11.785896+00:00
220.53.38.20.10.001,20925.0,40,1,0.0,0.0,0.0,"decay-wtd trimmed median, hl=45.0d, 0 sold of 1",2026-09-15T23:53:11.785896+00:00
220.55.30.20.55.001,42315.0,40,1,0.0,0.0,0.0,"decay-wtd trimmed median, hl=45.0d, 0 sold of 1",2026-09-15T23:53:11.785896+00:00
220.55.30.20.60.001,41943.0,40,1,0.0,0.0,0.0,"decay-wtd trimmed median, hl=45.0d, 0 sold of 1",2026-09-15T23:53:11.785896+00:00
220.55.30.20.61.001,41943.0,40,1,0.0,0.0,0.0,"decay-wtd trimmed median, hl=45.0d, 0 sold of 1",2026-09-15T23:53:11.785896+00:00
220.55.34.20.60.001,46779.0,40,1,0.0,0.0,0.0,"decay-wtd trimmed median, hl=45.0d, 0 sold of 1",2026-09-15T23:53:11.785896+00:00
220.55.38.20.09.001,45477.0,40,1,0.0,0.0,0.0,"decay-wtd trimmed median, hl=45.0d, 0 sold of 1",2026-09-15T23:53:11.785896+00:00
220.55.38.20.99.001,53754.0,40,1,0.0,0.0,0.0,"decay-wtd trimmed median, hl=45.0d, 0 sold of 1",2026-09-15T23:53:11.785896+00:00
220.58.38.20.55.002,34596.0,40,1,0.0,0.0,0.0,"decay-wtd trimmed median, hl=45.0d, 0 sold of 1",2026-09-15T23:53:11.785896+00:00
220.92.41.21.03.002,53754.0,40,1,0.0,0.0,0.0,"decay-wtd trimmed median, hl=45.0d, 0 sold of 1",2026-09-15T23:53:11.785896+00:00
22013,483507.0,40,1,0.0,0.0,0.0,"decay-wtd trimmed median, hl=45.0d, 0 sold of 1",2026-09-15T23:53:11.785896+00:00
226668TBR,96454.84,40,1,0.0,0.0,0.0,"decay-wtd trimmed median, hl=45.0d, 0 sold of 1",2026-09-15T23:53:11.785896+00:00
226679TBRBK,73337.57,40,1,0.0,0.0,0.0,"decay-wtd trimmed median, hl=45.0d, 0 sold of 1",2026-09-15T23:53:11.785896+00:00
226979TBR,72600.0,40,1,0.0,0.0,0.0,"decay-wtd trimmed median, hl=45.0d, 0 sold of 1",2026-09-15T23:53:11.785896+00:00
228206,65366.08,40,1,0.0,0.0,0.0,"decay-wtd trimmed median, hl=45.0d, 0 sold of 1",2026-09-15T23:53:11.785896+00:00
228238A,47818.22,40,1,0.0,0.0,0.0,"decay-wtd trimmed median, hl=45.0d, 0 sold of 1",2026-09-15T23:53:11.785896+00:00
228345RBR,72168.42,40,1,0.0,0.0,0.0,"decay-wtd trimmed median, hl=45.0d, 0 sold of 1",2026-09-15T23:53:11.785896+00:00
228349RBR,71902.7,40,1,0.0,0.0,0.0,"decay-wtd trimmed median, hl=45.0d, 0 sold of 1",2026-09-15T23:53:11.785896+00:00
228349RBRBK,47722.56,40,1,0.0,0.0,0.0,"decay-wtd trimmed median, hl=45.0d, 0 sold of 1",2026-09-15T23:53:11.785896+00:00
228349RBRBL,54737.46,40,1,0.0,0.0,0.0,"decay-wtd trimmed median, hl=45.0d, 0 sold of 1",2026-09-15T23:53:11.785896+00:00
228396TBR,87101.64,40,1,0.0,0.0,0.0,"decay-wtd trimmed median, hl=45.0d, 0 sold of 1",2026-09-15T23:53:11.785896+00:00
231.10.39.61.09.001,2046.01,40,1,0.0,0.0,0.0,"decay-wtd trimmed median, hl=45.0d, 0 sold of 1",2026-09-15T23:53:11.785896+00:00
231.10.42.21.02.001,4185.0,40,1,0.0,0.0,0.0,"decay-wtd trimmed median, hl=45.0d, 0 sold of 1",2026-09-15T23:53:11.785896+00:00
231.10.42.21.03.004,5022.0,40,1,0.0,0.0,0.0,"decay-wtd trimmed median, hl=45.0d, 0 sold of 1",2026-09-15T23:53:11.785896+00:00
231.10.44.50.04.001,2496.14,40,1,0.0,0.0,0.0,"decay-wtd trimmed median, hl=45.0d, 0 sold of 1",2026-09-15T23:53:11.785896+00:00
231.23.39.21.06.001,4840.99,40,1,0.0,0.0,0.0,"decay-wtd trimmed median, hl=45.0d, 0 sold of 1",2026-09-15T23:53:11.785896+00:00
231.90.43.22.04.001,4384.31,40,1,0.0,0.0,0.0,"decay-wtd trimmed median, hl=45.0d, 0 sold of 1",2026-09-15T23:53:11.785896+00:00
232.90.44.22.03.001,4017.4,40,1,0.0,0.0,0.0,"decay-wtd trimmed median, hl=45.0d, 0 sold of 1",2026-09-15T23:53:11.785896+00:00
232.90.46.21.03.001,3507.45,40,1,0.0,0.0,0.0,"decay-wtd trimmed median, hl=45.0d, 0 sold of 1",2026-09-15T23:53:11.785896+00:00
233.20.41.21.01.001,3507.45,40,1,0.0,0.0,0.0,"decay-wtd trimmed median, hl=45.0d, 0 sold of 1",2026-09-15T23:53:11.785896+00:00
233.32.41.21.01.001,11625.0,40,1,0.0,0.0,0.0,"decay-wtd trimmed median, hl=45.0d, 0 sold of 1",2026-09-15T23:53:11.785896+00:00
233.32.41.21.01.002,4147.87,40,1,0.0,0.0,0.0,"decay-wtd trimmed median, hl=45.0d, 0 sold of 1",2026-09-15T23:53:11.785896+00:00
233.62.41.21.03.001,4325.86,40,1,0.0,0.0,0.0,"decay-wtd trimmed median, hl=45.0d, 0 sold of 1",2026-09-15T23:53:11.785896+00:00
234.92.41.21.10.001,14601.0,40,1,0.0,0.0,0.0,"decay-wtd trimmed median, hl=45.0d, 0 sold of 1",2026-09-15T23:53:11.785896+00:00
234.93.41.21.99.001,53940.0,40,1,0.0,0.0,0.0,"decay-wtd trimmed median, hl=45.0d, 0 sold of 1",2026-09-15T23:53:11.785896+00:00
234.93.41.21.99.002,60822.0,40,1,0.0,0.0,0.0,"decay-wtd trimmed median, hl=45.0d, 0 sold of 1",2026-09-15T23:53:11.785896+00:00
235.12.38.20.06.001,5394.0,40,1,0.0,0.0,0.0,"decay-wtd trimmed median, hl=45.0d, 0 sold of 1",2026-09-15T23:53:11.785896+00:00
235.12.38.20.13.001,5952.0,40,1,0.0,0.0,0.0,"decay-wtd trimmed median, hl=45.0d, 0 sold of 1",2026-09-15T23:53:11.785896+00:00
236.050,36535.92,40,1,0.0,0.0,0.0,"decay-wtd trimmed median, hl=45.0d, 0 sold of 1",2026-09-15T23:53:11.785896+00:00
238.032,45477.0,40,1,0.0,0.0,0.0,"decay-wtd trimmed median, hl=45.0d, 0 sold of 1",2026-09-15T23:53:11.785896+00:00
25162,3690.52,40,1,0.0,0.0,0.0,"decay-wtd trimmed median, hl=45.0d, 0 sold of 1",2026-09-15T23:53:11.785896+00:00
2574,5208.03,40,1,0.0,0.0,0.0,"decay-wtd trimmed median, hl=45.0d, 0 sold of 1",2026-09-15T23:53:11.785896+00:00
25914,6854.67,40,1,0.0,0.0,0.0,"decay-wtd trimmed median, hl=45.0d, 0 sold of 1",2026-09-15T23:53:11.785896+00:00
25918OR,144150.0,40,1,0.0,0.0,0.0,"decay-wtd trimmed median, hl=45.0d, 0 sold of 1",2026-09-15T23:53:11.785896+00:00
25978BC,115282.04,40,1,0.0,0.0,0.0,"decay-wtd trimmed median, hl=45.0d, 0 sold of 1",2026-09-15T23:53:11.785896+00:00
26041TI,88350.0,40,1,0.0,0.0,0.0,"decay-wtd trimmed median, hl=45.0d, 0 sold of 1",2026-09-15T23:53:11.785896+00:00
26170ST.OO.D091CR.01,18600.0,40,1,0.0,0.0,0.0,"decay-wtd trimmed median, hl=45.0d, 0 sold of 1",2026-09-15T23:53:11.785896+00:00
26237ST,27475.02,40,1,0.0,0.0,0.0,"decay-wtd trimmed median, hl=45.0d, 0 sold of 1",2026-09-15T23:53:11.785896+00:00
26239OR,133283.04,40,1,0.0,0.0,0.0,"decay-wtd trimmed median, hl=45.0d, 0 sold of 1",2026-09-15T23:53:11.785896+00:00
26240CE,119970.0,40,1,0.0,0.0,0.0,"decay-wtd trimmed median, hl=45.0d, 0 sold of 1",2026-09-15T23:53:11.785896+00:00
26240OR,95390.81,40,1,0.0,0.0,0.0,"decay-wtd trimmed median, hl=45.0d, 0 sold of 1",2026-09-15T23:53:11.785896+00:00
26267FS.ZZ.D002CA.02,16668.76,40,1,0.0,0.0,0.0,"decay-wtd trimmed median, hl=45.0d, 0 sold of 1",2026-09-15T23:53:11.785896+00:00
26320ST.OO.1220ST.01,40046.97,40,1,0.0,0.0,0.0,"decay-wtd trimmed median, hl=45.0d, 0 sold of 1",2026-09-15T23:53:11.785896+00:00
26393NR,26604.92,40,1,0.0,0.0,0.0,"decay-wtd trimmed median, hl=45.0d, 0 sold of 1",2026-09-15T23:53:11.785896+00:00
26400SO,21096.41,40,1,0.0,0.0,0.0,"decay-wtd trimmed median, hl=45.0d, 0 sold of 1",2026-09-15T23:53:11.785896+00:00
26400SO.OO.A002CA.01,21855.0,40,1,0.0,0.0,0.0,"decay-wtd trimmed median, hl=45.0d, 0 sold of 1",2026-09-15T23:53:11.785896+00:00
26401RO,27475.02,40,1,0.0,0.0,0.0,"decay-wtd trimmed median, hl=45.0d, 0 sold of 1",2026-09-15T23:53:11.785896+00:00
26405CE.OO.A002CA.02,26505.0,40,1,0.0,0.0,0.0,"decay-wtd trimmed median, hl=45.0d, 0 sold of 1",2026-09-15T23:53:11.785896+00:00
26405CG.OO.A004CA.01,27211.96,40,1,0.0,0.0,0.0,"decay-wtd trimmed median, hl=45.0d, 0 sold of 1",2026-09-15T23:53:11.785896+00:00
26420CE,35004.4,40,1,0.0,0.0,0.0,"decay-wtd trimmed median, hl=45.0d, 0 sold of 1",2026-09-15T23:53:11.785896+00:00
26420TI,25487.46,40,1,0.0,0.0,0.0,"decay-wtd trimmed median, hl=45.0d, 0 sold of 1",2026-09-15T23:53:11.785896+00:00
26470ST.OO.A027CA.01,19530.0,40,1,0.0,0.0,0.0,"decay-wtd trimmed median, hl=45.0d, 0 sold of 1",2026-09-15T23:53:11.785896+00:00
26470ST.OO.A801CR.01,21390.0,40,1,0.0,0.0,0.0,"decay-wtd trimmed median, hl=45.0d, 0 sold of 1",2026-09-15T23:53:11.785896+00:00
26586IP,181350.0,40,1,0.0,0.0,0.0,"decay-wtd trimmed median, hl=45.0d, 0 sold of 1",2026-09-15T23:53:11.785896+00:00
26670ST,156835.2,40,1,0.0,0.0,0.0,"decay-wtd trimmed median, hl=45.0d, 0 sold of 1",2026-09-15T23:53:11.785896+00:00
26715ST,40218.74,40,1,0.0,0.0,0.0,"decay-wtd trimmed median, hl=45.0d, 0 sold of 1",2026-09-15T23:53:11.785896+00:00
278341RBR,15836.66,40,1,0.0,0.0,0.0,"decay-wtd trimmed median, hl=45.0d, 0 sold of 1",2026-09-15T23:53:11.785896+00:00
278384RBR,21202.96,40,1,0.0,0.0,0.0,"decay-wtd trimmed median, hl=45.0d, 0 sold of 1",2026-09-15T23:53:11.785896+00:00
279171GCB,14773.8,40,1,0.0,0.0,0.0,"decay-wtd trimmed median, hl=45.0d, 0 sold of 1",2026-09-15T23:53:11.785896+00:00
279171GGR,13050.86,40,1,0.0,0.0,0.0,"decay-wtd trimmed median, hl=45.0d, 0 sold of 1",2026-09-15T23:53:11.785896+00:00
279174NG,10480.19,40,1,0.0,0.0,0.0,"decay-wtd trimmed median, hl=45.0d, 0 sold of 1",2026-09-15T23:53:11.785896+00:00
279175G,38337.45,40,1,0.0,0.0,0.0,"decay-wtd trimmed median, hl=45.0d, 0 sold of 1",2026-09-15T23:53:11.785896+00:00
28300,267654.0,40,1,0.0,0.0,0.0,"decay-wtd trimmed median, hl=45.0d, 0 sold of 1",2026-09-15T23:53:11.785896+00:00
2869,1581.0,40,1,0.0,0.0,0.0,"decay-wtd trimmed median, hl=45.0d, 0 sold of 1",2026-09-15T23:53:11.785896+00:00
2940,6975.0,40,1,0.0,0.0,0.0,"decay-wtd trimmed median, hl=45.0d, 0 sold of 1",2026-09-15T23:53:11.785896+00:00
304.93.44.52.03.001,14601.0,40,1,0.0,0.0,0.0,"decay-wtd trimmed median, hl=45.0d, 0 sold of 1",2026-09-15T23:53:11.785896+00:00
308.031,21033.92,40,1,0.0,0.0,0.0,"decay-wtd trimmed median, hl=45.0d, 0 sold of 1",2026-09-15T23:53:11.785896+00:00
310.23.42.50.02.001,12183.0,40,1,0.0,0.0,0.0,"decay-wtd trimmed median, hl=45.0d, 0 sold of 1",2026-09-15T23:53:11.785896+00:00
310.23.42.50.99.001,12183.0,40,1,0.0,0.0,0.0,"decay-wtd trimmed median, hl=45.0d, 0 sold of 1",2026-09-15T23:53:11.785896+00:00
310.32.42.50.04.002,8091.0,40,1,0.0,0.0,0.0,"decay-wtd trimmed median, hl=45.0d, 0 sold of 1",2026-09-15T23:53:11.785896+00:00
310.55.42.50.02.001,66774.0,40,1,0.0,0.0,0.0,"decay-wtd trimmed median, hl=45.0d, 0 sold of 1",2026-09-15T23:53:11.785896+00:00
310.55.42.50.13.001,53475.0,40,1,0.0,0.0,0.0,"decay-wtd trimmed median, hl=45.0d, 0 sold of 1",2026-09-15T23:53:11.785896+00:00
310.60.42.50.02.001,61659.0,40,1,0.0,0.0,0.0,"decay-wtd trimmed median, hl=45.0d, 0 sold of 1",2026-09-15T23:53:11.785896+00:00
310.60.42.50.10.002,47988.0,40,1,0.0,0.0,0.0,"decay-wtd trimmed median, hl=45.0d, 0 sold of 1",2026-09-15T23:53:11.785896+00:00
310.60.42.50.99.001,34410.0,40,1,0.0,0.0,0.0,"decay-wtd trimmed median, hl=45.0d, 0 sold of 1",2026-09-15T23:53:11.785896+00:00
310.63.42.50.02.001,41292.0,40,1,0.0,0.0,0.0,"decay-wtd trimmed median, hl=45.0d, 0 sold of 1",2026-09-15T23:53:11.785896+00:00
311.30.42.30.01.002,5716.6,40,1,0.0,0.0,0.0,"decay-wtd trimmed median, hl=45.0d, 0 sold of 1",2026-09-15T23:53:11.785896+00:00
311.33.40.30.02.001,5553.46,40,1,0.0,0.0,0.0,"decay-wtd trimmed median, hl=45.0d, 0 sold of 1",2026-09-15T23:53:11.785896+00:00
311.63.44.51.06.001,9765.0,40,1,0.0,0.0,0.0,"decay-wtd trimmed median, hl=45.0d, 0 sold of 1",2026-09-15T23:53:11.785896+00:00
311.92.44.30.01.002,8277.0,40,1,0.0,0.0,0.0,"decay-wtd trimmed median, hl=45.0d, 0 sold of 1",2026-09-15T23:53:11.785896+00:00
311.92.44.51.01.003,6196.5,40,1,0.0,0.0,0.0,"decay-wtd trimmed median, hl=45.0d, 0 sold of 1",2026-09-15T23:53:11.785896+00:00
311.93.44.51.03.001,4501.23,40,1,0.0,0.0,0.0,"decay-wtd trimmed median, hl=45.0d, 0 sold of 1",2026-09-15T23:53:11.785896+00:00
311.93.44.51.04.002,11904.0,40,1,0.0,0.0,0.0,"decay-wtd trimmed median, hl=45.0d, 0 sold of 1",2026-09-15T23:53:11.785896+00:00
311.93.44.51.99.002,14136.0,40,1,0.0,0.0,0.0,"decay-wtd trimmed median, hl=45.0d, 0 sold of 1",2026-09-15T23:53:11.785896+00:00
31160,7333.76,40,1,0.0,0.0,0.0,"decay-wtd trimmed median, hl=45.0d, 0 sold of 1",2026-09-15T23:53:11.785896+00:00
318.92.45.79.03.001,4371.0,40,1,0.0,0.0,0.0,"decay-wtd trimmed median, hl=45.0d, 0 sold of 1",2026-09-15T23:53:11.785896+00:00
31885,6494.41,40,1,0.0,0.0,0.0,"decay-wtd trimmed median, hl=45.0d, 0 sold of 1",2026-09-15T23:53:11.785896+00:00
32011202,13211.39,40,1,0.0,0.0,0.0,"decay-wtd trimmed median, hl=45.0d, 0 sold of 1",2026-09-15T23:53:11.785896+00:00
321.10.42.50.02.001,3273.62,40,1,0.0,0.0,0.0,"decay-wtd trimmed median, hl=45.0d, 0 sold of 1",2026-09-15T23:53:11.785896+00:00
32290,10637.27,40,1,0.0,0.0,0.0,"decay-wtd trimmed median, hl=45.0d, 0 sold of 1",2026-09-15T23:53:11.785896+00:00
323.21.40.40.01.001,3215.16,40,1,0.0,0.0,0.0,"decay-wtd trimmed median, hl=45.0d, 0 sold of 1",2026-09-15T23:53:11.785896+00:00
324.15.38.50.60.001,12927.0,40,1,0.0,0.0,0.0,"decay-wtd trimmed median, hl=45.0d, 0 sold of 1",2026-09-15T23:53:11.785896+00:00
324.23.38.50.02.001,8091.0,40,1,0.0,0.0,0.0,"decay-wtd trimmed median, hl=45.0d, 0 sold of 1",2026-09-15T23:53:11.785896+00:00
324.32.38.50.02.001,5487.0,40,1,0.0,0.0,0.0,"decay-wtd trimmed median, hl=45.0d, 0 sold of 1",2026-09-15T23:53:11.785896+00:00
324.38.38.50.55.001,10416.0,40,1,0.0,0.0,0.0,"decay-wtd trimmed median, hl=45.0d, 0 sold of 1",2026-09-15T23:53:11.785896+00:00
324.58.38.50.60.001,35619.0,40,1,0.0,0.0,0.0,"decay-wtd trimmed median, hl=45.0d, 0 sold of 1",2026-09-15T23:53:11.785896+00:00
324.58.38.50.63.001,37758.0,40,1,0.0,0.0,0.0,"decay-wtd trimmed median, hl=45.0d, 0 sold of 1",2026-09-15T23:53:11.785896+00:00
324.68.38.50.02.003,24459.0,40,1,0.0,0.0,0.0,"decay-wtd trimmed median, hl=45.0d, 0 sold of 1",2026-09-15T23:53:11.785896+00:00
324.68.38.50.02.004,24459.0,40,1,0.0,0.0,0.0,"decay-wtd trimmed median, hl=45.0d, 0 sold of 1",2026-09-15T23:53:11.785896+00:00
32571,7864.39,40,1,0.0,0.0,0.0,"decay-wtd trimmed median, hl=45.0d, 0 sold of 1",2026-09-15T23:53:11.785896+00:00
326.30.40.50.06.001,3098.25,40,1,0.0,0.0,0.0,"decay-wtd trimmed median, hl=45.0d, 0 sold of 1",2026-09-15T23:53:11.785896+00:00
326238,28644.17,40,1,0.0,0.0,0.0,"decay-wtd trimmed median, hl=45.0d, 0 sold of 1",2026-09-15T23:53:11.785896+00:00
326939,35805.0,40,1,0.0,0.0,0.0,"decay-wtd trimmed median, hl=45.0d, 0 sold of 1",2026-09-15T23:53:11.785896+00:00
329.30.43.51.02.001,9951.0,40,1,0.0,0.0,0.0,"decay-wtd trimmed median, hl=45.0d, 0 sold of 1",2026-09-15T23:53:11.785896+00:00
329.30.43.51.02.002,9951.0,40,1,0.0,0.0,0.0,"decay-wtd trimmed median, hl=45.0d, 0 sold of 1",2026-09-15T23:53:11.785896+00:00
329.30.44.51.04.001,10044.0,40,1,0.0,0.0,0.0,"decay-wtd trimmed median, hl=45.0d, 0 sold of 1",2026-09-15T23:53:11.785896+00:00
329.33.44.51.04.001,9672.0,40,1,0.0,0.0,0.0,"decay-wtd trimmed median, hl=45.0d, 0 sold of 1",2026-09-15T23:53:11.785896+00:00
33051,5208.03,40,1,0.0,0.0,0.0,"decay-wtd trimmed median, hl=45.0d, 0 sold of 1",2026-09-15T23:53:11.785896+00:00
331.20.42.51.01.002,7439.07,40,1,0.0,0.0,0.0,"decay-wtd trimmed median, hl=45.0d, 0 sold of 1",2026-09-15T23:53:11.785896+00:00
331.90.42.51.04.001,4331.7,40,1,0.0,0.0,0.0,"decay-wtd trimmed median, hl=45.0d, 0 sold of 1",2026-09-15T23:53:11.785896+00:00
33114,13152.93,40,1,0.0,0.0,0.0,"decay-wtd trimmed median, hl=45.0d, 0 sold of 1",2026-09-15T23:53:11.785896+00:00
332.10.41.51.03.001,9951.0,40,1,0.0,0.0,0.0,"decay-wtd trimmed median, hl=45.0d, 0 sold of 1",2026-09-15T23:53:11.785896+00:00
332.12.41.51.03.001,9579.0,40,1,0.0,0.0,0.0,"decay-wtd trimmed median, hl=45.0d, 0 sold of 1",2026-09-15T23:53:11.785896+00:00
332.12.41.51.10.001,9579.0,40,1,0.0,0.0,0.0,"decay-wtd trimmed median, hl=45.0d, 0 sold of 1",2026-09-15T23:53:11.785896+00:00
332.12.41.51.11.001,9579.0,40,1,0.0,0.0,0.0,"decay-wtd trimmed median, hl=45.0d, 0 sold of 1",2026-09-15T23:53:11.785896+00:00
336259TBR,195300.0,40,1,0.0,0.0,0.0,"decay-wtd trimmed median, hl=45.0d, 0 sold of 1",2026-09-15T23:53:11.785896+00:00
34041,4214.15,40,1,0.0,0.0,0.0,"decay-wtd trimmed median, hl=45.0d, 0 sold of 1",2026-09-15T23:53:11.785896+00:00
34980,4303.8,40,1,0.0,0.0,0.0,"decay-wtd trimmed median, hl=45.0d, 0 sold of 1",2026-09-15T23:53:11.785896+00:00
3537,10522.35,40,1,0.0,0.0,0.0,"decay-wtd trimmed median, hl=45.0d, 0 sold of 1",2026-09-15T23:53:11.785896+00:00
35791,24180.0,40,1,0.0,0.0,1.0,"decay-wtd trimmed median, hl=45.0d, 0 sold of 1",2026-09-15T23:53:11.785896+00:00
35983,5702.16,40,1,0.0,0.0,0.0,"decay-wtd trimmed median, hl=45.0d, 0 sold of 1",2026-09-15T23:53:11.785896+00:00
36284,5313.52,40,1,0.0,0.0,0.0,"decay-wtd trimmed median, hl=45.0d, 0 sold of 1",2026-09-15T23:53:11.785896+00:00
363.068,53475.0,40,1,0.0,0.0,0.0,"decay-wtd trimmed median, hl=45.0d, 0 sold of 1",2026-09-15T23:53:11.785896+00:00
36339,5250.47,40,1,0.0,0.0,0.0,"decay-wtd trimmed median, hl=45.0d, 0 sold of 1",2026-09-15T23:53:11.785896+00:00
36340,7067.25,40,1,0.0,0.0,0.0,"decay-wtd trimmed median, hl=45.0d, 0 sold of 1",2026-09-15T23:53:11.785896+00:00
36511,5160.1,40,1,0.0,0.0,0.0,"decay-wtd trimmed median, hl=45.0d, 0 sold of 1",2026-09-15T23:53:11.785896+00:00
366001,1929.1,40,1,0.0,0.0,0.0,"decay-wtd trimmed median, hl=45.0d, 0 sold of 1",2026-09-15T23:53:11.785896+00:00
36841,4055.23,40,1,0.0,0.0,0.0,"decay-wtd trimmed median, hl=45.0d, 0 sold of 1",2026-09-15T23:53:11.785896+00:00
37010,12743.73,40,1,0.0,0.0,0.0,"decay-wtd trimmed median, hl=45.0d, 0 sold of 1",2026-09-15T23:53:11.785896+00:00
37010000R88,10867.31,40,1,0.0,0.0,0.0,"decay-wtd trimmed median, hl=45.0d, 0 sold of 1",2026-09-15T23:53:11.785896+00:00
37209,5223.87,40,1,0.0,0.0,0.0,"decay-wtd trimmed median, hl=45.0d, 0 sold of 1",2026-09-15T23:53:11.785896+00:00
37231,5218.56,40,1,0.0,0.0,0.0,"decay-wtd trimmed median, hl=45.0d, 0 sold of 1",2026-09-15T23:53:11.785896+00:00
3754,26305.87,40,1,0.0,0.0,0.0,"decay-wtd trimmed median, hl=45.0d, 0 sold of 1",2026-09-15T23:53:11.785896+00:00
3796R001,24917.63,40,1,0.0,0.0,0.0,"decay-wtd trimmed median, hl=45.0d, 0 sold of 1",2026-09-15T23:53:11.785896+00:00
37989,7811.25,40,1,0.0,0.0,0.0,"decay-wtd trimmed median, hl=45.0d, 0 sold of 1",2026-09-15T23:53:11.785896+00:00
3806,3705.89,40,1,0.0,0.0,0.0,"decay-wtd trimmed median, hl=45.0d, 0 sold of 1",2026-09-15T23:53:11.785896+00:00
3820BBP29W,12743.73,40,1,0.0,0.0,0.0,"decay-wtd trimmed median, hl=45.0d, 0 sold of 1",2026-09-15T23:53:11.785896+00:00
38224,3422.31,40,1,0.0,0.0,0.0,"decay-wtd trimmed median, hl=45.0d, 0 sold of 1",2026-09-15T23:53:11.785896+00:00
38274,2635.8,40,1,0.0,0.0,0.0,"decay-wtd trimmed median, hl=45.0d, 0 sold of 1",2026-09-15T23:53:11.785896+00:00
38338,4700.2,40,1,0.0,0.0,0.0,"decay-wtd trimmed median, hl=45.0d, 0 sold of 1",2026-09-15T23:53:11.785896+00:00
38700,4485.18,40,1,0.0,0.0,0.0,"decay-wtd trimmed median, hl=45.0d, 0 sold of 1",2026-09-15T23:53:11.785896+00:00
38719,3347.22,40,1,0.0,0.0,0.0,"decay-wtd trimmed median, hl=45.0d, 0 sold of 1",2026-09-15T23:53:11.785896+00:00
38726,4756.21,40,1,0.0,0.0,0.0,"decay-wtd trimmed median, hl=45.0d, 0 sold of 1",2026-09-15T23:53:11.785896+00:00
38802,2088.43,40,1,0.0,0.0,0.0,"decay-wtd trimmed median, hl=45.0d, 0 sold of 1",2026-09-15T23:53:11.785896+00:00
38876,4356.94,40,1,0.0,0.0,0.0,"decay-wtd trimmed median, hl=45.0d, 0 sold of 1",2026-09-15T23:53:11.785896+00:00
38883,6371.6,40,1,0.0,0.0,0.0,"decay-wtd trimmed median, hl=45.0d, 0 sold of 1",2026-09-15T23:53:11.785896+00:00
39002JA,41387.89,40,1,0.0,0.0,0.0,"decay-wtd trimmed median, hl=45.0d, 0 sold of 1",2026-09-15T23:53:11.785896+00:00
39030,1380.92,40,1,0.0,0.0,0.0,"decay-wtd trimmed median, hl=45.0d, 0 sold of 1",2026-09-15T23:53:11.785896+00:00
39198,18396.76,40,1,0.0,0.0,0.0,"decay-wtd trimmed median, hl=45.0d, 0 sold of 1",2026-09-15T23:53:11.785896+00:00
39217,3878.66,40,1,0.0,0.0,0.0,"decay-wtd trimmed median, hl=45.0d, 0 sold of 1",2026-09-15T23:53:11.785896+00:00
39708,4097.28,40,1,0.0,0.0,0.0,"decay-wtd trimmed median, hl=45.0d, 0 sold of 1",2026-09-15T23:53:11.785896+00:00
39783,1567.62,40,1,0.0,0.0,0.0,"decay-wtd trimmed median, hl=45.0d, 0 sold of 1",2026-09-15T23:53:11.785896+00:00
39789,3257.58,40,1,0.0,0.0,0.0,"decay-wtd trimmed median, hl=45.0d, 0 sold of 1",2026-09-15T23:53:11.785896+00:00
39875,5738.67,40,1,0.0,0.0,0.0,"decay-wtd trimmed median, hl=45.0d, 0 sold of 1",2026-09-15T23:53:11.785896+00:00
40221,3491.08,40,1,0.0,0.0,0.0,"decay-wtd trimmed median, hl=45.0d, 0 sold of 1",2026-09-15T23:53:11.785896+00:00
40271,5898.1,40,1,0.0,0.0,0.0,"decay-wtd trimmed median, hl=45.0d, 0 sold of 1",2026-09-15T23:53:11.785896+00:00
40272,2868.94,40,1,0.0,0.0,0.0,"decay-wtd trimmed median, hl=45.0d, 0 sold of 1",2026-09-15T23:53:11.785896+00:00
40392,2635.84,40,1,0.0,0.0,0.0,"decay-wtd trimmed median, hl=45.0d, 0 sold of 1",2026-09-15T23:53:11.785896+00:00
404.032,66056.95,40,1,0.0,0.0,0.0,"decay-wtd trimmed median, hl=45.0d, 0 sold of 1",2026-09-15T23:53:11.785896+00:00
40419,7758.11,40,1,0.0,0.0,0.0,"decay-wtd trimmed median, hl=45.0d, 0 sold of 1",2026-09-15T23:53:11.785896+00:00
40422,3440.75,40,1,0.0,0.0,0.0,"decay-wtd trimmed median, hl=45.0d, 0 sold of 1",2026-09-15T23:53:11.785896+00:00
405.031,74307.0,40,1,0.0,0.0,0.0,"decay-wtd trimmed median, hl=45.0d, 0 sold of 1",2026-09-15T23:53:11.785896+00:00
40671,4356.94,40,1,0.0,0.0,0.0,"decay-wtd trimmed median, hl=45.0d, 0 sold of 1",2026-09-15T23:53:11.785896+00:00
4082,3709.39,40,1,0.0,0.0,0.0,"decay-wtd trimmed median, hl=45.0d, 0 sold of 1",2026-09-15T23:53:11.785896+00:00
40822,8448.97,40,1,0.0,0.0,0.0,"decay-wtd trimmed median, hl=45.0d, 0 sold of 1",2026-09-15T23:53:11.785896+00:00
40823,3984.94,40,1,0.0,0.0,0.0,"decay-wtd trimmed median, hl=45.0d, 0 sold of 1",2026-09-15T23:53:11.785896+00:00
40830,2705.52,40,1,0.0,0.0,0.0,"decay-wtd trimmed median, hl=45.0d, 0 sold of 1",2026-09-15T23:53:11.785896+00:00
40899,3192.68,40,1,0.0,0.0,0.0,"decay-wtd trimmed median, hl=45.0d, 0 sold of 1",2026-09-15T23:53:11.785896+00:00
41128SVB,5208.03,40,1,0.0,0.0,0.0,"decay-wtd trimmed median, hl=45.0d, 0 sold of 1",2026-09-15T23:53:11.785896+00:00
41128SVR,5303.69,40,1,0.0,0.0,0.0,"decay-wtd trimmed median, hl=45.0d, 0 sold of 1",2026-09-15T23:53:11.785896+00:00
41128WH,4984.83,40,1,0.0,0.0,0.0,"decay-wtd trimmed median, hl=45.0d, 0 sold of 1",2026-09-15T23:53:11.785896+00:00
41145,4616.92,40,1,0.0,0.0,0.0,"decay-wtd trimmed median, hl=45.0d, 0 sold of 1",2026-09-15T23:53:11.785896+00:00
41146,6588.96,40,1,0.0,0.0,0.0,"decay-wtd trimmed median, hl=45.0d, 0 sold of 1",2026-09-15T23:53:11.785896+00:00
413.25.22.60.08.001,1578.35,40,1,0.0,0.0,0.0,"decay-wtd trimmed median, hl=45.0d, 0 sold of 1",2026-09-15T23:53:11.785896+00:00
41358,5473.75,40,1,0.0,0.0,0.0,"decay-wtd trimmed median, hl=45.0d, 0 sold of 1",2026-09-15T23:53:11.785896+00:00
414.026,53400.0,40,1,0.0,0.0,0.0,"decay-wtd trimmed median, hl=45.0d, 0 sold of 1",2026-09-15T23:53:11.785896+00:00
42050423A,12189.04,40,1,0.0,0.0,0.0,"decay-wtd trimmed median, hl=45.0d, 0 sold of 1",2026-09-15T23:53:11.785896+00:00
42100,11574.58,40,1,0.0,0.0,0.0,"decay-wtd trimmed median, hl=45.0d, 0 sold of 1",2026-09-15T23:53:11.785896+00:00
42105,2815.79,40,1,0.0,0.0,0.0,"decay-wtd trimmed median, hl=45.0d, 0 sold of 1",2026-09-15T23:53:11.785896+00:00
42171,8835.0,40,1,0.0,0.0,0.0,"decay-wtd trimmed median, hl=45.0d, 0 sold of 1",2026-09-15T23:53:11.785896+00:00
4233,8396.63,40,1,0.0,0.0,0.0,"decay-wtd trimmed median, hl=45.0d, 0 sold of 1",2026-09-15T23:53:11.785896+00:00
424.10.27.60.52.002,2229.66,40,1,0.0,0.0,0.0,"decay-wtd trimmed median, hl=45.0d, 0 sold of 1",2026-09-15T23:53:11.785896+00:00
424.10.27.60.55.001,1169.15,40,1,0.0,0.0,0.0,"decay-wtd trimmed median, hl=45.0d, 0 sold of 1",2026-09-15T23:53:11.785896+00:00
424.10.37.20.01.001,1636.81,40,1,0.0,0.0,0.0,"decay-wtd trimmed median, hl=45.0d, 0 sold of 1",2026-09-15T23:53:11.785896+00:00
424.10.40.20.03.001,1572.03,40,1,0.0,0.0,0.0,"decay-wtd trimmed median, hl=45.0d, 0 sold of 1",2026-09-15T23:53:11.785896+00:00
424.13.27.60.52.002,2976.0,40,1,0.0,0.0,0.0,"decay-wtd trimmed median, hl=45.0d, 0 sold of 1",2026-09-15T23:53:11.785896+00:00
424.13.40.20.01.001,1578.35,40,1,0.0,0.0,0.0,"decay-wtd trimmed median, hl=45.0d, 0 sold of 1",2026-09-15T23:53:11.785896+00:00
424.15.24.60.52.001,7626.0,40,1,0.0,0.0,0.0,"decay-wtd trimmed median, hl=45.0d, 0 sold of 1",2026-09-15T23:53:11.785896+00:00
424.23.40.21.08.001,5377.2,40,1,0.0,0.0,0.0,"decay-wtd trimmed median, hl=45.0d, 0 sold of 1",2026-09-15T23:53:11.785896+00:00
424.58.27.60.55.002,5672.05,40,1,0.0,0.0,0.0,"decay-wtd trimmed median, hl=45.0d, 0 sold of 1",2026-09-15T23:53:11.785896+00:00
42438CHBK,7836.13,40,1,0.0,0.0,0.0,"decay-wtd trimmed median, hl=45.0d, 0 sold of 1",2026-09-15T23:53:11.785896+00:00
428.15.26.60.04.001,5208.0,40,1,0.0,0.0,0.0,"decay-wtd trimmed median, hl=45.0d, 0 sold of 1",2026-09-15T23:53:11.785896+00:00
428.15.26.60.04.002,5208.0,40,1,0.0,0.0,0.0,"decay-wtd trimmed median, hl=45.0d, 0 sold of 1",2026-09-15T23:53:11.785896+00:00
428.17.26.60.04.004,4929.0,40,1,0.0,0.0,0.0,"decay-wtd trimmed median, hl=45.0d, 0 sold of 1",2026-09-15T23:53:11.785896+00:00
428.17.26.60.04.005,5022.0,40,1,0.0,0.0,0.0,"decay-wtd trimmed median, hl=45.0d, 0 sold of 1",2026-09-15T23:53:11.785896+00:00
428.17.26.60.04.006,5022.0,40,1,0.0,0.0,0.0,"decay-wtd trimmed median, hl=45.0d, 0 sold of 1",2026-09-15T23:53:11.785896+00:00
428.17.26.60.04.007,5022.0,40,1,0.0,0.0,0.0,"decay-wtd trimmed median, hl=45.0d, 0 sold of 1",2026-09-15T23:53:11.785896+00:00
428.17.36.60.04.001,5115.0,40,1,0.0,0.0,0.0,"decay-wtd trimmed median, hl=45.0d, 0 sold of 1",2026-09-15T23:53:11.785896+00:00
428.17.36.60.05.001,4342.96,40,1,0.0,0.0,0.0,"decay-wtd trimmed median, hl=45.0d, 0 sold of 1",2026-09-15T23:53:11.785896+00:00
428.18.26.60.04.001,4929.0,40,1,0.0,0.0,0.0,"decay-wtd trimmed median, hl=45.0d, 0 sold of 1",2026-09-15T23:53:11.785896+00:00
428.18.26.60.04.003,4929.0,40,1,0.0,0.0,0.0,"decay-wtd trimmed median, hl=45.0d, 0 sold of 1",2026-09-15T23:53:11.785896+00:00
428.18.36.60.04.002,1519.9,40,1,0.0,0.0,0.0,"decay-wtd trimmed median, hl=45.0d, 0 sold of 1",2026-09-15T23:53:11.785896+00:00
428.57.26.60.04.001,9207.0,40,1,0.0,0.0,0.0,"decay-wtd trimmed median, hl=45.0d, 0 sold of 1",2026-09-15T23:53:11.785896+00:00
428.57.26.60.04.002,9207.0,40,1,0.0,0.0,0.0,"decay-wtd trimmed median, hl=45.0d, 0 sold of 1",2026-09-15T23:53:11.785896+00:00
428.57.26.60.04.003,9207.0,40,1,0.0,0.0,0.0,"decay-wtd trimmed median, hl=45.0d, 0 sold of 1",2026-09-15T23:53:11.785896+00:00
428.57.26.60.04.004,9765.0,40,1,0.0,0.0,0.0,"decay-wtd trimmed median, hl=45.0d, 0 sold of 1",2026-09-15T23:53:11.785896+00:00
428.57.26.60.04.005,9858.0,40,1,0.0,0.0,0.0,"decay-wtd trimmed median, hl=45.0d, 0 sold of 1",2026-09-15T23:53:11.785896+00:00
428.57.26.60.99.001,10509.0,40,1,0.0,0.0,0.0,"decay-wtd trimmed median, hl=45.0d, 0 sold of 1",2026-09-15T23:53:11.785896+00:00
428.58.26.60.04.003,9858.0,40,1,0.0,0.0,0.0,"decay-wtd trimmed median, hl=45.0d, 0 sold of 1",2026-09-15T23:53:11.785896+00:00
4300V000RB509,83700.0,40,1,0.0,0.0,0.0,"decay-wtd trimmed median, hl=45.0d, 0 sold of 1",2026-09-15T23:53:11.785896+00:00
4300V120RB064,93000.0,40,1,0.0,0.0,0.0,"decay-wtd trimmed median, hl=45.0d, 0 sold of 1",2026-09-15T23:53:11.785896+00:00
43044,4230.09,40,1,0.0,0.0,0.0,"decay-wtd trimmed median, hl=45.0d, 0 sold of 1",2026-09-15T23:53:11.785896+00:00
434.10.28.60.05.001,3348.0,40,1,0.0,0.0,0.0,"decay-wtd trimmed median, hl=45.0d, 0 sold of 1",2026-09-15T23:53:11.785896+00:00
434.10.30.60.03.001,3069.0,40,1,0.0,0.0,0.0,"decay-wtd trimmed median, hl=45.0d, 0 sold of 1",2026-09-15T23:53:11.785896+00:00
434.10.34.20.03.001,4929.0,40,1,0.0,0.0,0.0,"decay-wtd trimmed median, hl=45.0d, 0 sold of 1",2026-09-15T23:53:11.785896+00:00
434.10.34.20.05.001,5208.0,40,1,0.0,0.0,0.0,"decay-wtd trimmed median, hl=45.0d, 0 sold of 1",2026-09-15T23:53:11.785896+00:00
434.10.41.20.03.001,5766.0,40,1,0.0,0.0,0.0,"decay-wtd trimmed median, hl=45.0d, 0 sold of 1",2026-09-15T23:53:11.785896+00:00
434.10.41.20.10.001,5766.0,40,1,0.0,0.0,0.0,"decay-wtd trimmed median, hl=45.0d, 0 sold of 1",2026-09-15T23:53:11.785896+00:00
434.10.41.21.03.001,6324.0,40,1,0.0,0.0,0.0,"decay-wtd trimmed median, hl=45.0d, 0 sold of 1",2026-09-15T23:53:11.785896+00:00
434.13.28.60.60.001,3348.0,40,1,0.0,0.0,0.0,"decay-wtd trimmed median, hl=45.0d, 0 sold of 1",2026-09-15T23:53:11.785896+00:00
434.13.34.20.53.001,5115.0,40,1,0.0,0.0,0.0,"decay-wtd trimmed median, hl=45.0d, 0 sold of 1",2026-09-15T23:53:11.785896+00:00
434.13.40.20.01.001,4743.0,40,1,0.0,0.0,0.0,"decay-wtd trimmed median, hl=45.0d, 0 sold of 1",2026-09-15T23:53:11.785896+00:00
434.13.40.20.10.001,2912.51,40,1,0.0,0.0,0.0,"decay-wtd trimmed median, hl=45.0d, 0 sold of 1",2026-09-15T23:53:11.785896+00:00
434.13.41.20.02.001,5394.0,40,1,0.0,0.0,0.0,"decay-wtd trimmed median, hl=45.0d, 0 sold of 1",2026-09-15T23:53:11.785896+00:00
434.13.41.20.11.001,5394.0,40,1,0.0,0.0,0.0,"decay-wtd trimmed median, hl=45.0d, 0 sold of 1",2026-09-15T23:53:11.785896+00:00
434.15.30.60.52.001,7719.0,40,1,0.0,0.0,0.0,"decay-wtd trimmed median, hl=45.0d, 0 sold of 1",2026-09-15T23:53:11.785896+00:00
434.15.30.60.55.001,8091.0,40,1,0.0,0.0,0.0,"decay-wtd trimmed median, hl=45.0d, 0 sold of 1",2026-09-15T23:53:11.785896+00:00
434.15.34.20.55.001,10602.0,40,1,0.0,0.0,0.0,"decay-wtd trimmed median, hl=45.0d, 0 sold of 1",2026-09-15T23:53:11.785896+00:00
434.15.34.20.60.001,10230.0,40,1,0.0,0.0,0.0,"decay-wtd trimmed median, hl=45.0d, 0 sold of 1",2026-09-15T23:53:11.785896+00:00
434.20.34.20.05.002,9486.0,40,1,0.0,0.0,0.0,"decay-wtd trimmed median, hl=45.0d, 0 sold of 1",2026-09-15T23:53:11.785896+00:00
434.20.34.20.10.001,7812.0,40,1,0.0,0.0,0.0,"decay-wtd trimmed median, hl=45.0d, 0 sold of 1",2026-09-15T23:53:11.785896+00:00
434.20.42.22.02.001,11625.0,40,1,0.0,0.0,0.0,"decay-wtd trimmed median, hl=45.0d, 0 sold of 1",2026-09-15T23:53:11.785896+00:00
434.20.42.22.10.001,11625.0,40,1,0.0,0.0,0.0,"decay-wtd trimmed median, hl=45.0d, 0 sold of 1",2026-09-15T23:53:11.785896+00:00
434.23.28.60.52.001,4659.31,40,1,0.0,0.0,0.0,"decay-wtd trimmed median, hl=45.0d, 0 sold of 1",2026-09-15T23:53:11.785896+00:00
434.23.30.60.52.001,5487.0,40,1,0.0,0.0,0.0,"decay-wtd trimmed median, hl=45.0d, 0 sold of 1",2026-09-15T23:53:11.785896+00:00
434.23.40.20.06.001,7533.0,40,1,0.0,0.0,0.0,"decay-wtd trimmed median, hl=45.0d, 0 sold of 1",2026-09-15T23:53:11.785896+00:00
434.23.42.22.02.001,9579.0,40,1,0.0,0.0,0.0,"decay-wtd trimmed median, hl=45.0d, 0 sold of 1",2026-09-15T23:53:11.785896+00:00
434.23.42.22.10.001,9579.0,40,1,0.0,0.0,0.0,"decay-wtd trimmed median, hl=45.0d, 0 sold of 1",2026-09-15T23:53:11.785896+00:00
434.25.28.60.55.001,10788.0,40,1,0.0,0.0,0.0,"decay-wtd trimmed median, hl=45.0d, 0 sold of 1",2026-09-15T23:53:11.785896+00:00
434.25.30.60.52.002,11346.0,40,1,0.0,0.0,0.0,"decay-wtd trimmed median, hl=45.0d, 0 sold of 1",2026-09-15T23:53:11.785896+00:00
434.25.34.20.58.001,13950.0,40,1,0.0,0.0,0.0,"decay-wtd trimmed median, hl=45.0d, 0 sold of 1",2026-09-15T23:53:11.785896+00:00
434.53.40.20.02.002,14322.0,40,1,0.0,0.0,0.0,"decay-wtd trimmed median, hl=45.0d, 0 sold of 1",2026-09-15T23:53:11.785896+00:00
434.53.41.20.02.001,15345.0,40,1,0.0,0.0,0.0,"decay-wtd trimmed median, hl=45.0d, 0 sold of 1",2026-09-15T23:53:11.785896+00:00
43450,4389.52,40,1,0.0,0.0,0.0,"decay-wtd trimmed median, hl=45.0d, 0 sold of 1",2026-09-15T23:53:11.785896+00:00
43451,3789.01,40,1,0.0,0.0,0.0,"decay-wtd trimmed median, hl=45.0d, 0 sold of 1",2026-09-15T23:53:11.785896+00:00
435.13.40.21.03.001,7440.0,40,1,0.0,0.0,0.0,"decay-wtd trimmed median, hl=45.0d, 0 sold of 1",2026-09-15T23:53:11.785896+00:00
435.13.40.21.03.002,8091.0,40,1,0.0,0.0,0.0,"decay-wtd trimmed median, hl=45.0d, 0 sold of 1",2026-09-15T23:53:11.785896+00:00
435.13.40.22.01.001,8742.0,40,1,0.0,0.0,0.0,"decay-wtd trimmed median, hl=45.0d, 0 sold of 1",2026-09-15T23:53:11.785896+00:00
435.13.40.22.06.001,8742.0,40,1,0.0,0.0,0.0,"decay-wtd trimmed median, hl=45.0d, 0 sold of 1",2026-09-15T23:53:11.785896+00:00
435.18.40.22.11.001,14787.0,40,1,0.0,0.0,0.0,"decay-wtd trimmed median, hl=45.0d, 0 sold of 1",2026-09-15T23:53:11.785896+00:00
435.53.40.21.09.001,17856.0,40,1,0.0,0.0,0.0,"decay-wtd trimmed median, hl=45.0d, 0 sold of 1",2026-09-15T23:53:11.785896+00:00
435.53.40.21.11.002,22134.0,40,1,0.0,0.0,0.0,"decay-wtd trimmed median, hl=45.0d, 0 sold of 1",2026-09-15T23:53:11.785896+00:00
435.53.40.22.03.001,21576.0,40,1,0.0,0.0,0.0,"decay-wtd trimmed median, hl=45.0d, 0 sold of 1",2026-09-15T23:53:11.785896+00:00
43804,3612.94,40,1,0.0,0.0,0.0,"decay-wtd trimmed median, hl=45.0d, 0 sold of 1",2026-09-15T23:53:11.785896+00:00
44304,10149.55,40,1,0.0,0.0,0.0,"decay-wtd trimmed median, hl=45.0d, 0 sold of 1",2026-09-15T23:53:11.785896+00:00
44475,1646.64,40,1,0.0,0.0,0.0,"decay-wtd trimmed median, hl=45.0d, 0 sold of 1",2026-09-15T23:53:11.785896+00:00
44489,6004.38,40,1,0.0,0.0,0.0,"decay-wtd trimmed median, hl=45.0d, 0 sold of 1",2026-09-15T23:53:11.785896+00:00
44490,4958.16,40,1,0.0,0.0,0.0,"decay-wtd trimmed median, hl=45.0d, 0 sold of 1",2026-09-15T23:53:11.785896+00:00
44750,7651.82,40,1,0.0,0.0,0.0,"decay-wtd trimmed median, hl=45.0d, 0 sold of 1",2026-09-15T23:53:11.785896+00:00
44831,2476.37,40,1,0.0,0.0,0.0,"decay-wtd trimmed median, hl=45.0d, 0 sold of 1",2026-09-15T23:53:11.785896+00:00
44843,10096.41,40,1,0.0,0.0,0.0,"decay-wtd trimmed median, hl=45.0d, 0 sold of 1",2026-09-15T23:53:11.785896+00:00
44945,3608.15,40,1,0.0,0.0,0.0,"decay-wtd trimmed median, hl=45.0d, 0 sold of 1",2026-09-15T23:53:11.785896+00:00
4500V110RB705,57660.0,40,1,0.0,0.0,0.0,"decay-wtd trimmed median, hl=45.0d, 0 sold of 1",2026-09-15T23:53:11.785896+00:00
45135,2513.57,40,1,0.0,0.0,0.0,"decay-wtd trimmed median, hl=45.0d, 0 sold of 1",2026-09-15T23:53:11.785896+00:00
45136,4322.61,40,1,0.0,0.0,0.0,"decay-wtd trimmed median, hl=45.0d, 0 sold of 1",2026-09-15T23:53:11.785896+00:00
45142,15889.0,40,1,0.0,0.0,0.0,"decay-wtd trimmed median, hl=45.0d, 0 sold of 1",2026-09-15T23:53:11.785896+00:00
4520V210RB967,61380.35,40,1,0.0,0.0,0.0,"decay-wtd trimmed median, hl=45.0d, 0 sold of 1",2026-09-15T23:53:11.785896+00:00
45438,6323.24,40,1,0.0,0.0,0.0,"decay-wtd trimmed median, hl=45.0d, 0 sold of 1",2026-09-15T23:53:11.785896+00:00
45731,3084.43,40,1,0.0,0.0,0.0,"decay-wtd trimmed median, hl=45.0d, 0 sold of 1",2026-09-15T23:53:11.785896+00:00
45732,1987.45,40,1,0.0,0.0,0.0,"decay-wtd trimmed median, hl=45.0d, 0 sold of 1",2026-09-15T23:53:11.785896+00:00
4600E000AB442,9040.83,40,1,0.0,0.0,0.0,"decay-wtd trimmed median, hl=45.0d, 0 sold of 1",2026-09-15T23:53:11.785896+00:00
4600E000RB441,14029.79,40,1,0.0,0.0,0.0,"decay-wtd trimmed median, hl=45.0d, 0 sold of 1",2026-09-15T23:53:11.785896+00:00
4600E000RH,17420.33,40,1,0.0,0.0,0.0,"decay-wtd trimmed median, hl=45.0d, 0 sold of 1",2026-09-15T23:53:11.785896+00:00
46245,1586.51,40,1,0.0,0.0,0.0,"decay-wtd trimmed median, hl=45.0d, 0 sold of 1",2026-09-15T23:53:11.785896+00:00
46343,3932.29,40,1,0.0,0.0,0.0,"decay-wtd trimmed median, hl=45.0d, 0 sold of 1",2026-09-15T23:53:11.785896+00:00
46518,2110.8,40,1,0.0,0.0,0.0,"decay-wtd trimmed median, hl=45.0d, 0 sold of 1",2026-09-15T23:53:11.785896+00:00
47040,24370.75,40,1,0.0,0.0,0.0,"decay-wtd trimmed median, hl=45.0d, 0 sold of 1",2026-09-15T23:53:11.785896+00:00
4968G010,21044.69,40,1,0.0,0.0,0.0,"decay-wtd trimmed median, hl=45.0d, 0 sold of 1",2026-09-15T23:53:11.785896+00:00
4997200G00,18998.68,40,1,0.0,0.0,0.0,"decay-wtd trimmed median, hl=45.0d, 0 sold of 1",2026-09-15T23:53:11.785896+00:00
5000H000AB582,31937.61,40,1,0.0,0.0,0.0,"decay-wtd trimmed median, hl=45.0d, 0 sold of 1",2026-09-15T23:53:11.785896+00:00
5000R,35340.0,40,1,0.0,0.0,0.0,"decay-wtd trimmed median, hl=45.0d, 0 sold of 1",2026-09-15T23:53:11.785896+00:00
5000T000PB975,125550.0,40,1,0.0,0.0,0.0,"decay-wtd trimmed median, hl=45.0d, 0 sold of 1",2026-09-15T23:53:11.785896+00:00
501370,467.66,40,1,0.0,0.0,0.0,"decay-wtd trimmed median, hl=45.0d, 0 sold of 1",2026-09-15T23:53:11.785896+00:00
5034G001,20225.27,40,1,0.0,0.0,0.0,"decay-wtd trimmed median, hl=45.0d, 0 sold of 1",2026-09-15T23:53:11.785896+00:00
50505,11648.3,40,1,0.0,0.0,1.0,"decay-wtd trimmed median, hl=45.0d, 0 sold of 1",2026-09-15T23:53:11.785896+00:00
50529,15624.0,40,1,0.0,0.0,0.0,"decay-wtd trimmed median, hl=45.0d, 0 sold of 1",2026-09-15T23:53:11.785896+00:00
50535,22479.56,40,1,0.0,0.0,0.0,"decay-wtd trimmed median, hl=45.0d, 0 sold of 1",2026-09-15T23:53:11.785896+00:00
5064A001,33978.59,40,1,0.0,0.0,0.0,"decay-wtd trimmed median, hl=45.0d, 0 sold of 1",2026-09-15T23:53:11.785896+00:00
5096J,29004.25,40,1,0.0,0.0,0.0,"decay-wtd trimmed median, hl=45.0d, 0 sold of 1",2026-09-15T23:53:11.785896+00:00
51000,548607.0,40,1,0.0,0.0,0.0,"decay-wtd trimmed median, hl=45.0d, 0 sold of 1",2026-09-15T23:53:11.785896+00:00
5100G001,30690.18,40,1,0.0,0.0,0.0,"decay-wtd trimmed median, hl=45.0d, 0 sold of 1",2026-09-15T23:53:11.785896+00:00
511.93.38.20.99.002,51429.0,40,1,0.0,0.0,0.0,"decay-wtd trimmed median, hl=45.0d, 0 sold of 1",2026-09-15T23:53:11.785896+00:00
5112,5477.56,40,1,0.0,0.0,0.0,"decay-wtd trimmed median, hl=45.0d, 0 sold of 1",2026-09-15T23:53:11.785896+00:00
51128GRR,5287.74,40,1,0.0,0.0,0.0,"decay-wtd trimmed median, hl=45.0d, 0 sold of 1",2026-09-15T23:53:11.785896+00:00
51148CH,5835.12,40,1,0.0,0.0,0.0,"decay-wtd trimmed median, hl=45.0d, 0 sold of 1",2026-09-15T23:53:11.785896+00:00
5115,6270.89,40,1,0.0,0.0,0.0,"decay-wtd trimmed median, hl=45.0d, 0 sold of 1",2026-09-15T23:53:11.785896+00:00
51169SV,5781.98,40,1,0.0,0.0,0.0,"decay-wtd trimmed median, hl=45.0d, 0 sold of 1",2026-09-15T23:53:11.785896+00:00
5157BB119V,10523.67,40,1,0.0,0.0,0.0,"decay-wtd trimmed median, hl=45.0d, 0 sold of 1",2026-09-15T23:53:11.785896+00:00
51671A001,65472.37,40,1,0.0,0.0,0.0,"decay-wtd trimmed median, hl=45.0d, 0 sold of 1",2026-09-15T23:53:11.785896+00:00
5168G001,184800.0,40,1,0.0,0.0,0.0,"decay-wtd trimmed median, hl=45.0d, 0 sold of 1",2026-09-15T23:53:11.785896+00:00
5168G010,86517.06,40,1,0.0,0.0,1.0,"decay-wtd trimmed median, hl=45.0d, 0 sold of 1",2026-09-15T23:53:11.785896+00:00
5196R001,24480.0,40,1,0.0,0.0,0.0,"decay-wtd trimmed median, hl=45.0d, 0 sold of 1",2026-09-15T23:53:11.785896+00:00
5204G001,169526.69,40,1,0.0,0.0,0.0,"decay-wtd trimmed median, hl=45.0d, 0 sold of 1",2026-09-15T23:53:11.785896+00:00
5204P010,200509.14,40,1,0.0,0.0,0.0,"decay-wtd trimmed median, hl=45.0d, 0 sold of 1",2026-09-15T23:53:11.785896+00:00
5204R001,157835.19,40,1,0.0,0.0,0.0,"decay-wtd trimmed median, hl=45.0d, 0 sold of 1",2026-09-15T23:53:11.785896+00:00
5205G013,40803.32,40,1,0.0,0.0,0.0,"decay-wtd trimmed median, hl=45.0d, 0 sold of 1",2026-09-15T23:53:11.785896+00:00
522.30.38.50.04.002,6324.0,40,1,0.0,0.0,0.0,"decay-wtd trimmed median, hl=45.0d, 0 sold of 1",2026-09-15T23:53:11.785896+00:00
522.53.41.21.03.001,13269.84,40,1,0.0,0.0,0.0,"decay-wtd trimmed median, hl=45.0d, 0 sold of 1",2026-09-15T23:53:11.785896+00:00
522.62.43.51.02.001,36270.0,40,1,0.0,0.0,0.0,"decay-wtd trimmed median, hl=45.0d, 0 sold of 1",2026-09-15T23:53:11.785896+00:00
522.92.44.20.04.002,9765.0,40,1,0.0,0.0,0.0,"decay-wtd trimmed median, hl=45.0d, 0 sold of 1",2026-09-15T23:53:11.785896+00:00
5230R001,33780.06,40,1,0.0,0.0,0.0,"decay-wtd trimmed median, hl=45.0d, 0 sold of 1",2026-09-15T23:53:11.785896+00:00
5241,17537.24,40,1,0.0,0.0,0.0,"decay-wtd trimmed median, hl=45.0d, 0 sold of 1",2026-09-15T23:53:11.785896+00:00
5327G001,68979.82,40,1,0.0,0.0,0.0,"decay-wtd trimmed median, hl=45.0d, 0 sold of 1",2026-09-15T23:53:11.785896+00:00
5460BA12A,35647.72,40,1,0.0,0.0,0.0,"decay-wtd trimmed median, hl=45.0d, 0 sold of 1",2026-09-15T23:53:11.785896+00:00
55003,1578.35,40,1,0.0,0.0,0.0,"decay-wtd trimmed median, hl=45.0d, 0 sold of 1",2026-09-15T23:53:11.785896+00:00
5500V110AB686,36735.0,40,1,0.0,0.0,0.0,"decay-wtd trimmed median, hl=45.0d, 0 sold of 1",2026-09-15T23:53:11.785896+00:00
5520V210AB148,31290.48,40,1,0.0,0.0,0.0,"decay-wtd trimmed median, hl=45.0d, 0 sold of 1",2026-09-15T23:53:11.785896+00:00
557051,1870.64,40,1,0.0,0.0,0.0,"decay-wtd trimmed median, hl=45.0d, 0 sold of 1",2026-09-15T23:53:11.785896+00:00
56303SA,19065.0,40,1,0.0,0.0,0.0,"decay-wtd trimmed median, hl=45.0d, 0 sold of 1",2026-09-15T23:53:11.785896+00:00
5700,5192.83,40,1,0.0,0.0,0.0,"decay-wtd trimmed median, hl=45.0d, 0 sold of 1",2026-09-15T23:53:11.785896+00:00
57003,2338.3,40,1,0.0,0.0,0.0,"decay-wtd trimmed median, hl=45.0d, 0 sold of 1",2026-09-15T23:53:11.785896+00:00
5712G001,67365.83,40,1,0.0,0.0,0.0,"decay-wtd trimmed median, hl=45.0d, 0 sold of 1",2026-09-15T23:53:11.785896+00:00
5712GR001,84805.98,40,1,0.0,0.0,0.0,"decay-wtd trimmed median, hl=45.0d, 0 sold of 1",2026-09-15T23:53:11.785896+00:00
57261A014,118960.3,40,1,0.0,0.0,0.0,"decay-wtd trimmed median, hl=45.0d, 0 sold of 1",2026-09-15T23:53:11.785896+00:00
5738P001,41387.89,40,1,0.0,0.0,0.0,"decay-wtd trimmed median, hl=45.0d, 0 sold of 1",2026-09-15T23:53:11.785896+00:00
58101G001,324384.0,40,1,0.0,0.0,0.0,"decay-wtd trimmed median, hl=45.0d, 0 sold of 1",2026-09-15T23:53:11.785896+00:00
5827BB125Z,16226.18,40,1,0.0,0.0,0.0,"decay-wtd trimmed median, hl=45.0d, 0 sold of 1",2026-09-15T23:53:11.785896+00:00
59801AR001,100175.35,40,1,0.0,0.0,0.0,"decay-wtd trimmed median, hl=45.0d, 0 sold of 1",2026-09-15T23:53:11.785896+00:00
6239,77887.5,40,1,0.0,0.0,1.0,"decay-wtd trimmed median, hl=45.0d, 0 sold of 1",2026-09-15T23:53:11.785896+00:00
6246,63937.5,40,1,0.0,0.0,0.0,"decay-wtd trimmed median, hl=45.0d, 0 sold of 1",2026-09-15T23:53:11.785896+00:00
6305,16438.02,40,1,0.0,0.0,0.0,"decay-wtd trimmed median, hl=45.0d, 0 sold of 1",2026-09-15T23:53:11.785896+00:00
631881,280.6,40,1,0.0,0.0,0.0,"decay-wtd trimmed median, hl=45.0d, 0 sold of 1",2026-09-15T23:53:11.785896+00:00
6422,6802.33,40,1,0.0,0.0,0.0,"decay-wtd trimmed median, hl=45.0d, 0 sold of 1",2026-09-15T23:53:11.785896+00:00
6426,3165.23,40,1,0.0,0.0,0.0,"decay-wtd trimmed median, hl=45.0d, 0 sold of 1",2026-09-15T23:53:11.785896+00:00
64262,10522.35,40,1,0.0,0.0,0.0,"decay-wtd trimmed median, hl=45.0d, 0 sold of 1",2026-09-15T23:53:11.785896+00:00
6564,8414.07,40,1,0.0,0.0,0.0,"decay-wtd trimmed median, hl=45.0d, 0 sold of 1",2026-09-15T23:53:11.785896+00:00
6605,41899.81,40,1,0.0,0.0,0.0,"decay-wtd trimmed median, hl=45.0d, 0 sold of 1",2026-09-15T23:53:11.785896+00:00
6622,10522.35,40,1,0.0,0.0,0.0,"decay-wtd trimmed median, hl=45.0d, 0 sold of 1",2026-09-15T23:53:11.785896+00:00
6634,8417.25,40,1,0.0,0.0,0.0,"decay-wtd trimmed median, hl=45.0d, 0 sold of 1",2026-09-15T23:53:11.785896+00:00
66819,7333.76,40,1,0.0,0.0,0.0,"decay-wtd trimmed median, hl=45.0d, 0 sold of 1",2026-09-15T23:53:11.785896+00:00
67193,4212.23,40,1,0.0,0.0,0.0,"decay-wtd trimmed median, hl=45.0d, 0 sold of 1",2026-09-15T23:53:11.785896+00:00
68240,5443.63,40,1,0.0,0.0,0.0,"decay-wtd trimmed median, hl=45.0d, 0 sold of 1",2026-09-15T23:53:11.785896+00:00
68273GCHHC,6914.93,40,1,0.0,0.0,0.0,"decay-wtd trimmed median, hl=45.0d, 0 sold of 1",2026-09-15T23:53:11.785896+00:00
689203,175.37,40,1,0.0,0.0,0.0,"decay-wtd trimmed median, hl=45.0d, 0 sold of 1",2026-09-15T23:53:11.785896+00:00
690002,1477.38,40,1,0.0,0.0,1.0,"decay-wtd trimmed median, hl=45.0d, 0 sold of 1",2026-09-15T23:53:11.785896+00:00
69163,5531.21,40,1,0.0,0.0,0.0,"decay-wtd trimmed median, hl=45.0d, 0 sold of 1",2026-09-15T23:53:11.785896+00:00
69166,10206.68,40,1,0.0,0.0,0.0,"decay-wtd trimmed median, hl=45.0d, 0 sold of 1",2026-09-15T23:53:11.785896+00:00
69173CHHT,5188.79,40,1,0.0,0.0,0.0,"decay-wtd trimmed median, hl=45.0d, 0 sold of 1",2026-09-15T23:53:11.785896+00:00
69173GSVHC,5890.91,40,1,0.0,0.0,0.0,"decay-wtd trimmed median, hl=45.0d, 0 sold of 1",2026-09-15T23:53:11.785896+00:00
69174GPK,5516.26,40,1,0.0,0.0,0.0,"decay-wtd trimmed median, hl=45.0d, 0 sold of 1",2026-09-15T23:53:11.785896+00:00
69174GSV,5208.03,40,1,0.0,0.0,0.0,"decay-wtd trimmed median, hl=45.0d, 0 sold of 1",2026-09-15T23:53:11.785896+00:00
69174NA,4506.54,40,1,0.0,0.0,0.0,"decay-wtd trimmed median, hl=45.0d, 0 sold of 1",2026-09-15T23:53:11.785896+00:00
69174SVB,4636.41,40,1,0.0,0.0,0.0,"decay-wtd trimmed median, hl=45.0d, 0 sold of 1",2026-09-15T23:53:11.785896+00:00
69178,9060.91,40,1,0.0,0.0,0.0,"decay-wtd trimmed median, hl=45.0d, 0 sold of 1",2026-09-15T23:53:11.785896+00:00
69178G,12068.09,40,1,0.0,0.0,0.0,"decay-wtd trimmed median, hl=45.0d, 0 sold of 1",2026-09-15T23:53:11.785896+00:00
69198GDIAR,17430.95,40,1,0.0,0.0,0.0,"decay-wtd trimmed median, hl=45.0d, 0 sold of 1",2026-09-15T23:53:11.785896+00:00
693830,116.92,40,1,0.0,0.0,0.0,"decay-wtd trimmed median, hl=45.0d, 0 sold of 1",2026-09-15T23:53:11.785896+00:00
7200200R00,20460.12,40,1,0.0,0.0,0.0,"decay-wtd trimmed median, hl=45.0d, 0 sold of 1",2026-09-15T23:53:11.785896+00:00
7200R001,31567.04,40,1,0.0,0.0,0.0,"decay-wtd trimmed median, hl=45.0d, 0 sold of 1",2026-09-15T23:53:11.785896+00:00
720366,329.55,40,1,0.0,0.0,0.0,"decay-wtd trimmed median, hl=45.0d, 0 sold of 1",2026-09-15T23:53:11.785896+00:00
739230,302.81,40,1,0.0,0.0,0.0,"decay-wtd trimmed median, hl=45.0d, 0 sold of 1",2026-09-15T23:53:11.785896+00:00
752545,361.44,40,1,0.0,0.0,0.0,"decay-wtd trimmed median, hl=45.0d, 0 sold of 1",2026-09-15T23:53:11.785896+00:00
76080BKBB,2954.76,40,1,0.0,0.0,0.0,"decay-wtd trimmed median, hl=45.0d, 0 sold of 1",2026-09-15T23:53:11.785896+00:00
761549,514.43,40,1,0.0,0.0,0.0,"decay-wtd trimmed median, hl=45.0d, 0 sold of 1",2026-09-15T23:53:11.785896+00:00
76183,3390.54,40,1,0.0,0.0,0.0,"decay-wtd trimmed median, hl=45.0d, 0 sold of 1",2026-09-15T23:53:11.785896+00:00
77080BL,3709.39,40,1,0.0,0.0,0.0,"decay-wtd trimmed median, hl=45.0d, 0 sold of 1",2026-09-15T23:53:11.785896+00:00
77451ST,46789.51,40,1,0.0,0.0,0.0,"decay-wtd trimmed median, hl=45.0d, 0 sold of 1",2026-09-15T23:53:11.785896+00:00
77483,6270.89,40,1,0.0,0.0,1.0,"decay-wtd trimmed median, hl=45.0d, 0 sold of 1",2026-09-15T23:53:11.785896+00:00
78094,12568.35,40,1,0.0,0.0,0.0,"decay-wtd trimmed median, hl=45.0d, 0 sold of 1",2026-09-15T23:53:11.785896+00:00
78266,37120.49,40,1,0.0,0.0,0.0,"decay-wtd trimmed median, hl=45.0d, 0 sold of 1",2026-09-15T23:53:11.785896+00:00
78274GBK,7800.0,40,1,0.0,0.0,0.0,"decay-wtd trimmed median, hl=45.0d, 0 sold of 1",2026-09-15T23:53:11.785896+00:00
79010SG,650907.0,40,1,0.0,0.0,0.0,"decay-wtd trimmed median, hl=45.0d, 0 sold of 1",2026-09-15T23:53:11.785896+00:00
79030B,4905.98,40,1,0.0,0.0,0.0,"decay-wtd trimmed median, hl=45.0d, 0 sold of 1",2026-09-15T23:53:11.785896+00:00
79173GBK,6796.34,40,1,0.0,0.0,0.0,"decay-wtd trimmed median, hl=45.0d, 0 sold of 1",2026-09-15T23:53:11.785896+00:00
79173GHT,6153.98,40,1,0.0,0.0,0.0,"decay-wtd trimmed median, hl=45.0d, 0 sold of 1",2026-09-15T23:53:11.785896+00:00
79173NGWHS,8661.82,40,1,0.0,0.0,0.0,"decay-wtd trimmed median, hl=45.0d, 0 sold of 1",2026-09-15T23:53:11.785896+00:00
79173NRBKS,7266.27,40,1,0.0,0.0,0.0,"decay-wtd trimmed median, hl=45.0d, 0 sold of 1",2026-09-15T23:53:11.785896+00:00
79174BKB,4479.97,40,1,0.0,0.0,0.0,"decay-wtd trimmed median, hl=45.0d, 0 sold of 1",2026-09-15T23:53:11.785896+00:00
79174NR,4968.89,40,1,0.0,0.0,0.0,"decay-wtd trimmed median, hl=45.0d, 0 sold of 1",2026-09-15T23:53:11.785896+00:00
7920V210RB,73200.0,40,1,0.0,0.0,0.0,"decay-wtd trimmed median, hl=45.0d, 0 sold of 1",2026-09-15T23:53:11.785896+00:00
79230G,3627.0,40,1,0.0,0.0,0.0,"decay-wtd trimmed median, hl=45.0d, 0 sold of 1",2026-09-15T23:53:11.785896+00:00
79250BA,3134.65,40,1,0.0,0.0,0.0,"decay-wtd trimmed median, hl=45.0d, 0 sold of 1",2026-09-15T23:53:11.785896+00:00
7930V210TH072,71517.0,40,1,0.0,0.0,0.0,"decay-wtd trimmed median, hl=45.0d, 0 sold of 1",2026-09-15T23:53:11.785896+00:00
7930V210TH074,57660.0,40,1,0.0,0.0,0.0,"decay-wtd trimmed median, hl=45.0d, 0 sold of 1",2026-09-15T23:53:11.785896+00:00
7930V210TH075,59520.0,40,1,0.0,0.0,0.0,"decay-wtd trimmed median, hl=45.0d, 0 sold of 1",2026-09-15T23:53:11.785896+00:00
7934,9718.5,40,1,0.0,0.0,0.0,"decay-wtd trimmed median, hl=45.0d, 0 sold of 1",2026-09-15T23:53:11.785896+00:00
79350,2805.96,40,1,0.0,0.0,0.0,"decay-wtd trimmed median, hl=45.0d, 0 sold of 1",2026-09-15T23:53:11.785896+00:00
79500,439797.0,40,1,0.0,0.0,0.0,"decay-wtd trimmed median, hl=45.0d, 0 sold of 1",2026-09-15T23:53:11.785896+00:00
79540,2338.3,40,1,0.0,0.0,0.0,"decay-wtd trimmed median, hl=45.0d, 0 sold of 1",2026-09-15T23:53:11.785896+00:00
80319NG,16941.06,40,1,0.0,0.0,0.0,"decay-wtd trimmed median, hl=45.0d, 0 sold of 1",2026-09-15T23:53:11.785896+00:00
81040,5175.02,40,1,0.0,0.0,0.0,"decay-wtd trimmed median, hl=45.0d, 0 sold of 1",2026-09-15T23:53:11.785896+00:00
815851,233.83,40,1,0.0,0.0,0.0,"decay-wtd trimmed median, hl=45.0d, 0 sold of 1",2026-09-15T23:53:11.785896+00:00
81913,3797.15,40,1,0.0,0.0,0.0,"decay-wtd trimmed median, hl=45.0d, 0 sold of 1",2026-09-15T23:53:11.785896+00:00
83570,13679.05,40,1,0.0,0.0,0.0,"decay-wtd trimmed median, hl=45.0d, 0 sold of 1",2026-09-15T23:53:11.785896+00:00
85180,10113.15,40,1,0.0,0.0,0.0,"decay-wtd trimmed median, hl=45.0d, 0 sold of 1",2026-09-15T23:53:11.785896+00:00
86050,14880.0,40,1,0.0,0.0,0.0,"decay-wtd trimmed median, hl=45.0d, 0 sold of 1",2026-09-15T23:53:11.785896+00:00
86122000P93,31567.04,40,1,0.0,0.0,0.0,"decay-wtd trimmed median, hl=45.0d, 0 sold of 1",2026-09-15T23:53:11.785896+00:00
86285,66854.1,40,1,0.0,0.0,0.0,"decay-wtd trimmed median, hl=45.0d, 0 sold of 1",2026-09-15T23:53:11.785896+00:00
86349SAFUBL,63289.22,40,1,0.0,0.0,0.0,"decay-wtd trimmed median, hl=45.0d, 0 sold of 1",2026-09-15T23:53:11.785896+00:00
87172,10405.44,40,1,0.0,0.0,0.0,"decay-wtd trimmed median, hl=45.0d, 0 sold of 1",2026-09-15T23:53:11.785896+00:00
881003,2455.22,40,1,0.0,0.0,0.0,"decay-wtd trimmed median, hl=45.0d, 0 sold of 1",2026-09-15T23:53:11.785896+00:00
88928BB,53475.0,40,1,0.0,0.0,0.0,"decay-wtd trimmed median, hl=45.0d, 0 sold of 1",2026-09-15T23:53:11.785896+00:00
90500,11113.5,40,1,0.0,0.0,0.0,"decay-wtd trimmed median, hl=45.0d, 0 sold of 1",2026-09-15T23:53:11.785896+00:00
91003,21629.27,40,1,0.0,0.0,0.0,"decay-wtd trimmed median, hl=45.0d, 0 sold of 1",2026-09-15T23:53:11.785896+00:00
91550,1285.96,40,1,0.0,0.0,0.0,"decay-wtd trimmed median, hl=45.0d, 0 sold of 1",2026-09-15T23:53:11.785896+00:00
92084,5115.0,40,1,0.0,0.0,0.0,"decay-wtd trimmed median, hl=45.0d, 0 sold of 1",2026-09-15T23:53:11.785896+00:00
92413,502107.0,40,1,0.0,0.0,0.0,"decay-wtd trimmed median, hl=45.0d, 0 sold of 1",2026-09-15T23:53:11.785896+00:00
9919,7393.5,40,1,0.0,0.0,0.0,"decay-wtd trimmed median, hl=45.0d, 0 sold of 1",2026-09-15T23:53:11.785896+00:00
A10310121Q1P1,465.0,40,1,0.0,0.0,0.0,"decay-wtd trimmed median, hl=45.0d, 0 sold of 1",2026-09-15T23:53:11.785896+00:00
A10320101A1A1,5079.0,40,1,0.0,0.0,0.0,"decay-wtd trimmed median, hl=45.0d, 0 sold of 1",2026-09-15T23:53:11.785896+00:00
A10320101C1A1,4211.07,40,1,0.0,0.0,0.0,"decay-wtd trimmed median, hl=45.0d, 0 sold of 1",2026-09-15T23:53:11.785896+00:00
A103703A1Q1W1,3533.07,40,1,0.0,0.0,0.0,"decay-wtd trimmed median, hl=45.0d, 0 sold of 1",2026-09-15T23:53:11.785896+00:00
A10380611A1P1,465.0,40,1,0.0,0.0,0.0,"decay-wtd trimmed median, hl=45.0d, 0 sold of 1",2026-09-15T23:53:11.785896+00:00
A13313161C1A1,5058.9,40,1,0.0,0.0,0.0,"decay-wtd trimmed median, hl=45.0d, 0 sold of 1",2026-09-15T23:53:11.785896+00:00
A1331535B1A1,3215.16,40,1,0.0,0.0,0.0,"decay-wtd trimmed median, hl=45.0d, 0 sold of 1",2026-09-15T23:53:11.785896+00:00
A13330,2918.47,40,1,0.0,0.0,0.0,"decay-wtd trimmed median, hl=45.0d, 0 sold of 1",2026-09-15T23:53:11.785896+00:00
A13340,2226.84,40,1,0.0,0.0,0.0,"decay-wtd trimmed median, hl=45.0d, 0 sold of 1",2026-09-15T23:53:11.785896+00:00
A15285,1640.84,40,1,0.0,0.0,0.0,"decay-wtd trimmed median, hl=45.0d, 0 sold of 1",2026-09-15T23:53:11.785896+00:00
A17326,3047.26,40,1,0.0,0.0,0.0,"decay-wtd trimmed median, hl=45.0d, 0 sold of 1",2026-09-15T23:53:11.785896+00:00
A17327211G1P1,465.0,40,1,0.0,0.0,0.0,"decay-wtd trimmed median, hl=45.0d, 0 sold of 1",2026-09-15T23:53:11.785896+00:00
A17327361L1P1,465.0,40,1,0.0,0.0,0.0,"decay-wtd trimmed median, hl=45.0d, 0 sold of 1",2026-09-15T23:53:11.785896+00:00
A17327381B1P1,5301.0,40,1,0.0,0.0,0.0,"decay-wtd trimmed median, hl=45.0d, 0 sold of 1",2026-09-15T23:53:11.785896+00:00
A17328101L1X1,4557.0,40,1,0.0,0.0,0.0,"decay-wtd trimmed median, hl=45.0d, 0 sold of 1",2026-09-15T23:53:11.785896+00:00
A17329,3390.54,40,1,0.0,0.0,0.0,"decay-wtd trimmed median, hl=45.0d, 0 sold of 1",2026-09-15T23:53:11.785896+00:00
A17329161C1A1,465.0,40,1,0.0,0.0,0.0,"decay-wtd trimmed median, hl=45.0d, 0 sold of 1",2026-09-15T23:53:11.785896+00:00
A17356531C1A1,11160.0,40,1,0.0,0.0,0.0,"decay-wtd trimmed median, hl=45.0d, 0 sold of 1",2026-09-15T23:53:11.785896+00:00
A17375211B2S2,5301.0,40,1,0.0,0.0,0.0,"decay-wtd trimmed median, hl=45.0d, 0 sold of 1",2026-09-15T23:53:11.785896+00:00
A17375E71G1A1,465.0,40,1,0.0,0.0,0.0,"decay-wtd trimmed median, hl=45.0d, 0 sold of 1",2026-09-15T23:53:11.785896+00:00
A17375E71G1S1,5301.0,40,1,0.0,0.0,0.0,"decay-wtd trimmed median, hl=45.0d, 0 sold of 1",2026-09-15T23:53:11.785896+00:00
A17376211B1S1,465.0,40,1,0.0,0.0,0.0,"decay-wtd trimmed median, hl=45.0d, 0 sold of 1",2026-09-15T23:53:11.785896+00:00
A17376211L2S2,465.0,40,1,0.0,0.0,0.0,"decay-wtd trimmed median, hl=45.0d, 0 sold of 1",2026-09-15T23:53:11.785896+00:00
A17376A31L1S1,5301.0,40,1,0.0,0.0,0.0,"decay-wtd trimmed median, hl=45.0d, 0 sold of 1",2026-09-15T23:53:11.785896+00:00
A17377,2158.17,40,1,0.0,0.0,0.0,"decay-wtd trimmed median, hl=45.0d, 0 sold of 1",2026-09-15T23:53:11.785896+00:00
A17377211C1S1,465.0,40,1,0.0,0.0,0.0,"decay-wtd trimmed median, hl=45.0d, 0 sold of 1",2026-09-15T23:53:11.785896+00:00
A17377211O1S1,465.0,40,1,0.0,0.0,0.0,"decay-wtd trimmed median, hl=45.0d, 0 sold of 1",2026-09-15T23:53:11.785896+00:00
A17378E71C1S1,5301.0,40,1,0.0,0.0,0.0,"decay-wtd trimmed median, hl=45.0d, 0 sold of 1",2026-09-15T23:53:11.785896+00:00
A20457,227.98,40,1,0.0,0.0,0.0,"decay-wtd trimmed median, hl=45.0d, 0 sold of 1",2026-09-15T23:53:11.785896+00:00
A22322,7424.1,40,1,0.0,0.0,0.0,"decay-wtd trimmed median, hl=45.0d, 0 sold of 1",2026-09-15T23:53:11.785896+00:00
A23310121G1X1,3952.5,40,1,0.0,0.0,0.0,"decay-wtd trimmed median, hl=45.0d, 0 sold of 1",2026-09-15T23:53:11.785896+00:00
A233801A1C1X1,465.0,40,1,0.0,0.0,0.0,"decay-wtd trimmed median, hl=45.0d, 0 sold of 1",2026-09-15T23:53:11.785896+00:00
A233802A1L1A1,5905.5,40,1,0.0,0.0,0.0,"decay-wtd trimmed median, hl=45.0d, 0 sold of 1",2026-09-15T23:53:11.785896+00:00
A233802A1L1X1,465.0,40,1,0.0,0.0,0.0,"decay-wtd trimmed median, hl=45.0d, 0 sold of 1",2026-09-15T23:53:11.785896+00:00
A24315101B1X1,5012.05,40,1,0.0,0.0,0.0,"decay-wtd trimmed median, hl=45.0d, 0 sold of 1",2026-09-15T23:53:11.785896+00:00
A24315101B1X2,465.0,40,1,0.0,0.0,0.0,"decay-wtd trimmed median, hl=45.0d, 0 sold of 1",2026-09-15T23:53:11.785896+00:00
A24315101C1A1,4858.12,40,1,0.0,0.0,0.0,"decay-wtd trimmed median, hl=45.0d, 0 sold of 1",2026-09-15T23:53:11.785896+00:00
A32310251B1A1,465.0,40,1,0.0,0.0,0.0,"decay-wtd trimmed median, hl=45.0d, 0 sold of 1",2026-09-15T23:53:11.785896+00:00
A32310251B1P1,5998.5,40,1,0.0,0.0,0.0,"decay-wtd trimmed median, hl=45.0d, 0 sold of 1",2026-09-15T23:53:11.785896+00:00
A32320101B1A1,5440.5,40,1,0.0,0.0,0.0,"decay-wtd trimmed median, hl=45.0d, 0 sold of 1",2026-09-15T23:53:11.785896+00:00
A32398,4278.0,40,1,0.0,0.0,0.0,"decay-wtd trimmed median, hl=45.0d, 0 sold of 1",2026-09-15T23:53:11.785896+00:00
A32398101B1A1,6231.0,40,1,0.0,0.0,0.0,"decay-wtd trimmed median, hl=45.0d, 0 sold of 1",2026-09-15T23:53:11.785896+00:00
A32398101C1A1,6231.0,40,1,0.0,0.0,0.0,"decay-wtd trimmed median, hl=45.0d, 0 sold of 1",2026-09-15T23:53:11.785896+00:00
A32398A11L1A1,6231.0,40,1,0.0,0.0,0.0,"decay-wtd trimmed median, hl=45.0d, 0 sold of 1",2026-09-15T23:53:11.785896+00:00
A32398B61K1A1,6417.0,40,1,0.0,0.0,0.0,"decay-wtd trimmed median, hl=45.0d, 0 sold of 1",2026-09-15T23:53:11.785896+00:00
A35340,3098.25,40,1,0.0,0.0,0.0,"decay-wtd trimmed median, hl=45.0d, 0 sold of 1",2026-09-15T23:53:11.785896+00:00
A36030,2730.48,40,1,0.0,0.0,0.0,"decay-wtd trimmed median, hl=45.0d, 0 sold of 1",2026-09-15T23:53:11.785896+00:00
A39022,3390.54,40,1,0.0,0.0,0.0,"decay-wtd trimmed median, hl=45.0d, 0 sold of 1",2026-09-15T23:53:11.785896+00:00
A41315,3969.26,40,1,0.0,0.0,0.0,"decay-wtd trimmed median, hl=45.0d, 0 sold of 1",2026-09-15T23:53:11.785896+00:00
A72310,2630.59,40,1,0.0,0.0,0.0,"decay-wtd trimmed median, hl=45.0d, 0 sold of 1",2026-09-15T23:53:11.785896+00:00
A77320D91K1A1,4836.0,40,1,0.0,0.0,0.0,"decay-wtd trimmed median, hl=45.0d, 0 sold of 1",2026-09-15T23:53:11.785896+00:00
AB0118221C1P1,7328.4,40,1,0.0,0.0,0.0,"decay-wtd trimmed median, hl=45.0d, 0 sold of 1",2026-09-15T23:53:11.785896+00:00
AB0134101C1A1,8974.5,40,1,0.0,0.0,0.0,"decay-wtd trimmed median, hl=45.0d, 0 sold of 1",2026-09-15T23:53:11.785896+00:00
AB0134101C1S1,465.0,40,1,0.0,0.0,0.0,"decay-wtd trimmed median, hl=45.0d, 0 sold of 1",2026-09-15T23:53:11.785896+00:00
AB0134101G1A1,8974.5,40,1,0.0,0.0,0.0,"decay-wtd trimmed median, hl=45.0d, 0 sold of 1",2026-09-15T23:53:11.785896+00:00
AB0134101G1S2,8649.0,40,1,0.0,0.0,0.0,"decay-wtd trimmed median, hl=45.0d, 0 sold of 1",2026-09-15T23:53:11.785896+00:00
AB0134101K1S1,8649.0,40,1,0.0,0.0,0.0,"decay-wtd trimmed median, hl=45.0d, 0 sold of 1",2026-09-15T23:53:11.785896+00:00
AB0134101L2S1,465.0,40,1,0.0,0.0,0.0,"decay-wtd trimmed median, hl=45.0d, 0 sold of 1",2026-09-15T23:53:11.785896+00:00
AB01342B1B1A1,8928.0,40,1,0.0,0.0,0.0,"decay-wtd trimmed median, hl=45.0d, 0 sold of 1",2026-09-15T23:53:11.785896+00:00
AB01342B1B1S1,8556.0,40,1,0.0,0.0,0.0,"decay-wtd trimmed median, hl=45.0d, 0 sold of 1",2026-09-15T23:53:11.785896+00:00
AB01342B1C1S1,8556.0,40,1,0.0,0.0,0.0,"decay-wtd trimmed median, hl=45.0d, 0 sold of 1",2026-09-15T23:53:11.785896+00:00
AB01342B1C4S1,8556.0,40,1,0.0,0.0,0.0,"decay-wtd trimmed median, hl=45.0d, 0 sold of 1",2026-09-15T23:53:11.785896+00:00
AB01342B1C7S1,8556.0,40,1,0.0,0.0,0.0,"decay-wtd trimmed median, hl=45.0d, 0 sold of 1",2026-09-15T23:53:11.785896+00:00
AB01342B1CCA1,8928.0,40,1,0.0,0.0,0.0,"decay-wtd trimmed median, hl=45.0d, 0 sold of 1",2026-09-15T23:53:11.785896+00:00
AB01342B1K1A1,8928.0,40,1,0.0,0.0,0.0,"decay-wtd trimmed median, hl=45.0d, 0 sold of 1",2026-09-15T23:53:11.785896+00:00
AB01342B1K1S1,8556.0,40,1,0.0,0.0,0.0,"decay-wtd trimmed median, hl=45.0d, 0 sold of 1",2026-09-15T23:53:11.785896+00:00
AB01342B1K5A1,8928.0,40,1,0.0,0.0,0.0,"decay-wtd trimmed median, hl=45.0d, 0 sold of 1",2026-09-15T23:53:11.785896+00:00
AB01342B1K5S1,8556.0,40,1,0.0,0.0,0.0,"decay-wtd trimmed median, hl=45.0d, 0 sold of 1",2026-09-15T23:53:11.785896+00:00
AB01342B1L1A1,8928.0,40,1,0.0,0.0,0.0,"decay-wtd trimmed median, hl=45.0d, 0 sold of 1",2026-09-15T23:53:11.785896+00:00
AB01342B1L2A1,8928.0,40,1,0.0,0.0,0.0,"decay-wtd trimmed median, hl=45.0d, 0 sold of 1",2026-09-15T23:53:11.785896+00:00
AB01342B1L3S1,8556.0,40,1,0.0,0.0,0.0,"decay-wtd trimmed median, hl=45.0d, 0 sold of 1",2026-09-15T23:53:11.785896+00:00
AB01342B1L4S1,8556.0,40,1,0.0,0.0,0.0,"decay-wtd trimmed median, hl=45.0d, 0 sold of 1",2026-09-15T23:53:11.785896+00:00
AB01342B1L5S1,8556.0,40,1,0.0,0.0,0.0,"decay-wtd trimmed median, hl=45.0d, 0 sold of 1",2026-09-15T23:53:11.785896+00:00
AB0136161C1A1,465.0,40,1,0.0,0.0,0.0,"decay-wtd trimmed median, hl=45.0d, 0 sold of 1",2026-09-15T23:53:11.785896+00:00
AB0136161C1S1,9904.5,40,1,0.0,0.0,0.0,"decay-wtd trimmed median, hl=45.0d, 0 sold of 1",2026-09-15T23:53:11.785896+00:00
AB01361C1K1A1,930.0,40,1,0.0,0.0,0.0,"decay-wtd trimmed median, hl=45.0d, 0 sold of 1",2026-09-15T23:53:11.785896+00:00
AB0136251B1A1,10276.5,40,1,0.0,0.0,0.0,"decay-wtd trimmed median, hl=45.0d, 0 sold of 1",2026-09-15T23:53:11.785896+00:00
AB0136251B1A2,6230.07,40,1,0.0,0.0,0.0,"decay-wtd trimmed median, hl=45.0d, 0 sold of 1",2026-09-15T23:53:11.785896+00:00
AB0137211B1A1,9951.0,40,1,0.0,0.0,0.0,"decay-wtd trimmed median, hl=45.0d, 0 sold of 1",2026-09-15T23:53:11.785896+00:00
AB0137211B1P1,9579.0,40,1,0.0,0.0,0.0,"decay-wtd trimmed median, hl=45.0d, 0 sold of 1",2026-09-15T23:53:11.785896+00:00
AB0137211C1P1,465.0,40,1,0.0,0.0,0.0,"decay-wtd trimmed median, hl=45.0d, 0 sold of 1",2026-09-15T23:53:11.785896+00:00
AB01381G1B1P1,5647.66,40,1,0.0,0.0,0.0,"decay-wtd trimmed median, hl=45.0d, 0 sold of 1",2026-09-15T23:53:11.785896+00:00
AB0138211B1A1,5723.86,40,1,0.0,0.0,0.0,"decay-wtd trimmed median, hl=45.0d, 0 sold of 1",2026-09-15T23:53:11.785896+00:00
AB0138211B1P1,465.0,40,1,0.0,0.0,0.0,"decay-wtd trimmed median, hl=45.0d, 0 sold of 1",2026-09-15T23:53:11.785896+00:00
AB0138241C1P1,9579.0,40,1,0.0,0.0,0.0,"decay-wtd trimmed median, hl=45.0d, 0 sold of 1",2026-09-15T23:53:11.785896+00:00
AB0138241K1A1,465.0,40,1,0.0,0.0,0.0,"decay-wtd trimmed median, hl=45.0d, 0 sold of 1",2026-09-15T23:53:11.785896+00:00
AB0139211B1A1,9951.0,40,1,0.0,0.0,0.0,"decay-wtd trimmed median, hl=45.0d, 0 sold of 1",2026-09-15T23:53:11.785896+00:00
AB0139211B1P1,9579.0,40,1,0.0,0.0,0.0,"decay-wtd trimmed median, hl=45.0d, 0 sold of 1",2026-09-15T23:53:11.785896+00:00
AB0139211G1A1,465.0,40,1,0.0,0.0,0.0,"decay-wtd trimmed median, hl=45.0d, 0 sold of 1",2026-09-15T23:53:11.785896+00:00
AB0139211L1A1,465.0,40,1,0.0,0.0,0.0,"decay-wtd trimmed median, hl=45.0d, 0 sold of 1",2026-09-15T23:53:11.785896+00:00
AB0139211L1P1,9579.0,40,1,0.0,0.0,0.0,"decay-wtd trimmed median, hl=45.0d, 0 sold of 1",2026-09-15T23:53:11.785896+00:00
AB0139241C1A1,9951.0,40,1,0.0,0.0,0.0,"decay-wtd trimmed median, hl=45.0d, 0 sold of 1",2026-09-15T23:53:11.785896+00:00
AB0139241C2A1,6081.59,40,1,0.0,0.0,0.0,"decay-wtd trimmed median, hl=45.0d, 0 sold of 1",2026-09-15T23:53:11.785896+00:00
AB0145171C1P1,465.0,40,1,0.0,0.0,0.0,"decay-wtd trimmed median, hl=45.0d, 0 sold of 1",2026-09-15T23:53:11.785896+00:00
AB0145211G1P1,465.0,40,1,0.0,0.0,0.0,"decay-wtd trimmed median, hl=45.0d, 0 sold of 1",2026-09-15T23:53:11.785896+00:00
AB0145221B1P1,9067.5,40,1,0.0,0.0,0.0,"decay-wtd trimmed median, hl=45.0d, 0 sold of 1",2026-09-15T23:53:11.785896+00:00
AB0146101B1X1,6649.5,40,1,0.0,0.0,0.0,"decay-wtd trimmed median, hl=45.0d, 0 sold of 1",2026-09-15T23:53:11.785896+00:00
AB0146101C1X1,6649.5,40,1,0.0,0.0,0.0,"decay-wtd trimmed median, hl=45.0d, 0 sold of 1",2026-09-15T23:53:11.785896+00:00
AB0147101C1X1,465.0,40,1,0.0,0.0,0.0,"decay-wtd trimmed median, hl=45.0d, 0 sold of 1",2026-09-15T23:53:11.785896+00:00
AB0156361L1A1,8928.0,40,1,0.0,0.0,0.0,"decay-wtd trimmed median, hl=45.0d, 0 sold of 1",2026-09-15T23:53:11.785896+00:00
AB0158101A1A1,9207.0,40,1,0.0,0.0,0.0,"decay-wtd trimmed median, hl=45.0d, 0 sold of 1",2026-09-15T23:53:11.785896+00:00
AB0158101L1A1,930.0,40,1,0.0,0.0,0.0,"decay-wtd trimmed median, hl=45.0d, 0 sold of 1",2026-09-15T23:53:11.785896+00:00
AB01761A1K1X1,7114.5,40,1,0.0,0.0,0.0,"decay-wtd trimmed median, hl=45.0d, 0 sold of 1",2026-09-15T23:53:11.785896+00:00
AB01762A1L1X1,7114.5,40,1,0.0,0.0,0.0,"decay-wtd trimmed median, hl=45.0d, 0 sold of 1",2026-09-15T23:53:11.785896+00:00
AB01765A1B1X1,7114.5,40,1,0.0,0.0,0.0,"decay-wtd trimmed median, hl=45.0d, 0 sold of 1",2026-09-15T23:53:11.785896+00:00
AB01766A1A1X1,7114.5,40,1,0.0,0.0,0.0,"decay-wtd trimmed median, hl=45.0d, 0 sold of 1",2026-09-15T23:53:11.785896+00:00
AB01767A1C1X1,7486.5,40,1,0.0,0.0,0.0,"decay-wtd trimmed median, hl=45.0d, 0 sold of 1",2026-09-15T23:53:11.785896+00:00
AB01768A1A1X1,7486.5,40,1,0.0,0.0,0.0,"decay-wtd trimmed median, hl=45.0d, 0 sold of 1",2026-09-15T23:53:11.785896+00:00
AB01771A1B1X1,465.0,40,1,0.0,0.0,0.0,"decay-wtd trimmed median, hl=45.0d, 0 sold of 1",2026-09-15T23:53:11.785896+00:00
AB01771A1L1X1,7486.5,40,1,0.0,0.0,0.0,"decay-wtd trimmed median, hl=45.0d, 0 sold of 1",2026-09-15T23:53:11.785896+00:00
AB01772A1G1X1,7486.5,40,1,0.0,0.0,0.0,"decay-wtd trimmed median, hl=45.0d, 0 sold of 1",2026-09-15T23:53:11.785896+00:00
AB01774A1B1X1,7337.0,40,1,0.0,0.0,0.0,"decay-wtd trimmed median, hl=45.0d, 0 sold of 1",2026-09-15T23:53:11.785896+00:00
AB04451A1C1A1,465.0,40,1,0.0,0.0,0.0,"decay-wtd trimmed median, hl=45.0d, 0 sold of 1",2026-09-15T23:53:11.785896+00:00
AB04451A1C1X1,10509.0,40,1,0.0,0.0,0.0,"decay-wtd trimmed median, hl=45.0d, 0 sold of 1",2026-09-15T23:53:11.785896+00:00
AB04452A1L1A1,465.0,40,1,0.0,0.0,0.0,"decay-wtd trimmed median, hl=45.0d, 0 sold of 1",2026-09-15T23:53:11.785896+00:00
AB04453A1B1A1,465.0,40,1,0.0,0.0,0.0,"decay-wtd trimmed median, hl=45.0d, 0 sold of 1",2026-09-15T23:53:11.785896+00:00
AB202016,3813.0,40,1,0.0,0.0,0.0,"decay-wtd trimmed median, hl=45.0d, 0 sold of 1",2026-09-15T23:53:11.785896+00:00
AB3110241B1A1,6324.0,40,1,0.0,0.0,0.0,"decay-wtd trimmed median, hl=45.0d, 0 sold of 1",2026-09-15T23:53:11.785896+00:00
AB3110241B1S1,6045.0,40,1,0.0,0.0,0.0,"decay-wtd trimmed median, hl=45.0d, 0 sold of 1",2026-09-15T23:53:11.785896+00:00
AB3110361L1A1,6324.0,40,1,0.0,0.0,0.0,"decay-wtd trimmed median, hl=45.0d, 0 sold of 1",2026-09-15T23:53:11.785896+00:00
AB3110361L1S1,6045.0,40,1,0.0,0.0,0.0,"decay-wtd trimmed median, hl=45.0d, 0 sold of 1",2026-09-15T23:53:11.785896+00:00
AB3111161C1S1,6045.0,40,1,0.0,0.0,0.0,"decay-wtd trimmed median, hl=45.0d, 0 sold of 1",2026-09-15T23:53:11.785896+00:00
AB3111241B1S1,6045.0,40,1,0.0,0.0,0.0,"decay-wtd trimmed median, hl=45.0d, 0 sold of 1",2026-09-15T23:53:11.785896+00:00
AB3111361L1A1,4307.8,40,1,0.0,0.0,0.0,"decay-wtd trimmed median, hl=45.0d, 0 sold of 1",2026-09-15T23:53:11.785896+00:00
AB3111361L1S1,6045.0,40,1,0.0,0.0,0.0,"decay-wtd trimmed median, hl=45.0d, 0 sold of 1",2026-09-15T23:53:11.785896+00:00
AB3112361L1A1,4352.9,40,1,0.0,0.0,0.0,"decay-wtd trimmed median, hl=45.0d, 0 sold of 1",2026-09-15T23:53:11.785896+00:00
AB3113171L1X1,465.0,40,1,0.0,0.0,0.0,"decay-wtd trimmed median, hl=45.0d, 0 sold of 1",2026-09-15T23:53:11.785896+00:00
AB3114101A1A1,5529.04,40,1,0.0,0.0,0.0,"decay-wtd trimmed median, hl=45.0d, 0 sold of 1",2026-09-15T23:53:11.785896+00:00
BAL750,29.82,40,1,0.0,0.0,0.0,"decay-wtd trimmed median, hl=45.0d, 0 sold of 1",2026-09-15T23:53:11.785896+00:00
BAL751,29.82,40,1,0.0,0.0,0.0,"decay-wtd trimmed median, hl=45.0d, 0 sold of 1",2026-09-15T23:53:11.785896+00:00
BAL756,29.82,40,1,0.0,0.0,0.0,"decay-wtd trimmed median, hl=45.0d, 0 sold of 1",2026-09-15T23:53:11.785896+00:00
BAL758,29.82,40,1,0.0,0.0,0.0,"decay-wtd trimmed median, hl=45.0d, 0 sold of 1",2026-09-15T23:53:11.785896+00:00
BAR698,60.79,40,1,0.0,0.0,0.0,"decay-wtd trimmed median, hl=45.0d, 0 sold of 1",2026-09-15T23:53:11.785896+00:00
E10379351B1S1,465.0,40,1,0.0,0.0,0.0,"decay-wtd trimmed median, hl=45.0d, 0 sold of 1",2026-09-15T23:53:11.785896+00:00
E10379D31L1E1,465.0,40,1,0.0,0.0,0.0,"decay-wtd trimmed median, hl=45.0d, 0 sold of 1",2026-09-15T23:53:11.785896+00:00
E7336009,2510.07,40,1,0.0,0.0,0.0,"decay-wtd trimmed median, hl=45.0d, 0 sold of 1",2026-09-15T23:53:11.785896+00:00
E823106A1B7S1,4278.0,40,1,0.0,0.0,0.0,"decay-wtd trimmed median, hl=45.0d, 0 sold of 1",2026-09-15T23:53:11.785896+00:00
EB0134101M1E1,12369.0,40,1,0.0,0.0,0.0,"decay-wtd trimmed median, hl=45.0d, 0 sold of 1",2026-09-15T23:53:11.785896+00:00
EB01381A1B1X1,10695.0,40,1,0.0,0.0,0.0,"decay-wtd trimmed median, hl=45.0d, 0 sold of 1",2026-09-15T23:53:11.785896+00:00
FXQ801,211.31,40,1,0.0,0.0,0.0,"decay-wtd trimmed median, hl=45.0d, 0 sold of 1",2026-09-15T23:53:11.785896+00:00
G10380591C1S1,11718.0,40,1,0.0,0.0,0.0,"decay-wtd trimmed median, hl=45.0d, 0 sold of 1",2026-09-15T23:53:11.785896+00:00
HAB001,2511.0,40,1,0.0,0.0,0.0,"decay-wtd trimmed median, hl=45.0d, 0 sold of 1",2026-09-15T23:53:11.785896+00:00
HAB002,2511.0,40,1,0.0,0.0,0.0,"decay-wtd trimmed median, hl=45.0d, 0 sold of 1",2026-09-15T23:53:11.785896+00:00
HAB003,2418.0,40,1,0.0,0.0,0.0,"decay-wtd trimmed median, hl=45.0d, 0 sold of 1",2026-09-15T23:53:11.785896+00:00
HAB004,2697.0,40,1,0.0,0.0,0.0,"decay-wtd trimmed median, hl=45.0d, 0 sold of 1",2026-09-15T23:53:11.785896+00:00
HAB005J,1870.17,40,1,0.0,0.0,0.0,"decay-wtd trimmed median, hl=45.0d, 0 sold of 1",2026-09-15T23:53:11.785896+00:00
HAB006J,2077.97,40,1,0.0,0.0,0.0,"decay-wtd trimmed median, hl=45.0d, 0 sold of 1",2026-09-15T23:53:11.785896+00:00
HAB007J,1931.49,40,1,0.0,0.0,0.0,"decay-wtd trimmed median, hl=45.0d, 0 sold of 1",2026-09-15T23:53:11.785896+00:00
HAB008J,2060.26,40,1,0.0,0.0,0.0,"decay-wtd trimmed median, hl=45.0d, 0 sold of 1",2026-09-15T23:53:11.785896+00:00
HAB011J,1871.12,40,1,0.0,0.0,0.0,"decay-wtd trimmed median, hl=45.0d, 0 sold of 1",2026-09-15T23:53:11.785896+00:00
HAC003J,1091.66,40,1,0.0,0.0,0.0,"decay-wtd trimmed median, hl=45.0d, 0 sold of 1",2026-09-15T23:53:11.785896+00:00
HAD003J,1164.43,40,1,0.0,0.0,0.0,"decay-wtd trimmed median, hl=45.0d, 0 sold of 1",2026-09-15T23:53:11.785896+00:00
HBB001,553.35,40,1,0.0,0.0,0.0,"decay-wtd trimmed median, hl=45.0d, 0 sold of 1",2026-09-15T23:53:11.785896+00:00
HBB001J,510.04,40,1,0.0,0.0,0.0,"decay-wtd trimmed median, hl=45.0d, 0 sold of 1",2026-09-15T23:53:11.785896+00:00
HBB002J,649.42,40,1,0.0,0.0,0.0,"decay-wtd trimmed median, hl=45.0d, 0 sold of 1",2026-09-15T23:53:11.785896+00:00
HBC001J,1436.7,40,1,0.0,0.0,0.0,"decay-wtd trimmed median, hl=45.0d, 0 sold of 1",2026-09-15T23:53:11.785896+00:00
HBC002J,1436.7,40,1,0.0,0.0,0.0,"decay-wtd trimmed median, hl=45.0d, 0 sold of 1",2026-09-15T23:53:11.785896+00:00
HBC003,925.35,40,1,0.0,0.0,0.0,"decay-wtd trimmed median, hl=45.0d, 0 sold of 1",2026-09-15T23:53:11.785896+00:00
HBC003J,871.73,40,1,0.0,0.0,0.0,"decay-wtd trimmed median, hl=45.0d, 0 sold of 1",2026-09-15T23:53:11.785896+00:00
HBC004,883.5,40,1,0.0,0.0,0.0,"decay-wtd trimmed median, hl=45.0d, 0 sold of 1",2026-09-15T23:53:11.785896+00:00
HBC004J,837.94,40,1,0.0,0.0,0.0,"decay-wtd trimmed median, hl=45.0d, 0 sold of 1",2026-09-15T23:53:11.785896+00:00
HBC005J,1146.24,40,1,0.0,0.0,0.0,"decay-wtd trimmed median, hl=45.0d, 0 sold of 1",2026-09-15T23:53:11.785896+00:00
HBC008J,1026.15,40,1,0.0,0.0,0.0,"decay-wtd trimmed median, hl=45.0d, 0 sold of 1",2026-09-15T23:53:11.785896+00:00
HBC009J,1026.15,40,1,0.0,0.0,0.0,"decay-wtd trimmed median, hl=45.0d, 0 sold of 1",2026-09-15T23:53:11.785896+00:00
HBD001,2325.0,40,1,0.0,0.0,0.0,"decay-wtd trimmed median, hl=45.0d, 0 sold of 1",2026-09-15T23:53:11.785896+00:00
HBD002,2232.0,40,1,0.0,0.0,0.0,"decay-wtd trimmed median, hl=45.0d, 0 sold of 1",2026-09-15T23:53:11.785896+00:00
HBF001,3348.0,40,1,0.0,0.0,0.0,"decay-wtd trimmed median, hl=45.0d, 0 sold of 1",2026-09-15T23:53:11.785896+00:00
HBJ001P,614.4,40,1,0.0,0.0,0.0,"decay-wtd trimmed median, hl=45.0d, 0 sold of 1",2026-09-15T23:53:11.785896+00:00
HBJ002P,614.4,40,1,0.0,0.0,0.0,"decay-wtd trimmed median, hl=45.0d, 0 sold of 1",2026-09-15T23:53:11.785896+00:00
HBJ003P,614.4,40,1,0.0,0.0,0.0,"decay-wtd trimmed median, hl=45.0d, 0 sold of 1",2026-09-15T23:53:11.785896+00:00
HBJ004P,614.4,40,1,0.0,0.0,0.0,"decay-wtd trimmed median, hl=45.0d, 0 sold of 1",2026-09-15T23:53:11.785896+00:00
HCB003J,333.44,40,1,0.0,0.0,0.0,"decay-wtd trimmed median, hl=45.0d, 0 sold of 1",2026-09-15T23:53:11.785896+00:00
HCB004J,517.52,40,1,0.0,0.0,0.0,"decay-wtd trimmed median, hl=45.0d, 0 sold of 1",2026-09-15T23:53:11.785896+00:00
HCB005J,517.52,40,1,0.0,0.0,0.0,"decay-wtd trimmed median, hl=45.0d, 0 sold of 1",2026-09-15T23:53:11.785896+00:00
HCB007J,559.66,40,1,0.0,0.0,0.0,"decay-wtd trimmed median, hl=45.0d, 0 sold of 1",2026-09-15T23:53:11.785896+00:00
HCB008,627.75,40,1,0.0,0.0,0.0,"decay-wtd trimmed median, hl=45.0d, 0 sold of 1",2026-09-15T23:53:11.785896+00:00
HCB008J,454.42,40,1,0.0,0.0,0.0,"decay-wtd trimmed median, hl=45.0d, 0 sold of 1",2026-09-15T23:53:11.785896+00:00
HCC001J,883.57,40,1,0.0,0.0,0.0,"decay-wtd trimmed median, hl=45.0d, 0 sold of 1",2026-09-15T23:53:11.785896+00:00
HCC002J,883.57,40,1,0.0,0.0,0.0,"decay-wtd trimmed median, hl=45.0d, 0 sold of 1",2026-09-15T23:53:11.785896+00:00
HCC003,883.5,40,1,0.0,0.0,0.0,"decay-wtd trimmed median, hl=45.0d, 0 sold of 1",2026-09-15T23:53:11.785896+00:00
HCC003J,868.83,40,1,0.0,0.0,0.0,"decay-wtd trimmed median, hl=45.0d, 0 sold of 1",2026-09-15T23:53:11.785896+00:00
HCC005,1302.0,40,1,0.0,0.0,0.0,"decay-wtd trimmed median, hl=45.0d, 0 sold of 1",2026-09-15T23:53:11.785896+00:00
HCC005J,1068.18,40,1,0.0,0.0,0.0,"decay-wtd trimmed median, hl=45.0d, 0 sold of 1",2026-09-15T23:53:11.785896+00:00
HCC006,1534.5,40,1,0.0,0.0,0.0,"decay-wtd trimmed median, hl=45.0d, 0 sold of 1",2026-09-15T23:53:11.785896+00:00
HCC006J,1245.11,40,1,0.0,0.0,0.0,"decay-wtd trimmed median, hl=45.0d, 0 sold of 1",2026-09-15T23:53:11.785896+00:00
HDB001J,301.17,40,1,0.0,0.0,0.0,"decay-wtd trimmed median, hl=45.0d, 0 sold of 1",2026-09-15T23:53:11.785896+00:00
HDB002J,301.17,40,1,0.0,0.0,0.0,"decay-wtd trimmed median, hl=45.0d, 0 sold of 1",2026-09-15T23:53:11.785896+00:00
HDB004,372.0,40,1,0.0,0.0,0.0,"decay-wtd trimmed median, hl=45.0d, 0 sold of 1",2026-09-15T23:53:11.785896+00:00
HDB004J,306.67,40,1,0.0,0.0,0.0,"decay-wtd trimmed median, hl=45.0d, 0 sold of 1",2026-09-15T23:53:11.785896+00:00
HDB005,372.0,40,1,0.0,0.0,0.0,"decay-wtd trimmed median, hl=45.0d, 0 sold of 1",2026-09-15T23:53:11.785896+00:00
HDB005J,306.67,40,1,0.0,0.0,0.0,"decay-wtd trimmed median, hl=45.0d, 0 sold of 1",2026-09-15T23:53:11.785896+00:00
HDB007J,278.14,40,1,0.0,0.0,0.0,"decay-wtd trimmed median, hl=45.0d, 0 sold of 1",2026-09-15T23:53:11.785896+00:00
HDB008J,357.75,40,1,0.0,0.0,0.0,"decay-wtd trimmed median, hl=45.0d, 0 sold of 1",2026-09-15T23:53:11.785896+00:00
HDB009J,261.79,40,1,0.0,0.0,0.0,"decay-wtd trimmed median, hl=45.0d, 0 sold of 1",2026-09-15T23:53:11.785896+00:00
HDB011,427.8,40,1,0.0,0.0,1.0,"decay-wtd trimmed median, hl=45.0d, 0 sold of 1",2026-09-15T23:53:11.785896+00:00
HEA001J,332.87,40,1,0.0,0.0,0.0,"decay-wtd trimmed median, hl=45.0d, 0 sold of 1",2026-09-15T23:53:11.785896+00:00
HEA002J,348.97,40,1,0.0,0.0,0.0,"decay-wtd trimmed median, hl=45.0d, 0 sold of 1",2026-09-15T23:53:11.785896+00:00
HEA003J,472.46,40,1,0.0,0.0,0.0,"decay-wtd trimmed median, hl=45.0d, 0 sold of 1",2026-09-15T23:53:11.785896+00:00
HEA004J,472.46,40,1,0.0,0.0,0.0,"decay-wtd trimmed median, hl=45.0d, 0 sold of 1",2026-09-15T23:53:11.785896+00:00
HEA005J,565.73,40,1,0.0,0.0,0.0,"decay-wtd trimmed median, hl=45.0d, 0 sold of 1",2026-09-15T23:53:11.785896+00:00
HEC001J,391.93,40,1,0.0,0.0,0.0,"decay-wtd trimmed median, hl=45.0d, 0 sold of 1",2026-09-15T23:53:11.785896+00:00
HEE005J,571.82,40,1,0.0,0.0,0.0,"decay-wtd trimmed median, hl=45.0d, 0 sold of 1",2026-09-15T23:53:11.785896+00:00
HEE006J,571.82,40,1,0.0,0.0,0.0,"decay-wtd trimmed median, hl=45.0d, 0 sold of 1",2026-09-15T23:53:11.785896+00:00
HEE007J,774.86,40,1,0.0,0.0,0.0,"decay-wtd trimmed median, hl=45.0d, 0 sold of 1",2026-09-15T23:53:11.785896+00:00
HEG001J,352.82,40,1,0.0,0.0,0.0,"decay-wtd trimmed median, hl=45.0d, 0 sold of 1",2026-09-15T23:53:11.785896+00:00
HEG002J,371.07,40,1,0.0,0.0,0.0,"decay-wtd trimmed median, hl=45.0d, 0 sold of 1",2026-09-15T23:53:11.785896+00:00
HEG003J,371.07,40,1,0.0,0.0,0.0,"decay-wtd trimmed median, hl=45.0d, 0 sold of 1",2026-09-15T23:53:11.785896+00:00
HEG004J,565.73,40,1,0.0,0.0,0.0,"decay-wtd trimmed median, hl=45.0d, 0 sold of 1",2026-09-15T23:53:11.785896+00:00
HFB001J,190.98,40,1,0.0,0.0,0.0,"decay-wtd trimmed median, hl=45.0d, 0 sold of 1",2026-09-15T23:53:11.785896+00:00
HFB002J,190.98,40,1,0.0,0.0,0.0,"decay-wtd trimmed median, hl=45.0d, 0 sold of 1",2026-09-15T23:53:11.785896+00:00
HFB003J,192.84,40,1,0.0,0.0,0.0,"decay-wtd trimmed median, hl=45.0d, 0 sold of 1",2026-09-15T23:53:11.785896+00:00
HFB004J,201.22,40,1,0.0,0.0,0.0,"decay-wtd trimmed median, hl=45.0d, 0 sold of 1",2026-09-15T23:53:11.785896+00:00
HFB007J,192.84,40,1,0.0,0.0,0.0,"decay-wtd trimmed median, hl=45.0d, 0 sold of 1",2026-09-15T23:53:11.785896+00:00
HFB008J,192.84,40,1,0.0,0.0,0.0,"decay-wtd trimmed median, hl=45.0d, 0 sold of 1",2026-09-15T23:53:11.785896+00:00
HFB009J,201.79,40,1,0.0,0.0,0.0,"decay-wtd trimmed median, hl=45.0d, 0 sold of 1",2026-09-15T23:53:11.785896+00:00
HFB010J,201.22,40,1,0.0,0.0,0.0,"decay-wtd trimmed median, hl=45.0d, 0 sold of 1",2026-09-15T23:53:11.785896+00:00
HFE001J,234.52,40,1,0.0,0.0,0.0,"decay-wtd trimmed median, hl=45.0d, 0 sold of 1",2026-09-15T23:53:11.785896+00:00
HFE002J,250.88,40,1,0.0,0.0,0.0,"decay-wtd trimmed median, hl=45.0d, 0 sold of 1",2026-09-15T23:53:11.785896+00:00
HFE003J,234.52,40,1,0.0,0.0,0.0,"decay-wtd trimmed median, hl=45.0d, 0 sold of 1",2026-09-15T23:53:11.785896+00:00
HFE004J,250.88,40,1,0.0,0.0,0.0,"decay-wtd trimmed median, hl=45.0d, 0 sold of 1",2026-09-15T23:53:11.785896+00:00
HFH001P,154.26,40,1,0.0,0.0,0.0,"decay-wtd trimmed median, hl=45.0d, 0 sold of 1",2026-09-15T23:53:11.785896+00:00
HFH002P,176.3,40,1,0.0,0.0,0.0,"decay-wtd trimmed median, hl=45.0d, 0 sold of 1",2026-09-15T23:53:11.785896+00:00
HFL001P,566.71,40,1,0.0,0.0,0.0,"decay-wtd trimmed median, hl=45.0d, 0 sold of 1",2026-09-15T23:53:11.785896+00:00
HFL002,511.5,40,1,0.0,0.0,0.0,"decay-wtd trimmed median, hl=45.0d, 0 sold of 1",2026-09-15T23:53:11.785896+00:00
HFL002P,354.95,40,1,0.0,0.0,0.0,"decay-wtd trimmed median, hl=45.0d, 0 sold of 1",2026-09-15T23:53:11.785896+00:00
HFL003,544.05,40,1,0.0,0.0,0.0,"decay-wtd trimmed median, hl=45.0d, 0 sold of 1",2026-09-15T23:53:11.785896+00:00
HFL003P,376.46,40,1,0.0,0.0,0.0,"decay-wtd trimmed median, hl=45.0d, 0 sold of 1",2026-09-15T23:53:11.785896+00:00
HKF004,3069.0,40,1,0.0,0.0,0.0,"decay-wtd trimmed median, hl=45.0d, 0 sold of 1",2026-09-15T23:53:11.785896+00:00
I19320251B1S1,465.0,40,1,0.0,0.0,0.0,"decay-wtd trimmed median, hl=45.0d, 0 sold of 1",2026-09-15T23:53:11.785896+00:00
IW324008,2561.82,40,1,0.0,0.0,0.0,"decay-wtd trimmed median, hl=45.0d, 0 sold of 1",2026-09-15T23:53:11.785896+00:00
IW326504,2385.07,40,1,0.0,0.0,0.0,"decay-wtd trimmed median, hl=45.0d, 0 sold of 1",2026-09-15T23:53:11.785896+00:00
IW326906,5726.53,40,1,0.0,0.0,0.0,"decay-wtd trimmed median, hl=45.0d, 0 sold of 1",2026-09-15T23:53:11.785896+00:00
IW327006,2835.19,40,1,0.0,0.0,0.0,"decay-wtd trimmed median, hl=45.0d, 0 sold of 1",2026-09-15T23:53:11.785896+00:00
IW327017,2689.05,40,1,0.0,0.0,0.0,"decay-wtd trimmed median, hl=45.0d, 0 sold of 1",2026-09-15T23:53:11.785896+00:00
IW328202,4384.31,40,1,0.0,0.0,0.0,"decay-wtd trimmed median, hl=45.0d, 0 sold of 1",2026-09-15T23:53:11.785896+00:00
IW328206,5673.0,40,1,0.0,0.0,0.0,"decay-wtd trimmed median, hl=45.0d, 0 sold of 1",2026-09-15T23:53:11.785896+00:00
IW328208,4395.09,40,1,0.0,0.0,0.0,"decay-wtd trimmed median, hl=45.0d, 0 sold of 1",2026-09-15T23:53:11.785896+00:00
IW338903,14791.61,40,1,0.0,0.0,0.0,"decay-wtd trimmed median, hl=45.0d, 0 sold of 1",2026-09-15T23:53:11.785896+00:00
IW350804,6866.36,40,1,0.0,0.0,0.0,"decay-wtd trimmed median, hl=45.0d, 0 sold of 1",2026-09-15T23:53:11.785896+00:00
IW352101,6015.28,40,1,0.0,0.0,0.0,"decay-wtd trimmed median, hl=45.0d, 0 sold of 1",2026-09-15T23:53:11.785896+00:00
IW356505,5324.13,40,1,0.0,0.0,0.0,"decay-wtd trimmed median, hl=45.0d, 0 sold of 1",2026-09-15T23:53:11.785896+00:00
IW356511,7672.5,40,1,0.0,0.0,0.0,"decay-wtd trimmed median, hl=45.0d, 0 sold of 1",2026-09-15T23:53:11.785896+00:00
IW357417,4519.32,40,1,0.0,0.0,0.0,"decay-wtd trimmed median, hl=45.0d, 0 sold of 1",2026-09-15T23:53:11.785896+00:00
IW377719,2893.65,40,1,0.0,0.0,0.0,"decay-wtd trimmed median, hl=45.0d, 0 sold of 1",2026-09-15T23:53:11.785896+00:00
IW378004,4910.43,40,1,0.0,0.0,0.0,"decay-wtd trimmed median, hl=45.0d, 0 sold of 1",2026-09-15T23:53:11.785896+00:00
IW378901,3975.11,40,1,0.0,0.0,0.0,"decay-wtd trimmed median, hl=45.0d, 0 sold of 1",2026-09-15T23:53:11.785896+00:00
IW388104,6045.0,40,1,0.0,0.0,1.0,"decay-wtd trimmed median, hl=45.0d, 0 sold of 1",2026-09-15T23:53:11.785896+00:00
IW388306,11160.0,40,1,0.0,0.0,0.0,"decay-wtd trimmed median, hl=45.0d, 0 sold of 1",2026-09-15T23:53:11.785896+00:00
IW389402,8790.17,40,1,0.0,0.0,0.0,"decay-wtd trimmed median, hl=45.0d, 0 sold of 1",2026-09-15T23:53:11.785896+00:00
IW391405,4878.39,40,1,0.0,0.0,0.0,"decay-wtd trimmed median, hl=45.0d, 0 sold of 1",2026-09-15T23:53:11.785896+00:00
IW451502,4092.03,40,1,0.0,0.0,0.0,"decay-wtd trimmed median, hl=45.0d, 0 sold of 1",2026-09-15T23:53:11.785896+00:00
IW458104,3063.17,40,1,0.0,0.0,0.0,"decay-wtd trimmed median, hl=45.0d, 0 sold of 1",2026-09-15T23:53:11.785896+00:00
IW458603,3460.68,40,1,0.0,0.0,0.0,"decay-wtd trimmed median, hl=45.0d, 0 sold of 1",2026-09-15T23:53:11.785896+00:00
IW500413,20460.0,40,1,0.0,0.0,0.0,"decay-wtd trimmed median, hl=45.0d, 0 sold of 1",2026-09-15T23:53:11.785896+00:00
IW501903,6035.85,40,1,0.0,0.0,0.0,"decay-wtd trimmed median, hl=45.0d, 0 sold of 1",2026-09-15T23:53:11.785896+00:00
IW510202,3443.15,40,1,0.0,0.0,0.0,"decay-wtd trimmed median, hl=45.0d, 0 sold of 1",2026-09-15T23:53:11.785896+00:00
LB19211A1C1P1,4650.0,40,1,0.0,0.0,0.0,"decay-wtd trimmed median, hl=45.0d, 0 sold of 1",2026-09-15T23:53:11.785896+00:00
M173152A1L1X1,3627.0,40,1,0.0,0.0,0.0,"decay-wtd trimmed median, hl=45.0d, 0 sold of 1",2026-09-15T23:53:11.785896+00:00
M18206,41472.52,40,1,0.0,0.0,0.0,"decay-wtd trimmed median, hl=45.0d, 0 sold of 1",2026-09-15T23:53:11.785896+00:00
M20751,1052.24,40,1,0.0,0.0,0.0,"decay-wtd trimmed median, hl=45.0d, 0 sold of 1",2026-09-15T23:53:11.785896+00:00
M55203,1405.9,40,1,0.0,0.0,0.0,"decay-wtd trimmed median, hl=45.0d, 0 sold of 1",2026-09-15T23:53:11.785896+00:00
M57211,1399.47,40,1,0.0,0.0,0.0,"decay-wtd trimmed median, hl=45.0d, 0 sold of 1",2026-09-15T23:53:11.785896+00:00
M83500,379.97,40,1,0.0,0.0,0.0,"decay-wtd trimmed median, hl=45.0d, 0 sold of 1",2026-09-15T23:53:11.785896+00:00
MB20301A,3098.25,40,1,0.0,0.0,0.0,"decay-wtd trimmed median, hl=45.0d, 0 sold of 1",2026-09-15T23:53:11.785896+00:00
N17376201Q1S1,6324.0,40,1,0.0,0.0,0.0,"decay-wtd trimmed median, hl=45.0d, 0 sold of 1",2026-09-15T23:53:11.785896+00:00
P32398101C1S1,8137.5,40,1,0.0,0.0,0.0,"decay-wtd trimmed median, hl=45.0d, 0 sold of 1",2026-09-15T23:53:11.785896+00:00
P323982A1F1S1,465.0,40,1,0.0,0.0,0.0,"decay-wtd trimmed median, hl=45.0d, 0 sold of 1",2026-09-15T23:53:11.785896+00:00
P64484,1344.52,40,1,0.0,0.0,0.0,"decay-wtd trimmed median, hl=45.0d, 0 sold of 1",2026-09-15T23:53:11.785896+00:00
P75450,1462.17,40,1,0.0,0.0,1.0,"decay-wtd trimmed median, hl=45.0d, 0 sold of 1",2026-09-15T23:53:11.785896+00:00
PB0134101C1S1,11160.0,40,1,0.0,0.0,0.0,"decay-wtd trimmed median, hl=45.0d, 0 sold of 1",2026-09-15T23:53:11.785896+00:00
PB0158101C1A1,930.0,40,1,0.0,0.0,0.0,"decay-wtd trimmed median, hl=45.0d, 0 sold of 1",2026-09-15T23:53:11.785896+00:00
PB1920251C1A1,930.0,40,1,0.0,0.0,0.0,"decay-wtd trimmed median, hl=45.0d, 0 sold of 1",2026-09-15T23:53:11.785896+00:00
PB1920251C1P1,930.0,40,1,0.0,0.0,0.0,"decay-wtd trimmed median, hl=45.0d, 0 sold of 1",2026-09-15T23:53:11.785896+00:00
PB1921251B1P1,930.0,40,1,0.0,0.0,0.0,"decay-wtd trimmed median, hl=45.0d, 0 sold of 1",2026-09-15T23:53:11.785896+00:00
Q1252520,9236.29,40,1,0.0,0.0,0.0,"decay-wtd trimmed median, hl=45.0d, 0 sold of 1",2026-09-15T23:53:11.785896+00:00
Q1658420,22213.84,40,1,0.0,0.0,0.0,"decay-wtd trimmed median, hl=45.0d, 0 sold of 1",2026-09-15T23:53:11.785896+00:00
Q2515120,5553.46,40,1,0.0,0.0,0.0,"decay-wtd trimmed median, hl=45.0d, 0 sold of 1",2026-09-15T23:53:11.785896+00:00
Q2538420,4999.68,40,1,0.0,0.0,0.0,"decay-wtd trimmed median, hl=45.0d, 0 sold of 1",2026-09-15T23:53:11.785896+00:00
Q2702521,9353.2,40,1,0.0,0.0,0.0,"decay-wtd trimmed median, hl=45.0d, 0 sold of 1",2026-09-15T23:53:11.785896+00:00
Q2708420,8160.0,40,1,0.0,0.0,0.0,"decay-wtd trimmed median, hl=45.0d, 0 sold of 1",2026-09-15T23:53:11.785896+00:00
Q2718110,6664.16,40,1,0.0,0.0,0.0,"decay-wtd trimmed median, hl=45.0d, 0 sold of 1",2026-09-15T23:53:11.785896+00:00
Q2718170,8442.37,40,1,0.0,0.0,0.0,"decay-wtd trimmed median, hl=45.0d, 0 sold of 1",2026-09-15T23:53:11.785896+00:00
Q2782560,17420.33,40,1,0.0,0.0,0.0,"decay-wtd trimmed median, hl=45.0d, 0 sold of 1",2026-09-15T23:53:11.785896+00:00
Q3264520,3969.26,40,1,0.0,0.0,0.0,"decay-wtd trimmed median, hl=45.0d, 0 sold of 1",2026-09-15T23:53:11.785896+00:00
Q3788570,10522.35,40,1,0.0,0.0,0.0,"decay-wtd trimmed median, hl=45.0d, 0 sold of 1",2026-09-15T23:53:11.785896+00:00
Q3848422,8773.03,40,1,0.0,0.0,0.0,"decay-wtd trimmed median, hl=45.0d, 0 sold of 1",2026-09-15T23:53:11.785896+00:00
Q3858520,7969.76,40,1,0.0,0.0,0.0,"decay-wtd trimmed median, hl=45.0d, 0 sold of 1",2026-09-15T23:53:11.785896+00:00
Q3868520,6196.5,40,1,0.0,0.0,0.0,"decay-wtd trimmed median, hl=45.0d, 0 sold of 1",2026-09-15T23:53:11.785896+00:00
Q6043420,23250.0,40,1,0.0,0.0,0.0,"decay-wtd trimmed median, hl=45.0d, 0 sold of 1",2026-09-15T23:53:11.785896+00:00
Q9008170,4851.97,40,1,0.0,0.0,0.0,"decay-wtd trimmed median, hl=45.0d, 0 sold of 1",2026-09-15T23:53:11.785896+00:00
Q9008180,5716.6,40,1,0.0,0.0,0.0,"decay-wtd trimmed median, hl=45.0d, 0 sold of 1",2026-09-15T23:53:11.785896+00:00
Q9028170,6725.99,40,1,0.0,0.0,0.0,"decay-wtd trimmed median, hl=45.0d, 0 sold of 1",2026-09-15T23:53:11.785896+00:00
Q9028180,8476.34,40,1,0.0,0.0,0.0,"decay-wtd trimmed median, hl=45.0d, 0 sold of 1",2026-09-15T23:53:11.785896+00:00
Q9028471,7905.0,40,1,0.0,0.0,0.0,"decay-wtd trimmed median, hl=45.0d, 0 sold of 1",2026-09-15T23:53:11.785896+00:00
Q9128981,8835.0,40,1,0.0,0.0,0.0,"decay-wtd trimmed median, hl=45.0d, 0 sold of 1",2026-09-15T23:53:11.785896+00:00
R10310121Q1P1,930.0,40,1,0.0,0.0,0.0,"decay-wtd trimmed median, hl=45.0d, 0 sold of 1",2026-09-15T23:53:11.785896+00:00
R233801A1B1R1,930.0,40,1,0.0,0.0,0.0,"decay-wtd trimmed median, hl=45.0d, 0 sold of 1",2026-09-15T23:53:11.785896+00:00
R233801A1B1X1,20320.5,40,1,0.0,0.0,0.0,"decay-wtd trimmed median, hl=45.0d, 0 sold of 1",2026-09-15T23:53:11.785896+00:00
RB01344A1L1S1,930.0,40,1,0.0,0.0,0.0,"decay-wtd trimmed median, hl=45.0d, 0 sold of 1",2026-09-15T23:53:11.785896+00:00
RB01347A1F1S1,930.0,40,1,0.0,0.0,0.0,"decay-wtd trimmed median, hl=45.0d, 0 sold of 1",2026-09-15T23:53:11.785896+00:00
RB01366A1K1S1,4650.0,40,1,0.0,0.0,0.0,"decay-wtd trimmed median, hl=45.0d, 0 sold of 1",2026-09-15T23:53:11.785896+00:00
RB0138211B1P1,21111.0,40,1,0.0,0.0,0.0,"decay-wtd trimmed median, hl=45.0d, 0 sold of 1",2026-09-15T23:53:11.785896+00:00
RB0139211G1P1,465.0,40,1,0.0,0.0,0.0,"decay-wtd trimmed median, hl=45.0d, 0 sold of 1",2026-09-15T23:53:11.785896+00:00
RB0145371G1R1,930.0,40,1,0.0,0.0,0.0,"decay-wtd trimmed median, hl=45.0d, 0 sold of 1",2026-09-15T23:53:11.785896+00:00
RB2510371G1P1,465.0,40,1,0.0,0.0,0.0,"decay-wtd trimmed median, hl=45.0d, 0 sold of 1",2026-09-15T23:53:11.785896+00:00
RGR320P,5430.7,40,1,0.0,0.0,0.0,"decay-wtd trimmed median, hl=45.0d, 0 sold of 1",2026-09-15T23:53:11.785896+00:00
S32320101B1X1,465.0,40,1,0.0,0.0,0.0,"decay-wtd trimmed median, hl=45.0d, 0 sold of 1",2026-09-15T23:53:11.785896+00:00
SAAA990,19.87,40,1,0.0,0.0,0.0,"decay-wtd trimmed median, hl=45.0d, 0 sold of 1",2026-09-15T23:53:11.785896+00:00
SAAK001,19.87,40,1,0.0,0.0,1.0,"decay-wtd trimmed median, hl=45.0d, 0 sold of 1",2026-09-15T23:53:11.785896+00:00
SAAP868,18.7,40,1,0.0,0.0,0.0,"decay-wtd trimmed median, hl=45.0d, 0 sold of 1",2026-09-15T23:53:11.785896+00:00
SAAP944,18.7,40,1,0.0,0.0,0.0,"decay-wtd trimmed median, hl=45.0d, 0 sold of 1",2026-09-15T23:53:11.785896+00:00
SAAT980,19.87,40,1,0.0,0.0,0.0,"decay-wtd trimmed median, hl=45.0d, 0 sold of 1",2026-09-15T23:53:11.785896+00:00
SAAY005,19.87,40,1,0.0,0.0,0.0,"decay-wtd trimmed median, hl=45.0d, 0 sold of 1",2026-09-15T23:53:11.785896+00:00
SABP001,19.87,40,1,0.0,0.0,0.0,"decay-wtd trimmed median, hl=45.0d, 0 sold of 1",2026-09-15T23:53:11.785896+00:00
SABR014,19.87,40,1,0.0,0.0,0.0,"decay-wtd trimmed median, hl=45.0d, 0 sold of 1",2026-09-15T23:53:11.785896+00:00
SABR021,18.7,40,1,0.0,0.0,0.0,"decay-wtd trimmed median, hl=45.0d, 0 sold of 1",2026-09-15T23:53:11.785896+00:00
SABR043,21.05,40,1,0.0,0.0,0.0,"decay-wtd trimmed median, hl=45.0d, 0 sold of 1",2026-09-15T23:53:11.785896+00:00
SABW002,19.87,40,1,0.0,0.0,0.0,"decay-wtd trimmed median, hl=45.0d, 0 sold of 1",2026-09-15T23:53:11.785896+00:00
SACK001,19.29,40,1,0.0,0.0,0.0,"decay-wtd trimmed median, hl=45.0d, 0 sold of 1",2026-09-15T23:53:11.785896+00:00
SACK029J,53.78,40,1,0.0,0.0,0.0,"decay-wtd trimmed median, hl=45.0d, 0 sold of 1",2026-09-15T23:53:11.785896+00:00
SACK035,19.87,40,1,0.0,0.0,0.0,"decay-wtd trimmed median, hl=45.0d, 0 sold of 1",2026-09-15T23:53:11.785896+00:00
SACK038,39.16,40,1,0.0,0.0,0.0,"decay-wtd trimmed median, hl=45.0d, 0 sold of 1",2026-09-15T23:53:11.785896+00:00
SACL004J,24.55,40,1,0.0,0.0,0.0,"decay-wtd trimmed median, hl=45.0d, 0 sold of 1",2026-09-15T23:53:11.785896+00:00
SACL009J,38.59,40,1,0.0,0.0,0.0,"decay-wtd trimmed median, hl=45.0d, 0 sold of 1",2026-09-15T23:53:11.785896+00:00
SACM079J,18.7,40,1,0.0,0.0,0.0,"decay-wtd trimmed median, hl=45.0d, 0 sold of 1",2026-09-15T23:53:11.785896+00:00
SACM092,39.16,40,1,0.0,0.0,0.0,"decay-wtd trimmed median, hl=45.0d, 0 sold of 1",2026-09-15T23:53:11.785896+00:00
SACM107,39.16,40,1,0.0,0.0,0.0,"decay-wtd trimmed median, hl=45.0d, 0 sold of 1",2026-09-15T23:53:11.785896+00:00
SACM159,18.7,40,1,0.0,0.0,0.0,"decay-wtd trimmed median, hl=45.0d, 0 sold of 1",2026-09-15T23:53:11.785896+00:00
SACM167J,20.46,40,1,0.0,0.0,0.0,"decay-wtd trimmed median, hl=45.0d, 0 sold of 1",2026-09-15T23:53:11.785896+00:00
SACQ002,21.05,40,1,0.0,0.0,0.0,"decay-wtd trimmed median, hl=45.0d, 0 sold of 1",2026-09-15T23:53:11.785896+00:00
SACQ007,19.87,40,1,0.0,0.0,0.0,"decay-wtd trimmed median, hl=45.0d, 0 sold of 1",2026-09-15T23:53:11.785896+00:00
SACR002,19.87,40,1,0.0,0.0,0.0,"decay-wtd trimmed median, hl=45.0d, 0 sold of 1",2026-09-15T23:53:11.785896+00:00
SACS015,21.05,40,1,0.0,0.0,0.0,"decay-wtd trimmed median, hl=45.0d, 0 sold of 1",2026-09-15T23:53:11.785896+00:00
SACX006,18.7,40,1,0.0,0.0,0.0,"decay-wtd trimmed median, hl=45.0d, 0 sold of 1",2026-09-15T23:53:11.785896+00:00
SACX016,18.7,40,1,0.0,0.0,0.0,"decay-wtd trimmed median, hl=45.0d, 0 sold of 1",2026-09-15T23:53:11.785896+00:00
SACX023,21.05,40,1,0.0,0.0,0.0,"decay-wtd trimmed median, hl=45.0d, 0 sold of 1",2026-09-15T23:53:11.785896+00:00
SACX088,18.7,40,1,0.0,0.0,0.0,"decay-wtd trimmed median, hl=45.0d, 0 sold of 1",2026-09-15T23:53:11.785896+00:00
SADQ005,18.7,40,1,0.0,0.0,0.0,"decay-wtd trimmed median, hl=45.0d, 0 sold of 1",2026-09-15T23:53:11.785896+00:00
SADQ011J,19.87,40,1,0.0,0.0,0.0,"decay-wtd trimmed median, hl=45.0d, 0 sold of 1",2026-09-15T23:53:11.785896+00:00
SADR003J,18.7,40,1,0.0,0.0,0.0,"decay-wtd trimmed median, hl=45.0d, 0 sold of 1",2026-09-15T23:53:11.785896+00:00
SADR017,70.15,40,1,0.0,0.0,0.0,"decay-wtd trimmed median, hl=45.0d, 0 sold of 1",2026-09-15T23:53:11.785896+00:00
SADR018J,102.89,40,1,0.0,0.0,0.0,"decay-wtd trimmed median, hl=45.0d, 0 sold of 1",2026-09-15T23:53:11.785896+00:00
SADT007,56.7,40,1,0.0,0.0,0.0,"decay-wtd trimmed median, hl=45.0d, 0 sold of 1",2026-09-15T23:53:11.785896+00:00
SADV023,19.29,40,1,0.0,0.0,0.0,"decay-wtd trimmed median, hl=45.0d, 0 sold of 1",2026-09-15T23:53:11.785896+00:00
SADX005,19.29,40,1,0.0,0.0,0.0,"decay-wtd trimmed median, hl=45.0d, 0 sold of 1",2026-09-15T23:53:11.785896+00:00
SADZ001,16.37,40,1,0.0,0.0,0.0,"decay-wtd trimmed median, hl=45.0d, 0 sold of 1",2026-09-15T23:53:11.785896+00:00
SADZ017,16.37,40,1,0.0,0.0,0.0,"decay-wtd trimmed median, hl=45.0d, 0 sold of 1",2026-09-15T23:53:11.785896+00:00
SADZ037,102.89,40,1,0.0,0.0,0.0,"decay-wtd trimmed median, hl=45.0d, 0 sold of 1",2026-09-15T23:53:11.785896+00:00
SADZ143,63.14,40,1,0.0,0.0,0.0,"decay-wtd trimmed median, hl=45.0d, 0 sold of 1",2026-09-15T23:53:11.785896+00:00
SAEA009,70.15,40,1,0.0,0.0,0.0,"decay-wtd trimmed median, hl=45.0d, 0 sold of 1",2026-09-15T23:53:11.785896+00:00
SAEC017,49.1,40,1,0.0,0.0,0.0,"decay-wtd trimmed median, hl=45.0d, 0 sold of 1",2026-09-15T23:53:11.785896+00:00
SAEN001J,19.87,40,1,0.0,0.0,0.0,"decay-wtd trimmed median, hl=45.0d, 0 sold of 1",2026-09-15T23:53:11.785896+00:00
SAEQ980,21.05,40,1,0.0,0.0,0.0,"decay-wtd trimmed median, hl=45.0d, 0 sold of 1",2026-09-15T23:53:11.785896+00:00
SAFS058,19.87,40,1,0.0,0.0,0.0,"decay-wtd trimmed median, hl=45.0d, 0 sold of 1",2026-09-15T23:53:11.785896+00:00
SAGA009,481.69,40,1,0.0,0.0,0.0,"decay-wtd trimmed median, hl=45.0d, 0 sold of 1",2026-09-15T23:53:11.785896+00:00
SAGA111,52.61,40,1,0.0,0.0,0.0,"decay-wtd trimmed median, hl=45.0d, 0 sold of 1",2026-09-15T23:53:11.785896+00:00
SAGA217,896.45,40,1,0.0,0.0,0.0,"decay-wtd trimmed median, hl=45.0d, 0 sold of 1",2026-09-15T23:53:11.785896+00:00
SAGA246,205.77,40,1,0.0,0.0,0.0,"decay-wtd trimmed median, hl=45.0d, 0 sold of 1",2026-09-15T23:53:11.785896+00:00
SAGC001J,52.61,40,1,0.0,0.0,0.0,"decay-wtd trimmed median, hl=45.0d, 0 sold of 1",2026-09-15T23:53:11.785896+00:00
SAGD001,21.05,40,1,0.0,0.0,0.0,"decay-wtd trimmed median, hl=45.0d, 0 sold of 1",2026-09-15T23:53:11.785896+00:00
SAGG009J,19.29,40,1,0.0,0.0,0.0,"decay-wtd trimmed median, hl=45.0d, 0 sold of 1",2026-09-15T23:53:11.785896+00:00
SAGG017J,93.53,40,1,0.0,0.0,0.0,"decay-wtd trimmed median, hl=45.0d, 0 sold of 1",2026-09-15T23:53:11.785896+00:00
SAGH015J,39.16,40,1,0.0,0.0,0.0,"decay-wtd trimmed median, hl=45.0d, 0 sold of 1",2026-09-15T23:53:11.785896+00:00
SAGJ011J,166.02,40,1,0.0,0.0,0.0,"decay-wtd trimmed median, hl=45.0d, 0 sold of 1",2026-09-15T23:53:11.785896+00:00
SAGV015J,102.89,40,1,0.0,0.0,0.0,"decay-wtd trimmed median, hl=45.0d, 0 sold of 1",2026-09-15T23:53:11.785896+00:00
SAGZ045J,42.09,40,1,0.0,0.0,0.0,"decay-wtd trimmed median, hl=45.0d, 0 sold of 1",2026-09-15T23:53:11.785896+00:00
SAGZ065J,51.44,40,1,0.0,0.0,0.0,"decay-wtd trimmed median, hl=45.0d, 0 sold of 1",2026-09-15T23:53:11.785896+00:00
SAGZ098J,123.93,40,1,0.0,0.0,0.0,"decay-wtd trimmed median, hl=45.0d, 0 sold of 1",2026-09-15T23:53:11.785896+00:00
SAHF006,21.05,40,1,0.0,0.0,0.0,"decay-wtd trimmed median, hl=45.0d, 0 sold of 1",2026-09-15T23:53:11.785896+00:00
SAHS001,18.7,40,1,0.0,0.0,0.0,"decay-wtd trimmed median, hl=45.0d, 0 sold of 1",2026-09-15T23:53:11.785896+00:00
SAJC001,19.87,40,1,0.0,0.0,0.0,"decay-wtd trimmed median, hl=45.0d, 0 sold of 1",2026-09-15T23:53:11.785896+00:00
SAJY001,18.7,40,1,0.0,0.0,0.0,"decay-wtd trimmed median, hl=45.0d, 0 sold of 1",2026-09-15T23:53:11.785896+00:00
SAKX002,19.87,40,1,0.0,0.0,0.0,"decay-wtd trimmed median, hl=45.0d, 0 sold of 1",2026-09-15T23:53:11.785896+00:00
SAKY007,19.87,40,1,0.0,0.0,0.0,"decay-wtd trimmed median, hl=45.0d, 0 sold of 1",2026-09-15T23:53:11.785896+00:00
SAPP001J,21.05,40,1,0.0,0.0,0.0,"decay-wtd trimmed median, hl=45.0d, 0 sold of 1",2026-09-15T23:53:11.785896+00:00
SAPQ002J,18.7,40,1,0.0,0.0,0.0,"decay-wtd trimmed median, hl=45.0d, 0 sold of 1",2026-09-15T23:53:11.785896+00:00
SAQC020,19.87,40,1,0.0,0.0,0.0,"decay-wtd trimmed median, hl=45.0d, 0 sold of 1",2026-09-15T23:53:11.785896+00:00
SAQD010,18.7,40,1,0.0,0.0,0.0,"decay-wtd trimmed median, hl=45.0d, 0 sold of 1",2026-09-15T23:53:11.785896+00:00
SAQD030,21.05,40,1,0.0,0.0,0.0,"decay-wtd trimmed median, hl=45.0d, 0 sold of 1",2026-09-15T23:53:11.785896+00:00
SARB017J,20.46,40,1,0.0,0.0,0.0,"decay-wtd trimmed median, hl=45.0d, 0 sold of 1",2026-09-15T23:53:11.785896+00:00
SARB021J,52.61,40,1,0.0,0.0,0.0,"decay-wtd trimmed median, hl=45.0d, 0 sold of 1",2026-09-15T23:53:11.785896+00:00
SARB065J,21.05,40,1,0.0,0.0,0.0,"decay-wtd trimmed median, hl=45.0d, 0 sold of 1",2026-09-15T23:53:11.785896+00:00
SARB068J,115.75,40,1,0.0,0.0,0.0,"decay-wtd trimmed median, hl=45.0d, 0 sold of 1",2026-09-15T23:53:11.785896+00:00
SARC017J,24.55,40,1,0.0,0.0,0.0,"decay-wtd trimmed median, hl=45.0d, 0 sold of 1",2026-09-15T23:53:11.785896+00:00
SARF007J,39.16,40,1,0.0,0.0,0.0,"decay-wtd trimmed median, hl=45.0d, 0 sold of 1",2026-09-15T23:53:11.785896+00:00
SARJ005,246.69,40,1,0.0,0.0,0.0,"decay-wtd trimmed median, hl=45.0d, 0 sold of 1",2026-09-15T23:53:11.785896+00:00
SARR005J,104.06,40,1,0.0,0.0,0.0,"decay-wtd trimmed median, hl=45.0d, 0 sold of 1",2026-09-15T23:53:11.785896+00:00
SARW065,51.44,40,1,0.0,0.0,0.0,"decay-wtd trimmed median, hl=45.0d, 0 sold of 1",2026-09-15T23:53:11.785896+00:00
SARX119,104.06,40,1,0.0,0.0,0.0,"decay-wtd trimmed median, hl=45.0d, 0 sold of 1",2026-09-15T23:53:11.785896+00:00
SARX135,101.71,40,1,0.0,0.0,0.0,"decay-wtd trimmed median, hl=45.0d, 0 sold of 1",2026-09-15T23:53:11.785896+00:00
SARY023J,22.79,40,1,0.0,0.0,0.0,"decay-wtd trimmed median, hl=45.0d, 0 sold of 1",2026-09-15T23:53:11.785896+00:00
SARY024J,24.55,40,1,0.0,0.0,0.0,"decay-wtd trimmed median, hl=45.0d, 0 sold of 1",2026-09-15T23:53:11.785896+00:00
SARY073,21.05,40,1,0.0,0.0,0.0,"decay-wtd trimmed median, hl=45.0d, 0 sold of 1",2026-09-15T23:53:11.785896+00:00
SARY123,288.65,40,1,0.0,0.0,0.0,"decay-wtd trimmed median, hl=45.0d, 0 sold of 1",2026-09-15T23:53:11.785896+00:00
SARY147,30.98,40,1,0.0,0.0,0.0,"decay-wtd trimmed median, hl=45.0d, 0 sold of 1",2026-09-15T23:53:11.785896+00:00
SARY163J,21.05,40,1,0.0,0.0,0.0,"decay-wtd trimmed median, hl=45.0d, 0 sold of 1",2026-09-15T23:53:11.785896+00:00
SARY192,20.46,40,1,0.0,0.0,0.0,"decay-wtd trimmed median, hl=45.0d, 0 sold of 1",2026-09-15T23:53:11.785896+00:00
SARY205,176.54,40,1,0.0,0.0,0.0,"decay-wtd trimmed median, hl=45.0d, 0 sold of 1",2026-09-15T23:53:11.785896+00:00
SARY208,109.9,40,1,0.0,0.0,0.0,"decay-wtd trimmed median, hl=45.0d, 0 sold of 1",2026-09-15T23:53:11.785896+00:00
SARY231,20.46,40,1,0.0,0.0,0.0,"decay-wtd trimmed median, hl=45.0d, 0 sold of 1",2026-09-15T23:53:11.785896+00:00
SARY251,21.05,40,1,0.0,0.0,0.0,"decay-wtd trimmed median, hl=45.0d, 0 sold of 1",2026-09-15T23:53:11.785896+00:00
SARZ001,18.7,40,1,0.0,0.0,0.0,"decay-wtd trimmed median, hl=45.0d, 0 sold of 1",2026-09-15T23:53:11.785896+00:00
SARZ002,39.16,40,1,0.0,0.0,0.0,"decay-wtd trimmed median, hl=45.0d, 0 sold of 1",2026-09-15T23:53:11.785896+00:00
SARZ006,20.46,40,1,0.0,0.0,0.0,"decay-wtd trimmed median, hl=45.0d, 0 sold of 1",2026-09-15T23:53:11.785896+00:00
SARZ007,39.16,40,1,0.0,0.0,0.0,"decay-wtd trimmed median, hl=45.0d, 0 sold of 1",2026-09-15T23:53:11.785896+00:00
SARZ010,39.16,40,1,0.0,0.0,0.0,"decay-wtd trimmed median, hl=45.0d, 0 sold of 1",2026-09-15T23:53:11.785896+00:00
SARZ015,18.7,40,1,0.0,0.0,0.0,"decay-wtd trimmed median, hl=45.0d, 0 sold of 1",2026-09-15T23:53:11.785896+00:00
SARZ021,18.7,40,1,0.0,0.0,0.0,"decay-wtd trimmed median, hl=45.0d, 0 sold of 1",2026-09-15T23:53:11.785896+00:00
SARZ027,39.16,40,1,0.0,0.0,0.0,"decay-wtd trimmed median, hl=45.0d, 0 sold of 1",2026-09-15T23:53:11.785896+00:00
SARZ039,18.13,40,1,0.0,0.0,0.0,"decay-wtd trimmed median, hl=45.0d, 0 sold of 1",2026-09-15T23:53:11.785896+00:00
SATF001J,21.05,40,1,0.0,0.0,0.0,"decay-wtd trimmed median, hl=45.0d, 0 sold of 1",2026-09-15T23:53:11.785896+00:00
SAVJ001J,19.87,40,1,0.0,0.0,0.0,"decay-wtd trimmed median, hl=45.0d, 0 sold of 1",2026-09-15T23:53:11.785896+00:00
SAWG002,21.05,40,1,0.0,0.0,0.0,"decay-wtd trimmed median, hl=45.0d, 0 sold of 1",2026-09-15T23:53:11.785896+00:00
SAWY001,21.05,40,1,0.0,0.0,0.0,"decay-wtd trimmed median, hl=45.0d, 0 sold of 1",2026-09-15T23:53:11.785896+00:00
SAWZ001,19.87,40,1,0.0,0.0,0.0,"decay-wtd trimmed median, hl=45.0d, 0 sold of 1",2026-09-15T23:53:11.785896+00:00
SAZA005,19.29,40,1,0.0,0.0,0.0,"decay-wtd trimmed median, hl=45.0d, 0 sold of 1",2026-09-15T23:53:11.785896+00:00
SAZN974,18.7,40,1,0.0,0.0,0.0,"decay-wtd trimmed median, hl=45.0d, 0 sold of 1",2026-09-15T23:53:11.785896+00:00
SB01473A1B1X1,9486.0,40,1,0.0,0.0,0.0,"decay-wtd trimmed median, hl=45.0d, 0 sold of 1",2026-09-15T23:53:11.785896+00:00
SB04451A1B1X1,465.0,40,1,0.0,0.0,0.0,"decay-wtd trimmed median, hl=45.0d, 0 sold of 1",2026-09-15T23:53:11.785896+00:00
SB04452A1C1X1,465.0,40,1,0.0,0.0,0.0,"decay-wtd trimmed median, hl=45.0d, 0 sold of 1",2026-09-15T23:53:11.785896+00:00
SBBC007,18.7,40,1,0.0,0.0,0.0,"decay-wtd trimmed median, hl=45.0d, 0 sold of 1",2026-09-15T23:53:11.785896+00:00
SBBC009,19.29,40,1,0.0,0.0,0.0,"decay-wtd trimmed median, hl=45.0d, 0 sold of 1",2026-09-15T23:53:11.785896+00:00
SBBC035,19.29,40,1,0.0,0.0,0.0,"decay-wtd trimmed median, hl=45.0d, 0 sold of 1",2026-09-15T23:53:11.785896+00:00
SBBN011J,121.59,40,1,0.0,0.0,0.0,"decay-wtd trimmed median, hl=45.0d, 0 sold of 1",2026-09-15T23:53:11.785896+00:00
SBBN015J,125.1,40,1,0.0,0.0,0.0,"decay-wtd trimmed median, hl=45.0d, 0 sold of 1",2026-09-15T23:53:11.785896+00:00
SBBN017J,154.32,40,1,0.0,0.0,0.0,"decay-wtd trimmed median, hl=45.0d, 0 sold of 1",2026-09-15T23:53:11.785896+00:00
SBBN021J,52.61,40,1,0.0,0.0,0.0,"decay-wtd trimmed median, hl=45.0d, 0 sold of 1",2026-09-15T23:53:11.785896+00:00
SBBN040,68.98,40,1,0.0,0.0,0.0,"decay-wtd trimmed median, hl=45.0d, 0 sold of 1",2026-09-15T23:53:11.785896+00:00
SBBN049,144.98,40,1,0.0,0.0,0.0,"decay-wtd trimmed median, hl=45.0d, 0 sold of 1",2026-09-15T23:53:11.785896+00:00
SBBP005,21.05,40,1,0.0,0.0,0.0,"decay-wtd trimmed median, hl=45.0d, 0 sold of 1",2026-09-15T23:53:11.785896+00:00
SBBP029,21.05,40,1,0.0,0.0,0.0,"decay-wtd trimmed median, hl=45.0d, 0 sold of 1",2026-09-15T23:53:11.785896+00:00
SBBP071J,15.78,40,1,0.0,0.0,0.0,"decay-wtd trimmed median, hl=45.0d, 0 sold of 1",2026-09-15T23:53:11.785896+00:00
SBBT019,21.05,40,1,0.0,0.0,0.0,"decay-wtd trimmed median, hl=45.0d, 0 sold of 1",2026-09-15T23:53:11.785896+00:00
SBBT029,21.05,40,1,0.0,0.0,0.0,"decay-wtd trimmed median, hl=45.0d, 0 sold of 1",2026-09-15T23:53:11.785896+00:00
SBC018J,21.05,40,1,0.0,0.0,0.0,"decay-wtd trimmed median, hl=45.0d, 0 sold of 1",2026-09-15T23:53:11.785896+00:00
SBCA001J,16.37,40,1,0.0,0.0,0.0,"decay-wtd trimmed median, hl=45.0d, 0 sold of 1",2026-09-15T23:53:11.785896+00:00
SBCB001J,19.29,40,1,0.0,0.0,0.0,"decay-wtd trimmed median, hl=45.0d, 0 sold of 1",2026-09-15T23:53:11.785896+00:00
SBCC001,21.05,40,1,0.0,0.0,0.0,"decay-wtd trimmed median, hl=45.0d, 0 sold of 1",2026-09-15T23:53:11.785896+00:00
SBCD001,39.16,40,1,0.0,0.0,0.0,"decay-wtd trimmed median, hl=45.0d, 0 sold of 1",2026-09-15T23:53:11.785896+00:00
SBCF001,21.05,40,1,0.0,0.0,0.0,"decay-wtd trimmed median, hl=45.0d, 0 sold of 1",2026-09-15T23:53:11.785896+00:00
SBCN003J,49.1,40,1,0.0,0.0,0.0,"decay-wtd trimmed median, hl=45.0d, 0 sold of 1",2026-09-15T23:53:11.785896+00:00
SBCR001,21.05,40,1,0.0,0.0,0.0,"decay-wtd trimmed median, hl=45.0d, 0 sold of 1",2026-09-15T23:53:11.785896+00:00
SBCW019J,21.05,40,1,0.0,0.0,0.0,"decay-wtd trimmed median, hl=45.0d, 0 sold of 1",2026-09-15T23:53:11.785896+00:00
SBDB001J,16.37,40,1,0.0,0.0,0.0,"decay-wtd trimmed median, hl=45.0d, 0 sold of 1",2026-09-15T23:53:11.785896+00:00
SBDB017J,113.4,40,1,0.0,0.0,0.0,"decay-wtd trimmed median, hl=45.0d, 0 sold of 1",2026-09-15T23:53:11.785896+00:00
SBDB023,177.71,40,1,0.0,0.0,0.0,"decay-wtd trimmed median, hl=45.0d, 0 sold of 1",2026-09-15T23:53:11.785896+00:00
SBDB037J,98.21,40,1,0.0,0.0,0.0,"decay-wtd trimmed median, hl=45.0d, 0 sold of 1",2026-09-15T23:53:11.785896+00:00
SBDC005J,35.07,40,1,0.0,0.0,0.0,"decay-wtd trimmed median, hl=45.0d, 0 sold of 1",2026-09-15T23:53:11.785896+00:00
SBDC013J,19.29,40,1,0.0,0.0,0.0,"decay-wtd trimmed median, hl=45.0d, 0 sold of 1",2026-09-15T23:53:11.785896+00:00
SBDC027J,70.15,40,1,0.0,0.0,0.0,"decay-wtd trimmed median, hl=45.0d, 0 sold of 1",2026-09-15T23:53:11.785896+00:00
SBDC053,22.22,40,1,0.0,0.0,0.0,"decay-wtd trimmed median, hl=45.0d, 0 sold of 1",2026-09-15T23:53:11.785896+00:00
SBDC138,141.47,40,1,0.0,0.0,0.0,"decay-wtd trimmed median, hl=45.0d, 0 sold of 1",2026-09-15T23:53:11.785896+00:00
SBDC143,250.2,40,1,0.0,0.0,0.0,"decay-wtd trimmed median, hl=45.0d, 0 sold of 1",2026-09-15T23:53:11.785896+00:00
SBDC145,51.44,40,1,0.0,0.0,0.0,"decay-wtd trimmed median, hl=45.0d, 0 sold of 1",2026-09-15T23:53:11.785896+00:00
SBDC195,21.05,40,1,0.0,0.0,0.0,"decay-wtd trimmed median, hl=45.0d, 0 sold of 1",2026-09-15T23:53:11.785896+00:00
SBDC199,329.7,40,1,0.0,0.0,0.0,"decay-wtd trimmed median, hl=45.0d, 0 sold of 1",2026-09-15T23:53:11.785896+00:00
SBDC219,68.98,40,1,0.0,0.0,0.0,"decay-wtd trimmed median, hl=45.0d, 0 sold of 1",2026-09-15T23:53:11.785896+00:00
SBDF003J,24.55,40,1,0.0,0.0,0.0,"decay-wtd trimmed median, hl=45.0d, 0 sold of 1",2026-09-15T23:53:11.785896+00:00
SBDF007J,24.55,40,1,0.0,0.0,0.0,"decay-wtd trimmed median, hl=45.0d, 0 sold of 1",2026-09-15T23:53:11.785896+00:00
SBDF009J,24.55,40,1,0.0,0.0,0.0,"decay-wtd trimmed median, hl=45.0d, 0 sold of 1",2026-09-15T23:53:11.785896+00:00
SBDF011,24.55,40,1,0.0,0.0,0.0,"decay-wtd trimmed median, hl=45.0d, 0 sold of 1",2026-09-15T23:53:11.785896+00:00
SBDF021J,24.55,40,1,0.0,0.0,0.0,"decay-wtd trimmed median, hl=45.0d, 0 sold of 1",2026-09-15T23:53:11.785896+00:00
SBDF025J,24.55,40,1,0.0,0.0,0.0,"decay-wtd trimmed median, hl=45.0d, 0 sold of 1",2026-09-15T23:53:11.785896+00:00
SBDF029,24.55,40,1,0.0,0.0,0.0,"decay-wtd trimmed median, hl=45.0d, 0 sold of 1",2026-09-15T23:53:11.785896+00:00
SBDG001J,24.55,40,1,0.0,0.0,0.0,"decay-wtd trimmed median, hl=45.0d, 0 sold of 1",2026-09-15T23:53:11.785896+00:00
SBDG003,24.55,40,1,0.0,0.0,0.0,"decay-wtd trimmed median, hl=45.0d, 0 sold of 1",2026-09-15T23:53:11.785896+00:00
SBDJ001,18.7,40,1,0.0,0.0,0.0,"decay-wtd trimmed median, hl=45.0d, 0 sold of 1",2026-09-15T23:53:11.785896+00:00
SBDJ017,18.7,40,1,0.0,0.0,0.0,"decay-wtd trimmed median, hl=45.0d, 0 sold of 1",2026-09-15T23:53:11.785896+00:00
SBDJ027J,45.6,40,1,0.0,0.0,0.0,"decay-wtd trimmed median, hl=45.0d, 0 sold of 1",2026-09-15T23:53:11.785896+00:00
SBDJ028J,63.14,40,1,0.0,0.0,0.0,"decay-wtd trimmed median, hl=45.0d, 0 sold of 1",2026-09-15T23:53:11.785896+00:00
SBDJ029J,60.79,40,1,0.0,0.0,0.0,"decay-wtd trimmed median, hl=45.0d, 0 sold of 1",2026-09-15T23:53:11.785896+00:00
SBDJ047,18.13,40,1,0.0,0.0,0.0,"decay-wtd trimmed median, hl=45.0d, 0 sold of 1",2026-09-15T23:53:11.785896+00:00
SBDL021J,24.55,40,1,0.0,0.0,0.0,"decay-wtd trimmed median, hl=45.0d, 0 sold of 1",2026-09-15T23:53:11.785896+00:00
SBDL029J,18.7,40,1,0.0,0.0,0.0,"decay-wtd trimmed median, hl=45.0d, 0 sold of 1",2026-09-15T23:53:11.785896+00:00
SBDL031,21.05,40,1,0.0,0.0,1.0,"decay-wtd trimmed median, hl=45.0d, 0 sold of 1",2026-09-15T23:53:11.785896+00:00
SBDL033,54.95,40,1,0.0,0.0,0.0,"decay-wtd trimmed median, hl=45.0d, 0 sold of 1",2026-09-15T23:53:11.785896+00:00
SBDL055,20.46,40,1,0.0,0.0,0.0,"decay-wtd trimmed median, hl=45.0d, 0 sold of 1",2026-09-15T23:53:11.785896+00:00
SBDL089,378.45,40,1,0.0,0.0,0.0,"decay-wtd trimmed median, hl=45.0d, 0 sold of 1",2026-09-15T23:53:11.785896+00:00
SBDL103,92.36,40,1,0.0,0.0,0.0,"decay-wtd trimmed median, hl=45.0d, 0 sold of 1",2026-09-15T23:53:11.785896+00:00
SBDM007,87.69,40,1,0.0,0.0,0.0,"decay-wtd trimmed median, hl=45.0d, 0 sold of 1",2026-09-15T23:53:11.785896+00:00
SBDN021J,18.7,40,1,0.0,0.0,0.0,"decay-wtd trimmed median, hl=45.0d, 0 sold of 1",2026-09-15T23:53:11.785896+00:00
SBDP013,39.16,40,1,0.0,0.0,0.0,"decay-wtd trimmed median, hl=45.0d, 0 sold of 1",2026-09-15T23:53:11.785896+00:00
SBDP021J,19.29,40,1,0.0,0.0,0.0,"decay-wtd trimmed median, hl=45.0d, 0 sold of 1",2026-09-15T23:53:11.785896+00:00
SBDW005J,18.7,40,1,0.0,0.0,0.0,"decay-wtd trimmed median, hl=45.0d, 0 sold of 1",2026-09-15T23:53:11.785896+00:00
SBDX063,2109.64,40,1,0.0,0.0,0.0,"decay-wtd trimmed median, hl=45.0d, 0 sold of 1",2026-09-15T23:53:11.785896+00:00
SBDY027,26.31,40,1,0.0,0.0,0.0,"decay-wtd trimmed median, hl=45.0d, 0 sold of 1",2026-09-15T23:53:11.785896+00:00
SBDY033J,39.16,40,1,0.0,0.0,0.0,"decay-wtd trimmed median, hl=45.0d, 0 sold of 1",2026-09-15T23:53:11.785896+00:00
SBDY037,40.92,40,1,0.0,0.0,0.0,"decay-wtd trimmed median, hl=45.0d, 0 sold of 1",2026-09-15T23:53:11.785896+00:00
SBDY039J,30.98,40,1,0.0,0.0,0.0,"decay-wtd trimmed median, hl=45.0d, 0 sold of 1",2026-09-15T23:53:11.785896+00:00
SBDY083,21.63,40,1,0.0,0.0,0.0,"decay-wtd trimmed median, hl=45.0d, 0 sold of 1",2026-09-15T23:53:11.785896+00:00
SBDY087,23.38,40,1,0.0,0.0,0.0,"decay-wtd trimmed median, hl=45.0d, 0 sold of 1",2026-09-15T23:53:11.785896+00:00
SBDY121,20.46,40,1,0.0,0.0,0.0,"decay-wtd trimmed median, hl=45.0d, 0 sold of 1",2026-09-15T23:53:11.785896+00:00
SBDY127,40.92,40,1,0.0,0.0,0.0,"decay-wtd trimmed median, hl=45.0d, 0 sold of 1",2026-09-15T23:53:11.785896+00:00
SBDY129,37.41,40,1,0.0,0.0,0.0,"decay-wtd trimmed median, hl=45.0d, 0 sold of 1",2026-09-15T23:53:11.785896+00:00
SBEB037J,121.59,40,1,0.0,0.0,0.0,"decay-wtd trimmed median, hl=45.0d, 0 sold of 1",2026-09-15T23:53:11.785896+00:00
SBEB039J,120.43,40,1,0.0,0.0,0.0,"decay-wtd trimmed median, hl=45.0d, 0 sold of 1",2026-09-15T23:53:11.785896+00:00
SBEB041J,122.76,40,1,0.0,0.0,0.0,"decay-wtd trimmed median, hl=45.0d, 0 sold of 1",2026-09-15T23:53:11.785896+00:00
SBEC001,1642.66,40,1,0.0,0.0,0.0,"decay-wtd trimmed median, hl=45.0d, 0 sold of 1",2026-09-15T23:53:11.785896+00:00
SBEC011,1157.46,40,1,0.0,0.0,0.0,"decay-wtd trimmed median, hl=45.0d, 0 sold of 1",2026-09-15T23:53:11.785896+00:00
SBEC023,2400.65,40,1,0.0,0.0,0.0,"decay-wtd trimmed median, hl=45.0d, 0 sold of 1",2026-09-15T23:53:11.785896+00:00
SBED011,849.48,40,1,0.0,0.0,0.0,"decay-wtd trimmed median, hl=45.0d, 0 sold of 1",2026-09-15T23:53:11.785896+00:00
SBED015,185.9,40,1,0.0,0.0,0.0,"decay-wtd trimmed median, hl=45.0d, 0 sold of 1",2026-09-15T23:53:11.785896+00:00
SBEF033J,20.46,40,1,0.0,0.0,0.0,"decay-wtd trimmed median, hl=45.0d, 0 sold of 1",2026-09-15T23:53:11.785896+00:00
SBEF061,20.46,40,1,0.0,0.0,0.0,"decay-wtd trimmed median, hl=45.0d, 0 sold of 1",2026-09-15T23:53:11.785896+00:00
SBEG001J,21.05,40,1,0.0,0.0,0.0,"decay-wtd trimmed median, hl=45.0d, 0 sold of 1",2026-09-15T23:53:11.785896+00:00
SBEN001,66.64,40,1,0.0,0.0,0.0,"decay-wtd trimmed median, hl=45.0d, 0 sold of 1",2026-09-15T23:53:11.785896+00:00
SBEN003,113.4,40,1,0.0,0.0,0.0,"decay-wtd trimmed median, hl=45.0d, 0 sold of 1",2026-09-15T23:53:11.785896+00:00
SBEP001J,20.46,40,1,0.0,0.0,0.0,"decay-wtd trimmed median, hl=45.0d, 0 sold of 1",2026-09-15T23:53:11.785896+00:00
SBEP003J,20.46,40,1,0.0,0.0,0.0,"decay-wtd trimmed median, hl=45.0d, 0 sold of 1",2026-09-15T23:53:11.785896+00:00
SBEQ001,19.29,40,1,0.0,0.0,0.0,"decay-wtd trimmed median, hl=45.0d, 0 sold of 1",2026-09-15T23:53:11.785896+00:00
SBGA070,478.18,40,1,0.0,0.0,0.0,"decay-wtd trimmed median, hl=45.0d, 0 sold of 1",2026-09-15T23:53:11.785896+00:00
SBGA073J,104.06,40,1,0.0,0.0,0.0,"decay-wtd trimmed median, hl=45.0d, 0 sold of 1",2026-09-15T23:53:11.785896+00:00
SBGA079,2396.76,40,1,0.0,0.0,0.0,"decay-wtd trimmed median, hl=45.0d, 0 sold of 1",2026-09-15T23:53:11.785896+00:00
SBGA117,198.76,40,1,0.0,0.0,0.0,"decay-wtd trimmed median, hl=45.0d, 0 sold of 1",2026-09-15T23:53:11.785896+00:00
SBGA129,4612.3,40,1,0.0,0.0,0.0,"decay-wtd trimmed median, hl=45.0d, 0 sold of 1",2026-09-15T23:53:11.785896+00:00
SBGA149,2046.01,40,1,0.0,0.0,0.0,"decay-wtd trimmed median, hl=45.0d, 0 sold of 1",2026-09-15T23:53:11.785896+00:00
SBGA225J,36.83,40,1,0.0,0.0,0.0,"decay-wtd trimmed median, hl=45.0d, 0 sold of 1",2026-09-15T23:53:11.785896+00:00
SBGA229G,243.77,40,1,0.0,0.0,0.0,"decay-wtd trimmed median, hl=45.0d, 0 sold of 1",2026-09-15T23:53:11.785896+00:00
SBGA231G,320.35,40,1,0.0,0.0,0.0,"decay-wtd trimmed median, hl=45.0d, 0 sold of 1",2026-09-15T23:53:11.785896+00:00
SBGA371,4092.03,40,1,0.0,0.0,0.0,"decay-wtd trimmed median, hl=45.0d, 0 sold of 1",2026-09-15T23:53:11.785896+00:00
SBGA375,5208.0,40,1,0.0,0.0,0.0,"decay-wtd trimmed median, hl=45.0d, 0 sold of 1",2026-09-15T23:53:11.785896+00:00
SBGA427G,263.06,40,1,0.0,0.0,0.0,"decay-wtd trimmed median, hl=45.0d, 0 sold of 1",2026-09-15T23:53:11.785896+00:00
SBGA451G,74.24,40,1,0.0,0.0,0.0,"decay-wtd trimmed median, hl=45.0d, 0 sold of 1",2026-09-15T23:53:11.785896+00:00
SBGA461G,49.69,40,1,0.0,0.0,0.0,"decay-wtd trimmed median, hl=45.0d, 0 sold of 1",2026-09-15T23:53:11.785896+00:00
SBGA463,144.98,40,1,0.0,0.0,0.0,"decay-wtd trimmed median, hl=45.0d, 0 sold of 1",2026-09-15T23:53:11.785896+00:00
SBGA465G,4929.0,40,1,0.0,0.0,0.0,"decay-wtd trimmed median, hl=45.0d, 0 sold of 1",2026-09-15T23:53:11.785896+00:00
SBGA467,3332.08,40,1,0.0,0.0,0.0,"decay-wtd trimmed median, hl=45.0d, 0 sold of 1",2026-09-15T23:53:11.785896+00:00
SBGA471,4649.07,40,1,0.0,0.0,1.0,"decay-wtd trimmed median, hl=45.0d, 0 sold of 1",2026-09-15T23:53:11.785896+00:00
SBGA489,3775.8,40,1,0.0,0.0,0.0,"decay-wtd trimmed median, hl=45.0d, 0 sold of 1",2026-09-15T23:53:11.785896+00:00
SBGA493,5580.0,40,1,0.0,0.0,0.0,"decay-wtd trimmed median, hl=45.0d, 0 sold of 1",2026-09-15T23:53:11.785896+00:00
SBGA517,7932.8,40,1,0.0,0.0,0.0,"decay-wtd trimmed median, hl=45.0d, 0 sold of 1",2026-09-15T23:53:11.785896+00:00
SBGC244,6547.24,40,1,0.0,0.0,0.0,"decay-wtd trimmed median, hl=45.0d, 0 sold of 1",2026-09-15T23:53:11.785896+00:00
SBGC244G,390.5,40,1,0.0,0.0,0.0,"decay-wtd trimmed median, hl=45.0d, 0 sold of 1",2026-09-15T23:53:11.785896+00:00
SBGC247G,283.52,40,1,0.0,0.0,0.0,"decay-wtd trimmed median, hl=45.0d, 0 sold of 1",2026-09-15T23:53:11.785896+00:00
SBGC261,6664.16,40,1,0.0,0.0,0.0,"decay-wtd trimmed median, hl=45.0d, 0 sold of 1",2026-09-15T23:53:11.785896+00:00
SBGD202,22769.19,40,1,0.0,0.0,0.0,"decay-wtd trimmed median, hl=45.0d, 0 sold of 1",2026-09-15T23:53:11.785896+00:00
SBGE271,6045.0,40,1,0.0,0.0,0.0,"decay-wtd trimmed median, hl=45.0d, 0 sold of 1",2026-09-15T23:53:11.785896+00:00
SBGE289,5378.09,40,1,0.0,0.0,0.0,"decay-wtd trimmed median, hl=45.0d, 0 sold of 1",2026-09-15T23:53:11.785896+00:00
SBGE305,6045.0,40,1,0.0,0.0,0.0,"decay-wtd trimmed median, hl=45.0d, 0 sold of 1",2026-09-15T23:53:11.785896+00:00
SBGH219,11856.43,40,1,0.0,0.0,0.0,"decay-wtd trimmed median, hl=45.0d, 0 sold of 1",2026-09-15T23:53:11.785896+00:00
SBGH283,5144.26,40,1,0.0,0.0,0.0,"decay-wtd trimmed median, hl=45.0d, 0 sold of 1",2026-09-15T23:53:11.785896+00:00
SBGH291,8184.0,40,1,0.0,0.0,0.0,"decay-wtd trimmed median, hl=45.0d, 0 sold of 1",2026-09-15T23:53:11.785896+00:00
SBGH311,6138.0,40,1,0.0,0.0,0.0,"decay-wtd trimmed median, hl=45.0d, 0 sold of 1",2026-09-15T23:53:11.785896+00:00
SBGH353,6975.0,40,1,0.0,0.0,0.0,"decay-wtd trimmed median, hl=45.0d, 0 sold of 1",2026-09-15T23:53:11.785896+00:00
SBGH376,30504.0,40,1,0.0,0.0,0.0,"decay-wtd trimmed median, hl=45.0d, 0 sold of 1",2026-09-15T23:53:11.785896+00:00
SBGJ237G,245.52,40,1,0.0,0.0,0.0,"decay-wtd trimmed median, hl=45.0d, 0 sold of 1",2026-09-15T23:53:11.785896+00:00
SBGK007,4752.3,40,1,0.0,0.0,0.0,"decay-wtd trimmed median, hl=45.0d, 0 sold of 1",2026-09-15T23:53:11.785896+00:00
SBGK009,3536.68,40,1,0.0,0.0,0.0,"decay-wtd trimmed median, hl=45.0d, 0 sold of 1",2026-09-15T23:53:11.785896+00:00
SBGM031,3500.85,40,1,0.0,0.0,0.0,"decay-wtd trimmed median, hl=45.0d, 0 sold of 1",2026-09-15T23:53:11.785896+00:00
SBGM033G,192.91,40,1,0.0,0.0,0.0,"decay-wtd trimmed median, hl=45.0d, 0 sold of 1",2026-09-15T23:53:11.785896+00:00
SBGM239,5022.0,40,1,0.0,0.0,0.0,"decay-wtd trimmed median, hl=45.0d, 0 sold of 1",2026-09-15T23:53:11.785896+00:00
SBGM253,5208.0,40,1,0.0,0.0,0.0,"decay-wtd trimmed median, hl=45.0d, 0 sold of 1",2026-09-15T23:53:11.785896+00:00
SBGN017,55.53,40,1,0.0,0.0,0.0,"decay-wtd trimmed median, hl=45.0d, 0 sold of 1",2026-09-15T23:53:11.785896+00:00
SBGP015G,83.01,40,1,0.0,0.0,0.0,"decay-wtd trimmed median, hl=45.0d, 0 sold of 1",2026-09-15T23:53:11.785896+00:00
SBGP017G,68.98,40,1,0.0,0.0,0.0,"decay-wtd trimmed median, hl=45.0d, 0 sold of 1",2026-09-15T23:53:11.785896+00:00
SBGR015,3812.07,40,1,0.0,0.0,0.0,"decay-wtd trimmed median, hl=45.0d, 0 sold of 1",2026-09-15T23:53:11.785896+00:00
SBGR067,1870.64,40,1,0.0,0.0,0.0,"decay-wtd trimmed median, hl=45.0d, 0 sold of 1",2026-09-15T23:53:11.785896+00:00
SBGR095,3792.59,40,1,0.0,0.0,0.0,"decay-wtd trimmed median, hl=45.0d, 0 sold of 1",2026-09-15T23:53:11.785896+00:00
SBGR321,4836.0,40,1,0.0,0.0,0.0,"decay-wtd trimmed median, hl=45.0d, 0 sold of 1",2026-09-15T23:53:11.785896+00:00
SBGT033,2620.87,40,1,0.0,0.0,0.0,"decay-wtd trimmed median, hl=45.0d, 0 sold of 1",2026-09-15T23:53:11.785896+00:00
SBGV027,2513.67,40,1,0.0,0.0,0.0,"decay-wtd trimmed median, hl=45.0d, 0 sold of 1",2026-09-15T23:53:11.785896+00:00
SBGV229J,136.21,40,1,0.0,0.0,0.0,"decay-wtd trimmed median, hl=45.0d, 0 sold of 1",2026-09-15T23:53:11.785896+00:00
SBGV243J,42.68,40,1,0.0,0.0,0.0,"decay-wtd trimmed median, hl=45.0d, 0 sold of 1",2026-09-15T23:53:11.785896+00:00
SBGW008J,1547.96,40,1,0.0,0.0,0.0,"decay-wtd trimmed median, hl=45.0d, 0 sold of 1",2026-09-15T23:53:11.785896+00:00
SBGW039,19338.37,40,1,0.0,0.0,0.0,"decay-wtd trimmed median, hl=45.0d, 0 sold of 1",2026-09-15T23:53:11.785896+00:00
SBGW260,26970.0,40,1,0.0,0.0,0.0,"decay-wtd trimmed median, hl=45.0d, 0 sold of 1",2026-09-15T23:53:11.785896+00:00
SBGW264,22320.0,40,1,0.0,0.0,0.0,"decay-wtd trimmed median, hl=45.0d, 0 sold of 1",2026-09-15T23:53:11.785896+00:00
SBGW279G,4603.5,40,1,0.0,0.0,0.0,"decay-wtd trimmed median, hl=45.0d, 0 sold of 1",2026-09-15T23:53:11.785896+00:00
SBGW289,5022.0,40,1,0.0,0.0,0.0,"decay-wtd trimmed median, hl=45.0d, 0 sold of 1",2026-09-15T23:53:11.785896+00:00
SBGW311,5487.0,40,1,0.0,0.0,0.0,"decay-wtd trimmed median, hl=45.0d, 0 sold of 1",2026-09-15T23:53:11.785896+00:00
SBGW313,5487.0,40,1,0.0,0.0,0.0,"decay-wtd trimmed median, hl=45.0d, 0 sold of 1",2026-09-15T23:53:11.785896+00:00
SBGW324,17422.52,40,1,0.0,0.0,0.0,"decay-wtd trimmed median, hl=45.0d, 0 sold of 1",2026-09-15T23:53:11.785896+00:00
SBGX073,1578.35,40,1,0.0,0.0,0.0,"decay-wtd trimmed median, hl=45.0d, 0 sold of 1",2026-09-15T23:53:11.785896+00:00
SBGX349,2158.86,40,1,0.0,0.0,0.0,"decay-wtd trimmed median, hl=45.0d, 0 sold of 1",2026-09-15T23:53:11.785896+00:00
SBGX363,3348.0,40,1,0.0,0.0,0.0,"decay-wtd trimmed median, hl=45.0d, 0 sold of 1",2026-09-15T23:53:11.785896+00:00
SBGX365,3348.0,40,1,0.0,0.0,0.0,"decay-wtd trimmed median, hl=45.0d, 0 sold of 1",2026-09-15T23:53:11.785896+00:00
SBGY008,35340.0,40,1,0.0,0.0,0.0,"decay-wtd trimmed median, hl=45.0d, 0 sold of 1",2026-09-15T23:53:11.785896+00:00
SBGY009,7533.0,40,1,0.0,0.0,0.0,"decay-wtd trimmed median, hl=45.0d, 0 sold of 1",2026-09-15T23:53:11.785896+00:00
SBHL001,16.37,40,1,0.0,0.0,0.0,"decay-wtd trimmed median, hl=45.0d, 0 sold of 1",2026-09-15T23:53:11.785896+00:00
SBHP001J,19.87,40,1,0.0,0.0,0.0,"decay-wtd trimmed median, hl=45.0d, 0 sold of 1",2026-09-15T23:53:11.785896+00:00
SBHP003,50.28,40,1,0.0,0.0,0.0,"decay-wtd trimmed median, hl=45.0d, 0 sold of 1",2026-09-15T23:53:11.785896+00:00
SBHP015,39.16,40,1,0.0,0.0,0.0,"decay-wtd trimmed median, hl=45.0d, 0 sold of 1",2026-09-15T23:53:11.785896+00:00
SBHR003J,75.99,40,1,0.0,0.0,0.0,"decay-wtd trimmed median, hl=45.0d, 0 sold of 1",2026-09-15T23:53:11.785896+00:00
SBHS001,100.54,40,1,0.0,0.0,0.0,"decay-wtd trimmed median, hl=45.0d, 0 sold of 1",2026-09-15T23:53:11.785896+00:00
SBHS003,42.09,40,1,0.0,0.0,0.0,"decay-wtd trimmed median, hl=45.0d, 0 sold of 1",2026-09-15T23:53:11.785896+00:00
SBHV001J,75.99,40,1,0.0,0.0,0.0,"decay-wtd trimmed median, hl=45.0d, 0 sold of 1",2026-09-15T23:53:11.785896+00:00
SBLA003J,36.83,40,1,0.0,0.0,0.0,"decay-wtd trimmed median, hl=45.0d, 0 sold of 1",2026-09-15T23:53:11.785896+00:00
SBLA005J,36.83,40,1,0.0,0.0,0.0,"decay-wtd trimmed median, hl=45.0d, 0 sold of 1",2026-09-15T23:53:11.785896+00:00
SBPC001,21.63,40,1,0.0,0.0,0.0,"decay-wtd trimmed median, hl=45.0d, 0 sold of 1",2026-09-15T23:53:11.785896+00:00
SBPJ021J,15.78,40,1,0.0,0.0,0.0,"decay-wtd trimmed median, hl=45.0d, 0 sold of 1",2026-09-15T23:53:11.785896+00:00
SBPJ037J,39.16,40,1,0.0,0.0,0.0,"decay-wtd trimmed median, hl=45.0d, 0 sold of 1",2026-09-15T23:53:11.785896+00:00
SBPK007,50.28,40,1,0.0,0.0,0.0,"decay-wtd trimmed median, hl=45.0d, 0 sold of 1",2026-09-15T23:53:11.785896+00:00
SBPL030,22.79,40,1,0.0,0.0,0.0,"decay-wtd trimmed median, hl=45.0d, 0 sold of 1",2026-09-15T23:53:11.785896+00:00
SBPM001,39.16,40,1,0.0,0.0,0.0,"decay-wtd trimmed median, hl=45.0d, 0 sold of 1",2026-09-15T23:53:11.785896+00:00
SBPN017,19.87,40,1,0.0,0.0,0.0,"decay-wtd trimmed median, hl=45.0d, 0 sold of 1",2026-09-15T23:53:11.785896+00:00
SBPN031,20.46,40,1,0.0,0.0,0.0,"decay-wtd trimmed median, hl=45.0d, 0 sold of 1",2026-09-15T23:53:11.785896+00:00
SBPN055,18.7,40,1,0.0,0.0,0.0,"decay-wtd trimmed median, hl=45.0d, 0 sold of 1",2026-09-15T23:53:11.785896+00:00
SBPN059,18.7,40,1,0.0,0.0,0.0,"decay-wtd trimmed median, hl=45.0d, 0 sold of 1",2026-09-15T23:53:11.785896+00:00
SBPN065,18.7,40,1,0.0,0.0,0.0,"decay-wtd trimmed median, hl=45.0d, 0 sold of 1",2026-09-15T23:53:11.785896+00:00
SBPN067,21.63,40,1,0.0,0.0,0.0,"decay-wtd trimmed median, hl=45.0d, 0 sold of 1",2026-09-15T23:53:11.785896+00:00
SBPN091J,18.7,40,1,0.0,0.0,0.0,"decay-wtd trimmed median, hl=45.0d, 0 sold of 1",2026-09-15T23:53:11.785896+00:00
SBPN093J,18.7,40,1,0.0,0.0,0.0,"decay-wtd trimmed median, hl=45.0d, 0 sold of 1",2026-09-15T23:53:11.785896+00:00
SBPR039,19.87,40,1,0.0,0.0,0.0,"decay-wtd trimmed median, hl=45.0d, 0 sold of 1",2026-09-15T23:53:11.785896+00:00
SBPS043J,20.46,40,1,0.0,0.0,0.0,"decay-wtd trimmed median, hl=45.0d, 0 sold of 1",2026-09-15T23:53:11.785896+00:00
SBPS049,26.89,40,1,0.0,0.0,0.0,"decay-wtd trimmed median, hl=45.0d, 0 sold of 1",2026-09-15T23:53:11.785896+00:00
SBPS054,21.63,40,1,0.0,0.0,0.0,"decay-wtd trimmed median, hl=45.0d, 0 sold of 1",2026-09-15T23:53:11.785896+00:00
SBPT019,43.25,40,1,0.0,0.0,0.0,"decay-wtd trimmed median, hl=45.0d, 0 sold of 1",2026-09-15T23:53:11.785896+00:00
SBPT025J,19.29,40,1,0.0,0.0,0.0,"decay-wtd trimmed median, hl=45.0d, 0 sold of 1",2026-09-15T23:53:11.785896+00:00
SBPT035,39.16,40,1,0.0,0.0,0.0,"decay-wtd trimmed median, hl=45.0d, 0 sold of 1",2026-09-15T23:53:11.785896+00:00
SBPX001,16.95,40,1,0.0,0.0,0.0,"decay-wtd trimmed median, hl=45.0d, 0 sold of 1",2026-09-15T23:53:11.785896+00:00
SBPX002,18.7,40,1,0.0,0.0,0.0,"decay-wtd trimmed median, hl=45.0d, 0 sold of 1",2026-09-15T23:53:11.785896+00:00
SBPX006,18.7,40,1,0.0,0.0,0.0,"decay-wtd trimmed median, hl=45.0d, 0 sold of 1",2026-09-15T23:53:11.785896+00:00
SBPX013,37.41,40,1,0.0,0.0,0.0,"decay-wtd trimmed median, hl=45.0d, 0 sold of 1",2026-09-15T23:53:11.785896+00:00
SBPX019,18.7,40,1,0.0,0.0,0.0,"decay-wtd trimmed median, hl=45.0d, 0 sold of 1",2026-09-15T23:53:11.785896+00:00
SBPX022,20.46,40,1,0.0,0.0,0.0,"decay-wtd trimmed median, hl=45.0d, 0 sold of 1",2026-09-15T23:53:11.785896+00:00
SBPX061J,18.7,40,1,0.0,0.0,0.0,"decay-wtd trimmed median, hl=45.0d, 0 sold of 1",2026-09-15T23:53:11.785896+00:00
SBPX149J,22.22,40,1,0.0,0.0,0.0,"decay-wtd trimmed median, hl=45.0d, 0 sold of 1",2026-09-15T23:53:11.785896+00:00
SBPY001J,18.7,40,1,0.0,0.0,0.0,"decay-wtd trimmed median, hl=45.0d, 0 sold of 1",2026-09-15T23:53:11.785896+00:00
SBPY053G,20.46,40,1,0.0,0.0,0.0,"decay-wtd trimmed median, hl=45.0d, 0 sold of 1",2026-09-15T23:53:11.785896+00:00
SBPY085G,39.16,40,1,0.0,0.0,0.0,"decay-wtd trimmed median, hl=45.0d, 0 sold of 1",2026-09-15T23:53:11.785896+00:00
SBPY109,77.16,40,1,0.0,0.0,0.0,"decay-wtd trimmed median, hl=45.0d, 0 sold of 1",2026-09-15T23:53:11.785896+00:00
SBPY121G,18.7,40,1,0.0,0.0,0.0,"decay-wtd trimmed median, hl=45.0d, 0 sold of 1",2026-09-15T23:53:11.785896+00:00
SBPY143,21.05,40,1,0.0,0.0,0.0,"decay-wtd trimmed median, hl=45.0d, 0 sold of 1",2026-09-15T23:53:11.785896+00:00
SBPY155,22.79,40,1,0.0,0.0,0.0,"decay-wtd trimmed median, hl=45.0d, 0 sold of 1",2026-09-15T23:53:11.785896+00:00
SBPY156,26.89,40,1,0.0,0.0,0.0,"decay-wtd trimmed median, hl=45.0d, 0 sold of 1",2026-09-15T23:53:11.785896+00:00
SBPY157,26.89,40,1,0.0,0.0,0.0,"decay-wtd trimmed median, hl=45.0d, 0 sold of 1",2026-09-15T23:53:11.785896+00:00
SBQC040,18.7,40,1,0.0,0.0,0.0,"decay-wtd trimmed median, hl=45.0d, 0 sold of 1",2026-09-15T23:53:11.785896+00:00
SBQC070,19.87,40,1,0.0,0.0,0.0,"decay-wtd trimmed median, hl=45.0d, 0 sold of 1",2026-09-15T23:53:11.785896+00:00
SBQC130,21.05,40,1,0.0,0.0,0.0,"decay-wtd trimmed median, hl=45.0d, 0 sold of 1",2026-09-15T23:53:11.785896+00:00
SBQD774,18.7,40,1,0.0,0.0,0.0,"decay-wtd trimmed median, hl=45.0d, 0 sold of 1",2026-09-15T23:53:11.785896+00:00
SBQF614,21.05,40,1,0.0,0.0,0.0,"decay-wtd trimmed median, hl=45.0d, 0 sold of 1",2026-09-15T23:53:11.785896+00:00
SBQK062J,54.95,40,1,0.0,0.0,0.0,"decay-wtd trimmed median, hl=45.0d, 0 sold of 1",2026-09-15T23:53:11.785896+00:00
SBQK063J,54.95,40,1,0.0,0.0,0.0,"decay-wtd trimmed median, hl=45.0d, 0 sold of 1",2026-09-15T23:53:11.785896+00:00
SBQK081,39.16,40,1,0.0,0.0,0.0,"decay-wtd trimmed median, hl=45.0d, 0 sold of 1",2026-09-15T23:53:11.785896+00:00
SBQL009,22.79,40,1,0.0,0.0,0.0,"decay-wtd trimmed median, hl=45.0d, 0 sold of 1",2026-09-15T23:53:11.785896+00:00
SBRA140,19.29,40,1,0.0,0.0,0.0,"decay-wtd trimmed median, hl=45.0d, 0 sold of 1",2026-09-15T23:53:11.785896+00:00
SBSA007J,21.13,40,1,0.0,0.0,0.0,"decay-wtd trimmed median, hl=45.0d, 0 sold of 1",2026-09-15T23:53:11.785896+00:00
SBSA031J,19.29,40,1,0.0,0.0,0.0,"decay-wtd trimmed median, hl=45.0d, 0 sold of 1",2026-09-15T23:53:11.785896+00:00
SBSA036,19.29,40,1,0.0,0.0,0.0,"decay-wtd trimmed median, hl=45.0d, 0 sold of 1",2026-09-15T23:53:11.785896+00:00
SBSA038,20.46,40,1,0.0,0.0,0.0,"decay-wtd trimmed median, hl=45.0d, 0 sold of 1",2026-09-15T23:53:11.785896+00:00
SBSA057J,33.91,40,1,0.0,0.0,0.0,"decay-wtd trimmed median, hl=45.0d, 0 sold of 1",2026-09-15T23:53:11.785896+00:00
SBSA077J,20.46,40,1,0.0,0.0,0.0,"decay-wtd trimmed median, hl=45.0d, 0 sold of 1",2026-09-15T23:53:11.785896+00:00
SBSA079J,78.33,40,1,0.0,0.0,0.0,"decay-wtd trimmed median, hl=45.0d, 0 sold of 1",2026-09-15T23:53:11.785896+00:00
SBSA087,427.8,40,1,0.0,0.0,0.0,"decay-wtd trimmed median, hl=45.0d, 0 sold of 1",2026-09-15T23:53:11.785896+00:00
SBSA087J,35.07,40,1,0.0,0.0,0.0,"decay-wtd trimmed median, hl=45.0d, 0 sold of 1",2026-09-15T23:53:11.785896+00:00
SBSA091J,35.07,40,1,0.0,0.0,0.0,"decay-wtd trimmed median, hl=45.0d, 0 sold of 1",2026-09-15T23:53:11.785896+00:00
SBSA092J,45.6,40,1,0.0,0.0,0.0,"decay-wtd trimmed median, hl=45.0d, 0 sold of 1",2026-09-15T23:53:11.785896+00:00
SBSA095J,47.35,40,1,0.0,0.0,0.0,"decay-wtd trimmed median, hl=45.0d, 0 sold of 1",2026-09-15T23:53:11.785896+00:00
SBSA097J,47.35,40,1,0.0,0.0,0.0,"decay-wtd trimmed median, hl=45.0d, 0 sold of 1",2026-09-15T23:53:11.785896+00:00
SBSA119,20.46,40,1,0.0,0.0,0.0,"decay-wtd trimmed median, hl=45.0d, 0 sold of 1",2026-09-15T23:53:11.785896+00:00
SBSA121,20.46,40,1,0.0,0.0,0.0,"decay-wtd trimmed median, hl=45.0d, 0 sold of 1",2026-09-15T23:53:11.785896+00:00
SBSA125J,20.46,40,1,0.0,0.0,0.0,"decay-wtd trimmed median, hl=45.0d, 0 sold of 1",2026-09-15T23:53:11.785896+00:00
SBSA131J,39.16,40,1,0.0,0.0,0.0,"decay-wtd trimmed median, hl=45.0d, 0 sold of 1",2026-09-15T23:53:11.785896+00:00
SBSA160,54.95,40,1,0.0,0.0,0.0,"decay-wtd trimmed median, hl=45.0d, 0 sold of 1",2026-09-15T23:53:11.785896+00:00
SBSA167,53.78,40,1,0.0,0.0,0.0,"decay-wtd trimmed median, hl=45.0d, 0 sold of 1",2026-09-15T23:53:11.785896+00:00
SBSA199,20.46,40,1,0.0,0.0,0.0,"decay-wtd trimmed median, hl=45.0d, 0 sold of 1",2026-09-15T23:53:11.785896+00:00
SBSA212,399.9,40,1,0.0,0.0,0.0,"decay-wtd trimmed median, hl=45.0d, 0 sold of 1",2026-09-15T23:53:11.785896+00:00
SBSA227,218.69,40,1,0.0,0.0,0.0,"decay-wtd trimmed median, hl=45.0d, 0 sold of 1",2026-09-15T23:53:11.785896+00:00
SBSA237,617.39,40,1,0.0,0.0,0.0,"decay-wtd trimmed median, hl=45.0d, 0 sold of 1",2026-09-15T23:53:11.785896+00:00
SBSA239,59.62,40,1,0.0,0.0,0.0,"decay-wtd trimmed median, hl=45.0d, 0 sold of 1",2026-09-15T23:53:11.785896+00:00
SBSA259,18.13,40,1,0.0,0.0,0.0,"decay-wtd trimmed median, hl=45.0d, 0 sold of 1",2026-09-15T23:53:11.785896+00:00
SBSA277,18.13,40,1,0.0,0.0,0.0,"decay-wtd trimmed median, hl=45.0d, 0 sold of 1",2026-09-15T23:53:11.785896+00:00
SBSA281J,53.78,40,1,0.0,0.0,0.0,"decay-wtd trimmed median, hl=45.0d, 0 sold of 1",2026-09-15T23:53:11.785896+00:00
SBSA285,56.7,40,1,0.0,0.0,0.0,"decay-wtd trimmed median, hl=45.0d, 0 sold of 1",2026-09-15T23:53:11.785896+00:00
SBSA287J,45.6,40,1,0.0,0.0,0.0,"decay-wtd trimmed median, hl=45.0d, 0 sold of 1",2026-09-15T23:53:11.785896+00:00
SBSA293,315.08,40,1,0.0,0.0,0.0,"decay-wtd trimmed median, hl=45.0d, 0 sold of 1",2026-09-15T23:53:11.785896+00:00
SBSA303,31.56,40,1,0.0,0.0,0.0,"decay-wtd trimmed median, hl=45.0d, 0 sold of 1",2026-09-15T23:53:11.785896+00:00
SBSA307,31.56,40,1,0.0,0.0,0.0,"decay-wtd trimmed median, hl=45.0d, 0 sold of 1",2026-09-15T23:53:11.785896+00:00
SBSA311,19.87,40,1,0.0,0.0,0.0,"decay-wtd trimmed median, hl=45.0d, 0 sold of 1",2026-09-15T23:53:11.785896+00:00
SBSC009,36.24,40,1,0.0,0.0,0.0,"decay-wtd trimmed median, hl=45.0d, 0 sold of 1",2026-09-15T23:53:11.785896+00:00
SBSC023,20.46,40,1,0.0,0.0,0.0,"decay-wtd trimmed median, hl=45.0d, 0 sold of 1",2026-09-15T23:53:11.785896+00:00
SBSS001,21.05,40,1,0.0,0.0,0.0,"decay-wtd trimmed median, hl=45.0d, 0 sold of 1",2026-09-15T23:53:11.785896+00:00
SBTA020,19.87,40,1,0.0,0.0,0.0,"decay-wtd trimmed median, hl=45.0d, 0 sold of 1",2026-09-15T23:53:11.785896+00:00
SBTC003,18.7,40,1,0.0,0.0,0.0,"decay-wtd trimmed median, hl=45.0d, 0 sold of 1",2026-09-15T23:53:11.785896+00:00
SBTK401,19.29,40,1,0.0,0.0,0.0,"decay-wtd trimmed median, hl=45.0d, 0 sold of 1",2026-09-15T23:53:11.785896+00:00
SBTM009,64.3,40,1,0.0,0.0,0.0,"decay-wtd trimmed median, hl=45.0d, 0 sold of 1",2026-09-15T23:53:11.785896+00:00
SBTM017,18.7,40,1,0.0,0.0,0.0,"decay-wtd trimmed median, hl=45.0d, 0 sold of 1",2026-09-15T23:53:11.785896+00:00
SBTM039,19.87,40,1,0.0,0.0,0.0,"decay-wtd trimmed median, hl=45.0d, 0 sold of 1",2026-09-15T23:53:11.785896+00:00
SBTM041,16.37,40,1,0.0,0.0,0.0,"decay-wtd trimmed median, hl=45.0d, 0 sold of 1",2026-09-15T23:53:11.785896+00:00
SBTM045,16.37,40,1,0.0,0.0,0.0,"decay-wtd trimmed median, hl=45.0d, 0 sold of 1",2026-09-15T23:53:11.785896+00:00
SBTM075,18.7,40,1,0.0,0.0,0.0,"decay-wtd trimmed median, hl=45.0d, 0 sold of 1",2026-09-15T23:53:11.785896+00:00
SBTM083,70.15,40,1,0.0,0.0,0.0,"decay-wtd trimmed median, hl=45.0d, 0 sold of 1",2026-09-15T23:53:11.785896+00:00
SBTM125,18.7,40,1,0.0,0.0,0.0,"decay-wtd trimmed median, hl=45.0d, 0 sold of 1",2026-09-15T23:53:11.785896+00:00
SBTM149,18.7,40,1,0.0,0.0,0.0,"decay-wtd trimmed median, hl=45.0d, 0 sold of 1",2026-09-15T23:53:11.785896+00:00
SBTM159J,18.7,40,1,0.0,0.0,0.0,"decay-wtd trimmed median, hl=45.0d, 0 sold of 1",2026-09-15T23:53:11.785896+00:00
SBTM207J,18.7,40,1,0.0,0.0,0.0,"decay-wtd trimmed median, hl=45.0d, 0 sold of 1",2026-09-15T23:53:11.785896+00:00
SBTM219,20.46,40,1,0.0,0.0,0.0,"decay-wtd trimmed median, hl=45.0d, 0 sold of 1",2026-09-15T23:53:11.785896+00:00
SBTM229,271.24,40,1,0.0,0.0,0.0,"decay-wtd trimmed median, hl=45.0d, 0 sold of 1",2026-09-15T23:53:11.785896+00:00
SBTM231J,18.7,40,1,0.0,0.0,0.0,"decay-wtd trimmed median, hl=45.0d, 0 sold of 1",2026-09-15T23:53:11.785896+00:00
SBTM263J,33.91,40,1,0.0,0.0,0.0,"decay-wtd trimmed median, hl=45.0d, 0 sold of 1",2026-09-15T23:53:11.785896+00:00
SBTM311,125.1,40,1,0.0,0.0,0.0,"decay-wtd trimmed median, hl=45.0d, 0 sold of 1",2026-09-15T23:53:11.785896+00:00
SBTM314,66.64,40,1,0.0,0.0,0.0,"decay-wtd trimmed median, hl=45.0d, 0 sold of 1",2026-09-15T23:53:11.785896+00:00
SBTM316,97.04,40,1,0.0,0.0,0.0,"decay-wtd trimmed median, hl=45.0d, 0 sold of 1",2026-09-15T23:53:11.785896+00:00
SBTM333J,18.13,40,1,0.0,0.0,0.0,"decay-wtd trimmed median, hl=45.0d, 0 sold of 1",2026-09-15T23:53:11.785896+00:00
SBTN010,19.87,40,1,0.0,0.0,0.0,"decay-wtd trimmed median, hl=45.0d, 0 sold of 1",2026-09-15T23:53:11.785896+00:00
SBTN995,18.7,40,1,0.0,0.0,0.0,"decay-wtd trimmed median, hl=45.0d, 0 sold of 1",2026-09-15T23:53:11.785896+00:00
SBTQ071,93.01,40,1,0.0,0.0,0.0,"decay-wtd trimmed median, hl=45.0d, 0 sold of 1",2026-09-15T23:53:11.785896+00:00
SBTR017,122.3,40,1,0.0,0.0,0.0,"decay-wtd trimmed median, hl=45.0d, 0 sold of 1",2026-09-15T23:53:11.785896+00:00
SBTT009,30.98,40,1,0.0,0.0,0.0,"decay-wtd trimmed median, hl=45.0d, 0 sold of 1",2026-09-15T23:53:11.785896+00:00
SBTW980,19.87,40,1,0.0,0.0,0.0,"decay-wtd trimmed median, hl=45.0d, 0 sold of 1",2026-09-15T23:53:11.785896+00:00
SBTZ130,21.05,40,1,0.0,0.0,0.0,"decay-wtd trimmed median, hl=45.0d, 0 sold of 1",2026-09-15T23:53:11.785896+00:00
SBVV017,1519.9,40,1,0.0,0.0,0.0,"decay-wtd trimmed median, hl=45.0d, 0 sold of 1",2026-09-15T23:53:11.785896+00:00
SBVW005,21.05,40,1,0.0,0.0,0.0,"decay-wtd trimmed median, hl=45.0d, 0 sold of 1",2026-09-15T23:53:11.785896+00:00
SBWH020,19.87,40,1,0.0,0.0,0.0,"decay-wtd trimmed median, hl=45.0d, 0 sold of 1",2026-09-15T23:53:11.785896+00:00
SBXC003,540.87,40,1,0.0,0.0,0.0,"decay-wtd trimmed median, hl=45.0d, 0 sold of 1",2026-09-15T23:53:11.785896+00:00
SBXC004J,176.54,40,1,0.0,0.0,0.0,"decay-wtd trimmed median, hl=45.0d, 0 sold of 1",2026-09-15T23:53:11.785896+00:00
SBXC035,1578.35,40,1,0.0,0.0,0.0,"decay-wtd trimmed median, hl=45.0d, 0 sold of 1",2026-09-15T23:53:11.785896+00:00
SBXC125,1040.54,40,1,0.0,0.0,0.0,"decay-wtd trimmed median, hl=45.0d, 0 sold of 1",2026-09-15T23:53:11.785896+00:00
SBXC175,1666.56,40,1,0.0,0.0,0.0,"decay-wtd trimmed median, hl=45.0d, 0 sold of 1",2026-09-15T23:53:11.785896+00:00
SBXY019,119.25,40,1,0.0,0.0,0.0,"decay-wtd trimmed median, hl=45.0d, 0 sold of 1",2026-09-15T23:53:11.785896+00:00
SBYA001,18.7,40,1,0.0,0.0,0.0,"decay-wtd trimmed median, hl=45.0d, 0 sold of 1",2026-09-15T23:53:11.785896+00:00
SCDC001,39.16,40,1,0.0,0.0,0.0,"decay-wtd trimmed median, hl=45.0d, 0 sold of 1",2026-09-15T23:53:11.785896+00:00
SCDC037J,16.37,40,1,0.0,0.0,0.0,"decay-wtd trimmed median, hl=45.0d, 0 sold of 1",2026-09-15T23:53:11.785896+00:00
SCDC045J,21.05,40,1,0.0,0.0,0.0,"decay-wtd trimmed median, hl=45.0d, 0 sold of 1",2026-09-15T23:53:11.785896+00:00
SCDC063,39.16,40,1,0.0,0.0,0.0,"decay-wtd trimmed median, hl=45.0d, 0 sold of 1",2026-09-15T23:53:11.785896+00:00
SCDC069,18.7,40,1,0.0,0.0,0.0,"decay-wtd trimmed median, hl=45.0d, 0 sold of 1",2026-09-15T23:53:11.785896+00:00
SCDC075,15.78,40,1,0.0,0.0,0.0,"decay-wtd trimmed median, hl=45.0d, 0 sold of 1",2026-09-15T23:53:11.785896+00:00
SCDS005,21.05,40,1,0.0,0.0,0.0,"decay-wtd trimmed median, hl=45.0d, 0 sold of 1",2026-09-15T23:53:11.785896+00:00
SCDW004,15.78,40,1,0.0,0.0,0.0,"decay-wtd trimmed median, hl=45.0d, 0 sold of 1",2026-09-15T23:53:11.785896+00:00
SCEB017,22.79,40,1,0.0,0.0,0.0,"decay-wtd trimmed median, hl=45.0d, 0 sold of 1",2026-09-15T23:53:11.785896+00:00
SCEC011,18.7,40,1,0.0,0.0,0.0,"decay-wtd trimmed median, hl=45.0d, 0 sold of 1",2026-09-15T23:53:11.785896+00:00
SCED001,39.16,40,1,0.0,0.0,0.0,"decay-wtd trimmed median, hl=45.0d, 0 sold of 1",2026-09-15T23:53:11.785896+00:00
SCED037J,33.91,40,1,0.0,0.0,0.0,"decay-wtd trimmed median, hl=45.0d, 0 sold of 1",2026-09-15T23:53:11.785896+00:00
SCES001,15.78,40,1,0.0,0.0,0.0,"decay-wtd trimmed median, hl=45.0d, 0 sold of 1",2026-09-15T23:53:11.785896+00:00
SCFK001,21.05,40,1,0.0,0.0,0.0,"decay-wtd trimmed median, hl=45.0d, 0 sold of 1",2026-09-15T23:53:11.785896+00:00
SCFK013J,19.87,40,1,0.0,0.0,0.0,"decay-wtd trimmed median, hl=45.0d, 0 sold of 1",2026-09-15T23:53:11.785896+00:00
SCJC005,19.29,40,1,0.0,0.0,0.0,"decay-wtd trimmed median, hl=45.0d, 0 sold of 1",2026-09-15T23:53:11.785896+00:00
SCJG001,19.29,40,1,0.0,0.0,0.0,"decay-wtd trimmed median, hl=45.0d, 0 sold of 1",2026-09-15T23:53:11.785896+00:00
SCJL001,20.46,40,1,0.0,0.0,0.0,"decay-wtd trimmed median, hl=45.0d, 0 sold of 1",2026-09-15T23:53:11.785896+00:00
SCJT001,39.16,40,1,0.0,0.0,0.0,"decay-wtd trimmed median, hl=45.0d, 0 sold of 1",2026-09-15T23:53:11.785896+00:00
SCQC020,19.87,40,1,0.0,0.0,0.0,"decay-wtd trimmed median, hl=45.0d, 0 sold of 1",2026-09-15T23:53:11.785896+00:00
SCQV001,19.29,40,1,0.0,0.0,0.0,"decay-wtd trimmed median, hl=45.0d, 0 sold of 1",2026-09-15T23:53:11.785896+00:00
SCRB001,19.29,40,1,0.0,0.0,0.0,"decay-wtd trimmed median, hl=45.0d, 0 sold of 1",2026-09-15T23:53:11.785896+00:00
SCVE031,114.58,40,1,0.0,0.0,0.0,"decay-wtd trimmed median, hl=45.0d, 0 sold of 1",2026-09-15T23:53:11.785896+00:00
SCVE039,129.77,40,1,0.0,0.0,0.0,"decay-wtd trimmed median, hl=45.0d, 0 sold of 1",2026-09-15T23:53:11.785896+00:00
SCVE061,18.13,40,1,0.0,0.0,0.0,"decay-wtd trimmed median, hl=45.0d, 0 sold of 1",2026-09-15T23:53:11.785896+00:00
SCVE062,18.7,40,1,0.0,0.0,0.0,"decay-wtd trimmed median, hl=45.0d, 0 sold of 1",2026-09-15T23:53:11.785896+00:00
SCVS001J,22.79,40,1,0.0,0.0,0.0,"decay-wtd trimmed median, hl=45.0d, 0 sold of 1",2026-09-15T23:53:11.785896+00:00
SCVS003J,97.04,40,1,0.0,0.0,0.0,"decay-wtd trimmed median, hl=45.0d, 0 sold of 1",2026-09-15T23:53:11.785896+00:00
SCWA001,21.05,40,1,0.0,0.0,0.0,"decay-wtd trimmed median, hl=45.0d, 0 sold of 1",2026-09-15T23:53:11.785896+00:00
SCWB001,21.05,40,1,0.0,0.0,0.0,"decay-wtd trimmed median, hl=45.0d, 0 sold of 1",2026-09-15T23:53:11.785896+00:00
SCXP021,18.7,40,1,0.0,0.0,0.0,"decay-wtd trimmed median, hl=45.0d, 0 sold of 1",2026-09-15T23:53:11.785896+00:00
SCXP041,21.05,40,1,0.0,0.0,0.0,"decay-wtd trimmed median, hl=45.0d, 0 sold of 1",2026-09-15T23:53:11.785896+00:00
SCXP158,75.99,40,1,0.0,0.0,0.0,"decay-wtd trimmed median, hl=45.0d, 0 sold of 1",2026-09-15T23:53:11.785896+00:00
SCXP159,52.61,40,1,0.0,0.0,0.0,"decay-wtd trimmed median, hl=45.0d, 0 sold of 1",2026-09-15T23:53:11.785896+00:00
SCXP161,35.07,40,1,0.0,0.0,0.0,"decay-wtd trimmed median, hl=45.0d, 0 sold of 1",2026-09-15T23:53:11.785896+00:00
SCXP165,35.07,40,1,0.0,0.0,0.0,"decay-wtd trimmed median, hl=45.0d, 0 sold of 1",2026-09-15T23:53:11.785896+00:00
SCXP169,20.46,40,1,0.0,0.0,0.0,"decay-wtd trimmed median, hl=45.0d, 0 sold of 1",2026-09-15T23:53:11.785896+00:00
SCXP172,22.22,40,1,0.0,0.0,0.0,"decay-wtd trimmed median, hl=45.0d, 0 sold of 1",2026-09-15T23:53:11.785896+00:00
SCXP175,35.07,40,1,0.0,0.0,0.0,"decay-wtd trimmed median, hl=45.0d, 0 sold of 1",2026-09-15T23:53:11.785896+00:00
SCXP177,35.07,40,1,0.0,0.0,0.0,"decay-wtd trimmed median, hl=45.0d, 0 sold of 1",2026-09-15T23:53:11.785896+00:00
SCXP179,35.07,40,1,0.0,0.0,0.0,"decay-wtd trimmed median, hl=45.0d, 0 sold of 1",2026-09-15T23:53:11.785896+00:00
SCXP181,40.92,40,1,0.0,0.0,0.0,"decay-wtd trimmed median, hl=45.0d, 0 sold of 1",2026-09-15T23:53:11.785896+00:00
SCXP183,20.46,40,1,0.0,0.0,0.0,"decay-wtd trimmed median, hl=45.0d, 0 sold of 1",2026-09-15T23:53:11.785896+00:00
SDBV001,19.29,40,1,0.0,0.0,0.0,"decay-wtd trimmed median, hl=45.0d, 0 sold of 1",2026-09-15T23:53:11.785896+00:00
SDBV011,39.16,40,1,0.0,0.0,0.0,"decay-wtd trimmed median, hl=45.0d, 0 sold of 1",2026-09-15T23:53:11.785896+00:00
SDBV023,20.46,40,1,0.0,0.0,0.0,"decay-wtd trimmed median, hl=45.0d, 0 sold of 1",2026-09-15T23:53:11.785896+00:00
SDBY009,39.16,40,1,0.0,0.0,0.0,"decay-wtd trimmed median, hl=45.0d, 0 sold of 1",2026-09-15T23:53:11.785896+00:00
SDGA003J,39.16,40,1,0.0,0.0,0.0,"decay-wtd trimmed median, hl=45.0d, 0 sold of 1",2026-09-15T23:53:11.785896+00:00
SDKS027,1169.15,40,1,0.0,0.0,0.0,"decay-wtd trimmed median, hl=45.0d, 0 sold of 1",2026-09-15T23:53:11.785896+00:00
SDKV001,4208.94,40,1,0.0,0.0,0.0,"decay-wtd trimmed median, hl=45.0d, 0 sold of 1",2026-09-15T23:53:11.785896+00:00
SFJ005,860.25,40,1,0.0,0.0,0.0,"decay-wtd trimmed median, hl=45.0d, 0 sold of 1",2026-09-15T23:53:11.785896+00:00
SFK003,232.5,40,1,0.0,0.0,0.0,"decay-wtd trimmed median, hl=45.0d, 0 sold of 1",2026-09-15T23:53:11.785896+00:00
SJE077,3069.0,40,1,0.0,0.0,0.0,"decay-wtd trimmed median, hl=45.0d, 0 sold of 1",2026-09-15T23:53:11.785896+00:00
SJE087,3069.0,40,1,0.0,0.0,0.0,"decay-wtd trimmed median, hl=45.0d, 0 sold of 1",2026-09-15T23:53:11.785896+00:00
SJE089,3069.0,40,1,0.0,0.0,0.0,"decay-wtd trimmed median, hl=45.0d, 0 sold of 1",2026-09-15T23:53:11.785896+00:00
SJE091,3069.0,40,1,0.0,0.0,0.0,"decay-wtd trimmed median, hl=45.0d, 0 sold of 1",2026-09-15T23:53:11.785896+00:00
SJE111,2883.0,40,1,0.0,0.0,0.0,"decay-wtd trimmed median, hl=45.0d, 0 sold of 1",2026-09-15T23:53:11.785896+00:00
SJE115,2883.0,40,1,0.0,0.0,0.0,"decay-wtd trimmed median, hl=45.0d, 0 sold of 1",2026-09-15T23:53:11.785896+00:00
SJWN540,21.05,40,1,0.0,0.0,0.0,"decay-wtd trimmed median, hl=45.0d, 0 sold of 1",2026-09-15T23:53:11.785896+00:00
SKS203P,26.89,40,1,0.0,0.0,0.0,"decay-wtd trimmed median, hl=45.0d, 0 sold of 1",2026-09-15T23:53:11.785896+00:00
SLA039,3441.0,40,1,0.0,0.0,0.0,"decay-wtd trimmed median, hl=45.0d, 0 sold of 1",2026-09-15T23:53:11.785896+00:00
SLA043,4557.0,40,1,0.0,0.0,0.0,"decay-wtd trimmed median, hl=45.0d, 0 sold of 1",2026-09-15T23:53:11.785896+00:00
SLA049,2883.0,40,1,0.0,0.0,0.0,"decay-wtd trimmed median, hl=45.0d, 0 sold of 1",2026-09-15T23:53:11.785896+00:00
SLA051,2697.0,40,1,0.0,0.0,0.0,"decay-wtd trimmed median, hl=45.0d, 0 sold of 1",2026-09-15T23:53:11.785896+00:00
SLA066,2697.0,40,1,0.0,0.0,0.0,"decay-wtd trimmed median, hl=45.0d, 0 sold of 1",2026-09-15T23:53:11.785896+00:00
SLA069,2697.0,40,1,0.0,0.0,0.0,"decay-wtd trimmed median, hl=45.0d, 0 sold of 1",2026-09-15T23:53:11.785896+00:00
SLGA003,70.15,40,1,0.0,0.0,0.0,"decay-wtd trimmed median, hl=45.0d, 0 sold of 1",2026-09-15T23:53:11.785896+00:00
SLGA008,45570.0,40,1,0.0,0.0,0.0,"decay-wtd trimmed median, hl=45.0d, 0 sold of 1",2026-09-15T23:53:11.785896+00:00
SLGH007,54870.0,40,1,0.0,0.0,0.0,"decay-wtd trimmed median, hl=45.0d, 0 sold of 1",2026-09-15T23:53:11.785896+00:00
SLGH009,9765.0,40,1,0.0,0.0,0.0,"decay-wtd trimmed median, hl=45.0d, 0 sold of 1",2026-09-15T23:53:11.785896+00:00
SLGH017G,6844.8,40,1,0.0,0.0,0.0,"decay-wtd trimmed median, hl=45.0d, 0 sold of 1",2026-09-15T23:53:11.785896+00:00
SLGH020,28059.59,40,1,0.0,0.0,0.0,"decay-wtd trimmed median, hl=45.0d, 0 sold of 1",2026-09-15T23:53:11.785896+00:00
SLGH021,9672.0,40,1,0.0,0.0,0.0,"decay-wtd trimmed median, hl=45.0d, 0 sold of 1",2026-09-15T23:53:11.785896+00:00
SLGH037,11784.96,40,1,0.0,0.0,0.0,"decay-wtd trimmed median, hl=45.0d, 0 sold of 1",2026-09-15T23:53:11.785896+00:00
SND377R,81.77,40,1,0.0,0.0,0.0,"decay-wtd trimmed median, hl=45.0d, 0 sold of 1",2026-09-15T23:53:11.785896+00:00
SND379R,83.85,40,1,0.0,0.0,0.0,"decay-wtd trimmed median, hl=45.0d, 0 sold of 1",2026-09-15T23:53:11.785896+00:00
SNJJ010,18.13,40,1,0.0,0.0,0.0,"decay-wtd trimmed median, hl=45.0d, 0 sold of 1",2026-09-15T23:53:11.785896+00:00
SNR029,4501.2,40,1,0.0,0.0,0.0,"decay-wtd trimmed median, hl=45.0d, 0 sold of 1",2026-09-15T23:53:11.785896+00:00
SNR035,5115.0,40,1,0.0,0.0,0.0,"decay-wtd trimmed median, hl=45.0d, 0 sold of 1",2026-09-15T23:53:11.785896+00:00
SNR051,4557.0,40,1,0.0,0.0,0.0,"decay-wtd trimmed median, hl=45.0d, 0 sold of 1",2026-09-15T23:53:11.785896+00:00
SPB097,1069.5,40,1,0.0,0.0,0.0,"decay-wtd trimmed median, hl=45.0d, 0 sold of 1",2026-09-15T23:53:11.785896+00:00
SPB103,790.5,40,1,0.0,0.0,0.0,"decay-wtd trimmed median, hl=45.0d, 0 sold of 1",2026-09-15T23:53:11.785896+00:00
SPB113,1023.0,40,1,0.0,0.0,0.0,"decay-wtd trimmed median, hl=45.0d, 0 sold of 1",2026-09-15T23:53:11.785896+00:00
SPB117,548.7,40,1,0.0,0.0,0.0,"decay-wtd trimmed median, hl=45.0d, 0 sold of 1",2026-09-15T23:53:11.785896+00:00
SPB147,930.0,40,1,0.0,0.0,0.0,"decay-wtd trimmed median, hl=45.0d, 0 sold of 1",2026-09-15T23:53:11.785896+00:00
SPB167,930.0,40,1,0.0,0.0,0.0,"decay-wtd trimmed median, hl=45.0d, 0 sold of 1",2026-09-15T23:53:11.785896+00:00
SPB169,930.0,40,1,0.0,0.0,0.0,"decay-wtd trimmed median, hl=45.0d, 0 sold of 1",2026-09-15T23:53:11.785896+00:00
SPB170,930.0,40,1,0.0,0.0,0.0,"decay-wtd trimmed median, hl=45.0d, 0 sold of 1",2026-09-15T23:53:11.785896+00:00
SPB205,1069.5,40,1,0.0,0.0,0.0,"decay-wtd trimmed median, hl=45.0d, 0 sold of 1",2026-09-15T23:53:11.785896+00:00
SPB217,1302.0,40,1,0.0,0.0,0.0,"decay-wtd trimmed median, hl=45.0d, 0 sold of 1",2026-09-15T23:53:11.785896+00:00
SPB225,1302.0,40,1,0.0,0.0,0.0,"decay-wtd trimmed median, hl=45.0d, 0 sold of 1",2026-09-15T23:53:11.785896+00:00
SPB236,1441.5,40,1,0.0,0.0,0.0,"decay-wtd trimmed median, hl=45.0d, 0 sold of 1",2026-09-15T23:53:11.785896+00:00
SPB253,1116.0,40,1,0.0,0.0,0.0,"decay-wtd trimmed median, hl=45.0d, 0 sold of 1",2026-09-15T23:53:11.785896+00:00
SPB257,1209.0,40,1,0.0,0.0,0.0,"decay-wtd trimmed median, hl=45.0d, 0 sold of 1",2026-09-15T23:53:11.785896+00:00
SPB269,1441.5,40,1,0.0,0.0,0.0,"decay-wtd trimmed median, hl=45.0d, 0 sold of 1",2026-09-15T23:53:11.785896+00:00
SPB271,1441.5,40,1,0.0,0.0,0.0,"decay-wtd trimmed median, hl=45.0d, 0 sold of 1",2026-09-15T23:53:11.785896+00:00
SPB279,1581.0,40,1,0.0,0.0,0.0,"decay-wtd trimmed median, hl=45.0d, 0 sold of 1",2026-09-15T23:53:11.785896+00:00
SPB285,1581.0,40,1,0.0,0.0,0.0,"decay-wtd trimmed median, hl=45.0d, 0 sold of 1",2026-09-15T23:53:11.785896+00:00
SPB287,1581.0,40,1,0.0,0.0,0.0,"decay-wtd trimmed median, hl=45.0d, 0 sold of 1",2026-09-15T23:53:11.785896+00:00
SPB293,1581.0,40,1,0.0,0.0,0.0,"decay-wtd trimmed median, hl=45.0d, 0 sold of 1",2026-09-15T23:53:11.785896+00:00
SPB299,1162.5,40,1,0.0,0.0,0.0,"decay-wtd trimmed median, hl=45.0d, 0 sold of 1",2026-09-15T23:53:11.785896+00:00
SPB335,883.5,40,1,0.0,0.0,0.0,"decay-wtd trimmed median, hl=45.0d, 0 sold of 1",2026-09-15T23:53:11.785896+00:00
SPB365,1674.0,40,1,0.0,0.0,0.0,"decay-wtd trimmed median, hl=45.0d, 0 sold of 1",2026-09-15T23:53:11.785896+00:00
SPB369,1674.0,40,1,0.0,0.0,0.0,"decay-wtd trimmed median, hl=45.0d, 0 sold of 1",2026-09-15T23:53:11.785896+00:00
SPB373,1674.0,40,1,0.0,0.0,0.0,"decay-wtd trimmed median, hl=45.0d, 0 sold of 1",2026-09-15T23:53:11.785896+00:00
SPB385,1581.0,40,1,0.0,0.0,0.0,"decay-wtd trimmed median, hl=45.0d, 0 sold of 1",2026-09-15T23:53:11.785896+00:00
SPB389,1860.0,40,1,0.0,0.0,0.0,"decay-wtd trimmed median, hl=45.0d, 0 sold of 1",2026-09-15T23:53:11.785896+00:00
SPB391,1860.0,40,1,0.0,0.0,0.0,"decay-wtd trimmed median, hl=45.0d, 0 sold of 1",2026-09-15T23:53:11.785896+00:00
SPB413,976.5,40,1,0.0,0.0,0.0,"decay-wtd trimmed median, hl=45.0d, 0 sold of 1",2026-09-15T23:53:11.785896+00:00
SPB437,1488.0,40,1,0.0,0.0,0.0,"decay-wtd trimmed median, hl=45.0d, 0 sold of 1",2026-09-15T23:53:11.785896+00:00
SPB439,1488.0,40,1,0.0,0.0,0.0,"decay-wtd trimmed median, hl=45.0d, 0 sold of 1",2026-09-15T23:53:11.785896+00:00
SPB445,1767.0,40,1,0.0,0.0,0.0,"decay-wtd trimmed median, hl=45.0d, 0 sold of 1",2026-09-15T23:53:11.785896+00:00
SPB447,1627.5,40,1,0.0,0.0,0.0,"decay-wtd trimmed median, hl=45.0d, 0 sold of 1",2026-09-15T23:53:11.785896+00:00
SPB457,1767.0,40,1,0.0,0.0,0.0,"decay-wtd trimmed median, hl=45.0d, 0 sold of 1",2026-09-15T23:53:11.785896+00:00
SPB459,1767.0,40,1,0.0,0.0,0.0,"decay-wtd trimmed median, hl=45.0d, 0 sold of 1",2026-09-15T23:53:11.785896+00:00
SPB469,1046.25,40,1,0.0,0.0,0.0,"decay-wtd trimmed median, hl=45.0d, 0 sold of 1",2026-09-15T23:53:11.785896+00:00
SPB471,1046.25,40,1,0.0,0.0,0.0,"decay-wtd trimmed median, hl=45.0d, 0 sold of 1",2026-09-15T23:53:11.785896+00:00
SPB475,1488.0,40,1,0.0,0.0,0.0,"decay-wtd trimmed median, hl=45.0d, 0 sold of 1",2026-09-15T23:53:11.785896+00:00
SPB477,1488.0,40,1,0.0,0.0,0.0,"decay-wtd trimmed median, hl=45.0d, 0 sold of 1",2026-09-15T23:53:11.785896+00:00
SPB478,930.0,40,1,0.0,0.0,0.0,"decay-wtd trimmed median, hl=45.0d, 0 sold of 1",2026-09-15T23:53:11.785896+00:00
SPB483,1023.0,40,1,0.0,0.0,0.0,"decay-wtd trimmed median, hl=45.0d, 0 sold of 1",2026-09-15T23:53:11.785896+00:00
SPB497,1720.5,40,1,0.0,0.0,0.0,"decay-wtd trimmed median, hl=45.0d, 0 sold of 1",2026-09-15T23:53:11.785896+00:00
SPB499,1534.5,40,1,0.0,0.0,0.0,"decay-wtd trimmed median, hl=45.0d, 0 sold of 1",2026-09-15T23:53:11.785896+00:00
SPB524,930.0,40,1,0.0,0.0,0.0,"decay-wtd trimmed median, hl=45.0d, 0 sold of 1",2026-09-15T23:53:11.785896+00:00
SPB527,1046.25,40,1,0.0,0.0,0.0,"decay-wtd trimmed median, hl=45.0d, 0 sold of 1",2026-09-15T23:53:11.785896+00:00
SPB529,976.5,40,1,0.0,0.0,0.0,"decay-wtd trimmed median, hl=45.0d, 0 sold of 1",2026-09-15T23:53:11.785896+00:00
SPB545,1302.0,40,1,0.0,0.0,0.0,"decay-wtd trimmed median, hl=45.0d, 0 sold of 1",2026-09-15T23:53:11.785896+00:00
SPQM010,21.05,40,1,0.0,0.0,0.0,"decay-wtd trimmed median, hl=45.0d, 0 sold of 1",2026-09-15T23:53:11.785896+00:00
SPSF020,21.05,40,1,0.0,0.0,0.0,"decay-wtd trimmed median, hl=45.0d, 0 sold of 1",2026-09-15T23:53:11.785896+00:00
SRCZ001J,19.29,40,1,0.0,0.0,0.0,"decay-wtd trimmed median, hl=45.0d, 0 sold of 1",2026-09-15T23:53:11.785896+00:00
SRE007,534.75,40,1,0.0,0.0,0.0,"decay-wtd trimmed median, hl=45.0d, 0 sold of 1",2026-09-15T23:53:11.785896+00:00
SRE009,553.35,40,1,0.0,0.0,0.0,"decay-wtd trimmed median, hl=45.0d, 0 sold of 1",2026-09-15T23:53:11.785896+00:00
SRE010,581.25,40,1,0.0,0.0,0.0,"decay-wtd trimmed median, hl=45.0d, 0 sold of 1",2026-09-15T23:53:11.785896+00:00
SRE017,534.75,40,1,0.0,0.0,0.0,"decay-wtd trimmed median, hl=45.0d, 0 sold of 1",2026-09-15T23:53:11.785896+00:00
SRE018,581.25,40,1,0.0,0.0,0.0,"decay-wtd trimmed median, hl=45.0d, 0 sold of 1",2026-09-15T23:53:11.785896+00:00
SRE020,581.25,40,1,0.0,0.0,0.0,"decay-wtd trimmed median, hl=45.0d, 0 sold of 1",2026-09-15T23:53:11.785896+00:00
SRP839,441.75,40,1,0.0,0.0,0.0,"decay-wtd trimmed median, hl=45.0d, 0 sold of 1",2026-09-15T23:53:11.785896+00:00
SRQ035,2976.0,40,1,0.0,0.0,0.0,"decay-wtd trimmed median, hl=45.0d, 0 sold of 1",2026-09-15T23:53:11.785896+00:00
SRQ045,2790.0,40,1,0.0,0.0,0.0,"decay-wtd trimmed median, hl=45.0d, 0 sold of 1",2026-09-15T23:53:11.785896+00:00
SRQ059,2325.0,40,1,0.0,0.0,0.0,"decay-wtd trimmed median, hl=45.0d, 0 sold of 1",2026-09-15T23:53:11.785896+00:00
SRRW002,120.43,40,1,0.0,0.0,0.0,"decay-wtd trimmed median, hl=45.0d, 0 sold of 1",2026-09-15T23:53:11.785896+00:00
SRRW008,85.35,40,1,0.0,0.0,0.0,"decay-wtd trimmed median, hl=45.0d, 0 sold of 1",2026-09-15T23:53:11.785896+00:00
SRRX002,114.58,40,1,0.0,0.0,0.0,"decay-wtd trimmed median, hl=45.0d, 0 sold of 1",2026-09-15T23:53:11.785896+00:00
SRRX004J,95.87,40,1,0.0,0.0,0.0,"decay-wtd trimmed median, hl=45.0d, 0 sold of 1",2026-09-15T23:53:11.785896+00:00
SRRY048,185.9,40,1,0.0,0.0,0.0,"decay-wtd trimmed median, hl=45.0d, 0 sold of 1",2026-09-15T23:53:11.785896+00:00
SSA425,442.68,40,1,0.0,0.0,0.0,"decay-wtd trimmed median, hl=45.0d, 0 sold of 1",2026-09-15T23:53:11.785896+00:00
SSA459,553.35,40,1,0.0,0.0,0.0,"decay-wtd trimmed median, hl=45.0d, 0 sold of 1",2026-09-15T23:53:11.785896+00:00
SSA463,553.35,40,1,0.0,0.0,0.0,"decay-wtd trimmed median, hl=45.0d, 0 sold of 1",2026-09-15T23:53:11.785896+00:00
SSB425,246.45,40,1,0.0,0.0,0.0,"decay-wtd trimmed median, hl=45.0d, 0 sold of 1",2026-09-15T23:53:11.785896+00:00
SSB477,418.5,40,1,0.0,0.0,0.0,"decay-wtd trimmed median, hl=45.0d, 0 sold of 1",2026-09-15T23:53:11.785896+00:00
SSB481,418.5,40,1,0.0,0.0,0.0,"decay-wtd trimmed median, hl=45.0d, 0 sold of 1",2026-09-15T23:53:11.785896+00:00
SSBJ018J,18.7,40,1,0.0,0.0,0.0,"decay-wtd trimmed median, hl=45.0d, 0 sold of 1",2026-09-15T23:53:11.785896+00:00
SSC815,674.25,40,1,0.0,0.0,0.0,"decay-wtd trimmed median, hl=45.0d, 0 sold of 1",2026-09-15T23:53:11.785896+00:00
SSC957,930.0,40,1,0.0,0.0,0.0,"decay-wtd trimmed median, hl=45.0d, 0 sold of 1",2026-09-15T23:53:11.785896+00:00
SSDA005J,16.37,40,1,0.0,0.0,0.0,"decay-wtd trimmed median, hl=45.0d, 0 sold of 1",2026-09-15T23:53:11.785896+00:00
SSDA046,20.46,40,1,0.0,0.0,0.0,"decay-wtd trimmed median, hl=45.0d, 0 sold of 1",2026-09-15T23:53:11.785896+00:00
SSDA075,19.29,40,1,0.0,0.0,0.0,"decay-wtd trimmed median, hl=45.0d, 0 sold of 1",2026-09-15T23:53:11.785896+00:00
SSDF003,12.86,40,1,0.0,0.0,0.0,"decay-wtd trimmed median, hl=45.0d, 0 sold of 1",2026-09-15T23:53:11.785896+00:00
SSDM022,21.05,40,1,0.0,0.0,0.0,"decay-wtd trimmed median, hl=45.0d, 0 sold of 1",2026-09-15T23:53:11.785896+00:00
SSDN013,21.05,40,1,0.0,0.0,0.0,"decay-wtd trimmed median, hl=45.0d, 0 sold of 1",2026-09-15T23:53:11.785896+00:00
SSDT001,18.7,40,1,0.0,0.0,0.0,"decay-wtd trimmed median, hl=45.0d, 0 sold of 1",2026-09-15T23:53:11.785896+00:00
SSDT019,18.7,40,1,0.0,0.0,0.0,"decay-wtd trimmed median, hl=45.0d, 0 sold of 1",2026-09-15T23:53:11.785896+00:00
SSDT043,20.46,40,1,0.0,0.0,0.0,"decay-wtd trimmed median, hl=45.0d, 0 sold of 1",2026-09-15T23:53:11.785896+00:00
SSDT063,20.46,40,1,0.0,0.0,1.0,"decay-wtd trimmed median, hl=45.0d, 0 sold of 1",2026-09-15T23:53:11.785896+00:00
SSDX004,15.78,40,1,0.0,0.0,0.0,"decay-wtd trimmed median, hl=45.0d, 0 sold of 1",2026-09-15T23:53:11.785896+00:00
SSDX028J,39.16,40,1,0.0,0.0,0.0,"decay-wtd trimmed median, hl=45.0d, 0 sold of 1",2026-09-15T23:53:11.785896+00:00
SSDX029,39.16,40,1,0.0,0.0,0.0,"decay-wtd trimmed median, hl=45.0d, 0 sold of 1",2026-09-15T23:53:11.785896+00:00
SSDY017,18.7,40,1,0.0,0.0,0.0,"decay-wtd trimmed median, hl=45.0d, 0 sold of 1",2026-09-15T23:53:11.785896+00:00
SSDY031,20.46,40,1,0.0,0.0,0.0,"decay-wtd trimmed median, hl=45.0d, 0 sold of 1",2026-09-15T23:53:11.785896+00:00
SSDY035,20.46,40,1,0.0,0.0,0.0,"decay-wtd trimmed median, hl=45.0d, 0 sold of 1",2026-09-15T23:53:11.785896+00:00
SSEA008,60.79,40,1,0.0,0.0,0.0,"decay-wtd trimmed median, hl=45.0d, 0 sold of 1",2026-09-15T23:53:11.785896+00:00
SSEA012,47.35,40,1,0.0,0.0,0.0,"decay-wtd trimmed median, hl=45.0d, 0 sold of 1",2026-09-15T23:53:11.785896+00:00
SSEA016,49.1,40,1,0.0,0.0,0.0,"decay-wtd trimmed median, hl=45.0d, 0 sold of 1",2026-09-15T23:53:11.785896+00:00
SSEF004,21.05,40,1,0.0,0.0,0.0,"decay-wtd trimmed median, hl=45.0d, 0 sold of 1",2026-09-15T23:53:11.785896+00:00
SSEH001,20.46,40,1,0.0,0.0,0.0,"decay-wtd trimmed median, hl=45.0d, 0 sold of 1",2026-09-15T23:53:11.785896+00:00
SSEH006,21.63,40,1,0.0,0.0,0.0,"decay-wtd trimmed median, hl=45.0d, 0 sold of 1",2026-09-15T23:53:11.785896+00:00
SSEH009,33.91,40,1,0.0,0.0,0.0,"decay-wtd trimmed median, hl=45.0d, 0 sold of 1",2026-09-15T23:53:11.785896+00:00
SSEH010,61.97,40,1,0.0,0.0,0.0,"decay-wtd trimmed median, hl=45.0d, 0 sold of 1",2026-09-15T23:53:11.785896+00:00
SSEH016,32.74,40,1,0.0,0.0,0.0,"decay-wtd trimmed median, hl=45.0d, 0 sold of 1",2026-09-15T23:53:11.785896+00:00
SSEH019,231.57,40,1,0.0,0.0,0.0,"decay-wtd trimmed median, hl=45.0d, 0 sold of 1",2026-09-15T23:53:11.785896+00:00
SSEH021J,19.29,40,1,0.0,0.0,0.0,"decay-wtd trimmed median, hl=45.0d, 0 sold of 1",2026-09-15T23:53:11.785896+00:00
SSFX001,18.7,40,1,0.0,0.0,0.0,"decay-wtd trimmed median, hl=45.0d, 0 sold of 1",2026-09-15T23:53:11.785896+00:00
SSGE001,18.7,40,1,0.0,0.0,0.0,"decay-wtd trimmed median, hl=45.0d, 0 sold of 1",2026-09-15T23:53:11.785896+00:00
SSH024,1860.0,40,1,0.0,0.0,0.0,"decay-wtd trimmed median, hl=45.0d, 0 sold of 1",2026-09-15T23:53:11.785896+00:00
SSH073,3627.0,40,1,0.0,0.0,0.0,"decay-wtd trimmed median, hl=45.0d, 0 sold of 1",2026-09-15T23:53:11.785896+00:00
SSH137,2697.0,40,1,0.0,0.0,0.0,"decay-wtd trimmed median, hl=45.0d, 0 sold of 1",2026-09-15T23:53:11.785896+00:00
SSH139,2604.0,40,1,0.0,0.0,0.0,"decay-wtd trimmed median, hl=45.0d, 0 sold of 1",2026-09-15T23:53:11.785896+00:00
SSH151,2511.0,40,1,0.0,0.0,0.0,"decay-wtd trimmed median, hl=45.0d, 0 sold of 1",2026-09-15T23:53:11.785896+00:00
SSH153,2511.0,40,1,0.0,0.0,0.0,"decay-wtd trimmed median, hl=45.0d, 0 sold of 1",2026-09-15T23:53:11.785896+00:00
SSH155,2697.0,40,1,0.0,0.0,0.0,"decay-wtd trimmed median, hl=45.0d, 0 sold of 1",2026-09-15T23:53:11.785896+00:00
SSH161,2325.0,40,1,0.0,0.0,0.0,"decay-wtd trimmed median, hl=45.0d, 0 sold of 1",2026-09-15T23:53:11.785896+00:00
SSH165,2046.0,40,1,0.0,0.0,0.0,"decay-wtd trimmed median, hl=45.0d, 0 sold of 1",2026-09-15T23:53:11.785896+00:00
SSH167,2046.0,40,1,0.0,0.0,0.0,"decay-wtd trimmed median, hl=45.0d, 0 sold of 1",2026-09-15T23:53:11.785896+00:00
SSH177,2883.0,40,1,0.0,0.0,0.0,"decay-wtd trimmed median, hl=45.0d, 0 sold of 1",2026-09-15T23:53:11.785896+00:00
SSH179,3069.0,40,1,0.0,0.0,0.0,"decay-wtd trimmed median, hl=45.0d, 0 sold of 1",2026-09-15T23:53:11.785896+00:00
SSH185,2883.0,40,1,0.0,0.0,0.0,"decay-wtd trimmed median, hl=45.0d, 0 sold of 1",2026-09-15T23:53:11.785896+00:00
SSH186,3069.0,40,1,0.0,0.0,0.0,"decay-wtd trimmed median, hl=45.0d, 0 sold of 1",2026-09-15T23:53:11.785896+00:00
SSJ015,2046.0,40,1,0.0,0.0,0.0,"decay-wtd trimmed median, hl=45.0d, 0 sold of 1",2026-09-15T23:53:11.785896+00:00
SSJ019,1767.0,40,1,0.0,0.0,0.0,"decay-wtd trimmed median, hl=45.0d, 0 sold of 1",2026-09-15T23:53:11.785896+00:00
SSJ037,2232.0,40,1,0.0,0.0,0.0,"decay-wtd trimmed median, hl=45.0d, 0 sold of 1",2026-09-15T23:53:11.785896+00:00
SSK009,483.6,40,1,0.0,0.0,0.0,"decay-wtd trimmed median, hl=45.0d, 0 sold of 1",2026-09-15T23:53:11.785896+00:00
SSK039,581.25,40,1,0.0,0.0,0.0,"decay-wtd trimmed median, hl=45.0d, 0 sold of 1",2026-09-15T23:53:11.785896+00:00
SSK041,581.25,40,1,0.0,0.0,0.0,"decay-wtd trimmed median, hl=45.0d, 0 sold of 1",2026-09-15T23:53:11.785896+00:00
SSK049,581.25,40,1,0.0,0.0,0.0,"decay-wtd trimmed median, hl=45.0d, 0 sold of 1",2026-09-15T23:53:11.785896+00:00
SSLV005,18.7,40,1,0.0,0.0,0.0,"decay-wtd trimmed median, hl=45.0d, 0 sold of 1",2026-09-15T23:53:11.785896+00:00
SSQR004J,151.99,40,1,0.0,0.0,0.0,"decay-wtd trimmed median, hl=45.0d, 0 sold of 1",2026-09-15T23:53:11.785896+00:00
SSQW038,540.26,40,1,0.0,0.0,0.0,"decay-wtd trimmed median, hl=45.0d, 0 sold of 1",2026-09-15T23:53:11.785896+00:00
SSQW038J,39.16,40,1,0.0,0.0,0.0,"decay-wtd trimmed median, hl=45.0d, 0 sold of 1",2026-09-15T23:53:11.785896+00:00
SSQW066J,92.36,40,1,0.0,0.0,0.0,"decay-wtd trimmed median, hl=45.0d, 0 sold of 1",2026-09-15T23:53:11.785896+00:00
SSTP015,19.29,40,1,0.0,0.0,0.0,"decay-wtd trimmed median, hl=45.0d, 0 sold of 1",2026-09-15T23:53:11.785896+00:00
SSVB007,16.37,40,1,0.0,0.0,0.0,"decay-wtd trimmed median, hl=45.0d, 0 sold of 1",2026-09-15T23:53:11.785896+00:00
SSVB027,15.78,40,1,0.0,0.0,0.0,"decay-wtd trimmed median, hl=45.0d, 0 sold of 1",2026-09-15T23:53:11.785896+00:00
SSVD019J,32.74,40,1,0.0,0.0,0.0,"decay-wtd trimmed median, hl=45.0d, 0 sold of 1",2026-09-15T23:53:11.785896+00:00
SSVE019,39.16,40,1,0.0,0.0,0.0,"decay-wtd trimmed median, hl=45.0d, 0 sold of 1",2026-09-15T23:53:11.785896+00:00
SSVE027,43.25,40,1,0.0,0.0,0.0,"decay-wtd trimmed median, hl=45.0d, 0 sold of 1",2026-09-15T23:53:11.785896+00:00
SSVE034,47.35,40,1,0.0,0.0,0.0,"decay-wtd trimmed median, hl=45.0d, 0 sold of 1",2026-09-15T23:53:11.785896+00:00
SSVE039,23.38,40,1,0.0,0.0,0.0,"decay-wtd trimmed median, hl=45.0d, 0 sold of 1",2026-09-15T23:53:11.785896+00:00
SSVE045,49.1,40,1,0.0,0.0,0.0,"decay-wtd trimmed median, hl=45.0d, 0 sold of 1",2026-09-15T23:53:11.785896+00:00
SSVE046,29.82,40,1,0.0,0.0,0.0,"decay-wtd trimmed median, hl=45.0d, 0 sold of 1",2026-09-15T23:53:11.785896+00:00
SSVJ001,52.61,40,1,0.0,0.0,0.0,"decay-wtd trimmed median, hl=45.0d, 0 sold of 1",2026-09-15T23:53:11.785896+00:00
SSVJ008J,120.43,40,1,0.0,0.0,0.0,"decay-wtd trimmed median, hl=45.0d, 0 sold of 1",2026-09-15T23:53:11.785896+00:00
SSVK061J,19.29,40,1,0.0,0.0,0.0,"decay-wtd trimmed median, hl=45.0d, 0 sold of 1",2026-09-15T23:53:11.785896+00:00
SSVK083J,18.7,40,1,0.0,0.0,0.0,"decay-wtd trimmed median, hl=45.0d, 0 sold of 1",2026-09-15T23:53:11.785896+00:00
SSVK099J,16.37,40,1,0.0,0.0,0.0,"decay-wtd trimmed median, hl=45.0d, 0 sold of 1",2026-09-15T23:53:11.785896+00:00
SSVM037,119.25,40,1,0.0,0.0,0.0,"decay-wtd trimmed median, hl=45.0d, 0 sold of 1",2026-09-15T23:53:11.785896+00:00
SSVR025J,32.74,40,1,0.0,0.0,0.0,"decay-wtd trimmed median, hl=45.0d, 0 sold of 1",2026-09-15T23:53:11.785896+00:00
SSVR037J,42.09,40,1,0.0,0.0,0.0,"decay-wtd trimmed median, hl=45.0d, 0 sold of 1",2026-09-15T23:53:11.785896+00:00
SSVR045J,30.98,40,1,0.0,0.0,0.0,"decay-wtd trimmed median, hl=45.0d, 0 sold of 1",2026-09-15T23:53:11.785896+00:00
SSVR058J,24.55,40,1,0.0,0.0,0.0,"decay-wtd trimmed median, hl=45.0d, 0 sold of 1",2026-09-15T23:53:11.785896+00:00
SSVR094J,47.35,40,1,0.0,0.0,0.0,"decay-wtd trimmed median, hl=45.0d, 0 sold of 1",2026-09-15T23:53:11.785896+00:00
SSVR124J,104.06,40,1,0.0,0.0,0.0,"decay-wtd trimmed median, hl=45.0d, 0 sold of 1",2026-09-15T23:53:11.785896+00:00
SSVS024J,35.07,40,1,0.0,0.0,0.0,"decay-wtd trimmed median, hl=45.0d, 0 sold of 1",2026-09-15T23:53:11.785896+00:00
SSVW011J,29.82,40,1,0.0,0.0,0.0,"decay-wtd trimmed median, hl=45.0d, 0 sold of 1",2026-09-15T23:53:11.785896+00:00
SSVW029J,28.06,40,1,0.0,0.0,0.0,"decay-wtd trimmed median, hl=45.0d, 0 sold of 1",2026-09-15T23:53:11.785896+00:00
SSVW117J,30.98,40,1,0.0,0.0,0.0,"decay-wtd trimmed median, hl=45.0d, 0 sold of 1",2026-09-15T23:53:11.785896+00:00
SSVX069J,16.37,40,1,0.0,0.0,0.0,"decay-wtd trimmed median, hl=45.0d, 0 sold of 1",2026-09-15T23:53:11.785896+00:00
SSVX092J,114.58,40,1,0.0,0.0,0.0,"decay-wtd trimmed median, hl=45.0d, 0 sold of 1",2026-09-15T23:53:11.785896+00:00
SSVY110J,37.41,40,1,0.0,0.0,0.0,"decay-wtd trimmed median, hl=45.0d, 0 sold of 1",2026-09-15T23:53:11.785896+00:00
SSWG001,18.7,40,1,0.0,0.0,0.0,"decay-wtd trimmed median, hl=45.0d, 0 sold of 1",2026-09-15T23:53:11.785896+00:00
SSWG002,15.78,40,1,0.0,0.0,0.0,"decay-wtd trimmed median, hl=45.0d, 0 sold of 1",2026-09-15T23:53:11.785896+00:00
SSXV021,19.87,40,1,0.0,0.0,0.0,"decay-wtd trimmed median, hl=45.0d, 0 sold of 1",2026-09-15T23:53:11.785896+00:00
STBC007,18.7,40,1,0.0,0.0,0.0,"decay-wtd trimmed median, hl=45.0d, 0 sold of 1",2026-09-15T23:53:11.785896+00:00
STBC015,18.13,40,1,0.0,0.0,0.0,"decay-wtd trimmed median, hl=45.0d, 0 sold of 1",2026-09-15T23:53:11.785896+00:00
STBF001J,24.55,40,1,0.0,0.0,0.0,"decay-wtd trimmed median, hl=45.0d, 0 sold of 1",2026-09-15T23:53:11.785896+00:00
STBF003J,24.55,40,1,0.0,0.0,0.0,"decay-wtd trimmed median, hl=45.0d, 0 sold of 1",2026-09-15T23:53:11.785896+00:00
STBR013,19.29,40,1,0.0,0.0,0.0,"decay-wtd trimmed median, hl=45.0d, 0 sold of 1",2026-09-15T23:53:11.785896+00:00
STGF029,26.89,40,1,0.0,0.0,0.0,"decay-wtd trimmed median, hl=45.0d, 0 sold of 1",2026-09-15T23:53:11.785896+00:00
STGF043J,24.55,40,1,0.0,0.0,0.0,"decay-wtd trimmed median, hl=45.0d, 0 sold of 1",2026-09-15T23:53:11.785896+00:00
STGF065J,19.87,40,1,0.0,0.0,0.0,"decay-wtd trimmed median, hl=45.0d, 0 sold of 1",2026-09-15T23:53:11.785896+00:00
STGF075J,68.98,40,1,0.0,0.0,0.0,"decay-wtd trimmed median, hl=45.0d, 0 sold of 1",2026-09-15T23:53:11.785896+00:00
STGF083J,20.46,40,1,0.0,0.0,0.0,"decay-wtd trimmed median, hl=45.0d, 0 sold of 1",2026-09-15T23:53:11.785896+00:00
STGF110J,121.59,40,1,0.0,0.0,0.0,"decay-wtd trimmed median, hl=45.0d, 0 sold of 1",2026-09-15T23:53:11.785896+00:00
STGF259J,126.85,40,1,0.0,0.0,0.0,"decay-wtd trimmed median, hl=45.0d, 0 sold of 1",2026-09-15T23:53:11.785896+00:00
STGF265,1633.28,40,1,0.0,0.0,0.0,"decay-wtd trimmed median, hl=45.0d, 0 sold of 1",2026-09-15T23:53:11.785896+00:00
STGF267,1752.66,40,1,0.0,0.0,0.0,"decay-wtd trimmed median, hl=45.0d, 0 sold of 1",2026-09-15T23:53:11.785896+00:00
STGF273,2239.99,40,1,0.0,0.0,0.0,"decay-wtd trimmed median, hl=45.0d, 0 sold of 1",2026-09-15T23:53:11.785896+00:00
STGF274,3509.42,40,1,0.0,0.0,0.0,"decay-wtd trimmed median, hl=45.0d, 0 sold of 1",2026-09-15T23:53:11.785896+00:00
STGF275,2118.6,40,1,0.0,0.0,0.0,"decay-wtd trimmed median, hl=45.0d, 0 sold of 1",2026-09-15T23:53:11.785896+00:00
STGF279,3684.06,40,1,0.0,0.0,0.0,"decay-wtd trimmed median, hl=45.0d, 0 sold of 1",2026-09-15T23:53:11.785896+00:00
STGF285,2258.89,40,1,0.0,0.0,0.0,"decay-wtd trimmed median, hl=45.0d, 0 sold of 1",2026-09-15T23:53:11.785896+00:00
STGF303,5144.26,40,1,0.0,0.0,0.0,"decay-wtd trimmed median, hl=45.0d, 0 sold of 1",2026-09-15T23:53:11.785896+00:00
STGF329J,52.61,40,1,0.0,0.0,0.0,"decay-wtd trimmed median, hl=45.0d, 0 sold of 1",2026-09-15T23:53:11.785896+00:00
STGF345,4947.16,40,1,0.0,0.0,0.0,"decay-wtd trimmed median, hl=45.0d, 0 sold of 1",2026-09-15T23:53:11.785896+00:00
STGF374,3894.58,40,1,0.0,0.0,0.0,"decay-wtd trimmed median, hl=45.0d, 0 sold of 1",2026-09-15T23:53:11.785896+00:00
STGF375,2947.24,40,1,0.0,0.0,0.0,"decay-wtd trimmed median, hl=45.0d, 0 sold of 1",2026-09-15T23:53:11.785896+00:00
STGF379,4947.16,40,1,0.0,0.0,0.0,"decay-wtd trimmed median, hl=45.0d, 0 sold of 1",2026-09-15T23:53:11.785896+00:00
STGF381,2473.59,40,1,0.0,0.0,0.0,"decay-wtd trimmed median, hl=45.0d, 0 sold of 1",2026-09-15T23:53:11.785896+00:00
STGF387,3906.0,40,1,0.0,0.0,0.0,"decay-wtd trimmed median, hl=45.0d, 0 sold of 1",2026-09-15T23:53:11.785896+00:00
STGF389,3906.0,40,1,0.0,0.0,0.0,"decay-wtd trimmed median, hl=45.0d, 0 sold of 1",2026-09-15T23:53:11.785896+00:00
STGK011G,103.47,40,1,0.0,0.0,0.0,"decay-wtd trimmed median, hl=45.0d, 0 sold of 1",2026-09-15T23:53:11.785896+00:00
STGK015,4267.4,40,1,0.0,0.0,0.0,"decay-wtd trimmed median, hl=45.0d, 0 sold of 1",2026-09-15T23:53:11.785896+00:00
STGK023,5766.0,40,1,0.0,0.0,0.0,"decay-wtd trimmed median, hl=45.0d, 0 sold of 1",2026-09-15T23:53:11.785896+00:00
STPR018J,39.16,40,1,0.0,0.0,0.0,"decay-wtd trimmed median, hl=45.0d, 0 sold of 1",2026-09-15T23:53:11.785896+00:00
STPR031J,18.7,40,1,0.0,0.0,0.0,"decay-wtd trimmed median, hl=45.0d, 0 sold of 1",2026-09-15T23:53:11.785896+00:00
STPR058,20.46,40,1,0.0,0.0,0.0,"decay-wtd trimmed median, hl=45.0d, 0 sold of 1",2026-09-15T23:53:11.785896+00:00
STPR060,20.46,40,1,0.0,0.0,0.0,"decay-wtd trimmed median, hl=45.0d, 0 sold of 1",2026-09-15T23:53:11.785896+00:00
STPR062,21.63,40,1,0.0,0.0,0.0,"decay-wtd trimmed median, hl=45.0d, 0 sold of 1",2026-09-15T23:53:11.785896+00:00
STPR065,20.46,40,1,0.0,0.0,0.0,"decay-wtd trimmed median, hl=45.0d, 0 sold of 1",2026-09-15T23:53:11.785896+00:00
STPR076,20.46,40,1,0.0,0.0,0.0,"decay-wtd trimmed median, hl=45.0d, 0 sold of 1",2026-09-15T23:53:11.785896+00:00
STPS013,39.16,40,1,0.0,0.0,0.0,"decay-wtd trimmed median, hl=45.0d, 0 sold of 1",2026-09-15T23:53:11.785896+00:00
STPS017J,18.13,40,1,0.0,0.0,0.0,"decay-wtd trimmed median, hl=45.0d, 0 sold of 1",2026-09-15T23:53:11.785896+00:00
STPS023,18.7,40,1,0.0,0.0,0.0,"decay-wtd trimmed median, hl=45.0d, 0 sold of 1",2026-09-15T23:53:11.785896+00:00
STPS029,39.16,40,1,0.0,0.0,0.0,"decay-wtd trimmed median, hl=45.0d, 0 sold of 1",2026-09-15T23:53:11.785896+00:00
STPS031,18.7,40,1,0.0,0.0,0.0,"decay-wtd trimmed median, hl=45.0d, 0 sold of 1",2026-09-15T23:53:11.785896+00:00
STPS043,19.29,40,1,0.0,0.0,0.0,"decay-wtd trimmed median, hl=45.0d, 0 sold of 1",2026-09-15T23:53:11.785896+00:00
STPS060,20.46,40,1,0.0,0.0,0.0,"decay-wtd trimmed median, hl=45.0d, 0 sold of 1",2026-09-15T23:53:11.785896+00:00
STPT037,18.7,40,1,0.0,0.0,0.0,"decay-wtd trimmed median, hl=45.0d, 0 sold of 1",2026-09-15T23:53:11.785896+00:00
STPX011,18.7,40,1,0.0,0.0,0.0,"decay-wtd trimmed median, hl=45.0d, 0 sold of 1",2026-09-15T23:53:11.785896+00:00
STPX013,18.7,40,1,0.0,0.0,0.0,"decay-wtd trimmed median, hl=45.0d, 0 sold of 1",2026-09-15T23:53:11.785896+00:00
STPX014,18.7,40,1,0.0,0.0,0.0,"decay-wtd trimmed median, hl=45.0d, 0 sold of 1",2026-09-15T23:53:11.785896+00:00
STPX016,18.13,40,1,0.0,0.0,0.0,"decay-wtd trimmed median, hl=45.0d, 0 sold of 1",2026-09-15T23:53:11.785896+00:00
STPX031J,18.7,40,1,0.0,0.0,0.0,"decay-wtd trimmed median, hl=45.0d, 0 sold of 1",2026-09-15T23:53:11.785896+00:00
STPX069,20.46,40,1,0.0,0.0,0.0,"decay-wtd trimmed median, hl=45.0d, 0 sold of 1",2026-09-15T23:53:11.785896+00:00
STPX099J,22.22,40,1,0.0,0.0,0.0,"decay-wtd trimmed median, hl=45.0d, 0 sold of 1",2026-09-15T23:53:11.785896+00:00
STPX103,29.23,40,1,0.0,0.0,0.0,"decay-wtd trimmed median, hl=45.0d, 0 sold of 1",2026-09-15T23:53:11.785896+00:00
STPX104,56.12,40,1,0.0,0.0,0.0,"decay-wtd trimmed median, hl=45.0d, 0 sold of 1",2026-09-15T23:53:11.785896+00:00
STPX105,57.29,40,1,0.0,0.0,0.0,"decay-wtd trimmed median, hl=45.0d, 0 sold of 1",2026-09-15T23:53:11.785896+00:00
STQK011J,21.05,40,1,0.0,0.0,0.0,"decay-wtd trimmed median, hl=45.0d, 0 sold of 1",2026-09-15T23:53:11.785896+00:00
STRS001,21.05,40,1,0.0,0.0,0.0,"decay-wtd trimmed median, hl=45.0d, 0 sold of 1",2026-09-15T23:53:11.785896+00:00
STTB036,18.7,40,1,0.0,0.0,0.0,"decay-wtd trimmed median, hl=45.0d, 0 sold of 1",2026-09-15T23:53:11.785896+00:00
STXD002J,91.2,40,1,0.0,0.0,0.0,"decay-wtd trimmed median, hl=45.0d, 0 sold of 1",2026-09-15T23:53:11.785896+00:00
STXD004J,130.94,40,1,0.0,0.0,0.0,"decay-wtd trimmed median, hl=45.0d, 0 sold of 1",2026-09-15T23:53:11.785896+00:00
SUR394,348.75,40,1,0.0,0.0,0.0,"decay-wtd trimmed median, hl=45.0d, 0 sold of 1",2026-09-15T23:53:11.785896+00:00
SUR579,488.25,40,1,0.0,0.0,0.0,"decay-wtd trimmed median, hl=45.0d, 0 sold of 1",2026-09-15T23:53:11.785896+00:00
SUR595,739.35,40,1,0.0,0.0,0.0,"decay-wtd trimmed median, hl=45.0d, 0 sold of 1",2026-09-15T23:53:11.785896+00:00
SUR597,739.35,40,1,0.0,0.0,0.0,"decay-wtd trimmed median, hl=45.0d, 0 sold of 1",2026-09-15T23:53:11.785896+00:00
SUR604,488.25,40,1,0.0,0.0,0.0,"decay-wtd trimmed median, hl=45.0d, 0 sold of 1",2026-09-15T23:53:11.785896+00:00
SUR605,739.35,40,1,0.0,0.0,0.0,"decay-wtd trimmed median, hl=45.0d, 0 sold of 1",2026-09-15T23:53:11.785896+00:00
SUR607,739.35,40,1,0.0,0.0,0.0,"decay-wtd trimmed median, hl=45.0d, 0 sold of 1",2026-09-15T23:53:11.785896+00:00
SUR608,813.75,40,1,0.0,0.0,0.0,"decay-wtd trimmed median, hl=45.0d, 0 sold of 1",2026-09-15T23:53:11.785896+00:00
SUR618,1069.5,40,1,0.0,0.0,0.0,"decay-wtd trimmed median, hl=45.0d, 0 sold of 1",2026-09-15T23:53:11.785896+00:00
SUR620,1069.5,40,1,0.0,0.0,0.0,"decay-wtd trimmed median, hl=45.0d, 0 sold of 1",2026-09-15T23:53:11.785896+00:00
SUR622,2743.5,40,1,0.0,0.0,0.0,"decay-wtd trimmed median, hl=45.0d, 0 sold of 1",2026-09-15T23:53:11.785896+00:00
SVAB003,21.05,40,1,0.0,0.0,0.0,"decay-wtd trimmed median, hl=45.0d, 0 sold of 1",2026-09-15T23:53:11.785896+00:00
SVAE007,21.05,40,1,0.0,0.0,0.0,"decay-wtd trimmed median, hl=45.0d, 0 sold of 1",2026-09-15T23:53:11.785896+00:00
SVAE101J,21.05,40,1,0.0,0.0,0.0,"decay-wtd trimmed median, hl=45.0d, 0 sold of 1",2026-09-15T23:53:11.785896+00:00
SVAF001,28.06,40,1,0.0,0.0,0.0,"decay-wtd trimmed median, hl=45.0d, 0 sold of 1",2026-09-15T23:53:11.785896+00:00
SVAG101J,32.74,40,1,0.0,0.0,0.0,"decay-wtd trimmed median, hl=45.0d, 0 sold of 1",2026-09-15T23:53:11.785896+00:00
SVAS007,18.7,40,1,0.0,0.0,0.0,"decay-wtd trimmed median, hl=45.0d, 0 sold of 1",2026-09-15T23:53:11.785896+00:00
SVAX001,21.05,40,1,0.0,0.0,0.0,"decay-wtd trimmed median, hl=45.0d, 0 sold of 1",2026-09-15T23:53:11.785896+00:00
SVAZ001J,18.7,40,1,0.0,0.0,0.0,"decay-wtd trimmed median, hl=45.0d, 0 sold of 1",2026-09-15T23:53:11.785896+00:00
SVBR001J,21.05,40,1,0.0,0.0,0.0,"decay-wtd trimmed median, hl=45.0d, 0 sold of 1",2026-09-15T23:53:11.785896+00:00
SVBR005J,47.35,40,1,0.0,0.0,0.0,"decay-wtd trimmed median, hl=45.0d, 0 sold of 1",2026-09-15T23:53:11.785896+00:00
SVBR007,52.61,40,1,0.0,0.0,0.0,"decay-wtd trimmed median, hl=45.0d, 0 sold of 1",2026-09-15T23:53:11.785896+00:00
SWCP003,26.89,40,1,0.0,0.0,0.0,"decay-wtd trimmed median, hl=45.0d, 0 sold of 1",2026-09-15T23:53:11.785896+00:00
SWCQ021,114.58,40,1,0.0,0.0,0.0,"decay-wtd trimmed median, hl=45.0d, 0 sold of 1",2026-09-15T23:53:11.785896+00:00
SWCQ051J,67.81,40,1,0.0,0.0,0.0,"decay-wtd trimmed median, hl=45.0d, 0 sold of 1",2026-09-15T23:53:11.785896+00:00
SWCQ091J,47.35,40,1,0.0,0.0,0.0,"decay-wtd trimmed median, hl=45.0d, 0 sold of 1",2026-09-15T23:53:11.785896+00:00
SWCW009,20.46,40,1,0.0,0.0,0.0,"decay-wtd trimmed median, hl=45.0d, 0 sold of 1",2026-09-15T23:53:11.785896+00:00
SWCW079,92.36,40,1,0.0,0.0,0.0,"decay-wtd trimmed median, hl=45.0d, 0 sold of 1",2026-09-15T23:53:11.785896+00:00
SWCW086,20.46,40,1,0.0,0.0,0.0,"decay-wtd trimmed median, hl=45.0d, 0 sold of 1",2026-09-15T23:53:11.785896+00:00
SWCW117,431.19,40,1,0.0,0.0,0.0,"decay-wtd trimmed median, hl=45.0d, 0 sold of 1",2026-09-15T23:53:11.785896+00:00
SWDF023J,22.79,40,1,0.0,0.0,0.0,"decay-wtd trimmed median, hl=45.0d, 0 sold of 1",2026-09-15T23:53:11.785896+00:00
SWDH055,20.46,40,1,0.0,0.0,0.0,"decay-wtd trimmed median, hl=45.0d, 0 sold of 1",2026-09-15T23:53:11.785896+00:00
SWDL130,18.7,40,1,0.0,0.0,0.0,"decay-wtd trimmed median, hl=45.0d, 0 sold of 1",2026-09-15T23:53:11.785896+00:00
SWDL155J,21.63,40,1,0.0,0.0,0.0,"decay-wtd trimmed median, hl=45.0d, 0 sold of 1",2026-09-15T23:53:11.785896+00:00
SWDQ003J,18.7,40,1,0.0,0.0,0.0,"decay-wtd trimmed median, hl=45.0d, 0 sold of 1",2026-09-15T23:53:11.785896+00:00
SWDQ004J,12.86,40,1,0.0,0.0,0.0,"decay-wtd trimmed median, hl=45.0d, 0 sold of 1",2026-09-15T23:53:11.785896+00:00
SWDT001,22.22,40,1,0.0,0.0,0.0,"decay-wtd trimmed median, hl=45.0d, 0 sold of 1",2026-09-15T23:53:11.785896+00:00
SWDT007,16.37,40,1,0.0,0.0,0.0,"decay-wtd trimmed median, hl=45.0d, 0 sold of 1",2026-09-15T23:53:11.785896+00:00
SWDT020,58.46,40,1,0.0,0.0,0.0,"decay-wtd trimmed median, hl=45.0d, 0 sold of 1",2026-09-15T23:53:11.785896+00:00
SWDX099J,18.7,40,1,0.0,0.0,0.0,"decay-wtd trimmed median, hl=45.0d, 0 sold of 1",2026-09-15T23:53:11.785896+00:00
SWDX149,144.98,40,1,0.0,0.0,0.0,"decay-wtd trimmed median, hl=45.0d, 0 sold of 1",2026-09-15T23:53:11.785896+00:00
SWDZ043,122.76,40,1,0.0,0.0,0.0,"decay-wtd trimmed median, hl=45.0d, 0 sold of 1",2026-09-15T23:53:11.785896+00:00
SWFA029J,21.63,40,1,0.0,0.0,0.0,"decay-wtd trimmed median, hl=45.0d, 0 sold of 1",2026-09-15T23:53:11.785896+00:00
SWFA030J,39.16,40,1,0.0,0.0,0.0,"decay-wtd trimmed median, hl=45.0d, 0 sold of 1",2026-09-15T23:53:11.785896+00:00
SWFA035J,39.16,40,1,0.0,0.0,0.0,"decay-wtd trimmed median, hl=45.0d, 0 sold of 1",2026-09-15T23:53:11.785896+00:00
SWFA037J,23.38,40,1,0.0,0.0,0.0,"decay-wtd trimmed median, hl=45.0d, 0 sold of 1",2026-09-15T23:53:11.785896+00:00
SWFA123,39.16,40,1,0.0,0.0,0.0,"decay-wtd trimmed median, hl=45.0d, 0 sold of 1",2026-09-15T23:53:11.785896+00:00
SWFA148J,142.63,40,1,0.0,0.0,0.0,"decay-wtd trimmed median, hl=45.0d, 0 sold of 1",2026-09-15T23:53:11.785896+00:00
SWFA149J,39.16,40,1,0.0,0.0,0.0,"decay-wtd trimmed median, hl=45.0d, 0 sold of 1",2026-09-15T23:53:11.785896+00:00
SWFA172J,40.92,40,1,0.0,0.0,0.0,"decay-wtd trimmed median, hl=45.0d, 0 sold of 1",2026-09-15T23:53:11.785896+00:00
SWFA212,22.79,40,1,0.0,0.0,0.0,"decay-wtd trimmed median, hl=45.0d, 0 sold of 1",2026-09-15T23:53:11.785896+00:00
SWFH001J,18.7,40,1,0.0,0.0,0.0,"decay-wtd trimmed median, hl=45.0d, 0 sold of 1",2026-09-15T23:53:11.785896+00:00
SWFH006J,29.82,40,1,0.0,0.0,0.0,"decay-wtd trimmed median, hl=45.0d, 0 sold of 1",2026-09-15T23:53:11.785896+00:00
SWFH019,338.46,40,1,0.0,0.0,0.0,"decay-wtd trimmed median, hl=45.0d, 0 sold of 1",2026-09-15T23:53:11.785896+00:00
SWFH072J,39.16,40,1,0.0,0.0,0.0,"decay-wtd trimmed median, hl=45.0d, 0 sold of 1",2026-09-15T23:53:11.785896+00:00
SWFT008J,39.16,40,1,0.0,0.0,0.0,"decay-wtd trimmed median, hl=45.0d, 0 sold of 1",2026-09-15T23:53:11.785896+00:00
SWFT011,20.46,40,1,0.0,0.0,0.0,"decay-wtd trimmed median, hl=45.0d, 0 sold of 1",2026-09-15T23:53:11.785896+00:00
SWFT013J,20.46,40,1,0.0,0.0,0.0,"decay-wtd trimmed median, hl=45.0d, 0 sold of 1",2026-09-15T23:53:11.785896+00:00
SWFZ029,21.05,40,1,0.0,0.0,0.0,"decay-wtd trimmed median, hl=45.0d, 0 sold of 1",2026-09-15T23:53:11.785896+00:00
SWPX008J,102.89,40,1,0.0,0.0,0.0,"decay-wtd trimmed median, hl=45.0d, 0 sold of 1",2026-09-15T23:53:11.785896+00:00
SWQQ005,40.92,40,1,0.0,0.0,0.0,"decay-wtd trimmed median, hl=45.0d, 0 sold of 1",2026-09-15T23:53:11.785896+00:00
SWQQ006,40.92,40,1,0.0,0.0,0.0,"decay-wtd trimmed median, hl=45.0d, 0 sold of 1",2026-09-15T23:53:11.785896+00:00
SZER017,18.7,40,1,0.0,0.0,0.0,"decay-wtd trimmed median, hl=45.0d, 0 sold of 1",2026-09-15T23:53:11.785896+00:00
SZER034,39.16,40,1,0.0,0.0,0.0,"decay-wtd trimmed median, hl=45.0d, 0 sold of 1",2026-09-15T23:53:11.785896+00:00
SZER110,19.87,40,1,0.0,0.0,0.0,"decay-wtd trimmed median, hl=45.0d, 0 sold of 1",2026-09-15T23:53:11.785896+00:00
SZEV011,19.87,40,1,0.0,0.0,0.0,"decay-wtd trimmed median, hl=45.0d, 0 sold of 1",2026-09-15T23:53:11.785896+00:00
SZEZ001,39.16,40,1,0.0,0.0,0.0,"decay-wtd trimmed median, hl=45.0d, 0 sold of 1",2026-09-15T23:53:11.785896+00:00
SZLJ169,20.46,40,1,0.0,0.0,0.0,"decay-wtd trimmed median, hl=45.0d, 0 sold of 1",2026-09-15T23:53:11.785896+00:00
SZLJ262,19.87,40,1,0.0,0.0,0.0,"decay-wtd trimmed median, hl=45.0d, 0 sold of 1",2026-09-15T23:53:11.785896+00:00
SZPH030,121.59,40,1,0.0,0.0,0.0,"decay-wtd trimmed median, hl=45.0d, 0 sold of 1",2026-09-15T23:53:11.785896+00:00
SZPW106,17.54,40,1,0.0,0.0,0.0,"decay-wtd trimmed median, hl=45.0d, 0 sold of 1",2026-09-15T23:53:11.785896+00:00
U17356531L1P1,465.0,40,1,0.0,0.0,0.0,"decay-wtd trimmed median, hl=45.0d, 0 sold of 1",2026-09-15T23:53:11.785896+00:00
U17356531L1U1,14740.5,40,1,0.0,0.0,0.0,"decay-wtd trimmed median, hl=45.0d, 0 sold of 1",2026-09-15T23:53:11.785896+00:00
UB0134101B1U1,13857.0,40,1,0.0,0.0,0.0,"decay-wtd trimmed median, hl=45.0d, 0 sold of 1",2026-09-15T23:53:11.785896+00:00
V13317101B1X1,2630.59,40,1,0.0,0.0,0.0,"decay-wtd trimmed median, hl=45.0d, 0 sold of 1",2026-09-15T23:53:11.785896+00:00
V13375101C1X2,6696.0,40,1,0.0,0.0,0.0,"decay-wtd trimmed median, hl=45.0d, 0 sold of 1",2026-09-15T23:53:11.785896+00:00
W1002154,1461.44,40,1,0.0,0.0,0.0,"decay-wtd trimmed median, hl=45.0d, 0 sold of 1",2026-09-15T23:53:11.785896+00:00
W1003053,2162.93,40,1,0.0,0.0,0.0,"decay-wtd trimmed median, hl=45.0d, 0 sold of 1",2026-09-15T23:53:11.785896+00:00
W1004054,2559.36,40,1,0.0,0.0,0.0,"decay-wtd trimmed median, hl=45.0d, 0 sold of 1",2026-09-15T23:53:11.785896+00:00
W1008095,7950.22,40,1,0.0,0.0,0.0,"decay-wtd trimmed median, hl=45.0d, 0 sold of 1",2026-09-15T23:53:11.785896+00:00
W1008254,2864.42,40,1,0.0,0.0,0.0,"decay-wtd trimmed median, hl=45.0d, 0 sold of 1",2026-09-15T23:53:11.785896+00:00
W1011455,1461.44,40,1,0.0,0.0,0.0,"decay-wtd trimmed median, hl=45.0d, 0 sold of 1",2026-09-15T23:53:11.785896+00:00
W1013954,2630.59,40,1,0.0,0.0,0.0,"decay-wtd trimmed median, hl=45.0d, 0 sold of 1",2026-09-15T23:53:11.785896+00:00
W1014054,1849.39,40,1,0.0,0.0,1.0,"decay-wtd trimmed median, hl=45.0d, 0 sold of 1",2026-09-15T23:53:11.785896+00:00
W1016055,6914.93,40,1,0.0,0.0,0.0,"decay-wtd trimmed median, hl=45.0d, 0 sold of 1",2026-09-15T23:53:11.785896+00:00
W1016730,5644.96,40,1,0.0,0.0,0.0,"decay-wtd trimmed median, hl=45.0d, 0 sold of 1",2026-09-15T23:53:11.785896+00:00
W1500851,9962.2,40,1,0.0,0.0,0.0,"decay-wtd trimmed median, hl=45.0d, 0 sold of 1",2026-09-15T23:53:11.785896+00:00
W1511556,3799.74,40,1,0.0,0.0,0.0,"decay-wtd trimmed median, hl=45.0d, 0 sold of 1",2026-09-15T23:53:11.785896+00:00
W1516956,10522.35,40,1,0.0,0.0,0.0,"decay-wtd trimmed median, hl=45.0d, 0 sold of 1",2026-09-15T23:53:11.785896+00:00
W1523656,3177.96,40,1,0.0,0.0,0.0,"decay-wtd trimmed median, hl=45.0d, 0 sold of 1",2026-09-15T23:53:11.785896+00:00
W1534251,19895.08,40,1,0.0,0.0,0.0,"decay-wtd trimmed median, hl=45.0d, 0 sold of 1",2026-09-15T23:53:11.785896+00:00
W2607456,5123.65,40,1,0.0,0.0,0.0,"decay-wtd trimmed median, hl=45.0d, 0 sold of 1",2026-09-15T23:53:11.785896+00:00
W2609956,10230.06,40,1,0.0,0.0,0.0,"decay-wtd trimmed median, hl=45.0d, 0 sold of 1",2026-09-15T23:53:11.785896+00:00
W2PA0008,4676.6,40,1,0.0,0.0,0.0,"decay-wtd trimmed median, hl=45.0d, 0 sold of 1",2026-09-15T23:53:11.785896+00:00
W3107099,1578.35,40,1,0.0,0.0,0.0,"decay-wtd trimmed median, hl=45.0d, 0 sold of 1",2026-09-15T23:53:11.785896+00:00
W3108199,1753.73,40,1,0.0,0.0,0.0,"decay-wtd trimmed median, hl=45.0d, 0 sold of 1",2026-09-15T23:53:11.785896+00:00
W3140026,1519.9,40,1,0.0,0.0,0.0,"decay-wtd trimmed median, hl=45.0d, 0 sold of 1",2026-09-15T23:53:11.785896+00:00
W3PN0007,12809.11,40,1,0.0,0.0,0.0,"decay-wtd trimmed median, hl=45.0d, 0 sold of 1",2026-09-15T23:53:11.785896+00:00
W4TA0016,4075.63,40,1,0.0,0.0,0.0,"decay-wtd trimmed median, hl=45.0d, 0 sold of 1",2026-09-15T23:53:11.785896+00:00
W4TA0020,6190.66,40,1,0.0,0.0,0.0,"decay-wtd trimmed median, hl=45.0d, 0 sold of 1",2026-09-15T23:53:11.785896+00:00
W5000256,5251.27,40,1,0.0,0.0,0.0,"decay-wtd trimmed median, hl=45.0d, 0 sold of 1",2026-09-15T23:53:11.785896+00:00
W6206006,2683.98,40,1,0.0,0.0,0.0,"decay-wtd trimmed median, hl=45.0d, 0 sold of 1",2026-09-15T23:53:11.785896+00:00
W6300556,7261.44,40,1,0.0,0.0,0.0,"decay-wtd trimmed median, hl=45.0d, 0 sold of 1",2026-09-15T23:53:11.785896+00:00
W630065,2678.4,40,1,0.0,0.0,0.0,"decay-wtd trimmed median, hl=45.0d, 0 sold of 1",2026-09-15T23:53:11.785896+00:00
W6920071,3858.2,40,1,0.0,0.0,0.0,"decay-wtd trimmed median, hl=45.0d, 0 sold of 1",2026-09-15T23:53:11.785896+00:00
W7100054,5085.8,40,1,0.0,0.0,0.0,"decay-wtd trimmed median, hl=45.0d, 0 sold of 1",2026-09-15T23:53:11.785896+00:00
W8000002,10237.44,40,1,0.0,0.0,0.0,"decay-wtd trimmed median, hl=45.0d, 0 sold of 1",2026-09-15T23:53:11.785896+00:00
WA203751,17771.07,40,1,0.0,0.0,0.0,"decay-wtd trimmed median, hl=45.0d, 0 sold of 1",2026-09-15T23:53:11.785896+00:00
WAR201E,1013.09,40,1,0.0,0.0,0.0,"decay-wtd trimmed median, hl=45.0d, 0 sold of 1",2026-09-15T23:53:11.785896+00:00
WATA0043,2805.96,40,1,0.0,0.0,0.0,"decay-wtd trimmed median, hl=45.0d, 0 sold of 1",2026-09-15T23:53:11.785896+00:00
WBN0210,1578.35,40,1,0.0,0.0,0.0,"decay-wtd trimmed median, hl=45.0d, 0 sold of 1",2026-09-15T23:53:11.785896+00:00
WE801331,3507.45,40,1,0.0,0.0,0.0,"decay-wtd trimmed median, hl=45.0d, 0 sold of 1",2026-09-15T23:53:11.785896+00:00
WE902073,3098.25,40,1,0.0,0.0,0.0,"decay-wtd trimmed median, hl=45.0d, 0 sold of 1",2026-09-15T23:53:11.785896+00:00
WG200246,4770.13,40,1,0.0,0.0,0.0,"decay-wtd trimmed median, hl=45.0d, 0 sold of 1",2026-09-15T23:53:11.785896+00:00
WG600007,6979.83,40,1,0.0,0.0,0.0,"decay-wtd trimmed median, hl=45.0d, 0 sold of 1",2026-09-15T23:53:11.785896+00:00
WGBB0035,9353.2,40,1,0.0,0.0,0.0,"decay-wtd trimmed median, hl=45.0d, 0 sold of 1",2026-09-15T23:53:11.785896+00:00
WGPA0018,7014.9,40,1,0.0,0.0,0.0,"decay-wtd trimmed median, hl=45.0d, 0 sold of 1",2026-09-15T23:53:11.785896+00:00
WGRN0012,6108.81,40,1,0.0,0.0,0.0,"decay-wtd trimmed median, hl=45.0d, 0 sold of 1",2026-09-15T23:53:11.785896+00:00
WGTA0075,21629.27,40,1,0.0,0.0,0.0,"decay-wtd trimmed median, hl=45.0d, 0 sold of 1",2026-09-15T23:53:11.785896+00:00
WGTA0093,10522.35,40,1,0.0,0.0,0.0,"decay-wtd trimmed median, hl=45.0d, 0 sold of 1",2026-09-15T23:53:11.785896+00:00
WGTA0134,11223.84,40,1,0.0,0.0,0.0,"decay-wtd trimmed median, hl=45.0d, 0 sold of 1",2026-09-15T23:53:11.785896+00:00
WHSA0007,16095.12,40,1,0.0,0.0,0.0,"decay-wtd trimmed median, hl=45.0d, 0 sold of 1",2026-09-15T23:53:11.785896+00:00
WHSA0015,20510.4,40,1,0.0,0.0,0.0,"decay-wtd trimmed median, hl=45.0d, 0 sold of 1",2026-09-15T23:53:11.785896+00:00
WHTA0025,29696.4,40,1,0.0,0.0,0.0,"decay-wtd trimmed median, hl=45.0d, 0 sold of 1",2026-09-15T23:53:11.785896+00:00
WJ124021,4192.86,40,1,0.0,0.0,0.0,"decay-wtd trimmed median, hl=45.0d, 0 sold of 1",2026-09-15T23:53:11.785896+00:00
WJBA0031,11907.79,40,1,0.0,0.0,0.0,"decay-wtd trimmed median, hl=45.0d, 0 sold of 1",2026-09-15T23:53:11.785896+00:00
WSBB0025,3858.2,40,1,0.0,0.0,0.0,"decay-wtd trimmed median, hl=45.0d, 0 sold of 1",2026-09-15T23:53:11.785896+00:00
WSPA0010,2772.27,40,1,0.0,0.0,0.0,"decay-wtd trimmed median, hl=45.0d, 0 sold of 1",2026-09-15T23:53:11.785896+00:00
WSPA0030,4735.06,40,1,0.0,0.0,0.0,"decay-wtd trimmed median, hl=45.0d, 0 sold of 1",2026-09-15T23:53:11.785896+00:00
WSPA0031,4208.94,40,1,0.0,0.0,0.0,"decay-wtd trimmed median, hl=45.0d, 0 sold of 1",2026-09-15T23:53:11.785896+00:00
WSPA0038,4501.23,40,1,0.0,0.0,0.0,"decay-wtd trimmed median, hl=45.0d, 0 sold of 1",2026-09-15T23:53:11.785896+00:00
WSPA0045,4653.22,40,1,0.0,0.0,0.0,"decay-wtd trimmed median, hl=45.0d, 0 sold of 1",2026-09-15T23:53:11.785896+00:00
WSPN0010,5263.82,40,1,0.0,0.0,0.0,"decay-wtd trimmed median, hl=45.0d, 0 sold of 1",2026-09-15T23:53:11.785896+00:00
WSRN0030,2928.27,40,1,0.0,0.0,0.0,"decay-wtd trimmed median, hl=45.0d, 0 sold of 1",2026-09-15T23:53:11.785896+00:00
WSSA0078,8424.46,40,1,0.0,0.0,0.0,"decay-wtd trimmed median, hl=45.0d, 0 sold of 1",2026-09-15T23:53:11.785896+00:00
WSTA0017,3390.54,40,1,0.0,0.0,0.0,"decay-wtd trimmed median, hl=45.0d, 0 sold of 1",2026-09-15T23:53:11.785896+00:00
WSTA0082,2835.19,40,1,0.0,0.0,0.0,"decay-wtd trimmed median, hl=45.0d, 0 sold of 1",2026-09-15T23:53:11.785896+00:00
WSTA0106,3332.08,40,1,0.0,0.0,0.0,"decay-wtd trimmed median, hl=45.0d, 0 sold of 1",2026-09-15T23:53:11.785896+00:00
WT000830,2221.39,40,1,0.0,0.0,0.0,"decay-wtd trimmed median, hl=45.0d, 0 sold of 1",2026-09-15T23:53:11.785896+00:00
WT200006,9937.78,40,1,0.0,0.0,0.0,"decay-wtd trimmed median, hl=45.0d, 0 sold of 1",2026-09-15T23:53:11.785896+00:00
X823105C1M1S1,465.0,40,1,0.0,0.0,0.0,"decay-wtd trimmed median, hl=45.0d, 0 sold of 1",2026-09-15T23:53:11.785896+00:00
X823109C1B1S1,465.0,40,1,0.0,0.0,0.0,"decay-wtd trimmed median, hl=45.0d, 0 sold of 1",2026-09-15T23:53:11.785896+00:00
X82310A51B1S2,3441.0,40,1,0.0,0.0,0.0,"decay-wtd trimmed median, hl=45.0d, 0 sold of 1",2026-09-15T23:53:11.785896+00:00
X82310D51B1S2,3441.0,40,1,0.0,0.0,0.0,"decay-wtd trimmed median, hl=45.0d, 0 sold of 1",2026-09-15T23:53:11.785896+00:00
X82310D91B1S1,2715.6,40,1,0.0,0.0,0.0,"decay-wtd trimmed median, hl=45.0d, 0 sold of 1",2026-09-15T23:53:11.785896+00:00
X82310E51B1S1,465.0,40,1,0.0,0.0,0.0,"decay-wtd trimmed median, hl=45.0d, 0 sold of 1",2026-09-15T23:53:11.785896+00:00
Y233801A1B1A1,465.0,40,1,0.0,0.0,0.0,"decay-wtd trimmed median, hl=45.0d, 0 sold of 1",2026-09-15T23:53:11.785896+00:00
YB04451A1B1A1,465.0,40,1,0.0,0.0,0.0,"decay-wtd trimmed median, hl=45.0d, 0 sold of 1",2026-09-15T23:53:11.785896+00:00
YB04451A1B1X1,10695.0,40,1,0.0,0.0,0.0,"decay-wtd trimmed median, hl=45.0d, 0 sold of 1",2026-09-15T23:53:11.785896+00:00
5500,4400.25,39,5,0.0,15.7,0.0,"decay-wtd trimmed median, hl=45.0d, 0 sold of 6",2026-09-15T23:53:11.785896+00:00
SBGM257,4027.52,39,5,0.0,16.2,0.0,"decay-wtd trimmed median, hl=45.0d, 0 sold of 5",2026-09-15T23:53:11.785896+00:00
1600,6777.19,39,4,0.0,15.9,0.0,"decay-wtd trimmed median, hl=45.0d, 0 sold of 5",2026-09-15T23:53:11.785896+00:00
220.10.30.20.02.001,6603.0,39,4,0.0,16.4,0.0,"decay-wtd trimmed median, hl=45.0d, 0 sold of 4",2026-09-15T23:53:11.785896+00:00
220.10.30.20.03.001,6603.0,39,4,0.0,16.4,0.0,"decay-wtd trimmed median, hl=45.0d, 0 sold of 4",2026-09-15T23:53:11.785896+00:00
220.10.30.20.10.002,6603.0,39,4,0.0,16.4,0.0,"decay-wtd trimmed median, hl=45.0d, 0 sold of 4",2026-09-15T23:53:11.785896+00:00
220.20.30.20.63.001,12090.0,39,4,0.0,15.5,0.0,"decay-wtd trimmed median, hl=45.0d, 0 sold of 4",2026-09-15T23:53:11.785896+00:00
WSTA0067,4206.78,39,4,0.0,15.6,0.0,"decay-wtd trimmed median, hl=45.0d, 0 sold of 4",2026-09-15T23:53:11.785896+00:00
16550,11574.58,39,3,0.0,15.6,0.0,"decay-wtd trimmed median, hl=45.0d, 0 sold of 3",2026-09-15T23:53:11.785896+00:00
6618,2380.82,39,3,0.0,15.6,0.0,"decay-wtd trimmed median, hl=45.0d, 0 sold of 3",2026-09-15T23:53:11.785896+00:00
SBEB013J,18.7,39,3,0.0,15.6,0.0,"decay-wtd trimmed median, hl=45.0d, 0 sold of 3",2026-09-15T23:53:11.785896+00:00
SBQA001J,18.7,39,3,0.0,15.6,0.0,"decay-wtd trimmed median, hl=45.0d, 0 sold of 3",2026-09-15T23:53:11.785896+00:00
SBSC015,36.24,39,3,0.0,16.1,0.0,"decay-wtd trimmed median, hl=45.0d, 0 sold of 3",2026-09-15T23:53:11.785896+00:00
SSEH008,33.91,39,3,0.0,15.5,0.0,"decay-wtd trimmed median, hl=45.0d, 0 sold of 3",2026-09-15T23:53:11.785896+00:00
SSVE065J,39.16,39,3,0.0,16.4,0.0,"decay-wtd trimmed median, hl=45.0d, 0 sold of 3",2026-09-15T23:53:11.785896+00:00
STPR025,18.13,39,3,0.0,12.9,8.0,"decay-wtd trimmed median, hl=45.0d, 0 sold of 3",2026-09-15T23:53:11.785896+00:00
116505GBK,47137.98,39,2,0.0,0.6,0.0,"decay-wtd trimmed median, hl=45.0d, 0 sold of 2",2026-09-15T23:53:11.785896+00:00
116506A,94352.18,39,2,0.0,1.1,1.0,"decay-wtd trimmed median, hl=45.0d, 0 sold of 2",2026-09-15T23:53:11.785896+00:00
126234G,10054.69,39,2,0.0,1.4,0.0,"decay-wtd trimmed median, hl=45.0d, 0 sold of 2",2026-09-15T23:53:11.785896+00:00
127235,48253.99,39,2,0.0,1.5,0.0,"decay-wtd trimmed median, hl=45.0d, 0 sold of 2",2026-09-15T23:53:11.785896+00:00
16234GBL,7546.33,39,2,0.0,0.8,0.0,"decay-wtd trimmed median, hl=45.0d, 0 sold of 2",2026-09-15T23:53:11.785896+00:00
16623NC,14082.93,39,2,0.0,1.5,0.0,"decay-wtd trimmed median, hl=45.0d, 0 sold of 2",2026-09-15T23:53:11.785896+00:00
179171GSVHC,10107.57,39,2,0.0,1.2,0.0,"decay-wtd trimmed median, hl=45.0d, 0 sold of 2",2026-09-15T23:53:11.785896+00:00
187903,2953.34,39,2,0.0,1.3,0.0,"decay-wtd trimmed median, hl=45.0d, 0 sold of 2",2026-09-15T23:53:11.785896+00:00
26331ST.OO.1220ST.02,42485.82,39,2,0.0,1.5,0.0,"decay-wtd trimmed median, hl=45.0d, 0 sold of 2",2026-09-15T23:53:11.785896+00:00
311.10.39.30.01.001,5787.29,39,2,0.0,0.5,0.0,"decay-wtd trimmed median, hl=45.0d, 0 sold of 2",2026-09-15T23:53:11.785896+00:00
311.93.44.51.99.001,5728.84,39,2,0.0,0.9,0.0,"decay-wtd trimmed median, hl=45.0d, 0 sold of 2",2026-09-15T23:53:11.785896+00:00
4400E000AB437,13391.35,39,2,0.0,0.9,0.0,"decay-wtd trimmed median, hl=45.0d, 0 sold of 2",2026-09-15T23:53:11.785896+00:00
4520V210AB128,31341.54,39,2,0.0,1.1,0.0,"decay-wtd trimmed median, hl=45.0d, 0 sold of 2",2026-09-15T23:53:11.785896+00:00
522.92.39.21.99.001,13299.0,39,2,0.0,0.7,0.0,"decay-wtd trimmed median, hl=45.0d, 0 sold of 2",2026-09-15T23:53:11.785896+00:00
69173NR,6365.35,39,2,0.0,0.7,0.0,"decay-wtd trimmed median, hl=45.0d, 0 sold of 2",2026-09-15T23:53:11.785896+00:00
77080,4442.77,39,2,0.0,0.7,0.0,"decay-wtd trimmed median, hl=45.0d, 0 sold of 2",2026-09-15T23:53:11.785896+00:00
79000,4557.0,39,2,0.0,1.1,0.0,"decay-wtd trimmed median, hl=45.0d, 0 sold of 2",2026-09-15T23:53:11.785896+00:00
79174GSVC,5603.46,39,2,0.0,0.5,0.0,"decay-wtd trimmed median, hl=45.0d, 0 sold of 2",2026-09-15T23:53:11.785896+00:00
SARY161,285.94,39,2,0.0,0.6,0.0,"decay-wtd trimmed median, hl=45.0d, 0 sold of 2",2026-09-15T23:53:11.785896+00:00
SBDC059J,122.76,39,2,0.0,0.9,0.0,"decay-wtd trimmed median, hl=45.0d, 0 sold of 2",2026-09-15T23:53:11.785896+00:00
SBEB021,121.59,39,2,0.0,1.4,0.0,"decay-wtd trimmed median, hl=45.0d, 0 sold of 2",2026-09-15T23:53:11.785896+00:00
SBEC009,1164.46,39,2,0.0,1.5,0.0,"decay-wtd trimmed median, hl=45.0d, 0 sold of 2",2026-09-15T23:53:11.785896+00:00
SBGA403,8137.5,39,2,0.0,0.8,0.0,"decay-wtd trimmed median, hl=45.0d, 0 sold of 2",2026-09-15T23:53:11.785896+00:00
SBGN021,2630.59,39,2,0.0,1.2,0.0,"decay-wtd trimmed median, hl=45.0d, 0 sold of 2",2026-09-15T23:53:11.785896+00:00
SBTR043,182.26,39,2,0.0,1.0,0.0,"decay-wtd trimmed median, hl=45.0d, 0 sold of 2",2026-09-15T23:53:11.785896+00:00
SSVH025,61.97,39,2,0.0,1.4,0.0,"decay-wtd trimmed median, hl=45.0d, 0 sold of 2",2026-09-15T23:53:11.785896+00:00
W1516856,8651.71,39,2,0.0,1.0,0.0,"decay-wtd trimmed median, hl=45.0d, 0 sold of 2",2026-09-15T23:53:11.785896+00:00
W4PN0016,7943.06,39,2,0.0,0.8,0.0,"decay-wtd trimmed median, hl=45.0d, 0 sold of 2",2026-09-15T23:53:11.785896+00:00
W5200018,7341.32,39,2,0.0,0.7,0.0,"decay-wtd trimmed median, hl=45.0d, 0 sold of 2",2026-09-15T23:53:11.785896+00:00
WGTA0342,10456.94,39,2,0.0,0.1,4.0,"decay-wtd trimmed median, hl=45.0d, 0 sold of 2",2026-09-15T23:53:11.785896+00:00
WSSA0018,6722.61,39,2,0.0,0.0,4.0,"decay-wtd trimmed median, hl=45.0d, 0 sold of 2",2026-09-15T23:53:11.785896+00:00
116688,41163.49,39,1,0.0,0.0,2.0,"decay-wtd trimmed median, hl=45.0d, 0 sold of 1",2026-09-15T23:53:11.785896+00:00
123.10.24.60.51.001,1317.95,39,1,0.0,0.0,3.0,"decay-wtd trimmed median, hl=45.0d, 0 sold of 1",2026-09-15T23:53:11.785896+00:00
123.15.27.20.57.002,3887.53,39,1,0.0,0.0,4.0,"decay-wtd trimmed median, hl=45.0d, 0 sold of 1",2026-09-15T23:53:11.785896+00:00
123.25.24.60.58.001,5318.86,39,1,0.0,0.0,2.0,"decay-wtd trimmed median, hl=45.0d, 0 sold of 1",2026-09-15T23:53:11.785896+00:00
126233NG,17521.82,39,1,0.0,0.0,4.0,"decay-wtd trimmed median, hl=45.0d, 0 sold of 1",2026-09-15T23:53:11.785896+00:00
131.10.29.20.06.001,3561.51,39,1,0.0,0.0,4.0,"decay-wtd trimmed median, hl=45.0d, 0 sold of 1",2026-09-15T23:53:11.785896+00:00
131.10.39.20.02.001,6882.0,39,1,0.0,0.0,4.0,"decay-wtd trimmed median, hl=45.0d, 0 sold of 1",2026-09-15T23:53:11.785896+00:00
131.20.36.20.02.002,4271.77,39,1,0.0,0.0,4.0,"decay-wtd trimmed median, hl=45.0d, 0 sold of 1",2026-09-15T23:53:11.785896+00:00
136143,17989.59,39,1,0.0,0.0,4.0,"decay-wtd trimmed median, hl=45.0d, 0 sold of 1",2026-09-15T23:53:11.785896+00:00
136479,17980.45,39,1,0.0,0.0,4.0,"decay-wtd trimmed median, hl=45.0d, 0 sold of 1",2026-09-15T23:53:11.785896+00:00
15400OR,64887.8,39,1,0.0,0.0,4.0,"decay-wtd trimmed median, hl=45.0d, 0 sold of 1",2026-09-15T23:53:11.785896+00:00
1581,735.46,39,1,0.0,0.0,4.0,"decay-wtd trimmed median, hl=45.0d, 0 sold of 1",2026-09-15T23:53:11.785896+00:00
192.029,39846.79,39,1,0.0,0.0,3.0,"decay-wtd trimmed median, hl=45.0d, 0 sold of 1",2026-09-15T23:53:11.785896+00:00
220.10.28.60.51.001,1657.54,39,1,0.0,0.0,4.0,"decay-wtd trimmed median, hl=45.0d, 0 sold of 1",2026-09-15T23:53:11.785896+00:00
220.10.34.20.02.002,3497.66,39,1,0.0,0.0,4.0,"decay-wtd trimmed median, hl=45.0d, 0 sold of 1",2026-09-15T23:53:11.785896+00:00
220.20.34.20.53.001,6572.05,39,1,0.0,0.0,4.0,"decay-wtd trimmed median, hl=45.0d, 0 sold of 1",2026-09-15T23:53:11.785896+00:00
220.23.34.20.06.001,4368.32,39,1,0.0,0.0,4.0,"decay-wtd trimmed median, hl=45.0d, 0 sold of 1",2026-09-15T23:53:11.785896+00:00
231.10.39.21.02.001,2445.38,39,1,0.0,0.0,2.0,"decay-wtd trimmed median, hl=45.0d, 0 sold of 1",2026-09-15T23:53:11.785896+00:00
26242OR,148556.69,39,1,0.0,0.0,2.0,"decay-wtd trimmed median, hl=45.0d, 0 sold of 1",2026-09-15T23:53:11.785896+00:00
278343RBR,19189.59,39,1,0.0,0.0,4.0,"decay-wtd trimmed median, hl=45.0d, 0 sold of 1",2026-09-15T23:53:11.785896+00:00
279139RBR,39649.21,39,1,0.0,0.0,4.0,"decay-wtd trimmed median, hl=45.0d, 0 sold of 1",2026-09-15T23:53:11.785896+00:00
279178NG,37920.31,39,1,0.0,0.0,4.0,"decay-wtd trimmed median, hl=45.0d, 0 sold of 1",2026-09-15T23:53:11.785896+00:00
28303,2658.92,39,1,0.0,0.0,4.0,"decay-wtd trimmed median, hl=45.0d, 0 sold of 1",2026-09-15T23:53:11.785896+00:00
3116,8895.07,39,1,0.0,0.0,3.0,"decay-wtd trimmed median, hl=45.0d, 0 sold of 1",2026-09-15T23:53:11.785896+00:00
326.30.40.50.04.001,2730.48,39,1,0.0,0.0,3.0,"decay-wtd trimmed median, hl=45.0d, 0 sold of 1",2026-09-15T23:53:11.785896+00:00
326235,34317.0,39,1,0.0,0.0,4.0,"decay-wtd trimmed median, hl=45.0d, 0 sold of 1",2026-09-15T23:53:11.785896+00:00
4000E000AB439,14357.27,39,1,0.0,0.0,4.0,"decay-wtd trimmed median, hl=45.0d, 0 sold of 1",2026-09-15T23:53:11.785896+00:00
4000V210AB911,38302.64,39,1,0.0,0.0,2.0,"decay-wtd trimmed median, hl=45.0d, 0 sold of 1",2026-09-15T23:53:11.785896+00:00
424.10.33.20.05.001,1461.44,39,1,0.0,0.0,2.0,"decay-wtd trimmed median, hl=45.0d, 0 sold of 1",2026-09-15T23:53:11.785896+00:00
424.10.33.20.52.001,1863.52,39,1,0.0,0.0,4.0,"decay-wtd trimmed median, hl=45.0d, 0 sold of 1",2026-09-15T23:53:11.785896+00:00
424.13.27.60.51.001,997.58,39,1,0.0,0.0,3.0,"decay-wtd trimmed median, hl=45.0d, 0 sold of 1",2026-09-15T23:53:11.785896+00:00
424.55.33.20.55.008,12698.53,39,1,0.0,0.0,4.0,"decay-wtd trimmed median, hl=45.0d, 0 sold of 1",2026-09-15T23:53:11.785896+00:00
43179,10867.31,39,1,0.0,0.0,4.0,"decay-wtd trimmed median, hl=45.0d, 0 sold of 1",2026-09-15T23:53:11.785896+00:00
5110P001,54215.79,39,1,0.0,0.0,2.0,"decay-wtd trimmed median, hl=45.0d, 0 sold of 1",2026-09-15T23:53:11.785896+00:00
5230G001,34856.22,39,1,0.0,0.0,2.0,"decay-wtd trimmed median, hl=45.0d, 0 sold of 1",2026-09-15T23:53:11.785896+00:00
53493,317.28,39,1,0.0,0.0,3.0,"decay-wtd trimmed median, hl=45.0d, 0 sold of 1",2026-09-15T23:53:11.785896+00:00
5520V210AB686,29640.5,39,1,0.0,0.0,2.0,"decay-wtd trimmed median, hl=45.0d, 0 sold of 1",2026-09-15T23:53:11.785896+00:00
57111A001,116030.25,39,1,0.0,0.0,3.0,"decay-wtd trimmed median, hl=45.0d, 0 sold of 1",2026-09-15T23:53:11.785896+00:00
6569,5472.59,39,1,0.0,0.0,2.0,"decay-wtd trimmed median, hl=45.0d, 0 sold of 1",2026-09-15T23:53:11.785896+00:00
67029BC,19771.47,39,1,0.0,0.0,4.0,"decay-wtd trimmed median, hl=45.0d, 0 sold of 1",2026-09-15T23:53:11.785896+00:00
747722,265.61,39,1,0.0,0.0,2.0,"decay-wtd trimmed median, hl=45.0d, 0 sold of 1",2026-09-15T23:53:11.785896+00:00
752100,244.35,39,1,0.0,0.0,2.0,"decay-wtd trimmed median, hl=45.0d, 0 sold of 1",2026-09-15T23:53:11.785896+00:00
79190,2797.44,39,1,0.0,0.0,3.0,"decay-wtd trimmed median, hl=45.0d, 0 sold of 1",2026-09-15T23:53:11.785896+00:00
80319NR,14926.34,39,1,0.0,0.0,4.0,"decay-wtd trimmed median, hl=45.0d, 0 sold of 1",2026-09-15T23:53:11.785896+00:00
A10380591A1A1,3887.53,39,1,0.0,0.0,4.0,"decay-wtd trimmed median, hl=45.0d, 0 sold of 1",2026-09-15T23:53:11.785896+00:00
A13022,2914.7,39,1,0.0,0.0,2.0,"decay-wtd trimmed median, hl=45.0d, 0 sold of 1",2026-09-15T23:53:11.785896+00:00
A30030,2103.39,39,1,0.0,0.0,3.0,"decay-wtd trimmed median, hl=45.0d, 0 sold of 1",2026-09-15T23:53:11.785896+00:00
HCB002J,333.44,39,1,0.0,0.0,4.0,"decay-wtd trimmed median, hl=45.0d, 0 sold of 1",2026-09-15T23:53:11.785896+00:00
IW328205,3624.37,39,1,0.0,0.0,4.0,"decay-wtd trimmed median, hl=45.0d, 0 sold of 1",2026-09-15T23:53:11.785896+00:00
IW356504,6126.49,39,1,0.0,0.0,2.0,"decay-wtd trimmed median, hl=45.0d, 0 sold of 1",2026-09-15T23:53:11.785896+00:00
IW358102,3500.85,39,1,0.0,0.0,2.0,"decay-wtd trimmed median, hl=45.0d, 0 sold of 1",2026-09-15T23:53:11.785896+00:00
Q2668143,11584.62,39,1,0.0,0.0,4.0,"decay-wtd trimmed median, hl=45.0d, 0 sold of 1",2026-09-15T23:53:11.785896+00:00
Q3288422,6224.01,39,1,0.0,0.0,4.0,"decay-wtd trimmed median, hl=45.0d, 0 sold of 1",2026-09-15T23:53:11.785896+00:00
Q3448411,9913.76,39,1,0.0,0.0,4.0,"decay-wtd trimmed median, hl=45.0d, 0 sold of 1",2026-09-15T23:53:11.785896+00:00
Q3878520,4327.39,39,1,0.0,0.0,4.0,"decay-wtd trimmed median, hl=45.0d, 0 sold of 1",2026-09-15T23:53:11.785896+00:00
SARF001,680.57,39,1,0.0,0.0,4.0,"decay-wtd trimmed median, hl=45.0d, 0 sold of 1",2026-09-15T23:53:11.785896+00:00
SBBN047,1379.65,39,1,0.0,0.0,3.0,"decay-wtd trimmed median, hl=45.0d, 0 sold of 1",2026-09-15T23:53:11.785896+00:00
SBDC177,594.31,39,1,0.0,0.0,3.0,"decay-wtd trimmed median, hl=45.0d, 0 sold of 1",2026-09-15T23:53:11.785896+00:00
SBEC017,1379.65,39,1,0.0,0.0,3.0,"decay-wtd trimmed median, hl=45.0d, 0 sold of 1",2026-09-15T23:53:11.785896+00:00
SBGH037,2548.44,39,1,0.0,0.0,3.0,"decay-wtd trimmed median, hl=45.0d, 0 sold of 1",2026-09-15T23:53:11.785896+00:00
SBGX347,2269.38,39,1,0.0,0.0,4.0,"decay-wtd trimmed median, hl=45.0d, 0 sold of 1",2026-09-15T23:53:11.785896+00:00
SBXC029,981.67,39,1,0.0,0.0,3.0,"decay-wtd trimmed median, hl=45.0d, 0 sold of 1",2026-09-15T23:53:11.785896+00:00
SDKS003,1087.79,39,1,0.0,0.0,3.0,"decay-wtd trimmed median, hl=45.0d, 0 sold of 1",2026-09-15T23:53:11.785896+00:00
SRRY049,333.56,39,1,0.0,0.0,4.0,"decay-wtd trimmed median, hl=45.0d, 0 sold of 1",2026-09-15T23:53:11.785896+00:00
STGF041,732.09,39,1,0.0,0.0,4.0,"decay-wtd trimmed median, hl=45.0d, 0 sold of 1",2026-09-15T23:53:11.785896+00:00
W1009954,1052.24,39,1,0.0,0.0,2.0,"decay-wtd trimmed median, hl=45.0d, 0 sold of 1",2026-09-15T23:53:11.785896+00:00
W1016130,2769.98,39,1,0.0,0.0,4.0,"decay-wtd trimmed median, hl=45.0d, 0 sold of 1",2026-09-15T23:53:11.785896+00:00
W1529856,6605.7,39,1,0.0,0.0,3.0,"decay-wtd trimmed median, hl=45.0d, 0 sold of 1",2026-09-15T23:53:11.785896+00:00
W2600951,6313.41,39,1,0.0,0.0,2.0,"decay-wtd trimmed median, hl=45.0d, 0 sold of 1",2026-09-15T23:53:11.785896+00:00
W2607056,5261.18,39,1,0.0,0.0,4.0,"decay-wtd trimmed median, hl=45.0d, 0 sold of 1",2026-09-15T23:53:11.785896+00:00
W4BB0016,6135.97,39,1,0.0,0.0,4.0,"decay-wtd trimmed median, hl=45.0d, 0 sold of 1",2026-09-15T23:53:11.785896+00:00
W4BB0028,6015.09,39,1,0.0,0.0,4.0,"decay-wtd trimmed median, hl=45.0d, 0 sold of 1",2026-09-15T23:53:11.785896+00:00
W4TA0031,5878.22,39,1,0.0,0.0,4.0,"decay-wtd trimmed median, hl=45.0d, 0 sold of 1",2026-09-15T23:53:11.785896+00:00
W8000017,7088.45,39,1,0.0,0.0,4.0,"decay-wtd trimmed median, hl=45.0d, 0 sold of 1",2026-09-15T23:53:11.785896+00:00
WE300131,9681.78,39,1,0.0,0.0,4.0,"decay-wtd trimmed median, hl=45.0d, 0 sold of 1",2026-09-15T23:53:11.785896+00:00
WE400331,9913.76,39,1,0.0,0.0,4.0,"decay-wtd trimmed median, hl=45.0d, 0 sold of 1",2026-09-15T23:53:11.785896+00:00
WE902030,4368.32,39,1,0.0,0.0,4.0,"decay-wtd trimmed median, hl=45.0d, 0 sold of 1",2026-09-15T23:53:11.785896+00:00
WGBA0077,14926.34,39,1,0.0,0.0,4.0,"decay-wtd trimmed median, hl=45.0d, 0 sold of 1",2026-09-15T23:53:11.785896+00:00
WGTA0067,10085.19,39,1,0.0,0.0,4.0,"decay-wtd trimmed median, hl=45.0d, 0 sold of 1",2026-09-15T23:53:11.785896+00:00
WGTA0092,11027.67,39,1,0.0,0.0,4.0,"decay-wtd trimmed median, hl=45.0d, 0 sold of 1",2026-09-15T23:53:11.785896+00:00
WGTA0190,12252.96,39,1,0.0,0.0,4.0,"decay-wtd trimmed median, hl=45.0d, 0 sold of 1",2026-09-15T23:53:11.785896+00:00
WGTA0341,8343.3,39,1,0.0,0.0,4.0,"decay-wtd trimmed median, hl=45.0d, 0 sold of 1",2026-09-15T23:53:11.785896+00:00
WJBB0018,6572.05,39,1,0.0,0.0,4.0,"decay-wtd trimmed median, hl=45.0d, 0 sold of 1",2026-09-15T23:53:11.785896+00:00
WJPN0081,30480.86,39,1,0.0,0.0,4.0,"decay-wtd trimmed median, hl=45.0d, 0 sold of 1",2026-09-15T23:53:11.785896+00:00
WJPN0086,28293.64,39,1,0.0,0.0,4.0,"decay-wtd trimmed median, hl=45.0d, 0 sold of 1",2026-09-15T23:53:11.785896+00:00
WJTA0039,23280.63,39,1,0.0,0.0,4.0,"decay-wtd trimmed median, hl=45.0d, 0 sold of 1",2026-09-15T23:53:11.785896+00:00
WSBB0044,5567.83,39,1,0.0,0.0,4.0,"decay-wtd trimmed median, hl=45.0d, 0 sold of 1",2026-09-15T23:53:11.785896+00:00
WSPN0011,5168.52,39,1,0.0,0.0,4.0,"decay-wtd trimmed median, hl=45.0d, 0 sold of 1",2026-09-15T23:53:11.785896+00:00
WSTA0044,3516.07,39,1,0.0,0.0,2.0,"decay-wtd trimmed median, hl=45.0d, 0 sold of 1",2026-09-15T23:53:11.785896+00:00
210.32.42.20.04.001,4241.66,38,5,0.0,17.3,0.0,"decay-wtd trimmed median, hl=45.0d, 0 sold of 5",2026-09-15T23:53:11.785896+00:00
210.30.42.20.10.001,6231.0,38,4,0.0,16.5,0.0,"decay-wtd trimmed median, hl=45.0d, 0 sold of 4",2026-09-15T23:53:11.785896+00:00
227.32.55.21.03.001,14973.0,38,4,0.0,17.2,0.0,"decay-wtd trimmed median, hl=45.0d, 0 sold of 4",2026-09-15T23:53:11.785896+00:00
235.10.38.20.13.001,6324.0,38,4,0.0,17.2,0.0,"decay-wtd trimmed median, hl=45.0d, 0 sold of 4",2026-09-15T23:53:11.785896+00:00
SBGP011,2168.24,38,4,0.0,16.6,0.0,"decay-wtd trimmed median, hl=45.0d, 0 sold of 4",2026-09-15T23:53:11.785896+00:00
SBGX359,2976.0,38,4,0.0,17.1,0.0,"decay-wtd trimmed median, hl=45.0d, 0 sold of 4",2026-09-15T23:53:11.785896+00:00
SLGW007,9300.0,38,4,0.0,16.9,0.0,"decay-wtd trimmed median, hl=45.0d, 0 sold of 4",2026-09-15T23:53:11.785896+00:00
6424,6270.89,38,3,0.0,16.5,0.0,"decay-wtd trimmed median, hl=45.0d, 0 sold of 3",2026-09-15T23:53:11.785896+00:00
SBGR315,3058.26,38,3,0.0,16.8,0.0,"decay-wtd trimmed median, hl=45.0d, 0 sold of 3",2026-09-15T23:53:11.785896+00:00
SSVW081J,59.62,38,3,0.0,16.7,0.0,"decay-wtd trimmed median, hl=45.0d, 0 sold of 3",2026-09-15T23:53:11.785896+00:00
114210GR,4783.99,38,2,0.0,2.0,0.0,"decay-wtd trimmed median, hl=45.0d, 0 sold of 2",2026-09-15T23:53:11.785896+00:00
1225V200RH031,44497.89,38,2,0.0,0.2,4.0,"decay-wtd trimmed median, hl=45.0d, 0 sold of 2",2026-09-15T23:53:11.785896+00:00
123.55.24.60.55.011,19962.71,38,2,0.0,0.2,4.0,"decay-wtd trimmed median, hl=45.0d, 0 sold of 2",2026-09-15T23:53:11.785896+00:00
123.55.27.20.55.003,27769.35,38,2,0.0,0.2,4.0,"decay-wtd trimmed median, hl=45.0d, 0 sold of 2",2026-09-15T23:53:11.785896+00:00
123.55.27.20.55.004,28717.31,38,2,0.0,0.2,4.0,"decay-wtd trimmed median, hl=45.0d, 0 sold of 2",2026-09-15T23:53:11.785896+00:00
123.55.27.60.55.011,23280.63,38,2,0.0,0.2,4.0,"decay-wtd trimmed median, hl=45.0d, 0 sold of 2",2026-09-15T23:53:11.785896+00:00
123.55.31.20.55.008,29999.83,38,2,0.0,0.2,4.0,"decay-wtd trimmed median, hl=45.0d, 0 sold of 2",2026-09-15T23:53:11.785896+00:00
123.55.31.20.55.009,27769.35,38,2,0.0,0.2,4.0,"decay-wtd trimmed median, hl=45.0d, 0 sold of 2",2026-09-15T23:53:11.785896+00:00
128349RBRBL,45596.83,38,2,0.0,1.7,0.0,"decay-wtd trimmed median, hl=45.0d, 0 sold of 2",2026-09-15T23:53:11.785896+00:00
131.20.29.20.13.001,4784.36,38,2,0.0,0.2,4.0,"decay-wtd trimmed median, hl=45.0d, 0 sold of 2",2026-09-15T23:53:11.785896+00:00
131.20.36.20.02.001,4282.5,38,2,0.0,0.2,4.0,"decay-wtd trimmed median, hl=45.0d, 0 sold of 2",2026-09-15T23:53:11.785896+00:00
131.20.36.20.08.001,4672.83,38,2,0.0,0.2,4.0,"decay-wtd trimmed median, hl=45.0d, 0 sold of 2",2026-09-15T23:53:11.785896+00:00
131.20.36.20.13.001,4282.5,38,2,0.0,0.2,4.0,"decay-wtd trimmed median, hl=45.0d, 0 sold of 2",2026-09-15T23:53:11.785896+00:00
131.23.39.20.02.001,4170.98,38,2,0.0,0.2,4.0,"decay-wtd trimmed median, hl=45.0d, 0 sold of 2",2026-09-15T23:53:11.785896+00:00
131.23.39.20.02.002,4170.98,38,2,0.0,0.2,4.0,"decay-wtd trimmed median, hl=45.0d, 0 sold of 2",2026-09-15T23:53:11.785896+00:00
131.23.39.20.13.001,3669.13,38,2,0.0,0.2,4.0,"decay-wtd trimmed median, hl=45.0d, 0 sold of 2",2026-09-15T23:53:11.785896+00:00
131.23.39.20.52.001,5174.69,38,2,0.0,0.2,4.0,"decay-wtd trimmed median, hl=45.0d, 0 sold of 2",2026-09-15T23:53:11.785896+00:00
131.30.41.21.99.000,5378.09,38,2,0.0,1.6,0.0,"decay-wtd trimmed median, hl=45.0d, 0 sold of 2",2026-09-15T23:53:11.785896+00:00
135837,17286.15,38,2,0.0,0.2,4.0,"decay-wtd trimmed median, hl=45.0d, 0 sold of 2",2026-09-15T23:53:11.785896+00:00
137558,17732.24,38,2,0.0,0.2,4.0,"decay-wtd trimmed median, hl=45.0d, 0 sold of 2",2026-09-15T23:53:11.785896+00:00
143117,13717.4,38,2,0.0,0.2,4.0,"decay-wtd trimmed median, hl=45.0d, 0 sold of 2",2026-09-15T23:53:11.785896+00:00
143118,13940.44,38,2,0.0,0.2,4.0,"decay-wtd trimmed median, hl=45.0d, 0 sold of 2",2026-09-15T23:53:11.785896+00:00
179138,26065.4,38,2,0.0,0.2,4.0,"decay-wtd trimmed median, hl=45.0d, 0 sold of 2",2026-09-15T23:53:11.785896+00:00
18239A,18998.68,38,2,0.0,1.5,0.0,"decay-wtd trimmed median, hl=45.0d, 0 sold of 2",2026-09-15T23:53:11.785896+00:00
220.10.34.20.63.001,3334.55,38,2,0.0,0.2,4.0,"decay-wtd trimmed median, hl=45.0d, 0 sold of 2",2026-09-15T23:53:11.785896+00:00
220.10.38.20.09.001,5007.41,38,2,0.0,0.2,4.0,"decay-wtd trimmed median, hl=45.0d, 0 sold of 2",2026-09-15T23:53:11.785896+00:00
220.15.38.20.57.001,7527.84,38,2,0.0,0.2,4.0,"decay-wtd trimmed median, hl=45.0d, 0 sold of 2",2026-09-15T23:53:11.785896+00:00
220.20.34.20.52.001,6579.89,38,2,0.0,0.2,4.0,"decay-wtd trimmed median, hl=45.0d, 0 sold of 2",2026-09-15T23:53:11.785896+00:00
220.20.34.20.59.001,8353.11,38,2,0.0,0.2,4.0,"decay-wtd trimmed median, hl=45.0d, 0 sold of 2",2026-09-15T23:53:11.785896+00:00
220.20.38.20.55.001,7137.51,38,2,0.0,0.2,4.0,"decay-wtd trimmed median, hl=45.0d, 0 sold of 2",2026-09-15T23:53:11.785896+00:00
220.20.38.20.56.002,6970.22,38,2,0.0,0.2,4.0,"decay-wtd trimmed median, hl=45.0d, 0 sold of 2",2026-09-15T23:53:11.785896+00:00
220.55.34.20.99.001,26654.13,38,2,0.0,0.2,4.0,"decay-wtd trimmed median, hl=45.0d, 0 sold of 2",2026-09-15T23:53:11.785896+00:00
228238ABK,58351.19,38,2,0.0,2.3,0.0,"decay-wtd trimmed median, hl=45.0d, 0 sold of 2",2026-09-15T23:53:11.785896+00:00
228239,42749.95,38,2,0.0,2.3,0.0,"decay-wtd trimmed median, hl=45.0d, 0 sold of 2",2026-09-15T23:53:11.785896+00:00
24141,1715.41,38,2,0.0,0.2,4.0,"decay-wtd trimmed median, hl=45.0d, 0 sold of 2",2026-09-15T23:53:11.785896+00:00
26420CD,55438.75,38,2,0.0,1.6,0.0,"decay-wtd trimmed median, hl=45.0d, 0 sold of 2",2026-09-15T23:53:11.785896+00:00
278271NG,20353.04,38,2,0.0,0.2,4.0,"decay-wtd trimmed median, hl=45.0d, 0 sold of 2",2026-09-15T23:53:11.785896+00:00
279160,5261.18,38,2,0.0,2.2,0.0,"decay-wtd trimmed median, hl=45.0d, 0 sold of 2",2026-09-15T23:53:11.785896+00:00
324.23.38.50.02.002,6015.09,38,2,0.0,0.2,4.0,"decay-wtd trimmed median, hl=45.0d, 0 sold of 2",2026-09-15T23:53:11.785896+00:00
324.30.38.50.01.001,3624.37,38,2,0.0,2.4,0.0,"decay-wtd trimmed median, hl=45.0d, 0 sold of 2",2026-09-15T23:53:11.785896+00:00
4014,7833.68,38,2,0.0,0.2,4.0,"decay-wtd trimmed median, hl=45.0d, 0 sold of 2",2026-09-15T23:53:11.785896+00:00
424.55.37.20.52.001,15334.48,38,2,0.0,0.2,4.0,"decay-wtd trimmed median, hl=45.0d, 0 sold of 2",2026-09-15T23:53:11.785896+00:00
424.57.37.20.55.001,9925.59,38,2,0.0,0.2,4.0,"decay-wtd trimmed median, hl=45.0d, 0 sold of 2",2026-09-15T23:53:11.785896+00:00
424.57.37.20.55.002,11040.83,38,2,0.0,0.2,4.0,"decay-wtd trimmed median, hl=45.0d, 0 sold of 2",2026-09-15T23:53:11.785896+00:00
428.18.39.60.04.001,2832.7,38,2,0.0,0.2,4.0,"decay-wtd trimmed median, hl=45.0d, 0 sold of 2",2026-09-15T23:53:11.785896+00:00
434.13.28.60.53.001,1604.03,38,2,0.0,0.2,4.0,"decay-wtd trimmed median, hl=45.0d, 0 sold of 2",2026-09-15T23:53:11.785896+00:00
434.20.34.20.05.001,6468.36,38,2,0.0,0.2,4.0,"decay-wtd trimmed median, hl=45.0d, 0 sold of 2",2026-09-15T23:53:11.785896+00:00
6519,2433.96,38,2,0.0,2.3,0.0,"decay-wtd trimmed median, hl=45.0d, 0 sold of 2",2026-09-15T23:53:11.785896+00:00
67600ST.OO.D080VS.01,12713.69,38,2,0.0,0.2,4.0,"decay-wtd trimmed median, hl=45.0d, 0 sold of 2",2026-09-15T23:53:11.785896+00:00
69240,2888.38,38,2,0.0,2.0,0.0,"decay-wtd trimmed median, hl=45.0d, 0 sold of 2",2026-09-15T23:53:11.785896+00:00
760610,1158.46,38,2,0.0,0.2,4.0,"decay-wtd trimmed median, hl=45.0d, 0 sold of 2",2026-09-15T23:53:11.785896+00:00
79173NRD,5341.98,38,2,0.0,0.2,4.0,"decay-wtd trimmed median, hl=45.0d, 0 sold of 2",2026-09-15T23:53:11.785896+00:00
79310N,8444.68,38,2,0.0,1.8,0.0,"decay-wtd trimmed median, hl=45.0d, 0 sold of 2",2026-09-15T23:53:11.785896+00:00
92414,1659.72,38,2,0.0,0.2,4.0,"decay-wtd trimmed median, hl=45.0d, 0 sold of 2",2026-09-15T23:53:11.785896+00:00
A10380101A4A1,4003.7,38,2,0.0,0.2,4.0,"decay-wtd trimmed median, hl=45.0d, 0 sold of 2",2026-09-15T23:53:11.785896+00:00
A10390361L1A1,3669.13,38,2,0.0,0.2,4.0,"decay-wtd trimmed median, hl=45.0d, 0 sold of 2",2026-09-15T23:53:11.785896+00:00
A17377211A1A1,2999.98,38,2,0.0,0.2,4.0,"decay-wtd trimmed median, hl=45.0d, 0 sold of 2",2026-09-15T23:53:11.785896+00:00
A17377211A1S1,2999.98,38,2,0.0,0.2,4.0,"decay-wtd trimmed median, hl=45.0d, 0 sold of 2",2026-09-15T23:53:11.785896+00:00
G10380591C1G1,6579.89,38,2,0.0,0.2,4.0,"decay-wtd trimmed median, hl=45.0d, 0 sold of 2",2026-09-15T23:53:11.785896+00:00
G10380BB1K1G1,7795.5,38,2,0.0,0.2,4.0,"decay-wtd trimmed median, hl=45.0d, 0 sold of 2",2026-09-15T23:53:11.785896+00:00
HAB001J,1787.9,38,2,0.0,1.8,0.0,"decay-wtd trimmed median, hl=45.0d, 0 sold of 2",2026-09-15T23:53:11.785896+00:00
HAB002J,1787.9,38,2,0.0,1.8,0.0,"decay-wtd trimmed median, hl=45.0d, 0 sold of 2",2026-09-15T23:53:11.785896+00:00
HAB003J,1724.04,38,2,0.0,1.8,0.0,"decay-wtd trimmed median, hl=45.0d, 0 sold of 2",2026-09-15T23:53:11.785896+00:00
HBJ001,697.5,38,2,0.0,1.6,0.0,"decay-wtd trimmed median, hl=45.0d, 0 sold of 2",2026-09-15T23:53:11.785896+00:00
HBJ002,697.5,38,2,0.0,1.6,0.0,"decay-wtd trimmed median, hl=45.0d, 0 sold of 2",2026-09-15T23:53:11.785896+00:00
HBJ003,697.5,38,2,0.0,1.6,0.0,"decay-wtd trimmed median, hl=45.0d, 0 sold of 2",2026-09-15T23:53:11.785896+00:00
HBJ004,697.5,38,2,0.0,1.6,0.0,"decay-wtd trimmed median, hl=45.0d, 0 sold of 2",2026-09-15T23:53:11.785896+00:00
IW371491,3507.45,38,2,0.0,2.4,0.0,"decay-wtd trimmed median, hl=45.0d, 0 sold of 2",2026-09-15T23:53:11.785896+00:00
IW442101,3223.03,38,2,0.0,0.2,4.0,"decay-wtd trimmed median, hl=45.0d, 0 sold of 2",2026-09-15T23:53:11.785896+00:00
IW442102,3892.17,38,2,0.0,0.2,4.0,"decay-wtd trimmed median, hl=45.0d, 0 sold of 2",2026-09-15T23:53:11.785896+00:00
IW657601,6022.27,38,2,0.0,0.2,4.0,"decay-wtd trimmed median, hl=45.0d, 0 sold of 2",2026-09-15T23:53:11.785896+00:00
Q2578480,11988.78,38,2,0.0,0.2,4.0,"decay-wtd trimmed median, hl=45.0d, 0 sold of 2",2026-09-15T23:53:11.785896+00:00
Q2668432,8921.88,38,2,0.0,0.2,4.0,"decay-wtd trimmed median, hl=45.0d, 0 sold of 2",2026-09-15T23:53:11.785896+00:00
Q3442430,18289.85,38,2,0.0,0.2,4.0,"decay-wtd trimmed median, hl=45.0d, 0 sold of 2",2026-09-15T23:53:11.785896+00:00
Q3448132,15501.77,38,2,0.0,0.2,4.0,"decay-wtd trimmed median, hl=45.0d, 0 sold of 2",2026-09-15T23:53:11.785896+00:00
Q3468110,9646.79,38,2,0.0,0.2,4.0,"decay-wtd trimmed median, hl=45.0d, 0 sold of 2",2026-09-15T23:53:11.785896+00:00
Q3468430,9925.59,38,2,0.0,0.2,4.0,"decay-wtd trimmed median, hl=45.0d, 0 sold of 2",2026-09-15T23:53:11.785896+00:00
Q3878160,6412.6,38,2,0.0,0.2,4.0,"decay-wtd trimmed median, hl=45.0d, 0 sold of 2",2026-09-15T23:53:11.785896+00:00
SAAP066,18.7,38,2,0.0,1.6,0.0,"decay-wtd trimmed median, hl=45.0d, 0 sold of 2",2026-09-15T23:53:11.785896+00:00
SBDJ061,318.33,38,2,0.0,0.2,4.0,"decay-wtd trimmed median, hl=45.0d, 0 sold of 2",2026-09-15T23:53:11.785896+00:00
SBEB015J,64.3,38,2,0.0,2.2,0.0,"decay-wtd trimmed median, hl=45.0d, 0 sold of 2",2026-09-15T23:53:11.785896+00:00
SBEJ029,1173.35,38,2,0.0,1.2,3.0,"decay-wtd trimmed median, hl=45.0d, 0 sold of 2",2026-09-15T23:53:11.785896+00:00
SBGN009,2338.3,38,2,0.0,2.1,0.0,"decay-wtd trimmed median, hl=45.0d, 0 sold of 2",2026-09-15T23:53:11.785896+00:00
SBGV021,1640.84,38,2,0.0,1.1,2.0,"decay-wtd trimmed median, hl=45.0d, 0 sold of 2",2026-09-15T23:53:11.785896+00:00
SBPB001J,19.29,38,2,0.0,1.5,0.0,"decay-wtd trimmed median, hl=45.0d, 0 sold of 2",2026-09-15T23:53:11.785896+00:00
SBPB005J,19.29,38,2,0.0,1.5,0.0,"decay-wtd trimmed median, hl=45.0d, 0 sold of 2",2026-09-15T23:53:11.785896+00:00
SCJE001,18.7,38,2,0.0,1.5,0.0,"decay-wtd trimmed median, hl=45.0d, 0 sold of 2",2026-09-15T23:53:11.785896+00:00
SPB501,1395.0,38,2,0.0,1.6,0.0,"decay-wtd trimmed median, hl=45.0d, 0 sold of 2",2026-09-15T23:53:11.785896+00:00
SSVV040,35.07,38,2,0.0,2.4,0.0,"decay-wtd trimmed median, hl=45.0d, 0 sold of 2",2026-09-15T23:53:11.785896+00:00
SWCP007J,92.36,38,2,0.0,1.6,1.0,"decay-wtd trimmed median, hl=45.0d, 0 sold of 2",2026-09-15T23:53:11.785896+00:00
U10380101A1U1,4170.98,38,2,0.0,0.2,4.0,"decay-wtd trimmed median, hl=45.0d, 0 sold of 2",2026-09-15T23:53:11.785896+00:00
U77310591A1U1,4728.6,38,2,0.0,0.2,4.0,"decay-wtd trimmed median, hl=45.0d, 0 sold of 2",2026-09-15T23:53:11.785896+00:00
W1013754,3613.36,38,2,0.0,0.2,4.0,"decay-wtd trimmed median, hl=45.0d, 0 sold of 2",2026-09-15T23:53:11.785896+00:00
W1509551,19516.62,38,2,0.0,0.2,4.0,"decay-wtd trimmed median, hl=45.0d, 0 sold of 2",2026-09-15T23:53:11.785896+00:00
W1510956,7137.51,38,2,0.0,0.2,4.0,"decay-wtd trimmed median, hl=45.0d, 0 sold of 2",2026-09-15T23:53:11.785896+00:00
W2PN0016,9367.97,38,2,0.0,0.2,4.0,"decay-wtd trimmed median, hl=45.0d, 0 sold of 2",2026-09-15T23:53:11.785896+00:00
W2SA0038,5854.98,38,2,0.0,0.2,4.0,"decay-wtd trimmed median, hl=45.0d, 0 sold of 2",2026-09-15T23:53:11.785896+00:00
W4TA0029,7973.93,38,2,0.0,0.2,4.0,"decay-wtd trimmed median, hl=45.0d, 0 sold of 2",2026-09-15T23:53:11.785896+00:00
WE100231,6022.27,38,2,0.0,0.2,4.0,"decay-wtd trimmed median, hl=45.0d, 0 sold of 2",2026-09-15T23:53:11.785896+00:00
WGBA0025,18680.18,38,2,0.0,0.2,4.0,"decay-wtd trimmed median, hl=45.0d, 0 sold of 2",2026-09-15T23:53:11.785896+00:00
WGBA0040,7806.65,38,2,0.0,0.2,4.0,"decay-wtd trimmed median, hl=45.0d, 0 sold of 2",2026-09-15T23:53:11.785896+00:00
WGBA0050,14944.15,38,2,0.0,0.2,4.0,"decay-wtd trimmed median, hl=45.0d, 0 sold of 2",2026-09-15T23:53:11.785896+00:00
WGBA0075,8085.46,38,2,0.0,0.2,4.0,"decay-wtd trimmed median, hl=45.0d, 0 sold of 2",2026-09-15T23:53:11.785896+00:00
WGBA0078,14944.15,38,2,0.0,0.2,4.0,"decay-wtd trimmed median, hl=45.0d, 0 sold of 2",2026-09-15T23:53:11.785896+00:00
WGBA0079,14944.15,38,2,0.0,0.2,4.0,"decay-wtd trimmed median, hl=45.0d, 0 sold of 2",2026-09-15T23:53:11.785896+00:00
WGBA0080,14944.15,38,2,0.0,0.2,4.0,"decay-wtd trimmed median, hl=45.0d, 0 sold of 2",2026-09-15T23:53:11.785896+00:00
WGPN0048,21077.95,38,2,0.0,0.2,4.0,"decay-wtd trimmed median, hl=45.0d, 0 sold of 2",2026-09-15T23:53:11.785896+00:00
WGPN0059,23392.02,38,2,0.0,0.2,4.0,"decay-wtd trimmed median, hl=45.0d, 0 sold of 2",2026-09-15T23:53:11.785896+00:00
WGPN0060,23392.02,38,2,0.0,0.2,4.0,"decay-wtd trimmed median, hl=45.0d, 0 sold of 2",2026-09-15T23:53:11.785896+00:00
WGSA0107,27211.74,38,2,0.0,0.2,4.0,"decay-wtd trimmed median, hl=45.0d, 0 sold of 2",2026-09-15T23:53:11.785896+00:00
WGTA0059,10315.92,38,2,0.0,0.2,4.0,"decay-wtd trimmed median, hl=45.0d, 0 sold of 2",2026-09-15T23:53:11.785896+00:00
WGTA0211,13271.3,38,2,0.0,0.2,4.0,"decay-wtd trimmed median, hl=45.0d, 0 sold of 2",2026-09-15T23:53:11.785896+00:00
WGTA0295,16617.0,38,2,0.0,0.2,4.0,"decay-wtd trimmed median, hl=45.0d, 0 sold of 2",2026-09-15T23:53:11.785896+00:00
WGTA0299,10483.21,38,2,0.0,0.2,4.0,"decay-wtd trimmed median, hl=45.0d, 0 sold of 2",2026-09-15T23:53:11.785896+00:00
WGTA0343,11709.96,38,2,0.0,0.2,4.0,"decay-wtd trimmed median, hl=45.0d, 0 sold of 2",2026-09-15T23:53:11.785896+00:00
WGTA0344,21189.47,38,2,0.0,0.2,4.0,"decay-wtd trimmed median, hl=45.0d, 0 sold of 2",2026-09-15T23:53:11.785896+00:00
WGTA0346,14944.15,38,2,0.0,0.2,4.0,"decay-wtd trimmed median, hl=45.0d, 0 sold of 2",2026-09-15T23:53:11.785896+00:00
WGTA0349,23280.63,38,2,0.0,0.2,4.0,"decay-wtd trimmed median, hl=45.0d, 0 sold of 2",2026-09-15T23:53:11.785896+00:00
WGTA0352,7918.17,38,2,0.0,0.2,4.0,"decay-wtd trimmed median, hl=45.0d, 0 sold of 2",2026-09-15T23:53:11.785896+00:00
WGTA0353,8252.74,38,2,0.0,0.2,4.0,"decay-wtd trimmed median, hl=45.0d, 0 sold of 2",2026-09-15T23:53:11.785896+00:00
WGTA0405,19516.62,38,2,0.0,0.2,4.0,"decay-wtd trimmed median, hl=45.0d, 0 sold of 2",2026-09-15T23:53:11.785896+00:00
WJBA0042,23837.59,38,2,0.0,0.2,4.0,"decay-wtd trimmed median, hl=45.0d, 0 sold of 2",2026-09-15T23:53:11.785896+00:00
WJBA0045,23280.63,38,2,0.0,1.1,4.0,"decay-wtd trimmed median, hl=45.0d, 0 sold of 2",2026-09-15T23:53:11.785896+00:00
WJPN0087,27825.12,38,2,0.0,0.2,4.0,"decay-wtd trimmed median, hl=45.0d, 0 sold of 2",2026-09-15T23:53:11.785896+00:00
WJTA0022,22193.19,38,2,0.0,0.2,4.0,"decay-wtd trimmed median, hl=45.0d, 0 sold of 2",2026-09-15T23:53:11.785896+00:00
WSBB0062,5341.98,38,2,0.0,0.2,4.0,"decay-wtd trimmed median, hl=45.0d, 0 sold of 2",2026-09-15T23:53:11.785896+00:00
WSSA0082,5670.38,38,2,0.0,2.1,0.0,"decay-wtd trimmed median, hl=45.0d, 0 sold of 2",2026-09-15T23:53:11.785896+00:00
WSTA0135,3260.51,38,2,0.0,1.5,0.0,"decay-wtd trimmed median, hl=45.0d, 0 sold of 2",2026-09-15T23:53:11.785896+00:00
WT000550,3892.17,38,2,0.0,0.2,4.0,"decay-wtd trimmed median, hl=45.0d, 0 sold of 2",2026-09-15T23:53:11.785896+00:00
116300,7656.89,38,1,0.0,0.0,6.0,"decay-wtd trimmed median, hl=45.0d, 0 sold of 1",2026-09-15T23:53:11.785896+00:00
116595RBOW,424082.43,38,1,0.0,0.0,5.0,"decay-wtd trimmed median, hl=45.0d, 0 sold of 1",2026-09-15T23:53:11.785896+00:00
126508GBK,59574.01,38,1,0.0,0.0,6.0,"decay-wtd trimmed median, hl=45.0d, 0 sold of 1",2026-09-15T23:53:11.785896+00:00
131.15.28.60.56.001,4458.72,38,1,0.0,0.0,7.0,"decay-wtd trimmed median, hl=45.0d, 0 sold of 1",2026-09-15T23:53:11.785896+00:00
131.20.25.60.53.001,4427.21,38,1,0.0,0.0,7.0,"decay-wtd trimmed median, hl=45.0d, 0 sold of 1",2026-09-15T23:53:11.785896+00:00
14238CH,15836.66,38,1,0.0,0.0,5.0,"decay-wtd trimmed median, hl=45.0d, 0 sold of 1",2026-09-15T23:53:11.785896+00:00
179174NGBKS,8928.06,38,1,0.0,0.0,5.0,"decay-wtd trimmed median, hl=45.0d, 0 sold of 1",2026-09-15T23:53:11.785896+00:00
210.32.44.51.01.001,5209.74,38,1,0.0,0.0,6.0,"decay-wtd trimmed median, hl=45.0d, 0 sold of 1",2026-09-15T23:53:11.785896+00:00
212.30.36.20.01.002,2747.5,38,1,0.0,0.0,6.0,"decay-wtd trimmed median, hl=45.0d, 0 sold of 1",2026-09-15T23:53:11.785896+00:00
212.30.36.20.03.001,2412.21,38,1,0.0,0.0,6.0,"decay-wtd trimmed median, hl=45.0d, 0 sold of 1",2026-09-15T23:53:11.785896+00:00
222.30.46.20.01.001,4013.36,38,1,0.0,0.0,6.0,"decay-wtd trimmed median, hl=45.0d, 0 sold of 1",2026-09-15T23:53:11.785896+00:00
25558,5845.75,38,1,0.0,0.0,6.0,"decay-wtd trimmed median, hl=45.0d, 0 sold of 1",2026-09-15T23:53:11.785896+00:00
311.30.44.50.01.002,4096.05,38,1,0.0,0.0,6.0,"decay-wtd trimmed median, hl=45.0d, 0 sold of 1",2026-09-15T23:53:11.785896+00:00
331.12.42.51.01.002,4433.64,38,1,0.0,0.0,6.0,"decay-wtd trimmed median, hl=45.0d, 0 sold of 1",2026-09-15T23:53:11.785896+00:00
3467J,18135.0,38,1,0.0,0.0,6.0,"decay-wtd trimmed median, hl=45.0d, 0 sold of 1",2026-09-15T23:53:11.785896+00:00
3853,6722.61,38,1,0.0,0.0,6.0,"decay-wtd trimmed median, hl=45.0d, 0 sold of 1",2026-09-15T23:53:11.785896+00:00
38718,3453.51,38,1,0.0,0.0,7.0,"decay-wtd trimmed median, hl=45.0d, 0 sold of 1",2026-09-15T23:53:11.785896+00:00
39959,3852.78,38,1,0.0,0.0,6.0,"decay-wtd trimmed median, hl=45.0d, 0 sold of 1",2026-09-15T23:53:11.785896+00:00
41339,4719.12,38,1,0.0,0.0,5.0,"decay-wtd trimmed median, hl=45.0d, 0 sold of 1",2026-09-15T23:53:11.785896+00:00
434.10.28.60.10.001,1578.35,38,1,0.0,0.0,5.0,"decay-wtd trimmed median, hl=45.0d, 0 sold of 1",2026-09-15T23:53:11.785896+00:00
5110J001,30355.39,38,1,0.0,0.0,5.0,"decay-wtd trimmed median, hl=45.0d, 0 sold of 1",2026-09-15T23:53:11.785896+00:00
516.53.39.50.02.001,9505.84,38,1,0.0,0.0,6.0,"decay-wtd trimmed median, hl=45.0d, 0 sold of 1",2026-09-15T23:53:11.785896+00:00
5524G001,27969.93,38,1,0.0,0.0,5.0,"decay-wtd trimmed median, hl=45.0d, 0 sold of 1",2026-09-15T23:53:11.785896+00:00
6241,325500.0,38,1,0.0,0.0,7.0,"decay-wtd trimmed median, hl=45.0d, 0 sold of 1",2026-09-15T23:53:11.785896+00:00
6282,4240.83,38,1,0.0,0.0,7.0,"decay-wtd trimmed median, hl=45.0d, 0 sold of 1",2026-09-15T23:53:11.785896+00:00
6512,10230.0,38,1,0.0,0.0,7.0,"decay-wtd trimmed median, hl=45.0d, 0 sold of 1",2026-09-15T23:53:11.785896+00:00
66218,8439.14,38,1,0.0,0.0,6.0,"decay-wtd trimmed median, hl=45.0d, 0 sold of 1",2026-09-15T23:53:11.785896+00:00
79240SVB,3801.58,38,1,0.0,0.0,7.0,"decay-wtd trimmed median, hl=45.0d, 0 sold of 1",2026-09-15T23:53:11.785896+00:00
80298NG,24339.57,38,1,0.0,0.0,6.0,"decay-wtd trimmed median, hl=45.0d, 0 sold of 1",2026-09-15T23:53:11.785896+00:00
89190PB,1518.56,38,1,0.0,0.0,5.0,"decay-wtd trimmed median, hl=45.0d, 0 sold of 1",2026-09-15T23:53:11.785896+00:00
909010LN,13139.34,38,1,0.0,0.0,7.0,"decay-wtd trimmed median, hl=45.0d, 0 sold of 1",2026-09-15T23:53:11.785896+00:00
94010,12555.0,38,1,0.0,0.0,6.0,"decay-wtd trimmed median, hl=45.0d, 0 sold of 1",2026-09-15T23:53:11.785896+00:00
A12023,3027.61,38,1,0.0,0.0,6.0,"decay-wtd trimmed median, hl=45.0d, 0 sold of 1",2026-09-15T23:53:11.785896+00:00
A17367D71B1A1,2295.58,38,1,0.0,0.0,6.0,"decay-wtd trimmed median, hl=45.0d, 0 sold of 1",2026-09-15T23:53:11.785896+00:00
A17376,2871.36,38,1,0.0,0.0,6.0,"decay-wtd trimmed median, hl=45.0d, 0 sold of 1",2026-09-15T23:53:11.785896+00:00
A32310171C1P1,465.0,38,1,0.0,0.0,7.0,"decay-wtd trimmed median, hl=45.0d, 0 sold of 1",2026-09-15T23:53:11.785896+00:00
AB012012,3870.99,38,1,0.0,0.0,6.0,"decay-wtd trimmed median, hl=45.0d, 0 sold of 1",2026-09-15T23:53:11.785896+00:00
AB0134101B2A1,4339.65,38,1,0.0,0.0,6.0,"decay-wtd trimmed median, hl=45.0d, 0 sold of 1",2026-09-15T23:53:11.785896+00:00
AB0134101K1A1,5266.49,38,1,0.0,0.0,6.0,"decay-wtd trimmed median, hl=45.0d, 0 sold of 1",2026-09-15T23:53:11.785896+00:00
AB0162121G1S1,3360.79,38,1,0.0,0.0,6.0,"decay-wtd trimmed median, hl=45.0d, 0 sold of 1",2026-09-15T23:53:11.785896+00:00
AB2010121B1A1,3122.94,38,1,0.0,0.0,6.0,"decay-wtd trimmed median, hl=45.0d, 0 sold of 1",2026-09-15T23:53:11.785896+00:00
AB20108A1C1S1,3704.46,38,1,0.0,0.0,6.0,"decay-wtd trimmed median, hl=45.0d, 0 sold of 1",2026-09-15T23:53:11.785896+00:00
HDB006J,278.14,38,1,0.0,0.0,7.0,"decay-wtd trimmed median, hl=45.0d, 0 sold of 1",2026-09-15T23:53:11.785896+00:00
IW325301,3485.62,38,1,0.0,0.0,7.0,"decay-wtd trimmed median, hl=45.0d, 0 sold of 1",2026-09-15T23:53:11.785896+00:00
IW358304,4067.74,38,1,0.0,0.0,6.0,"decay-wtd trimmed median, hl=45.0d, 0 sold of 1",2026-09-15T23:53:11.785896+00:00
IW371447,3166.02,38,1,0.0,0.0,6.0,"decay-wtd trimmed median, hl=45.0d, 0 sold of 1",2026-09-15T23:53:11.785896+00:00
IW387901,3741.46,38,1,0.0,0.0,6.0,"decay-wtd trimmed median, hl=45.0d, 0 sold of 1",2026-09-15T23:53:11.785896+00:00
IW501902,4502.79,38,1,0.0,0.0,6.0,"decay-wtd trimmed median, hl=45.0d, 0 sold of 1",2026-09-15T23:53:11.785896+00:00
SARB007J,36.24,38,1,0.0,0.0,6.0,"decay-wtd trimmed median, hl=45.0d, 0 sold of 1",2026-09-15T23:53:11.785896+00:00
SARW061,1843.1,38,1,0.0,0.0,7.0,"decay-wtd trimmed median, hl=45.0d, 0 sold of 1",2026-09-15T23:53:11.785896+00:00
SARX083,572.88,38,1,0.0,0.0,7.0,"decay-wtd trimmed median, hl=45.0d, 0 sold of 1",2026-09-15T23:53:11.785896+00:00
SBDC159,672.13,38,1,0.0,0.0,7.0,"decay-wtd trimmed median, hl=45.0d, 0 sold of 1",2026-09-15T23:53:11.785896+00:00
SBDL087,982.93,38,1,0.0,0.0,6.0,"decay-wtd trimmed median, hl=45.0d, 0 sold of 1",2026-09-15T23:53:11.785896+00:00
SBDY053,26.31,38,1,0.0,0.0,5.0,"decay-wtd trimmed median, hl=45.0d, 0 sold of 1",2026-09-15T23:53:11.785896+00:00
SBDY115,490.35,38,1,0.0,0.0,7.0,"decay-wtd trimmed median, hl=45.0d, 0 sold of 1",2026-09-15T23:53:11.785896+00:00
SBGA011,3156.71,38,1,0.0,0.0,5.0,"decay-wtd trimmed median, hl=45.0d, 0 sold of 1",2026-09-15T23:53:11.785896+00:00
SBGA461,3533.4,38,1,0.0,0.0,6.0,"decay-wtd trimmed median, hl=45.0d, 0 sold of 1",2026-09-15T23:53:11.785896+00:00
SBGE209,3099.8,38,1,0.0,0.0,7.0,"decay-wtd trimmed median, hl=45.0d, 0 sold of 1",2026-09-15T23:53:11.785896+00:00
SBGJ217,4889.03,38,1,0.0,0.0,6.0,"decay-wtd trimmed median, hl=45.0d, 0 sold of 1",2026-09-15T23:53:11.785896+00:00
SBGN031,1946.88,38,1,0.0,0.0,6.0,"decay-wtd trimmed median, hl=45.0d, 0 sold of 1",2026-09-15T23:53:11.785896+00:00
SBGP007,2708.22,38,1,0.0,0.0,6.0,"decay-wtd trimmed median, hl=45.0d, 0 sold of 1",2026-09-15T23:53:11.785896+00:00
SBGR053,1901.74,38,1,0.0,0.0,6.0,"decay-wtd trimmed median, hl=45.0d, 0 sold of 1",2026-09-15T23:53:11.785896+00:00
SBGV205,1783.74,38,1,0.0,0.0,6.0,"decay-wtd trimmed median, hl=45.0d, 0 sold of 1",2026-09-15T23:53:11.785896+00:00
SBGV207,1604.55,38,1,0.0,0.0,6.0,"decay-wtd trimmed median, hl=45.0d, 0 sold of 1",2026-09-15T23:53:11.785896+00:00
SBGX085,1281.48,38,1,0.0,0.0,6.0,"decay-wtd trimmed median, hl=45.0d, 0 sold of 1",2026-09-15T23:53:11.785896+00:00
SBGX117,2545.08,38,1,0.0,0.0,6.0,"decay-wtd trimmed median, hl=45.0d, 0 sold of 1",2026-09-15T23:53:11.785896+00:00
SBSA015J,421.74,38,1,0.0,0.0,7.0,"decay-wtd trimmed median, hl=45.0d, 0 sold of 1",2026-09-15T23:53:11.785896+00:00
SBXB071,564.31,38,1,0.0,0.0,6.0,"decay-wtd trimmed median, hl=45.0d, 0 sold of 1",2026-09-15T23:53:11.785896+00:00
SBXB126,375.85,38,1,0.0,0.0,6.0,"decay-wtd trimmed median, hl=45.0d, 0 sold of 1",2026-09-15T23:53:11.785896+00:00
SBXC069,663.92,38,1,0.0,0.0,6.0,"decay-wtd trimmed median, hl=45.0d, 0 sold of 1",2026-09-15T23:53:11.785896+00:00
SBXD039,1185.55,38,1,0.0,0.0,6.0,"decay-wtd trimmed median, hl=45.0d, 0 sold of 1",2026-09-15T23:53:11.785896+00:00
SCJD001,21.63,38,1,0.0,0.0,6.0,"decay-wtd trimmed median, hl=45.0d, 0 sold of 1",2026-09-15T23:53:11.785896+00:00
SSC911,697.5,38,1,0.0,0.0,5.0,"decay-wtd trimmed median, hl=45.0d, 0 sold of 1",2026-09-15T23:53:11.785896+00:00
SWFH088,58.46,38,1,0.0,0.0,7.0,"decay-wtd trimmed median, hl=45.0d, 0 sold of 1",2026-09-15T23:53:11.785896+00:00
W2020010,3927.25,38,1,0.0,0.0,6.0,"decay-wtd trimmed median, hl=45.0d, 0 sold of 1",2026-09-15T23:53:11.785896+00:00
W3000151,11781.04,38,1,0.0,0.0,6.0,"decay-wtd trimmed median, hl=45.0d, 0 sold of 1",2026-09-15T23:53:11.785896+00:00
WJ11891G,6841.17,38,1,0.0,0.0,6.0,"decay-wtd trimmed median, hl=45.0d, 0 sold of 1",2026-09-15T23:53:11.785896+00:00
WSTA0028,2970.75,38,1,0.0,0.0,6.0,"decay-wtd trimmed median, hl=45.0d, 0 sold of 1",2026-09-15T23:53:11.785896+00:00
SBGH341,6137.07,37,5,0.0,17.7,0.0,"decay-wtd trimmed median, hl=45.0d, 0 sold of 5",2026-09-15T23:53:11.785896+00:00
SBGJ229G,93.53,37,4,0.0,18.4,0.0,"decay-wtd trimmed median, hl=45.0d, 0 sold of 4",2026-09-15T23:53:11.785896+00:00
A17376211B1A1,3515.87,37,3,0.0,17.7,0.0,"decay-wtd trimmed median, hl=45.0d, 0 sold of 3",2026-09-15T23:53:11.785896+00:00
SBTM063,19.29,37,3,0.0,18.2,0.0,"decay-wtd trimmed median, hl=45.0d, 0 sold of 3",2026-09-15T23:53:11.785896+00:00
SBXC097J,154.32,37,3,0.0,17.8,0.0,"decay-wtd trimmed median, hl=45.0d, 0 sold of 3",2026-09-15T23:53:11.785896+00:00
SSQV084J,111.07,37,3,0.0,17.9,0.0,"decay-wtd trimmed median, hl=45.0d, 0 sold of 4",2026-09-15T23:53:11.785896+00:00
SSVW080J,32.74,37,3,0.0,17.9,0.0,"decay-wtd trimmed median, hl=45.0d, 0 sold of 3",2026-09-15T23:53:11.785896+00:00
123.20.24.60.55.001,2047.04,37,2,0.0,2.8,0.0,"decay-wtd trimmed median, hl=45.0d, 0 sold of 2",2026-09-15T23:53:11.785896+00:00
126303,14773.8,37,2,0.0,3.1,0.0,"decay-wtd trimmed median, hl=45.0d, 0 sold of 2",2026-09-15T23:53:11.785896+00:00
126503GBK,27062.19,37,2,0.0,0.1,10.1,"decay-wtd trimmed median, hl=45.0d, 0 sold of 2",2026-09-15T23:53:11.785896+00:00
131.10.29.20.02.001,3223.03,37,2,0.0,0.2,9.1,"decay-wtd trimmed median, hl=45.0d, 0 sold of 2",2026-09-15T23:53:11.785896+00:00
131.20.36.20.58.001,4895.88,37,2,0.0,0.2,9.1,"decay-wtd trimmed median, hl=45.0d, 0 sold of 2",2026-09-15T23:53:11.785896+00:00
16623,11106.92,37,2,0.0,2.8,0.0,"decay-wtd trimmed median, hl=45.0d, 0 sold of 2",2026-09-15T23:53:11.785896+00:00
210.92.44.20.01.001,6045.0,37,2,0.0,3.0,0.0,"decay-wtd trimmed median, hl=45.0d, 0 sold of 2",2026-09-15T23:53:11.785896+00:00
215.33.40.20.04.001,4388.79,37,2,0.0,1.3,4.0,"decay-wtd trimmed median, hl=45.0d, 0 sold of 2",2026-09-15T23:53:11.785896+00:00
231.10.42.21.03.001,3252.02,37,2,0.0,1.3,6.0,"decay-wtd trimmed median, hl=45.0d, 0 sold of 2",2026-09-15T23:53:11.785896+00:00
278289RBR,56119.18,37,2,0.0,3.0,0.0,"decay-wtd trimmed median, hl=45.0d, 0 sold of 2",2026-09-15T23:53:11.785896+00:00
321.10.42.50.01.001,3390.54,37,2,0.0,2.6,0.0,"decay-wtd trimmed median, hl=45.0d, 0 sold of 2",2026-09-15T23:53:11.785896+00:00
323.30.40.40.06.001,2567.28,37,2,0.0,3.2,0.0,"decay-wtd trimmed median, hl=45.0d, 0 sold of 2",2026-09-15T23:53:11.785896+00:00
324.30.38.50.06.001,3381.4,37,2,0.0,1.3,6.0,"decay-wtd trimmed median, hl=45.0d, 0 sold of 2",2026-09-15T23:53:11.785896+00:00
325.92.43.79.01.001,2455.22,37,2,0.0,1.7,5.0,"decay-wtd trimmed median, hl=45.0d, 0 sold of 2",2026-09-15T23:53:11.785896+00:00
434.13.30.60.60.001,1659.73,37,2,0.0,1.5,4.0,"decay-wtd trimmed median, hl=45.0d, 0 sold of 2",2026-09-15T23:53:11.785896+00:00
690006,2853.84,37,2,0.0,3.5,0.0,"decay-wtd trimmed median, hl=45.0d, 0 sold of 2",2026-09-15T23:53:11.785896+00:00
69173GBK,6343.53,37,2,0.0,3.1,0.0,"decay-wtd trimmed median, hl=45.0d, 0 sold of 2",2026-09-15T23:53:11.785896+00:00
Q2668443,9925.59,37,2,0.0,0.2,9.1,"decay-wtd trimmed median, hl=45.0d, 0 sold of 2",2026-09-15T23:53:11.785896+00:00
SAAP010,18.7,37,2,0.0,3.0,0.0,"decay-wtd trimmed median, hl=45.0d, 0 sold of 2",2026-09-15T23:53:11.785896+00:00
SAAP024,18.7,37,2,0.0,3.0,0.0,"decay-wtd trimmed median, hl=45.0d, 0 sold of 2",2026-09-15T23:53:11.785896+00:00
SACA001,18.7,37,2,0.0,3.0,0.0,"decay-wtd trimmed median, hl=45.0d, 0 sold of 2",2026-09-15T23:53:11.785896+00:00
SARB001J,19.87,37,2,0.0,3.0,0.0,"decay-wtd trimmed median, hl=45.0d, 0 sold of 2",2026-09-15T23:53:11.785896+00:00
SARY005,20.46,37,2,0.0,2.9,0.0,"decay-wtd trimmed median, hl=45.0d, 0 sold of 2",2026-09-15T23:53:11.785896+00:00
SAWK001,19.87,37,2,0.0,2.9,0.0,"decay-wtd trimmed median, hl=45.0d, 0 sold of 2",2026-09-15T23:53:11.785896+00:00
SBEJ017,63.14,37,2,0.0,2.7,0.0,"decay-wtd trimmed median, hl=45.0d, 0 sold of 2",2026-09-15T23:53:11.785896+00:00
SBGA227,2514.93,37,2,0.0,3.3,0.0,"decay-wtd trimmed median, hl=45.0d, 0 sold of 2",2026-09-15T23:53:11.785896+00:00
SBGH005J,77.16,37,2,0.0,2.9,0.0,"decay-wtd trimmed median, hl=45.0d, 0 sold of 2",2026-09-15T23:53:11.785896+00:00
SCJF005,19.26,37,2,0.0,3.0,0.0,"decay-wtd trimmed median, hl=45.0d, 0 sold of 2",2026-09-15T23:53:11.785896+00:00
SLA067,2697.0,37,2,0.0,3.3,0.0,"decay-wtd trimmed median, hl=45.0d, 0 sold of 2",2026-09-15T23:53:11.785896+00:00
SLGC004,12860.64,37,2,0.0,2.8,0.0,"decay-wtd trimmed median, hl=45.0d, 0 sold of 2",2026-09-15T23:53:11.785896+00:00
SPB467,837.0,37,2,0.0,2.7,0.0,"decay-wtd trimmed median, hl=45.0d, 0 sold of 2",2026-09-15T23:53:11.785896+00:00
SSVW037J,21.63,37,2,0.0,2.8,0.0,"decay-wtd trimmed median, hl=45.0d, 0 sold of 2",2026-09-15T23:53:11.785896+00:00
SZER063,43.25,37,2,0.0,0.0,8.0,"decay-wtd trimmed median, hl=45.0d, 0 sold of 2",2026-09-15T23:53:11.785896+00:00
W1002253,1045.69,37,2,0.0,0.0,9.1,"decay-wtd trimmed median, hl=45.0d, 0 sold of 2",2026-09-15T23:53:11.785896+00:00
W1005654,3435.17,37,2,0.0,3.3,0.0,"decay-wtd trimmed median, hl=45.0d, 0 sold of 2",2026-09-15T23:53:11.785896+00:00
W5200000,2107.79,37,2,0.0,0.2,9.1,"decay-wtd trimmed median, hl=45.0d, 0 sold of 2",2026-09-15T23:53:11.785896+00:00
WE110004,4208.94,37,2,0.0,2.5,0.0,"decay-wtd trimmed median, hl=45.0d, 0 sold of 2",2026-09-15T23:53:11.785896+00:00
WE110006,3332.08,37,2,0.0,3.4,0.0,"decay-wtd trimmed median, hl=45.0d, 0 sold of 2",2026-09-15T23:53:11.785896+00:00
WGSA0029,36828.21,37,2,0.0,3.4,0.0,"decay-wtd trimmed median, hl=45.0d, 0 sold of 2",2026-09-15T23:53:11.785896+00:00
WGSA0098,12642.54,37,2,0.0,1.1,6.0,"decay-wtd trimmed median, hl=45.0d, 0 sold of 2",2026-09-15T23:53:11.785896+00:00
WGTA0297,18568.67,37,2,0.0,0.2,9.1,"decay-wtd trimmed median, hl=45.0d, 0 sold of 2",2026-09-15T23:53:11.785896+00:00
WSBB0073,4617.08,37,2,0.0,0.2,9.1,"decay-wtd trimmed median, hl=45.0d, 0 sold of 2",2026-09-15T23:53:11.785896+00:00
WSCA0010,3776.35,37,2,0.0,2.6,0.0,"decay-wtd trimmed median, hl=45.0d, 0 sold of 2",2026-09-15T23:53:11.785896+00:00
WSSA0029,6722.61,37,2,0.0,3.0,0.0,"decay-wtd trimmed median, hl=45.0d, 0 sold of 2",2026-09-15T23:53:11.785896+00:00
WSSA0076,8733.49,37,2,0.0,2.9,0.0,"decay-wtd trimmed median, hl=45.0d, 0 sold of 2",2026-09-15T23:53:11.785896+00:00
WSTA0129,3724.88,37,2,0.0,0.2,9.1,"decay-wtd trimmed median, hl=45.0d, 0 sold of 2",2026-09-15T23:53:11.785896+00:00
116519,63134.07,37,1,0.0,0.0,9.1,"decay-wtd trimmed median, hl=45.0d, 0 sold of 1",2026-09-15T23:53:11.785896+00:00
116619LB,38289.64,37,1,0.0,0.0,8.0,"decay-wtd trimmed median, hl=45.0d, 0 sold of 1",2026-09-15T23:53:11.785896+00:00
118238NGR,30397.89,37,1,0.0,0.0,8.0,"decay-wtd trimmed median, hl=45.0d, 0 sold of 1",2026-09-15T23:53:11.785896+00:00
126301NGOWH,13710.93,37,1,0.0,0.0,8.0,"decay-wtd trimmed median, hl=45.0d, 0 sold of 1",2026-09-15T23:53:11.785896+00:00
131.20.36.20.52.001,5224.22,37,1,0.0,0.0,9.1,"decay-wtd trimmed median, hl=45.0d, 0 sold of 1",2026-09-15T23:53:11.785896+00:00
19018,22785.0,37,1,0.0,0.0,8.0,"decay-wtd trimmed median, hl=45.0d, 0 sold of 1",2026-09-15T23:53:11.785896+00:00
26325,572.88,37,1,0.0,0.0,8.0,"decay-wtd trimmed median, hl=45.0d, 0 sold of 1",2026-09-15T23:53:11.785896+00:00
26393CR,22213.84,37,1,0.0,0.0,8.0,"decay-wtd trimmed median, hl=45.0d, 0 sold of 1",2026-09-15T23:53:11.785896+00:00
3065,23017.5,37,1,0.0,0.0,8.0,"decay-wtd trimmed median, hl=45.0d, 0 sold of 1",2026-09-15T23:53:11.785896+00:00
33084,6079.58,37,1,0.0,0.0,9.1,"decay-wtd trimmed median, hl=45.0d, 0 sold of 1",2026-09-15T23:53:11.785896+00:00
380.032,15254.49,37,1,0.0,0.0,10.1,"decay-wtd trimmed median, hl=45.0d, 0 sold of 1",2026-09-15T23:53:11.785896+00:00
386.026,18360.36,37,1,0.0,0.0,10.1,"decay-wtd trimmed median, hl=45.0d, 0 sold of 1",2026-09-15T23:53:11.785896+00:00
45178,15304.43,37,1,0.0,0.0,10.1,"decay-wtd trimmed median, hl=45.0d, 0 sold of 1",2026-09-15T23:53:11.785896+00:00
5065J001,75590.4,37,1,0.0,0.0,9.1,"decay-wtd trimmed median, hl=45.0d, 0 sold of 1",2026-09-15T23:53:11.785896+00:00
52416,13276.52,37,1,0.0,0.0,8.0,"decay-wtd trimmed median, hl=45.0d, 0 sold of 1",2026-09-15T23:53:11.785896+00:00
5267200A00,58419.34,37,1,0.0,0.0,9.1,"decay-wtd trimmed median, hl=45.0d, 0 sold of 1",2026-09-15T23:53:11.785896+00:00
529550,362.79,37,1,0.0,0.0,9.1,"decay-wtd trimmed median, hl=45.0d, 0 sold of 1",2026-09-15T23:53:11.785896+00:00
5396G012,132698.47,37,1,0.0,0.0,10.1,"decay-wtd trimmed median, hl=45.0d, 0 sold of 1",2026-09-15T23:53:11.785896+00:00
567032,384.64,37,1,0.0,0.0,9.1,"decay-wtd trimmed median, hl=45.0d, 0 sold of 1",2026-09-15T23:53:11.785896+00:00
57111R001,249984.0,37,1,0.0,0.0,9.1,"decay-wtd trimmed median, hl=45.0d, 0 sold of 1",2026-09-15T23:53:11.785896+00:00
5924G001,49688.86,37,1,0.0,0.0,9.1,"decay-wtd trimmed median, hl=45.0d, 0 sold of 1",2026-09-15T23:53:11.785896+00:00
6119R001,28452.8,37,1,0.0,0.0,8.0,"decay-wtd trimmed median, hl=45.0d, 0 sold of 1",2026-09-15T23:53:11.785896+00:00
6294,4882.5,37,1,0.0,0.0,8.0,"decay-wtd trimmed median, hl=45.0d, 0 sold of 1",2026-09-15T23:53:11.785896+00:00
81315,28850.16,37,1,0.0,0.0,9.1,"decay-wtd trimmed median, hl=45.0d, 0 sold of 1",2026-09-15T23:53:11.785896+00:00
81924,3144.05,37,1,0.0,0.0,9.1,"decay-wtd trimmed median, hl=45.0d, 0 sold of 1",2026-09-15T23:53:11.785896+00:00
A17328101C1X1,3394.2,37,1,0.0,0.0,8.0,"decay-wtd trimmed median, hl=45.0d, 0 sold of 1",2026-09-15T23:53:11.785896+00:00
A17375211B1A1,4484.83,37,1,0.0,0.0,8.0,"decay-wtd trimmed median, hl=45.0d, 0 sold of 1",2026-09-15T23:53:11.785896+00:00
A17376211L2S1,3494.49,37,1,0.0,0.0,8.0,"decay-wtd trimmed median, hl=45.0d, 0 sold of 1",2026-09-15T23:53:11.785896+00:00
A32310171C1A1,4308.7,37,1,0.0,0.0,8.0,"decay-wtd trimmed median, hl=45.0d, 0 sold of 1",2026-09-15T23:53:11.785896+00:00
A72310101B1A1,3199.89,37,1,0.0,0.0,8.0,"decay-wtd trimmed median, hl=45.0d, 0 sold of 1",2026-09-15T23:53:11.785896+00:00
A77320171C1A1,3411.35,37,1,0.0,0.0,8.0,"decay-wtd trimmed median, hl=45.0d, 0 sold of 1",2026-09-15T23:53:11.785896+00:00
A77320E61A2A1,3600.3,37,1,0.0,0.0,8.0,"decay-wtd trimmed median, hl=45.0d, 0 sold of 1",2026-09-15T23:53:11.785896+00:00
HCB001J,333.44,37,1,0.0,0.0,8.0,"decay-wtd trimmed median, hl=45.0d, 0 sold of 1",2026-09-15T23:53:11.785896+00:00
HCC007J,1404.77,37,1,0.0,0.0,8.0,"decay-wtd trimmed median, hl=45.0d, 0 sold of 1",2026-09-15T23:53:11.785896+00:00
HDB003J,431.84,37,1,0.0,0.0,8.0,"decay-wtd trimmed median, hl=45.0d, 0 sold of 1",2026-09-15T23:53:11.785896+00:00
HDB010J,276.95,37,1,0.0,0.0,10.1,"decay-wtd trimmed median, hl=45.0d, 0 sold of 1",2026-09-15T23:53:11.785896+00:00
IW328203,4603.5,37,1,0.0,0.0,10.1,"decay-wtd trimmed median, hl=45.0d, 0 sold of 1",2026-09-15T23:53:11.785896+00:00
Q1368420,5594.88,37,1,0.0,0.0,10.1,"decay-wtd trimmed median, hl=45.0d, 0 sold of 1",2026-09-15T23:53:11.785896+00:00
SAAP874,18.7,37,1,0.0,0.0,8.0,"decay-wtd trimmed median, hl=45.0d, 0 sold of 1",2026-09-15T23:53:11.785896+00:00
SACJ002J,18.7,37,1,0.0,0.0,8.0,"decay-wtd trimmed median, hl=45.0d, 0 sold of 1",2026-09-15T23:53:11.785896+00:00
SACV004,15.78,37,1,0.0,0.0,8.0,"decay-wtd trimmed median, hl=45.0d, 0 sold of 1",2026-09-15T23:53:11.785896+00:00
SADA021,139.71,37,1,0.0,0.0,8.0,"decay-wtd trimmed median, hl=45.0d, 0 sold of 1",2026-09-15T23:53:11.785896+00:00
SADA025,420.31,37,1,0.0,0.0,8.0,"decay-wtd trimmed median, hl=45.0d, 0 sold of 1",2026-09-15T23:53:11.785896+00:00
SADA037,26.31,37,1,0.0,0.0,8.0,"decay-wtd trimmed median, hl=45.0d, 0 sold of 1",2026-09-15T23:53:11.785896+00:00
SADV006J,18.7,37,1,0.0,0.0,8.0,"decay-wtd trimmed median, hl=45.0d, 0 sold of 1",2026-09-15T23:53:11.785896+00:00
SADV031,18.7,37,1,0.0,0.0,8.0,"decay-wtd trimmed median, hl=45.0d, 0 sold of 1",2026-09-15T23:53:11.785896+00:00
SADX001,15.78,37,1,0.0,0.0,8.0,"decay-wtd trimmed median, hl=45.0d, 0 sold of 1",2026-09-15T23:53:11.785896+00:00
SADZ091J,18.13,37,1,0.0,0.0,8.0,"decay-wtd trimmed median, hl=45.0d, 0 sold of 1",2026-09-15T23:53:11.785896+00:00
SADZ180J,19.29,37,1,0.0,0.0,8.0,"decay-wtd trimmed median, hl=45.0d, 0 sold of 1",2026-09-15T23:53:11.785896+00:00
SAEC013J,18.7,37,1,0.0,0.0,8.0,"decay-wtd trimmed median, hl=45.0d, 0 sold of 1",2026-09-15T23:53:11.785896+00:00
SAEC015J,19.29,37,1,0.0,0.0,8.0,"decay-wtd trimmed median, hl=45.0d, 0 sold of 1",2026-09-15T23:53:11.785896+00:00
SAGA205,368.87,37,1,0.0,0.0,8.0,"decay-wtd trimmed median, hl=45.0d, 0 sold of 1",2026-09-15T23:53:11.785896+00:00
SAGA207,368.87,37,1,0.0,0.0,8.0,"decay-wtd trimmed median, hl=45.0d, 0 sold of 1",2026-09-15T23:53:11.785896+00:00
SAGA211,420.31,37,1,0.0,0.0,8.0,"decay-wtd trimmed median, hl=45.0d, 0 sold of 1",2026-09-15T23:53:11.785896+00:00
SAGA263,40.33,37,1,0.0,0.0,8.0,"decay-wtd trimmed median, hl=45.0d, 0 sold of 1",2026-09-15T23:53:11.785896+00:00
SAGA265,424.41,37,1,0.0,0.0,8.0,"decay-wtd trimmed median, hl=45.0d, 0 sold of 1",2026-09-15T23:53:11.785896+00:00
SAGA281,105.81,37,1,0.0,0.0,8.0,"decay-wtd trimmed median, hl=45.0d, 0 sold of 1",2026-09-15T23:53:11.785896+00:00
SARB033,603.57,37,1,0.0,0.0,9.1,"decay-wtd trimmed median, hl=45.0d, 0 sold of 1",2026-09-15T23:53:11.785896+00:00
SARF023,444.87,37,1,0.0,0.0,8.0,"decay-wtd trimmed median, hl=45.0d, 0 sold of 1",2026-09-15T23:53:11.785896+00:00
SARX033,279.43,37,1,0.0,0.0,8.0,"decay-wtd trimmed median, hl=45.0d, 0 sold of 1",2026-09-15T23:53:11.785896+00:00
SARX075,279.43,37,1,0.0,0.0,8.0,"decay-wtd trimmed median, hl=45.0d, 0 sold of 1",2026-09-15T23:53:11.785896+00:00
SARX121,395.76,37,1,0.0,0.0,8.0,"decay-wtd trimmed median, hl=45.0d, 0 sold of 1",2026-09-15T23:53:11.785896+00:00
SARY062,56.7,37,1,0.0,0.0,8.0,"decay-wtd trimmed median, hl=45.0d, 0 sold of 1",2026-09-15T23:53:11.785896+00:00
SARY064,51.44,37,1,0.0,0.0,8.0,"decay-wtd trimmed median, hl=45.0d, 0 sold of 1",2026-09-15T23:53:11.785896+00:00
SARY105,191.15,37,1,0.0,0.0,8.0,"decay-wtd trimmed median, hl=45.0d, 0 sold of 1",2026-09-15T23:53:11.785896+00:00
SARY169,159.59,37,1,0.0,0.0,8.0,"decay-wtd trimmed median, hl=45.0d, 0 sold of 1",2026-09-15T23:53:11.785896+00:00
SARY177,191.15,37,1,0.0,0.0,8.0,"decay-wtd trimmed median, hl=45.0d, 0 sold of 1",2026-09-15T23:53:11.785896+00:00
SARY255,88.27,37,1,0.0,0.0,8.0,"decay-wtd trimmed median, hl=45.0d, 0 sold of 1",2026-09-15T23:53:11.785896+00:00
SARY265,57.29,37,1,0.0,0.0,8.0,"decay-wtd trimmed median, hl=45.0d, 0 sold of 1",2026-09-15T23:53:11.785896+00:00
SAST009,382.9,37,1,0.0,0.0,8.0,"decay-wtd trimmed median, hl=45.0d, 0 sold of 1",2026-09-15T23:53:11.785896+00:00
SBBC045,18.7,37,1,0.0,0.0,8.0,"decay-wtd trimmed median, hl=45.0d, 0 sold of 1",2026-09-15T23:53:11.785896+00:00
SBBN023J,164.85,37,1,0.0,0.0,8.0,"decay-wtd trimmed median, hl=45.0d, 0 sold of 1",2026-09-15T23:53:11.785896+00:00
SBBN051J,295.8,37,1,0.0,0.0,8.0,"decay-wtd trimmed median, hl=45.0d, 0 sold of 1",2026-09-15T23:53:11.785896+00:00
SBDB008J,161.35,37,1,0.0,0.0,8.0,"decay-wtd trimmed median, hl=45.0d, 0 sold of 1",2026-09-15T23:53:11.785896+00:00
SBDB011J,1312.37,37,1,0.0,0.0,8.0,"decay-wtd trimmed median, hl=45.0d, 0 sold of 1",2026-09-15T23:53:11.785896+00:00
SBDB018J,1124.72,37,1,0.0,0.0,8.0,"decay-wtd trimmed median, hl=45.0d, 0 sold of 1",2026-09-15T23:53:11.785896+00:00
SBDB029,1489.5,37,1,0.0,0.0,8.0,"decay-wtd trimmed median, hl=45.0d, 0 sold of 1",2026-09-15T23:53:11.785896+00:00
SBDC055,78.92,37,1,0.0,0.0,8.0,"decay-wtd trimmed median, hl=45.0d, 0 sold of 1",2026-09-15T23:53:11.785896+00:00
SBDC063,84.17,37,1,0.0,0.0,8.0,"decay-wtd trimmed median, hl=45.0d, 0 sold of 1",2026-09-15T23:53:11.785896+00:00
SBDC107,78.33,37,1,0.0,0.0,8.0,"decay-wtd trimmed median, hl=45.0d, 0 sold of 1",2026-09-15T23:53:11.785896+00:00
SBDC201,134.45,37,1,0.0,0.0,8.0,"decay-wtd trimmed median, hl=45.0d, 0 sold of 1",2026-09-15T23:53:11.785896+00:00
SBDC203,709.49,37,1,0.0,0.0,8.0,"decay-wtd trimmed median, hl=45.0d, 0 sold of 1",2026-09-15T23:53:11.785896+00:00
SBDE007J,30.98,37,1,0.0,0.0,8.0,"decay-wtd trimmed median, hl=45.0d, 0 sold of 1",2026-09-15T23:53:11.785896+00:00
SBDE009J,30.98,37,1,0.0,0.0,8.0,"decay-wtd trimmed median, hl=45.0d, 0 sold of 1",2026-09-15T23:53:11.785896+00:00
SBDF031,30.98,37,1,0.0,0.0,8.0,"decay-wtd trimmed median, hl=45.0d, 0 sold of 1",2026-09-15T23:53:11.785896+00:00
SBDH007J,30.98,37,1,0.0,0.0,8.0,"decay-wtd trimmed median, hl=45.0d, 0 sold of 1",2026-09-15T23:53:11.785896+00:00
SBDH009J,30.98,37,1,0.0,0.0,8.0,"decay-wtd trimmed median, hl=45.0d, 0 sold of 1",2026-09-15T23:53:11.785896+00:00
SBDH015J,30.98,37,1,0.0,0.0,8.0,"decay-wtd trimmed median, hl=45.0d, 0 sold of 1",2026-09-15T23:53:11.785896+00:00
SBDH021,52.02,37,1,0.0,0.0,8.0,"decay-wtd trimmed median, hl=45.0d, 0 sold of 1",2026-09-15T23:53:11.785896+00:00
SBDJ019,71.32,37,1,0.0,0.0,8.0,"decay-wtd trimmed median, hl=45.0d, 0 sold of 1",2026-09-15T23:53:11.785896+00:00
SBDL011J,18.13,37,1,0.0,0.0,8.0,"decay-wtd trimmed median, hl=45.0d, 0 sold of 1",2026-09-15T23:53:11.785896+00:00
SBDL022,68.98,37,1,0.0,0.0,8.0,"decay-wtd trimmed median, hl=45.0d, 0 sold of 1",2026-09-15T23:53:11.785896+00:00
SBDL023,50.86,37,1,0.0,0.0,8.0,"decay-wtd trimmed median, hl=45.0d, 0 sold of 1",2026-09-15T23:53:11.785896+00:00
SBDL037J,36.24,37,1,0.0,0.0,8.0,"decay-wtd trimmed median, hl=45.0d, 0 sold of 1",2026-09-15T23:53:11.785896+00:00
SBDL038J,58.46,37,1,0.0,0.0,8.0,"decay-wtd trimmed median, hl=45.0d, 0 sold of 1",2026-09-15T23:53:11.785896+00:00
SBDL049,90.61,37,1,0.0,0.0,8.0,"decay-wtd trimmed median, hl=45.0d, 0 sold of 1",2026-09-15T23:53:11.785896+00:00
SBDL057,117.5,37,1,0.0,0.0,8.0,"decay-wtd trimmed median, hl=45.0d, 0 sold of 1",2026-09-15T23:53:11.785896+00:00
SBDL063,91.78,37,1,0.0,0.0,8.0,"decay-wtd trimmed median, hl=45.0d, 0 sold of 1",2026-09-15T23:53:11.785896+00:00
SBDL065,118.67,37,1,0.0,0.0,8.0,"decay-wtd trimmed median, hl=45.0d, 0 sold of 1",2026-09-15T23:53:11.785896+00:00
SBDL097,505.54,37,1,0.0,0.0,9.1,"decay-wtd trimmed median, hl=45.0d, 0 sold of 1",2026-09-15T23:53:11.785896+00:00
SBDN051,57.29,37,1,0.0,0.0,8.0,"decay-wtd trimmed median, hl=45.0d, 0 sold of 1",2026-09-15T23:53:11.785896+00:00
SBDN080,105.22,37,1,0.0,0.0,8.0,"decay-wtd trimmed median, hl=45.0d, 0 sold of 1",2026-09-15T23:53:11.785896+00:00
SBDX016J,328.53,37,1,0.0,0.0,8.0,"decay-wtd trimmed median, hl=45.0d, 0 sold of 1",2026-09-15T23:53:11.785896+00:00
SBDY015,79.51,37,1,0.0,0.0,8.0,"decay-wtd trimmed median, hl=45.0d, 0 sold of 1",2026-09-15T23:53:11.785896+00:00
SBDY023,77.75,37,1,0.0,0.0,8.0,"decay-wtd trimmed median, hl=45.0d, 0 sold of 1",2026-09-15T23:53:11.785896+00:00
SBDY035J,71.32,37,1,0.0,0.0,8.0,"decay-wtd trimmed median, hl=45.0d, 0 sold of 1",2026-09-15T23:53:11.785896+00:00
SBDY059,77.75,37,1,0.0,0.0,8.0,"decay-wtd trimmed median, hl=45.0d, 0 sold of 1",2026-09-15T23:53:11.785896+00:00
SBDY061,77.75,37,1,0.0,0.0,8.0,"decay-wtd trimmed median, hl=45.0d, 0 sold of 1",2026-09-15T23:53:11.785896+00:00
SBDY079J,73.07,37,1,0.0,0.0,8.0,"decay-wtd trimmed median, hl=45.0d, 0 sold of 1",2026-09-15T23:53:11.785896+00:00
SBDY137,111.66,37,1,0.0,0.0,8.0,"decay-wtd trimmed median, hl=45.0d, 0 sold of 1",2026-09-15T23:53:11.785896+00:00
SBEB001J,33.91,37,1,0.0,0.0,8.0,"decay-wtd trimmed median, hl=45.0d, 0 sold of 1",2026-09-15T23:53:11.785896+00:00
SBEB005J,33.91,37,1,0.0,0.0,8.0,"decay-wtd trimmed median, hl=45.0d, 0 sold of 1",2026-09-15T23:53:11.785896+00:00
SBEB023,74.24,37,1,0.0,0.0,8.0,"decay-wtd trimmed median, hl=45.0d, 0 sold of 1",2026-09-15T23:53:11.785896+00:00
SBEB025J,74.24,37,1,0.0,0.0,8.0,"decay-wtd trimmed median, hl=45.0d, 0 sold of 1",2026-09-15T23:53:11.785896+00:00
SBEB031,54.95,37,1,0.0,0.0,8.0,"decay-wtd trimmed median, hl=45.0d, 0 sold of 1",2026-09-15T23:53:11.785896+00:00
SBEB033,54.95,37,1,0.0,0.0,8.0,"decay-wtd trimmed median, hl=45.0d, 0 sold of 1",2026-09-15T23:53:11.785896+00:00
SBEE001J,54.37,37,1,0.0,0.0,8.0,"decay-wtd trimmed median, hl=45.0d, 0 sold of 1",2026-09-15T23:53:11.785896+00:00
SBEF005J,30.98,37,1,0.0,0.0,8.0,"decay-wtd trimmed median, hl=45.0d, 0 sold of 1",2026-09-15T23:53:11.785896+00:00
SBEF007J,30.98,37,1,0.0,0.0,8.0,"decay-wtd trimmed median, hl=45.0d, 0 sold of 1",2026-09-15T23:53:11.785896+00:00
SBEF009,30.98,37,1,0.0,0.0,8.0,"decay-wtd trimmed median, hl=45.0d, 0 sold of 1",2026-09-15T23:53:11.785896+00:00
SBEF019,41.51,37,1,0.0,0.0,8.0,"decay-wtd trimmed median, hl=45.0d, 0 sold of 1",2026-09-15T23:53:11.785896+00:00
SBEF021,41.51,37,1,0.0,0.0,8.0,"decay-wtd trimmed median, hl=45.0d, 0 sold of 1",2026-09-15T23:53:11.785896+00:00
SBEF029J,57.87,37,1,0.0,0.0,8.0,"decay-wtd trimmed median, hl=45.0d, 0 sold of 1",2026-09-15T23:53:11.785896+00:00
SBEF031J,57.87,37,1,0.0,0.0,8.0,"decay-wtd trimmed median, hl=45.0d, 0 sold of 1",2026-09-15T23:53:11.785896+00:00
SBEF039J,57.87,37,1,0.0,0.0,8.0,"decay-wtd trimmed median, hl=45.0d, 0 sold of 1",2026-09-15T23:53:11.785896+00:00
SBEF043,62.55,37,1,0.0,0.0,8.0,"decay-wtd trimmed median, hl=45.0d, 0 sold of 1",2026-09-15T23:53:11.785896+00:00
SBEF047,44.43,37,1,0.0,0.0,8.0,"decay-wtd trimmed median, hl=45.0d, 0 sold of 1",2026-09-15T23:53:11.785896+00:00
SBEF050,44.43,37,1,0.0,0.0,8.0,"decay-wtd trimmed median, hl=45.0d, 0 sold of 1",2026-09-15T23:53:11.785896+00:00
SBEF051,44.43,37,1,0.0,0.0,8.0,"decay-wtd trimmed median, hl=45.0d, 0 sold of 1",2026-09-15T23:53:11.785896+00:00
SBEF055,44.43,37,1,0.0,0.0,8.0,"decay-wtd trimmed median, hl=45.0d, 0 sold of 1",2026-09-15T23:53:11.785896+00:00
SBEG003J,36.24,37,1,0.0,0.0,8.0,"decay-wtd trimmed median, hl=45.0d, 0 sold of 1",2026-09-15T23:53:11.785896+00:00
SBEG005J,32.74,37,1,0.0,0.0,8.0,"decay-wtd trimmed median, hl=45.0d, 0 sold of 1",2026-09-15T23:53:11.785896+00:00
SBEH001,63.71,37,1,0.0,0.0,8.0,"decay-wtd trimmed median, hl=45.0d, 0 sold of 1",2026-09-15T23:53:11.785896+00:00
SBEH005,63.71,37,1,0.0,0.0,8.0,"decay-wtd trimmed median, hl=45.0d, 0 sold of 1",2026-09-15T23:53:11.785896+00:00
SBEH007,65.47,37,1,0.0,0.0,8.0,"decay-wtd trimmed median, hl=45.0d, 0 sold of 1",2026-09-15T23:53:11.785896+00:00
SBEH011,63.71,37,1,0.0,0.0,8.0,"decay-wtd trimmed median, hl=45.0d, 0 sold of 1",2026-09-15T23:53:11.785896+00:00
SBEH015,68.39,37,1,0.0,0.0,8.0,"decay-wtd trimmed median, hl=45.0d, 0 sold of 1",2026-09-15T23:53:11.785896+00:00
SBEJ001J,187.06,37,1,0.0,0.0,8.0,"decay-wtd trimmed median, hl=45.0d, 0 sold of 1",2026-09-15T23:53:11.785896+00:00
SBEJ023,748.84,37,1,0.0,0.0,8.0,"decay-wtd trimmed median, hl=45.0d, 0 sold of 1",2026-09-15T23:53:11.785896+00:00
SBEK003,41.51,37,1,0.0,0.0,8.0,"decay-wtd trimmed median, hl=45.0d, 0 sold of 1",2026-09-15T23:53:11.785896+00:00
SBEL003,41.51,37,1,0.0,0.0,8.0,"decay-wtd trimmed median, hl=45.0d, 0 sold of 1",2026-09-15T23:53:11.785896+00:00
SBEL005,43.25,37,1,0.0,0.0,8.0,"decay-wtd trimmed median, hl=45.0d, 0 sold of 1",2026-09-15T23:53:11.785896+00:00
SBEL007,41.51,37,1,0.0,0.0,8.0,"decay-wtd trimmed median, hl=45.0d, 0 sold of 1",2026-09-15T23:53:11.785896+00:00
SBEL009,47.93,37,1,0.0,0.0,8.0,"decay-wtd trimmed median, hl=45.0d, 0 sold of 1",2026-09-15T23:53:11.785896+00:00
SBEM001,52.02,37,1,0.0,0.0,8.0,"decay-wtd trimmed median, hl=45.0d, 0 sold of 1",2026-09-15T23:53:11.785896+00:00
SBEM005,52.02,37,1,0.0,0.0,8.0,"decay-wtd trimmed median, hl=45.0d, 0 sold of 1",2026-09-15T23:53:11.785896+00:00
SBEM007,44.43,37,1,0.0,0.0,8.0,"decay-wtd trimmed median, hl=45.0d, 0 sold of 1",2026-09-15T23:53:11.785896+00:00
SBEP005J,72.48,37,1,0.0,0.0,8.0,"decay-wtd trimmed median, hl=45.0d, 0 sold of 1",2026-09-15T23:53:11.785896+00:00
SBEP017,63.71,37,1,0.0,0.0,8.0,"decay-wtd trimmed median, hl=45.0d, 0 sold of 1",2026-09-15T23:53:11.785896+00:00
SBEP021,56.7,37,1,0.0,0.0,8.0,"decay-wtd trimmed median, hl=45.0d, 0 sold of 1",2026-09-15T23:53:11.785896+00:00
SBET001J,21.05,37,1,0.0,0.0,8.0,"decay-wtd trimmed median, hl=45.0d, 0 sold of 1",2026-09-15T23:53:11.785896+00:00
SBGA025,2222.5,37,1,0.0,0.0,8.0,"decay-wtd trimmed median, hl=45.0d, 0 sold of 1",2026-09-15T23:53:11.785896+00:00
SBGA361J,29.23,37,1,0.0,0.0,8.0,"decay-wtd trimmed median, hl=45.0d, 0 sold of 1",2026-09-15T23:53:11.785896+00:00
SBGP003,2104.47,37,1,0.0,0.0,8.0,"decay-wtd trimmed median, hl=45.0d, 0 sold of 1",2026-09-15T23:53:11.785896+00:00
SBGX059,1106.59,37,1,0.0,0.0,8.0,"decay-wtd trimmed median, hl=45.0d, 0 sold of 1",2026-09-15T23:53:11.785896+00:00
SBPL007J,15.78,37,1,0.0,0.0,8.0,"decay-wtd trimmed median, hl=45.0d, 0 sold of 1",2026-09-15T23:53:11.785896+00:00
SBPS013,982.61,37,1,0.0,0.0,8.0,"decay-wtd trimmed median, hl=45.0d, 0 sold of 1",2026-09-15T23:53:11.785896+00:00
SBPX079J,15.78,37,1,0.0,0.0,8.0,"decay-wtd trimmed median, hl=45.0d, 0 sold of 1",2026-09-15T23:53:11.785896+00:00
SBQA171,21.05,37,1,0.0,0.0,8.0,"decay-wtd trimmed median, hl=45.0d, 0 sold of 1",2026-09-15T23:53:11.785896+00:00
SBSA028,60.21,37,1,0.0,0.0,8.0,"decay-wtd trimmed median, hl=45.0d, 0 sold of 1",2026-09-15T23:53:11.785896+00:00
SBSA069J,102.89,37,1,0.0,0.0,8.0,"decay-wtd trimmed median, hl=45.0d, 0 sold of 1",2026-09-15T23:53:11.785896+00:00
SBSA072,98.21,37,1,0.0,0.0,8.0,"decay-wtd trimmed median, hl=45.0d, 0 sold of 1",2026-09-15T23:53:11.785896+00:00
SBSA089J,36.24,37,1,0.0,0.0,8.0,"decay-wtd trimmed median, hl=45.0d, 0 sold of 1",2026-09-15T23:53:11.785896+00:00
SBSA111,18.7,37,1,0.0,0.0,8.0,"decay-wtd trimmed median, hl=45.0d, 0 sold of 1",2026-09-15T23:53:11.785896+00:00
SBSA197,18.13,37,1,0.0,0.0,8.0,"decay-wtd trimmed median, hl=45.0d, 0 sold of 1",2026-09-15T23:53:11.785896+00:00
SBSA243,284.38,37,1,0.0,0.0,9.1,"decay-wtd trimmed median, hl=45.0d, 0 sold of 1",2026-09-15T23:53:11.785896+00:00
SBSC001,140.3,37,1,0.0,0.0,8.0,"decay-wtd trimmed median, hl=45.0d, 0 sold of 1",2026-09-15T23:53:11.785896+00:00
SBTA914,21.05,37,1,0.0,0.0,8.0,"decay-wtd trimmed median, hl=45.0d, 0 sold of 1",2026-09-15T23:53:11.785896+00:00
SBXC059J,159.0,37,1,0.0,0.0,8.0,"decay-wtd trimmed median, hl=45.0d, 0 sold of 1",2026-09-15T23:53:11.785896+00:00
SBXC073J,144.98,37,1,0.0,0.0,8.0,"decay-wtd trimmed median, hl=45.0d, 0 sold of 1",2026-09-15T23:53:11.785896+00:00
SBXC101,213.96,37,1,0.0,0.0,8.0,"decay-wtd trimmed median, hl=45.0d, 0 sold of 1",2026-09-15T23:53:11.785896+00:00
SBXC117,648.29,37,1,0.0,0.0,8.0,"decay-wtd trimmed median, hl=45.0d, 0 sold of 1",2026-09-15T23:53:11.785896+00:00
SBXC121,155.5,37,1,0.0,0.0,8.0,"decay-wtd trimmed median, hl=45.0d, 0 sold of 1",2026-09-15T23:53:11.785896+00:00
SBXC133,252.53,37,1,0.0,0.0,8.0,"decay-wtd trimmed median, hl=45.0d, 0 sold of 1",2026-09-15T23:53:11.785896+00:00
SBXC137,252.53,37,1,0.0,0.0,8.0,"decay-wtd trimmed median, hl=45.0d, 0 sold of 1",2026-09-15T23:53:11.785896+00:00
SBXC171,141.47,37,1,0.0,0.0,8.0,"decay-wtd trimmed median, hl=45.0d, 0 sold of 1",2026-09-15T23:53:11.785896+00:00
SBXD003,470.58,37,1,0.0,0.0,8.0,"decay-wtd trimmed median, hl=45.0d, 0 sold of 1",2026-09-15T23:53:11.785896+00:00
SBXD031,567.04,37,1,0.0,0.0,8.0,"decay-wtd trimmed median, hl=45.0d, 0 sold of 1",2026-09-15T23:53:11.785896+00:00
SBXY061J,499.22,37,1,0.0,0.0,8.0,"decay-wtd trimmed median, hl=45.0d, 0 sold of 1",2026-09-15T23:53:11.785896+00:00
SBXY089,493.38,37,1,0.0,0.0,8.0,"decay-wtd trimmed median, hl=45.0d, 0 sold of 1",2026-09-15T23:53:11.785896+00:00
SBXY091,493.38,37,1,0.0,0.0,8.0,"decay-wtd trimmed median, hl=45.0d, 0 sold of 1",2026-09-15T23:53:11.785896+00:00
SCDP002,80.08,37,1,0.0,0.0,8.0,"decay-wtd trimmed median, hl=45.0d, 0 sold of 1",2026-09-15T23:53:11.785896+00:00
SCDP003,38.59,37,1,0.0,0.0,8.0,"decay-wtd trimmed median, hl=45.0d, 0 sold of 1",2026-09-15T23:53:11.785896+00:00
SCDQ023J,21.05,37,1,0.0,0.0,8.0,"decay-wtd trimmed median, hl=45.0d, 0 sold of 1",2026-09-15T23:53:11.785896+00:00
SCED053J,102.89,37,1,0.0,0.0,8.0,"decay-wtd trimmed median, hl=45.0d, 0 sold of 1",2026-09-15T23:53:11.785896+00:00
SCED055J,20.46,37,1,0.0,0.0,8.0,"decay-wtd trimmed median, hl=45.0d, 0 sold of 1",2026-09-15T23:53:11.785896+00:00
SCJC023,39.16,37,1,0.0,0.0,8.0,"decay-wtd trimmed median, hl=45.0d, 0 sold of 1",2026-09-15T23:53:11.785896+00:00
SFJ003,860.25,37,1,0.0,0.0,9.1,"decay-wtd trimmed median, hl=45.0d, 0 sold of 1",2026-09-15T23:53:11.785896+00:00
SFJ009,976.5,37,1,0.0,0.0,9.1,"decay-wtd trimmed median, hl=45.0d, 0 sold of 1",2026-09-15T23:53:11.785896+00:00
SFQE800,32.74,37,1,0.0,0.0,8.0,"decay-wtd trimmed median, hl=45.0d, 0 sold of 1",2026-09-15T23:53:11.785896+00:00
SNE599,581.25,37,1,0.0,0.0,9.1,"decay-wtd trimmed median, hl=45.0d, 0 sold of 1",2026-09-15T23:53:11.785896+00:00
SPB140,1302.0,37,1,0.0,0.0,9.1,"decay-wtd trimmed median, hl=45.0d, 0 sold of 1",2026-09-15T23:53:11.785896+00:00
SPB181,790.5,37,1,0.0,0.0,9.1,"decay-wtd trimmed median, hl=45.0d, 0 sold of 1",2026-09-15T23:53:11.785896+00:00
SPB233,1209.0,37,1,0.0,0.0,9.1,"decay-wtd trimmed median, hl=45.0d, 0 sold of 1",2026-09-15T23:53:11.785896+00:00
SPB321,1116.0,37,1,0.0,0.0,9.1,"decay-wtd trimmed median, hl=45.0d, 0 sold of 1",2026-09-15T23:53:11.785896+00:00
SPB325,976.5,37,1,0.0,0.0,9.1,"decay-wtd trimmed median, hl=45.0d, 0 sold of 1",2026-09-15T23:53:11.785896+00:00
SPB357,1395.0,37,1,0.0,0.0,9.1,"decay-wtd trimmed median, hl=45.0d, 0 sold of 1",2026-09-15T23:53:11.785896+00:00
SPB375,1116.0,37,1,0.0,0.0,9.1,"decay-wtd trimmed median, hl=45.0d, 0 sold of 1",2026-09-15T23:53:11.785896+00:00
SPB405,1488.0,37,1,0.0,0.0,9.1,"decay-wtd trimmed median, hl=45.0d, 0 sold of 1",2026-09-15T23:53:11.785896+00:00
SPB417,1116.0,37,1,0.0,0.0,9.1,"decay-wtd trimmed median, hl=45.0d, 0 sold of 1",2026-09-15T23:53:11.785896+00:00
SPB465,883.5,37,1,0.0,0.0,9.1,"decay-wtd trimmed median, hl=45.0d, 0 sold of 1",2026-09-15T23:53:11.785896+00:00
SRRA001,102.89,37,1,0.0,0.0,8.0,"decay-wtd trimmed median, hl=45.0d, 0 sold of 1",2026-09-15T23:53:11.785896+00:00
SRRA002,113.4,37,1,0.0,0.0,8.0,"decay-wtd trimmed median, hl=45.0d, 0 sold of 1",2026-09-15T23:53:11.785896+00:00
SRRA012,28.06,37,1,0.0,0.0,8.0,"decay-wtd trimmed median, hl=45.0d, 0 sold of 1",2026-09-15T23:53:11.785896+00:00
SRRY013,44.43,37,1,0.0,0.0,8.0,"decay-wtd trimmed median, hl=45.0d, 0 sold of 1",2026-09-15T23:53:11.785896+00:00
SRZ536,534.75,37,1,0.0,0.0,9.1,"decay-wtd trimmed median, hl=45.0d, 0 sold of 1",2026-09-15T23:53:11.785896+00:00
SRZ540,534.75,37,1,0.0,0.0,9.1,"decay-wtd trimmed median, hl=45.0d, 0 sold of 1",2026-09-15T23:53:11.785896+00:00
SRZ552,553.35,37,1,0.0,0.0,9.1,"decay-wtd trimmed median, hl=45.0d, 0 sold of 1",2026-09-15T23:53:11.785896+00:00
SSC143,418.5,37,1,0.0,0.0,9.1,"decay-wtd trimmed median, hl=45.0d, 0 sold of 1",2026-09-15T23:53:11.785896+00:00
SSC913,697.5,37,1,0.0,0.0,9.1,"decay-wtd trimmed median, hl=45.0d, 0 sold of 1",2026-09-15T23:53:11.785896+00:00
SSC917,757.95,37,1,0.0,0.0,9.1,"decay-wtd trimmed median, hl=45.0d, 0 sold of 1",2026-09-15T23:53:11.785896+00:00
SSC933,674.25,37,1,0.0,0.0,9.1,"decay-wtd trimmed median, hl=45.0d, 0 sold of 1",2026-09-15T23:53:11.785896+00:00
SSC939,398.97,37,1,0.0,0.0,8.0,"decay-wtd trimmed median, hl=45.0d, 0 sold of 1",2026-09-15T23:53:11.785896+00:00
SSC941,730.05,37,1,0.0,0.0,9.1,"decay-wtd trimmed median, hl=45.0d, 0 sold of 1",2026-09-15T23:53:11.785896+00:00
SSC945,823.05,37,1,0.0,0.0,9.1,"decay-wtd trimmed median, hl=45.0d, 0 sold of 1",2026-09-15T23:53:11.785896+00:00
SSDN002,59.05,37,1,0.0,0.0,8.0,"decay-wtd trimmed median, hl=45.0d, 0 sold of 1",2026-09-15T23:53:11.785896+00:00
SSDN003,38.59,37,1,0.0,0.0,8.0,"decay-wtd trimmed median, hl=45.0d, 0 sold of 1",2026-09-15T23:53:11.785896+00:00
SSDY023J,25.72,37,1,0.0,0.0,8.0,"decay-wtd trimmed median, hl=45.0d, 0 sold of 1",2026-09-15T23:53:11.785896+00:00
SSJ017,1105.77,37,1,0.0,0.0,9.1,"decay-wtd trimmed median, hl=45.0d, 0 sold of 1",2026-09-15T23:53:11.785896+00:00
SSJ025,2232.0,37,1,0.0,0.0,9.1,"decay-wtd trimmed median, hl=45.0d, 0 sold of 1",2026-09-15T23:53:11.785896+00:00
SSJ026,2232.0,37,1,0.0,0.0,9.1,"decay-wtd trimmed median, hl=45.0d, 0 sold of 1",2026-09-15T23:53:11.785896+00:00
SSK013,604.5,37,1,0.0,0.0,9.1,"decay-wtd trimmed median, hl=45.0d, 0 sold of 1",2026-09-15T23:53:11.785896+00:00
SSQR001,70.15,37,1,0.0,0.0,8.0,"decay-wtd trimmed median, hl=45.0d, 0 sold of 1",2026-09-15T23:53:11.785896+00:00
SSQV014J,91.78,37,1,0.0,0.0,8.0,"decay-wtd trimmed median, hl=45.0d, 0 sold of 1",2026-09-15T23:53:11.785896+00:00
SSQV018,79.51,37,1,0.0,0.0,8.0,"decay-wtd trimmed median, hl=45.0d, 0 sold of 1",2026-09-15T23:53:11.785896+00:00
SSQV019,357.18,37,1,0.0,0.0,8.0,"decay-wtd trimmed median, hl=45.0d, 0 sold of 1",2026-09-15T23:53:11.785896+00:00
SSQV024,81.25,37,1,0.0,0.0,8.0,"decay-wtd trimmed median, hl=45.0d, 0 sold of 1",2026-09-15T23:53:11.785896+00:00
SSQV048J,111.07,37,1,0.0,0.0,8.0,"decay-wtd trimmed median, hl=45.0d, 0 sold of 1",2026-09-15T23:53:11.785896+00:00
SSQV060,104.06,37,1,0.0,0.0,8.0,"decay-wtd trimmed median, hl=45.0d, 0 sold of 1",2026-09-15T23:53:11.785896+00:00
SSQW019J,97.62,37,1,0.0,0.0,8.0,"decay-wtd trimmed median, hl=45.0d, 0 sold of 1",2026-09-15T23:53:11.785896+00:00
SSQW025J,284.11,37,1,0.0,0.0,8.0,"decay-wtd trimmed median, hl=45.0d, 0 sold of 1",2026-09-15T23:53:11.785896+00:00
SSQW042,279.43,37,1,0.0,0.0,8.0,"decay-wtd trimmed median, hl=45.0d, 0 sold of 1",2026-09-15T23:53:11.785896+00:00
SSQW096,424.41,37,1,0.0,0.0,8.0,"decay-wtd trimmed median, hl=45.0d, 0 sold of 1",2026-09-15T23:53:11.785896+00:00
SSVB099J,15.2,37,1,0.0,0.0,8.0,"decay-wtd trimmed median, hl=45.0d, 0 sold of 1",2026-09-15T23:53:11.785896+00:00
SSVD001J,18.7,37,1,0.0,0.0,8.0,"decay-wtd trimmed median, hl=45.0d, 0 sold of 1",2026-09-15T23:53:11.785896+00:00
SSVM001J,18.13,37,1,0.0,0.0,8.0,"decay-wtd trimmed median, hl=45.0d, 0 sold of 1",2026-09-15T23:53:11.785896+00:00
SSVN026J,25.72,37,1,0.0,0.0,8.0,"decay-wtd trimmed median, hl=45.0d, 0 sold of 1",2026-09-15T23:53:11.785896+00:00
SSVN030J,40.33,37,1,0.0,0.0,8.0,"decay-wtd trimmed median, hl=45.0d, 0 sold of 1",2026-09-15T23:53:11.785896+00:00
SSVR134J,247.86,37,1,0.0,0.0,8.0,"decay-wtd trimmed median, hl=45.0d, 0 sold of 1",2026-09-15T23:53:11.785896+00:00
SSVS029J,51.44,37,1,0.0,0.0,8.0,"decay-wtd trimmed median, hl=45.0d, 0 sold of 1",2026-09-15T23:53:11.785896+00:00
SSVV032,44.43,37,1,0.0,0.0,8.0,"decay-wtd trimmed median, hl=45.0d, 0 sold of 1",2026-09-15T23:53:11.785896+00:00
SSVV046,191.15,37,1,0.0,0.0,8.0,"decay-wtd trimmed median, hl=45.0d, 0 sold of 1",2026-09-15T23:53:11.785896+00:00
SSVW098J,51.44,37,1,0.0,0.0,8.0,"decay-wtd trimmed median, hl=45.0d, 0 sold of 1",2026-09-15T23:53:11.785896+00:00
SSVW102,269.49,37,1,0.0,0.0,8.0,"decay-wtd trimmed median, hl=45.0d, 0 sold of 1",2026-09-15T23:53:11.785896+00:00
SSVW123J,272.42,37,1,0.0,0.0,8.0,"decay-wtd trimmed median, hl=45.0d, 0 sold of 1",2026-09-15T23:53:11.785896+00:00
SSVW126J,262.47,37,1,0.0,0.0,8.0,"decay-wtd trimmed median, hl=45.0d, 0 sold of 1",2026-09-15T23:53:11.785896+00:00
SSVW128J,216.29,37,1,0.0,0.0,8.0,"decay-wtd trimmed median, hl=45.0d, 0 sold of 1",2026-09-15T23:53:11.785896+00:00
SSVW130J,36.83,37,1,0.0,0.0,8.0,"decay-wtd trimmed median, hl=45.0d, 0 sold of 1",2026-09-15T23:53:11.785896+00:00
SSVW146J,272.42,37,1,0.0,0.0,8.0,"decay-wtd trimmed median, hl=45.0d, 0 sold of 1",2026-09-15T23:53:11.785896+00:00
SSVW148J,36.83,37,1,0.0,0.0,8.0,"decay-wtd trimmed median, hl=45.0d, 0 sold of 1",2026-09-15T23:53:11.785896+00:00
SSVW156J,236.75,37,1,0.0,0.0,8.0,"decay-wtd trimmed median, hl=45.0d, 0 sold of 1",2026-09-15T23:53:11.785896+00:00
SSVW180J,279.43,37,1,0.0,0.0,8.0,"decay-wtd trimmed median, hl=45.0d, 0 sold of 1",2026-09-15T23:53:11.785896+00:00
SSVW204J,262.47,37,1,0.0,0.0,8.0,"decay-wtd trimmed median, hl=45.0d, 0 sold of 1",2026-09-15T23:53:11.785896+00:00
SSVW219J,249.61,37,1,0.0,0.0,8.0,"decay-wtd trimmed median, hl=45.0d, 0 sold of 1",2026-09-15T23:53:11.785896+00:00
SSVW230J,267.15,37,1,0.0,0.0,8.0,"decay-wtd trimmed median, hl=45.0d, 0 sold of 1",2026-09-15T23:53:11.785896+00:00
SSWA012J,147.9,37,1,0.0,0.0,8.0,"decay-wtd trimmed median, hl=45.0d, 0 sold of 1",2026-09-15T23:53:11.785896+00:00
SSWA018,147.9,37,1,0.0,0.0,8.0,"decay-wtd trimmed median, hl=45.0d, 0 sold of 1",2026-09-15T23:53:11.785896+00:00
STBF013,33.91,37,1,0.0,0.0,8.0,"decay-wtd trimmed median, hl=45.0d, 0 sold of 1",2026-09-15T23:53:11.785896+00:00
STBF019,37.41,37,1,0.0,0.0,8.0,"decay-wtd trimmed median, hl=45.0d, 0 sold of 1",2026-09-15T23:53:11.785896+00:00
STBF023,37.41,37,1,0.0,0.0,8.0,"decay-wtd trimmed median, hl=45.0d, 0 sold of 1",2026-09-15T23:53:11.785896+00:00
STBQ003,85.93,37,1,0.0,0.0,8.0,"decay-wtd trimmed median, hl=45.0d, 0 sold of 1",2026-09-15T23:53:11.785896+00:00
STBQ005,85.93,37,1,0.0,0.0,8.0,"decay-wtd trimmed median, hl=45.0d, 0 sold of 1",2026-09-15T23:53:11.785896+00:00
STBR003J,19.29,37,1,0.0,0.0,8.0,"decay-wtd trimmed median, hl=45.0d, 0 sold of 1",2026-09-15T23:53:11.785896+00:00
STBR023,88.85,37,1,0.0,0.0,8.0,"decay-wtd trimmed median, hl=45.0d, 0 sold of 1",2026-09-15T23:53:11.785896+00:00
STBR026,44.43,37,1,0.0,0.0,8.0,"decay-wtd trimmed median, hl=45.0d, 0 sold of 1",2026-09-15T23:53:11.785896+00:00
STGF089J,18.13,37,1,0.0,0.0,8.0,"decay-wtd trimmed median, hl=45.0d, 0 sold of 1",2026-09-15T23:53:11.785896+00:00
STGF099,18.13,37,1,0.0,0.0,8.0,"decay-wtd trimmed median, hl=45.0d, 0 sold of 1",2026-09-15T23:53:11.785896+00:00
STGF317J,25.14,37,1,0.0,0.0,8.0,"decay-wtd trimmed median, hl=45.0d, 0 sold of 1",2026-09-15T23:53:11.785896+00:00
STGF336J,29.23,37,1,0.0,0.0,8.0,"decay-wtd trimmed median, hl=45.0d, 0 sold of 1",2026-09-15T23:53:11.785896+00:00
STPX096,88.85,37,1,0.0,0.0,8.0,"decay-wtd trimmed median, hl=45.0d, 0 sold of 1",2026-09-15T23:53:11.785896+00:00
SUR581,478.95,37,1,0.0,0.0,9.1,"decay-wtd trimmed median, hl=45.0d, 0 sold of 1",2026-09-15T23:53:11.785896+00:00
SUR582,525.45,37,1,0.0,0.0,9.1,"decay-wtd trimmed median, hl=45.0d, 0 sold of 1",2026-09-15T23:53:11.785896+00:00
SWCW001,25.72,37,1,0.0,0.0,8.0,"decay-wtd trimmed median, hl=45.0d, 0 sold of 1",2026-09-15T23:53:11.785896+00:00
SWCW071,40.33,37,1,0.0,0.0,8.0,"decay-wtd trimmed median, hl=45.0d, 0 sold of 1",2026-09-15T23:53:11.785896+00:00
SWCW073,46.77,37,1,0.0,0.0,8.0,"decay-wtd trimmed median, hl=45.0d, 0 sold of 1",2026-09-15T23:53:11.785896+00:00
SWCW074,249.61,37,1,0.0,0.0,8.0,"decay-wtd trimmed median, hl=45.0d, 0 sold of 1",2026-09-15T23:53:11.785896+00:00
SWCW087,134.45,37,1,0.0,0.0,8.0,"decay-wtd trimmed median, hl=45.0d, 0 sold of 1",2026-09-15T23:53:11.785896+00:00
SWCW100J,111.07,37,1,0.0,0.0,8.0,"decay-wtd trimmed median, hl=45.0d, 0 sold of 1",2026-09-15T23:53:11.785896+00:00
SWCW108,26.31,37,1,0.0,0.0,8.0,"decay-wtd trimmed median, hl=45.0d, 0 sold of 1",2026-09-15T23:53:11.785896+00:00
SWCW126,83.6,37,1,0.0,0.0,8.0,"decay-wtd trimmed median, hl=45.0d, 0 sold of 1",2026-09-15T23:53:11.785896+00:00
SWCW131,81.25,37,1,0.0,0.0,8.0,"decay-wtd trimmed median, hl=45.0d, 0 sold of 1",2026-09-15T23:53:11.785896+00:00
SWCW134,91.78,37,1,0.0,0.0,8.0,"decay-wtd trimmed median, hl=45.0d, 0 sold of 1",2026-09-15T23:53:11.785896+00:00
SWDJ002,15.78,37,1,0.0,0.0,8.0,"decay-wtd trimmed median, hl=45.0d, 0 sold of 1",2026-09-15T23:53:11.785896+00:00
SWDX137J,18.13,37,1,0.0,0.0,8.0,"decay-wtd trimmed median, hl=45.0d, 0 sold of 1",2026-09-15T23:53:11.785896+00:00
SWFA025J,18.13,37,1,0.0,0.0,8.0,"decay-wtd trimmed median, hl=45.0d, 0 sold of 1",2026-09-15T23:53:11.785896+00:00
SWFA044J,43.25,37,1,0.0,0.0,8.0,"decay-wtd trimmed median, hl=45.0d, 0 sold of 1",2026-09-15T23:53:11.785896+00:00
SWFA161J,99.38,37,1,0.0,0.0,9.1,"decay-wtd trimmed median, hl=45.0d, 0 sold of 1",2026-09-15T23:53:11.785896+00:00
SWFA208,25.72,37,1,0.0,0.0,8.0,"decay-wtd trimmed median, hl=45.0d, 0 sold of 1",2026-09-15T23:53:11.785896+00:00
SWFH049J,88.85,37,1,0.0,0.0,9.1,"decay-wtd trimmed median, hl=45.0d, 0 sold of 1",2026-09-15T23:53:11.785896+00:00
SWFH051,88.85,37,1,0.0,0.0,9.1,"decay-wtd trimmed median, hl=45.0d, 0 sold of 1",2026-09-15T23:53:11.785896+00:00
SWFH061J,18.7,37,1,0.0,0.0,8.0,"decay-wtd trimmed median, hl=45.0d, 0 sold of 1",2026-09-15T23:53:11.785896+00:00
SWFH063J,18.7,37,1,0.0,0.0,9.1,"decay-wtd trimmed median, hl=45.0d, 0 sold of 1",2026-09-15T23:53:11.785896+00:00
SWFH066,20.46,37,1,0.0,0.0,8.0,"decay-wtd trimmed median, hl=45.0d, 0 sold of 1",2026-09-15T23:53:11.785896+00:00
SWFH112J,20.46,37,1,0.0,0.0,8.0,"decay-wtd trimmed median, hl=45.0d, 0 sold of 1",2026-09-15T23:53:11.785896+00:00
SWFH126,115.16,37,1,0.0,0.0,8.0,"decay-wtd trimmed median, hl=45.0d, 0 sold of 1",2026-09-15T23:53:11.785896+00:00
SWFH128,115.16,37,1,0.0,0.0,8.0,"decay-wtd trimmed median, hl=45.0d, 0 sold of 1",2026-09-15T23:53:11.785896+00:00
SWFH134,115.16,37,1,0.0,0.0,8.0,"decay-wtd trimmed median, hl=45.0d, 0 sold of 1",2026-09-15T23:53:11.785896+00:00
SWFH136,115.16,37,1,0.0,0.0,8.0,"decay-wtd trimmed median, hl=45.0d, 0 sold of 1",2026-09-15T23:53:11.785896+00:00
SZEC015,45.01,37,1,0.0,0.0,8.0,"decay-wtd trimmed median, hl=45.0d, 0 sold of 1",2026-09-15T23:53:11.785896+00:00
SZEC023,77.16,37,1,0.0,0.0,8.0,"decay-wtd trimmed median, hl=45.0d, 0 sold of 1",2026-09-15T23:53:11.785896+00:00
SZEC027,36.24,37,1,0.0,0.0,8.0,"decay-wtd trimmed median, hl=45.0d, 0 sold of 1",2026-09-15T23:53:11.785896+00:00
SZEC035,48.52,37,1,0.0,0.0,8.0,"decay-wtd trimmed median, hl=45.0d, 0 sold of 1",2026-09-15T23:53:11.785896+00:00
SZEC040,140.3,37,1,0.0,0.0,8.0,"decay-wtd trimmed median, hl=45.0d, 0 sold of 1",2026-09-15T23:53:11.785896+00:00
SZEL014,52.02,37,1,0.0,0.0,8.0,"decay-wtd trimmed median, hl=45.0d, 0 sold of 1",2026-09-15T23:53:11.785896+00:00
SZER035,51.44,37,1,0.0,0.0,8.0,"decay-wtd trimmed median, hl=45.0d, 0 sold of 1",2026-09-15T23:53:11.785896+00:00
SZER045,54.37,37,1,0.0,0.0,8.0,"decay-wtd trimmed median, hl=45.0d, 0 sold of 1",2026-09-15T23:53:11.785896+00:00
SZER048,18.7,37,1,0.0,0.0,8.0,"decay-wtd trimmed median, hl=45.0d, 0 sold of 1",2026-09-15T23:53:11.785896+00:00
SZER050,127.44,37,1,0.0,0.0,8.0,"decay-wtd trimmed median, hl=45.0d, 0 sold of 1",2026-09-15T23:53:11.785896+00:00
SZER054,127.44,37,1,0.0,0.0,8.0,"decay-wtd trimmed median, hl=45.0d, 0 sold of 1",2026-09-15T23:53:11.785896+00:00
SZER056,88.85,37,1,0.0,0.0,8.0,"decay-wtd trimmed median, hl=45.0d, 0 sold of 1",2026-09-15T23:53:11.785896+00:00
SZER057,127.44,37,1,0.0,0.0,8.0,"decay-wtd trimmed median, hl=45.0d, 0 sold of 1",2026-09-15T23:53:11.785896+00:00
SZER066,127.44,37,1,0.0,0.0,8.0,"decay-wtd trimmed median, hl=45.0d, 0 sold of 1",2026-09-15T23:53:11.785896+00:00
SZER067,191.15,37,1,0.0,0.0,8.0,"decay-wtd trimmed median, hl=45.0d, 0 sold of 1",2026-09-15T23:53:11.785896+00:00
SZER068,102.3,37,1,0.0,0.0,8.0,"decay-wtd trimmed median, hl=45.0d, 0 sold of 1",2026-09-15T23:53:11.785896+00:00
SZER070,115.16,37,1,0.0,0.0,8.0,"decay-wtd trimmed median, hl=45.0d, 0 sold of 1",2026-09-15T23:53:11.785896+00:00
SZER071,115.16,37,1,0.0,0.0,8.0,"decay-wtd trimmed median, hl=45.0d, 0 sold of 1",2026-09-15T23:53:11.785896+00:00
SZER072,203.43,37,1,0.0,0.0,8.0,"decay-wtd trimmed median, hl=45.0d, 0 sold of 1",2026-09-15T23:53:11.785896+00:00
SZER075,34.49,37,1,0.0,0.0,8.0,"decay-wtd trimmed median, hl=45.0d, 0 sold of 1",2026-09-15T23:53:11.785896+00:00
SZER085,127.44,37,1,0.0,0.0,8.0,"decay-wtd trimmed median, hl=45.0d, 0 sold of 1",2026-09-15T23:53:11.785896+00:00
SZER086,140.3,37,1,0.0,0.0,8.0,"decay-wtd trimmed median, hl=45.0d, 0 sold of 1",2026-09-15T23:53:11.785896+00:00
SZER087,140.3,37,1,0.0,0.0,8.0,"decay-wtd trimmed median, hl=45.0d, 0 sold of 1",2026-09-15T23:53:11.785896+00:00
SZER088,216.29,37,1,0.0,0.0,8.0,"decay-wtd trimmed median, hl=45.0d, 0 sold of 1",2026-09-15T23:53:11.785896+00:00
SZER092,115.16,37,1,0.0,0.0,8.0,"decay-wtd trimmed median, hl=45.0d, 0 sold of 1",2026-09-15T23:53:11.785896+00:00
SZER094,46.77,37,1,0.0,0.0,8.0,"decay-wtd trimmed median, hl=45.0d, 0 sold of 1",2026-09-15T23:53:11.785896+00:00
SZER099,140.3,37,1,0.0,0.0,8.0,"decay-wtd trimmed median, hl=45.0d, 0 sold of 1",2026-09-15T23:53:11.785896+00:00
SZER108,102.89,37,1,0.0,0.0,8.0,"decay-wtd trimmed median, hl=45.0d, 0 sold of 1",2026-09-15T23:53:11.785896+00:00
SZER109,113.4,37,1,0.0,0.0,8.0,"decay-wtd trimmed median, hl=45.0d, 0 sold of 1",2026-09-15T23:53:11.785896+00:00
SZER118,17.54,37,1,0.0,0.0,8.0,"decay-wtd trimmed median, hl=45.0d, 0 sold of 1",2026-09-15T23:53:11.785896+00:00
SZET003,102.89,37,1,0.0,0.0,8.0,"decay-wtd trimmed median, hl=45.0d, 0 sold of 1",2026-09-15T23:53:11.785896+00:00
SZEV009,140.3,37,1,0.0,0.0,8.0,"decay-wtd trimmed median, hl=45.0d, 0 sold of 1",2026-09-15T23:53:11.785896+00:00
SZEV014,33.91,37,1,0.0,0.0,8.0,"decay-wtd trimmed median, hl=45.0d, 0 sold of 1",2026-09-15T23:53:11.785896+00:00
SZEV017,249.61,37,1,0.0,0.0,8.0,"decay-wtd trimmed median, hl=45.0d, 0 sold of 1",2026-09-15T23:53:11.785896+00:00
SZFG002,61.97,37,1,0.0,0.0,8.0,"decay-wtd trimmed median, hl=45.0d, 0 sold of 1",2026-09-15T23:53:11.785896+00:00
SZLJ181,42.09,37,1,0.0,0.0,8.0,"decay-wtd trimmed median, hl=45.0d, 0 sold of 1",2026-09-15T23:53:11.785896+00:00
SZLJ183,54.37,37,1,0.0,0.0,8.0,"decay-wtd trimmed median, hl=45.0d, 0 sold of 1",2026-09-15T23:53:11.785896+00:00
SZLJ185,34.49,37,1,0.0,0.0,8.0,"decay-wtd trimmed median, hl=45.0d, 0 sold of 1",2026-09-15T23:53:11.785896+00:00
SZLJ187,45.01,37,1,0.0,0.0,8.0,"decay-wtd trimmed median, hl=45.0d, 0 sold of 1",2026-09-15T23:53:11.785896+00:00
SZLJ188,166.6,37,1,0.0,0.0,8.0,"decay-wtd trimmed median, hl=45.0d, 0 sold of 1",2026-09-15T23:53:11.785896+00:00
SZLJ191,25.72,37,1,0.0,0.0,8.0,"decay-wtd trimmed median, hl=45.0d, 0 sold of 1",2026-09-15T23:53:11.785896+00:00
SZLJ192,38.0,37,1,0.0,0.0,8.0,"decay-wtd trimmed median, hl=45.0d, 0 sold of 1",2026-09-15T23:53:11.785896+00:00
SZLJ202,72.48,37,1,0.0,0.0,8.0,"decay-wtd trimmed median, hl=45.0d, 0 sold of 1",2026-09-15T23:53:11.785896+00:00
SZLJ206,48.52,37,1,0.0,0.0,8.0,"decay-wtd trimmed median, hl=45.0d, 0 sold of 1",2026-09-15T23:53:11.785896+00:00
SZLJ215,50.28,37,1,0.0,0.0,8.0,"decay-wtd trimmed median, hl=45.0d, 0 sold of 1",2026-09-15T23:53:11.785896+00:00
SZLJ228,54.37,37,1,0.0,0.0,8.0,"decay-wtd trimmed median, hl=45.0d, 0 sold of 1",2026-09-15T23:53:11.785896+00:00
SZLJ234,48.52,37,1,0.0,0.0,8.0,"decay-wtd trimmed median, hl=45.0d, 0 sold of 1",2026-09-15T23:53:11.785896+00:00
SZLJ235,52.61,37,1,0.0,0.0,8.0,"decay-wtd trimmed median, hl=45.0d, 0 sold of 1",2026-09-15T23:53:11.785896+00:00
SZLJ240,75.41,37,1,0.0,0.0,8.0,"decay-wtd trimmed median, hl=45.0d, 0 sold of 1",2026-09-15T23:53:11.785896+00:00
SZLJ241,59.05,37,1,0.0,0.0,8.0,"decay-wtd trimmed median, hl=45.0d, 0 sold of 1",2026-09-15T23:53:11.785896+00:00
SZLJ242,68.98,37,1,0.0,0.0,8.0,"decay-wtd trimmed median, hl=45.0d, 0 sold of 1",2026-09-15T23:53:11.785896+00:00
SZLJ246,64.89,37,1,0.0,0.0,8.0,"decay-wtd trimmed median, hl=45.0d, 0 sold of 1",2026-09-15T23:53:11.785896+00:00
SZLJ250,63.14,37,1,0.0,0.0,8.0,"decay-wtd trimmed median, hl=45.0d, 0 sold of 1",2026-09-15T23:53:11.785896+00:00
SZLJ251,102.89,37,1,0.0,0.0,8.0,"decay-wtd trimmed median, hl=45.0d, 0 sold of 1",2026-09-15T23:53:11.785896+00:00
SZLJ267,67.81,37,1,0.0,0.0,8.0,"decay-wtd trimmed median, hl=45.0d, 0 sold of 1",2026-09-15T23:53:11.785896+00:00
SZLJ271,43.25,37,1,0.0,0.0,8.0,"decay-wtd trimmed median, hl=45.0d, 0 sold of 1",2026-09-15T23:53:11.785896+00:00
SZPH019,102.89,37,1,0.0,0.0,8.0,"decay-wtd trimmed median, hl=45.0d, 0 sold of 1",2026-09-15T23:53:11.785896+00:00
SZPH021,127.44,37,1,0.0,0.0,8.0,"decay-wtd trimmed median, hl=45.0d, 0 sold of 1",2026-09-15T23:53:11.785896+00:00
SZPH022,57.29,37,1,0.0,0.0,8.0,"decay-wtd trimmed median, hl=45.0d, 0 sold of 1",2026-09-15T23:53:11.785896+00:00
SZPH029,88.85,37,1,0.0,0.0,8.0,"decay-wtd trimmed median, hl=45.0d, 0 sold of 1",2026-09-15T23:53:11.785896+00:00
SZPH031,68.98,37,1,0.0,0.0,8.0,"decay-wtd trimmed median, hl=45.0d, 0 sold of 1",2026-09-15T23:53:11.785896+00:00
SZPH033,68.98,37,1,0.0,0.0,8.0,"decay-wtd trimmed median, hl=45.0d, 0 sold of 1",2026-09-15T23:53:11.785896+00:00
SZPW083,140.3,37,1,0.0,0.0,8.0,"decay-wtd trimmed median, hl=45.0d, 0 sold of 1",2026-09-15T23:53:11.785896+00:00
SZPW085,126.27,37,1,0.0,0.0,8.0,"decay-wtd trimmed median, hl=45.0d, 0 sold of 1",2026-09-15T23:53:11.785896+00:00
SZPW088,145.56,37,1,0.0,0.0,8.0,"decay-wtd trimmed median, hl=45.0d, 0 sold of 1",2026-09-15T23:53:11.785896+00:00
SZPW090,64.89,37,1,0.0,0.0,8.0,"decay-wtd trimmed median, hl=45.0d, 0 sold of 1",2026-09-15T23:53:11.785896+00:00
SZPW093,140.3,37,1,0.0,0.0,8.0,"decay-wtd trimmed median, hl=45.0d, 0 sold of 1",2026-09-15T23:53:11.785896+00:00
SZPW096,50.86,37,1,0.0,0.0,8.0,"decay-wtd trimmed median, hl=45.0d, 0 sold of 1",2026-09-15T23:53:11.785896+00:00
SZPW105,70.74,37,1,0.0,0.0,8.0,"decay-wtd trimmed median, hl=45.0d, 0 sold of 1",2026-09-15T23:53:11.785896+00:00
SZQV011,77.16,37,1,0.0,0.0,8.0,"decay-wtd trimmed median, hl=45.0d, 0 sold of 1",2026-09-15T23:53:11.785896+00:00
SZQV012,77.16,37,1,0.0,0.0,8.0,"decay-wtd trimmed median, hl=45.0d, 0 sold of 1",2026-09-15T23:53:11.785896+00:00
SZQV013,48.52,37,1,0.0,0.0,8.0,"decay-wtd trimmed median, hl=45.0d, 0 sold of 1",2026-09-15T23:53:11.785896+00:00
SZQV022,140.3,37,1,0.0,0.0,8.0,"decay-wtd trimmed median, hl=45.0d, 0 sold of 1",2026-09-15T23:53:11.785896+00:00
SZQV030,68.98,37,1,0.0,0.0,8.0,"decay-wtd trimmed median, hl=45.0d, 0 sold of 1",2026-09-15T23:53:11.785896+00:00
SZQV033,52.02,37,1,0.0,0.0,8.0,"decay-wtd trimmed median, hl=45.0d, 0 sold of 1",2026-09-15T23:53:11.785896+00:00
SZSB017J,173.04,37,1,0.0,0.0,8.0,"decay-wtd trimmed median, hl=45.0d, 0 sold of 1",2026-09-15T23:53:11.785896+00:00
SZSB018J,173.04,37,1,0.0,0.0,8.0,"decay-wtd trimmed median, hl=45.0d, 0 sold of 1",2026-09-15T23:53:11.785896+00:00
SZSB030,260.14,37,1,0.0,0.0,8.0,"decay-wtd trimmed median, hl=45.0d, 0 sold of 1",2026-09-15T23:53:11.785896+00:00
SZSB033,157.84,37,1,0.0,0.0,8.0,"decay-wtd trimmed median, hl=45.0d, 0 sold of 1",2026-09-15T23:53:11.785896+00:00
SZSF002,145.56,37,1,0.0,0.0,8.0,"decay-wtd trimmed median, hl=45.0d, 0 sold of 1",2026-09-15T23:53:11.785896+00:00
SZSF006,138.54,37,1,0.0,0.0,8.0,"decay-wtd trimmed median, hl=45.0d, 0 sold of 1",2026-09-15T23:53:11.785896+00:00
SZSF007,115.75,37,1,0.0,0.0,8.0,"decay-wtd trimmed median, hl=45.0d, 0 sold of 1",2026-09-15T23:53:11.785896+00:00
SZSF008,115.75,37,1,0.0,0.0,8.0,"decay-wtd trimmed median, hl=45.0d, 0 sold of 1",2026-09-15T23:53:11.785896+00:00
SZSF009,115.75,37,1,0.0,0.0,8.0,"decay-wtd trimmed median, hl=45.0d, 0 sold of 1",2026-09-15T23:53:11.785896+00:00
SZSF010,118.67,37,1,0.0,0.0,8.0,"decay-wtd trimmed median, hl=45.0d, 0 sold of 1",2026-09-15T23:53:11.785896+00:00
SZTR007,64.3,37,1,0.0,0.0,8.0,"decay-wtd trimmed median, hl=45.0d, 0 sold of 1",2026-09-15T23:53:11.785896+00:00
SZTR012,29.23,37,1,0.0,0.0,8.0,"decay-wtd trimmed median, hl=45.0d, 0 sold of 1",2026-09-15T23:53:11.785896+00:00
SZTR014,279.43,37,1,0.0,0.0,8.0,"decay-wtd trimmed median, hl=45.0d, 0 sold of 1",2026-09-15T23:53:11.785896+00:00
W1509751,10522.35,37,1,0.0,0.0,9.1,"decay-wtd trimmed median, hl=45.0d, 0 sold of 1",2026-09-15T23:53:11.785896+00:00
W3PN0014,12698.53,37,1,0.0,0.0,9.1,"decay-wtd trimmed median, hl=45.0d, 0 sold of 1",2026-09-15T23:53:11.785896+00:00
WAR201B,1071.36,37,1,0.0,0.0,8.0,"decay-wtd trimmed median, hl=45.0d, 0 sold of 1",2026-09-15T23:53:11.785896+00:00
WGBB0007,4438.64,37,1,0.0,0.0,9.1,"decay-wtd trimmed median, hl=45.0d, 0 sold of 1",2026-09-15T23:53:11.785896+00:00
WSBB0068,3971.26,37,1,0.0,0.0,10.1,"decay-wtd trimmed median, hl=45.0d, 0 sold of 1",2026-09-15T23:53:11.785896+00:00
522.21.42.20.04.001,7346.07,36,4,0.0,18.9,0.0,"decay-wtd trimmed median, hl=45.0d, 0 sold of 4",2026-09-15T23:53:11.785896+00:00
SBGW287,4743.0,36,4,0.0,19.2,0.0,"decay-wtd trimmed median, hl=45.0d, 0 sold of 4",2026-09-15T23:53:11.785896+00:00
STGK033,6138.0,36,4,0.0,18.5,0.0,"decay-wtd trimmed median, hl=45.0d, 0 sold of 4",2026-09-15T23:53:11.785896+00:00
215.32.46.21.04.001,10137.0,36,3,0.0,19.4,0.0,"decay-wtd trimmed median, hl=45.0d, 0 sold of 3",2026-09-15T23:53:11.785896+00:00
SSVW036J,36.83,36,3,0.0,19.0,0.0,"decay-wtd trimmed median, hl=45.0d, 0 sold of 4",2026-09-15T23:53:11.785896+00:00
116681,3932.55,36,2,0.0,0.0,13.0,"decay-wtd trimmed median, hl=45.0d, 0 sold of 2",2026-09-15T23:53:11.785896+00:00
126525LN,187063.93,36,2,0.0,3.7,0.0,"decay-wtd trimmed median, hl=45.0d, 0 sold of 2",2026-09-15T23:53:11.785896+00:00
16518WHA,26996.73,36,2,0.0,1.0,10.1,"decay-wtd trimmed median, hl=45.0d, 0 sold of 2",2026-09-15T23:53:11.785896+00:00
215.92.44.21.99.001,5952.0,36,2,0.0,3.7,0.0,"decay-wtd trimmed median, hl=45.0d, 0 sold of 2",2026-09-15T23:53:11.785896+00:00
25807KN,3825.95,36,2,0.0,4.2,0.0,"decay-wtd trimmed median, hl=45.0d, 0 sold of 2",2026-09-15T23:53:11.785896+00:00
268621,12912.99,36,2,0.0,4.1,0.0,"decay-wtd trimmed median, hl=45.0d, 0 sold of 2",2026-09-15T23:53:11.785896+00:00
433.13.41.21.10.001,2640.52,36,2,0.0,0.6,11.0,"decay-wtd trimmed median, hl=45.0d, 0 sold of 2",2026-09-15T23:53:11.785896+00:00
79733N,3624.26,36,2,0.0,3.6,0.0,"decay-wtd trimmed median, hl=45.0d, 0 sold of 2",2026-09-15T23:53:11.785896+00:00
A17328,2620.87,36,2,0.0,3.7,0.0,"decay-wtd trimmed median, hl=45.0d, 0 sold of 2",2026-09-15T23:53:11.785896+00:00
IW388111,4946.48,36,2,0.0,3.5,0.0,"decay-wtd trimmed median, hl=45.0d, 0 sold of 2",2026-09-15T23:53:11.785896+00:00
SARV006,20.46,36,2,0.0,4.5,0.0,"decay-wtd trimmed median, hl=45.0d, 0 sold of 2",2026-09-15T23:53:11.785896+00:00
SB0147101I1X1,4836.0,36,2,0.0,3.7,0.0,"decay-wtd trimmed median, hl=45.0d, 0 sold of 2",2026-09-15T23:53:11.785896+00:00
SBDC197,795.84,36,2,0.0,3.1,4.0,"decay-wtd trimmed median, hl=45.0d, 0 sold of 2",2026-09-15T23:53:11.785896+00:00
SBGA445,4676.6,36,2,0.0,4.2,0.0,"decay-wtd trimmed median, hl=45.0d, 0 sold of 2",2026-09-15T23:53:11.785896+00:00
SBGC205,3741.28,36,2,0.0,3.1,2.0,"decay-wtd trimmed median, hl=45.0d, 0 sold of 2",2026-09-15T23:53:11.785896+00:00
SBLA041J,46.77,36,2,0.0,4.2,0.0,"decay-wtd trimmed median, hl=45.0d, 0 sold of 2",2026-09-15T23:53:11.785896+00:00
SBPY019,18.7,36,2,0.0,4.5,0.0,"decay-wtd trimmed median, hl=45.0d, 0 sold of 2",2026-09-15T23:53:11.785896+00:00
SBPY055G,18.7,36,2,0.0,4.5,0.0,"decay-wtd trimmed median, hl=45.0d, 0 sold of 2",2026-09-15T23:53:11.785896+00:00
SBTM163,18.7,36,2,0.0,4.5,0.0,"decay-wtd trimmed median, hl=45.0d, 0 sold of 2",2026-09-15T23:53:11.785896+00:00
SBTM220,18.7,36,2,0.0,4.5,0.0,"decay-wtd trimmed median, hl=45.0d, 0 sold of 2",2026-09-15T23:53:11.785896+00:00
SDKA013,1870.64,36,2,0.0,4.3,0.0,"decay-wtd trimmed median, hl=45.0d, 0 sold of 2",2026-09-15T23:53:11.785896+00:00
SSDT064,18.7,36,2,0.0,4.5,0.0,"decay-wtd trimmed median, hl=45.0d, 0 sold of 2",2026-09-15T23:53:11.785896+00:00
SWFA171J,18.7,36,2,0.0,4.5,0.0,"decay-wtd trimmed median, hl=45.0d, 0 sold of 2",2026-09-15T23:53:11.785896+00:00
WDA2110,2532.31,36,2,0.0,0.6,11.0,"decay-wtd trimmed median, hl=45.0d, 0 sold of 2",2026-09-15T23:53:11.785896+00:00
WDA2112,2748.75,36,2,0.0,0.7,11.0,"decay-wtd trimmed median, hl=45.0d, 0 sold of 2",2026-09-15T23:53:11.785896+00:00
WDA2113,2802.85,36,2,0.0,0.3,11.0,"decay-wtd trimmed median, hl=45.0d, 0 sold of 2",2026-09-15T23:53:11.785896+00:00
WSTA0059,3041.31,36,2,0.0,3.5,0.0,"decay-wtd trimmed median, hl=45.0d, 0 sold of 2",2026-09-15T23:53:11.785896+00:00
116523G,16804.07,36,1,0.0,0.0,13.0,"decay-wtd trimmed median, hl=45.0d, 0 sold of 1",2026-09-15T23:53:11.785896+00:00
118206,31757.52,36,1,0.0,0.0,11.0,"decay-wtd trimmed median, hl=45.0d, 0 sold of 1",2026-09-15T23:53:11.785896+00:00
119901,6897.99,36,1,0.0,0.0,12.0,"decay-wtd trimmed median, hl=45.0d, 0 sold of 1",2026-09-15T23:53:11.785896+00:00
123.10.24.60.55.002,1286.71,36,1,0.0,0.0,13.0,"decay-wtd trimmed median, hl=45.0d, 0 sold of 1",2026-09-15T23:53:11.785896+00:00
123.10.35.20.01.001,2553.95,36,1,0.0,0.0,11.0,"decay-wtd trimmed median, hl=45.0d, 0 sold of 1",2026-09-15T23:53:11.785896+00:00
123.13.35.60.52.001,2106.62,36,1,0.0,0.0,11.0,"decay-wtd trimmed median, hl=45.0d, 0 sold of 1",2026-09-15T23:53:11.785896+00:00
123.15.24.60.03.001,2106.62,36,1,0.0,0.0,11.0,"decay-wtd trimmed median, hl=45.0d, 0 sold of 1",2026-09-15T23:53:11.785896+00:00
123.15.24.60.05.003,1531.29,36,1,0.0,0.0,13.0,"decay-wtd trimmed median, hl=45.0d, 0 sold of 1",2026-09-15T23:53:11.785896+00:00
123.15.24.60.55.005,1894.9,36,1,0.0,0.0,11.0,"decay-wtd trimmed median, hl=45.0d, 0 sold of 1",2026-09-15T23:53:11.785896+00:00
123.15.24.60.57.001,2775.8,36,1,0.0,0.0,11.0,"decay-wtd trimmed median, hl=45.0d, 0 sold of 1",2026-09-15T23:53:11.785896+00:00
123.15.27.60.52.001,2261.76,36,1,0.0,0.0,11.0,"decay-wtd trimmed median, hl=45.0d, 0 sold of 1",2026-09-15T23:53:11.785896+00:00
123.20.24.60.55.005,1583.86,36,1,0.0,0.0,13.0,"decay-wtd trimmed median, hl=45.0d, 0 sold of 1",2026-09-15T23:53:11.785896+00:00
123.20.24.60.55.006,1548.33,36,1,0.0,0.0,13.0,"decay-wtd trimmed median, hl=45.0d, 0 sold of 1",2026-09-15T23:53:11.785896+00:00
123.25.24.60.58.002,2856.96,36,1,0.0,0.0,11.0,"decay-wtd trimmed median, hl=45.0d, 0 sold of 1",2026-09-15T23:53:11.785896+00:00
15613,1591.84,36,1,0.0,0.0,13.0,"decay-wtd trimmed median, hl=45.0d, 0 sold of 1",2026-09-15T23:53:11.785896+00:00
168623,7675.84,36,1,0.0,0.0,13.0,"decay-wtd trimmed median, hl=45.0d, 0 sold of 1",2026-09-15T23:53:11.785896+00:00
18078,18998.68,36,1,0.0,0.0,11.0,"decay-wtd trimmed median, hl=45.0d, 0 sold of 1",2026-09-15T23:53:11.785896+00:00
20300,2106.62,36,1,0.0,0.0,11.0,"decay-wtd trimmed median, hl=45.0d, 0 sold of 1",2026-09-15T23:53:11.785896+00:00
232.90.38.20.03.001,3326.19,36,1,0.0,0.0,13.0,"decay-wtd trimmed median, hl=45.0d, 0 sold of 1",2026-09-15T23:53:11.785896+00:00
233.60.41.21.03.001,5487.0,36,1,0.0,0.0,12.0,"decay-wtd trimmed median, hl=45.0d, 0 sold of 1",2026-09-15T23:53:11.785896+00:00
3203,2196.6,36,1,0.0,0.0,11.0,"decay-wtd trimmed median, hl=45.0d, 0 sold of 1",2026-09-15T23:53:11.785896+00:00
326935,40594.31,36,1,0.0,0.0,13.0,"decay-wtd trimmed median, hl=45.0d, 0 sold of 1",2026-09-15T23:53:11.785896+00:00
424.18.27.60.51.001,2111.92,36,1,0.0,0.0,11.0,"decay-wtd trimmed median, hl=45.0d, 0 sold of 1",2026-09-15T23:53:11.785896+00:00
424.18.27.60.52.001,2159.55,36,1,0.0,0.0,11.0,"decay-wtd trimmed median, hl=45.0d, 0 sold of 1",2026-09-15T23:53:11.785896+00:00
424.18.27.60.55.001,2212.48,36,1,0.0,0.0,11.0,"decay-wtd trimmed median, hl=45.0d, 0 sold of 1",2026-09-15T23:53:11.785896+00:00
424.20.37.20.02.002,2911.07,36,1,0.0,0.0,11.0,"decay-wtd trimmed median, hl=45.0d, 0 sold of 1",2026-09-15T23:53:11.785896+00:00
424.20.37.20.13.001,2770.39,36,1,0.0,0.0,11.0,"decay-wtd trimmed median, hl=45.0d, 0 sold of 1",2026-09-15T23:53:11.785896+00:00
424.23.27.60.52.001,1583.86,36,1,0.0,0.0,13.0,"decay-wtd trimmed median, hl=45.0d, 0 sold of 1",2026-09-15T23:53:11.785896+00:00
428.17.39.60.02.001,2143.68,36,1,0.0,0.0,11.0,"decay-wtd trimmed median, hl=45.0d, 0 sold of 1",2026-09-15T23:53:11.785896+00:00
434.10.40.20.10.001,2694.63,36,1,0.0,0.0,11.0,"decay-wtd trimmed median, hl=45.0d, 0 sold of 1",2026-09-15T23:53:11.785896+00:00
434.13.28.60.53.002,1631.7,36,1,0.0,0.0,13.0,"decay-wtd trimmed median, hl=45.0d, 0 sold of 1",2026-09-15T23:53:11.785896+00:00
434.13.28.60.55.001,1637.01,36,1,0.0,0.0,13.0,"decay-wtd trimmed median, hl=45.0d, 0 sold of 1",2026-09-15T23:53:11.785896+00:00
434.13.30.60.51.001,1578.55,36,1,0.0,0.0,13.0,"decay-wtd trimmed median, hl=45.0d, 0 sold of 1",2026-09-15T23:53:11.785896+00:00
4520V210RB705,57317.15,36,1,0.0,0.0,11.0,"decay-wtd trimmed median, hl=45.0d, 0 sold of 1",2026-09-15T23:53:11.785896+00:00
5022R001,13737.5,36,1,0.0,0.0,13.0,"decay-wtd trimmed median, hl=45.0d, 0 sold of 1",2026-09-15T23:53:11.785896+00:00
51201G001,25335.04,36,1,0.0,0.0,11.0,"decay-wtd trimmed median, hl=45.0d, 0 sold of 1",2026-09-15T23:53:11.785896+00:00
6284,4772.26,36,1,0.0,0.0,11.0,"decay-wtd trimmed median, hl=45.0d, 0 sold of 1",2026-09-15T23:53:11.785896+00:00
69188BKB,12648.07,36,1,0.0,0.0,13.0,"decay-wtd trimmed median, hl=45.0d, 0 sold of 1",2026-09-15T23:53:11.785896+00:00
77410BC,60211.2,36,1,0.0,0.0,12.0,"decay-wtd trimmed median, hl=45.0d, 0 sold of 1",2026-09-15T23:53:11.785896+00:00
91001,9294.74,36,1,0.0,0.0,12.0,"decay-wtd trimmed median, hl=45.0d, 0 sold of 1",2026-09-15T23:53:11.785896+00:00
A11022,3085.83,36,1,0.0,0.0,13.0,"decay-wtd trimmed median, hl=45.0d, 0 sold of 1",2026-09-15T23:53:11.785896+00:00
A17328101L1A1,2640.52,36,1,0.0,0.0,11.0,"decay-wtd trimmed median, hl=45.0d, 0 sold of 1",2026-09-15T23:53:11.785896+00:00
A17378211B1A1,2759.56,36,1,0.0,0.0,11.0,"decay-wtd trimmed median, hl=45.0d, 0 sold of 1",2026-09-15T23:53:11.785896+00:00
A17395361L1A1,2640.52,36,1,0.0,0.0,11.0,"decay-wtd trimmed median, hl=45.0d, 0 sold of 1",2026-09-15T23:53:11.785896+00:00
A4435910,2212.48,36,1,0.0,0.0,11.0,"decay-wtd trimmed median, hl=45.0d, 0 sold of 1",2026-09-15T23:53:11.785896+00:00
A77310101B1A1,2101.33,36,1,0.0,0.0,11.0,"decay-wtd trimmed median, hl=45.0d, 0 sold of 1",2026-09-15T23:53:11.785896+00:00
AB011511,2829.91,36,1,0.0,0.0,11.0,"decay-wtd trimmed median, hl=45.0d, 0 sold of 1",2026-09-15T23:53:11.785896+00:00
AB2040101B1X1,2212.48,36,1,0.0,0.0,11.0,"decay-wtd trimmed median, hl=45.0d, 0 sold of 1",2026-09-15T23:53:11.785896+00:00
H64475131,700.77,36,1,0.0,0.0,13.0,"decay-wtd trimmed median, hl=45.0d, 0 sold of 1",2026-09-15T23:53:11.785896+00:00
H64475140,700.77,36,1,0.0,0.0,13.0,"decay-wtd trimmed median, hl=45.0d, 0 sold of 1",2026-09-15T23:53:11.785896+00:00
H64475160,700.9,36,1,0.0,0.0,13.0,"decay-wtd trimmed median, hl=45.0d, 0 sold of 1",2026-09-15T23:53:11.785896+00:00
HBC011J,1181.17,36,1,0.0,0.0,12.0,"decay-wtd trimmed median, hl=45.0d, 0 sold of 1",2026-09-15T23:53:11.785896+00:00
IW325502,2265.41,36,1,0.0,0.0,11.0,"decay-wtd trimmed median, hl=45.0d, 0 sold of 1",2026-09-15T23:53:11.785896+00:00
IW327016,3215.16,36,1,0.0,0.0,13.0,"decay-wtd trimmed median, hl=45.0d, 0 sold of 1",2026-09-15T23:53:11.785896+00:00
IW354805,2424.2,36,1,0.0,0.0,11.0,"decay-wtd trimmed median, hl=45.0d, 0 sold of 1",2026-09-15T23:53:11.785896+00:00
IW458101,2143.68,36,1,0.0,0.0,11.0,"decay-wtd trimmed median, hl=45.0d, 0 sold of 1",2026-09-15T23:53:11.785896+00:00
M80211,409.2,36,1,0.0,0.0,11.0,"decay-wtd trimmed median, hl=45.0d, 0 sold of 1",2026-09-15T23:53:11.785896+00:00
SARY052J,127.44,36,1,0.0,0.0,12.0,"decay-wtd trimmed median, hl=45.0d, 0 sold of 1",2026-09-15T23:53:11.785896+00:00
SARY056,42.68,36,1,0.0,0.0,12.0,"decay-wtd trimmed median, hl=45.0d, 0 sold of 1",2026-09-15T23:53:11.785896+00:00
SBGW037,7307.19,36,1,0.0,0.0,11.0,"decay-wtd trimmed median, hl=45.0d, 0 sold of 1",2026-09-15T23:53:11.785896+00:00
SRRY012,42.68,36,1,0.0,0.0,12.0,"decay-wtd trimmed median, hl=45.0d, 0 sold of 1",2026-09-15T23:53:11.785896+00:00
SSVW053,46.77,36,1,0.0,0.0,13.0,"decay-wtd trimmed median, hl=45.0d, 0 sold of 1",2026-09-15T23:53:11.785896+00:00
SSVW054,263.65,36,1,0.0,0.0,13.0,"decay-wtd trimmed median, hl=45.0d, 0 sold of 1",2026-09-15T23:53:11.785896+00:00
SSVW057J,121.59,36,1,0.0,0.0,13.0,"decay-wtd trimmed median, hl=45.0d, 0 sold of 1",2026-09-15T23:53:11.785896+00:00
SSVW058J,54.95,36,1,0.0,0.0,13.0,"decay-wtd trimmed median, hl=45.0d, 0 sold of 1",2026-09-15T23:53:11.785896+00:00
SSVW063,32.74,36,1,0.0,0.0,13.0,"decay-wtd trimmed median, hl=45.0d, 0 sold of 1",2026-09-15T23:53:11.785896+00:00
SWCW063,125.1,36,1,0.0,0.0,11.0,"decay-wtd trimmed median, hl=45.0d, 0 sold of 1",2026-09-15T23:53:11.785896+00:00
SWCW121,81.25,36,1,0.0,0.0,12.0,"decay-wtd trimmed median, hl=45.0d, 0 sold of 1",2026-09-15T23:53:11.785896+00:00
SWFH017J,18.7,36,1,0.0,0.0,11.0,"decay-wtd trimmed median, hl=45.0d, 0 sold of 1",2026-09-15T23:53:11.785896+00:00
SWFH037J,134.45,36,1,0.0,0.0,12.0,"decay-wtd trimmed median, hl=45.0d, 0 sold of 1",2026-09-15T23:53:11.785896+00:00
W1000654,990.07,36,1,0.0,0.0,13.0,"decay-wtd trimmed median, hl=45.0d, 0 sold of 1",2026-09-15T23:53:11.785896+00:00
W1014945,1695.27,36,1,0.0,0.0,11.0,"decay-wtd trimmed median, hl=45.0d, 0 sold of 1",2026-09-15T23:53:11.785896+00:00
W2RN0005,2802.85,36,1,0.0,0.0,11.0,"decay-wtd trimmed median, hl=45.0d, 0 sold of 1",2026-09-15T23:53:11.785896+00:00
WJBA0070,20328.79,36,1,0.0,0.0,13.0,"decay-wtd trimmed median, hl=45.0d, 0 sold of 1",2026-09-15T23:53:11.785896+00:00
X823109A1K1S1,2159.55,36,1,0.0,0.0,11.0,"decay-wtd trimmed median, hl=45.0d, 0 sold of 1",2026-09-15T23:53:11.785896+00:00
16800,10090.5,35,5,0.0,20.1,0.0,"decay-wtd trimmed median, hl=45.0d, 0 sold of 5",2026-09-15T23:53:11.785896+00:00
SBGH347,6789.0,35,4,0.0,19.9,0.0,"decay-wtd trimmed median, hl=45.0d, 0 sold of 4",2026-09-15T23:53:11.785896+00:00
SBGH349,7254.0,35,4,0.0,19.9,0.0,"decay-wtd trimmed median, hl=45.0d, 0 sold of 4",2026-09-15T23:53:11.785896+00:00
SBGJ265,7347.0,35,4,0.0,19.9,0.0,"decay-wtd trimmed median, hl=45.0d, 0 sold of 4",2026-09-15T23:53:11.785896+00:00
SBGJ273,7161.0,35,4,0.0,19.8,0.0,"decay-wtd trimmed median, hl=45.0d, 0 sold of 4",2026-09-15T23:53:11.785896+00:00
SBGW305,5580.0,35,4,0.0,19.7,0.0,"decay-wtd trimmed median, hl=45.0d, 0 sold of 4",2026-09-15T23:53:11.785896+00:00
126655,39654.11,35,3,0.0,19.9,0.0,"decay-wtd trimmed median, hl=45.0d, 0 sold of 3",2026-09-15T23:53:11.785896+00:00
SARF011J,158.42,35,3,0.0,19.6,0.0,"decay-wtd trimmed median, hl=45.0d, 0 sold of 3",2026-09-15T23:53:11.785896+00:00
SSDY005,25.72,35,3,0.0,20.5,0.0,"decay-wtd trimmed median, hl=45.0d, 0 sold of 3",2026-09-15T23:53:11.785896+00:00
SWFA125J,26.31,35,3,0.0,20.0,0.0,"decay-wtd trimmed median, hl=45.0d, 0 sold of 3",2026-09-15T23:53:11.785896+00:00
178384,13238.04,35,2,0.0,0.3,13.0,"decay-wtd trimmed median, hl=45.0d, 0 sold of 2",2026-09-15T23:53:11.785896+00:00
279173GST,16711.83,35,2,0.0,5.3,0.0,"decay-wtd trimmed median, hl=45.0d, 0 sold of 2",2026-09-15T23:53:11.785896+00:00
58211AR001,79502.17,35,2,0.0,3.2,5.0,"decay-wtd trimmed median, hl=45.0d, 0 sold of 2",2026-09-15T23:53:11.785896+00:00
67650ST,27409.76,35,2,0.0,5.0,0.0,"decay-wtd trimmed median, hl=45.0d, 0 sold of 2",2026-09-15T23:53:11.785896+00:00
79012M,5115.0,35,2,0.0,4.8,0.0,"decay-wtd trimmed median, hl=45.0d, 0 sold of 2",2026-09-15T23:53:11.785896+00:00
IW328801,3906.0,35,2,0.0,5.1,0.0,"decay-wtd trimmed median, hl=45.0d, 0 sold of 2",2026-09-15T23:53:11.785896+00:00
IW351320,1519.9,35,2,0.0,3.7,5.0,"decay-wtd trimmed median, hl=45.0d, 0 sold of 2",2026-09-15T23:53:11.785896+00:00
Q2608442,6691.42,35,2,0.0,0.2,13.0,"decay-wtd trimmed median, hl=45.0d, 0 sold of 2",2026-09-15T23:53:11.785896+00:00
SAGA157,107.56,35,2,0.0,4.7,0.0,"decay-wtd trimmed median, hl=45.0d, 0 sold of 2",2026-09-15T23:53:11.785896+00:00
SBGH255,3975.11,35,2,0.0,4.9,0.0,"decay-wtd trimmed median, hl=45.0d, 0 sold of 2",2026-09-15T23:53:11.785896+00:00
SPB289,813.75,35,2,0.0,5.1,0.0,"decay-wtd trimmed median, hl=45.0d, 0 sold of 2",2026-09-15T23:53:11.785896+00:00
SSJ014,1953.0,35,2,0.0,4.5,0.0,"decay-wtd trimmed median, hl=45.0d, 0 sold of 2",2026-09-15T23:53:11.785896+00:00
W2601556,5553.46,35,2,0.0,4.7,0.0,"decay-wtd trimmed median, hl=45.0d, 0 sold of 2",2026-09-15T23:53:11.785896+00:00
W2SA0034,8810.36,35,2,0.0,0.2,13.0,"decay-wtd trimmed median, hl=45.0d, 0 sold of 2",2026-09-15T23:53:11.785896+00:00
WGTA0357,14944.15,35,2,0.0,0.2,13.0,"decay-wtd trimmed median, hl=45.0d, 0 sold of 2",2026-09-15T23:53:11.785896+00:00
X82310E51B1S2,2371.28,35,2,0.0,1.7,11.0,"decay-wtd trimmed median, hl=45.0d, 0 sold of 2",2026-09-15T23:53:11.785896+00:00
00011,1653.59,35,1,0.0,0.0,14.0,"decay-wtd trimmed median, hl=45.0d, 0 sold of 1",2026-09-15T23:53:11.785896+00:00
121.32.44.52.01.001,4276.76,35,1,0.0,0.0,14.5,"decay-wtd trimmed median, hl=45.0d, 0 sold of 1",2026-09-15T23:53:11.785896+00:00
123.15.35.20.02.001,4329.69,35,1,0.0,0.0,14.5,"decay-wtd trimmed median, hl=45.0d, 0 sold of 1",2026-09-15T23:53:11.785896+00:00
123.25.38.22.02.001,4393.21,35,1,0.0,0.0,14.5,"decay-wtd trimmed median, hl=45.0d, 0 sold of 1",2026-09-15T23:53:11.785896+00:00
131.23.39.20.58.001,4541.41,35,1,0.0,0.0,14.5,"decay-wtd trimmed median, hl=45.0d, 0 sold of 1",2026-09-15T23:53:11.785896+00:00
15050SA,22131.77,35,1,0.0,0.0,16.0,"decay-wtd trimmed median, hl=45.0d, 0 sold of 1",2026-09-15T23:53:11.785896+00:00
16203,8396.63,35,1,0.0,0.0,15.0,"decay-wtd trimmed median, hl=45.0d, 0 sold of 1",2026-09-15T23:53:11.785896+00:00
179174NG,7812.64,35,1,0.0,0.0,14.0,"decay-wtd trimmed median, hl=45.0d, 0 sold of 1",2026-09-15T23:53:11.785896+00:00
210.22.42.20.01.004,7014.9,35,1,0.0,0.0,15.0,"decay-wtd trimmed median, hl=45.0d, 0 sold of 1",2026-09-15T23:53:11.785896+00:00
231.10.39.21.54.001,2455.22,35,1,0.0,0.0,15.0,"decay-wtd trimmed median, hl=45.0d, 0 sold of 1",2026-09-15T23:53:11.785896+00:00
231.10.43.22.01.002,4329.69,35,1,0.0,0.0,14.5,"decay-wtd trimmed median, hl=45.0d, 0 sold of 1",2026-09-15T23:53:11.785896+00:00
231.18.30.20.55.001,4541.41,35,1,0.0,0.0,14.5,"decay-wtd trimmed median, hl=45.0d, 0 sold of 1",2026-09-15T23:53:11.785896+00:00
26238ST,35629.49,35,1,0.0,0.0,14.0,"decay-wtd trimmed median, hl=45.0d, 0 sold of 1",2026-09-15T23:53:11.785896+00:00
304.33.44.52.01.001,5590.41,35,1,0.0,0.0,14.0,"decay-wtd trimmed median, hl=45.0d, 0 sold of 1",2026-09-15T23:53:11.785896+00:00
329.33.43.51.02.001,4488.49,35,1,0.0,0.0,14.5,"decay-wtd trimmed median, hl=45.0d, 0 sold of 1",2026-09-15T23:53:11.785896+00:00
3590,5068.5,35,1,0.0,0.0,14.5,"decay-wtd trimmed median, hl=45.0d, 0 sold of 1",2026-09-15T23:53:11.785896+00:00
405.035,63142.02,35,1,0.0,0.0,16.0,"decay-wtd trimmed median, hl=45.0d, 0 sold of 1",2026-09-15T23:53:11.785896+00:00
424.10.33.20.01.001,1371.32,35,1,0.0,0.0,16.0,"decay-wtd trimmed median, hl=45.0d, 0 sold of 1",2026-09-15T23:53:11.785896+00:00
424.20.37.20.02.001,2932.34,35,1,0.0,0.0,14.5,"decay-wtd trimmed median, hl=45.0d, 0 sold of 1",2026-09-15T23:53:11.785896+00:00
424.20.37.20.03.001,2932.34,35,1,0.0,0.0,14.5,"decay-wtd trimmed median, hl=45.0d, 0 sold of 1",2026-09-15T23:53:11.785896+00:00
424.20.37.20.08.001,2953.51,35,1,0.0,0.0,14.5,"decay-wtd trimmed median, hl=45.0d, 0 sold of 1",2026-09-15T23:53:11.785896+00:00
424.25.24.60.55.001,4242.35,35,1,0.0,0.0,14.5,"decay-wtd trimmed median, hl=45.0d, 0 sold of 1",2026-09-15T23:53:11.785896+00:00
433.10.41.22.02.001,4276.76,35,1,0.0,0.0,14.5,"decay-wtd trimmed median, hl=45.0d, 0 sold of 1",2026-09-15T23:53:11.785896+00:00
4946G001,36872.5,35,1,0.0,0.0,14.0,"decay-wtd trimmed median, hl=45.0d, 0 sold of 1",2026-09-15T23:53:11.785896+00:00
522.20.42.30.06.001,6786.8,35,1,0.0,0.0,14.0,"decay-wtd trimmed median, hl=45.0d, 0 sold of 1",2026-09-15T23:53:11.785896+00:00
522.30.38.50.04.001,5318.5,35,1,0.0,0.0,14.0,"decay-wtd trimmed median, hl=45.0d, 0 sold of 1",2026-09-15T23:53:11.785896+00:00
522.30.42.30.06.001,5916.7,35,1,0.0,0.0,14.0,"decay-wtd trimmed median, hl=45.0d, 0 sold of 1",2026-09-15T23:53:11.785896+00:00
522.32.40.20.01.002,2953.51,35,1,0.0,0.0,14.5,"decay-wtd trimmed median, hl=45.0d, 0 sold of 1",2026-09-15T23:53:11.785896+00:00
6420,4225.16,35,1,0.0,0.0,16.0,"decay-wtd trimmed median, hl=45.0d, 0 sold of 1",2026-09-15T23:53:11.785896+00:00
6718,2646.03,35,1,0.0,0.0,15.0,"decay-wtd trimmed median, hl=45.0d, 0 sold of 1",2026-09-15T23:53:11.785896+00:00
692717,438.43,35,1,0.0,0.0,14.0,"decay-wtd trimmed median, hl=45.0d, 0 sold of 1",2026-09-15T23:53:11.785896+00:00
73001200R0,35542.14,35,1,0.0,0.0,14.0,"decay-wtd trimmed median, hl=45.0d, 0 sold of 1",2026-09-15T23:53:11.785896+00:00
A68362,1653.59,35,1,0.0,0.0,14.0,"decay-wtd trimmed median, hl=45.0d, 0 sold of 1",2026-09-15T23:53:11.785896+00:00
AB01471A1C1A1,4541.41,35,1,0.0,0.0,14.5,"decay-wtd trimmed median, hl=45.0d, 0 sold of 1",2026-09-15T23:53:11.785896+00:00
AB01762A1L1A1,4382.62,35,1,0.0,0.0,14.5,"decay-wtd trimmed median, hl=45.0d, 0 sold of 1",2026-09-15T23:53:11.785896+00:00
AB2010161C1A1,3276.8,35,1,0.0,0.0,14.0,"decay-wtd trimmed median, hl=45.0d, 0 sold of 1",2026-09-15T23:53:11.785896+00:00
E17369241,4185.0,35,1,0.0,0.0,14.0,"decay-wtd trimmed median, hl=45.0d, 0 sold of 1",2026-09-15T23:53:11.785896+00:00
EB0148101C1X1,4329.69,35,1,0.0,0.0,14.5,"decay-wtd trimmed median, hl=45.0d, 0 sold of 1",2026-09-15T23:53:11.785896+00:00
IW328802,4276.76,35,1,0.0,0.0,14.5,"decay-wtd trimmed median, hl=45.0d, 0 sold of 1",2026-09-15T23:53:11.785896+00:00
IW358305,3585.24,35,1,0.0,0.0,16.0,"decay-wtd trimmed median, hl=45.0d, 0 sold of 1",2026-09-15T23:53:11.785896+00:00
IW371222,9002.46,35,1,0.0,0.0,16.0,"decay-wtd trimmed median, hl=45.0d, 0 sold of 1",2026-09-15T23:53:11.785896+00:00
IW377710,3219.86,35,1,0.0,0.0,14.0,"decay-wtd trimmed median, hl=45.0d, 0 sold of 1",2026-09-15T23:53:11.785896+00:00
IW510116,4393.21,35,1,0.0,0.0,14.5,"decay-wtd trimmed median, hl=45.0d, 0 sold of 1",2026-09-15T23:53:11.785896+00:00
Q1628120,4514.95,35,1,0.0,0.0,14.5,"decay-wtd trimmed median, hl=45.0d, 0 sold of 1",2026-09-15T23:53:11.785896+00:00
SABQ002,21.05,35,1,0.0,0.0,16.0,"decay-wtd trimmed median, hl=45.0d, 0 sold of 1",2026-09-15T23:53:11.785896+00:00
SARG013J,258.97,35,1,0.0,0.0,14.0,"decay-wtd trimmed median, hl=45.0d, 0 sold of 1",2026-09-15T23:53:11.785896+00:00
SBDC061,391.81,35,1,0.0,0.0,16.0,"decay-wtd trimmed median, hl=45.0d, 0 sold of 1",2026-09-15T23:53:11.785896+00:00
SBDC101,696.57,35,1,0.0,0.0,16.0,"decay-wtd trimmed median, hl=45.0d, 0 sold of 1",2026-09-15T23:53:11.785896+00:00
SBDC133J,88.85,35,1,0.0,0.0,15.0,"decay-wtd trimmed median, hl=45.0d, 0 sold of 1",2026-09-15T23:53:11.785896+00:00
SBDC211,641.22,35,1,0.0,0.0,14.0,"decay-wtd trimmed median, hl=45.0d, 0 sold of 1",2026-09-15T23:53:11.785896+00:00
SBEJ013,1371.32,35,1,0.0,0.0,14.0,"decay-wtd trimmed median, hl=45.0d, 0 sold of 1",2026-09-15T23:53:11.785896+00:00
SBEJ021,993.78,35,1,0.0,0.0,14.5,"decay-wtd trimmed median, hl=45.0d, 0 sold of 1",2026-09-15T23:53:11.785896+00:00
SBGA293G,192.91,35,1,0.0,0.0,16.0,"decay-wtd trimmed median, hl=45.0d, 0 sold of 1",2026-09-15T23:53:11.785896+00:00
SBGC221,6433.55,35,1,0.0,0.0,15.0,"decay-wtd trimmed median, hl=45.0d, 0 sold of 1",2026-09-15T23:53:11.785896+00:00
SBGM009,2953.51,35,1,0.0,0.0,14.5,"decay-wtd trimmed median, hl=45.0d, 0 sold of 1",2026-09-15T23:53:11.785896+00:00
SBGT035,1284.85,35,1,0.0,0.0,15.0,"decay-wtd trimmed median, hl=45.0d, 0 sold of 1",2026-09-15T23:53:11.785896+00:00
SBGX004,1541.92,35,1,0.0,0.0,14.0,"decay-wtd trimmed median, hl=45.0d, 0 sold of 1",2026-09-15T23:53:11.785896+00:00
SBGX031,1377.11,35,1,0.0,0.0,14.0,"decay-wtd trimmed median, hl=45.0d, 0 sold of 1",2026-09-15T23:53:11.785896+00:00
SBXB137,1101.88,35,1,0.0,0.0,14.5,"decay-wtd trimmed median, hl=45.0d, 0 sold of 1",2026-09-15T23:53:11.785896+00:00
SBXB170,1180.59,35,1,0.0,0.0,14.5,"decay-wtd trimmed median, hl=45.0d, 0 sold of 1",2026-09-15T23:53:11.785896+00:00
SBXC055,542.3,35,1,0.0,0.0,14.0,"decay-wtd trimmed median, hl=45.0d, 0 sold of 1",2026-09-15T23:53:11.785896+00:00
SBXC073,1227.61,35,1,0.0,0.0,16.0,"decay-wtd trimmed median, hl=45.0d, 0 sold of 1",2026-09-15T23:53:11.785896+00:00
SDGA001J,19.26,35,1,0.0,0.0,16.0,"decay-wtd trimmed median, hl=45.0d, 0 sold of 1",2026-09-15T23:53:11.785896+00:00
SPB433,1162.5,35,1,0.0,0.0,14.0,"decay-wtd trimmed median, hl=45.0d, 0 sold of 1",2026-09-15T23:53:11.785896+00:00
SSDE012,21.63,35,1,0.0,0.0,14.5,"decay-wtd trimmed median, hl=45.0d, 0 sold of 1",2026-09-15T23:53:11.785896+00:00
SSEA001,12.86,35,1,0.0,0.0,14.0,"decay-wtd trimmed median, hl=45.0d, 0 sold of 1",2026-09-15T23:53:11.785896+00:00
SSQW034J,85.35,35,1,0.0,0.0,16.0,"decay-wtd trimmed median, hl=45.0d, 0 sold of 1",2026-09-15T23:53:11.785896+00:00
SSVH028,291.12,35,1,0.0,0.0,14.0,"decay-wtd trimmed median, hl=45.0d, 0 sold of 1",2026-09-15T23:53:11.785896+00:00
SSVV015,32.74,35,1,0.0,0.0,14.0,"decay-wtd trimmed median, hl=45.0d, 0 sold of 1",2026-09-15T23:53:11.785896+00:00
SSVV016,34.49,35,1,0.0,0.0,14.5,"decay-wtd trimmed median, hl=45.0d, 0 sold of 1",2026-09-15T23:53:11.785896+00:00
SSVW027,254.29,35,1,0.0,0.0,14.5,"decay-wtd trimmed median, hl=45.0d, 0 sold of 1",2026-09-15T23:53:11.785896+00:00
SSVW030J,49.69,35,1,0.0,0.0,14.5,"decay-wtd trimmed median, hl=45.0d, 0 sold of 1",2026-09-15T23:53:11.785896+00:00
SSVW069,59.05,35,1,0.0,0.0,14.5,"decay-wtd trimmed median, hl=45.0d, 0 sold of 1",2026-09-15T23:53:11.785896+00:00
W51028Q3,2412.21,35,1,0.0,0.0,14.0,"decay-wtd trimmed median, hl=45.0d, 0 sold of 1",2026-09-15T23:53:11.785896+00:00
W6920100,3624.37,35,1,0.0,0.0,16.0,"decay-wtd trimmed median, hl=45.0d, 0 sold of 1",2026-09-15T23:53:11.785896+00:00
WE801031,4393.21,35,1,0.0,0.0,14.5,"decay-wtd trimmed median, hl=45.0d, 0 sold of 1",2026-09-15T23:53:11.785896+00:00
WSTA0105,4329.69,35,1,0.0,0.0,14.5,"decay-wtd trimmed median, hl=45.0d, 0 sold of 1",2026-09-15T23:53:11.785896+00:00
1665,15315.86,34,5,0.0,20.6,0.0,"decay-wtd trimmed median, hl=45.0d, 0 sold of 6",2026-09-15T23:53:11.785896+00:00
215.32.44.21.01.002,5672.07,34,5,0.0,21.3,0.0,"decay-wtd trimmed median, hl=45.0d, 0 sold of 5",2026-09-15T23:53:11.785896+00:00
SBGM247,4432.96,34,5,0.0,20.9,0.0,"decay-wtd trimmed median, hl=45.0d, 0 sold of 5",2026-09-15T23:53:11.785896+00:00
16613LB,11155.04,34,3,0.0,12.8,23.1,"decay-wtd trimmed median, hl=45.0d, 0 sold of 3",2026-09-15T23:53:11.785896+00:00
79250BB,3507.45,34,3,0.0,19.4,5.0,"decay-wtd trimmed median, hl=45.0d, 0 sold of 3",2026-09-15T23:53:11.785896+00:00
SBGF001,19.87,34,3,0.0,20.6,0.0,"decay-wtd trimmed median, hl=45.0d, 0 sold of 3",2026-09-15T23:53:11.785896+00:00
SBSA048,22.22,34,3,0.0,18.4,8.0,"decay-wtd trimmed median, hl=45.0d, 0 sold of 3",2026-09-15T23:53:11.785896+00:00
116621,12100.7,34,2,0.0,6.3,0.0,"decay-wtd trimmed median, hl=45.0d, 0 sold of 2",2026-09-15T23:53:11.785896+00:00
140.029,59187.14,34,2,0.0,0.9,14.0,"decay-wtd trimmed median, hl=45.0d, 0 sold of 2",2026-09-15T23:53:11.785896+00:00
16718RG,35951.34,34,2,0.0,6.3,0.0,"decay-wtd trimmed median, hl=45.0d, 0 sold of 2",2026-09-15T23:53:11.785896+00:00
178158,38921.71,34,2,0.0,0.2,18.8,"decay-wtd trimmed median, hl=45.0d, 0 sold of 2",2026-09-15T23:53:11.785896+00:00
212.30.41.20.01.003,2888.38,34,2,0.0,5.7,0.0,"decay-wtd trimmed median, hl=45.0d, 0 sold of 2",2026-09-15T23:53:11.785896+00:00
215.30.44.21.04.001,4435.55,34,2,0.0,1.6,14.5,"decay-wtd trimmed median, hl=45.0d, 0 sold of 2",2026-09-15T23:53:11.785896+00:00
215.32.44.21.01.001,4329.69,34,2,0.0,1.5,14.5,"decay-wtd trimmed median, hl=45.0d, 0 sold of 2",2026-09-15T23:53:11.785896+00:00
215.32.46.21.06.001,8369.07,34,2,0.0,1.2,13.0,"decay-wtd trimmed median, hl=45.0d, 0 sold of 2",2026-09-15T23:53:11.785896+00:00
222.32.38.50.01.001,2196.83,34,2,0.0,4.1,6.0,"decay-wtd trimmed median, hl=45.0d, 0 sold of 2",2026-09-15T23:53:11.785896+00:00
231.10.39.60.06.001,1981.45,34,2,0.0,4.2,6.0,"decay-wtd trimmed median, hl=45.0d, 0 sold of 2",2026-09-15T23:53:11.785896+00:00
232.30.42.21.01.001,2952.1,34,2,0.0,4.3,5.0,"decay-wtd trimmed median, hl=45.0d, 0 sold of 2",2026-09-15T23:53:11.785896+00:00
26420SO,25441.8,34,2,0.0,5.5,0.0,"decay-wtd trimmed median, hl=45.0d, 0 sold of 2",2026-09-15T23:53:11.785896+00:00
279171NG,17732.24,34,2,0.0,0.2,18.8,"decay-wtd trimmed median, hl=45.0d, 0 sold of 2",2026-09-15T23:53:11.785896+00:00
31039,5728.84,34,2,0.0,4.9,4.0,"decay-wtd trimmed median, hl=45.0d, 0 sold of 2",2026-09-15T23:53:11.785896+00:00
331.10.42.51.01.002,4807.76,34,2,0.0,6.2,0.0,"decay-wtd trimmed median, hl=45.0d, 0 sold of 2",2026-09-15T23:53:11.785896+00:00
424.10.40.20.02.005,1712.24,34,2,0.0,4.2,6.0,"decay-wtd trimmed median, hl=45.0d, 0 sold of 2",2026-09-15T23:53:11.785896+00:00
433.33.41.21.03.001,2627.58,34,2,0.0,4.1,6.0,"decay-wtd trimmed median, hl=45.0d, 0 sold of 2",2026-09-15T23:53:11.785896+00:00
5512,43550.82,34,2,0.0,6.2,0.0,"decay-wtd trimmed median, hl=45.0d, 0 sold of 2",2026-09-15T23:53:11.785896+00:00
5980R001,114153.31,34,2,0.0,5.5,0.0,"decay-wtd trimmed median, hl=45.0d, 0 sold of 2",2026-09-15T23:53:11.785896+00:00
6265,71610.0,34,2,0.0,6.4,0.0,"decay-wtd trimmed median, hl=45.0d, 0 sold of 2",2026-09-15T23:53:11.785896+00:00
A13385101B1A1,2829.91,34,2,0.0,2.8,11.0,"decay-wtd trimmed median, hl=45.0d, 0 sold of 2",2026-09-15T23:53:11.785896+00:00
A17375,2519.9,34,2,0.0,4.0,6.0,"decay-wtd trimmed median, hl=45.0d, 0 sold of 2",2026-09-15T23:53:11.785896+00:00
AB01181A1Q1X2,4738.27,34,2,0.0,4.0,6.0,"decay-wtd trimmed median, hl=45.0d, 0 sold of 2",2026-09-15T23:53:11.785896+00:00
AB0147101B1A1,4750.47,34,2,0.0,6.3,0.0,"decay-wtd trimmed median, hl=45.0d, 0 sold of 2",2026-09-15T23:53:11.785896+00:00
IW323902,4835.18,34,2,0.0,4.2,6.0,"decay-wtd trimmed median, hl=45.0d, 0 sold of 2",2026-09-15T23:53:11.785896+00:00
IW356527,2864.42,34,2,0.0,3.8,7.0,"decay-wtd trimmed median, hl=45.0d, 0 sold of 2",2026-09-15T23:53:11.785896+00:00
IW371928,2358.36,34,2,0.0,4.2,6.0,"decay-wtd trimmed median, hl=45.0d, 0 sold of 2",2026-09-15T23:53:11.785896+00:00
IW378001,4189.05,34,2,0.0,4.1,6.0,"decay-wtd trimmed median, hl=45.0d, 0 sold of 2",2026-09-15T23:53:11.785896+00:00
Q2518140,4835.18,34,2,0.0,4.0,6.0,"decay-wtd trimmed median, hl=45.0d, 0 sold of 2",2026-09-15T23:53:11.785896+00:00
SADW006,21.05,34,2,0.0,5.9,0.0,"decay-wtd trimmed median, hl=45.0d, 0 sold of 2",2026-09-15T23:53:11.785896+00:00
SARZ008,18.13,34,2,0.0,6.0,0.0,"decay-wtd trimmed median, hl=45.0d, 0 sold of 2",2026-09-15T23:53:11.785896+00:00
SBEF057J,20.46,34,2,0.0,6.0,0.0,"decay-wtd trimmed median, hl=45.0d, 0 sold of 2",2026-09-15T23:53:11.785896+00:00
SBGN001,2681.42,34,2,0.0,1.5,14.0,"decay-wtd trimmed median, hl=45.0d, 0 sold of 2",2026-09-15T23:53:11.785896+00:00
SBGR031,1600.41,34,2,0.0,1.1,14.0,"decay-wtd trimmed median, hl=45.0d, 0 sold of 2",2026-09-15T23:53:11.785896+00:00
SBGT241,2842.95,34,2,0.0,4.2,6.0,"decay-wtd trimmed median, hl=45.0d, 0 sold of 2",2026-09-15T23:53:11.785896+00:00
SBGV011,2466.05,34,2,0.0,3.7,6.0,"decay-wtd trimmed median, hl=45.0d, 0 sold of 2",2026-09-15T23:53:11.785896+00:00
SBGW253,4458.27,34,2,0.0,4.2,6.0,"decay-wtd trimmed median, hl=45.0d, 0 sold of 2",2026-09-15T23:53:11.785896+00:00
SBGX071,1335.33,34,2,0.0,4.1,6.0,"decay-wtd trimmed median, hl=45.0d, 0 sold of 2",2026-09-15T23:53:11.785896+00:00
SBQK057J,39.16,34,2,0.0,6.3,0.0,"decay-wtd trimmed median, hl=45.0d, 0 sold of 2",2026-09-15T23:53:11.785896+00:00
SBXY077,635.36,34,2,0.0,4.1,6.0,"decay-wtd trimmed median, hl=45.0d, 0 sold of 2",2026-09-15T23:53:11.785896+00:00
SBXY101,581.51,34,2,0.0,4.0,6.0,"decay-wtd trimmed median, hl=45.0d, 0 sold of 2",2026-09-15T23:53:11.785896+00:00
SPB525,790.5,34,2,0.0,5.6,0.0,"decay-wtd trimmed median, hl=45.0d, 0 sold of 2",2026-09-15T23:53:11.785896+00:00
STGF071,1269.85,34,2,0.0,0.2,18.8,"decay-wtd trimmed median, hl=45.0d, 0 sold of 2",2026-09-15T23:53:11.785896+00:00
SVAE001,18.7,34,2,0.0,5.9,0.0,"decay-wtd trimmed median, hl=45.0d, 0 sold of 2",2026-09-15T23:53:11.785896+00:00
SWFA169J,18.13,34,2,0.0,6.0,0.0,"decay-wtd trimmed median, hl=45.0d, 0 sold of 2",2026-09-15T23:53:11.785896+00:00
W1009754,1227.61,34,2,0.0,5.5,0.0,"decay-wtd trimmed median, hl=45.0d, 0 sold of 2",2026-09-15T23:53:11.785896+00:00
W20055D6,5373.61,34,2,0.0,4.2,6.0,"decay-wtd trimmed median, hl=45.0d, 0 sold of 2",2026-09-15T23:53:11.785896+00:00
W2SA0017,5965.9,34,2,0.0,3.6,6.0,"decay-wtd trimmed median, hl=45.0d, 0 sold of 2",2026-09-15T23:53:11.785896+00:00
W2SA0033,9758.31,34,2,0.0,0.2,18.8,"decay-wtd trimmed median, hl=45.0d, 0 sold of 2",2026-09-15T23:53:11.785896+00:00
W4BB0021,6858.69,34,2,0.0,0.2,18.8,"decay-wtd trimmed median, hl=45.0d, 0 sold of 2",2026-09-15T23:53:11.785896+00:00
W4BB0030,8643.07,34,2,0.0,0.2,18.8,"decay-wtd trimmed median, hl=45.0d, 0 sold of 2",2026-09-15T23:53:11.785896+00:00
W5200005,2089.14,34,2,0.0,4.1,6.0,"decay-wtd trimmed median, hl=45.0d, 0 sold of 2",2026-09-15T23:53:11.785896+00:00
W62053V3,3058.33,34,2,0.0,4.0,6.0,"decay-wtd trimmed median, hl=45.0d, 0 sold of 2",2026-09-15T23:53:11.785896+00:00
WGBA0042,11598.45,34,2,0.0,0.2,18.8,"decay-wtd trimmed median, hl=45.0d, 0 sold of 2",2026-09-15T23:53:11.785896+00:00
WSSA0062,7014.9,34,2,0.0,5.5,0.0,"decay-wtd trimmed median, hl=45.0d, 0 sold of 2",2026-09-15T23:53:11.785896+00:00
WSTA0032,2880.0,34,2,0.0,6.4,0.0,"decay-wtd trimmed median, hl=45.0d, 0 sold of 2",2026-09-15T23:53:11.785896+00:00
114854,877.31,34,1,0.0,0.0,17.9,"decay-wtd trimmed median, hl=45.0d, 0 sold of 1",2026-09-15T23:53:11.785896+00:00
116138,13737.5,34,1,0.0,0.0,17.0,"decay-wtd trimmed median, hl=45.0d, 0 sold of 1",2026-09-15T23:53:11.785896+00:00
123.15.27.20.57.003,3776.14,34,1,0.0,0.0,18.8,"decay-wtd trimmed median, hl=45.0d, 0 sold of 1",2026-09-15T23:53:11.785896+00:00
12300,935.68,34,1,0.0,0.0,18.8,"decay-wtd trimmed median, hl=45.0d, 0 sold of 1",2026-09-15T23:53:11.785896+00:00
126576TBR,227984.16,34,1,0.0,0.0,17.0,"decay-wtd trimmed median, hl=45.0d, 0 sold of 1",2026-09-15T23:53:11.785896+00:00
131.10.36.60.01.001,1517.6,34,1,0.0,0.0,18.8,"decay-wtd trimmed median, hl=45.0d, 0 sold of 1",2026-09-15T23:53:11.785896+00:00
136.029,38581.93,34,1,0.0,0.0,18.8,"decay-wtd trimmed median, hl=45.0d, 0 sold of 1",2026-09-15T23:53:11.785896+00:00
152301,16430.11,34,1,0.0,0.0,18.8,"decay-wtd trimmed median, hl=45.0d, 0 sold of 1",2026-09-15T23:53:11.785896+00:00
15407ST,158705.07,34,1,0.0,0.0,18.8,"decay-wtd trimmed median, hl=45.0d, 0 sold of 1",2026-09-15T23:53:11.785896+00:00
16234SVR,7381.59,34,1,0.0,0.0,17.9,"decay-wtd trimmed median, hl=45.0d, 0 sold of 1",2026-09-15T23:53:11.785896+00:00
1675M,26539.7,34,1,0.0,0.0,17.9,"decay-wtd trimmed median, hl=45.0d, 0 sold of 1",2026-09-15T23:53:11.785896+00:00
179175FG,20991.55,34,1,0.0,0.0,17.9,"decay-wtd trimmed median, hl=45.0d, 0 sold of 1",2026-09-15T23:53:11.785896+00:00
228236A,78917.6,34,1,0.0,0.0,17.9,"decay-wtd trimmed median, hl=45.0d, 0 sold of 1",2026-09-15T23:53:11.785896+00:00
232.18.38.20.01.001,5558.39,34,1,0.0,0.0,18.8,"decay-wtd trimmed median, hl=45.0d, 0 sold of 1",2026-09-15T23:53:11.785896+00:00
326.30.40.50.02.001,2754.25,34,1,0.0,0.0,18.8,"decay-wtd trimmed median, hl=45.0d, 0 sold of 1",2026-09-15T23:53:11.785896+00:00
3595,7365.65,34,1,0.0,0.0,17.9,"decay-wtd trimmed median, hl=45.0d, 0 sold of 1",2026-09-15T23:53:11.785896+00:00
37591,20167.83,34,1,0.0,0.0,18.8,"decay-wtd trimmed median, hl=45.0d, 0 sold of 1",2026-09-15T23:53:11.785896+00:00
45319,7704.96,34,1,0.0,0.0,17.0,"decay-wtd trimmed median, hl=45.0d, 0 sold of 1",2026-09-15T23:53:11.785896+00:00
7234R001,28059.59,34,1,0.0,0.0,17.9,"decay-wtd trimmed median, hl=45.0d, 0 sold of 1",2026-09-15T23:53:11.785896+00:00
78240,5112.83,34,1,0.0,0.0,18.8,"decay-wtd trimmed median, hl=45.0d, 0 sold of 1",2026-09-15T23:53:11.785896+00:00
7920V210AB546,26305.87,34,1,0.0,0.0,17.9,"decay-wtd trimmed median, hl=45.0d, 0 sold of 1",2026-09-15T23:53:11.785896+00:00
85180000G92,11531.81,34,1,0.0,0.0,17.0,"decay-wtd trimmed median, hl=45.0d, 0 sold of 1",2026-09-15T23:53:11.785896+00:00
881001,2864.42,34,1,0.0,0.0,17.9,"decay-wtd trimmed median, hl=45.0d, 0 sold of 1",2026-09-15T23:53:11.785896+00:00
91351,1882.5,34,1,0.0,0.0,18.8,"decay-wtd trimmed median, hl=45.0d, 0 sold of 1",2026-09-15T23:53:11.785896+00:00
IW370628,3440.07,34,1,0.0,0.0,18.8,"decay-wtd trimmed median, hl=45.0d, 0 sold of 1",2026-09-15T23:53:11.785896+00:00
IW459805,10470.71,34,1,0.0,0.0,18.8,"decay-wtd trimmed median, hl=45.0d, 0 sold of 1",2026-09-15T23:53:11.785896+00:00
M59614,1870.64,34,1,0.0,0.0,18.8,"decay-wtd trimmed median, hl=45.0d, 0 sold of 1",2026-09-15T23:53:11.785896+00:00
Q2438520,4676.6,34,1,0.0,0.0,17.9,"decay-wtd trimmed median, hl=45.0d, 0 sold of 1",2026-09-15T23:53:11.785896+00:00
RB0136,31829.32,34,1,0.0,0.0,17.0,"decay-wtd trimmed median, hl=45.0d, 0 sold of 1",2026-09-15T23:53:11.785896+00:00
SARB066J,78.33,34,1,0.0,0.0,18.8,"decay-wtd trimmed median, hl=45.0d, 0 sold of 1",2026-09-15T23:53:11.785896+00:00
SARX013J,208.69,34,1,0.0,0.0,18.8,"decay-wtd trimmed median, hl=45.0d, 0 sold of 1",2026-09-15T23:53:11.785896+00:00
SARX043,248.44,34,1,0.0,0.0,18.8,"decay-wtd trimmed median, hl=45.0d, 0 sold of 1",2026-09-15T23:53:11.785896+00:00
SBEF059J,44.43,34,1,0.0,0.0,17.9,"decay-wtd trimmed median, hl=45.0d, 0 sold of 1",2026-09-15T23:53:11.785896+00:00
SBGA225,2573.42,34,1,0.0,0.0,17.9,"decay-wtd trimmed median, hl=45.0d, 0 sold of 1",2026-09-15T23:53:11.785896+00:00
SBGJ001,2842.15,34,1,0.0,0.0,17.0,"decay-wtd trimmed median, hl=45.0d, 0 sold of 1",2026-09-15T23:53:11.785896+00:00
SBJG023,650.07,34,1,0.0,0.0,17.0,"decay-wtd trimmed median, hl=45.0d, 0 sold of 1",2026-09-15T23:53:11.785896+00:00
SBXC043,759.95,34,1,0.0,0.0,17.9,"decay-wtd trimmed median, hl=45.0d, 0 sold of 1",2026-09-15T23:53:11.785896+00:00
SBXY034,379.97,34,1,0.0,0.0,17.0,"decay-wtd trimmed median, hl=45.0d, 0 sold of 1",2026-09-15T23:53:11.785896+00:00
SCRB039,21.05,34,1,0.0,0.0,17.9,"decay-wtd trimmed median, hl=45.0d, 0 sold of 1",2026-09-15T23:53:11.785896+00:00
SWCW082,118.08,34,1,0.0,0.0,18.8,"decay-wtd trimmed median, hl=45.0d, 0 sold of 1",2026-09-15T23:53:11.785896+00:00
SWCW135,88.27,34,1,0.0,0.0,18.8,"decay-wtd trimmed median, hl=45.0d, 0 sold of 1",2026-09-15T23:53:11.785896+00:00
SWCW138,93.53,34,1,0.0,0.0,18.8,"decay-wtd trimmed median, hl=45.0d, 0 sold of 1",2026-09-15T23:53:11.785896+00:00
W1007065,1461.44,34,1,0.0,0.0,18.8,"decay-wtd trimmed median, hl=45.0d, 0 sold of 1",2026-09-15T23:53:11.785896+00:00
W2PN0018,8521.39,34,1,0.0,0.0,18.8,"decay-wtd trimmed median, hl=45.0d, 0 sold of 1",2026-09-15T23:53:11.785896+00:00
W5200017,7950.22,34,1,0.0,0.0,17.0,"decay-wtd trimmed median, hl=45.0d, 0 sold of 1",2026-09-15T23:53:11.785896+00:00
WGBA0007,7950.22,34,1,0.0,0.0,18.8,"decay-wtd trimmed median, hl=45.0d, 0 sold of 1",2026-09-15T23:53:11.785896+00:00
WGBA0081,14926.34,34,1,0.0,0.0,18.8,"decay-wtd trimmed median, hl=45.0d, 0 sold of 1",2026-09-15T23:53:11.785896+00:00
WGTA0091,13255.48,34,1,0.0,0.0,18.8,"decay-wtd trimmed median, hl=45.0d, 0 sold of 1",2026-09-15T23:53:11.785896+00:00
WJBB0010,7129.0,34,1,0.0,0.0,18.8,"decay-wtd trimmed median, hl=45.0d, 0 sold of 1",2026-09-15T23:53:11.785896+00:00
WSTA0053,4929.0,34,1,0.0,0.0,17.9,"decay-wtd trimmed median, hl=45.0d, 0 sold of 1",2026-09-15T23:53:11.785896+00:00
WSTA0107,3508.81,34,1,0.0,0.0,18.8,"decay-wtd trimmed median, hl=45.0d, 0 sold of 1",2026-09-15T23:53:11.785896+00:00
SLGA023,11718.0,33,4,0.0,21.8,0.0,"decay-wtd trimmed median, hl=45.0d, 0 sold of 4",2026-09-15T23:53:11.785896+00:00
SBGA403G,135.62,33,3,0.0,22.0,0.0,"decay-wtd trimmed median, hl=45.0d, 0 sold of 3",2026-09-15T23:53:11.785896+00:00
131.10.36.20.06.001,2953.51,33,2,0.0,1.9,14.5,"decay-wtd trimmed median, hl=45.0d, 0 sold of 2",2026-09-15T23:53:11.785896+00:00
179174GBKC,6709.0,33,2,0.0,4.4,8.0,"decay-wtd trimmed median, hl=45.0d, 0 sold of 2",2026-09-15T23:53:11.785896+00:00
25827KN,3273.62,33,2,0.0,7.2,0.0,"decay-wtd trimmed median, hl=45.0d, 0 sold of 2",2026-09-15T23:53:11.785896+00:00
324.30.38.50.03.001,3273.71,33,2,0.0,4.9,6.0,"decay-wtd trimmed median, hl=45.0d, 0 sold of 2",2026-09-15T23:53:11.785896+00:00
A10390361L1S1,3437.44,33,2,0.0,5.7,4.0,"decay-wtd trimmed median, hl=45.0d, 0 sold of 2",2026-09-15T23:53:11.785896+00:00
IW328201,4878.39,33,2,0.0,6.6,0.0,"decay-wtd trimmed median, hl=45.0d, 0 sold of 2",2026-09-15T23:53:11.785896+00:00
SBDC207,38.59,33,2,0.0,7.0,0.0,"decay-wtd trimmed median, hl=45.0d, 0 sold of 2",2026-09-15T23:53:11.785896+00:00
SBGX007,1100.62,33,2,0.0,2.2,14.0,"decay-wtd trimmed median, hl=45.0d, 0 sold of 2",2026-09-15T23:53:11.785896+00:00
SBPX067,18.7,33,2,0.0,4.5,8.0,"decay-wtd trimmed median, hl=45.0d, 0 sold of 2",2026-09-15T23:53:11.785896+00:00
SCDP019,16.37,33,2,0.0,6.7,0.0,"decay-wtd trimmed median, hl=45.0d, 0 sold of 2",2026-09-15T23:53:11.785896+00:00
SCDP025J,16.37,33,2,0.0,6.7,0.0,"decay-wtd trimmed median, hl=45.0d, 0 sold of 2",2026-09-15T23:53:11.785896+00:00
SCJC019,16.37,33,2,0.0,6.7,0.0,"decay-wtd trimmed median, hl=45.0d, 0 sold of 2",2026-09-15T23:53:11.785896+00:00
SCJV001,16.37,33,2,0.0,6.7,0.0,"decay-wtd trimmed median, hl=45.0d, 0 sold of 2",2026-09-15T23:53:11.785896+00:00
SWDL117J,16.37,33,2,0.0,6.7,0.0,"decay-wtd trimmed median, hl=45.0d, 0 sold of 2",2026-09-15T23:53:11.785896+00:00
W1006554,1227.61,33,2,0.0,0.0,20.0,"decay-wtd trimmed median, hl=45.0d, 0 sold of 2",2026-09-15T23:53:11.785896+00:00
W1010844,2104.47,33,2,0.0,6.5,0.0,"decay-wtd trimmed median, hl=45.0d, 0 sold of 2",2026-09-15T23:53:11.785896+00:00
W3140023,1496.86,33,2,0.0,2.3,14.0,"decay-wtd trimmed median, hl=45.0d, 0 sold of 2",2026-09-15T23:53:11.785896+00:00
WSTA0052,3390.54,33,2,0.0,6.6,0.0,"decay-wtd trimmed median, hl=45.0d, 0 sold of 2",2026-09-15T23:53:11.785896+00:00
1110U000PB,18063.36,33,1,0.0,0.0,21.1,"decay-wtd trimmed median, hl=45.0d, 0 sold of 1",2026-09-15T23:53:11.785896+00:00
116261,8476.34,33,1,0.0,0.0,21.1,"decay-wtd trimmed median, hl=45.0d, 0 sold of 1",2026-09-15T23:53:11.785896+00:00
118209,22684.36,33,1,0.0,0.0,20.0,"decay-wtd trimmed median, hl=45.0d, 0 sold of 1",2026-09-15T23:53:11.785896+00:00
12000201,12159.15,33,1,0.0,0.0,20.0,"decay-wtd trimmed median, hl=45.0d, 0 sold of 1",2026-09-15T23:53:11.785896+00:00
1205V100AB590,14848.2,33,1,0.0,0.0,22.1,"decay-wtd trimmed median, hl=45.0d, 0 sold of 1",2026-09-15T23:53:11.785896+00:00
131.10.25.60.56.001,1647.64,33,1,0.0,0.0,20.0,"decay-wtd trimmed median, hl=45.0d, 0 sold of 1",2026-09-15T23:53:11.785896+00:00
15053,4570.88,33,1,0.0,0.0,21.1,"decay-wtd trimmed median, hl=45.0d, 0 sold of 1",2026-09-15T23:53:11.785896+00:00
212.30.41.20.03.001,2800.07,33,1,0.0,0.0,22.1,"decay-wtd trimmed median, hl=45.0d, 0 sold of 1",2026-09-15T23:53:11.785896+00:00
212.30.44.50.01.001,3198.64,33,1,0.0,0.0,20.0,"decay-wtd trimmed median, hl=45.0d, 0 sold of 1",2026-09-15T23:53:11.785896+00:00
310.63.42.50.01.001,15315.86,33,1,0.0,0.0,22.1,"decay-wtd trimmed median, hl=45.0d, 0 sold of 1",2026-09-15T23:53:11.785896+00:00
343.506,11691.5,33,1,0.0,0.0,21.1,"decay-wtd trimmed median, hl=45.0d, 0 sold of 1",2026-09-15T23:53:11.785896+00:00
3570,14029.79,33,1,0.0,0.0,20.0,"decay-wtd trimmed median, hl=45.0d, 0 sold of 1",2026-09-15T23:53:11.785896+00:00
37121A001,121591.55,33,1,0.0,0.0,20.0,"decay-wtd trimmed median, hl=45.0d, 0 sold of 1",2026-09-15T23:53:11.785896+00:00
3810BR929Z,13269.84,33,1,0.0,0.0,20.0,"decay-wtd trimmed median, hl=45.0d, 0 sold of 1",2026-09-15T23:53:11.785896+00:00
41128IVPC,5739.46,33,1,0.0,0.0,20.0,"decay-wtd trimmed median, hl=45.0d, 0 sold of 1",2026-09-15T23:53:11.785896+00:00
4220,2918.3,33,1,0.0,0.0,20.0,"decay-wtd trimmed median, hl=45.0d, 0 sold of 1",2026-09-15T23:53:11.785896+00:00
434.13.30.60.53.001,988.96,33,1,0.0,0.0,20.0,"decay-wtd trimmed median, hl=45.0d, 0 sold of 1",2026-09-15T23:53:11.785896+00:00
43807,4224.78,33,1,0.0,0.0,21.1,"decay-wtd trimmed median, hl=45.0d, 0 sold of 1",2026-09-15T23:53:11.785896+00:00
4500V110AB483,20460.12,33,1,0.0,0.0,22.1,"decay-wtd trimmed median, hl=45.0d, 0 sold of 1",2026-09-15T23:53:11.785896+00:00
5026,15836.66,33,1,0.0,0.0,20.0,"decay-wtd trimmed median, hl=45.0d, 0 sold of 1",2026-09-15T23:53:11.785896+00:00
50519,9822.09,33,1,0.0,0.0,20.0,"decay-wtd trimmed median, hl=45.0d, 0 sold of 1",2026-09-15T23:53:11.785896+00:00
5167A001,74241.0,33,1,0.0,0.0,21.1,"decay-wtd trimmed median, hl=45.0d, 0 sold of 1",2026-09-15T23:53:11.785896+00:00
554425,514.43,33,1,0.0,0.0,22.1,"decay-wtd trimmed median, hl=45.0d, 0 sold of 1",2026-09-15T23:53:11.785896+00:00
5968R001,127750.47,33,1,0.0,0.0,22.1,"decay-wtd trimmed median, hl=45.0d, 0 sold of 1",2026-09-15T23:53:11.785896+00:00
674275,262.53,33,1,0.0,0.0,20.0,"decay-wtd trimmed median, hl=45.0d, 0 sold of 1",2026-09-15T23:53:11.785896+00:00
76100,11020.5,33,1,0.0,0.0,21.1,"decay-wtd trimmed median, hl=45.0d, 0 sold of 1",2026-09-15T23:53:11.785896+00:00
A173751C1B1A1,4673.97,33,1,0.0,0.0,22.1,"decay-wtd trimmed median, hl=45.0d, 0 sold of 1",2026-09-15T23:53:11.785896+00:00
A173751C1B1S1,4493.95,33,1,0.0,0.0,22.1,"decay-wtd trimmed median, hl=45.0d, 0 sold of 1",2026-09-15T23:53:11.785896+00:00
AB0178121G1X1,9515.08,33,1,0.0,0.0,22.1,"decay-wtd trimmed median, hl=45.0d, 0 sold of 1",2026-09-15T23:53:11.785896+00:00
E823107A1O1S1,3953.9,33,1,0.0,0.0,22.1,"decay-wtd trimmed median, hl=45.0d, 0 sold of 1",2026-09-15T23:53:11.785896+00:00
E823108A1B1S1,3953.9,33,1,0.0,0.0,22.1,"decay-wtd trimmed median, hl=45.0d, 0 sold of 1",2026-09-15T23:53:11.785896+00:00
HAB004J,1870.17,33,1,0.0,0.0,20.0,"decay-wtd trimmed median, hl=45.0d, 0 sold of 1",2026-09-15T23:53:11.785896+00:00
IW323603,3415.16,33,1,0.0,0.0,20.0,"decay-wtd trimmed median, hl=45.0d, 0 sold of 1",2026-09-15T23:53:11.785896+00:00
IW326802,3034.51,33,1,0.0,0.0,20.0,"decay-wtd trimmed median, hl=45.0d, 0 sold of 1",2026-09-15T23:53:11.785896+00:00
IW353603,3197.65,33,1,0.0,0.0,20.0,"decay-wtd trimmed median, hl=45.0d, 0 sold of 1",2026-09-15T23:53:11.785896+00:00
M57231,1307.32,33,1,0.0,0.0,22.1,"decay-wtd trimmed median, hl=45.0d, 0 sold of 1",2026-09-15T23:53:11.785896+00:00
PB0178121B1X1,14851.24,33,1,0.0,0.0,22.1,"decay-wtd trimmed median, hl=45.0d, 0 sold of 1",2026-09-15T23:53:11.785896+00:00
Q1378420,4611.55,33,1,0.0,0.0,20.0,"decay-wtd trimmed median, hl=45.0d, 0 sold of 1",2026-09-15T23:53:11.785896+00:00
Q4008520,6722.61,33,1,0.0,0.0,20.0,"decay-wtd trimmed median, hl=45.0d, 0 sold of 1",2026-09-15T23:53:11.785896+00:00
RB0178131B1X1,37803.17,33,1,0.0,0.0,22.1,"decay-wtd trimmed median, hl=45.0d, 0 sold of 1",2026-09-15T23:53:11.785896+00:00
SARB017,863.87,33,1,0.0,0.0,22.1,"decay-wtd trimmed median, hl=45.0d, 0 sold of 1",2026-09-15T23:53:11.785896+00:00
SARZ045,77.16,33,1,0.0,0.0,20.0,"decay-wtd trimmed median, hl=45.0d, 0 sold of 1",2026-09-15T23:53:11.785896+00:00
SAST019,955.19,33,1,0.0,0.0,20.0,"decay-wtd trimmed median, hl=45.0d, 0 sold of 1",2026-09-15T23:53:11.785896+00:00
SBDB007J,346.07,33,1,0.0,0.0,20.0,"decay-wtd trimmed median, hl=45.0d, 0 sold of 1",2026-09-15T23:53:11.785896+00:00
SBEK005,43.25,33,1,0.0,0.0,21.1,"decay-wtd trimmed median, hl=45.0d, 0 sold of 1",2026-09-15T23:53:11.785896+00:00
SBGA427,5394.0,33,1,0.0,0.0,20.0,"decay-wtd trimmed median, hl=45.0d, 0 sold of 1",2026-09-15T23:53:11.785896+00:00
SBGA521,11697.38,33,1,0.0,0.0,21.1,"decay-wtd trimmed median, hl=45.0d, 0 sold of 1",2026-09-15T23:53:11.785896+00:00
SBGE255G,4271.02,33,1,0.0,0.0,21.1,"decay-wtd trimmed median, hl=45.0d, 0 sold of 1",2026-09-15T23:53:11.785896+00:00
SBGE307G,7329.28,33,1,0.0,0.0,21.1,"decay-wtd trimmed median, hl=45.0d, 0 sold of 1",2026-09-15T23:53:11.785896+00:00
SBGH359,5481.65,33,1,0.0,0.0,20.0,"decay-wtd trimmed median, hl=45.0d, 0 sold of 1",2026-09-15T23:53:11.785896+00:00
SBGR059,1929.1,33,1,0.0,0.0,20.0,"decay-wtd trimmed median, hl=45.0d, 0 sold of 1",2026-09-15T23:53:11.785896+00:00
SBGV221,1511.33,33,1,0.0,0.0,22.1,"decay-wtd trimmed median, hl=45.0d, 0 sold of 1",2026-09-15T23:53:11.785896+00:00
SBGW267,3536.68,33,1,0.0,0.0,21.1,"decay-wtd trimmed median, hl=45.0d, 0 sold of 1",2026-09-15T23:53:11.785896+00:00
SBGW269,3536.68,33,1,0.0,0.0,21.1,"decay-wtd trimmed median, hl=45.0d, 0 sold of 1",2026-09-15T23:53:11.785896+00:00
SBGX295,1766.07,33,1,0.0,0.0,21.1,"decay-wtd trimmed median, hl=45.0d, 0 sold of 1",2026-09-15T23:53:11.785896+00:00
SBSA225,212.21,33,1,0.0,0.0,20.0,"decay-wtd trimmed median, hl=45.0d, 0 sold of 1",2026-09-15T23:53:11.785896+00:00
SBXC015,559.18,33,1,0.0,0.0,20.0,"decay-wtd trimmed median, hl=45.0d, 0 sold of 1",2026-09-15T23:53:11.785896+00:00
SBXC181,1309.51,33,1,0.0,0.0,22.1,"decay-wtd trimmed median, hl=45.0d, 0 sold of 1",2026-09-15T23:53:11.785896+00:00
SCBS029,695.56,33,1,0.0,0.0,22.1,"decay-wtd trimmed median, hl=45.0d, 0 sold of 1",2026-09-15T23:53:11.785896+00:00
SCED019,20.46,33,1,0.0,0.0,20.0,"decay-wtd trimmed median, hl=45.0d, 0 sold of 1",2026-09-15T23:53:11.785896+00:00
SCED027,28.64,33,1,0.0,0.0,20.0,"decay-wtd trimmed median, hl=45.0d, 0 sold of 1",2026-09-15T23:53:11.785896+00:00
SDGA007J,65.47,33,1,0.0,0.0,20.0,"decay-wtd trimmed median, hl=45.0d, 0 sold of 1",2026-09-15T23:53:11.785896+00:00
SDKS031,1277.02,33,1,0.0,0.0,22.1,"decay-wtd trimmed median, hl=45.0d, 0 sold of 1",2026-09-15T23:53:11.785896+00:00
SPB371,1674.0,33,1,0.0,0.0,22.1,"decay-wtd trimmed median, hl=45.0d, 0 sold of 1",2026-09-15T23:53:11.785896+00:00
SRJB013,20.46,33,1,0.0,0.0,20.0,"decay-wtd trimmed median, hl=45.0d, 0 sold of 1",2026-09-15T23:53:11.785896+00:00
SRRY001,88.85,33,1,0.0,0.0,20.0,"decay-wtd trimmed median, hl=45.0d, 0 sold of 1",2026-09-15T23:53:11.785896+00:00
SSDT047,18.7,33,1,0.0,0.0,22.1,"decay-wtd trimmed median, hl=45.0d, 0 sold of 1",2026-09-15T23:53:11.785896+00:00
SSEH002,19.29,33,1,0.0,0.0,20.0,"decay-wtd trimmed median, hl=45.0d, 0 sold of 1",2026-09-15T23:53:11.785896+00:00
SSQW007,132.12,33,1,0.0,0.0,20.0,"decay-wtd trimmed median, hl=45.0d, 0 sold of 1",2026-09-15T23:53:11.785896+00:00
SSVM016,67.23,33,1,0.0,0.0,20.0,"decay-wtd trimmed median, hl=45.0d, 0 sold of 1",2026-09-15T23:53:11.785896+00:00
SSVN032,46.77,33,1,0.0,0.0,20.0,"decay-wtd trimmed median, hl=45.0d, 0 sold of 1",2026-09-15T23:53:11.785896+00:00
SSVV020J,216.29,33,1,0.0,0.0,21.1,"decay-wtd trimmed median, hl=45.0d, 0 sold of 1",2026-09-15T23:53:11.785896+00:00
STGF265J,1652.57,33,1,0.0,0.0,21.1,"decay-wtd trimmed median, hl=45.0d, 0 sold of 1",2026-09-15T23:53:11.785896+00:00
STGF267J,2111.03,33,1,0.0,0.0,21.1,"decay-wtd trimmed median, hl=45.0d, 0 sold of 1",2026-09-15T23:53:11.785896+00:00
STGF274J,3493.5,33,1,0.0,0.0,21.1,"decay-wtd trimmed median, hl=45.0d, 0 sold of 1",2026-09-15T23:53:11.785896+00:00
STGF275J,2111.03,33,1,0.0,0.0,21.1,"decay-wtd trimmed median, hl=45.0d, 0 sold of 1",2026-09-15T23:53:11.785896+00:00
STGF277J,2701.32,33,1,0.0,0.0,21.1,"decay-wtd trimmed median, hl=45.0d, 0 sold of 1",2026-09-15T23:53:11.785896+00:00
STGF279J,3691.0,33,1,0.0,0.0,21.1,"decay-wtd trimmed median, hl=45.0d, 0 sold of 1",2026-09-15T23:53:11.785896+00:00
STGF347J,4851.04,33,1,0.0,0.0,21.1,"decay-wtd trimmed median, hl=45.0d, 0 sold of 1",2026-09-15T23:53:11.785896+00:00
STGF349J,4851.04,33,1,0.0,0.0,21.1,"decay-wtd trimmed median, hl=45.0d, 0 sold of 1",2026-09-15T23:53:11.785896+00:00
STGF374J,3901.92,33,1,0.0,0.0,21.1,"decay-wtd trimmed median, hl=45.0d, 0 sold of 1",2026-09-15T23:53:11.785896+00:00
STGF375J,2952.81,33,1,0.0,0.0,21.1,"decay-wtd trimmed median, hl=45.0d, 0 sold of 1",2026-09-15T23:53:11.785896+00:00
STGF379J,4956.49,33,1,0.0,0.0,21.1,"decay-wtd trimmed median, hl=45.0d, 0 sold of 1",2026-09-15T23:53:11.785896+00:00
STGF381J,2478.25,33,1,0.0,0.0,21.1,"decay-wtd trimmed median, hl=45.0d, 0 sold of 1",2026-09-15T23:53:11.785896+00:00
STGF385G,3954.65,33,1,0.0,0.0,21.1,"decay-wtd trimmed median, hl=45.0d, 0 sold of 1",2026-09-15T23:53:11.785896+00:00
STGK007,3849.2,33,1,0.0,0.0,21.1,"decay-wtd trimmed median, hl=45.0d, 0 sold of 1",2026-09-15T23:53:11.785896+00:00
STGK009,3585.55,33,1,0.0,0.0,21.1,"decay-wtd trimmed median, hl=45.0d, 0 sold of 1",2026-09-15T23:53:11.785896+00:00
STGK013,7434.74,33,1,0.0,0.0,21.1,"decay-wtd trimmed median, hl=45.0d, 0 sold of 1",2026-09-15T23:53:11.785896+00:00
SWCW008J,254.29,33,1,0.0,0.0,20.0,"decay-wtd trimmed median, hl=45.0d, 0 sold of 1",2026-09-15T23:53:11.785896+00:00
SWCW020,330.28,33,1,0.0,0.0,20.0,"decay-wtd trimmed median, hl=45.0d, 0 sold of 1",2026-09-15T23:53:11.785896+00:00
SWCW031,279.43,33,1,0.0,0.0,20.0,"decay-wtd trimmed median, hl=45.0d, 0 sold of 1",2026-09-15T23:53:11.785896+00:00
SWCW043,114.58,33,1,0.0,0.0,20.0,"decay-wtd trimmed median, hl=45.0d, 0 sold of 1",2026-09-15T23:53:11.785896+00:00
SWCW045,114.58,33,1,0.0,0.0,20.0,"decay-wtd trimmed median, hl=45.0d, 0 sold of 1",2026-09-15T23:53:11.785896+00:00
SWCW085,559.44,33,1,0.0,0.0,20.0,"decay-wtd trimmed median, hl=45.0d, 0 sold of 1",2026-09-15T23:53:11.785896+00:00
SWDL147J,39.16,33,1,0.0,0.0,22.1,"decay-wtd trimmed median, hl=45.0d, 0 sold of 1",2026-09-15T23:53:11.785896+00:00
SWFA133,64.3,33,1,0.0,0.0,20.0,"decay-wtd trimmed median, hl=45.0d, 0 sold of 1",2026-09-15T23:53:11.785896+00:00
SWFA143J,123.35,33,1,0.0,0.0,20.0,"decay-wtd trimmed median, hl=45.0d, 0 sold of 1",2026-09-15T23:53:11.785896+00:00
SWFH024J,28.64,33,1,0.0,0.0,22.1,"decay-wtd trimmed median, hl=45.0d, 0 sold of 1",2026-09-15T23:53:11.785896+00:00
SZSB024,165.44,33,1,0.0,0.0,21.1,"decay-wtd trimmed median, hl=45.0d, 0 sold of 1",2026-09-15T23:53:11.785896+00:00
W31015M7,1681.04,33,1,0.0,0.0,22.1,"decay-wtd trimmed median, hl=45.0d, 0 sold of 1",2026-09-15T23:53:11.785896+00:00
WSTA0072,3098.25,33,1,0.0,0.0,22.1,"decay-wtd trimmed median, hl=45.0d, 0 sold of 1",2026-09-15T23:53:11.785896+00:00
215.32.44.21.06.001,7440.0,32,4,0.0,23.2,0.0,"decay-wtd trimmed median, hl=45.0d, 0 sold of 4",2026-09-15T23:53:11.785896+00:00
A17377211C1A1,3986.16,32,3,0.0,23.0,0.0,"decay-wtd trimmed median, hl=45.0d, 0 sold of 3",2026-09-15T23:53:11.785896+00:00
SSVW111J,51.44,32,3,0.0,22.7,0.0,"decay-wtd trimmed median, hl=45.0d, 0 sold of 4",2026-09-15T23:53:11.785896+00:00
STPX023J,25.72,32,3,0.0,20.5,8.0,"decay-wtd trimmed median, hl=45.0d, 0 sold of 3",2026-09-15T23:53:11.785896+00:00
118399BR,44533.97,32,2,0.0,8.2,0.0,"decay-wtd trimmed median, hl=45.0d, 0 sold of 2",2026-09-15T23:53:11.785896+00:00
126281RBR,23890.91,32,2,0.0,7.7,0.0,"decay-wtd trimmed median, hl=45.0d, 0 sold of 2",2026-09-15T23:53:11.785896+00:00
126333G,16095.12,32,2,0.0,7.9,0.0,"decay-wtd trimmed median, hl=45.0d, 0 sold of 2",2026-09-15T23:53:11.785896+00:00
126503G,26539.7,32,2,0.0,1.8,20.0,"decay-wtd trimmed median, hl=45.0d, 0 sold of 2",2026-09-15T23:53:11.785896+00:00
128348RBR,60051.77,32,2,0.0,7.7,0.0,"decay-wtd trimmed median, hl=45.0d, 0 sold of 2",2026-09-15T23:53:11.785896+00:00
131.20.25.60.02.002,5394.0,32,2,0.0,7.8,0.0,"decay-wtd trimmed median, hl=45.0d, 0 sold of 2",2026-09-15T23:53:11.785896+00:00
1625,7337.44,32,2,0.0,8.0,0.0,"decay-wtd trimmed median, hl=45.0d, 0 sold of 2",2026-09-15T23:53:11.785896+00:00
168622,6547.24,32,2,0.0,4.3,10.1,"decay-wtd trimmed median, hl=45.0d, 0 sold of 2",2026-09-15T23:53:11.785896+00:00
18206,35340.0,32,2,0.0,8.5,0.0,"decay-wtd trimmed median, hl=45.0d, 0 sold of 2",2026-09-15T23:53:11.785896+00:00
220.12.41.21.06.001,5022.0,32,2,0.0,8.0,0.0,"decay-wtd trimmed median, hl=45.0d, 0 sold of 2",2026-09-15T23:53:11.785896+00:00
434.10.28.60.03.001,1933.84,32,2,0.0,8.3,0.0,"decay-wtd trimmed median, hl=45.0d, 0 sold of 2",2026-09-15T23:53:11.785896+00:00
681006,2620.87,32,2,0.0,8.3,0.0,"decay-wtd trimmed median, hl=45.0d, 0 sold of 2",2026-09-15T23:53:11.785896+00:00
SADR004J,15.78,32,2,0.0,8.5,0.0,"decay-wtd trimmed median, hl=45.0d, 0 sold of 2",2026-09-15T23:53:11.785896+00:00
SARV001,15.78,32,2,0.0,8.5,0.0,"decay-wtd trimmed median, hl=45.0d, 0 sold of 2",2026-09-15T23:53:11.785896+00:00
SARX085,720.18,32,2,0.0,5.6,6.0,"decay-wtd trimmed median, hl=45.0d, 0 sold of 2",2026-09-15T23:53:11.785896+00:00
SBDF001J,21.05,32,2,0.0,7.7,0.0,"decay-wtd trimmed median, hl=45.0d, 0 sold of 2",2026-09-15T23:53:11.785896+00:00
SBEQ011,28.64,32,2,0.0,8.4,0.0,"decay-wtd trimmed median, hl=45.0d, 0 sold of 2",2026-09-15T23:53:11.785896+00:00
SBGJ233,4747.66,32,2,0.0,7.9,0.0,"decay-wtd trimmed median, hl=45.0d, 0 sold of 2",2026-09-15T23:53:11.785896+00:00
SBGW281,3755.69,32,2,0.0,7.7,0.0,"decay-wtd trimmed median, hl=45.0d, 0 sold of 2",2026-09-15T23:53:11.785896+00:00
SBXC001,735.46,32,2,0.0,6.3,4.0,"decay-wtd trimmed median, hl=45.0d, 0 sold of 2",2026-09-15T23:53:11.785896+00:00
116243NGBK,16376.33,32,1,0.0,0.0,23.1,"decay-wtd trimmed median, hl=45.0d, 0 sold of 1",2026-09-15T23:53:11.785896+00:00
118239A,26773.53,32,1,0.0,0.0,24.1,"decay-wtd trimmed median, hl=45.0d, 0 sold of 1",2026-09-15T23:53:11.785896+00:00
126334GBL,14486.23,32,1,0.0,0.0,23.1,"decay-wtd trimmed median, hl=45.0d, 0 sold of 1",2026-09-15T23:53:11.785896+00:00
126509GBK,49341.67,32,1,0.0,0.0,23.1,"decay-wtd trimmed median, hl=45.0d, 0 sold of 1",2026-09-15T23:53:11.785896+00:00
15018,7333.76,32,1,0.0,0.0,24.1,"decay-wtd trimmed median, hl=45.0d, 0 sold of 1",2026-09-15T23:53:11.785896+00:00
178274NG,12977.56,32,1,0.0,0.0,24.1,"decay-wtd trimmed median, hl=45.0d, 0 sold of 1",2026-09-15T23:53:11.785896+00:00
26020ST.OO.D001IN.01.A,19437.0,32,1,0.0,0.0,25.1,"decay-wtd trimmed median, hl=45.0d, 0 sold of 1",2026-09-15T23:53:11.785896+00:00
329.32.44.51.06.001,6184.5,32,1,0.0,0.0,23.1,"decay-wtd trimmed median, hl=45.0d, 0 sold of 1",2026-09-15T23:53:11.785896+00:00
3807,4774.66,32,1,0.0,0.0,25.1,"decay-wtd trimmed median, hl=45.0d, 0 sold of 1",2026-09-15T23:53:11.785896+00:00
4000U000RB516,20686.2,32,1,0.0,0.0,23.1,"decay-wtd trimmed median, hl=45.0d, 0 sold of 1",2026-09-15T23:53:11.785896+00:00
5197BA1598,7891.76,32,1,0.0,0.0,24.1,"decay-wtd trimmed median, hl=45.0d, 0 sold of 1",2026-09-15T23:53:11.785896+00:00
5204P011,212200.64,32,1,0.0,0.0,25.1,"decay-wtd trimmed median, hl=45.0d, 0 sold of 1",2026-09-15T23:53:11.785896+00:00
522.20.42.30.01.001,5904.21,32,1,0.0,0.0,24.1,"decay-wtd trimmed median, hl=45.0d, 0 sold of 1",2026-09-15T23:53:11.785896+00:00
6000T000RB,55671.07,32,1,0.0,0.0,23.1,"decay-wtd trimmed median, hl=45.0d, 0 sold of 1",2026-09-15T23:53:11.785896+00:00
6028,9464.25,32,1,0.0,0.0,23.1,"decay-wtd trimmed median, hl=45.0d, 0 sold of 1",2026-09-15T23:53:11.785896+00:00
AB01381E1G1P1,8183.07,32,1,0.0,0.0,25.1,"decay-wtd trimmed median, hl=45.0d, 0 sold of 1",2026-09-15T23:53:11.785896+00:00
IW458312,1636.81,32,1,0.0,0.0,24.1,"decay-wtd trimmed median, hl=45.0d, 0 sold of 1",2026-09-15T23:53:11.785896+00:00
IW459306,3089.23,32,1,0.0,0.0,24.1,"decay-wtd trimmed median, hl=45.0d, 0 sold of 1",2026-09-15T23:53:11.785896+00:00
Q3448111,7307.19,32,1,0.0,0.0,25.1,"decay-wtd trimmed median, hl=45.0d, 0 sold of 1",2026-09-15T23:53:11.785896+00:00
SADX048,19.29,32,1,0.0,0.0,23.1,"decay-wtd trimmed median, hl=45.0d, 0 sold of 1",2026-09-15T23:53:11.785896+00:00
SAGV007J,79.51,32,1,0.0,0.0,25.1,"decay-wtd trimmed median, hl=45.0d, 0 sold of 1",2026-09-15T23:53:11.785896+00:00
SBBN042,328.53,32,1,0.0,0.0,25.1,"decay-wtd trimmed median, hl=45.0d, 0 sold of 1",2026-09-15T23:53:11.785896+00:00
SBDC119,701.49,32,1,0.0,0.0,24.1,"decay-wtd trimmed median, hl=45.0d, 0 sold of 1",2026-09-15T23:53:11.785896+00:00
SBGA279,2520.05,32,1,0.0,0.0,24.1,"decay-wtd trimmed median, hl=45.0d, 0 sold of 1",2026-09-15T23:53:11.785896+00:00
SBGA301,2545.08,32,1,0.0,0.0,23.1,"decay-wtd trimmed median, hl=45.0d, 0 sold of 1",2026-09-15T23:53:11.785896+00:00
SBGJ239,6696.0,32,1,0.0,0.0,23.1,"decay-wtd trimmed median, hl=45.0d, 0 sold of 1",2026-09-15T23:53:11.785896+00:00
SBGM021,2795.25,32,1,0.0,0.0,23.1,"decay-wtd trimmed median, hl=45.0d, 0 sold of 1",2026-09-15T23:53:11.785896+00:00
SBLA099J,18.13,32,1,0.0,0.0,25.1,"decay-wtd trimmed median, hl=45.0d, 0 sold of 1",2026-09-15T23:53:11.785896+00:00
SBQD221,21.05,32,1,0.0,0.0,23.1,"decay-wtd trimmed median, hl=45.0d, 0 sold of 1",2026-09-15T23:53:11.785896+00:00
SBXB063,559.16,32,1,0.0,0.0,25.1,"decay-wtd trimmed median, hl=45.0d, 0 sold of 1",2026-09-15T23:53:11.785896+00:00
SBXC006,91.2,32,1,0.0,0.0,25.1,"decay-wtd trimmed median, hl=45.0d, 0 sold of 1",2026-09-15T23:53:11.785896+00:00
SBXC079,798.07,32,1,0.0,0.0,24.1,"decay-wtd trimmed median, hl=45.0d, 0 sold of 1",2026-09-15T23:53:11.785896+00:00
SCDQ005J,16.37,32,1,0.0,0.0,25.1,"decay-wtd trimmed median, hl=45.0d, 0 sold of 1",2026-09-15T23:53:11.785896+00:00
SPB121,455.7,32,1,0.0,0.0,23.1,"decay-wtd trimmed median, hl=45.0d, 0 sold of 1",2026-09-15T23:53:11.785896+00:00
SSC813,464.07,32,1,0.0,0.0,25.1,"decay-wtd trimmed median, hl=45.0d, 0 sold of 1",2026-09-15T23:53:11.785896+00:00
SSVM010J,193.5,32,1,0.0,0.0,23.1,"decay-wtd trimmed median, hl=45.0d, 0 sold of 1",2026-09-15T23:53:11.785896+00:00
SSVN021,32.74,32,1,0.0,0.0,23.1,"decay-wtd trimmed median, hl=45.0d, 0 sold of 1",2026-09-15T23:53:11.785896+00:00
SSVR122J,115.16,32,1,0.0,0.0,23.1,"decay-wtd trimmed median, hl=45.0d, 0 sold of 1",2026-09-15T23:53:11.785896+00:00
SSVW154J,19.29,32,1,0.0,0.0,23.1,"decay-wtd trimmed median, hl=45.0d, 0 sold of 1",2026-09-15T23:53:11.785896+00:00
STPT024,39.16,32,1,0.0,0.0,25.1,"decay-wtd trimmed median, hl=45.0d, 0 sold of 1",2026-09-15T23:53:11.785896+00:00
SWFH083J,102.89,32,1,0.0,0.0,25.1,"decay-wtd trimmed median, hl=45.0d, 0 sold of 1",2026-09-15T23:53:11.785896+00:00
W1000653,1286.07,32,1,0.0,0.0,23.1,"decay-wtd trimmed median, hl=45.0d, 0 sold of 1",2026-09-15T23:53:11.785896+00:00
W1016830,3858.2,32,1,0.0,0.0,25.1,"decay-wtd trimmed median, hl=45.0d, 0 sold of 1",2026-09-15T23:53:11.785896+00:00
W6800151,3232.7,32,1,0.0,0.0,23.1,"decay-wtd trimmed median, hl=45.0d, 0 sold of 1",2026-09-15T23:53:11.785896+00:00
WGSA0030,29172.33,32,1,0.0,0.0,23.1,"decay-wtd trimmed median, hl=45.0d, 0 sold of 1",2026-09-15T23:53:11.785896+00:00
WSSA0065,6313.41,32,1,0.0,0.0,23.1,"decay-wtd trimmed median, hl=45.0d, 0 sold of 1",2026-09-15T23:53:11.785896+00:00
126283RBR,17165.24,31,4,0.0,23.7,0.0,"decay-wtd trimmed median, hl=45.0d, 0 sold of 4",2026-09-15T23:53:11.785896+00:00
SARY001,26.89,31,3,0.0,23.9,0.0,"decay-wtd trimmed median, hl=45.0d, 0 sold of 3",2026-09-15T23:53:11.785896+00:00
SBPY147,24.55,31,3,0.0,23.8,0.0,"decay-wtd trimmed median, hl=45.0d, 0 sold of 4",2026-09-15T23:53:11.785896+00:00
SSDE008,44.43,31,3,0.0,21.1,8.0,"decay-wtd trimmed median, hl=45.0d, 0 sold of 3",2026-09-15T23:53:11.785896+00:00
SSQV081J,91.78,31,3,0.0,23.6,0.0,"decay-wtd trimmed median, hl=45.0d, 0 sold of 4",2026-09-15T23:53:11.785896+00:00
SSVN036J,44.43,31,3,0.0,23.7,0.0,"decay-wtd trimmed median, hl=45.0d, 0 sold of 4",2026-09-15T23:53:11.785896+00:00
STGF339J,103.47,31,3,0.0,24.3,0.0,"decay-wtd trimmed median, hl=45.0d, 0 sold of 3",2026-09-15T23:53:11.785896+00:00
116503NGBS,24351.81,31,2,0.0,1.2,24.1,"decay-wtd trimmed median, hl=45.0d, 0 sold of 2",2026-09-15T23:53:11.785896+00:00
131.10.28.60.52.001,4092.0,31,2,0.0,9.2,0.0,"decay-wtd trimmed median, hl=45.0d, 0 sold of 2",2026-09-15T23:53:11.785896+00:00
15450ST,42381.67,31,2,0.0,9.0,0.0,"decay-wtd trimmed median, hl=45.0d, 0 sold of 2",2026-09-15T23:53:11.785896+00:00
210.22.42.20.01.001,5588.99,31,2,0.0,4.2,14.0,"decay-wtd trimmed median, hl=45.0d, 0 sold of 2",2026-09-15T23:53:11.785896+00:00
215.30.46.51.01.002,4559.69,31,2,0.0,9.1,0.0,"decay-wtd trimmed median, hl=45.0d, 0 sold of 2",2026-09-15T23:53:11.785896+00:00
215.92.46.51.01.001,6430.33,31,2,0.0,4.2,15.0,"decay-wtd trimmed median, hl=45.0d, 0 sold of 2",2026-09-15T23:53:11.785896+00:00
218206,42136.15,31,2,0.0,8.9,0.0,"decay-wtd trimmed median, hl=45.0d, 0 sold of 2",2026-09-15T23:53:11.785896+00:00
220.10.38.20.02.002,6603.0,31,2,0.0,8.8,0.0,"decay-wtd trimmed median, hl=45.0d, 0 sold of 2",2026-09-15T23:53:11.785896+00:00
231.10.30.60.06.001,1111.8,31,2,0.0,9.5,0.0,"decay-wtd trimmed median, hl=45.0d, 0 sold of 2",2026-09-15T23:53:11.785896+00:00
232.30.38.20.01.001,2627.58,31,2,0.0,4.0,14.0,"decay-wtd trimmed median, hl=45.0d, 0 sold of 2",2026-09-15T23:53:11.785896+00:00
311.30.44.32.01.001,10695.0,31,2,0.0,9.4,0.0,"decay-wtd trimmed median, hl=45.0d, 0 sold of 2",2026-09-15T23:53:11.785896+00:00
424.10.37.20.04.001,1636.81,31,2,0.0,2.6,20.0,"decay-wtd trimmed median, hl=45.0d, 0 sold of 2",2026-09-15T23:53:11.785896+00:00
433.33.41.22.03.001,3624.37,31,2,0.0,9.5,0.0,"decay-wtd trimmed median, hl=45.0d, 0 sold of 2",2026-09-15T23:53:11.785896+00:00
5167R001,105558.44,31,2,0.0,9.2,0.0,"decay-wtd trimmed median, hl=45.0d, 0 sold of 2",2026-09-15T23:53:11.785896+00:00
68279BIC,14309.49,31,2,0.0,9.1,1.0,"decay-wtd trimmed median, hl=45.0d, 0 sold of 2",2026-09-15T23:53:11.785896+00:00
SAGA295,295.09,31,2,0.0,4.0,14.0,"decay-wtd trimmed median, hl=45.0d, 0 sold of 2",2026-09-15T23:53:11.785896+00:00
SBGA415,6696.0,31,2,0.0,9.1,0.0,"decay-wtd trimmed median, hl=45.0d, 0 sold of 2",2026-09-15T23:53:11.785896+00:00
SBGX005,749.89,31,2,0.0,6.8,6.0,"decay-wtd trimmed median, hl=45.0d, 0 sold of 2",2026-09-15T23:53:11.785896+00:00
SBGX339,2304.52,31,2,0.0,4.2,14.0,"decay-wtd trimmed median, hl=45.0d, 0 sold of 2",2026-09-15T23:53:11.785896+00:00
SDKA023,2250.67,31,2,0.0,4.2,14.0,"decay-wtd trimmed median, hl=45.0d, 0 sold of 2",2026-09-15T23:53:11.785896+00:00
SPB480,1092.75,31,2,0.0,9.3,0.0,"decay-wtd trimmed median, hl=45.0d, 0 sold of 2",2026-09-15T23:53:11.785896+00:00
W6920002,3542.93,31,2,0.0,4.2,14.0,"decay-wtd trimmed median, hl=45.0d, 0 sold of 2",2026-09-15T23:53:11.785896+00:00
WGTA0011,11072.14,31,2,0.0,9.4,0.0,"decay-wtd trimmed median, hl=45.0d, 0 sold of 2",2026-09-15T23:53:11.785896+00:00
116139,13186.14,31,1,0.0,0.0,28.1,"decay-wtd trimmed median, hl=45.0d, 0 sold of 1",2026-09-15T23:53:11.785896+00:00
116589BR,85560.49,31,1,0.0,0.0,26.8,"decay-wtd trimmed median, hl=45.0d, 0 sold of 1",2026-09-15T23:53:11.785896+00:00
15451ST.ZZ.1256ST.02,40920.23,31,1,0.0,0.0,28.1,"decay-wtd trimmed median, hl=45.0d, 0 sold of 1",2026-09-15T23:53:11.785896+00:00
16202PT,163680.94,31,1,0.0,0.0,28.1,"decay-wtd trimmed median, hl=45.0d, 0 sold of 1",2026-09-15T23:53:11.785896+00:00
179173GLPS,12116.64,31,1,0.0,0.0,27.1,"decay-wtd trimmed median, hl=45.0d, 0 sold of 1",2026-09-15T23:53:11.785896+00:00
2067RKY99W,22213.84,31,1,0.0,0.0,28.1,"decay-wtd trimmed median, hl=45.0d, 0 sold of 1",2026-09-15T23:53:11.785896+00:00
210.30.44.51.03.001,8928.0,31,1,0.0,0.0,26.1,"decay-wtd trimmed median, hl=45.0d, 0 sold of 1",2026-09-15T23:53:11.785896+00:00
215.90.44.21.99.001,6789.82,31,1,0.0,0.0,27.1,"decay-wtd trimmed median, hl=45.0d, 0 sold of 1",2026-09-15T23:53:11.785896+00:00
2300V100AB170,21055.28,31,1,0.0,0.0,28.1,"decay-wtd trimmed median, hl=45.0d, 0 sold of 1",2026-09-15T23:53:11.785896+00:00
26359,2046.0,31,1,0.0,0.0,26.1,"decay-wtd trimmed median, hl=45.0d, 0 sold of 1",2026-09-15T23:53:11.785896+00:00
26400IO,18423.18,31,1,0.0,0.0,28.1,"decay-wtd trimmed median, hl=45.0d, 0 sold of 1",2026-09-15T23:53:11.785896+00:00
30282,7279.82,31,1,0.0,0.0,26.1,"decay-wtd trimmed median, hl=45.0d, 0 sold of 1",2026-09-15T23:53:11.785896+00:00
4072,37120.49,31,1,0.0,0.0,27.1,"decay-wtd trimmed median, hl=45.0d, 0 sold of 1",2026-09-15T23:53:11.785896+00:00
4313,47746.56,31,1,0.0,0.0,26.1,"decay-wtd trimmed median, hl=45.0d, 0 sold of 1",2026-09-15T23:53:11.785896+00:00
4500V110AB126,23715.0,31,1,0.0,0.0,26.1,"decay-wtd trimmed median, hl=45.0d, 0 sold of 1",2026-09-15T23:53:11.785896+00:00
52701R001,132581.8,31,1,0.0,0.0,28.1,"decay-wtd trimmed median, hl=45.0d, 0 sold of 1",2026-09-15T23:53:11.785896+00:00
5500V110AB075,25017.0,31,1,0.0,0.0,28.1,"decay-wtd trimmed median, hl=45.0d, 0 sold of 1",2026-09-15T23:53:11.785896+00:00
56003,1461.44,31,1,0.0,0.0,26.1,"decay-wtd trimmed median, hl=45.0d, 0 sold of 1",2026-09-15T23:53:11.785896+00:00
5968G010,119837.83,31,1,0.0,0.0,26.1,"decay-wtd trimmed median, hl=45.0d, 0 sold of 1",2026-09-15T23:53:11.785896+00:00
68278G,17537.24,31,1,0.0,0.0,26.8,"decay-wtd trimmed median, hl=45.0d, 0 sold of 1",2026-09-15T23:53:11.785896+00:00
692900,438.43,31,1,0.0,0.0,26.8,"decay-wtd trimmed median, hl=45.0d, 0 sold of 1",2026-09-15T23:53:11.785896+00:00
71181200A0,90024.51,31,1,0.0,0.0,26.8,"decay-wtd trimmed median, hl=45.0d, 0 sold of 1",2026-09-15T23:53:11.785896+00:00
78273NRD,7950.22,31,1,0.0,0.0,26.1,"decay-wtd trimmed median, hl=45.0d, 0 sold of 1",2026-09-15T23:53:11.785896+00:00
7900V110AB546,22798.42,31,1,0.0,0.0,26.8,"decay-wtd trimmed median, hl=45.0d, 0 sold of 1",2026-09-15T23:53:11.785896+00:00
79174GBLG,6366.55,31,1,0.0,0.0,27.1,"decay-wtd trimmed median, hl=45.0d, 0 sold of 1",2026-09-15T23:53:11.785896+00:00
A12022,3975.11,31,1,0.0,0.0,26.8,"decay-wtd trimmed median, hl=45.0d, 0 sold of 1",2026-09-15T23:53:11.785896+00:00
HBJ005P,669.64,31,1,0.0,0.0,27.1,"decay-wtd trimmed median, hl=45.0d, 0 sold of 1",2026-09-15T23:53:11.785896+00:00
HCB006J,490.16,31,1,0.0,0.0,26.1,"decay-wtd trimmed median, hl=45.0d, 0 sold of 1",2026-09-15T23:53:11.785896+00:00
IW328908,20088.0,31,1,0.0,0.0,28.1,"decay-wtd trimmed median, hl=45.0d, 0 sold of 1",2026-09-15T23:53:11.785896+00:00
IW370607,2741.5,31,1,0.0,0.0,26.2,"decay-wtd trimmed median, hl=45.0d, 0 sold of 1",2026-09-15T23:53:11.785896+00:00
Q3828420,4618.14,31,1,0.0,0.0,26.1,"decay-wtd trimmed median, hl=45.0d, 0 sold of 1",2026-09-15T23:53:11.785896+00:00
SADM001,166.02,31,1,0.0,0.0,26.8,"decay-wtd trimmed median, hl=45.0d, 0 sold of 1",2026-09-15T23:53:11.785896+00:00
SAGA209,420.31,31,1,0.0,0.0,26.1,"decay-wtd trimmed median, hl=45.0d, 0 sold of 1",2026-09-15T23:53:11.785896+00:00
SAGA214,603.59,31,1,0.0,0.0,26.1,"decay-wtd trimmed median, hl=45.0d, 0 sold of 1",2026-09-15T23:53:11.785896+00:00
SAGZ059J,220.38,31,1,0.0,0.0,28.1,"decay-wtd trimmed median, hl=45.0d, 0 sold of 1",2026-09-15T23:53:11.785896+00:00
SARX001J,156.08,31,1,0.0,0.0,28.1,"decay-wtd trimmed median, hl=45.0d, 0 sold of 1",2026-09-15T23:53:11.785896+00:00
SARX037,350.75,31,1,0.0,0.0,28.1,"decay-wtd trimmed median, hl=45.0d, 0 sold of 1",2026-09-15T23:53:11.785896+00:00
SBDC187,928.61,31,1,0.0,0.0,26.8,"decay-wtd trimmed median, hl=45.0d, 0 sold of 1",2026-09-15T23:53:11.785896+00:00
SBEJ011,931.75,31,1,0.0,0.0,26.1,"decay-wtd trimmed median, hl=45.0d, 0 sold of 1",2026-09-15T23:53:11.785896+00:00
SBGH205,2741.5,31,1,0.0,0.0,26.2,"decay-wtd trimmed median, hl=45.0d, 0 sold of 1",2026-09-15T23:53:11.785896+00:00
SBGV223,1812.18,31,1,0.0,0.0,28.1,"decay-wtd trimmed median, hl=45.0d, 0 sold of 1",2026-09-15T23:53:11.785896+00:00
SCJK011,102.89,31,1,0.0,0.0,28.1,"decay-wtd trimmed median, hl=45.0d, 0 sold of 1",2026-09-15T23:53:11.785896+00:00
SCJK012,115.16,31,1,0.0,0.0,28.1,"decay-wtd trimmed median, hl=45.0d, 0 sold of 1",2026-09-15T23:53:11.785896+00:00
SCJV005,253.12,31,1,0.0,0.0,28.1,"decay-wtd trimmed median, hl=45.0d, 0 sold of 1",2026-09-15T23:53:11.785896+00:00
SDKA003,1804.24,31,1,0.0,0.0,26.2,"decay-wtd trimmed median, hl=45.0d, 0 sold of 1",2026-09-15T23:53:11.785896+00:00
SPFW038,21.01,31,1,0.0,0.0,28.1,"decay-wtd trimmed median, hl=45.0d, 0 sold of 1",2026-09-15T23:53:11.785896+00:00
SRJB012,102.89,31,1,0.0,0.0,28.1,"decay-wtd trimmed median, hl=45.0d, 0 sold of 1",2026-09-15T23:53:11.785896+00:00
SRRY024,260.13,31,1,0.0,0.0,26.1,"decay-wtd trimmed median, hl=45.0d, 0 sold of 1",2026-09-15T23:53:11.785896+00:00
SSC929,697.5,31,1,0.0,0.0,28.1,"decay-wtd trimmed median, hl=45.0d, 0 sold of 1",2026-09-15T23:53:11.785896+00:00
SSC931,558.0,31,1,0.0,0.0,28.1,"decay-wtd trimmed median, hl=45.0d, 0 sold of 1",2026-09-15T23:53:11.785896+00:00
SSH127,2232.0,31,1,0.0,0.0,26.1,"decay-wtd trimmed median, hl=45.0d, 0 sold of 1",2026-09-15T23:53:11.785896+00:00
SSQR007J,279.43,31,1,0.0,0.0,28.1,"decay-wtd trimmed median, hl=45.0d, 0 sold of 1",2026-09-15T23:53:11.785896+00:00
SSVE055,230.91,31,1,0.0,0.0,28.1,"decay-wtd trimmed median, hl=45.0d, 0 sold of 1",2026-09-15T23:53:11.785896+00:00
SSVE070J,140.3,31,1,0.0,0.0,28.1,"decay-wtd trimmed median, hl=45.0d, 0 sold of 1",2026-09-15T23:53:11.785896+00:00
SSVE071,140.3,31,1,0.0,0.0,28.1,"decay-wtd trimmed median, hl=45.0d, 0 sold of 1",2026-09-15T23:53:11.785896+00:00
SSVE073J,140.3,31,1,0.0,0.0,28.1,"decay-wtd trimmed median, hl=45.0d, 0 sold of 1",2026-09-15T23:53:11.785896+00:00
SSVN003J,102.89,31,1,0.0,0.0,28.1,"decay-wtd trimmed median, hl=45.0d, 0 sold of 1",2026-09-15T23:53:11.785896+00:00
SSVN005J,127.44,31,1,0.0,0.0,28.1,"decay-wtd trimmed median, hl=45.0d, 0 sold of 1",2026-09-15T23:53:11.785896+00:00
SSVR067J,115.16,31,1,0.0,0.0,28.1,"decay-wtd trimmed median, hl=45.0d, 0 sold of 1",2026-09-15T23:53:11.785896+00:00
SSVR070J,127.44,31,1,0.0,0.0,28.1,"decay-wtd trimmed median, hl=45.0d, 0 sold of 1",2026-09-15T23:53:11.785896+00:00
SSVR071J,102.89,31,1,0.0,0.0,28.1,"decay-wtd trimmed median, hl=45.0d, 0 sold of 1",2026-09-15T23:53:11.785896+00:00
SSVR083J,102.89,31,1,0.0,0.0,28.1,"decay-wtd trimmed median, hl=45.0d, 0 sold of 1",2026-09-15T23:53:11.785896+00:00
SSVR084J,115.16,31,1,0.0,0.0,28.1,"decay-wtd trimmed median, hl=45.0d, 0 sold of 1",2026-09-15T23:53:11.785896+00:00
SSVR125J,178.3,31,1,0.0,0.0,28.1,"decay-wtd trimmed median, hl=45.0d, 0 sold of 1",2026-09-15T23:53:11.785896+00:00
SSVR132J,279.43,31,1,0.0,0.0,28.1,"decay-wtd trimmed median, hl=45.0d, 0 sold of 1",2026-09-15T23:53:11.785896+00:00
SSVV001,46.77,31,1,0.0,0.0,28.1,"decay-wtd trimmed median, hl=45.0d, 0 sold of 1",2026-09-15T23:53:11.785896+00:00
SSVV036J,249.61,31,1,0.0,0.0,26.1,"decay-wtd trimmed median, hl=45.0d, 0 sold of 1",2026-09-15T23:53:11.785896+00:00
SSVW012J,68.98,31,1,0.0,0.0,28.1,"decay-wtd trimmed median, hl=45.0d, 0 sold of 1",2026-09-15T23:53:11.785896+00:00
SSVW015J,140.3,31,1,0.0,0.0,28.1,"decay-wtd trimmed median, hl=45.0d, 0 sold of 1",2026-09-15T23:53:11.785896+00:00
SSVW017,36.83,31,1,0.0,0.0,28.1,"decay-wtd trimmed median, hl=45.0d, 0 sold of 1",2026-09-15T23:53:11.785896+00:00
SSVW020,204.01,31,1,0.0,0.0,28.1,"decay-wtd trimmed median, hl=45.0d, 0 sold of 1",2026-09-15T23:53:11.785896+00:00
SSVW082J,53.2,31,1,0.0,0.0,28.1,"decay-wtd trimmed median, hl=45.0d, 0 sold of 1",2026-09-15T23:53:11.785896+00:00
SSVW233,159.0,31,1,0.0,0.0,28.1,"decay-wtd trimmed median, hl=45.0d, 0 sold of 1",2026-09-15T23:53:11.785896+00:00
SSVW234,45.6,31,1,0.0,0.0,28.1,"decay-wtd trimmed median, hl=45.0d, 0 sold of 1",2026-09-15T23:53:11.785896+00:00
SSVW236J,35.07,31,1,0.0,0.0,28.1,"decay-wtd trimmed median, hl=45.0d, 0 sold of 1",2026-09-15T23:53:11.785896+00:00
SSVY133,166.02,31,1,0.0,0.0,28.1,"decay-wtd trimmed median, hl=45.0d, 0 sold of 1",2026-09-15T23:53:11.785896+00:00
STPS074,83.01,31,1,0.0,0.0,28.1,"decay-wtd trimmed median, hl=45.0d, 0 sold of 1",2026-09-15T23:53:11.785896+00:00
SZER055,90.02,31,1,0.0,0.0,26.8,"decay-wtd trimmed median, hl=45.0d, 0 sold of 1",2026-09-15T23:53:11.785896+00:00
SZLJ200,55.53,31,1,0.0,0.0,26.1,"decay-wtd trimmed median, hl=45.0d, 0 sold of 1",2026-09-15T23:53:11.785896+00:00
SZLJ203,88.85,31,1,0.0,0.0,28.1,"decay-wtd trimmed median, hl=45.0d, 0 sold of 1",2026-09-15T23:53:11.785896+00:00
W1556252,7149.35,31,1,0.0,0.0,28.1,"decay-wtd trimmed median, hl=45.0d, 0 sold of 1",2026-09-15T23:53:11.785896+00:00
W20011C4,4030.24,31,1,0.0,0.0,26.2,"decay-wtd trimmed median, hl=45.0d, 0 sold of 1",2026-09-15T23:53:11.785896+00:00
W20012C4,3840.7,31,1,0.0,0.0,26.2,"decay-wtd trimmed median, hl=45.0d, 0 sold of 1",2026-09-15T23:53:11.785896+00:00
W6300856,9002.46,31,1,0.0,0.0,26.1,"decay-wtd trimmed median, hl=45.0d, 0 sold of 1",2026-09-15T23:53:11.785896+00:00
428.17.26.60.04.001,3770.29,30,5,0.0,30.7,0.0,"decay-wtd trimmed median, hl=45.0d, 0 sold of 5",2026-09-15T23:53:11.785896+00:00
SADM007,105.81,30,5,0.0,81.2,0.0,"decay-wtd trimmed median, hl=45.0d, 0 sold of 5",2026-09-15T23:53:11.785896+00:00
SBGF017,23.38,30,5,0.0,32.5,0.0,"decay-wtd trimmed median, hl=45.0d, 0 sold of 6",2026-09-15T23:53:11.785896+00:00
SBGJ249,5333.87,30,5,0.0,34.3,0.0,"decay-wtd trimmed median, hl=45.0d, 0 sold of 5",2026-09-15T23:53:11.785896+00:00
SBGV017J,54.37,30,5,0.0,41.9,0.0,"decay-wtd trimmed median, hl=45.0d, 0 sold of 5",2026-09-15T23:53:11.785896+00:00
SDKA017,896.73,30,5,0.0,78.9,0.0,"decay-wtd trimmed median, hl=45.0d, 0 sold of 5",2026-09-15T23:53:11.785896+00:00
220.10.34.20.03.002,6882.0,30,4,0.0,27.6,0.0,"decay-wtd trimmed median, hl=45.0d, 0 sold of 4",2026-09-15T23:53:11.785896+00:00
220.10.34.20.09.001,6882.0,30,4,0.0,30.3,0.0,"decay-wtd trimmed median, hl=45.0d, 0 sold of 4",2026-09-15T23:53:11.785896+00:00
220.10.34.20.10.001,6882.0,30,4,0.0,27.6,0.0,"decay-wtd trimmed median, hl=45.0d, 0 sold of 4",2026-09-15T23:53:11.785896+00:00
220.10.34.20.10.002,6882.0,30,4,0.0,27.6,0.0,"decay-wtd trimmed median, hl=45.0d, 0 sold of 4",2026-09-15T23:53:11.785896+00:00
220.10.34.20.10.003,6882.0,30,4,0.0,27.6,0.0,"decay-wtd trimmed median, hl=45.0d, 0 sold of 4",2026-09-15T23:53:11.785896+00:00
234.30.41.21.03.001,7440.0,30,4,0.0,25.4,0.0,"decay-wtd trimmed median, hl=45.0d, 0 sold of 4",2026-09-15T23:53:11.785896+00:00
428.17.26.60.04.002,3967.59,30,4,0.0,28.2,0.0,"decay-wtd trimmed median, hl=45.0d, 0 sold of 4",2026-09-15T23:53:11.785896+00:00
SARX132,91.2,30,4,0.0,38.8,0.0,"decay-wtd trimmed median, hl=45.0d, 0 sold of 4",2026-09-15T23:53:11.785896+00:00
SBEJ015,67.81,30,4,0.0,52.0,0.0,"decay-wtd trimmed median, hl=45.0d, 0 sold of 4",2026-09-15T23:53:11.785896+00:00
SBER007,44.43,30,4,0.0,79.1,0.0,"decay-wtd trimmed median, hl=45.0d, 0 sold of 4",2026-09-15T23:53:11.785896+00:00
SBGA005J,81.84,30,4,0.0,28.6,0.0,"decay-wtd trimmed median, hl=45.0d, 0 sold of 6",2026-09-15T23:53:11.785896+00:00
SBGA407,3610.98,30,4,0.0,27.3,0.0,"decay-wtd trimmed median, hl=45.0d, 0 sold of 4",2026-09-15T23:53:11.785896+00:00
SBGC219G,87.69,30,4,0.0,37.5,0.0,"decay-wtd trimmed median, hl=45.0d, 0 sold of 4",2026-09-15T23:53:11.785896+00:00
SBGE277,6324.0,30,4,0.0,26.3,0.0,"decay-wtd trimmed median, hl=45.0d, 0 sold of 4",2026-09-15T23:53:11.785896+00:00
SBGM245,3789.31,30,4,0.0,24.8,0.0,"decay-wtd trimmed median, hl=45.0d, 0 sold of 4",2026-09-15T23:53:11.785896+00:00
SBGW005,15.78,30,4,0.0,78.8,0.0,"decay-wtd trimmed median, hl=45.0d, 0 sold of 4",2026-09-15T23:53:11.785896+00:00
SBPN083G,20.46,30,4,0.0,44.1,0.0,"decay-wtd trimmed median, hl=45.0d, 0 sold of 4",2026-09-15T23:53:11.785896+00:00
SBSA165,54.95,30,4,0.0,48.1,0.0,"decay-wtd trimmed median, hl=45.0d, 0 sold of 4",2026-09-15T23:53:11.785896+00:00
SBSA209,50.28,30,4,0.0,47.0,0.0,"decay-wtd trimmed median, hl=45.0d, 0 sold of 4",2026-09-15T23:53:11.785896+00:00
SBXY041,509.17,30,4,0.0,40.6,0.0,"decay-wtd trimmed median, hl=45.0d, 0 sold of 4",2026-09-15T23:53:11.785896+00:00
SBXY045,144.98,30,4,0.0,58.5,0.0,"decay-wtd trimmed median, hl=45.0d, 0 sold of 4",2026-09-15T23:53:11.785896+00:00
SSQV040J,20.46,30,4,0.0,47.3,0.0,"decay-wtd trimmed median, hl=45.0d, 0 sold of 4",2026-09-15T23:53:11.785896+00:00
SSQW074J,265.39,30,4,0.0,50.4,0.0,"decay-wtd trimmed median, hl=45.0d, 0 sold of 4",2026-09-15T23:53:11.785896+00:00
SSVW177J,154.32,30,4,0.0,50.9,0.0,"decay-wtd trimmed median, hl=45.0d, 0 sold of 4",2026-09-15T23:53:11.785896+00:00
SSVW206J,51.44,30,4,0.0,67.5,0.0,"decay-wtd trimmed median, hl=45.0d, 0 sold of 4",2026-09-15T23:53:11.785896+00:00
STGF022,39.16,30,4,0.0,62.0,0.0,"decay-wtd trimmed median, hl=45.0d, 0 sold of 4",2026-09-15T23:53:11.785896+00:00
W4BB0023,5553.46,30,4,0.0,31.0,0.0,"decay-wtd trimmed median, hl=45.0d, 0 sold of 4",2026-09-15T23:53:11.785896+00:00
16018,23250.0,30,3,0.0,50.2,0.0,"decay-wtd trimmed median, hl=45.0d, 0 sold of 3",2026-09-15T23:53:11.785896+00:00
16528,58457.48,30,3,0.0,25.5,0.0,"decay-wtd trimmed median, hl=45.0d, 0 sold of 3",2026-09-15T23:53:11.785896+00:00
18039,30225.0,30,3,0.0,30.6,0.0,"decay-wtd trimmed median, hl=45.0d, 0 sold of 3",2026-09-15T23:53:11.785896+00:00
79018V,20971.5,30,3,0.0,47.0,0.0,"decay-wtd trimmed median, hl=45.0d, 0 sold of 3",2026-09-15T23:53:11.785896+00:00
SACK031,47.35,30,3,0.0,48.2,0.0,"decay-wtd trimmed median, hl=45.0d, 0 sold of 3",2026-09-15T23:53:11.785896+00:00
SAGA259J,73.66,30,3,0.0,42.1,0.0,"decay-wtd trimmed median, hl=45.0d, 0 sold of 3",2026-09-15T23:53:11.785896+00:00
SAGG003J,29.82,30,3,0.0,45.1,0.0,"decay-wtd trimmed median, hl=45.0d, 0 sold of 3",2026-09-15T23:53:11.785896+00:00
SAGZ079J,39.16,30,3,0.0,50.7,0.0,"decay-wtd trimmed median, hl=45.0d, 0 sold of 3",2026-09-15T23:53:11.785896+00:00
SARX085J,112.24,30,3,0.0,64.1,0.0,"decay-wtd trimmed median, hl=45.0d, 0 sold of 3",2026-09-15T23:53:11.785896+00:00
SARY209,226.82,30,3,0.0,36.0,0.0,"decay-wtd trimmed median, hl=45.0d, 0 sold of 3",2026-09-15T23:53:11.785896+00:00
SAST023G,77.75,30,3,0.0,49.6,0.0,"decay-wtd trimmed median, hl=45.0d, 0 sold of 3",2026-09-15T23:53:11.785896+00:00
SBBN031J,66.06,30,3,0.0,28.3,0.0,"decay-wtd trimmed median, hl=45.0d, 0 sold of 3",2026-09-15T23:53:11.785896+00:00
SBDC087,43.25,30,3,0.0,51.3,0.0,"decay-wtd trimmed median, hl=45.0d, 0 sold of 3",2026-09-15T23:53:11.785896+00:00
SBDC181,188.82,30,3,0.0,26.9,0.0,"decay-wtd trimmed median, hl=45.0d, 0 sold of 3",2026-09-15T23:53:11.785896+00:00
SBDJ059,29.82,30,3,0.0,25.5,0.0,"decay-wtd trimmed median, hl=45.0d, 0 sold of 4",2026-09-15T23:53:11.785896+00:00
SBDN015J,28.06,30,3,0.0,35.4,0.0,"decay-wtd trimmed median, hl=45.0d, 0 sold of 3",2026-09-15T23:53:11.785896+00:00
SBDX001,59.62,30,3,0.0,54.9,0.0,"decay-wtd trimmed median, hl=45.0d, 0 sold of 3",2026-09-15T23:53:11.785896+00:00
SBDX012,86.52,30,3,0.0,28.4,0.0,"decay-wtd trimmed median, hl=45.0d, 0 sold of 4",2026-09-15T23:53:11.785896+00:00
SBDX019,109.31,30,3,0.0,81.3,0.0,"decay-wtd trimmed median, hl=45.0d, 0 sold of 3",2026-09-15T23:53:11.785896+00:00
SBER001,279.43,30,3,0.0,84.9,0.0,"decay-wtd trimmed median, hl=45.0d, 0 sold of 3",2026-09-15T23:53:11.785896+00:00
SBGA029G,87.69,30,3,0.0,36.7,0.0,"decay-wtd trimmed median, hl=45.0d, 0 sold of 3",2026-09-15T23:53:11.785896+00:00
SBGC005G,106.39,30,3,0.0,42.3,0.0,"decay-wtd trimmed median, hl=45.0d, 0 sold of 3",2026-09-15T23:53:11.785896+00:00
SBGC201,267.74,30,3,0.0,69.4,0.0,"decay-wtd trimmed median, hl=45.0d, 0 sold of 3",2026-09-15T23:53:11.785896+00:00
SBGF009,70.15,30,3,0.0,77.5,0.0,"decay-wtd trimmed median, hl=45.0d, 0 sold of 3",2026-09-15T23:53:11.785896+00:00
SBGF014,165.44,30,3,0.0,37.1,0.0,"decay-wtd trimmed median, hl=45.0d, 0 sold of 3",2026-09-15T23:53:11.785896+00:00
SBGK009J,103.47,30,3,0.0,36.2,0.0,"decay-wtd trimmed median, hl=45.0d, 0 sold of 3",2026-09-15T23:53:11.785896+00:00
SBGW007J,48.52,30,3,0.0,48.2,0.0,"decay-wtd trimmed median, hl=45.0d, 0 sold of 3",2026-09-15T23:53:11.785896+00:00
SBLA111,50.86,30,3,0.0,54.0,0.0,"decay-wtd trimmed median, hl=45.0d, 0 sold of 3",2026-09-15T23:53:11.785896+00:00
SBPX073J,39.16,30,3,0.0,47.8,0.0,"decay-wtd trimmed median, hl=45.0d, 0 sold of 3",2026-09-15T23:53:11.785896+00:00
SBSA269,42.09,30,3,0.0,54.2,0.0,"decay-wtd trimmed median, hl=45.0d, 0 sold of 3",2026-09-15T23:53:11.785896+00:00
SBTM269J,28.06,30,3,0.0,33.3,0.0,"decay-wtd trimmed median, hl=45.0d, 0 sold of 3",2026-09-15T23:53:11.785896+00:00
SBXC041,140.3,30,3,0.0,33.3,0.0,"decay-wtd trimmed median, hl=45.0d, 0 sold of 4",2026-09-15T23:53:11.785896+00:00
SBXC089,209.86,30,3,0.0,26.5,0.0,"decay-wtd trimmed median, hl=45.0d, 0 sold of 3",2026-09-15T23:53:11.785896+00:00
SBXC095,235.0,30,3,0.0,35.8,0.0,"decay-wtd trimmed median, hl=45.0d, 0 sold of 4",2026-09-15T23:53:11.785896+00:00
SBXC179,851.15,30,3,0.0,71.7,0.0,"decay-wtd trimmed median, hl=45.0d, 0 sold of 3",2026-09-15T23:53:11.785896+00:00
SBXY029,125.1,30,3,0.0,33.6,0.0,"decay-wtd trimmed median, hl=45.0d, 0 sold of 3",2026-09-15T23:53:11.785896+00:00
SCED035J,39.16,30,3,0.0,47.8,0.0,"decay-wtd trimmed median, hl=45.0d, 0 sold of 3",2026-09-15T23:53:11.785896+00:00
SCED041J,39.16,30,3,0.0,47.8,0.0,"decay-wtd trimmed median, hl=45.0d, 0 sold of 3",2026-09-15T23:53:11.785896+00:00
SLGB023,7812.6,30,3,0.0,47.6,0.0,"decay-wtd trimmed median, hl=45.0d, 0 sold of 3",2026-09-15T23:53:11.785896+00:00
SRJA011,39.16,30,3,0.0,47.8,0.0,"decay-wtd trimmed median, hl=45.0d, 0 sold of 3",2026-09-15T23:53:11.785896+00:00
SSEH007,33.91,30,3,0.0,34.5,0.0,"decay-wtd trimmed median, hl=45.0d, 0 sold of 3",2026-09-15T23:53:11.785896+00:00
SSEH015,29.23,30,3,0.0,44.0,0.0,"decay-wtd trimmed median, hl=45.0d, 0 sold of 3",2026-09-15T23:53:11.785896+00:00
SSQR005J,81.25,30,3,0.0,76.3,0.0,"decay-wtd trimmed median, hl=45.0d, 0 sold of 3",2026-09-15T23:53:11.785896+00:00
SSQV020J,25.72,30,3,0.0,27.3,0.0,"decay-wtd trimmed median, hl=45.0d, 0 sold of 4",2026-09-15T23:53:11.785896+00:00
SSQV043J,91.78,30,3,0.0,40.1,0.0,"decay-wtd trimmed median, hl=45.0d, 0 sold of 3",2026-09-15T23:53:11.785896+00:00
SSQV076,95.29,30,3,0.0,38.6,0.0,"decay-wtd trimmed median, hl=45.0d, 0 sold of 3",2026-09-15T23:53:11.785896+00:00
SSQV099,105.81,30,3,0.0,32.6,0.0,"decay-wtd trimmed median, hl=45.0d, 0 sold of 3",2026-09-15T23:53:11.785896+00:00
SSQW046,83.8,30,3,0.0,37.2,0.0,"decay-wtd trimmed median, hl=45.0d, 0 sold of 3",2026-09-15T23:53:11.785896+00:00
SSQW063J,212.78,30,3,0.0,67.0,0.0,"decay-wtd trimmed median, hl=45.0d, 0 sold of 3",2026-09-15T23:53:11.785896+00:00
SSQW068,215.13,30,3,0.0,59.2,0.0,"decay-wtd trimmed median, hl=45.0d, 0 sold of 3",2026-09-15T23:53:11.785896+00:00
SSQW090,104.06,30,3,0.0,33.7,0.0,"decay-wtd trimmed median, hl=45.0d, 0 sold of 3",2026-09-15T23:53:11.785896+00:00
SSVE054J,114.58,30,3,0.0,39.8,0.0,"decay-wtd trimmed median, hl=45.0d, 0 sold of 3",2026-09-15T23:53:11.785896+00:00
SSVE078J,120.43,30,3,0.0,48.5,0.0,"decay-wtd trimmed median, hl=45.0d, 0 sold of 3",2026-09-15T23:53:11.785896+00:00
SSVN028J,71.32,30,3,0.0,28.7,0.0,"decay-wtd trimmed median, hl=45.0d, 0 sold of 4",2026-09-15T23:53:11.785896+00:00
SSVR118J,25.72,30,3,0.0,25.0,0.0,"decay-wtd trimmed median, hl=45.0d, 0 sold of 4",2026-09-15T23:53:11.785896+00:00
SSVR120J,42.09,30,3,0.0,55.6,0.0,"decay-wtd trimmed median, hl=45.0d, 0 sold of 3",2026-09-15T23:53:11.785896+00:00
SSVW051,121.59,30,3,0.0,84.1,0.0,"decay-wtd trimmed median, hl=45.0d, 0 sold of 3",2026-09-15T23:53:11.785896+00:00
SSWA011J,53.78,30,3,0.0,39.1,0.0,"decay-wtd trimmed median, hl=45.0d, 0 sold of 3",2026-09-15T23:53:11.785896+00:00
SSWA014J,37.41,30,3,0.0,25.0,0.0,"decay-wtd trimmed median, hl=45.0d, 0 sold of 4",2026-09-15T23:53:11.785896+00:00
STGF014,46.77,30,3,0.0,65.0,0.0,"decay-wtd trimmed median, hl=45.0d, 0 sold of 3",2026-09-15T23:53:11.785896+00:00
STGF313J,115.75,30,3,0.0,40.4,0.0,"decay-wtd trimmed median, hl=45.0d, 0 sold of 3",2026-09-15T23:53:11.785896+00:00
STGF345J,83.01,30,3,0.0,33.1,0.0,"decay-wtd trimmed median, hl=45.0d, 0 sold of 3",2026-09-15T23:53:11.785896+00:00
STGS007,39.16,30,3,0.0,59.7,0.0,"decay-wtd trimmed median, hl=45.0d, 0 sold of 3",2026-09-15T23:53:11.785896+00:00
SWCW056,130.36,30,3,0.0,36.3,0.0,"decay-wtd trimmed median, hl=45.0d, 0 sold of 3",2026-09-15T23:53:11.785896+00:00
SWFH038J,39.16,30,3,0.0,47.8,0.0,"decay-wtd trimmed median, hl=45.0d, 0 sold of 3",2026-09-15T23:53:11.785896+00:00
3372,11059.34,30,2,0.0,2.5,23.1,"decay-wtd trimmed median, hl=45.0d, 0 sold of 2",2026-09-15T23:53:11.785896+00:00
4083,5144.26,30,2,0.0,3.8,18.8,"decay-wtd trimmed median, hl=45.0d, 0 sold of 2",2026-09-15T23:53:11.785896+00:00
5212A001,31859.33,30,2,0.0,8.6,4.0,"decay-wtd trimmed median, hl=45.0d, 0 sold of 2",2026-09-15T23:53:11.785896+00:00
A17329171C1A1,3837.89,30,2,0.0,6.8,8.0,"decay-wtd trimmed median, hl=45.0d, 0 sold of 2",2026-09-15T23:53:11.785896+00:00
A17376A31L1A1,5487.0,30,2,0.0,10.2,0.0,"decay-wtd trimmed median, hl=45.0d, 0 sold of 2",2026-09-15T23:53:11.785896+00:00
SBDP001J,15.78,30,2,0.0,10.0,0.0,"decay-wtd trimmed median, hl=45.0d, 0 sold of 2",2026-09-15T23:53:11.785896+00:00
SBGW231,2653.84,30,2,0.0,2.7,22.1,"decay-wtd trimmed median, hl=45.0d, 0 sold of 2",2026-09-15T23:53:11.785896+00:00
SBPT031J,15.2,30,2,0.0,10.3,0.0,"decay-wtd trimmed median, hl=45.0d, 0 sold of 2",2026-09-15T23:53:11.785896+00:00
SLGB005,10323.0,30,2,0.0,9.7,0.0,"decay-wtd trimmed median, hl=45.0d, 0 sold of 2",2026-09-15T23:53:11.785896+00:00
SSC947,558.0,30,2,0.0,0.0,31.1,"decay-wtd trimmed median, hl=45.0d, 0 sold of 2",2026-09-15T23:53:11.785896+00:00
SSJ023,1813.5,30,2,0.0,10.3,0.0,"decay-wtd trimmed median, hl=45.0d, 0 sold of 2",2026-09-15T23:53:11.785896+00:00
STGF067,824.13,30,2,0.0,8.6,4.0,"decay-wtd trimmed median, hl=45.0d, 0 sold of 2",2026-09-15T23:53:11.785896+00:00
W6300755,2678.27,30,2,0.0,8.3,6.0,"decay-wtd trimmed median, hl=45.0d, 0 sold of 2",2026-09-15T23:53:11.785896+00:00
1003,3711.26,30,1,0.0,0.0,30.6,"decay-wtd trimmed median, hl=45.0d, 0 sold of 1",2026-09-15T23:53:11.785896+00:00
116233G,9825.79,30,1,0.0,0.0,30.6,"decay-wtd trimmed median, hl=45.0d, 0 sold of 1",2026-09-15T23:53:11.785896+00:00
116518LNNG,40218.74,30,1,0.0,0.0,29.1,"decay-wtd trimmed median, hl=45.0d, 0 sold of 1",2026-09-15T23:53:11.785896+00:00
116528GBK,37093.93,30,1,0.0,0.0,29.1,"decay-wtd trimmed median, hl=45.0d, 0 sold of 1",2026-09-15T23:53:11.785896+00:00
116610,11159.53,30,1,0.0,0.0,30.8,"decay-wtd trimmed median, hl=45.0d, 0 sold of 1",2026-09-15T23:53:11.785896+00:00
126515,48466.03,30,1,0.0,0.0,30.8,"decay-wtd trimmed median, hl=45.0d, 0 sold of 1",2026-09-15T23:53:11.785896+00:00
15503BC,68395.25,30,1,0.0,0.0,29.1,"decay-wtd trimmed median, hl=45.0d, 0 sold of 1",2026-09-15T23:53:11.785896+00:00
18238FG,36562.49,30,1,0.0,0.0,29.1,"decay-wtd trimmed median, hl=45.0d, 0 sold of 1",2026-09-15T23:53:11.785896+00:00
18946AHC,44002.54,30,1,0.0,0.0,29.1,"decay-wtd trimmed median, hl=45.0d, 0 sold of 1",2026-09-15T23:53:11.785896+00:00
210.22.42.20.03.001,4774.66,30,1,0.0,0.0,30.6,"decay-wtd trimmed median, hl=45.0d, 0 sold of 1",2026-09-15T23:53:11.785896+00:00
212.30.41.20.04.001,3020.05,30,1,0.0,0.0,30.6,"decay-wtd trimmed median, hl=45.0d, 0 sold of 1",2026-09-15T23:53:11.785896+00:00
215.33.44.21.01.001,3179.56,30,1,0.0,0.0,30.6,"decay-wtd trimmed median, hl=45.0d, 0 sold of 1",2026-09-15T23:53:11.785896+00:00
228396TBRBD,90237.09,30,1,0.0,0.0,29.1,"decay-wtd trimmed median, hl=45.0d, 0 sold of 1",2026-09-15T23:53:11.785896+00:00
231.10.43.22.01.001,3039.79,30,1,0.0,0.0,29.1,"decay-wtd trimmed median, hl=45.0d, 0 sold of 1",2026-09-15T23:53:11.785896+00:00
231.15.39.21.51.001,3870.77,30,1,0.0,0.0,30.6,"decay-wtd trimmed median, hl=45.0d, 0 sold of 1",2026-09-15T23:53:11.785896+00:00
232.32.42.21.01.003,3179.56,30,1,0.0,0.0,30.6,"decay-wtd trimmed median, hl=45.0d, 0 sold of 1",2026-09-15T23:53:11.785896+00:00
26240BA,137444.19,30,1,0.0,0.0,30.1,"decay-wtd trimmed median, hl=45.0d, 0 sold of 1",2026-09-15T23:53:11.785896+00:00
26240BC,98208.56,30,1,0.0,0.0,30.8,"decay-wtd trimmed median, hl=45.0d, 0 sold of 1",2026-09-15T23:53:11.785896+00:00
26331OR.OO.1220OR.01,79744.21,30,1,0.0,0.0,30.6,"decay-wtd trimmed median, hl=45.0d, 0 sold of 1",2026-09-15T23:53:11.785896+00:00
327.10.43.50.06.001,3445.41,30,1,0.0,0.0,30.8,"decay-wtd trimmed median, hl=45.0d, 0 sold of 1",2026-09-15T23:53:11.785896+00:00
331.20.42.51.02.001,6901.46,30,1,0.0,0.0,30.6,"decay-wtd trimmed median, hl=45.0d, 0 sold of 1",2026-09-15T23:53:11.785896+00:00
39707,3134.65,30,1,0.0,0.0,30.1,"decay-wtd trimmed median, hl=45.0d, 0 sold of 1",2026-09-15T23:53:11.785896+00:00
403.035,70184.26,30,1,0.0,0.0,30.1,"decay-wtd trimmed median, hl=45.0d, 0 sold of 1",2026-09-15T23:53:11.785896+00:00
43221,3682.72,30,1,0.0,0.0,30.8,"decay-wtd trimmed median, hl=45.0d, 0 sold of 1",2026-09-15T23:53:11.785896+00:00
49140423A87,11106.92,30,1,0.0,0.0,30.6,"decay-wtd trimmed median, hl=45.0d, 0 sold of 1",2026-09-15T23:53:11.785896+00:00
5520V210AB481,26305.87,30,1,0.0,0.0,30.1,"decay-wtd trimmed median, hl=45.0d, 0 sold of 1",2026-09-15T23:53:11.785896+00:00
593329,170.06,30,1,0.0,0.0,30.1,"decay-wtd trimmed median, hl=45.0d, 0 sold of 1",2026-09-15T23:53:11.785896+00:00
6007G011,24259.85,30,1,0.0,0.0,30.1,"decay-wtd trimmed median, hl=45.0d, 0 sold of 1",2026-09-15T23:53:11.785896+00:00
6418,4396.38,30,1,0.0,0.0,29.1,"decay-wtd trimmed median, hl=45.0d, 0 sold of 1",2026-09-15T23:53:11.785896+00:00
672780,748.26,30,1,0.0,0.0,29.1,"decay-wtd trimmed median, hl=45.0d, 0 sold of 1",2026-09-15T23:53:11.785896+00:00
69173GGRPC,6270.89,30,1,0.0,0.0,31.1,"decay-wtd trimmed median, hl=45.0d, 0 sold of 1",2026-09-15T23:53:11.785896+00:00
793600DK,4653.22,30,1,0.0,0.0,30.1,"decay-wtd trimmed median, hl=45.0d, 0 sold of 1",2026-09-15T23:53:11.785896+00:00
9659,5303.69,30,1,0.0,0.0,29.1,"decay-wtd trimmed median, hl=45.0d, 0 sold of 1",2026-09-15T23:53:11.785896+00:00
HBC006J,788.97,30,1,0.0,0.0,31.1,"decay-wtd trimmed median, hl=45.0d, 0 sold of 1",2026-09-15T23:53:11.785896+00:00
HCC007,1581.0,30,1,0.0,0.0,29.1,"decay-wtd trimmed median, hl=45.0d, 0 sold of 1",2026-09-15T23:53:11.785896+00:00
IW370706,2215.54,30,1,0.0,0.0,30.1,"decay-wtd trimmed median, hl=45.0d, 0 sold of 1",2026-09-15T23:53:11.785896+00:00
IW377709,2496.14,30,1,0.0,0.0,31.1,"decay-wtd trimmed median, hl=45.0d, 0 sold of 1",2026-09-15T23:53:11.785896+00:00
Q2508410,4737.44,30,1,0.0,0.0,31.1,"decay-wtd trimmed median, hl=45.0d, 0 sold of 1",2026-09-15T23:53:11.785896+00:00
SARW021,53.78,30,1,0.0,0.0,29.1,"decay-wtd trimmed median, hl=45.0d, 0 sold of 1",2026-09-15T23:53:11.785896+00:00
SBDX005,2046.01,30,1,0.0,0.0,30.1,"decay-wtd trimmed median, hl=45.0d, 0 sold of 1",2026-09-15T23:53:11.785896+00:00
SBGJ211,3711.26,30,1,0.0,0.0,30.6,"decay-wtd trimmed median, hl=45.0d, 0 sold of 1",2026-09-15T23:53:11.785896+00:00
SBGM001,2513.67,30,1,0.0,0.0,29.1,"decay-wtd trimmed median, hl=45.0d, 0 sold of 1",2026-09-15T23:53:11.785896+00:00
SBGX083,1239.93,30,1,0.0,0.0,30.1,"decay-wtd trimmed median, hl=45.0d, 0 sold of 1",2026-09-15T23:53:11.785896+00:00
SBPY169J,18.7,30,1,0.0,0.0,29.1,"decay-wtd trimmed median, hl=45.0d, 0 sold of 1",2026-09-15T23:53:11.785896+00:00
SBTM087,18.7,30,1,0.0,0.0,29.1,"decay-wtd trimmed median, hl=45.0d, 0 sold of 1",2026-09-15T23:53:11.785896+00:00
SBXY073,144.98,30,1,0.0,0.0,29.1,"decay-wtd trimmed median, hl=45.0d, 0 sold of 1",2026-09-15T23:53:11.785896+00:00
SLA057,3348.0,30,1,0.0,0.0,30.1,"decay-wtd trimmed median, hl=45.0d, 0 sold of 1",2026-09-15T23:53:11.785896+00:00
SSVX019J,15.78,30,1,0.0,0.0,29.1,"decay-wtd trimmed median, hl=45.0d, 0 sold of 1",2026-09-15T23:53:11.785896+00:00
W1011554,1227.61,30,1,0.0,0.0,29.1,"decay-wtd trimmed median, hl=45.0d, 0 sold of 1",2026-09-15T23:53:11.785896+00:00
W5200004,4508.81,30,1,0.0,0.0,30.6,"decay-wtd trimmed median, hl=45.0d, 0 sold of 1",2026-09-15T23:53:11.785896+00:00
W5310046,4033.57,30,1,0.0,0.0,29.1,"decay-wtd trimmed median, hl=45.0d, 0 sold of 1",2026-09-15T23:53:11.785896+00:00
WF100013,10890.26,30,1,0.0,0.0,30.1,"decay-wtd trimmed median, hl=45.0d, 0 sold of 1",2026-09-15T23:53:11.785896+00:00
WGTA0235,100916.47,30,1,0.0,0.0,30.6,"decay-wtd trimmed median, hl=45.0d, 0 sold of 1",2026-09-15T23:53:11.785896+00:00
WSSA0039,6369.76,30,1,0.0,0.0,30.6,"decay-wtd trimmed median, hl=45.0d, 0 sold of 1",2026-09-15T23:53:11.785896+00:00
WSTA0136,3215.16,30,1,0.0,0.0,30.1,"decay-wtd trimmed median, hl=45.0d, 0 sold of 1",2026-09-15T23:53:11.785896+00:00
177200SVP,4984.83,29,2,0.0,2.6,24.1,"decay-wtd trimmed median, hl=45.0d, 0 sold of 2",2026-09-15T23:53:11.785896+00:00
220.13.38.20.09.001,6789.0,29,2,0.0,11.4,0.0,"decay-wtd trimmed median, hl=45.0d, 0 sold of 2",2026-09-15T23:53:11.785896+00:00
321.30.44.50.01.001,3036.0,29,2,0.0,0.0,32.1,"decay-wtd trimmed median, hl=45.0d, 0 sold of 2",2026-09-15T23:53:11.785896+00:00
5066A001,39751.08,29,2,0.0,6.3,13.0,"decay-wtd trimmed median, hl=45.0d, 0 sold of 2",2026-09-15T23:53:11.785896+00:00
522.92.44.20.04.001,9765.0,29,2,0.0,11.3,0.0,"decay-wtd trimmed median, hl=45.0d, 0 sold of 2",2026-09-15T23:53:11.785896+00:00
E10379351B1E1,7068.0,29,2,0.0,10.6,0.0,"decay-wtd trimmed median, hl=45.0d, 0 sold of 2",2026-09-15T23:53:11.785896+00:00
SADY001,15.78,29,2,0.0,11.5,0.0,"decay-wtd trimmed median, hl=45.0d, 0 sold of 2",2026-09-15T23:53:11.785896+00:00
SBGK017,8277.0,29,2,0.0,10.9,0.0,"decay-wtd trimmed median, hl=45.0d, 0 sold of 2",2026-09-15T23:53:11.785896+00:00
SBTH007,15.78,29,2,0.0,11.5,0.0,"decay-wtd trimmed median, hl=45.0d, 0 sold of 2",2026-09-15T23:53:11.785896+00:00
SFJ007,706.8,29,2,0.0,11.1,0.0,"decay-wtd trimmed median, hl=45.0d, 0 sold of 2",2026-09-15T23:53:11.785896+00:00
SPB210,720.75,29,2,0.0,11.1,0.0,"decay-wtd trimmed median, hl=45.0d, 0 sold of 2",2026-09-15T23:53:11.785896+00:00
SPB377,855.6,29,2,0.0,11.1,0.0,"decay-wtd trimmed median, hl=45.0d, 0 sold of 2",2026-09-15T23:53:11.785896+00:00
SPB379,1069.5,29,2,0.0,11.1,0.0,"decay-wtd trimmed median, hl=45.0d, 0 sold of 2",2026-09-15T23:53:11.785896+00:00
SPB521,706.8,29,2,0.0,11.1,0.0,"decay-wtd trimmed median, hl=45.0d, 0 sold of 2",2026-09-15T23:53:11.785896+00:00
SPB523,739.35,29,2,0.0,8.9,7.0,"decay-wtd trimmed median, hl=45.0d, 0 sold of 2",2026-09-15T23:53:11.785896+00:00
SRE021,288.3,29,2,0.0,10.8,0.0,"decay-wtd trimmed median, hl=45.0d, 0 sold of 2",2026-09-15T23:53:11.785896+00:00
SRE023,288.3,29,2,0.0,10.8,0.0,"decay-wtd trimmed median, hl=45.0d, 0 sold of 2",2026-09-15T23:53:11.785896+00:00
SSK019,372.0,29,2,0.0,10.6,0.0,"decay-wtd trimmed median, hl=45.0d, 0 sold of 2",2026-09-15T23:53:11.785896+00:00
W1009854,1286.07,29,2,0.0,10.2,3.0,"decay-wtd trimmed median, hl=45.0d, 0 sold of 2",2026-09-15T23:53:11.785896+00:00
W4TA0008,4513.13,29,2,0.0,3.1,24.1,"decay-wtd trimmed median, hl=45.0d, 0 sold of 2",2026-09-15T23:53:11.785896+00:00
116523GWH,17430.95,29,1,0.0,0.0,33.1,"decay-wtd trimmed median, hl=45.0d, 0 sold of 1",2026-09-15T23:53:11.785896+00:00
116613LNBK,12648.07,29,1,0.0,0.0,33.1,"decay-wtd trimmed median, hl=45.0d, 0 sold of 1",2026-09-15T23:53:11.785896+00:00
123.10.27.20.57.001,2536.2,29,1,0.0,0.0,32.1,"decay-wtd trimmed median, hl=45.0d, 0 sold of 1",2026-09-15T23:53:11.785896+00:00
126518LNG,49316.86,29,1,0.0,0.0,33.1,"decay-wtd trimmed median, hl=45.0d, 0 sold of 1",2026-09-15T23:53:11.785896+00:00
1505,6802.33,29,1,0.0,0.0,32.1,"decay-wtd trimmed median, hl=45.0d, 0 sold of 1",2026-09-15T23:53:11.785896+00:00
15300ST,38601.34,29,1,0.0,0.0,32.1,"decay-wtd trimmed median, hl=45.0d, 0 sold of 1",2026-09-15T23:53:11.785896+00:00
16233NRPK,7174.33,29,1,0.0,0.0,33.1,"decay-wtd trimmed median, hl=45.0d, 0 sold of 1",2026-09-15T23:53:11.785896+00:00
16519,29111.83,29,1,0.0,0.0,32.1,"decay-wtd trimmed median, hl=45.0d, 0 sold of 1",2026-09-15T23:53:11.785896+00:00
179173GMET,11585.21,29,1,0.0,0.0,32.1,"decay-wtd trimmed median, hl=45.0d, 0 sold of 1",2026-09-15T23:53:11.785896+00:00
20023,2206.56,29,1,0.0,0.0,32.1,"decay-wtd trimmed median, hl=45.0d, 0 sold of 1",2026-09-15T23:53:11.785896+00:00
221.10.42.40.01.001,2483.03,29,1,0.0,0.0,32.1,"decay-wtd trimmed median, hl=45.0d, 0 sold of 1",2026-09-15T23:53:11.785896+00:00
231.10.30.60.56.001,1541.92,29,1,0.0,0.0,32.1,"decay-wtd trimmed median, hl=45.0d, 0 sold of 1",2026-09-15T23:53:11.785896+00:00
231.10.44.52.04.001,2759.51,29,1,0.0,0.0,32.1,"decay-wtd trimmed median, hl=45.0d, 0 sold of 1",2026-09-15T23:53:11.785896+00:00
25870BC,31859.33,29,1,0.0,0.0,32.1,"decay-wtd trimmed median, hl=45.0d, 0 sold of 1",2026-09-15T23:53:11.785896+00:00
26595SR,20635.49,29,1,0.0,0.0,33.1,"decay-wtd trimmed median, hl=45.0d, 0 sold of 1",2026-09-15T23:53:11.785896+00:00
279173GCH,14773.8,29,1,0.0,0.0,32.1,"decay-wtd trimmed median, hl=45.0d, 0 sold of 1",2026-09-15T23:53:11.785896+00:00
323.30.40.40.01.001,3036.0,29,1,0.0,0.0,32.1,"decay-wtd trimmed median, hl=45.0d, 0 sold of 1",2026-09-15T23:53:11.785896+00:00
431.10.42.51.02.001,2759.51,29,1,0.0,0.0,32.1,"decay-wtd trimmed median, hl=45.0d, 0 sold of 1",2026-09-15T23:53:11.785896+00:00
433.13.41.21.02.001,2759.51,29,1,0.0,0.0,32.1,"decay-wtd trimmed median, hl=45.0d, 0 sold of 1",2026-09-15T23:53:11.785896+00:00
49471A001,30690.18,29,1,0.0,0.0,33.1,"decay-wtd trimmed median, hl=45.0d, 0 sold of 1",2026-09-15T23:53:11.785896+00:00
4962200R01,22798.42,29,1,0.0,0.0,33.1,"decay-wtd trimmed median, hl=45.0d, 0 sold of 1",2026-09-15T23:53:11.785896+00:00
522.33.40.20.04.004,6882.0,29,1,0.0,0.0,33.5,"decay-wtd trimmed median, hl=45.0d, 0 sold of 1",2026-09-15T23:53:11.785896+00:00
57111A011,248444.27,29,1,0.0,0.0,32.1,"decay-wtd trimmed median, hl=45.0d, 0 sold of 1",2026-09-15T23:53:11.785896+00:00
69174IVR,4320.54,29,1,0.0,0.0,33.1,"decay-wtd trimmed median, hl=45.0d, 0 sold of 1",2026-09-15T23:53:11.785896+00:00
69190,2759.51,29,1,0.0,0.0,32.1,"decay-wtd trimmed median, hl=45.0d, 0 sold of 1",2026-09-15T23:53:11.785896+00:00
81004,2396.76,29,1,0.0,0.0,33.1,"decay-wtd trimmed median, hl=45.0d, 0 sold of 1",2026-09-15T23:53:11.785896+00:00
8648,1743.1,29,1,0.0,0.0,33.1,"decay-wtd trimmed median, hl=45.0d, 0 sold of 1",2026-09-15T23:53:11.785896+00:00
A13050,2041.72,29,1,0.0,0.0,32.1,"decay-wtd trimmed median, hl=45.0d, 0 sold of 1",2026-09-15T23:53:11.785896+00:00
A13317101B1A1,2536.2,29,1,0.0,0.0,32.1,"decay-wtd trimmed median, hl=45.0d, 0 sold of 1",2026-09-15T23:53:11.785896+00:00
A13341,2371.38,29,1,0.0,0.0,32.1,"decay-wtd trimmed median, hl=45.0d, 0 sold of 1",2026-09-15T23:53:11.785896+00:00
A13352,2759.51,29,1,0.0,0.0,32.1,"decay-wtd trimmed median, hl=45.0d, 0 sold of 1",2026-09-15T23:53:11.785896+00:00
A13356,1930.07,29,1,0.0,0.0,32.1,"decay-wtd trimmed median, hl=45.0d, 0 sold of 1",2026-09-15T23:53:11.785896+00:00
A1338111A808,2536.2,29,1,0.0,0.0,32.1,"decay-wtd trimmed median, hl=45.0d, 0 sold of 1",2026-09-15T23:53:11.785896+00:00
A17319101I1A1,2371.38,29,1,0.0,0.0,32.1,"decay-wtd trimmed median, hl=45.0d, 0 sold of 1",2026-09-15T23:53:11.785896+00:00
A17388,1488.75,29,1,0.0,0.0,32.1,"decay-wtd trimmed median, hl=45.0d, 0 sold of 1",2026-09-15T23:53:11.785896+00:00
A32397101B1A1,2429.87,29,1,0.0,0.0,32.1,"decay-wtd trimmed median, hl=45.0d, 0 sold of 1",2026-09-15T23:53:11.785896+00:00
A4136012,2759.51,29,1,0.0,0.0,32.1,"decay-wtd trimmed median, hl=45.0d, 0 sold of 1",2026-09-15T23:53:11.785896+00:00
A71356LA,2206.56,29,1,0.0,0.0,32.1,"decay-wtd trimmed median, hl=45.0d, 0 sold of 1",2026-09-15T23:53:11.785896+00:00
A73380,1541.92,29,1,0.0,0.0,32.1,"decay-wtd trimmed median, hl=45.0d, 0 sold of 1",2026-09-15T23:53:11.785896+00:00
AB2020161C1S1,2536.2,29,1,0.0,0.0,32.1,"decay-wtd trimmed median, hl=45.0d, 0 sold of 1",2026-09-15T23:53:11.785896+00:00
B52345,2206.56,29,1,0.0,0.0,32.1,"decay-wtd trimmed median, hl=45.0d, 0 sold of 1",2026-09-15T23:53:11.785896+00:00
HAB011,2697.0,29,1,0.0,0.0,33.5,"decay-wtd trimmed median, hl=45.0d, 0 sold of 1",2026-09-15T23:53:11.785896+00:00
HBC006,837.0,29,1,0.0,0.0,33.5,"decay-wtd trimmed median, hl=45.0d, 0 sold of 1",2026-09-15T23:53:11.785896+00:00
HBJ005,697.5,29,1,0.0,0.0,33.5,"decay-wtd trimmed median, hl=45.0d, 0 sold of 1",2026-09-15T23:53:11.785896+00:00
HCB006,581.25,29,1,0.0,0.0,33.5,"decay-wtd trimmed median, hl=45.0d, 0 sold of 1",2026-09-15T23:53:11.785896+00:00
HDB003,418.5,29,1,0.0,0.0,33.5,"decay-wtd trimmed median, hl=45.0d, 0 sold of 1",2026-09-15T23:53:11.785896+00:00
IW327004,2759.51,29,1,0.0,0.0,32.1,"decay-wtd trimmed median, hl=45.0d, 0 sold of 1",2026-09-15T23:53:11.785896+00:00
IW356506,2259.72,29,1,0.0,0.0,32.1,"decay-wtd trimmed median, hl=45.0d, 0 sold of 1",2026-09-15T23:53:11.785896+00:00
SBGH001,2110.02,29,1,0.0,0.0,33.1,"decay-wtd trimmed median, hl=45.0d, 0 sold of 1",2026-09-15T23:53:11.785896+00:00
SBGR101,2759.51,29,1,0.0,0.0,32.1,"decay-wtd trimmed median, hl=45.0d, 0 sold of 1",2026-09-15T23:53:11.785896+00:00
SBGT017,1930.07,29,1,0.0,0.0,32.1,"decay-wtd trimmed median, hl=45.0d, 0 sold of 1",2026-09-15T23:53:11.785896+00:00
SBGT038,1930.07,29,1,0.0,0.0,32.1,"decay-wtd trimmed median, hl=45.0d, 0 sold of 1",2026-09-15T23:53:11.785896+00:00
SBGT039,1983.23,29,1,0.0,0.0,32.1,"decay-wtd trimmed median, hl=45.0d, 0 sold of 1",2026-09-15T23:53:11.785896+00:00
SBSC021,385.82,29,1,0.0,0.0,32.1,"decay-wtd trimmed median, hl=45.0d, 0 sold of 1",2026-09-15T23:53:11.785896+00:00
SBXC143,2536.2,29,1,0.0,0.0,32.1,"decay-wtd trimmed median, hl=45.0d, 0 sold of 1",2026-09-15T23:53:11.785896+00:00
SLGA001,10323.0,29,1,0.0,0.0,33.5,"decay-wtd trimmed median, hl=45.0d, 0 sold of 1",2026-09-15T23:53:11.785896+00:00
SSVS001J,115.16,29,1,0.0,0.0,33.5,"decay-wtd trimmed median, hl=45.0d, 0 sold of 1",2026-09-15T23:53:11.785896+00:00
SSVW221J,191.15,29,1,0.0,0.0,33.5,"decay-wtd trimmed median, hl=45.0d, 0 sold of 1",2026-09-15T23:53:11.785896+00:00
SWFA153J,113.4,29,1,0.0,0.0,33.5,"decay-wtd trimmed median, hl=45.0d, 0 sold of 1",2026-09-15T23:53:11.785896+00:00
SWFA195,64.3,29,1,0.0,0.0,33.5,"decay-wtd trimmed median, hl=45.0d, 0 sold of 1",2026-09-15T23:53:11.785896+00:00
SWFA196,103.47,29,1,0.0,0.0,33.5,"decay-wtd trimmed median, hl=45.0d, 0 sold of 1",2026-09-15T23:53:11.785896+00:00
SWFA198,135.04,29,1,0.0,0.0,33.5,"decay-wtd trimmed median, hl=45.0d, 0 sold of 1",2026-09-15T23:53:11.785896+00:00
SWFA202,88.85,29,1,0.0,0.0,33.5,"decay-wtd trimmed median, hl=45.0d, 0 sold of 1",2026-09-15T23:53:11.785896+00:00
SWFH044J,115.16,29,1,0.0,0.0,33.5,"decay-wtd trimmed median, hl=45.0d, 0 sold of 1",2026-09-15T23:53:11.785896+00:00
SWFH148,113.4,29,1,0.0,0.0,33.5,"decay-wtd trimmed median, hl=45.0d, 0 sold of 1",2026-09-15T23:53:11.785896+00:00
W4BB0008,3036.0,29,1,0.0,0.0,32.1,"decay-wtd trimmed median, hl=45.0d, 0 sold of 1",2026-09-15T23:53:11.785896+00:00
WSBB0002,2924.35,29,1,0.0,0.0,32.1,"decay-wtd trimmed median, hl=45.0d, 0 sold of 1",2026-09-15T23:53:11.785896+00:00
WSBB0003,2924.35,29,1,0.0,0.0,32.1,"decay-wtd trimmed median, hl=45.0d, 0 sold of 1",2026-09-15T23:53:11.785896+00:00
WSCL0005,2371.38,29,1,0.0,0.0,32.1,"decay-wtd trimmed median, hl=45.0d, 0 sold of 1",2026-09-15T23:53:11.785896+00:00
X82310,1653.59,29,1,0.0,0.0,32.1,"decay-wtd trimmed median, hl=45.0d, 0 sold of 1",2026-09-15T23:53:11.785896+00:00
SBXC183,1294.31,28,4,0.0,34.0,6.0,"decay-wtd trimmed median, hl=45.0d, 0 sold of 4",2026-09-15T23:53:11.785896+00:00
135836,16338.19,28,2,0.0,0.2,35.0,"decay-wtd trimmed median, hl=45.0d, 0 sold of 2",2026-09-15T23:53:11.785896+00:00
145927,13828.92,28,2,0.0,0.2,35.0,"decay-wtd trimmed median, hl=45.0d, 0 sold of 2",2026-09-15T23:53:11.785896+00:00
15000,4318.32,28,2,0.0,7.6,14.5,"decay-wtd trimmed median, hl=45.0d, 0 sold of 2",2026-09-15T23:53:11.785896+00:00
15551BC.ZZ.D405CR.01,80854.55,28,2,0.0,0.2,35.0,"decay-wtd trimmed median, hl=45.0d, 0 sold of 2",2026-09-15T23:53:11.785896+00:00
212.30.36.61.01.001,2435.19,28,2,0.0,2.0,30.6,"decay-wtd trimmed median, hl=45.0d, 0 sold of 2",2026-09-15T23:53:11.785896+00:00
220.12.41.21.02.002,4928.07,28,2,0.0,12.4,0.0,"decay-wtd trimmed median, hl=45.0d, 0 sold of 2",2026-09-15T23:53:11.785896+00:00
279161,9367.97,28,2,0.0,0.2,35.0,"decay-wtd trimmed median, hl=45.0d, 0 sold of 2",2026-09-15T23:53:11.785896+00:00
424.10.37.20.02.001,1344.52,28,2,0.0,12.4,0.0,"decay-wtd trimmed median, hl=45.0d, 0 sold of 2",2026-09-15T23:53:11.785896+00:00
434.20.30.60.05.001,1996.27,28,2,0.0,0.2,35.0,"decay-wtd trimmed median, hl=45.0d, 0 sold of 2",2026-09-15T23:53:11.785896+00:00
4605V200RB978,51189.3,28,2,0.0,0.2,35.0,"decay-wtd trimmed median, hl=45.0d, 0 sold of 2",2026-09-15T23:53:11.785896+00:00
66912OR,8810.36,28,2,0.0,0.2,35.0,"decay-wtd trimmed median, hl=45.0d, 0 sold of 2",2026-09-15T23:53:11.785896+00:00
67180,3055.75,28,2,0.0,0.2,35.0,"decay-wtd trimmed median, hl=45.0d, 0 sold of 2",2026-09-15T23:53:11.785896+00:00
67480,3613.36,28,2,0.0,0.2,35.0,"decay-wtd trimmed median, hl=45.0d, 0 sold of 2",2026-09-15T23:53:11.785896+00:00
77451OR,88103.59,28,2,0.0,0.2,35.0,"decay-wtd trimmed median, hl=45.0d, 0 sold of 2",2026-09-15T23:53:11.785896+00:00
79163,4728.6,28,2,0.0,0.2,35.0,"decay-wtd trimmed median, hl=45.0d, 0 sold of 2",2026-09-15T23:53:11.785896+00:00
79173OPG,8810.36,28,2,0.0,0.2,35.0,"decay-wtd trimmed median, hl=45.0d, 0 sold of 2",2026-09-15T23:53:11.785896+00:00
79363BA,10483.21,28,2,0.0,0.2,35.0,"decay-wtd trimmed median, hl=45.0d, 0 sold of 2",2026-09-15T23:53:11.785896+00:00
91450,1388.6,28,2,0.0,11.9,0.0,"decay-wtd trimmed median, hl=45.0d, 0 sold of 2",2026-09-15T23:53:11.785896+00:00
AB3114101C1A1,5529.04,28,2,0.0,12.4,0.0,"decay-wtd trimmed median, hl=45.0d, 0 sold of 2",2026-09-15T23:53:11.785896+00:00
IW357411,2721.17,28,2,0.0,0.2,35.0,"decay-wtd trimmed median, hl=45.0d, 0 sold of 2",2026-09-15T23:53:11.785896+00:00
Q2588422,9925.59,28,2,0.0,0.2,35.0,"decay-wtd trimmed median, hl=45.0d, 0 sold of 2",2026-09-15T23:53:11.785896+00:00
Q2618130,4394.03,28,2,0.0,0.2,35.0,"decay-wtd trimmed median, hl=45.0d, 0 sold of 2",2026-09-15T23:53:11.785896+00:00
Q2618420,2647.86,28,2,0.0,2.1,30.6,"decay-wtd trimmed median, hl=45.0d, 0 sold of 2",2026-09-15T23:53:11.785896+00:00
Q3342520,14386.53,28,2,0.0,0.2,35.0,"decay-wtd trimmed median, hl=45.0d, 0 sold of 2",2026-09-15T23:53:11.785896+00:00
Q3348420,9479.5,28,2,0.0,0.2,35.0,"decay-wtd trimmed median, hl=45.0d, 0 sold of 2",2026-09-15T23:53:11.785896+00:00
Q3468190,5174.69,28,2,0.0,0.2,35.0,"decay-wtd trimmed median, hl=45.0d, 0 sold of 2",2026-09-15T23:53:11.785896+00:00
Q3572430,14386.53,28,2,0.0,0.2,35.0,"decay-wtd trimmed median, hl=45.0d, 0 sold of 2",2026-09-15T23:53:11.785896+00:00
Q3578430,11040.83,28,2,0.0,0.2,35.0,"decay-wtd trimmed median, hl=45.0d, 0 sold of 2",2026-09-15T23:53:11.785896+00:00
Q3658110,6133.8,28,2,0.0,0.2,35.0,"decay-wtd trimmed median, hl=45.0d, 0 sold of 2",2026-09-15T23:53:11.785896+00:00
SAGA061J,66.64,28,2,0.0,12.3,0.0,"decay-wtd trimmed median, hl=45.0d, 0 sold of 2",2026-09-15T23:53:11.785896+00:00
SBGA499,5394.0,28,2,0.0,12.1,0.0,"decay-wtd trimmed median, hl=45.0d, 0 sold of 2",2026-09-15T23:53:11.785896+00:00
SBGH039,2913.71,28,2,0.0,2.1,30.6,"decay-wtd trimmed median, hl=45.0d, 0 sold of 2",2026-09-15T23:53:11.785896+00:00
SBTM145J,26.89,28,2,0.0,12.2,0.0,"decay-wtd trimmed median, hl=45.0d, 0 sold of 2",2026-09-15T23:53:11.785896+00:00
SPB155,530.1,28,2,0.0,12.0,0.0,"decay-wtd trimmed median, hl=45.0d, 0 sold of 2",2026-09-15T23:53:11.785896+00:00
SPB249,548.7,28,2,0.0,11.9,0.0,"decay-wtd trimmed median, hl=45.0d, 0 sold of 2",2026-09-15T23:53:11.785896+00:00
SSH159,1813.5,28,2,0.0,12.4,0.0,"decay-wtd trimmed median, hl=45.0d, 0 sold of 2",2026-09-15T23:53:11.785896+00:00
SSH163,1813.5,28,2,0.0,12.4,0.0,"decay-wtd trimmed median, hl=45.0d, 0 sold of 2",2026-09-15T23:53:11.785896+00:00
SSK001,460.35,28,2,0.0,11.9,0.0,"decay-wtd trimmed median, hl=45.0d, 0 sold of 2",2026-09-15T23:53:11.785896+00:00
SSK003,460.35,28,2,0.0,11.9,0.0,"decay-wtd trimmed median, hl=45.0d, 0 sold of 2",2026-09-15T23:53:11.785896+00:00
SSK005,362.7,28,2,0.0,11.9,0.0,"decay-wtd trimmed median, hl=45.0d, 0 sold of 2",2026-09-15T23:53:11.785896+00:00
SSK017,460.35,28,2,0.0,11.9,0.0,"decay-wtd trimmed median, hl=45.0d, 0 sold of 2",2026-09-15T23:53:11.785896+00:00
SSK021,362.7,28,2,0.0,11.9,0.0,"decay-wtd trimmed median, hl=45.0d, 0 sold of 2",2026-09-15T23:53:11.785896+00:00
SSK025,316.2,28,2,0.0,12.3,0.0,"decay-wtd trimmed median, hl=45.0d, 0 sold of 2",2026-09-15T23:53:11.785896+00:00
SSK035,460.35,28,2,0.0,11.9,0.0,"decay-wtd trimmed median, hl=45.0d, 0 sold of 2",2026-09-15T23:53:11.785896+00:00
SSK036,344.1,28,2,0.0,12.4,0.0,"decay-wtd trimmed median, hl=45.0d, 0 sold of 2",2026-09-15T23:53:11.785896+00:00
SSK037,455.7,28,2,0.0,12.1,0.0,"decay-wtd trimmed median, hl=45.0d, 0 sold of 2",2026-09-15T23:53:11.785896+00:00
STGK009G,96.45,28,2,0.0,12.5,0.0,"decay-wtd trimmed median, hl=45.0d, 0 sold of 2",2026-09-15T23:53:11.785896+00:00
W1016230,2776.93,28,2,0.0,0.2,35.0,"decay-wtd trimmed median, hl=45.0d, 0 sold of 2",2026-09-15T23:53:11.785896+00:00
W1506051,8810.36,28,2,0.0,0.2,35.0,"decay-wtd trimmed median, hl=45.0d, 0 sold of 2",2026-09-15T23:53:11.785896+00:00
W2PN0012,10037.12,28,2,0.0,0.2,35.0,"decay-wtd trimmed median, hl=45.0d, 0 sold of 2",2026-09-15T23:53:11.785896+00:00
W2SA0046,6133.8,28,2,0.0,0.2,35.0,"decay-wtd trimmed median, hl=45.0d, 0 sold of 2",2026-09-15T23:53:11.785896+00:00
W6301455,2219.31,28,2,0.0,0.2,35.0,"decay-wtd trimmed median, hl=45.0d, 0 sold of 2",2026-09-15T23:53:11.785896+00:00
WSPN0007,4907.03,28,2,0.0,0.2,35.0,"decay-wtd trimmed median, hl=45.0d, 0 sold of 2",2026-09-15T23:53:11.785896+00:00
WSSA0086,4042.46,28,2,0.0,0.2,35.0,"decay-wtd trimmed median, hl=45.0d, 0 sold of 2",2026-09-15T23:53:11.785896+00:00
WSTA0086,4170.98,28,2,0.0,0.2,35.0,"decay-wtd trimmed median, hl=45.0d, 0 sold of 2",2026-09-15T23:53:11.785896+00:00
WSTA0122,3791.8,28,2,0.0,0.2,35.0,"decay-wtd trimmed median, hl=45.0d, 0 sold of 2",2026-09-15T23:53:11.785896+00:00
10625,3346.33,28,1,0.0,0.0,35.5,"decay-wtd trimmed median, hl=45.0d, 0 sold of 1",2026-09-15T23:53:11.785896+00:00
10631,2954.61,28,1,0.0,0.0,35.5,"decay-wtd trimmed median, hl=45.0d, 0 sold of 1",2026-09-15T23:53:11.785896+00:00
116515,33015.58,28,1,0.0,0.0,35.5,"decay-wtd trimmed median, hl=45.0d, 0 sold of 1",2026-09-15T23:53:11.785896+00:00
116598SACO,110798.03,28,1,0.0,0.0,35.5,"decay-wtd trimmed median, hl=45.0d, 0 sold of 1",2026-09-15T23:53:11.785896+00:00
116619GLB,49243.57,28,1,0.0,0.0,35.5,"decay-wtd trimmed median, hl=45.0d, 0 sold of 1",2026-09-15T23:53:11.785896+00:00
116758SARU,103523.42,28,1,0.0,0.0,35.5,"decay-wtd trimmed median, hl=45.0d, 0 sold of 1",2026-09-15T23:53:11.785896+00:00
12081,1219.9,28,1,0.0,0.0,35.5,"decay-wtd trimmed median, hl=45.0d, 0 sold of 1",2026-09-15T23:53:11.785896+00:00
126528LN,194735.94,28,1,0.0,0.0,35.5,"decay-wtd trimmed median, hl=45.0d, 0 sold of 1",2026-09-15T23:53:11.785896+00:00
130.23.39.21.02.001,5584.67,28,1,0.0,0.0,35.5,"decay-wtd trimmed median, hl=45.0d, 0 sold of 1",2026-09-15T23:53:11.785896+00:00
130.23.39.21.03.001,5584.67,28,1,0.0,0.0,35.5,"decay-wtd trimmed median, hl=45.0d, 0 sold of 1",2026-09-15T23:53:11.785896+00:00
15505,6603.12,28,1,0.0,0.0,35.5,"decay-wtd trimmed median, hl=45.0d, 0 sold of 1",2026-09-15T23:53:11.785896+00:00
15720CN,43088.13,28,1,0.0,0.0,35.5,"decay-wtd trimmed median, hl=45.0d, 0 sold of 1",2026-09-15T23:53:11.785896+00:00
16250,7554.41,28,1,0.0,0.0,35.5,"decay-wtd trimmed median, hl=45.0d, 0 sold of 1",2026-09-15T23:53:11.785896+00:00
16258,33463.24,28,1,0.0,0.0,35.5,"decay-wtd trimmed median, hl=45.0d, 0 sold of 1",2026-09-15T23:53:11.785896+00:00
16519NA,33463.24,28,1,0.0,0.0,35.5,"decay-wtd trimmed median, hl=45.0d, 0 sold of 1",2026-09-15T23:53:11.785896+00:00
168000,10520.22,28,1,0.0,0.0,35.5,"decay-wtd trimmed median, hl=45.0d, 0 sold of 1",2026-09-15T23:53:11.785896+00:00
210.22.42.20.03.002,6267.36,28,1,0.0,0.0,35.5,"decay-wtd trimmed median, hl=45.0d, 0 sold of 1",2026-09-15T23:53:11.785896+00:00
212.30.44.52.01.001,3682.07,28,1,0.0,0.0,35.5,"decay-wtd trimmed median, hl=45.0d, 0 sold of 1",2026-09-15T23:53:11.785896+00:00
212.30.44.52.03.001,3682.07,28,1,0.0,0.0,35.5,"decay-wtd trimmed median, hl=45.0d, 0 sold of 1",2026-09-15T23:53:11.785896+00:00
215.30.46.51.03.001,5472.75,28,1,0.0,0.0,35.5,"decay-wtd trimmed median, hl=45.0d, 0 sold of 1",2026-09-15T23:53:11.785896+00:00
215.30.46.51.99.001,6099.49,28,1,0.0,0.0,35.5,"decay-wtd trimmed median, hl=45.0d, 0 sold of 1",2026-09-15T23:53:11.785896+00:00
215.33.44.21.03.001,4297.62,28,1,0.0,0.0,35.5,"decay-wtd trimmed median, hl=45.0d, 0 sold of 1",2026-09-15T23:53:11.785896+00:00
215.92.46.51.99.001,6379.28,28,1,0.0,0.0,35.5,"decay-wtd trimmed median, hl=45.0d, 0 sold of 1",2026-09-15T23:53:11.785896+00:00
228398TBR,103523.42,28,1,0.0,0.0,35.5,"decay-wtd trimmed median, hl=45.0d, 0 sold of 1",2026-09-15T23:53:11.785896+00:00
26612TI.OO.D002CA.01,156684.09,28,1,0.0,0.0,35.5,"decay-wtd trimmed median, hl=45.0d, 0 sold of 1",2026-09-15T23:53:11.785896+00:00
311.50.39.30.01.001,49691.24,28,1,0.0,0.0,35.5,"decay-wtd trimmed median, hl=45.0d, 0 sold of 1",2026-09-15T23:53:11.785896+00:00
431.13.41.22.02.001,4073.78,28,1,0.0,0.0,35.5,"decay-wtd trimmed median, hl=45.0d, 0 sold of 1",2026-09-15T23:53:11.785896+00:00
434.10.40.20.01.001,3178.45,28,1,0.0,0.0,35.5,"decay-wtd trimmed median, hl=45.0d, 0 sold of 1",2026-09-15T23:53:11.785896+00:00
434.10.41.21.10.001,3849.95,28,1,0.0,0.0,35.5,"decay-wtd trimmed median, hl=45.0d, 0 sold of 1",2026-09-15T23:53:11.785896+00:00
435.18.40.21.02.001,5875.66,28,1,0.0,0.0,35.5,"decay-wtd trimmed median, hl=45.0d, 0 sold of 1",2026-09-15T23:53:11.785896+00:00
75190,3849.95,28,1,0.0,0.0,35.5,"decay-wtd trimmed median, hl=45.0d, 0 sold of 1",2026-09-15T23:53:11.785896+00:00
90100,1611.61,28,1,0.0,0.0,35.5,"decay-wtd trimmed median, hl=45.0d, 0 sold of 1",2026-09-15T23:53:11.785896+00:00
93150,13877.74,28,1,0.0,0.0,35.5,"decay-wtd trimmed median, hl=45.0d, 0 sold of 1",2026-09-15T23:53:11.785896+00:00
94210,10352.34,28,1,0.0,0.0,35.5,"decay-wtd trimmed median, hl=45.0d, 0 sold of 1",2026-09-15T23:53:11.785896+00:00
A13315351B1A1,2786.75,28,1,0.0,0.0,35.5,"decay-wtd trimmed median, hl=45.0d, 0 sold of 1",2026-09-15T23:53:11.785896+00:00
A17318101B1A1,2171.2,28,1,0.0,0.0,35.5,"decay-wtd trimmed median, hl=45.0d, 0 sold of 1",2026-09-15T23:53:11.785896+00:00
A17328101B1A1,2954.61,28,1,0.0,0.0,35.5,"decay-wtd trimmed median, hl=45.0d, 0 sold of 1",2026-09-15T23:53:11.785896+00:00
A17329371L1P1,3402.28,28,1,0.0,0.0,35.5,"decay-wtd trimmed median, hl=45.0d, 0 sold of 1",2026-09-15T23:53:11.785896+00:00
A17331101I1A1,2171.2,28,1,0.0,0.0,35.5,"decay-wtd trimmed median, hl=45.0d, 0 sold of 1",2026-09-15T23:53:11.785896+00:00
A3239011,2674.82,28,1,0.0,0.0,35.5,"decay-wtd trimmed median, hl=45.0d, 0 sold of 1",2026-09-15T23:53:11.785896+00:00
A7338811,1723.52,28,1,0.0,0.0,35.5,"decay-wtd trimmed median, hl=45.0d, 0 sold of 1",2026-09-15T23:53:11.785896+00:00
AB0147101A1A1,3905.92,28,1,0.0,0.0,35.5,"decay-wtd trimmed median, hl=45.0d, 0 sold of 1",2026-09-15T23:53:11.785896+00:00
AB0147101B1X1,3793.99,28,1,0.0,0.0,35.5,"decay-wtd trimmed median, hl=45.0d, 0 sold of 1",2026-09-15T23:53:11.785896+00:00
AB0147101L1X1,3793.99,28,1,0.0,0.0,35.5,"decay-wtd trimmed median, hl=45.0d, 0 sold of 1",2026-09-15T23:53:11.785896+00:00
AB0158101C1A1,6267.36,28,1,0.0,0.0,35.5,"decay-wtd trimmed median, hl=45.0d, 0 sold of 1",2026-09-15T23:53:11.785896+00:00
AB01763A1C1A1,4465.5,28,1,0.0,0.0,35.5,"decay-wtd trimmed median, hl=45.0d, 0 sold of 1",2026-09-15T23:53:11.785896+00:00
AB2010161C1S1,2506.95,28,1,0.0,0.0,35.5,"decay-wtd trimmed median, hl=45.0d, 0 sold of 1",2026-09-15T23:53:11.785896+00:00
AB2020121L1A1,2730.78,28,1,0.0,0.0,35.5,"decay-wtd trimmed median, hl=45.0d, 0 sold of 1",2026-09-15T23:53:11.785896+00:00
AB3112241B1S1,4073.78,28,1,0.0,0.0,35.5,"decay-wtd trimmed median, hl=45.0d, 0 sold of 1",2026-09-15T23:53:11.785896+00:00
E10379D31L1S1,3402.28,28,1,0.0,0.0,35.5,"decay-wtd trimmed median, hl=45.0d, 0 sold of 1",2026-09-15T23:53:11.785896+00:00
EB0136251M1E1,8281.87,28,1,0.0,0.0,35.5,"decay-wtd trimmed median, hl=45.0d, 0 sold of 1",2026-09-15T23:53:11.785896+00:00
EB0136251M1S1,6099.49,28,1,0.0,0.0,35.5,"decay-wtd trimmed median, hl=45.0d, 0 sold of 1",2026-09-15T23:53:11.785896+00:00
EB0148101C1E1,4801.25,28,1,0.0,0.0,35.5,"decay-wtd trimmed median, hl=45.0d, 0 sold of 1",2026-09-15T23:53:11.785896+00:00
H37511131,390.11,28,1,0.0,0.0,35.5,"decay-wtd trimmed median, hl=45.0d, 0 sold of 1",2026-09-15T23:53:11.785896+00:00
H77785733,884.14,28,1,0.0,0.0,35.5,"decay-wtd trimmed median, hl=45.0d, 0 sold of 1",2026-09-15T23:53:11.785896+00:00
HAC002J,738.65,28,1,0.0,0.0,35.5,"decay-wtd trimmed median, hl=45.0d, 0 sold of 1",2026-09-15T23:53:11.785896+00:00
HAD001J,787.68,28,1,0.0,0.0,35.5,"decay-wtd trimmed median, hl=45.0d, 0 sold of 1",2026-09-15T23:53:11.785896+00:00
IW328106,6435.24,28,1,0.0,0.0,35.5,"decay-wtd trimmed median, hl=45.0d, 0 sold of 1",2026-09-15T23:53:11.785896+00:00
IW371606,6323.32,28,1,0.0,0.0,35.5,"decay-wtd trimmed median, hl=45.0d, 0 sold of 1",2026-09-15T23:53:11.785896+00:00
IW371615,6323.32,28,1,0.0,0.0,35.5,"decay-wtd trimmed median, hl=45.0d, 0 sold of 1",2026-09-15T23:53:11.785896+00:00
IW371620,6323.32,28,1,0.0,0.0,35.5,"decay-wtd trimmed median, hl=45.0d, 0 sold of 1",2026-09-15T23:53:11.785896+00:00
IW372504,3525.4,28,1,0.0,0.0,35.5,"decay-wtd trimmed median, hl=45.0d, 0 sold of 1",2026-09-15T23:53:11.785896+00:00
IW378002,5875.66,28,1,0.0,0.0,35.5,"decay-wtd trimmed median, hl=45.0d, 0 sold of 1",2026-09-15T23:53:11.785896+00:00
IW388106,10576.17,28,1,0.0,0.0,35.5,"decay-wtd trimmed median, hl=45.0d, 0 sold of 1",2026-09-15T23:53:11.785896+00:00
IW388308,15556.49,28,1,0.0,0.0,35.5,"decay-wtd trimmed median, hl=45.0d, 0 sold of 1",2026-09-15T23:53:11.785896+00:00
IW389105,8841.46,28,1,0.0,0.0,35.5,"decay-wtd trimmed median, hl=45.0d, 0 sold of 1",2026-09-15T23:53:11.785896+00:00
IW389401,7442.49,28,1,0.0,0.0,35.5,"decay-wtd trimmed median, hl=45.0d, 0 sold of 1",2026-09-15T23:53:11.785896+00:00
IW389409,9345.09,28,1,0.0,0.0,35.5,"decay-wtd trimmed median, hl=45.0d, 0 sold of 1",2026-09-15T23:53:11.785896+00:00
IW500505,5875.66,28,1,0.0,0.0,35.5,"decay-wtd trimmed median, hl=45.0d, 0 sold of 1",2026-09-15T23:53:11.785896+00:00
IW506201,25181.38,28,1,0.0,0.0,35.5,"decay-wtd trimmed median, hl=45.0d, 0 sold of 1",2026-09-15T23:53:11.785896+00:00
M17368D71C1S1,2283.11,28,1,0.0,0.0,35.5,"decay-wtd trimmed median, hl=45.0d, 0 sold of 1",2026-09-15T23:53:11.785896+00:00
M17368D71C1S2,2339.07,28,1,0.0,0.0,35.5,"decay-wtd trimmed median, hl=45.0d, 0 sold of 1",2026-09-15T23:53:11.785896+00:00
PB0134101C1S2,6647.88,28,1,0.0,0.0,35.5,"decay-wtd trimmed median, hl=45.0d, 0 sold of 1",2026-09-15T23:53:11.785896+00:00
Q1308470,20033.19,28,1,0.0,0.0,35.5,"decay-wtd trimmed median, hl=45.0d, 0 sold of 1",2026-09-15T23:53:11.785896+00:00
Q1368480,9233.17,28,1,0.0,0.0,35.5,"decay-wtd trimmed median, hl=45.0d, 0 sold of 1",2026-09-15T23:53:11.785896+00:00
Q1372520,13430.06,28,1,0.0,0.0,35.5,"decay-wtd trimmed median, hl=45.0d, 0 sold of 1",2026-09-15T23:53:11.785896+00:00
Q3858523,8281.87,28,1,0.0,0.0,35.5,"decay-wtd trimmed median, hl=45.0d, 0 sold of 1",2026-09-15T23:53:11.785896+00:00
Q4138480,14549.24,28,1,0.0,0.0,35.5,"decay-wtd trimmed median, hl=45.0d, 0 sold of 1",2026-09-15T23:53:11.785896+00:00
SADA039,624.08,28,1,0.0,0.0,35.5,"decay-wtd trimmed median, hl=45.0d, 0 sold of 1",2026-09-15T23:53:11.785896+00:00
SADZ185,520.68,28,1,0.0,0.0,35.5,"decay-wtd trimmed median, hl=45.0d, 0 sold of 1",2026-09-15T23:53:11.785896+00:00
SADZ187,520.68,28,1,0.0,0.0,35.5,"decay-wtd trimmed median, hl=45.0d, 0 sold of 1",2026-09-15T23:53:11.785896+00:00
SADZ188,520.68,28,1,0.0,0.0,35.5,"decay-wtd trimmed median, hl=45.0d, 0 sold of 1",2026-09-15T23:53:11.785896+00:00
SADZ197,520.68,28,1,0.0,0.0,35.5,"decay-wtd trimmed median, hl=45.0d, 0 sold of 1",2026-09-15T23:53:11.785896+00:00
SADZ200,520.68,28,1,0.0,0.0,35.5,"decay-wtd trimmed median, hl=45.0d, 0 sold of 1",2026-09-15T23:53:11.785896+00:00
SADZ202,677.9,28,1,0.0,0.0,35.5,"decay-wtd trimmed median, hl=45.0d, 0 sold of 1",2026-09-15T23:53:11.785896+00:00
SARJ010,892.14,28,1,0.0,0.0,35.5,"decay-wtd trimmed median, hl=45.0d, 0 sold of 1",2026-09-15T23:53:11.785896+00:00
SARX126,769.04,28,1,0.0,0.0,35.5,"decay-wtd trimmed median, hl=45.0d, 0 sold of 1",2026-09-15T23:53:11.785896+00:00
SARY093,339.48,28,1,0.0,0.0,35.5,"decay-wtd trimmed median, hl=45.0d, 0 sold of 1",2026-09-15T23:53:11.785896+00:00
SARY229,378.38,28,1,0.0,0.0,35.5,"decay-wtd trimmed median, hl=45.0d, 0 sold of 1",2026-09-15T23:53:11.785896+00:00
SARY237,339.48,28,1,0.0,0.0,35.5,"decay-wtd trimmed median, hl=45.0d, 0 sold of 1",2026-09-15T23:53:11.785896+00:00
SARY241,339.48,28,1,0.0,0.0,35.5,"decay-wtd trimmed median, hl=45.0d, 0 sold of 1",2026-09-15T23:53:11.785896+00:00
SARY243,339.48,28,1,0.0,0.0,35.5,"decay-wtd trimmed median, hl=45.0d, 0 sold of 1",2026-09-15T23:53:11.785896+00:00
SBDJ063,319.76,28,1,0.0,0.0,35.5,"decay-wtd trimmed median, hl=45.0d, 0 sold of 1",2026-09-15T23:53:11.785896+00:00
SBDL099,462.59,28,1,0.0,0.0,35.5,"decay-wtd trimmed median, hl=45.0d, 0 sold of 1",2026-09-15T23:53:11.785896+00:00
SBDL105,516.95,28,1,0.0,0.0,35.5,"decay-wtd trimmed median, hl=45.0d, 0 sold of 1",2026-09-15T23:53:11.785896+00:00
SBDL111,578.24,28,1,0.0,0.0,35.5,"decay-wtd trimmed median, hl=45.0d, 0 sold of 1",2026-09-15T23:53:11.785896+00:00
SBDL113,590.49,28,1,0.0,0.0,35.5,"decay-wtd trimmed median, hl=45.0d, 0 sold of 1",2026-09-15T23:53:11.785896+00:00
SBDL117,578.24,28,1,0.0,0.0,35.5,"decay-wtd trimmed median, hl=45.0d, 0 sold of 1",2026-09-15T23:53:11.785896+00:00
SBDL125,442.87,28,1,0.0,0.0,35.5,"decay-wtd trimmed median, hl=45.0d, 0 sold of 1",2026-09-15T23:53:11.785896+00:00
SBDL127,442.87,28,1,0.0,0.0,35.5,"decay-wtd trimmed median, hl=45.0d, 0 sold of 1",2026-09-15T23:53:11.785896+00:00
SBDL129,442.87,28,1,0.0,0.0,35.5,"decay-wtd trimmed median, hl=45.0d, 0 sold of 1",2026-09-15T23:53:11.785896+00:00
SBDY131,373.59,28,1,0.0,0.0,35.5,"decay-wtd trimmed median, hl=45.0d, 0 sold of 1",2026-09-15T23:53:11.785896+00:00
SBER003,541.46,28,1,0.0,0.0,35.5,"decay-wtd trimmed median, hl=45.0d, 0 sold of 1",2026-09-15T23:53:11.785896+00:00
SBGW258,12310.89,28,1,0.0,0.0,35.5,"decay-wtd trimmed median, hl=45.0d, 0 sold of 1",2026-09-15T23:53:11.785896+00:00
SBGW306,13318.15,28,1,0.0,0.0,35.5,"decay-wtd trimmed median, hl=45.0d, 0 sold of 1",2026-09-15T23:53:11.785896+00:00
SBGX061,1076.78,28,1,0.0,0.0,35.0,"decay-wtd trimmed median, hl=45.0d, 0 sold of 1",2026-09-15T23:53:11.785896+00:00
SBJG017,319.76,28,1,0.0,0.0,35.5,"decay-wtd trimmed median, hl=45.0d, 0 sold of 1",2026-09-15T23:53:11.785896+00:00
SBJG019,319.76,28,1,0.0,0.0,35.5,"decay-wtd trimmed median, hl=45.0d, 0 sold of 1",2026-09-15T23:53:11.785896+00:00
SBJG021,319.76,28,1,0.0,0.0,35.5,"decay-wtd trimmed median, hl=45.0d, 0 sold of 1",2026-09-15T23:53:11.785896+00:00
SBXY031,615.55,28,1,0.0,0.0,35.5,"decay-wtd trimmed median, hl=45.0d, 0 sold of 1",2026-09-15T23:53:11.785896+00:00
SBXY033,615.55,28,1,0.0,0.0,35.5,"decay-wtd trimmed median, hl=45.0d, 0 sold of 1",2026-09-15T23:53:11.785896+00:00
SBXY035,615.55,28,1,0.0,0.0,35.5,"decay-wtd trimmed median, hl=45.0d, 0 sold of 1",2026-09-15T23:53:11.785896+00:00
SBXY039,1033.9,28,1,0.0,0.0,35.5,"decay-wtd trimmed median, hl=45.0d, 0 sold of 1",2026-09-15T23:53:11.785896+00:00
SBXY049,886.28,28,1,0.0,0.0,35.5,"decay-wtd trimmed median, hl=45.0d, 0 sold of 1",2026-09-15T23:53:11.785896+00:00
SBXY051,886.28,28,1,0.0,0.0,35.5,"decay-wtd trimmed median, hl=45.0d, 0 sold of 1",2026-09-15T23:53:11.785896+00:00
SBXY053,886.28,28,1,0.0,0.0,35.5,"decay-wtd trimmed median, hl=45.0d, 0 sold of 1",2026-09-15T23:53:11.785896+00:00
SBXY061,738.65,28,1,0.0,0.0,35.5,"decay-wtd trimmed median, hl=45.0d, 0 sold of 1",2026-09-15T23:53:11.785896+00:00
SBXY063,738.65,28,1,0.0,0.0,35.5,"decay-wtd trimmed median, hl=45.0d, 0 sold of 1",2026-09-15T23:53:11.785896+00:00
SBXY065,738.65,28,1,0.0,0.0,35.5,"decay-wtd trimmed median, hl=45.0d, 0 sold of 1",2026-09-15T23:53:11.785896+00:00
SBXY067,738.65,28,1,0.0,0.0,35.5,"decay-wtd trimmed median, hl=45.0d, 0 sold of 1",2026-09-15T23:53:11.785896+00:00
SBXY081,923.05,28,1,0.0,0.0,35.5,"decay-wtd trimmed median, hl=45.0d, 0 sold of 1",2026-09-15T23:53:11.785896+00:00
SBXY083,923.05,28,1,0.0,0.0,35.5,"decay-wtd trimmed median, hl=45.0d, 0 sold of 1",2026-09-15T23:53:11.785896+00:00
SBXY085,738.65,28,1,0.0,0.0,35.5,"decay-wtd trimmed median, hl=45.0d, 0 sold of 1",2026-09-15T23:53:11.785896+00:00
SBXY095,787.68,28,1,0.0,0.0,35.5,"decay-wtd trimmed median, hl=45.0d, 0 sold of 1",2026-09-15T23:53:11.785896+00:00
SBXY097,787.68,28,1,0.0,0.0,35.5,"decay-wtd trimmed median, hl=45.0d, 0 sold of 1",2026-09-15T23:53:11.785896+00:00
V13375101C1X1,2842.69,28,1,0.0,0.0,35.5,"decay-wtd trimmed median, hl=45.0d, 0 sold of 1",2026-09-15T23:53:11.785896+00:00
V323952A1L1X2,3346.33,28,1,0.0,0.0,35.5,"decay-wtd trimmed median, hl=45.0d, 0 sold of 1",2026-09-15T23:53:11.785896+00:00
W2SA0009,12031.1,28,1,0.0,0.0,35.5,"decay-wtd trimmed median, hl=45.0d, 0 sold of 1",2026-09-15T23:53:11.785896+00:00
W2SA0030,12198.98,28,1,0.0,0.0,35.5,"decay-wtd trimmed median, hl=45.0d, 0 sold of 1",2026-09-15T23:53:11.785896+00:00
W3108299,1667.56,28,1,0.0,0.0,35.5,"decay-wtd trimmed median, hl=45.0d, 0 sold of 1",2026-09-15T23:53:11.785896+00:00
WAR201C,1239.93,28,1,0.0,0.0,35.0,"decay-wtd trimmed median, hl=45.0d, 0 sold of 1",2026-09-15T23:53:11.785896+00:00
WAR201D,1219.9,28,1,0.0,0.0,35.5,"decay-wtd trimmed median, hl=45.0d, 0 sold of 1",2026-09-15T23:53:11.785896+00:00
WBN2013,2674.82,28,1,0.0,0.0,35.5,"decay-wtd trimmed median, hl=45.0d, 0 sold of 1",2026-09-15T23:53:11.785896+00:00
WDA2115,2786.75,28,1,0.0,0.0,35.5,"decay-wtd trimmed median, hl=45.0d, 0 sold of 1",2026-09-15T23:53:11.785896+00:00
WGTA0281,12310.89,28,1,0.0,0.0,35.5,"decay-wtd trimmed median, hl=45.0d, 0 sold of 1",2026-09-15T23:53:11.785896+00:00
WHPA0010,43647.71,28,1,0.0,0.0,35.5,"decay-wtd trimmed median, hl=45.0d, 0 sold of 1",2026-09-15T23:53:11.785896+00:00
WSSA0083,12758.57,28,1,0.0,0.0,35.5,"decay-wtd trimmed median, hl=45.0d, 0 sold of 1",2026-09-15T23:53:11.785896+00:00
WSSA0096,7834.21,28,1,0.0,0.0,35.5,"decay-wtd trimmed median, hl=45.0d, 0 sold of 1",2026-09-15T23:53:11.785896+00:00
WSTA0108,3682.07,28,1,0.0,0.0,35.5,"decay-wtd trimmed median, hl=45.0d, 0 sold of 1",2026-09-15T23:53:11.785896+00:00
X82310A41B1S1,2339.07,28,1,0.0,0.0,35.5,"decay-wtd trimmed median, hl=45.0d, 0 sold of 1",2026-09-15T23:53:11.785896+00:00
SARY245,74.24,27,3,0.0,33.9,8.0,"decay-wtd trimmed median, hl=45.0d, 0 sold of 3",2026-09-15T23:53:11.785896+00:00
SBDC215,276.51,27,3,0.0,89.9,8.0,"decay-wtd trimmed median, hl=45.0d, 0 sold of 3",2026-09-15T23:53:11.785896+00:00
SBDL104,216.29,27,3,0.0,64.1,8.0,"decay-wtd trimmed median, hl=45.0d, 0 sold of 3",2026-09-15T23:53:11.785896+00:00
SBSA223,37.41,27,3,0.0,40.6,8.0,"decay-wtd trimmed median, hl=45.0d, 0 sold of 3",2026-09-15T23:53:11.785896+00:00
SBXC156,748.84,27,3,0.0,71.3,8.0,"decay-wtd trimmed median, hl=45.0d, 0 sold of 3",2026-09-15T23:53:11.785896+00:00
SBXY087,534.89,27,3,0.0,38.1,8.0,"decay-wtd trimmed median, hl=45.0d, 0 sold of 3",2026-09-15T23:53:11.785896+00:00
SRRW006,86.52,27,3,0.0,33.8,8.0,"decay-wtd trimmed median, hl=45.0d, 0 sold of 3",2026-09-15T23:53:11.785896+00:00
SRRY052,86.52,27,3,0.0,33.8,8.0,"decay-wtd trimmed median, hl=45.0d, 0 sold of 3",2026-09-15T23:53:11.785896+00:00
SSVN033,30.4,27,3,0.0,25.0,8.0,"decay-wtd trimmed median, hl=45.0d, 0 sold of 3",2026-09-15T23:53:11.785896+00:00
SSVW175J,90.02,27,3,0.0,32.5,8.0,"decay-wtd trimmed median, hl=45.0d, 0 sold of 3",2026-09-15T23:53:11.785896+00:00
SSVW178J,81.25,27,3,0.0,38.1,8.0,"decay-wtd trimmed median, hl=45.0d, 0 sold of 3",2026-09-15T23:53:11.785896+00:00
SSWA001J,95.29,27,3,0.0,81.0,8.0,"decay-wtd trimmed median, hl=45.0d, 0 sold of 3",2026-09-15T23:53:11.785896+00:00
STXD007,75.99,27,3,0.0,32.3,8.0,"decay-wtd trimmed median, hl=45.0d, 0 sold of 3",2026-09-15T23:53:11.785896+00:00
STXD011,144.98,27,3,0.0,40.3,8.0,"decay-wtd trimmed median, hl=45.0d, 0 sold of 3",2026-09-15T23:53:11.785896+00:00
SWFJ003J,25.72,27,3,0.0,27.3,8.0,"decay-wtd trimmed median, hl=45.0d, 0 sold of 4",2026-09-15T23:53:11.785896+00:00
SZEC017,35.07,27,3,0.0,46.7,8.0,"decay-wtd trimmed median, hl=45.0d, 0 sold of 3",2026-09-15T23:53:11.785896+00:00
131.13.34.20.53.001,8463.0,27,2,0.0,13.2,0.0,"decay-wtd trimmed median, hl=45.0d, 0 sold of 2",2026-09-15T23:53:11.785896+00:00
215.32.44.21.04.001,5513.75,27,2,0.0,13.0,0.0,"decay-wtd trimmed median, hl=45.0d, 0 sold of 2",2026-09-15T23:53:11.785896+00:00
57000,1646.64,27,2,0.0,7.9,14.0,"decay-wtd trimmed median, hl=45.0d, 0 sold of 2",2026-09-15T23:53:11.785896+00:00
A17376211C1A1,3386.66,27,2,0.0,10.4,8.0,"decay-wtd trimmed median, hl=45.0d, 0 sold of 2",2026-09-15T23:53:11.785896+00:00
A32310211G1A1,6370.5,27,2,0.0,13.1,0.0,"decay-wtd trimmed median, hl=45.0d, 0 sold of 2",2026-09-15T23:53:11.785896+00:00
AB2020121B1S1,2450.99,27,2,0.0,1.1,35.5,"decay-wtd trimmed median, hl=45.0d, 0 sold of 2",2026-09-15T23:53:11.785896+00:00
SADZ123,23.38,27,2,0.0,12.7,0.0,"decay-wtd trimmed median, hl=45.0d, 0 sold of 2",2026-09-15T23:53:11.785896+00:00
SBBN007J,15.78,27,2,0.0,12.9,0.0,"decay-wtd trimmed median, hl=45.0d, 0 sold of 2",2026-09-15T23:53:11.785896+00:00
SNR033,4296.6,27,2,0.0,13.0,0.0,"decay-wtd trimmed median, hl=45.0d, 0 sold of 2",2026-09-15T23:53:11.785896+00:00
SSJ029,2418.0,27,2,0.0,13.1,0.0,"decay-wtd trimmed median, hl=45.0d, 0 sold of 2",2026-09-15T23:53:11.785896+00:00
X82310D31B1S1,2045.07,27,2,0.0,8.5,12.0,"decay-wtd trimmed median, hl=45.0d, 0 sold of 2",2026-09-15T23:53:11.785896+00:00
116689,34436.77,26,2,0.0,13.6,0.0,"decay-wtd trimmed median, hl=45.0d, 0 sold of 2",2026-09-15T23:53:11.785896+00:00
131.20.28.60.02.001,5766.0,26,2,0.0,14.1,0.0,"decay-wtd trimmed median, hl=45.0d, 0 sold of 2",2026-09-15T23:53:11.785896+00:00
215.33.44.22.01.001,6995.81,26,2,0.0,13.7,0.0,"decay-wtd trimmed median, hl=45.0d, 0 sold of 2",2026-09-15T23:53:11.785896+00:00
311.33.42.30.01.001,5735.11,26,2,0.0,13.7,0.0,"decay-wtd trimmed median, hl=45.0d, 0 sold of 2",2026-09-15T23:53:11.785896+00:00
4500V110AB128,31155.0,26,2,0.0,13.0,4.0,"decay-wtd trimmed median, hl=45.0d, 0 sold of 2",2026-09-15T23:53:11.785896+00:00
SB0147101I1X2,4488.49,26,2,0.0,9.4,14.5,"decay-wtd trimmed median, hl=45.0d, 0 sold of 2",2026-09-15T23:53:11.785896+00:00
SBGJ275,7347.0,26,2,0.0,13.7,0.0,"decay-wtd trimmed median, hl=45.0d, 0 sold of 2",2026-09-15T23:53:11.785896+00:00
W1014354,2928.13,26,2,0.0,14.1,0.0,"decay-wtd trimmed median, hl=45.0d, 0 sold of 2",2026-09-15T23:53:11.785896+00:00
131.20.25.60.53.002,7905.0,25,2,0.0,14.7,0.0,"decay-wtd trimmed median, hl=45.0d, 0 sold of 2",2026-09-15T23:53:11.785896+00:00
210.92.44.20.01.002,6928.5,25,2,0.0,14.6,0.0,"decay-wtd trimmed median, hl=45.0d, 0 sold of 2",2026-09-15T23:53:11.785896+00:00
220.10.41.21.01.001,3516.07,25,2,0.0,14.9,0.0,"decay-wtd trimmed median, hl=45.0d, 0 sold of 2",2026-09-15T23:53:11.785896+00:00
231.10.42.21.06.001,3348.0,25,2,0.0,14.7,0.0,"decay-wtd trimmed median, hl=45.0d, 0 sold of 2",2026-09-15T23:53:11.785896+00:00
3804,3801.58,25,2,0.0,15.4,0.0,"decay-wtd trimmed median, hl=45.0d, 0 sold of 2",2026-09-15T23:53:11.785896+00:00
SBGX344,3572.3,25,2,0.0,15.2,0.0,"decay-wtd trimmed median, hl=45.0d, 0 sold of 2",2026-09-15T23:53:11.785896+00:00
SBXC075,319.18,25,2,0.0,14.9,0.0,"decay-wtd trimmed median, hl=45.0d, 0 sold of 2",2026-09-15T23:53:11.785896+00:00
SPB463,883.5,25,2,0.0,15.2,0.0,"decay-wtd trimmed median, hl=45.0d, 0 sold of 2",2026-09-15T23:53:11.785896+00:00
131.15.29.20.52.001,6287.13,24,2,0.0,16.0,0.0,"decay-wtd trimmed median, hl=45.0d, 0 sold of 2",2026-09-15T23:53:11.785896+00:00
210.32.42.20.03.001,5859.0,24,2,0.0,16.0,0.0,"decay-wtd trimmed median, hl=45.0d, 0 sold of 2",2026-09-15T23:53:11.785896+00:00
279178,30982.47,24,2,0.0,15.4,3.0,"decay-wtd trimmed median, hl=45.0d, 0 sold of 2",2026-09-15T23:53:11.785896+00:00
310.60.42.50.99.002,36177.0,24,2,0.0,15.8,0.0,"decay-wtd trimmed median, hl=45.0d, 0 sold of 2",2026-09-15T23:53:11.785896+00:00
424.20.37.20.03.002,2840.73,24,2,0.0,12.6,11.0,"decay-wtd trimmed median, hl=45.0d, 0 sold of 2",2026-09-15T23:53:11.785896+00:00
76200,2424.2,24,2,0.0,12.2,11.0,"decay-wtd trimmed median, hl=45.0d, 0 sold of 2",2026-09-15T23:53:11.785896+00:00
AB011012,3252.08,24,2,0.0,14.0,6.0,"decay-wtd trimmed median, hl=45.0d, 0 sold of 2",2026-09-15T23:53:11.785896+00:00
IW391036,3155.22,24,2,0.0,16.3,0.0,"decay-wtd trimmed median, hl=45.0d, 0 sold of 2",2026-09-15T23:53:11.785896+00:00
IW391404,3154.56,24,2,0.0,15.7,0.0,"decay-wtd trimmed median, hl=45.0d, 0 sold of 2",2026-09-15T23:53:11.785896+00:00
SB0146101L1X1,4435.55,24,2,0.0,11.5,14.5,"decay-wtd trimmed median, hl=45.0d, 0 sold of 2",2026-09-15T23:53:11.785896+00:00
SBEN005,1297.76,24,2,0.0,15.9,0.0,"decay-wtd trimmed median, hl=45.0d, 0 sold of 2",2026-09-15T23:53:11.785896+00:00
SPB333,1209.0,24,2,0.0,15.6,0.0,"decay-wtd trimmed median, hl=45.0d, 0 sold of 2",2026-09-15T23:53:11.785896+00:00
W7100056,2899.01,24,2,0.0,6.7,27.1,"decay-wtd trimmed median, hl=45.0d, 0 sold of 2",2026-09-15T23:53:11.785896+00:00
210.32.42.20.06.002,6417.0,23,2,0.0,16.7,0.0,"decay-wtd trimmed median, hl=45.0d, 0 sold of 2",2026-09-15T23:53:11.785896+00:00
215.30.46.51.01.001,3916.65,23,2,0.0,16.6,0.0,"decay-wtd trimmed median, hl=45.0d, 0 sold of 2",2026-09-15T23:53:11.785896+00:00
SBGE269,6045.0,23,2,0.0,17.2,0.0,"decay-wtd trimmed median, hl=45.0d, 0 sold of 2",2026-09-15T23:53:11.785896+00:00
SLGH027,9765.0,23,2,0.0,17.3,0.0,"decay-wtd trimmed median, hl=45.0d, 0 sold of 2",2026-09-15T23:53:11.785896+00:00
SPB315,1023.0,23,2,0.0,17.1,0.0,"decay-wtd trimmed median, hl=45.0d, 0 sold of 2",2026-09-15T23:53:11.785896+00:00
SPB495,1302.0,23,2,0.0,16.7,0.0,"decay-wtd trimmed median, hl=45.0d, 0 sold of 2",2026-09-15T23:53:11.785896+00:00
SSVS019J,28.06,23,2,0.0,16.5,0.0,"decay-wtd trimmed median, hl=45.0d, 0 sold of 2",2026-09-15T23:53:11.785896+00:00
SWCQ031J,18.13,23,2,0.0,17.3,0.0,"decay-wtd trimmed median, hl=45.0d, 0 sold of 2",2026-09-15T23:53:11.785896+00:00
118205,31567.04,22,2,0.0,18.1,0.0,"decay-wtd trimmed median, hl=45.0d, 0 sold of 2",2026-09-15T23:53:11.785896+00:00
118235,29295.0,22,2,0.0,18.3,0.0,"decay-wtd trimmed median, hl=45.0d, 0 sold of 2",2026-09-15T23:53:11.785896+00:00
131.13.34.20.02.001,7161.0,22,2,0.0,18.4,0.0,"decay-wtd trimmed median, hl=45.0d, 0 sold of 2",2026-09-15T23:53:11.785896+00:00
16713,8768.63,22,2,0.0,18.0,0.0,"decay-wtd trimmed median, hl=45.0d, 0 sold of 2",2026-09-15T23:53:11.785896+00:00
18038A,20167.83,22,2,0.0,18.0,0.0,"decay-wtd trimmed median, hl=45.0d, 0 sold of 2",2026-09-15T23:53:11.785896+00:00
215.23.40.20.04.001,9579.0,22,2,0.0,17.8,0.0,"decay-wtd trimmed median, hl=45.0d, 0 sold of 2",2026-09-15T23:53:11.785896+00:00
310.92.44.50.06.001,15252.0,22,2,0.0,18.2,0.0,"decay-wtd trimmed median, hl=45.0d, 0 sold of 2",2026-09-15T23:53:11.785896+00:00
326933,24273.0,22,2,0.0,18.4,0.0,"decay-wtd trimmed median, hl=45.0d, 0 sold of 2",2026-09-15T23:53:11.785896+00:00
AB0134101B3A1,4676.6,22,2,0.0,17.8,0.0,"decay-wtd trimmed median, hl=45.0d, 0 sold of 2",2026-09-15T23:53:11.785896+00:00
AB3111241B1A1,6324.0,22,2,0.0,18.2,0.0,"decay-wtd trimmed median, hl=45.0d, 0 sold of 2",2026-09-15T23:53:11.785896+00:00
SRRY022,39.16,22,2,0.0,15.2,8.0,"decay-wtd trimmed median, hl=45.0d, 0 sold of 2",2026-09-15T23:53:11.785896+00:00
SSA461,464.07,22,2,0.0,17.8,0.0,"decay-wtd trimmed median, hl=45.0d, 0 sold of 2",2026-09-15T23:53:11.785896+00:00
SSA464,604.5,22,2,0.0,18.3,0.0,"decay-wtd trimmed median, hl=45.0d, 0 sold of 2",2026-09-15T23:53:11.785896+00:00
STGF385,5673.0,22,2,0.0,17.9,0.0,"decay-wtd trimmed median, hl=45.0d, 0 sold of 2",2026-09-15T23:53:11.785896+00:00
W30X7651,11574.58,22,2,0.0,18.1,0.0,"decay-wtd trimmed median, hl=45.0d, 0 sold of 2",2026-09-15T23:53:11.785896+00:00
SSVW237J,65.47,21,3,0.0,33.9,28.1,"decay-wtd trimmed median, hl=45.0d, 0 sold of 3",2026-09-15T23:53:11.785896+00:00
15210CR,20925.0,21,2,0.0,18.7,0.0,"decay-wtd trimmed median, hl=45.0d, 0 sold of 2",2026-09-15T23:53:11.785896+00:00
215.92.46.22.01.003,5046.6,21,2,0.0,16.5,6.0,"decay-wtd trimmed median, hl=45.0d, 0 sold of 2",2026-09-15T23:53:11.785896+00:00
220.10.41.21.03.002,6603.0,21,2,0.0,19.1,0.0,"decay-wtd trimmed median, hl=45.0d, 0 sold of 2",2026-09-15T23:53:11.785896+00:00
324.38.38.50.03.001,9207.0,21,2,0.0,18.8,0.0,"decay-wtd trimmed median, hl=45.0d, 0 sold of 2",2026-09-15T23:53:11.785896+00:00
434.13.40.20.03.001,3254.07,21,2,0.0,18.6,0.0,"decay-wtd trimmed median, hl=45.0d, 0 sold of 2",2026-09-15T23:53:11.785896+00:00
482389,185.47,21,2,0.0,18.7,0.0,"decay-wtd trimmed median, hl=45.0d, 0 sold of 2",2026-09-15T23:53:11.785896+00:00
AB0156161C1A1,8928.0,21,2,0.0,18.7,0.0,"decay-wtd trimmed median, hl=45.0d, 0 sold of 2",2026-09-15T23:53:11.785896+00:00
IW329301,5377.55,21,2,0.0,12.2,20.0,"decay-wtd trimmed median, hl=45.0d, 0 sold of 2",2026-09-15T23:53:11.785896+00:00
N17375201L1S1,4586.59,21,2,0.0,19.0,0.0,"decay-wtd trimmed median, hl=45.0d, 0 sold of 2",2026-09-15T23:53:11.785896+00:00
SBEA001,21.05,21,2,0.0,19.1,0.0,"decay-wtd trimmed median, hl=45.0d, 0 sold of 2",2026-09-15T23:53:11.785896+00:00
SDBV015,20.46,21,2,0.0,18.6,0.0,"decay-wtd trimmed median, hl=45.0d, 0 sold of 2",2026-09-15T23:53:11.785896+00:00
SLGC009,10405.44,21,2,0.0,18.9,0.0,"decay-wtd trimmed median, hl=45.0d, 0 sold of 2",2026-09-15T23:53:11.785896+00:00
SSQV068,56.7,21,2,0.0,19.2,0.0,"decay-wtd trimmed median, hl=45.0d, 0 sold of 2",2026-09-15T23:53:11.785896+00:00
SSVK127J,26.89,21,2,0.0,19.5,0.0,"decay-wtd trimmed median, hl=45.0d, 0 sold of 2",2026-09-15T23:53:11.785896+00:00
116600,10814.64,20,2,0.0,19.6,0.0,"decay-wtd trimmed median, hl=45.0d, 0 sold of 2",2026-09-15T23:53:11.785896+00:00
210.30.42.20.03.002,8742.0,20,2,0.0,19.9,0.0,"decay-wtd trimmed median, hl=45.0d, 0 sold of 2",2026-09-15T23:53:11.785896+00:00
210.30.42.20.04.002,6789.0,20,2,0.0,20.1,0.0,"decay-wtd trimmed median, hl=45.0d, 0 sold of 2",2026-09-15T23:53:11.785896+00:00
SARW029,66.64,20,2,0.0,20.3,0.0,"decay-wtd trimmed median, hl=45.0d, 0 sold of 2",2026-09-15T23:53:11.785896+00:00
SARY217,18.7,20,2,0.0,16.9,8.0,"decay-wtd trimmed median, hl=45.0d, 0 sold of 2",2026-09-15T23:53:11.785896+00:00
SARY264,61.97,20,2,0.0,20.3,0.0,"decay-wtd trimmed median, hl=45.0d, 0 sold of 2",2026-09-15T23:53:11.785896+00:00
SBPK005,375.85,20,2,0.0,18.1,6.0,"decay-wtd trimmed median, hl=45.0d, 0 sold of 2",2026-09-15T23:53:11.785896+00:00
SNR025,4557.0,20,2,0.0,19.5,0.0,"decay-wtd trimmed median, hl=45.0d, 0 sold of 2",2026-09-15T23:53:11.785896+00:00
SSQW091,65.47,20,2,0.0,20.3,0.0,"decay-wtd trimmed median, hl=45.0d, 0 sold of 2",2026-09-15T23:53:11.785896+00:00
SSVN038J,47.35,20,2,0.0,20.2,0.0,"decay-wtd trimmed median, hl=45.0d, 0 sold of 2",2026-09-15T23:53:11.785896+00:00
SSVS026J,35.07,20,2,0.0,20.0,0.0,"decay-wtd trimmed median, hl=45.0d, 0 sold of 2",2026-09-15T23:53:11.785896+00:00
W5200028,3274.96,20,2,0.0,12.0,24.1,"decay-wtd trimmed median, hl=45.0d, 0 sold of 2",2026-09-15T23:53:11.785896+00:00
1007,4220.51,19,2,0.0,20.9,0.0,"decay-wtd trimmed median, hl=45.0d, 0 sold of 2",2026-09-15T23:53:11.785896+00:00
1024,3868.82,19,2,0.0,19.5,6.0,"decay-wtd trimmed median, hl=45.0d, 0 sold of 2",2026-09-15T23:53:11.785896+00:00
16660,15836.66,19,2,0.0,13.0,23.1,"decay-wtd trimmed median, hl=45.0d, 0 sold of 2",2026-09-15T23:53:11.785896+00:00
220.10.38.20.10.003,6603.0,19,2,0.0,21.2,0.0,"decay-wtd trimmed median, hl=45.0d, 0 sold of 2",2026-09-15T23:53:11.785896+00:00
310.60.42.50.01.001,31155.0,19,2,0.0,20.6,0.0,"decay-wtd trimmed median, hl=45.0d, 0 sold of 2",2026-09-15T23:53:11.785896+00:00
A17395,2791.15,19,2,0.0,21.1,0.0,"decay-wtd trimmed median, hl=45.0d, 0 sold of 2",2026-09-15T23:53:11.785896+00:00
SBDC191,624.33,19,2,0.0,18.8,8.0,"decay-wtd trimmed median, hl=45.0d, 0 sold of 2",2026-09-15T23:53:11.785896+00:00
SBSC003,418.05,19,2,0.0,12.3,27.1,"decay-wtd trimmed median, hl=45.0d, 0 sold of 2",2026-09-15T23:53:11.785896+00:00
SBTM213,28.06,19,2,0.0,21.3,0.0,"decay-wtd trimmed median, hl=45.0d, 0 sold of 2",2026-09-15T23:53:11.785896+00:00
SCVE055,28.64,19,2,0.0,21.0,0.0,"decay-wtd trimmed median, hl=45.0d, 0 sold of 2",2026-09-15T23:53:11.785896+00:00
STGF047J,15.78,19,2,0.0,20.6,0.0,"decay-wtd trimmed median, hl=45.0d, 0 sold of 2",2026-09-15T23:53:11.785896+00:00
130.33.39.21.02.001,6704.71,18,2,0.0,22.1,0.0,"decay-wtd trimmed median, hl=45.0d, 0 sold of 2",2026-09-15T23:53:11.785896+00:00
210.20.44.51.03.001,11067.0,18,2,0.0,22.0,0.0,"decay-wtd trimmed median, hl=45.0d, 0 sold of 2",2026-09-15T23:53:11.785896+00:00
304.33.44.52.03.001,7440.0,18,2,0.0,22.3,0.0,"decay-wtd trimmed median, hl=45.0d, 0 sold of 2",2026-09-15T23:53:11.785896+00:00
332.12.41.51.01.001,9579.0,18,2,0.0,21.9,0.0,"decay-wtd trimmed median, hl=45.0d, 0 sold of 2",2026-09-15T23:53:11.785896+00:00
79240,3212.14,18,2,0.0,19.5,6.0,"decay-wtd trimmed median, hl=45.0d, 0 sold of 2",2026-09-15T23:53:11.785896+00:00
SBPX117,18.7,18,2,0.0,22.0,0.0,"decay-wtd trimmed median, hl=45.0d, 0 sold of 2",2026-09-15T23:53:11.785896+00:00
215.32.46.21.03.001,12927.0,17,2,0.0,22.5,0.0,"decay-wtd trimmed median, hl=45.0d, 0 sold of 2",2026-09-15T23:53:11.785896+00:00
434.10.40.20.06.001,5115.0,17,2,0.0,23.4,0.0,"decay-wtd trimmed median, hl=45.0d, 0 sold of 2",2026-09-15T23:53:11.785896+00:00
6917,4240.83,17,2,0.0,23.3,0.0,"decay-wtd trimmed median, hl=45.0d, 0 sold of 2",2026-09-15T23:53:11.785896+00:00
SARY235,56.7,17,2,0.0,20.2,8.0,"decay-wtd trimmed median, hl=45.0d, 0 sold of 2",2026-09-15T23:53:11.785896+00:00
A17375E71C1A1,3899.3,16,2,0.0,21.7,8.0,"decay-wtd trimmed median, hl=45.0d, 0 sold of 2",2026-09-15T23:53:11.785896+00:00
AB0146101B1A1,6975.0,16,2,0.0,24.2,0.0,"decay-wtd trimmed median, hl=45.0d, 0 sold of 2",2026-09-15T23:53:11.785896+00:00
AB01764A1C1X1,7114.5,16,2,0.0,23.8,0.0,"decay-wtd trimmed median, hl=45.0d, 0 sold of 2",2026-09-15T23:53:11.785896+00:00
SARX097,370.47,16,2,0.0,19.8,14.0,"decay-wtd trimmed median, hl=45.0d, 0 sold of 2",2026-09-15T23:53:11.785896+00:00
SBDJ009J,25.72,16,2,0.0,24.1,0.0,"decay-wtd trimmed median, hl=45.0d, 0 sold of 2",2026-09-15T23:53:11.785896+00:00
SBGN023,5068.5,16,2,0.0,23.5,0.0,"decay-wtd trimmed median, hl=45.0d, 0 sold of 2",2026-09-15T23:53:11.785896+00:00
SBTM053J,16.37,16,2,0.0,24.3,0.0,"decay-wtd trimmed median, hl=45.0d, 0 sold of 2",2026-09-15T23:53:11.785896+00:00
SZGM002,206.94,16,2,0.0,21.1,8.0,"decay-wtd trimmed median, hl=45.0d, 0 sold of 2",2026-09-15T23:53:11.785896+00:00
1025,2464.5,15,2,0.0,46.8,0.0,"decay-wtd trimmed median, hl=45.0d, 0 sold of 2",2026-09-15T23:53:11.785896+00:00
130.23.41.22.06.001,13950.0,15,2,0.0,33.3,0.0,"decay-wtd trimmed median, hl=45.0d, 0 sold of 2",2026-09-15T23:53:11.785896+00:00
130.33.41.22.02.001,4559.69,15,2,0.0,35.9,0.0,"decay-wtd trimmed median, hl=45.0d, 0 sold of 2",2026-09-15T23:53:11.785896+00:00
131.10.25.60.52.001,3813.0,15,2,0.0,35.1,0.0,"decay-wtd trimmed median, hl=45.0d, 0 sold of 2",2026-09-15T23:53:11.785896+00:00
131.10.25.60.55.001,4185.0,15,2,0.0,48.2,0.0,"decay-wtd trimmed median, hl=45.0d, 0 sold of 2",2026-09-15T23:53:11.785896+00:00
131.10.28.60.11.001,3348.0,15,2,0.0,29.7,0.0,"decay-wtd trimmed median, hl=45.0d, 0 sold of 2",2026-09-15T23:53:11.785896+00:00
131.10.34.20.02.001,7440.0,15,2,0.0,25.3,0.0,"decay-wtd trimmed median, hl=45.0d, 0 sold of 2",2026-09-15T23:53:11.785896+00:00
131.10.36.20.01.001,6882.0,15,2,0.0,38.4,0.0,"decay-wtd trimmed median, hl=45.0d, 0 sold of 2",2026-09-15T23:53:11.785896+00:00
131.30.41.21.01.001,7626.0,15,2,0.0,31.0,0.0,"decay-wtd trimmed median, hl=45.0d, 0 sold of 2",2026-09-15T23:53:11.785896+00:00
18239,40455.0,15,2,0.0,28.9,0.0,"decay-wtd trimmed median, hl=45.0d, 0 sold of 2",2026-09-15T23:53:11.785896+00:00
210.22.44.51.03.001,13020.0,15,2,0.0,30.7,0.0,"decay-wtd trimmed median, hl=45.0d, 0 sold of 2",2026-09-15T23:53:11.785896+00:00
210.52.42.20.04.001,930.0,15,2,0.0,94.5,0.0,"decay-wtd trimmed median, hl=45.0d, 0 sold of 2",2026-09-15T23:53:11.785896+00:00
210.62.42.20.01.003,930.0,15,2,0.0,94.4,0.0,"decay-wtd trimmed median, hl=45.0d, 0 sold of 2",2026-09-15T23:53:11.785896+00:00
215.32.46.51.01.004,9393.0,15,2,0.0,26.4,0.0,"decay-wtd trimmed median, hl=45.0d, 0 sold of 2",2026-09-15T23:53:11.785896+00:00
304.30.44.52.01.001,12090.0,15,2,0.0,35.7,0.0,"decay-wtd trimmed median, hl=45.0d, 0 sold of 2",2026-09-15T23:53:11.785896+00:00
304.93.44.52.03.002,15717.0,15,2,0.0,24.9,0.0,"decay-wtd trimmed median, hl=45.0d, 0 sold of 2",2026-09-15T23:53:11.785896+00:00
324.28.38.50.02.002,12276.0,15,2,0.0,45.8,0.0,"decay-wtd trimmed median, hl=45.0d, 0 sold of 2",2026-09-15T23:53:11.785896+00:00
329.30.43.51.03.001,9951.0,15,2,0.0,36.1,0.0,"decay-wtd trimmed median, hl=45.0d, 0 sold of 2",2026-09-15T23:53:11.785896+00:00
428.18.36.60.03.001,5115.0,15,2,0.0,51.6,0.0,"decay-wtd trimmed median, hl=45.0d, 0 sold of 2",2026-09-15T23:53:11.785896+00:00
434.20.34.20.02.001,9114.0,15,2,0.0,33.5,0.0,"decay-wtd trimmed median, hl=45.0d, 0 sold of 2",2026-09-15T23:53:11.785896+00:00
52508,19802.11,15,2,0.0,32.2,1.0,"decay-wtd trimmed median, hl=45.0d, 0 sold of 2",2026-09-15T23:53:11.785896+00:00
91350,876.86,15,2,0.0,99.3,0.0,"decay-wtd trimmed median, hl=45.0d, 0 sold of 2",2026-09-15T23:53:11.785896+00:00
A17327211G1A1,465.0,15,2,0.0,80.2,0.0,"decay-wtd trimmed median, hl=45.0d, 0 sold of 2",2026-09-15T23:53:11.785896+00:00
A233803A1B1A1,465.0,15,2,0.0,82.4,0.0,"decay-wtd trimmed median, hl=45.0d, 0 sold of 2",2026-09-15T23:53:11.785896+00:00
A24315101B1A1,465.0,15,2,0.0,82.5,0.0,"decay-wtd trimmed median, hl=45.0d, 0 sold of 2",2026-09-15T23:53:11.785896+00:00
A32320101C1A1,5440.5,15,2,0.0,32.9,0.0,"decay-wtd trimmed median, hl=45.0d, 0 sold of 2",2026-09-15T23:53:11.785896+00:00
A32398101A1A1,465.0,15,2,0.0,78.7,0.0,"decay-wtd trimmed median, hl=45.0d, 0 sold of 2",2026-09-15T23:53:11.785896+00:00
AB0136251B1S1,465.0,15,2,0.0,84.9,0.0,"decay-wtd trimmed median, hl=45.0d, 0 sold of 2",2026-09-15T23:53:11.785896+00:00
AB0137241L1A1,465.0,15,2,0.0,83.4,0.0,"decay-wtd trimmed median, hl=45.0d, 0 sold of 2",2026-09-15T23:53:11.785896+00:00
AB0138241G1A1,465.0,15,2,0.0,86.1,0.0,"decay-wtd trimmed median, hl=45.0d, 0 sold of 2",2026-09-15T23:53:11.785896+00:00
AB0147101A1X1,6649.5,15,2,0.0,27.3,0.0,"decay-wtd trimmed median, hl=45.0d, 0 sold of 2",2026-09-15T23:53:11.785896+00:00
AB0147101L1A1,6928.5,15,2,0.0,27.9,0.0,"decay-wtd trimmed median, hl=45.0d, 0 sold of 2",2026-09-15T23:53:11.785896+00:00
AB3113171L1A1,465.0,15,2,0.0,79.1,0.0,"decay-wtd trimmed median, hl=45.0d, 0 sold of 2",2026-09-15T23:53:11.785896+00:00
BAR697,29.82,15,2,0.0,34.2,0.0,"decay-wtd trimmed median, hl=45.0d, 0 sold of 2",2026-09-15T23:53:11.785896+00:00
IW376803,5487.0,15,2,0.0,24.8,0.0,"decay-wtd trimmed median, hl=45.0d, 0 sold of 2",2026-09-15T23:53:11.785896+00:00
R32310251L1P1,930.0,15,2,0.0,82.9,0.0,"decay-wtd trimmed median, hl=45.0d, 0 sold of 2",2026-09-15T23:53:11.785896+00:00
RB1510251B1P1,465.0,15,2,0.0,92.6,0.0,"decay-wtd trimmed median, hl=45.0d, 0 sold of 2",2026-09-15T23:53:11.785896+00:00
S17328101B1X1,465.0,15,2,0.0,80.6,0.0,"decay-wtd trimmed median, hl=45.0d, 0 sold of 2",2026-09-15T23:53:11.785896+00:00
SADA017,84.17,15,2,0.0,33.2,0.0,"decay-wtd trimmed median, hl=45.0d, 0 sold of 2",2026-09-15T23:53:11.785896+00:00
SADN001J,18.7,15,2,0.0,35.4,0.0,"decay-wtd trimmed median, hl=45.0d, 0 sold of 2",2026-09-15T23:53:11.785896+00:00
SADZ049,19.29,15,2,0.0,56.3,0.0,"decay-wtd trimmed median, hl=45.0d, 0 sold of 2",2026-09-15T23:53:11.785896+00:00
SADZ126,20.46,15,2,0.0,83.6,0.0,"decay-wtd trimmed median, hl=45.0d, 0 sold of 2",2026-09-15T23:53:11.785896+00:00
SAGA177J,68.98,15,2,0.0,73.2,0.0,"decay-wtd trimmed median, hl=45.0d, 0 sold of 2",2026-09-15T23:53:11.785896+00:00
SAGA307,662.9,15,2,0.0,69.0,0.0,"decay-wtd trimmed median, hl=45.0d, 0 sold of 2",2026-09-15T23:53:11.785896+00:00
SAGV005J,19.29,15,2,0.0,39.5,0.0,"decay-wtd trimmed median, hl=45.0d, 0 sold of 2",2026-09-15T23:53:11.785896+00:00
SAGZ095J,77.16,15,2,0.0,69.0,0.0,"decay-wtd trimmed median, hl=45.0d, 0 sold of 2",2026-09-15T23:53:11.785896+00:00
SARA015J,44.43,15,2,0.0,87.6,0.0,"decay-wtd trimmed median, hl=45.0d, 0 sold of 2",2026-09-15T23:53:11.785896+00:00
SARC013J,19.87,15,2,0.0,69.9,0.0,"decay-wtd trimmed median, hl=45.0d, 0 sold of 2",2026-09-15T23:53:11.785896+00:00
SARG009J,19.87,15,2,0.0,85.5,0.0,"decay-wtd trimmed median, hl=45.0d, 0 sold of 2",2026-09-15T23:53:11.785896+00:00
SARH001,18.13,15,2,0.0,94.6,0.0,"decay-wtd trimmed median, hl=45.0d, 0 sold of 2",2026-09-15T23:53:11.785896+00:00
SARJ007,19.87,15,2,0.0,67.6,0.0,"decay-wtd trimmed median, hl=45.0d, 0 sold of 2",2026-09-15T23:53:11.785896+00:00
SART001,47.35,15,2,0.0,95.3,0.0,"decay-wtd trimmed median, hl=45.0d, 0 sold of 2",2026-09-15T23:53:11.785896+00:00
SART003,16.95,15,2,0.0,60.0,0.0,"decay-wtd trimmed median, hl=45.0d, 0 sold of 2",2026-09-15T23:53:11.785896+00:00
SARX071J,35.07,15,2,0.0,79.1,0.0,"decay-wtd trimmed median, hl=45.0d, 0 sold of 2",2026-09-15T23:53:11.785896+00:00
SARX105,542.49,15,2,0.0,64.2,0.0,"decay-wtd trimmed median, hl=45.0d, 0 sold of 2",2026-09-15T23:53:11.785896+00:00
SARX115,174.21,15,2,0.0,59.7,0.0,"decay-wtd trimmed median, hl=45.0d, 0 sold of 2",2026-09-15T23:53:11.785896+00:00
SARY174,42.09,15,2,0.0,61.8,0.0,"decay-wtd trimmed median, hl=45.0d, 0 sold of 2",2026-09-15T23:53:11.785896+00:00
SARY262,63.14,15,2,0.0,57.9,0.0,"decay-wtd trimmed median, hl=45.0d, 0 sold of 2",2026-09-15T23:53:11.785896+00:00
SARZ033,18.7,15,2,0.0,35.4,0.0,"decay-wtd trimmed median, hl=45.0d, 0 sold of 2",2026-09-15T23:53:11.785896+00:00
SAST011G,155.5,15,2,0.0,43.3,0.0,"decay-wtd trimmed median, hl=45.0d, 0 sold of 2",2026-09-15T23:53:11.785896+00:00
SB0146101B1X1,465.0,15,2,0.0,81.2,0.0,"decay-wtd trimmed median, hl=45.0d, 0 sold of 2",2026-09-15T23:53:11.785896+00:00
SBCZ005J,39.16,15,2,0.0,40.4,0.0,"decay-wtd trimmed median, hl=45.0d, 0 sold of 2",2026-09-15T23:53:11.785896+00:00
SBCZ011J,39.16,15,2,0.0,34.0,0.0,"decay-wtd trimmed median, hl=45.0d, 0 sold of 2",2026-09-15T23:53:11.785896+00:00
SBDA001J,22.22,15,2,0.0,64.5,0.0,"decay-wtd trimmed median, hl=45.0d, 0 sold of 2",2026-09-15T23:53:11.785896+00:00
SBDB033J,118.08,15,2,0.0,64.2,0.0,"decay-wtd trimmed median, hl=45.0d, 0 sold of 2",2026-09-15T23:53:11.785896+00:00
SBDB035J,121.59,15,2,0.0,88.1,0.0,"decay-wtd trimmed median, hl=45.0d, 0 sold of 2",2026-09-15T23:53:11.785896+00:00
SBDC001J,58.46,15,2,0.0,42.9,0.0,"decay-wtd trimmed median, hl=45.0d, 0 sold of 2",2026-09-15T23:53:11.785896+00:00
SBDC041J,85.35,15,2,0.0,62.4,0.0,"decay-wtd trimmed median, hl=45.0d, 0 sold of 2",2026-09-15T23:53:11.785896+00:00
SBDC137,20.46,15,2,0.0,74.7,0.0,"decay-wtd trimmed median, hl=45.0d, 0 sold of 2",2026-09-15T23:53:11.785896+00:00
SBDC141,24.55,15,2,0.0,82.1,0.0,"decay-wtd trimmed median, hl=45.0d, 0 sold of 2",2026-09-15T23:53:11.785896+00:00
SBDC153,307.49,15,2,0.0,57.7,0.0,"decay-wtd trimmed median, hl=45.0d, 0 sold of 2",2026-09-15T23:53:11.785896+00:00
SBDC175,613.8,15,2,0.0,65.7,0.0,"decay-wtd trimmed median, hl=45.0d, 0 sold of 2",2026-09-15T23:53:11.785896+00:00
SBDC183,32.74,15,2,0.0,54.3,0.0,"decay-wtd trimmed median, hl=45.0d, 0 sold of 2",2026-09-15T23:53:11.785896+00:00
SBDJ055,20.46,15,2,0.0,61.5,0.0,"decay-wtd trimmed median, hl=45.0d, 0 sold of 2",2026-09-15T23:53:11.785896+00:00
SBDL007J,18.7,15,2,0.0,35.4,0.0,"decay-wtd trimmed median, hl=45.0d, 0 sold of 2",2026-09-15T23:53:11.785896+00:00
SBDL083J,26.89,15,2,0.0,49.5,0.0,"decay-wtd trimmed median, hl=45.0d, 0 sold of 2",2026-09-15T23:53:11.785896+00:00
SBDL121,835.94,15,2,0.0,43.4,0.0,"decay-wtd trimmed median, hl=45.0d, 0 sold of 2",2026-09-15T23:53:11.785896+00:00
SBDX014,37.36,15,2,0.0,74.5,0.0,"decay-wtd trimmed median, hl=45.0d, 0 sold of 2",2026-09-15T23:53:11.785896+00:00
SBEB011J,20.46,15,2,0.0,24.7,0.0,"decay-wtd trimmed median, hl=45.0d, 0 sold of 2",2026-09-15T23:53:11.785896+00:00
SBEB035J,20.46,15,2,0.0,71.2,0.0,"decay-wtd trimmed median, hl=45.0d, 0 sold of 2",2026-09-15T23:53:11.785896+00:00
SBEF041,20.46,15,2,0.0,50.7,0.0,"decay-wtd trimmed median, hl=45.0d, 0 sold of 2",2026-09-15T23:53:11.785896+00:00
SBEG015J,20.46,15,2,0.0,48.9,0.0,"decay-wtd trimmed median, hl=45.0d, 0 sold of 2",2026-09-15T23:53:11.785896+00:00
SBEK001,19.29,15,2,0.0,36.5,0.0,"decay-wtd trimmed median, hl=45.0d, 0 sold of 2",2026-09-15T23:53:11.785896+00:00
SBEM003,20.46,15,2,0.0,35.8,0.0,"decay-wtd trimmed median, hl=45.0d, 0 sold of 2",2026-09-15T23:53:11.785896+00:00
SBEQ005,19.29,15,2,0.0,62.7,0.0,"decay-wtd trimmed median, hl=45.0d, 0 sold of 2",2026-09-15T23:53:11.785896+00:00
SBGA229,95.29,15,2,0.0,95.9,0.0,"decay-wtd trimmed median, hl=45.0d, 0 sold of 2",2026-09-15T23:53:11.785896+00:00
SBGA365,15.78,15,2,0.0,67.7,0.0,"decay-wtd trimmed median, hl=45.0d, 0 sold of 2",2026-09-15T23:53:11.785896+00:00
SBGC240,267.74,15,2,0.0,90.6,0.0,"decay-wtd trimmed median, hl=45.0d, 0 sold of 2",2026-09-15T23:53:11.785896+00:00
SBGC242,16833.0,15,2,0.0,44.0,0.0,"decay-wtd trimmed median, hl=45.0d, 0 sold of 2",2026-09-15T23:53:11.785896+00:00
SBGC247,10230.0,15,2,0.0,35.9,0.0,"decay-wtd trimmed median, hl=45.0d, 0 sold of 2",2026-09-15T23:53:11.785896+00:00
SBGC249,11532.0,15,2,0.0,34.1,0.0,"decay-wtd trimmed median, hl=45.0d, 0 sold of 2",2026-09-15T23:53:11.785896+00:00
SBGE253,6417.0,15,2,0.0,20.5,13.0,"decay-wtd trimmed median, hl=45.0d, 0 sold of 2",2026-09-15T23:53:11.785896+00:00
SBGF017J,45.01,15,2,0.0,48.7,0.0,"decay-wtd trimmed median, hl=45.0d, 0 sold of 2",2026-09-15T23:53:11.785896+00:00
SBGF027J,15.78,15,2,0.0,32.5,0.0,"decay-wtd trimmed median, hl=45.0d, 0 sold of 2",2026-09-15T23:53:11.785896+00:00
SBGJ255,7905.0,15,2,0.0,31.1,0.0,"decay-wtd trimmed median, hl=45.0d, 0 sold of 2",2026-09-15T23:53:11.785896+00:00
SBGJ279,70.15,15,2,0.0,97.6,0.0,"decay-wtd trimmed median, hl=45.0d, 0 sold of 2",2026-09-15T23:53:11.785896+00:00
SBGM007J,36.83,15,2,0.0,47.7,0.0,"decay-wtd trimmed median, hl=45.0d, 0 sold of 2",2026-09-15T23:53:11.785896+00:00
SBGW293,4929.0,15,2,0.0,25.5,0.0,"decay-wtd trimmed median, hl=45.0d, 0 sold of 2",2026-09-15T23:53:11.785896+00:00
SBPA005J,43.25,15,2,0.0,24.5,0.0,"decay-wtd trimmed median, hl=45.0d, 0 sold of 2",2026-09-15T23:53:11.785896+00:00
SBPN025J,18.7,15,2,0.0,35.4,0.0,"decay-wtd trimmed median, hl=45.0d, 0 sold of 2",2026-09-15T23:53:11.785896+00:00
SBPN051,18.7,15,2,0.0,61.0,0.0,"decay-wtd trimmed median, hl=45.0d, 0 sold of 2",2026-09-15T23:53:11.785896+00:00
SBPN061,18.7,15,2,0.0,35.4,0.0,"decay-wtd trimmed median, hl=45.0d, 0 sold of 2",2026-09-15T23:53:11.785896+00:00
SBPS057,16.37,15,2,0.0,41.0,0.0,"decay-wtd trimmed median, hl=45.0d, 0 sold of 2",2026-09-15T23:53:11.785896+00:00
SBSA021J,20.46,15,2,0.0,26.3,0.0,"decay-wtd trimmed median, hl=45.0d, 0 sold of 2",2026-09-15T23:53:11.785896+00:00
SBSA080J,20.46,15,2,0.0,61.7,0.0,"decay-wtd trimmed median, hl=45.0d, 0 sold of 2",2026-09-15T23:53:11.785896+00:00
SBSA083J,20.46,15,2,0.0,41.2,0.0,"decay-wtd trimmed median, hl=45.0d, 0 sold of 2",2026-09-15T23:53:11.785896+00:00
SBSA084J,20.46,15,2,0.0,41.2,0.0,"decay-wtd trimmed median, hl=45.0d, 0 sold of 2",2026-09-15T23:53:11.785896+00:00
SBSA093J,20.46,15,2,0.0,42.2,0.0,"decay-wtd trimmed median, hl=45.0d, 0 sold of 2",2026-09-15T23:53:11.785896+00:00
SBSA098,20.46,15,2,0.0,48.1,0.0,"decay-wtd trimmed median, hl=45.0d, 0 sold of 2",2026-09-15T23:53:11.785896+00:00
SBSA104,20.46,15,2,0.0,42.2,0.0,"decay-wtd trimmed median, hl=45.0d, 0 sold of 2",2026-09-15T23:53:11.785896+00:00
SBSA105J,20.46,15,2,0.0,51.1,0.0,"decay-wtd trimmed median, hl=45.0d, 0 sold of 2",2026-09-15T23:53:11.785896+00:00
SBSA129,19.29,15,2,0.0,30.5,0.0,"decay-wtd trimmed median, hl=45.0d, 0 sold of 2",2026-09-15T23:53:11.785896+00:00
SBSA149,20.46,15,2,0.0,53.0,0.0,"decay-wtd trimmed median, hl=45.0d, 0 sold of 2",2026-09-15T23:53:11.785896+00:00
SBSA151,19.29,15,2,0.0,60.0,0.0,"decay-wtd trimmed median, hl=45.0d, 0 sold of 2",2026-09-15T23:53:11.785896+00:00
SBSA153,20.46,15,2,0.0,53.0,0.0,"decay-wtd trimmed median, hl=45.0d, 0 sold of 2",2026-09-15T23:53:11.785896+00:00
SBSA157,20.46,15,2,0.0,61.5,0.0,"decay-wtd trimmed median, hl=45.0d, 0 sold of 2",2026-09-15T23:53:11.785896+00:00
SBSA169J,19.29,15,2,0.0,35.9,0.0,"decay-wtd trimmed median, hl=45.0d, 0 sold of 2",2026-09-15T23:53:11.785896+00:00
SBSA171J,21.63,15,2,0.0,51.9,0.0,"decay-wtd trimmed median, hl=45.0d, 0 sold of 2",2026-09-15T23:53:11.785896+00:00
SBSA283,18.7,15,2,0.0,50.0,0.0,"decay-wtd trimmed median, hl=45.0d, 0 sold of 2",2026-09-15T23:53:11.785896+00:00
SBTM001,28.06,15,2,0.0,64.7,0.0,"decay-wtd trimmed median, hl=45.0d, 0 sold of 2",2026-09-15T23:53:11.785896+00:00
SBTM181J,18.7,15,2,0.0,35.4,0.0,"decay-wtd trimmed median, hl=45.0d, 0 sold of 2",2026-09-15T23:53:11.785896+00:00
SBTQ005,16.37,15,2,0.0,41.0,0.0,"decay-wtd trimmed median, hl=45.0d, 0 sold of 2",2026-09-15T23:53:11.785896+00:00
SBTQ055,18.7,15,2,0.0,35.4,0.0,"decay-wtd trimmed median, hl=45.0d, 0 sold of 2",2026-09-15T23:53:11.785896+00:00
SBTY001J,18.7,15,2,0.0,35.4,0.0,"decay-wtd trimmed median, hl=45.0d, 0 sold of 2",2026-09-15T23:53:11.785896+00:00
SBXC107,19.29,15,2,0.0,77.5,0.0,"decay-wtd trimmed median, hl=45.0d, 0 sold of 2",2026-09-15T23:53:11.785896+00:00
SBXC139,1284.85,15,2,0.0,67.1,0.0,"decay-wtd trimmed median, hl=45.0d, 0 sold of 2",2026-09-15T23:53:11.785896+00:00
SBXY003,74.83,15,2,0.0,74.4,0.0,"decay-wtd trimmed median, hl=45.0d, 0 sold of 2",2026-09-15T23:53:11.785896+00:00
SBXY047,87.69,15,2,0.0,73.9,0.0,"decay-wtd trimmed median, hl=45.0d, 0 sold of 2",2026-09-15T23:53:11.785896+00:00
SCDB017,18.7,15,2,0.0,35.4,0.0,"decay-wtd trimmed median, hl=45.0d, 0 sold of 2",2026-09-15T23:53:11.785896+00:00
SCDC093,20.46,15,2,0.0,43.1,0.0,"decay-wtd trimmed median, hl=45.0d, 0 sold of 2",2026-09-15T23:53:11.785896+00:00
SDBV021,20.46,15,2,0.0,31.4,0.0,"decay-wtd trimmed median, hl=45.0d, 0 sold of 2",2026-09-15T23:53:11.785896+00:00
SDKA005,47.35,15,2,0.0,91.6,0.0,"decay-wtd trimmed median, hl=45.0d, 0 sold of 2",2026-09-15T23:53:11.785896+00:00
SDKA009,94.7,15,2,0.0,93.2,0.0,"decay-wtd trimmed median, hl=45.0d, 0 sold of 2",2026-09-15T23:53:11.785896+00:00
SDKS021,119.54,15,2,0.0,68.9,0.0,"decay-wtd trimmed median, hl=45.0d, 0 sold of 2",2026-09-15T23:53:11.785896+00:00
SLGB025,930.0,15,2,0.0,85.1,0.0,"decay-wtd trimmed median, hl=45.0d, 0 sold of 2",2026-09-15T23:53:11.785896+00:00
SPB240,594.27,15,2,0.0,30.5,0.0,"decay-wtd trimmed median, hl=45.0d, 0 sold of 2",2026-09-15T23:53:11.785896+00:00
SPB323,650.07,15,2,0.0,26.4,0.0,"decay-wtd trimmed median, hl=45.0d, 0 sold of 2",2026-09-15T23:53:11.785896+00:00
SQBR014J,18.7,15,2,0.0,35.4,0.0,"decay-wtd trimmed median, hl=45.0d, 0 sold of 2",2026-09-15T23:53:11.785896+00:00
SRBV005,20.46,15,2,0.0,31.4,0.0,"decay-wtd trimmed median, hl=45.0d, 0 sold of 2",2026-09-15T23:53:11.785896+00:00
SRJA012,20.46,15,2,0.0,69.8,0.0,"decay-wtd trimmed median, hl=45.0d, 0 sold of 2",2026-09-15T23:53:11.785896+00:00
SRP841,441.75,15,2,0.0,51.3,0.0,"decay-wtd trimmed median, hl=45.0d, 0 sold of 2",2026-09-15T23:53:11.785896+00:00
SRRY004,28.64,15,2,0.0,56.4,0.0,"decay-wtd trimmed median, hl=45.0d, 0 sold of 2",2026-09-15T23:53:11.785896+00:00
SRRY028,125.1,15,2,0.0,55.7,0.0,"decay-wtd trimmed median, hl=45.0d, 0 sold of 2",2026-09-15T23:53:11.785896+00:00
SRRY045,19.29,15,2,0.0,77.6,0.0,"decay-wtd trimmed median, hl=45.0d, 0 sold of 2",2026-09-15T23:53:11.785896+00:00
SSDA002J,16.37,15,2,0.0,41.0,0.0,"decay-wtd trimmed median, hl=45.0d, 0 sold of 2",2026-09-15T23:53:11.785896+00:00
SSQV010J,111.07,15,2,0.0,48.6,0.0,"decay-wtd trimmed median, hl=45.0d, 0 sold of 2",2026-09-15T23:53:11.785896+00:00
SSQV022J,73.66,15,2,0.0,65.8,0.0,"decay-wtd trimmed median, hl=45.0d, 0 sold of 2",2026-09-15T23:53:11.785896+00:00
SSQV086J,18.7,15,2,0.0,64.5,0.0,"decay-wtd trimmed median, hl=45.0d, 0 sold of 2",2026-09-15T23:53:11.785896+00:00
SSQW054J,54.95,15,2,0.0,79.8,0.0,"decay-wtd trimmed median, hl=45.0d, 0 sold of 2",2026-09-15T23:53:11.785896+00:00
SSQW055,70.15,15,2,0.0,63.2,0.0,"decay-wtd trimmed median, hl=45.0d, 0 sold of 2",2026-09-15T23:53:11.785896+00:00
SSQW057J,70.15,15,2,0.0,68.0,0.0,"decay-wtd trimmed median, hl=45.0d, 0 sold of 2",2026-09-15T23:53:11.785896+00:00
SSQW092,72.48,15,2,0.0,67.6,0.0,"decay-wtd trimmed median, hl=45.0d, 0 sold of 2",2026-09-15T23:53:11.785896+00:00
SSVE047J,15.78,15,2,0.0,79.8,0.0,"decay-wtd trimmed median, hl=45.0d, 0 sold of 2",2026-09-15T23:53:11.785896+00:00
SSVE052J,39.16,15,2,0.0,72.1,0.0,"decay-wtd trimmed median, hl=45.0d, 0 sold of 2",2026-09-15T23:53:11.785896+00:00
SSVE900J,42.09,15,2,0.0,33.9,0.0,"decay-wtd trimmed median, hl=45.0d, 0 sold of 2",2026-09-15T23:53:11.785896+00:00
SSVH001J,59.62,15,2,0.0,59.4,0.0,"decay-wtd trimmed median, hl=45.0d, 0 sold of 2",2026-09-15T23:53:11.785896+00:00
SSVH010J,40.92,15,2,0.0,60.5,0.0,"decay-wtd trimmed median, hl=45.0d, 0 sold of 2",2026-09-15T23:53:11.785896+00:00
SSVN011,15.78,15,2,0.0,75.9,0.0,"decay-wtd trimmed median, hl=45.0d, 0 sold of 2",2026-09-15T23:53:11.785896+00:00
SSVN017J,28.06,15,2,0.0,57.1,0.0,"decay-wtd trimmed median, hl=45.0d, 0 sold of 2",2026-09-15T23:53:11.785896+00:00
SSVR121J,20.46,15,2,0.0,66.8,0.0,"decay-wtd trimmed median, hl=45.0d, 0 sold of 2",2026-09-15T23:53:11.785896+00:00
SSVR129J,29.82,15,2,0.0,74.4,0.0,"decay-wtd trimmed median, hl=45.0d, 0 sold of 2",2026-09-15T23:53:11.785896+00:00
SSVR139J,19.29,15,2,0.0,46.8,0.0,"decay-wtd trimmed median, hl=45.0d, 0 sold of 2",2026-09-15T23:53:11.785896+00:00
SSVR141J,52.61,15,2,0.0,67.1,0.0,"decay-wtd trimmed median, hl=45.0d, 0 sold of 2",2026-09-15T23:53:11.785896+00:00
SSVV014J,19.29,15,2,0.0,28.3,0.0,"decay-wtd trimmed median, hl=45.0d, 0 sold of 2",2026-09-15T23:53:11.785896+00:00
SSVV043,37.41,15,2,0.0,65.3,0.0,"decay-wtd trimmed median, hl=45.0d, 0 sold of 2",2026-09-15T23:53:11.785896+00:00
SSVV053,40.92,15,2,0.0,74.5,0.0,"decay-wtd trimmed median, hl=45.0d, 0 sold of 2",2026-09-15T23:53:11.785896+00:00
SSVV058,45.6,15,2,0.0,75.7,0.0,"decay-wtd trimmed median, hl=45.0d, 0 sold of 2",2026-09-15T23:53:11.785896+00:00
SSVV069,45.6,15,2,0.0,71.9,0.0,"decay-wtd trimmed median, hl=45.0d, 0 sold of 2",2026-09-15T23:53:11.785896+00:00
SSVW091J,35.07,15,2,0.0,74.6,0.0,"decay-wtd trimmed median, hl=45.0d, 0 sold of 2",2026-09-15T23:53:11.785896+00:00
SSVW164,35.07,15,2,0.0,80.8,0.0,"decay-wtd trimmed median, hl=45.0d, 0 sold of 2",2026-09-15T23:53:11.785896+00:00
SSVW165J,32.74,15,2,0.0,80.7,0.0,"decay-wtd trimmed median, hl=45.0d, 0 sold of 2",2026-09-15T23:53:11.785896+00:00
SSVW179J,39.16,15,2,0.0,75.4,0.0,"decay-wtd trimmed median, hl=45.0d, 0 sold of 2",2026-09-15T23:53:11.785896+00:00
SSVW191,40.92,15,2,0.0,74.5,0.0,"decay-wtd trimmed median, hl=45.0d, 0 sold of 2",2026-09-15T23:53:11.785896+00:00
SSVW205,44.43,15,2,0.0,67.5,0.0,"decay-wtd trimmed median, hl=45.0d, 0 sold of 2",2026-09-15T23:53:11.785896+00:00
SSVW209J,49.1,15,2,0.0,51.4,0.0,"decay-wtd trimmed median, hl=45.0d, 0 sold of 2",2026-09-15T23:53:11.785896+00:00
SSVW213J,42.09,15,2,0.0,69.4,0.0,"decay-wtd trimmed median, hl=45.0d, 0 sold of 2",2026-09-15T23:53:11.785896+00:00
SSVW217J,181.22,15,2,0.0,57.0,0.0,"decay-wtd trimmed median, hl=45.0d, 0 sold of 2",2026-09-15T23:53:11.785896+00:00
SSVW229J,47.35,15,2,0.0,68.3,0.0,"decay-wtd trimmed median, hl=45.0d, 0 sold of 2",2026-09-15T23:53:11.785896+00:00
SSWA004J,77.16,15,2,0.0,50.8,0.0,"decay-wtd trimmed median, hl=45.0d, 0 sold of 2",2026-09-15T23:53:11.785896+00:00
SSWA016J,37.41,15,2,0.0,66.8,0.0,"decay-wtd trimmed median, hl=45.0d, 0 sold of 2",2026-09-15T23:53:11.785896+00:00
SSWA017J,32.74,15,2,0.0,73.8,0.0,"decay-wtd trimmed median, hl=45.0d, 0 sold of 2",2026-09-15T23:53:11.785896+00:00
STGF013J,15.78,15,2,0.0,49.5,0.0,"decay-wtd trimmed median, hl=45.0d, 0 sold of 2",2026-09-15T23:53:11.785896+00:00
STGF027J,15.78,15,2,0.0,76.2,0.0,"decay-wtd trimmed median, hl=45.0d, 0 sold of 2",2026-09-15T23:53:11.785896+00:00
STGF355J,206.36,15,2,0.0,81.0,0.0,"decay-wtd trimmed median, hl=45.0d, 0 sold of 2",2026-09-15T23:53:11.785896+00:00
STPX093,39.16,15,2,0.0,32.7,1.0,"decay-wtd trimmed median, hl=45.0d, 0 sold of 2",2026-09-15T23:53:11.785896+00:00
SWCP009J,54.95,15,2,0.0,55.4,0.0,"decay-wtd trimmed median, hl=45.0d, 0 sold of 2",2026-09-15T23:53:11.785896+00:00
SWCQ024J,43.25,15,2,0.0,58.4,0.0,"decay-wtd trimmed median, hl=45.0d, 0 sold of 2",2026-09-15T23:53:11.785896+00:00
SWCW083,58.46,15,2,0.0,81.1,0.0,"decay-wtd trimmed median, hl=45.0d, 0 sold of 2",2026-09-15T23:53:11.785896+00:00
SWDB057J,16.37,15,2,0.0,41.0,0.0,"decay-wtd trimmed median, hl=45.0d, 0 sold of 2",2026-09-15T23:53:11.785896+00:00
SWDB071J,16.37,15,2,0.0,56.9,0.0,"decay-wtd trimmed median, hl=45.0d, 0 sold of 2",2026-09-15T23:53:11.785896+00:00
SWFA085J,20.46,15,2,0.0,51.7,0.0,"decay-wtd trimmed median, hl=45.0d, 0 sold of 2",2026-09-15T23:53:11.785896+00:00
SWFH043J,20.46,15,2,0.0,66.8,0.0,"decay-wtd trimmed median, hl=45.0d, 0 sold of 2",2026-09-15T23:53:11.785896+00:00
SWFH069,20.46,15,2,0.0,62.6,0.0,"decay-wtd trimmed median, hl=45.0d, 0 sold of 2",2026-09-15T23:53:11.785896+00:00
SZQV016,19.87,15,2,0.0,78.6,0.0,"decay-wtd trimmed median, hl=45.0d, 0 sold of 2",2026-09-15T23:53:11.785896+00:00
U17327211A1U1,465.0,15,2,0.0,85.2,0.0,"decay-wtd trimmed median, hl=45.0d, 0 sold of 2",2026-09-15T23:53:11.785896+00:00
W3140008,2678.4,15,2,0.0,25.7,0.0,"decay-wtd trimmed median, hl=45.0d, 0 sold of 2",2026-09-15T23:53:11.785896+00:00
X83310281B1S1,3301.5,15,2,0.0,33.7,0.0,"decay-wtd trimmed median, hl=45.0d, 0 sold of 2",2026-09-15T23:53:11.785896+00:00
X83310D41B1S1,3301.5,15,2,0.0,33.7,0.0,"decay-wtd trimmed median, hl=45.0d, 0 sold of 2",2026-09-15T23:53:11.785896+00:00
123.15.24.60.01.001,1459.24,14,2,0.0,30.6,3.0,"decay-wtd trimmed median, hl=45.0d, 0 sold of 2",2026-09-15T23:53:11.785896+00:00
123.15.24.60.05.001,1485.77,14,2,0.0,32.4,3.0,"decay-wtd trimmed median, hl=45.0d, 0 sold of 2",2026-09-15T23:53:11.785896+00:00
130.33.39.21.03.001,6596.03,14,2,0.0,19.3,20.0,"decay-wtd trimmed median, hl=45.0d, 0 sold of 2",2026-09-15T23:53:11.785896+00:00
SBXC023,889.72,14,2,0.0,59.5,4.0,"decay-wtd trimmed median, hl=45.0d, 0 sold of 2",2026-09-15T23:53:11.785896+00:00
A17376211C1S1,4340.47,13,2,0.0,24.4,8.0,"decay-wtd trimmed median, hl=45.0d, 0 sold of 2",2026-09-15T23:53:11.785896+00:00
SARD015,1582.15,13,2,0.0,32.5,7.0,"decay-wtd trimmed median, hl=45.0d, 0 sold of 2",2026-09-15T23:53:11.785896+00:00
SBXC135,1389.17,13,2,0.0,72.3,6.0,"decay-wtd trimmed median, hl=45.0d, 0 sold of 2",2026-09-15T23:53:11.785896+00:00
SBXD013,641.22,13,2,0.0,70.5,6.0,"decay-wtd trimmed median, hl=45.0d, 0 sold of 2",2026-09-15T23:53:11.785896+00:00
15210BC,29696.4,12,2,0.0,33.7,9.1,"decay-wtd trimmed median, hl=45.0d, 0 sold of 2",2026-09-15T23:53:11.785896+00:00
SAGA270,79.51,12,2,0.0,68.2,8.0,"decay-wtd trimmed median, hl=45.0d, 0 sold of 2",2026-09-15T23:53:11.785896+00:00
SAGZ100,144.98,12,2,0.0,60.9,8.0,"decay-wtd trimmed median, hl=45.0d, 0 sold of 2",2026-09-15T23:53:11.785896+00:00
SARF015J,192.32,12,2,0.0,51.3,8.0,"decay-wtd trimmed median, hl=45.0d, 0 sold of 2",2026-09-15T23:53:11.785896+00:00
SARX021J,53.2,12,2,0.0,65.2,8.0,"decay-wtd trimmed median, hl=45.0d, 0 sold of 2",2026-09-15T23:53:11.785896+00:00
SARY219,30.4,12,2,0.0,66.9,8.0,"decay-wtd trimmed median, hl=45.0d, 0 sold of 2",2026-09-15T23:53:11.785896+00:00
SBDB039J,128.61,12,2,0.0,86.5,8.0,"decay-wtd trimmed median, hl=45.0d, 0 sold of 2",2026-09-15T23:53:11.785896+00:00
SBDC037J,88.85,12,2,0.0,61.2,8.0,"decay-wtd trimmed median, hl=45.0d, 0 sold of 2",2026-09-15T23:53:11.785896+00:00
SBDC193,162.51,12,2,0.0,39.5,8.0,"decay-wtd trimmed median, hl=45.0d, 0 sold of 2",2026-09-15T23:53:11.785896+00:00
SBDJ065,16.95,12,2,0.0,91.2,8.0,"decay-wtd trimmed median, hl=45.0d, 0 sold of 2",2026-09-15T23:53:11.785896+00:00
SBDL093,79.51,12,2,0.0,61.2,8.0,"decay-wtd trimmed median, hl=45.0d, 0 sold of 2",2026-09-15T23:53:11.785896+00:00
SBDL119,43.84,12,2,0.0,68.9,8.0,"decay-wtd trimmed median, hl=45.0d, 0 sold of 2",2026-09-15T23:53:11.785896+00:00
SBEJ009,133.29,12,2,0.0,73.6,8.0,"decay-wtd trimmed median, hl=45.0d, 0 sold of 2",2026-09-15T23:53:11.785896+00:00
SBEJ027,567.04,12,2,0.0,54.4,8.0,"decay-wtd trimmed median, hl=45.0d, 0 sold of 2",2026-09-15T23:53:11.785896+00:00
SBER005,28.64,12,2,0.0,82.2,8.0,"decay-wtd trimmed median, hl=45.0d, 0 sold of 2",2026-09-15T23:53:11.785896+00:00
SBPX071J,18.7,12,2,0.0,74.2,8.0,"decay-wtd trimmed median, hl=45.0d, 0 sold of 2",2026-09-15T23:53:11.785896+00:00
SBSA050J,18.13,12,2,0.0,66.1,8.0,"decay-wtd trimmed median, hl=45.0d, 0 sold of 2",2026-09-15T23:53:11.785896+00:00
SBTM309,59.05,12,2,0.0,47.5,8.0,"decay-wtd trimmed median, hl=45.0d, 0 sold of 2",2026-09-15T23:53:11.785896+00:00
SBXC007,139.71,12,2,0.0,66.7,8.0,"decay-wtd trimmed median, hl=45.0d, 0 sold of 2",2026-09-15T23:53:11.785896+00:00
SBXC029J,126.85,12,2,0.0,79.7,8.0,"decay-wtd trimmed median, hl=45.0d, 0 sold of 2",2026-09-15T23:53:11.785896+00:00
SBXC037,143.22,12,2,0.0,58.9,8.0,"decay-wtd trimmed median, hl=45.0d, 0 sold of 2",2026-09-15T23:53:11.785896+00:00
SBXC045J,71.32,12,2,0.0,78.3,8.0,"decay-wtd trimmed median, hl=45.0d, 0 sold of 2",2026-09-15T23:53:11.785896+00:00
SBXC057J,155.5,12,2,0.0,77.3,8.0,"decay-wtd trimmed median, hl=45.0d, 0 sold of 2",2026-09-15T23:53:11.785896+00:00
SBXC063,125.1,12,2,0.0,70.5,8.0,"decay-wtd trimmed median, hl=45.0d, 0 sold of 2",2026-09-15T23:53:11.785896+00:00
SBXC085,188.82,12,2,0.0,66.9,8.0,"decay-wtd trimmed median, hl=45.0d, 0 sold of 2",2026-09-15T23:53:11.785896+00:00
SBXC087,167.77,12,2,0.0,70.1,8.0,"decay-wtd trimmed median, hl=45.0d, 0 sold of 2",2026-09-15T23:53:11.785896+00:00
SBXC129,141.47,12,2,0.0,71.1,8.0,"decay-wtd trimmed median, hl=45.0d, 0 sold of 2",2026-09-15T23:53:11.785896+00:00
SBXC155,155.5,12,2,0.0,63.8,8.0,"decay-wtd trimmed median, hl=45.0d, 0 sold of 2",2026-09-15T23:53:11.785896+00:00
SBXC159,166.02,12,2,0.0,56.7,8.0,"decay-wtd trimmed median, hl=45.0d, 0 sold of 2",2026-09-15T23:53:11.785896+00:00
SBXC167,208.11,12,2,0.0,61.5,8.0,"decay-wtd trimmed median, hl=45.0d, 0 sold of 2",2026-09-15T23:53:11.785896+00:00
SBXC173,828.93,12,2,0.0,30.0,8.0,"decay-wtd trimmed median, hl=45.0d, 0 sold of 2",2026-09-15T23:53:11.785896+00:00
SBXC185,201.09,12,2,0.0,59.6,8.0,"decay-wtd trimmed median, hl=45.0d, 0 sold of 2",2026-09-15T23:53:11.785896+00:00
SBXD009,144.98,12,2,0.0,63.4,8.0,"decay-wtd trimmed median, hl=45.0d, 0 sold of 2",2026-09-15T23:53:11.785896+00:00
SBXD011,91.78,12,2,0.0,69.5,8.0,"decay-wtd trimmed median, hl=45.0d, 0 sold of 2",2026-09-15T23:53:11.785896+00:00
SBXD023,169.53,12,2,0.0,54.7,8.0,"decay-wtd trimmed median, hl=45.0d, 0 sold of 2",2026-09-15T23:53:11.785896+00:00
SBXD029,150.23,12,2,0.0,63.4,8.0,"decay-wtd trimmed median, hl=45.0d, 0 sold of 2",2026-09-15T23:53:11.785896+00:00
SBXY020,151.99,12,2,0.0,56.6,8.0,"decay-wtd trimmed median, hl=45.0d, 0 sold of 2",2026-09-15T23:53:11.785896+00:00
SBXY025,139.71,12,2,0.0,61.7,8.0,"decay-wtd trimmed median, hl=45.0d, 0 sold of 2",2026-09-15T23:53:11.785896+00:00
SBXY037,509.17,12,2,0.0,34.0,8.0,"decay-wtd trimmed median, hl=45.0d, 0 sold of 2",2026-09-15T23:53:11.785896+00:00
SCEB035,20.46,12,2,0.0,62.6,8.0,"decay-wtd trimmed median, hl=45.0d, 0 sold of 2",2026-09-15T23:53:11.785896+00:00
SCED057J,88.85,12,2,0.0,62.6,8.0,"decay-wtd trimmed median, hl=45.0d, 0 sold of 2",2026-09-15T23:53:11.785896+00:00
SCVE001J,36.24,12,2,0.0,36.1,8.0,"decay-wtd trimmed median, hl=45.0d, 0 sold of 2",2026-09-15T23:53:11.785896+00:00
SCVE035,18.7,12,2,0.0,65.2,8.0,"decay-wtd trimmed median, hl=45.0d, 0 sold of 2",2026-09-15T23:53:11.785896+00:00
SRRY014,53.2,12,2,0.0,36.8,8.0,"decay-wtd trimmed median, hl=45.0d, 0 sold of 2",2026-09-15T23:53:11.785896+00:00
SRRY016,56.7,12,2,0.0,45.4,8.0,"decay-wtd trimmed median, hl=45.0d, 0 sold of 2",2026-09-15T23:53:11.785896+00:00
SRRY018,51.44,12,2,0.0,38.2,8.0,"decay-wtd trimmed median, hl=45.0d, 0 sold of 2",2026-09-15T23:53:11.785896+00:00
SRRY025,24.55,12,2,0.0,75.2,8.0,"decay-wtd trimmed median, hl=45.0d, 0 sold of 2",2026-09-15T23:53:11.785896+00:00
SSDE006,25.72,12,2,0.0,59.3,8.0,"decay-wtd trimmed median, hl=45.0d, 0 sold of 2",2026-09-15T23:53:11.785896+00:00
SSDE010,18.7,12,2,0.0,65.2,8.0,"decay-wtd trimmed median, hl=45.0d, 0 sold of 2",2026-09-15T23:53:11.785896+00:00
SSQV013,60.79,12,2,0.0,64.3,8.0,"decay-wtd trimmed median, hl=45.0d, 0 sold of 2",2026-09-15T23:53:11.785896+00:00
SSQV016,81.25,12,2,0.0,56.6,8.0,"decay-wtd trimmed median, hl=45.0d, 0 sold of 2",2026-09-15T23:53:11.785896+00:00
SSQV027J,25.72,12,2,0.0,83.9,8.0,"decay-wtd trimmed median, hl=45.0d, 0 sold of 2",2026-09-15T23:53:11.785896+00:00
SSQV032J,91.78,12,2,0.0,51.2,8.0,"decay-wtd trimmed median, hl=45.0d, 0 sold of 2",2026-09-15T23:53:11.785896+00:00
SSQV038,97.62,12,2,0.0,60.3,8.0,"decay-wtd trimmed median, hl=45.0d, 0 sold of 2",2026-09-15T23:53:11.785896+00:00
SSQV047J,95.29,12,2,0.0,53.8,8.0,"decay-wtd trimmed median, hl=45.0d, 0 sold of 2",2026-09-15T23:53:11.785896+00:00
SSQV058J,88.27,12,2,0.0,58.3,8.0,"decay-wtd trimmed median, hl=45.0d, 0 sold of 2",2026-09-15T23:53:11.785896+00:00
SSQV077J,95.29,12,2,0.0,56.5,8.0,"decay-wtd trimmed median, hl=45.0d, 0 sold of 2",2026-09-15T23:53:11.785896+00:00
SSQV108,119.84,12,2,0.0,54.4,8.0,"decay-wtd trimmed median, hl=45.0d, 0 sold of 2",2026-09-15T23:53:11.785896+00:00
SSQV110J,394.59,12,2,0.0,60.3,8.0,"decay-wtd trimmed median, hl=45.0d, 0 sold of 2",2026-09-15T23:53:11.785896+00:00
SSQW031J,67.23,12,2,0.0,61.9,8.0,"decay-wtd trimmed median, hl=45.0d, 0 sold of 2",2026-09-15T23:53:11.785896+00:00
SSQW035J,79.51,12,2,0.0,51.7,8.0,"decay-wtd trimmed median, hl=45.0d, 0 sold of 2",2026-09-15T23:53:11.785896+00:00
SSQW037J,95.29,12,2,0.0,58.7,8.0,"decay-wtd trimmed median, hl=45.0d, 0 sold of 2",2026-09-15T23:53:11.785896+00:00
SSQW044,91.78,12,2,0.0,50.5,8.0,"decay-wtd trimmed median, hl=45.0d, 0 sold of 2",2026-09-15T23:53:11.785896+00:00
SSQW049,111.07,12,2,0.0,57.1,8.0,"decay-wtd trimmed median, hl=45.0d, 0 sold of 2",2026-09-15T23:53:11.785896+00:00
SSQW052,95.29,12,2,0.0,65.5,8.0,"decay-wtd trimmed median, hl=45.0d, 0 sold of 2",2026-09-15T23:53:11.785896+00:00
SSQW081J,113.1,12,2,0.0,51.7,8.0,"decay-wtd trimmed median, hl=45.0d, 0 sold of 2",2026-09-15T23:53:11.785896+00:00
SSQW082J,128.61,12,2,0.0,54.1,8.0,"decay-wtd trimmed median, hl=45.0d, 0 sold of 2",2026-09-15T23:53:11.785896+00:00
SSQW086J,107.56,12,2,0.0,61.7,8.0,"decay-wtd trimmed median, hl=45.0d, 0 sold of 2",2026-09-15T23:53:11.785896+00:00
SSQW089,102.3,12,2,0.0,56.2,8.0,"decay-wtd trimmed median, hl=45.0d, 0 sold of 2",2026-09-15T23:53:11.785896+00:00
SSVM034J,93.53,12,2,0.0,44.2,8.0,"decay-wtd trimmed median, hl=45.0d, 0 sold of 2",2026-09-15T23:53:11.785896+00:00
SSVM039,75.99,12,2,0.0,43.1,8.0,"decay-wtd trimmed median, hl=45.0d, 0 sold of 2",2026-09-15T23:53:11.785896+00:00
SSVM054,46.77,12,2,0.0,68.3,8.0,"decay-wtd trimmed median, hl=45.0d, 0 sold of 2",2026-09-15T23:53:11.785896+00:00
SSVN034,22.79,12,2,0.0,67.0,8.0,"decay-wtd trimmed median, hl=45.0d, 0 sold of 2",2026-09-15T23:53:11.785896+00:00
SSVR133J,32.74,12,2,0.0,73.6,8.0,"decay-wtd trimmed median, hl=45.0d, 0 sold of 2",2026-09-15T23:53:11.785896+00:00
SSVR136J,30.4,12,2,0.0,61.5,8.0,"decay-wtd trimmed median, hl=45.0d, 0 sold of 2",2026-09-15T23:53:11.785896+00:00
SSVR138,36.83,12,2,0.0,67.2,8.0,"decay-wtd trimmed median, hl=45.0d, 0 sold of 2",2026-09-15T23:53:11.785896+00:00
SSVR140,49.69,12,2,0.0,65.5,8.0,"decay-wtd trimmed median, hl=45.0d, 0 sold of 2",2026-09-15T23:53:11.785896+00:00
SSVS030J,67.23,12,2,0.0,54.7,8.0,"decay-wtd trimmed median, hl=45.0d, 0 sold of 2",2026-09-15T23:53:11.785896+00:00
SSVS034J,71.32,12,2,0.0,52.6,8.0,"decay-wtd trimmed median, hl=45.0d, 0 sold of 2",2026-09-15T23:53:11.785896+00:00
SSVS039,22.79,12,2,0.0,67.0,8.0,"decay-wtd trimmed median, hl=45.0d, 0 sold of 2",2026-09-15T23:53:11.785896+00:00
SSVS040,22.79,12,2,0.0,75.6,8.0,"decay-wtd trimmed median, hl=45.0d, 0 sold of 2",2026-09-15T23:53:11.785896+00:00
SSVV054,44.43,12,2,0.0,72.6,8.0,"decay-wtd trimmed median, hl=45.0d, 0 sold of 2",2026-09-15T23:53:11.785896+00:00
SSVW120,36.83,12,2,0.0,75.8,8.0,"decay-wtd trimmed median, hl=45.0d, 0 sold of 2",2026-09-15T23:53:11.785896+00:00
SSVW150,36.83,12,2,0.0,79.9,8.0,"decay-wtd trimmed median, hl=45.0d, 0 sold of 2",2026-09-15T23:53:11.785896+00:00
SSVW153,34.49,12,2,0.0,78.0,8.0,"decay-wtd trimmed median, hl=45.0d, 0 sold of 2",2026-09-15T23:53:11.785896+00:00
SSVW157,40.33,12,2,0.0,63.1,8.0,"decay-wtd trimmed median, hl=45.0d, 0 sold of 2",2026-09-15T23:53:11.785896+00:00
SSVW187,40.33,12,2,0.0,70.1,8.0,"decay-wtd trimmed median, hl=45.0d, 0 sold of 2",2026-09-15T23:53:11.785896+00:00
SSVW190,44.43,12,2,0.0,55.0,8.0,"decay-wtd trimmed median, hl=45.0d, 0 sold of 2",2026-09-15T23:53:11.785896+00:00
SSVW227J,44.43,12,2,0.0,62.3,8.0,"decay-wtd trimmed median, hl=45.0d, 0 sold of 2",2026-09-15T23:53:11.785896+00:00
SWCW114J,30.4,12,2,0.0,83.1,8.0,"decay-wtd trimmed median, hl=45.0d, 0 sold of 2",2026-09-15T23:53:11.785896+00:00
SWCW124,90.02,12,2,0.0,64.7,8.0,"decay-wtd trimmed median, hl=45.0d, 0 sold of 2",2026-09-15T23:53:11.785896+00:00
SWFH023J,20.46,12,2,0.0,62.6,8.0,"decay-wtd trimmed median, hl=45.0d, 0 sold of 2",2026-09-15T23:53:11.785896+00:00
SWFH050J,20.46,12,2,0.0,66.8,8.0,"decay-wtd trimmed median, hl=45.0d, 0 sold of 2",2026-09-15T23:53:11.785896+00:00
SWFH119J,20.46,12,2,0.0,62.6,8.0,"decay-wtd trimmed median, hl=45.0d, 0 sold of 2",2026-09-15T23:53:11.785896+00:00
SWFH137,115.16,12,2,0.0,72.8,8.0,"decay-wtd trimmed median, hl=45.0d, 0 sold of 2",2026-09-15T23:53:11.785896+00:00
SWFJ007J,24.55,12,2,0.0,51.7,8.0,"decay-wtd trimmed median, hl=45.0d, 0 sold of 2",2026-09-15T23:53:11.785896+00:00
212.30.42.50.03.001,4488.49,11,2,0.0,23.9,14.5,"decay-wtd trimmed median, hl=45.0d, 0 sold of 2",2026-09-15T23:53:11.785896+00:00
SADZ163,126.85,11,2,0.0,44.5,11.0,"decay-wtd trimmed median, hl=45.0d, 0 sold of 2",2026-09-15T23:53:11.785896+00:00
SADZ165,130.36,11,2,0.0,57.8,11.0,"decay-wtd trimmed median, hl=45.0d, 0 sold of 2",2026-09-15T23:53:11.785896+00:00
SAGA173,34.49,11,2,0.0,87.3,12.0,"decay-wtd trimmed median, hl=45.0d, 0 sold of 2",2026-09-15T23:53:11.785896+00:00
SAGA174,51.44,11,2,0.0,81.6,12.0,"decay-wtd trimmed median, hl=45.0d, 0 sold of 2",2026-09-15T23:53:11.785896+00:00
SAGA195,40.33,11,2,0.0,74.8,12.0,"decay-wtd trimmed median, hl=45.0d, 0 sold of 2",2026-09-15T23:53:11.785896+00:00
SBCZ021,30.4,11,2,0.0,76.6,11.0,"decay-wtd trimmed median, hl=45.0d, 0 sold of 2",2026-09-15T23:53:11.785896+00:00
SDGC031J,35.07,11,2,0.0,84.6,12.0,"decay-wtd trimmed median, hl=45.0d, 0 sold of 2",2026-09-15T23:53:11.785896+00:00
SRRY009,30.4,11,2,0.0,54.4,12.0,"decay-wtd trimmed median, hl=45.0d, 0 sold of 2",2026-09-15T23:53:11.785896+00:00
SSQW015,77.75,11,2,0.0,53.1,13.0,"decay-wtd trimmed median, hl=45.0d, 0 sold of 2",2026-09-15T23:53:11.785896+00:00
SSVW056,77.75,11,2,0.0,32.7,13.0,"decay-wtd trimmed median, hl=45.0d, 0 sold of 2",2026-09-15T23:53:11.785896+00:00
SWCW060,151.99,11,2,0.0,55.8,11.0,"decay-wtd trimmed median, hl=45.0d, 0 sold of 2",2026-09-15T23:53:11.785896+00:00
SWFH015J,18.7,11,2,0.0,65.2,11.0,"decay-wtd trimmed median, hl=45.0d, 0 sold of 2",2026-09-15T23:53:11.785896+00:00
SWFH033J,20.46,11,2,0.0,62.6,12.0,"decay-wtd trimmed median, hl=45.0d, 0 sold of 2",2026-09-15T23:53:11.785896+00:00
SSVE068J,78.33,10,2,0.0,22.4,22.1,"decay-wtd trimmed median, hl=45.0d, 0 sold of 2",2026-09-15T23:53:11.785896+00:00
SSVH017J,67.23,10,2,0.0,56.4,14.0,"decay-wtd trimmed median, hl=45.0d, 0 sold of 2",2026-09-15T23:53:11.785896+00:00
SSVH032,88.27,10,2,0.0,52.8,14.0,"decay-wtd trimmed median, hl=45.0d, 0 sold of 2",2026-09-15T23:53:11.785896+00:00
SSVW042J,44.43,10,2,0.0,80.3,14.5,"decay-wtd trimmed median, hl=45.0d, 0 sold of 2",2026-09-15T23:53:11.785896+00:00
SWCW038,93.53,9,2,0.0,49.8,18.8,"decay-wtd trimmed median, hl=45.0d, 0 sold of 2",2026-09-15T23:53:11.785896+00:00
SWCW136,93.53,9,2,0.0,55.9,18.8,"decay-wtd trimmed median, hl=45.0d, 0 sold of 2",2026-09-15T23:53:11.785896+00:00
SADZ131,139.71,8,2,0.0,58.5,20.0,"decay-wtd trimmed median, hl=45.0d, 0 sold of 2",2026-09-15T23:53:11.785896+00:00
SAST017,287.61,8,2,0.0,52.4,20.0,"decay-wtd trimmed median, hl=45.0d, 0 sold of 2",2026-09-15T23:53:11.785896+00:00
SSQW004,44.43,8,2,0.0,68.9,20.0,"decay-wtd trimmed median, hl=45.0d, 0 sold of 2",2026-09-15T23:53:11.785896+00:00
SSVM009J,53.2,8,2,0.0,49.9,20.0,"decay-wtd trimmed median, hl=45.0d, 0 sold of 2",2026-09-15T23:53:11.785896+00:00
SWCW013,79.51,8,2,0.0,55.7,20.0,"decay-wtd trimmed median, hl=45.0d, 0 sold of 2",2026-09-15T23:53:11.785896+00:00
SWCW036,126.85,8,2,0.0,37.6,20.0,"decay-wtd trimmed median, hl=45.0d, 0 sold of 2",2026-09-15T23:53:11.785896+00:00
SADA011,114.58,6,2,0.0,57.2,28.1,"decay-wtd trimmed median, hl=45.0d, 0 sold of 2",2026-09-15T23:53:11.785896+00:00
SSVE058,42.68,6,2,0.0,53.4,28.1,"decay-wtd trimmed median, hl=45.0d, 0 sold of 2",2026-09-15T23:53:11.785896+00:00
SSVE066J,75.99,6,2,0.0,29.7,28.1,"decay-wtd trimmed median, hl=45.0d, 0 sold of 2",2026-09-15T23:53:11.785896+00:00
SSVN018,59.05,6,2,0.0,32.2,28.1,"decay-wtd trimmed median, hl=45.0d, 0 sold of 2",2026-09-15T23:53:11.785896+00:00
SSVN020J,79.51,6,2,0.0,51.7,28.1,"decay-wtd trimmed median, hl=45.0d, 0 sold of 2",2026-09-15T23:53:11.785896+00:00
SSVV026J,51.44,6,2,0.0,64.2,28.1,"decay-wtd trimmed median, hl=45.0d, 0 sold of 2",2026-09-15T23:53:11.785896+00:00
SWFA165,137.79,5,2,0.0,28.4,29.1,"decay-wtd trimmed median, hl=45.0d, 0 sold of 2",2026-09-15T23:53:11.785896+00:00
