ref,brand,kind,source,value_usd,confidence,ts
00011,,MARK,engine_median,1653.59,DERIVED,2026-08-14T21:47:56.498486+00:00
03.3100.360021.M3100,Zenith,MARK,manual_check,5800.0,EST,2026-08-09
03.3100.360069.M3100,Zenith,MARK,manual_check,7000.0,EST,2026-08-09
03.9300.362078.I001,Zenith,MARK,manual_check,8000.0,EST,2026-08-09
04.30.44.52.01.001,Omega,MARK,manual_check,7431.0,VERIFIED,2026-08-09
04.33.44.52.03.001,Omega,MARK,manual_check,7291.0,VERIFIED,2026-08-09
04.93.44.52.03.002,Omega,MARK,manual_check,10759.0,VERIFIED,2026-08-09
10.20.42.50.01.001,Omega,MARK,manual_check,12931.0,VERIFIED,2026-08-09
10.22.42.20.01.002,Omega,MARK,manual_check,5818.0,VERIFIED,2026-08-09
10.22.42.20.01.004,Omega,MARK,manual_check,7874.0,VERIFIED,2026-08-09
10.22.42.20.03.002,Omega,MARK,manual_check,5771.0,VERIFIED,2026-08-09
10.30.42.20.01.001,Omega,MARK,manual_check,4339.0,VERIFIED,2026-08-09
10.30.42.20.01.010,Omega,MARK,manual_check,5537.0,VERIFIED,2026-08-09
10.30.42.20.03.001,Omega,MARK,manual_check,4420.0,VERIFIED,2026-08-09
10.30.42.20.03.002,Omega,MARK,manual_check,6948.0,VERIFIED,2026-08-09
10.30.42.20.03.003,Omega,MARK,manual_check,4856.0,VERIFIED,2026-08-09
10.30.42.20.04.001,Omega,MARK,manual_check,4422.0,VERIFIED,2026-08-09
10.30.42.20.06.001,Omega,MARK,manual_check,4016.0,VERIFIED,2026-08-09
10.30.42.20.06.002,Omega,MARK,manual_check,5594.0,VERIFIED,2026-08-09
10.30.42.20.10.001,Omega,MARK,manual_check,4942.0,VERIFIED,2026-08-09
10.30.42.50.01.001,Omega,MARK,manual_check,5627.0,VERIFIED,2026-08-09
10.30.42.50.01.002,Omega,MARK,manual_check,6493.0,VERIFIED,2026-08-09
10.30.42.50.01.004,Omega,MARK,manual_check,9567.0,VERIFIED,2026-08-09
10.30.42.50.04.001,Omega,MARK,manual_check,7473.0,VERIFIED,2026-08-09
10.30.44.51.01.001,Omega,MARK,manual_check,5457.0,VERIFIED,2026-08-09
10.32.42.20.01.001,Omega,MARK,manual_check,4417.0,VERIFIED,2026-08-09
10.32.42.20.01.003,Omega,MARK,manual_check,5286.0,VERIFIED,2026-08-09
10.32.42.20.03.001,Omega,MARK,manual_check,4191.0,VERIFIED,2026-08-09
10.32.42.20.03.002,Omega,MARK,manual_check,4829.0,VERIFIED,2026-08-09
10.32.42.20.04.001,Omega,MARK,manual_check,4266.0,VERIFIED,2026-08-09
10.32.42.20.06.001,Omega,MARK,manual_check,4016.0,VERIFIED,2026-08-09
10.32.42.20.10.001,Omega,MARK,manual_check,4619.0,VERIFIED,2026-08-09
10.32.42.50.01.001,Omega,MARK,manual_check,5344.0,VERIFIED,2026-08-09
10.32.42.50.01.002,Omega,MARK,manual_check,5918.0,VERIFIED,2026-08-09
10.32.42.50.02.001,Omega,MARK,manual_check,15051.0,VERIFIED,2026-08-09
10.32.42.50.04.001,Omega,MARK,manual_check,7268.0,VERIFIED,2026-08-09
10.32.44.51.01.001,Omega,MARK,manual_check,5510.0,VERIFIED,2026-08-09
10.90.42.20.01.001,Omega,MARK,manual_check,7672.0,VERIFIED,2026-08-09
10.92.42.20.01.001,Omega,MARK,manual_check,6982.0,VERIFIED,2026-08-09
10.92.44.20.01.001,Omega,MARK,manual_check,5546.0,VERIFIED,2026-08-09
10.92.44.20.01.003,Omega,MARK,manual_check,6494.0,VERIFIED,2026-08-09
10.92.44.50.01.001,Omega,MARK,manual_check,11323.0,VERIFIED,2026-08-09
1002,Rolex,MARK,engine_median,4772.26,DERIVED,2026-08-13T12:05:36.604874+00:00
1002,Rolex,MARK,engine_median,4783.99,DERIVED,2026-08-21T21:45:15.687735+00:00
1002QZMAGICCOLORAC,Franck Muller,MSRP,watchbase,8700.0,VERIFIED,2026-08-13T12:05:36+00:00
1002QZMC,Franck Muller,MSRP,watchbase,8700.0,VERIFIED,2026-08-13T12:05:36+00:00
1003,Rolex,MARK,engine_median,3711.26,DERIVED,2026-08-16T10:01:25.617322+00:00
1007,,MARK,engine_median,2759.51,DERIVED,2026-08-14T21:47:56.498486+00:00
101.029,,MARK,engine_median,30280.98,DERIVED,2026-08-13T12:05:36.604874+00:00
1016,,MARK,engine_median,19025.25,DERIVED,2026-08-13T12:05:36.604874+00:00
1016,,MARK,engine_median,20635.49,DERIVED,2026-08-17T21:49:35.588367+00:00
1016,,MARK,engine_median,19025.25,DERIVED,2026-08-20T19:55:02.750956+00:00
102324,Bulgari,MSRP,watchbase,6300.0,VERIFIED,2026-08-13T12:05:36+00:00
102333,Bulgari,MSRP,watchbase,27500.0,VERIFIED,2026-08-13T12:05:36+00:00
1024,Rolex,MARK,engine_median,3868.82,DERIVED,2026-08-13T12:05:36.604874+00:00
102428,Bulgari,MSRP,watchbase,4950.0,VERIFIED,2026-08-13T12:05:36+00:00
1025,,MARK,engine_median,2464.5,DERIVED,2026-08-13T12:05:36.604874+00:00
1025,,MARK,engine_median,6805.75,DERIVED,2026-08-18T21:46:17.264769+00:00
1025,,MARK,engine_median,2464.5,DERIVED,2026-08-20T04:37:33.725646+00:00
1025,,MARK,engine_median,6805.75,DERIVED,2026-08-20T21:48:50.588638+00:00
1025,,MARK,engine_median,2464.5,DERIVED,2026-08-21T21:45:15.687735+00:00
102630,Bulgari,MSRP,watchbase,11750.0,VERIFIED,2026-08-13T12:05:36+00:00
102929,Bulgari,MSRP,watchbase,4600.0,VERIFIED,2026-08-13T12:05:36+00:00
103133,Bulgari,MSRP,watchbase,5250.0,VERIFIED,2026-08-13T12:05:36+00:00
103540,Bulgari,MSRP,watchbase,5700.0,VERIFIED,2026-08-13T12:05:36+00:00
103554,Bulgari,MSRP,watchbase,4050.0,VERIFIED,2026-08-13T12:05:36+00:00
103570,Bulgari,MSRP,watchbase,4900.0,VERIFIED,2026-08-13T12:05:36+00:00
103893,Bulgari,MSRP,watchbase,4800.0,VERIFIED,2026-08-13T12:05:36+00:00
10625,,MARK,engine_median,3346.33,DERIVED,2026-08-13T12:05:36.604874+00:00
10631,,MARK,engine_median,2954.61,DERIVED,2026-08-13T12:05:36.604874+00:00
11.10.39.30.01.001,Omega,MARK,manual_check,6991.0,VERIFIED,2026-08-09
11.30.40.30.01.001,Omega,MARK,manual_check,15192.0,VERIFIED,2026-08-09
11.30.42.30.01.005,Omega,MARK,manual_check,4741.0,VERIFIED,2026-08-09
11.30.42.30.01.006,Omega,MARK,manual_check,5478.0,VERIFIED,2026-08-09
11.30.42.30.13.001,Omega,MARK,manual_check,5937.0,VERIFIED,2026-08-09
11.32.40.30.01.001,Omega,MARK,manual_check,4834.0,VERIFIED,2026-08-09
11.33.42.30.01.001,Omega,MARK,manual_check,4744.0,VERIFIED,2026-08-09
11.92.44.30.01.001,Omega,MARK,manual_check,8249.0,VERIFIED,2026-08-09
11.92.44.51.01.003,Omega,MARK,manual_check,7046.0,VERIFIED,2026-08-09
11.92.44.51.01.005,Omega,MARK,manual_check,8475.0,VERIFIED,2026-08-09
11.92.44.51.01.007,Omega,MARK,manual_check,7662.0,VERIFIED,2026-08-09
1100S000GB734,Vacheron Constantin,MARK,manual_check,27793.0,VERIFIED,2026-08-09
1100S000RB430,Vacheron Constantin,MARK,manual_check,24878.0,VERIFIED,2026-08-09
111.15.26.60.55.001,Omega,MARK,engine_median,1754.6,DERIVED,2026-08-14T21:47:56.498486+00:00
111.20.36.20.58.001,Omega,MARK,engine_median,2461.25,DERIVED,2026-08-21T21:45:15.687735+00:00
1110U000GB086,Vacheron Constantin,MARK,manual_check,11453.0,VERIFIED,2026-08-09
1110U000PB,,MARK,engine_median,18063.36,DERIVED,2026-08-13T12:05:36.604874+00:00
1110U000RB085,Vacheron Constantin,MARK,manual_check,12234.0,VERIFIED,2026-08-09
114060,Rolex,MARK,manual_check,10721.0,VERIFIED,2026-08-09
114060,Rolex,MARK,engine_median,9762.4,DERIVED,2026-08-13T12:05:36.604874+00:00
114060,Rolex,MARK,engine_median,10171.61,DERIVED,2026-08-18T21:46:17.264769+00:00
114060,Rolex,MARK,engine_median,10958.09,DERIVED,2026-08-20T19:55:02.750956+00:00
114060,Rolex,MARK,engine_median,10171.61,DERIVED,2026-08-21T21:45:15.687735+00:00
114200,Rolex,MARK,manual_check,5696.0,VERIFIED,2026-08-09
114200,Rolex,MARK,engine_median,6748.66,DERIVED,2026-08-13T12:05:36.604874+00:00
114200,Rolex,MARK,engine_median,5670.38,DERIVED,2026-08-19T21:47:49.086150+00:00
114200,Rolex,MARK,engine_median,5952.04,DERIVED,2026-08-20T04:37:33.725646+00:00
114270,Rolex,MARK,manual_check,6422.0,VERIFIED,2026-08-09
114270,Rolex,MARK,engine_median,6882.91,DERIVED,2026-08-13T12:05:36.604874+00:00
114270,Rolex,MARK,engine_median,6191.05,DERIVED,2026-08-17T21:49:35.588367+00:00
114270,Rolex,MARK,engine_median,6138.04,DERIVED,2026-08-21T21:45:15.687735+00:00
114300,,MARK,engine_median,7190.27,DERIVED,2026-08-13T12:05:36.604874+00:00
114300,,MARK,engine_median,7716.39,DERIVED,2026-08-16T10:01:25.617322+00:00
114300,,MARK,engine_median,7190.27,DERIVED,2026-08-16T21:41:16.998484+00:00
114854,,MARK,engine_median,877.31,DERIVED,2026-08-16T21:41:16.998484+00:00
116000,Rolex,MARK,engine_median,6138.04,DERIVED,2026-08-13T12:05:36.604874+00:00
116000,Rolex,MARK,engine_median,6430.33,DERIVED,2026-08-14T21:47:56.498486+00:00
116000,Rolex,MARK,engine_median,6138.04,DERIVED,2026-08-16T06:20:51.808998+00:00
116138,,MARK,engine_median,13737.5,DERIVED,2026-08-13T12:05:36.604874+00:00
116139,,MARK,engine_median,13186.14,DERIVED,2026-08-15T21:41:53.174601+00:00
116185BBRZB,Rolex,MARK,engine_median,45065.4,DERIVED,2026-08-13T12:05:36.604874+00:00
116200,Rolex,MARK,manual_check,6952.0,VERIFIED,2026-08-09
116200,Rolex,MARK,engine_median,6547.24,DERIVED,2026-08-13T12:05:36.604874+00:00
116200,Rolex,MARK,engine_median,6748.66,DERIVED,2026-08-13T22:07:35.994213+00:00
116200,Rolex,MARK,engine_median,6725.99,DERIVED,2026-08-16T21:41:16.998484+00:00
116231,Rolex,MARK,engine_median,10814.64,DERIVED,2026-08-13T12:05:36.604874+00:00
116233,Rolex,MARK,manual_check,10112.0,VERIFIED,2026-08-09
116233,Rolex,MARK,engine_median,11106.92,DERIVED,2026-08-13T12:05:36.604874+00:00
116233,Rolex,MARK,engine_median,12159.15,DERIVED,2026-08-18T21:46:17.264769+00:00
116233G,,MARK,engine_median,9825.79,DERIVED,2026-08-16T06:20:51.808998+00:00
116234,Rolex,MARK,manual_check,9159.0,VERIFIED,2026-08-09
116234,Rolex,MARK,engine_median,8359.42,DERIVED,2026-08-13T12:05:36.604874+00:00
116234,Rolex,MARK,engine_median,8200.69,DERIVED,2026-08-16T06:20:51.808998+00:00
116234,Rolex,MARK,engine_median,8320.29,DERIVED,2026-08-16T10:01:25.617322+00:00
116234,Rolex,MARK,engine_median,8200.69,DERIVED,2026-08-17T21:49:35.588367+00:00
116234GBKHC,Rolex,MARK,engine_median,9831.49,DERIVED,2026-08-13T12:05:36.604874+00:00
116243NGBK,,MARK,engine_median,16376.33,DERIVED,2026-08-15T21:41:53.174601+00:00
116244,Rolex,MARK,engine_median,12555.0,DERIVED,2026-08-13T12:05:36.604874+00:00
116261,Rolex,MARK,engine_median,8476.34,DERIVED,2026-08-13T12:05:36.604874+00:00
116263,Rolex,MARK,engine_median,10726.5,DERIVED,2026-08-14T21:47:56.498486+00:00
116264,Rolex,MARK,manual_check,7909.0,VERIFIED,2026-08-09
116264,,MARK,engine_median,6908.08,DERIVED,2026-08-13T12:05:36.604874+00:00
116264,,MARK,engine_median,7811.52,DERIVED,2026-08-15T21:41:53.174601+00:00
116300,Rolex,MARK,engine_median,7656.89,DERIVED,2026-08-13T12:05:36.604874+00:00
116333,Rolex,MARK,manual_check,11578.0,VERIFIED,2026-08-09
116333,Rolex,MARK,engine_median,10522.35,DERIVED,2026-08-13T12:05:36.604874+00:00
116333,Rolex,MARK,engine_median,10899.29,DERIVED,2026-08-15T21:41:53.174601+00:00
116334,Rolex,MARK,manual_check,9494.0,VERIFIED,2026-08-09
116334,TAG Heuer,MARK,engine_median,9618.39,DERIVED,2026-08-13T12:05:36.604874+00:00
116400,Rolex,MARK,manual_check,8750.0,VERIFIED,2026-08-09
116400,Rolex,MSRP,watchbase,9300.0,VERIFIED,2026-08-13T12:05:36+00:00
116400,Rolex,MARK,engine_median,8476.34,DERIVED,2026-08-13T12:05:36.604874+00:00
116400GV,Rolex,MARK,manual_check,10575.0,VERIFIED,2026-08-09
116400GV,Rolex,MARK,engine_median,9528.57,DERIVED,2026-08-13T12:05:36.604874+00:00
116400GV,Rolex,MARK,engine_median,10527.64,DERIVED,2026-08-16T21:41:16.998484+00:00
116500,Rolex,MARK,manual_check,27561.0,VERIFIED,2026-08-09
116500,Rolex,MARK,engine_median,22213.84,DERIVED,2026-08-19T21:47:49.086150+00:00
116500LN,Rolex,MARK,engine_median,24552.14,DERIVED,2026-08-13T12:05:36.604874+00:00
116500LN,Rolex,MARK,engine_median,24243.09,DERIVED,2026-08-15T21:41:53.174601+00:00
116500LNWH,Rolex,MARK,engine_median,29547.6,DERIVED,2026-08-13T12:05:36.604874+00:00
116500LNWH,Rolex,MARK,engine_median,28059.59,DERIVED,2026-08-19T21:47:49.086150+00:00
116503,Rolex,MARK,manual_check,20119.0,VERIFIED,2026-08-09
116503,Rolex,MARK,engine_median,18998.68,DERIVED,2026-08-13T12:05:36.604874+00:00
116503NG,Rolex,MARK,engine_median,22213.84,DERIVED,2026-08-13T12:05:36.604874+00:00
116503NGBS,Rolex,MARK,engine_median,24351.81,DERIVED,2026-08-15T21:41:53.174601+00:00
116505,Rolex,MARK,manual_check,44599.0,VERIFIED,2026-08-09
116505,Rolex,MARK,engine_median,43258.53,DERIVED,2026-08-13T12:05:36.604874+00:00
116505,Rolex,MARK,engine_median,43723.48,DERIVED,2026-08-15T21:41:53.174601+00:00
116505,Rolex,MARK,engine_median,43258.53,DERIVED,2026-08-16T06:20:51.808998+00:00
116505GBK,Rolex,MARK,engine_median,47137.98,DERIVED,2026-08-13T12:05:36.604874+00:00
116506,Rolex,MARK,engine_median,130360.17,DERIVED,2026-08-13T12:05:36.604874+00:00
116506A,,MARK,engine_median,92281.6,DERIVED,2026-08-17T21:49:35.588367+00:00
116508,Rolex,MARK,manual_check,61334.0,VERIFIED,2026-08-09
116508,Rolex,MARK,engine_median,69750.0,DERIVED,2026-08-13T12:05:36.604874+00:00
116508,Rolex,MARK,engine_median,64630.87,DERIVED,2026-08-13T22:07:35.994213+00:00
116508,Rolex,MARK,engine_median,65824.33,DERIVED,2026-08-16T21:41:16.998484+00:00
116509,Rolex,MARK,manual_check,41739.0,VERIFIED,2026-08-09
116509,Rolex,MARK,engine_median,36126.72,DERIVED,2026-08-13T12:05:36.604874+00:00
116509,Rolex,MARK,engine_median,38874.22,DERIVED,2026-08-14T21:47:56.498486+00:00
116509,Rolex,MARK,engine_median,37740.0,DERIVED,2026-08-16T06:20:51.808998+00:00
116509G,,MARK,engine_median,37120.49,DERIVED,2026-08-13T12:05:36.604874+00:00
116509NGBK,Rolex,MARK,engine_median,41441.04,DERIVED,2026-08-13T12:05:36.604874+00:00
116515,Rolex,MARK,manual_check,37177.0,VERIFIED,2026-08-09
116515,Rolex,MARK,engine_median,33015.58,DERIVED,2026-08-13T12:05:36.604874+00:00
116515LN,Rolex,MARK,engine_median,35074.49,DERIVED,2026-08-13T12:05:36.604874+00:00
116515LN,Rolex,MARK,engine_median,34799.7,DERIVED,2026-08-14T21:47:56.498486+00:00
116515LN,Rolex,MARK,engine_median,35074.49,DERIVED,2026-08-15T21:41:53.174601+00:00
116515LN,Rolex,MARK,engine_median,34799.7,DERIVED,2026-08-15T21:42:06.738979+00:00
116515LNA,Rolex,MARK,engine_median,38688.22,DERIVED,2026-08-13T12:05:36.604874+00:00
116515LNBK,Rolex,MARK,engine_median,38900.79,DERIVED,2026-08-13T12:05:36.604874+00:00
116515LNG,Rolex,MARK,engine_median,40452.57,DERIVED,2026-08-13T12:05:36.604874+00:00
116515LNPB,Rolex,MARK,engine_median,38156.79,DERIVED,2026-08-13T12:05:36.604874+00:00
116518,Rolex,MARK,manual_check,41049.0,VERIFIED,2026-08-09
116518LN,Rolex,MARK,engine_median,40335.66,DERIVED,2026-08-13T12:05:36.604874+00:00
116518LN,Rolex,MARK,engine_median,40218.74,DERIVED,2026-08-19T21:47:49.086150+00:00
116518LN,Rolex,MARK,engine_median,40335.66,DERIVED,2026-08-20T04:37:33.725646+00:00
116518LN,Rolex,MARK,engine_median,40218.74,DERIVED,2026-08-20T19:55:02.750956+00:00
116518LN,Rolex,MARK,engine_median,40335.66,DERIVED,2026-08-21T21:45:15.687735+00:00
116518LNCH,Rolex,MARK,engine_median,42248.81,DERIVED,2026-08-13T12:05:36.604874+00:00
116518LNG,Rolex,MARK,engine_median,39751.08,DERIVED,2026-08-13T12:05:36.604874+00:00
116518LNNG,,MARK,engine_median,40218.74,DERIVED,2026-08-13T12:05:36.604874+00:00
116519,Rolex,MARK,manual_check,38115.0,VERIFIED,2026-08-09
116519,,MARK,engine_median,63134.07,DERIVED,2026-08-13T12:05:36.604874+00:00
116519LN,Rolex,MARK,engine_median,40849.79,DERIVED,2026-08-13T12:05:36.604874+00:00
116520,Rolex,MARK,engine_median,20927.78,DERIVED,2026-08-13T12:05:36.604874+00:00
116520,Rolex,MARK,engine_median,21044.69,DERIVED,2026-08-13T22:07:35.994213+00:00
116520,Rolex,MARK,engine_median,20927.78,DERIVED,2026-08-15T21:41:53.174601+00:00
116523,Rolex,MARK,engine_median,16835.75,DERIVED,2026-08-13T12:05:36.604874+00:00
116523,Rolex,MARK,engine_median,16952.67,DERIVED,2026-08-13T22:07:35.994213+00:00
116523,Rolex,MARK,engine_median,16835.75,DERIVED,2026-08-15T21:41:53.174601+00:00
116523,Rolex,MARK,engine_median,16952.67,DERIVED,2026-08-16T10:01:25.617322+00:00
116523,Rolex,MARK,engine_median,16835.75,DERIVED,2026-08-16T21:41:16.998484+00:00
116523GWH,Rolex,MARK,engine_median,17430.95,DERIVED,2026-08-13T12:05:36.604874+00:00
116528,,MARK,engine_median,39166.51,DERIVED,2026-08-13T12:05:36.604874+00:00
116528G,,MARK,engine_median,38676.75,DERIVED,2026-08-21T21:45:15.687735+00:00
116528GBK,Rolex,MARK,engine_median,37093.93,DERIVED,2026-08-13T12:05:36.604874+00:00
116528GR,Rolex,MARK,engine_median,39219.65,DERIVED,2026-08-13T12:05:36.604874+00:00
116576TBR,Rolex,MARK,engine_median,175372.43,DERIVED,2026-08-13T12:05:36.604874+00:00
116588TBR,Rolex,MARK,engine_median,166338.09,DERIVED,2026-08-13T12:05:36.604874+00:00
116589BR,Rolex,MARK,engine_median,85560.49,DERIVED,2026-08-13T12:05:36.604874+00:00
116595RBOW,Rolex,MARK,engine_median,424082.43,DERIVED,2026-08-13T12:05:36.604874+00:00
116598SACO,Rolex,MARK,engine_median,110798.03,DERIVED,2026-08-13T12:05:36.604874+00:00
116599RBR,Rolex,MARK,engine_median,70148.97,DERIVED,2026-08-13T12:05:36.604874+00:00
116600,Rolex,MARK,manual_check,13109.0,VERIFIED,2026-08-09
116600,Rolex,MARK,engine_median,10814.64,DERIVED,2026-08-13T12:05:36.604874+00:00
116610,Rolex,MARK,manual_check,11129.0,VERIFIED,2026-08-09
116610,,MARK,engine_median,11159.53,DERIVED,2026-08-13T12:05:36.604874+00:00
116610LN,Rolex,MARK,engine_median,9996.23,DERIVED,2026-08-13T12:05:36.604874+00:00
116610LN,Rolex,MARK,engine_median,10054.69,DERIVED,2026-08-13T22:07:35.994213+00:00
116610LN,Rolex,MARK,engine_median,9996.23,DERIVED,2026-08-13T22:07:39.029292+00:00
116610LN,Rolex,MARK,engine_median,10054.69,DERIVED,2026-08-16T06:20:51.808998+00:00
116610LV,Rolex,MARK,manual_check,18663.0,VERIFIED,2026-08-09
116610LV,Rolex,MARK,engine_median,18004.9,DERIVED,2026-08-13T12:05:36.604874+00:00
116610LV,Rolex,MARK,engine_median,17829.53,DERIVED,2026-08-19T21:47:49.086150+00:00
116613LB,Rolex,MARK,engine_median,12860.64,DERIVED,2026-08-13T12:05:36.604874+00:00
116613LN,Rolex,MARK,engine_median,11574.58,DERIVED,2026-08-13T12:05:36.604874+00:00
116613LN,Rolex,MARK,engine_median,12605.56,DERIVED,2026-08-15T21:41:53.174601+00:00
116613LN,Rolex,MARK,engine_median,11983.78,DERIVED,2026-08-19T21:47:49.086150+00:00
116613LNBK,Rolex,MARK,engine_median,12648.07,DERIVED,2026-08-13T12:05:36.604874+00:00
116618LB,Rolex,MARK,manual_check,32948.0,VERIFIED,2026-08-09
116618LB,Rolex,MARK,engine_median,32443.9,DERIVED,2026-08-13T12:05:36.604874+00:00
116618LN,Rolex,MARK,manual_check,31584.0,VERIFIED,2026-08-09
116618LN,Rolex,MARK,engine_median,33905.34,DERIVED,2026-08-13T12:05:36.604874+00:00
116619,Rolex,MARK,manual_check,39122.0,VERIFIED,2026-08-09
116619GLB,Rolex,MARK,engine_median,49243.57,DERIVED,2026-08-13T12:05:36.604874+00:00
116619LB,Rolex,MARK,engine_median,38289.64,DERIVED,2026-08-13T12:05:36.604874+00:00
116621,Rolex,MARK,engine_median,12100.7,DERIVED,2026-08-13T12:05:36.604874+00:00
116621,Rolex,MARK,engine_median,13737.5,DERIVED,2026-08-13T22:07:35.994213+00:00
116621,Rolex,MARK,engine_median,12100.7,DERIVED,2026-08-14T21:47:56.498486+00:00
116622,Rolex,MARK,manual_check,12143.0,VERIFIED,2026-08-09
116622,Rolex,MARK,engine_median,11574.58,DERIVED,2026-08-13T12:05:36.604874+00:00
116622,Rolex,MARK,engine_median,11516.12,DERIVED,2026-08-15T21:41:53.174601+00:00
116660,Rolex,MARK,manual_check,11000.0,VERIFIED,2026-06
116660,Rolex,MSRP,watchbase,12950.0,VERIFIED,2026-08-13T12:05:36+00:00
116660,Rolex,MARK,engine_median,10522.35,DERIVED,2026-08-13T12:05:36.604874+00:00
116660,Rolex,MARK,engine_median,10527.64,DERIVED,2026-08-15T21:41:53.174601+00:00
116680,Rolex,MARK,manual_check,15999.0,VERIFIED,2026-08-09
116680,Rolex,MSRP,watchbase,20300.0,VERIFIED,2026-08-13T12:05:36+00:00
116680,Rolex,MARK,engine_median,16017.35,DERIVED,2026-08-13T12:05:36.604874+00:00
116680,Rolex,MARK,engine_median,15922.8,DERIVED,2026-08-16T10:01:25.617322+00:00
116681,Rolex,MARK,manual_check,20108.0,VERIFIED,2026-08-09
116688,Rolex,MARK,manual_check,37912.0,VERIFIED,2026-08-09
116689,Rolex,MARK,manual_check,28783.0,VERIFIED,2026-08-09
116689,Rolex,MARK,engine_median,26188.95,DERIVED,2026-08-13T12:05:36.604874+00:00
116689,Rolex,MARK,engine_median,34436.77,DERIVED,2026-08-21T21:45:15.687735+00:00
116695SATS,,MARK,engine_median,92362.81,DERIVED,2026-08-13T12:05:36.604874+00:00
116710,Rolex,MARK,manual_check,12077.0,VERIFIED,2026-08-09
116710BLNR,Rolex,MARK,engine_median,13328.3,DERIVED,2026-08-13T12:05:36.604874+00:00
116710LN,Rolex,MARK,engine_median,11574.58,DERIVED,2026-08-13T12:05:36.604874+00:00
116711CHNR,Rolex,MARK,engine_median,17244.95,DERIVED,2026-08-13T12:05:36.604874+00:00
116713LN,Rolex,MARK,manual_check,13163.0,VERIFIED,2026-08-09
116713LN,Rolex,MARK,engine_median,12626.81,DERIVED,2026-08-13T12:05:36.604874+00:00
116713LN,Rolex,MARK,engine_median,12229.18,DERIVED,2026-08-18T21:46:17.264769+00:00
116718,Rolex,MARK,manual_check,37515.0,VERIFIED,2026-08-09
116718LN,Rolex,MARK,engine_median,36126.72,DERIVED,2026-08-13T12:05:36.604874+00:00
116718LNGRE,Rolex,MARK,engine_median,40813.94,DERIVED,2026-08-13T12:05:36.604874+00:00
116719,Rolex,MARK,manual_check,31856.0,VERIFIED,2026-08-09
116719BLRO,Rolex,MARK,engine_median,37093.93,DERIVED,2026-08-13T12:05:36.604874+00:00
116758SARU,Rolex,MARK,engine_median,103523.42,DERIVED,2026-08-13T12:05:36.604874+00:00
116900,Rolex,MARK,manual_check,6982.0,VERIFIED,2026-08-09
116900,Rolex,MARK,engine_median,6430.33,DERIVED,2026-08-13T12:05:36.604874+00:00
117.025,A. Lange & Söhne,MARK,manual_check,33980.0,VERIFIED,2026-08-09
118205,Rolex,MARK,engine_median,31567.04,DERIVED,2026-08-13T12:05:36.604874+00:00
118205,Rolex,MARK,engine_median,21901.5,DERIVED,2026-08-14T21:47:56.498486+00:00
118205,Rolex,MARK,engine_median,31567.04,DERIVED,2026-08-16T10:01:25.617322+00:00
118205,Rolex,MARK,engine_median,21901.5,DERIVED,2026-08-18T21:46:17.264769+00:00
118205,Rolex,MARK,engine_median,31567.04,DERIVED,2026-08-19T21:47:49.086150+00:00
118205,Rolex,MARK,engine_median,21901.5,DERIVED,2026-08-20T04:37:33.725646+00:00
118205,Rolex,MARK,engine_median,31567.04,DERIVED,2026-08-21T21:45:15.687735+00:00
118208,Rolex,MARK,manual_check,22596.0,VERIFIED,2026-08-09
118235,Rolex,MARK,engine_median,29295.0,DERIVED,2026-08-13T12:05:36.604874+00:00
118235,Rolex,MARK,engine_median,42429.58,DERIVED,2026-08-16T10:01:25.617322+00:00
118235,Rolex,MARK,engine_median,29295.0,DERIVED,2026-08-16T21:41:16.998484+00:00
118235FA,Rolex,MARK,engine_median,37093.93,DERIVED,2026-08-13T12:05:36.604874+00:00
118238ACH,Rolex,MARK,engine_median,26199.58,DERIVED,2026-08-13T12:05:36.604874+00:00
118238DIA,Rolex,MARK,engine_median,41876.81,DERIVED,2026-08-13T12:05:36.604874+00:00
118238NGR,,MARK,engine_median,30397.89,DERIVED,2026-08-13T12:05:36.604874+00:00
118239,Rolex,MARK,engine_median,23382.99,DERIVED,2026-08-13T12:05:36.604874+00:00
118239A,,MARK,engine_median,26773.53,DERIVED,2026-08-13T12:05:36.604874+00:00
118239ASVO,Rolex,MARK,engine_median,24339.57,DERIVED,2026-08-13T12:05:36.604874+00:00
118389,Rolex,MARK,engine_median,31567.04,DERIVED,2026-08-13T12:05:36.604874+00:00
118399BR,Rolex,MARK,engine_median,44533.97,DERIVED,2026-08-13T12:05:36.604874+00:00
119901,,MARK,engine_median,6897.99,DERIVED,2026-08-13T12:05:36.604874+00:00
12.30.36.20.01.001,Omega,MARK,manual_check,2947.0,VERIFIED,2026-08-09
12.30.36.20.01.002,Omega,MARK,manual_check,3050.0,VERIFIED,2026-08-09
12.30.41.20.01.002,Omega,MARK,manual_check,3148.0,VERIFIED,2026-08-09
12.30.41.20.01.003,Omega,MARK,manual_check,3364.0,VERIFIED,2026-08-09
12.30.41.20.01.005,Omega,MARK,manual_check,4787.0,VERIFIED,2026-08-09
12.30.41.20.03.001,Omega,MARK,manual_check,3315.0,VERIFIED,2026-08-09
12.30.41.61.01.001,Omega,MARK,manual_check,2573.0,VERIFIED,2026-08-09
12.30.44.50.01.001,Omega,MARK,manual_check,4019.0,VERIFIED,2026-08-09
12.32.41.20.04.001,Omega,MARK,manual_check,5492.0,VERIFIED,2026-08-09
12000201,,MARK,engine_median,12159.15,DERIVED,2026-08-13T12:05:36.604874+00:00
12001229,H. Moser,MSRP,watchbase,21900.0,VERIFIED,2026-08-13T12:05:36+00:00
1205F000RB622,,MARK,engine_median,10288.52,DERIVED,2026-08-13T12:05:36.604874+00:00
1205V100AB590,Vacheron Constantin,MARK,manual_check,13616.0,VERIFIED,2026-08-09
1205V100AB590,,MARK,engine_median,14848.2,DERIVED,2026-08-13T12:05:36.604874+00:00
1205V100AB591,Vacheron Constantin,MARK,manual_check,13219.0,VERIFIED,2026-08-09
12081,Tudor,MARK,engine_median,1219.9,DERIVED,2026-08-13T12:05:36.604874+00:00
1225V200RH031,,MARK,engine_median,44497.89,DERIVED,2026-08-13T12:05:36.604874+00:00
123.10.24.60.02.002,Omega,MARK,engine_median,1169.15,DERIVED,2026-08-13T12:05:36.604874+00:00
123.10.24.60.51.001,Omega,MARK,engine_median,1317.95,DERIVED,2026-08-20T04:37:33.725646+00:00
123.10.24.60.55.002,Omega,MARK,engine_median,1286.71,DERIVED,2026-08-14T21:47:56.498486+00:00
123.10.27.20.57.001,,MARK,engine_median,2536.2,DERIVED,2026-08-14T21:47:56.498486+00:00
123.10.27.60.57.001,Omega,MARK,engine_median,1636.81,DERIVED,2026-08-13T12:05:36.604874+00:00
123.10.35.20.02.001,Omega,MARK,engine_median,1461.44,DERIVED,2026-08-13T12:05:36.604874+00:00
123.10.35.20.02.001,Omega,MARK,engine_median,1519.9,DERIVED,2026-08-19T21:47:49.086150+00:00
123.10.35.20.52.001,Omega,MARK,engine_median,1753.73,DERIVED,2026-08-13T12:05:36.604874+00:00
123.10.38.21.01.001,Omega,MARK,engine_median,2513.67,DERIVED,2026-08-13T12:05:36.604874+00:00
123.10.38.21.52.001,Omega,MARK,engine_median,8091.0,DERIVED,2026-08-13T12:05:36.604874+00:00
123.15.24.60.01.001,Omega,MARK,engine_median,1459.24,DERIVED,2026-08-13T22:07:35.994213+00:00
123.15.24.60.05.001,Omega,MARK,engine_median,1485.77,DERIVED,2026-08-13T22:07:35.994213+00:00
123.15.24.60.05.003,Omega,MARK,engine_median,1531.29,DERIVED,2026-08-16T21:41:16.998484+00:00
123.15.24.60.55.001,,MARK,engine_median,1377.11,DERIVED,2026-08-14T21:47:56.498486+00:00
123.15.24.60.55.001,,MARK,engine_median,1318.62,DERIVED,2026-08-16T06:20:51.808998+00:00
123.18.35.20.56.001,Omega,MARK,engine_median,6800.97,DERIVED,2026-08-15T21:41:53.174601+00:00
123.20.24.60.55.001,Omega,MARK,engine_median,2162.93,DERIVED,2026-08-13T12:05:36.604874+00:00
123.20.24.60.55.001,Omega,MARK,engine_median,2047.04,DERIVED,2026-08-14T21:47:56.498486+00:00
123.20.24.60.57.002,Omega,MARK,engine_median,1169.15,DERIVED,2026-08-13T12:05:36.604874+00:00
123.20.24.60.63.002,Omega,MARK,engine_median,2046.01,DERIVED,2026-08-13T12:05:36.604874+00:00
123.20.27.20.57.003,Omega,MARK,engine_median,5032.15,DERIVED,2026-08-13T12:05:36.604874+00:00
123.25.24.60.55.011,Omega,MARK,engine_median,5827.82,DERIVED,2026-08-13T12:05:36.604874+00:00
123.25.24.60.58.001,Omega,MARK,engine_median,5318.86,DERIVED,2026-08-13T12:05:36.604874+00:00
123.55.24.60.55.011,Omega,MARK,engine_median,19962.71,DERIVED,2026-08-13T12:05:36.604874+00:00
123.55.27.20.55.003,Omega,MARK,engine_median,27769.35,DERIVED,2026-08-13T12:05:36.604874+00:00
123.55.27.20.55.004,Omega,MARK,engine_median,28717.31,DERIVED,2026-08-13T12:05:36.604874+00:00
123.55.27.60.55.011,Omega,MARK,engine_median,23390.7,DERIVED,2026-08-13T12:05:36.604874+00:00
123.55.31.20.55.008,Omega,MARK,engine_median,29999.83,DERIVED,2026-08-13T12:05:36.604874+00:00
123.55.31.20.55.009,Omega,MARK,engine_median,27769.35,DERIVED,2026-08-13T12:05:36.604874+00:00
124060,Rolex,MARK,manual_check,12194.0,VERIFIED,2026-08-09
124060,Rolex,MSRP,watchbase,9200.0,VERIFIED,2026-08-13T12:05:36+00:00
124060,Rolex,MARK,engine_median,11690.96,DERIVED,2026-08-13T12:05:36.604874+00:00
124060,Rolex,MARK,engine_median,11691.5,DERIVED,2026-08-20T19:55:02.750956+00:00
124200,Rolex,MARK,manual_check,7906.0,VERIFIED,2026-08-09
124200,Rolex,MSRP,watchbase,6400.0,VERIFIED,2026-08-13T12:05:36+00:00
124200,Rolex,MARK,engine_median,8008.68,DERIVED,2026-08-13T12:05:36.604874+00:00
124270,Rolex,MARK,manual_check,7956.0,VERIFIED,2026-08-09
124270,,MARK,seed_kb,7885.0,VERIFIED,2026-08-13T12:05:36+00:00
124270,Rolex,MSRP,watchbase,7900.0,VERIFIED,2026-08-13T12:05:36+00:00
124270,Rolex,MARK,engine_median,8768.09,DERIVED,2026-08-13T12:05:36.604874+00:00
124270,Rolex,MARK,engine_median,8396.09,DERIVED,2026-08-16T06:20:51.808998+00:00
124270,Rolex,MARK,engine_median,8130.91,DERIVED,2026-08-16T21:41:16.998484+00:00
124270,Rolex,MARK,engine_median,8768.09,DERIVED,2026-08-18T21:46:17.264769+00:00
124273,Rolex,MARK,manual_check,10510.0,VERIFIED,2026-08-09
124273,Rolex,MSRP,watchbase,12700.0,VERIFIED,2026-08-13T12:05:36+00:00
124273,Rolex,MARK,engine_median,9820.86,DERIVED,2026-08-13T12:05:36.604874+00:00
124300,Rolex,MSRP,watchbase,6150.0,VERIFIED,2026-08-13T12:05:36+00:00
124300,Rolex,MARK,engine_median,7307.19,DERIVED,2026-08-13T12:05:36.604874+00:00
124300,Rolex,MARK,engine_median,7950.22,DERIVED,2026-08-19T21:47:49.086150+00:00
124300TU,Rolex,MARK,engine_median,25774.43,DERIVED,2026-08-13T12:05:36.604874+00:00
124300TU,Rolex,MARK,engine_median,25987.01,DERIVED,2026-08-17T21:49:35.588367+00:00
124300YO,Rolex,MARK,engine_median,15145.8,DERIVED,2026-08-13T12:05:36.604874+00:00
12503,Tudor,MARK,engine_median,256773.0,DERIVED,2026-08-13T12:05:36.604874+00:00
126000,Rolex,MARK,manual_check,9396.0,VERIFIED,2026-08-09
126000,Rolex,MSRP,watchbase,6750.0,VERIFIED,2026-08-13T12:05:36+00:00
126000,Rolex,MARK,engine_median,9236.29,DERIVED,2026-08-13T12:05:36.604874+00:00
126000,Rolex,MARK,engine_median,9177.83,DERIVED,2026-08-13T22:07:35.994213+00:00
126000,Rolex,MARK,engine_median,9193.77,DERIVED,2026-08-14T21:47:56.498486+00:00
126000,Rolex,MARK,engine_median,9182.44,DERIVED,2026-08-16T06:20:51.808998+00:00
126000,Rolex,MARK,engine_median,9193.77,DERIVED,2026-08-16T21:41:16.998484+00:00
126000,Rolex,MARK,engine_median,9182.44,DERIVED,2026-08-19T21:47:49.086150+00:00
126003,Rolex,MSRP,watchbase,8450.0,VERIFIED,2026-08-13T12:05:36+00:00
126003,Rolex,MARK,engine_median,13318.15,DERIVED,2026-08-13T12:05:36.604874+00:00
126067,Rolex,MARK,manual_check,38197.0,VERIFIED,2026-08-09
126067,Rolex,MSRP,watchbase,29100.0,VERIFIED,2026-08-13T12:05:36+00:00
126067,,MARK,engine_median,34782.2,DERIVED,2026-08-13T12:05:36.604874+00:00
126067,,MARK,engine_median,30690.18,DERIVED,2026-08-13T22:07:35.994213+00:00
126067,,MARK,engine_median,34782.2,DERIVED,2026-08-15T21:41:53.174601+00:00
126067,,MARK,engine_median,30690.18,DERIVED,2026-08-16T06:20:51.808998+00:00
126067,,MARK,engine_median,34782.2,DERIVED,2026-08-16T10:01:25.617322+00:00
126067,,MARK,engine_median,30690.18,DERIVED,2026-08-16T21:41:16.998484+00:00
126067,,MARK,engine_median,34782.2,DERIVED,2026-08-17T21:49:35.588367+00:00
126067,,MARK,engine_median,30690.18,DERIVED,2026-08-19T21:47:49.086150+00:00
126067,,MARK,engine_median,34782.2,DERIVED,2026-08-20T04:37:33.725646+00:00
126067,,MARK,engine_median,30690.18,DERIVED,2026-08-20T19:55:02.750956+00:00
126200,Rolex,MARK,manual_check,9044.0,VERIFIED,2026-08-09
126200,Rolex,MSRP,watchbase,8150.0,VERIFIED,2026-08-13T12:05:36+00:00
126200,Rolex,MARK,engine_median,8768.63,DERIVED,2026-08-13T12:05:36.604874+00:00
126200,Rolex,MARK,engine_median,8300.97,DERIVED,2026-08-21T21:45:15.687735+00:00
126201,Rolex,MARK,manual_check,14926.0,VERIFIED,2026-08-09
126201,Rolex,MARK,engine_median,12106.54,DERIVED,2026-08-13T12:05:36.604874+00:00
126201,Rolex,MARK,engine_median,10788.07,DERIVED,2026-08-13T22:07:35.994213+00:00
126201,Rolex,MARK,engine_median,12106.54,DERIVED,2026-08-14T21:47:56.498486+00:00
126201,Rolex,MARK,engine_median,10788.07,DERIVED,2026-08-16T06:20:51.808998+00:00
126201,Rolex,MARK,engine_median,12106.54,DERIVED,2026-08-16T10:01:25.617322+00:00
126201,Rolex,MARK,engine_median,10788.07,DERIVED,2026-08-16T21:41:16.998484+00:00
126201,Rolex,MARK,engine_median,12106.54,DERIVED,2026-08-18T21:46:17.264769+00:00
126201,Rolex,MARK,engine_median,10788.07,DERIVED,2026-08-21T21:45:15.687735+00:00
126203,Rolex,MARK,manual_check,12560.0,VERIFIED,2026-08-09
126203,Rolex,MARK,engine_median,9639.64,DERIVED,2026-08-13T12:05:36.604874+00:00
126203,Rolex,MARK,engine_median,9703.95,DERIVED,2026-08-13T22:07:35.994213+00:00
126231,Rolex,MARK,manual_check,16263.0,VERIFIED,2026-08-09
126231,Rolex,MSRP,watchbase,15100.0,VERIFIED,2026-08-13T12:05:36+00:00
126231,Rolex,MARK,engine_median,13179.5,DERIVED,2026-08-13T12:05:36.604874+00:00
126231,Rolex,MARK,engine_median,13811.64,DERIVED,2026-08-20T19:55:02.750956+00:00
126231G,,MARK,engine_median,16376.33,DERIVED,2026-08-14T21:47:56.498486+00:00
126233,Rolex,MARK,manual_check,15217.0,VERIFIED,2026-08-09
126233,Rolex,MSRP,watchbase,14750.0,VERIFIED,2026-08-13T12:05:36+00:00
126233,Rolex,MARK,engine_median,16116.08,DERIVED,2026-08-13T12:05:36.604874+00:00
126233,Rolex,MARK,engine_median,14848.2,DERIVED,2026-08-20T19:55:02.750956+00:00
126233GCHF,Rolex,MARK,engine_median,15305.23,DERIVED,2026-08-13T12:05:36.604874+00:00
126233NG,Rolex,MARK,engine_median,17521.82,DERIVED,2026-08-17T21:49:35.588367+00:00
126234,Rolex,MARK,manual_check,12488.0,VERIFIED,2026-08-09
126234,Rolex,MSRP,watchbase,9350.0,VERIFIED,2026-08-13T12:05:36+00:00
126234,Rolex,MARK,engine_median,11340.75,DERIVED,2026-08-13T12:05:36.604874+00:00
126234,Rolex,MARK,engine_median,11399.21,DERIVED,2026-08-16T10:01:25.617322+00:00
126234,Rolex,MARK,engine_median,11434.55,DERIVED,2026-08-18T21:46:17.264769+00:00
126234G,,MARK,engine_median,10054.69,DERIVED,2026-08-13T12:05:36.604874+00:00
126234NG,,MARK,engine_median,12860.64,DERIVED,2026-08-13T12:05:36.604874+00:00
126281RBR,Rolex,MARK,manual_check,22281.0,VERIFIED,2026-08-09
126281RBR,Rolex,MARK,engine_median,27867.38,DERIVED,2026-08-13T12:05:36.604874+00:00
126283RBR,Rolex,MARK,manual_check,22358.0,VERIFIED,2026-08-09
126283RBR,Rolex,MSRP,watchbase,27100.0,VERIFIED,2026-08-13T12:05:36+00:00
126283RBR,Rolex,MARK,engine_median,17165.24,DERIVED,2026-08-13T12:05:36.604874+00:00
126284RBR,Rolex,MARK,manual_check,19277.0,VERIFIED,2026-08-09
126284RBR,Rolex,MSRP,watchbase,26000.0,VERIFIED,2026-08-13T12:05:36+00:00
126284RBR,Rolex,MARK,engine_median,16251.18,DERIVED,2026-08-13T12:05:36.604874+00:00
126300,Rolex,MARK,manual_check,9982.0,VERIFIED,2026-08-09
126300,Rolex,MSRP,watchbase,8550.0,VERIFIED,2026-08-13T12:05:36+00:00
126300,Rolex,MARK,engine_median,9060.91,DERIVED,2026-08-13T12:05:36.604874+00:00
126300,Rolex,MARK,engine_median,9179.56,DERIVED,2026-08-16T21:41:16.998484+00:00
126300,Rolex,MARK,engine_median,9193.24,DERIVED,2026-08-18T21:46:17.264769+00:00
126300,Rolex,MARK,engine_median,9240.93,DERIVED,2026-08-21T21:45:15.687735+00:00
126301,Rolex,MARK,manual_check,13483.0,VERIFIED,2026-08-09
126301NGOWH,Rolex,MARK,engine_median,13710.93,DERIVED,2026-08-13T12:05:36.604874+00:00
126303,Rolex,MARK,manual_check,12634.0,VERIFIED,2026-08-09
126303,Rolex,MARK,engine_median,13889.49,DERIVED,2026-08-13T12:05:36.604874+00:00
126303,Rolex,MARK,engine_median,14773.8,DERIVED,2026-08-15T21:41:53.174601+00:00
126303,Rolex,MARK,engine_median,13889.49,DERIVED,2026-08-16T10:01:25.617322+00:00
126303,Rolex,MARK,engine_median,14773.8,DERIVED,2026-08-21T21:45:15.687735+00:00
126331,Rolex,MARK,manual_check,17111.0,VERIFIED,2026-08-09
126331,Rolex,MSRP,watchbase,17050.0,VERIFIED,2026-08-13T12:05:36+00:00
126331,Rolex,MARK,engine_median,14780.8,DERIVED,2026-08-13T12:05:36.604874+00:00
126331NG,Rolex,MARK,engine_median,18918.97,DERIVED,2026-08-13T12:05:36.604874+00:00
126333,Rolex,MARK,manual_check,15666.0,VERIFIED,2026-08-09
126333,Rolex,MSRP,watchbase,17350.0,VERIFIED,2026-08-13T12:05:36+00:00
126333,Rolex,MARK,engine_median,15039.51,DERIVED,2026-08-13T12:05:36.604874+00:00
126333,Rolex,MARK,engine_median,14205.16,DERIVED,2026-08-14T21:47:56.498486+00:00
126333G,,MARK,engine_median,13737.5,DERIVED,2026-08-13T12:05:36.604874+00:00
126333NG,Rolex,MARK,engine_median,17696.67,DERIVED,2026-08-13T12:05:36.604874+00:00
126334,Rolex,MARK,manual_check,14527.0,VERIFIED,2026-08-09
126334,,MARK,seed_kb,14289.0,VERIFIED,2026-08-13T12:05:36+00:00
126334,Rolex,MSRP,watchbase,11650.0,VERIFIED,2026-08-13T12:05:36+00:00
126334,Rolex,MARK,engine_median,13318.15,DERIVED,2026-08-13T12:05:36.604874+00:00
126334,Rolex,MARK,engine_median,13328.3,DERIVED,2026-08-16T06:20:51.808998+00:00
126334,Rolex,MARK,engine_median,13318.15,DERIVED,2026-08-16T10:01:25.617322+00:00
126334,Rolex,MARK,engine_median,13328.3,DERIVED,2026-08-18T21:46:17.264769+00:00
126334,Rolex,MARK,engine_median,13318.15,DERIVED,2026-08-19T21:47:49.086150+00:00
126334G,,MARK,engine_median,12509.9,DERIVED,2026-08-13T12:05:36.604874+00:00
126334GBL,Rolex,MARK,engine_median,14486.23,DERIVED,2026-08-13T22:07:35.994213+00:00
126334NG,Rolex,MARK,engine_median,12743.73,DERIVED,2026-08-13T12:05:36.604874+00:00
126500,Rolex,MARK,manual_check,31997.0,VERIFIED,2026-08-09
126500LN,Rolex,MSRP,watchbase,16900.0,VERIFIED,2026-08-13T12:05:36+00:00
126500LN,Rolex,MARK,engine_median,34665.29,DERIVED,2026-08-13T12:05:36.604874+00:00
126500LN,Rolex,MARK,engine_median,34682.72,DERIVED,2026-08-14T21:47:56.498486+00:00
126500LN,Rolex,MARK,engine_median,34665.29,DERIVED,2026-08-16T06:20:51.808998+00:00
126500LN,Rolex,MARK,engine_median,33601.12,DERIVED,2026-08-18T21:46:17.264769+00:00
126500LN,Rolex,MARK,engine_median,34665.29,DERIVED,2026-08-19T21:47:49.086150+00:00
126500LNBK,Rolex,MARK,engine_median,28803.6,DERIVED,2026-08-13T12:05:36.604874+00:00
126500LNWH,Rolex,MARK,engine_median,34171.06,DERIVED,2026-08-13T12:05:36.604874+00:00
126500LNWH,Rolex,MARK,engine_median,34117.91,DERIVED,2026-08-13T22:07:35.994213+00:00
126500LNWH,Rolex,MARK,engine_median,34108.48,DERIVED,2026-08-14T21:47:56.498486+00:00
126500LNWH,Rolex,MARK,engine_median,34117.91,DERIVED,2026-08-16T06:20:51.808998+00:00
126500LNWH,Rolex,MARK,engine_median,34124.43,DERIVED,2026-08-17T21:49:35.588367+00:00
126503,Rolex,MARK,manual_check,25325.0,VERIFIED,2026-08-09
126503,Rolex,MSRP,watchbase,24000.0,VERIFIED,2026-08-13T12:05:36+00:00
126503,Rolex,MARK,engine_median,23266.08,DERIVED,2026-08-13T12:05:36.604874+00:00
126503G,,MARK,engine_median,26539.7,DERIVED,2026-08-13T12:05:36.604874+00:00
126503GBK,Rolex,MARK,engine_median,26996.73,DERIVED,2026-08-13T12:05:36.604874+00:00
126503GBK,Rolex,MARK,engine_median,27062.19,DERIVED,2026-08-14T21:47:56.498486+00:00
126505,Rolex,MARK,manual_check,54091.0,VERIFIED,2026-08-09
126505,Rolex,MSRP,watchbase,56400.0,VERIFIED,2026-08-13T12:05:36+00:00
126505,Rolex,MARK,engine_median,51442.58,DERIVED,2026-08-13T12:05:36.604874+00:00
126505G,Rolex,MSRP,watchbase,61200.0,VERIFIED,2026-08-13T12:05:36+00:00
126506,Rolex,MARK,manual_check,117275.0,VERIFIED,2026-08-09
126506,Rolex,MSRP,watchbase,84600.0,VERIFIED,2026-08-13T12:05:36+00:00
126506,,MARK,engine_median,109023.19,DERIVED,2026-08-13T12:05:36.604874+00:00
126506,,MARK,engine_median,113407.5,DERIVED,2026-08-19T21:47:49.086150+00:00
126506A,,MARK,engine_median,123052.99,DERIVED,2026-08-13T12:05:36.604874+00:00
126508,Rolex,MARK,manual_check,67696.0,VERIFIED,2026-08-09
126508,Rolex,MSRP,watchbase,52100.0,VERIFIED,2026-08-13T12:05:36+00:00
126508,Rolex,MARK,engine_median,58756.54,DERIVED,2026-08-13T12:05:36.604874+00:00
126508G,Rolex,MSRP,watchbase,54050.0,VERIFIED,2026-08-13T12:05:36+00:00
126509,Rolex,MARK,manual_check,50690.0,VERIFIED,2026-08-09
126509,Rolex,MSRP,watchbase,50500.0,VERIFIED,2026-08-13T12:05:36+00:00
126509,Rolex,MARK,engine_median,46500.26,DERIVED,2026-08-13T12:05:36.604874+00:00
126509,Rolex,MARK,engine_median,45928.41,DERIVED,2026-08-17T21:49:35.588367+00:00
126509GBK,Rolex,MARK,engine_median,49341.67,DERIVED,2026-08-14T21:47:56.498486+00:00
126515,Rolex,MARK,manual_check,46232.0,VERIFIED,2026-08-09
126515,,MARK,engine_median,48466.03,DERIVED,2026-08-13T12:05:36.604874+00:00
126515LN,Rolex,MSRP,watchbase,44800.0,VERIFIED,2026-08-13T12:05:36+00:00
126515LN,Rolex,MARK,engine_median,48012.48,DERIVED,2026-08-13T12:05:36.604874+00:00
126515LN,Rolex,MARK,engine_median,74825.57,DERIVED,2026-08-13T22:07:35.994213+00:00
126515LN,Rolex,MARK,engine_median,48012.48,DERIVED,2026-08-14T21:47:56.498486+00:00
126515LNCB,Rolex,MARK,engine_median,47191.13,DERIVED,2026-08-13T12:05:36.604874+00:00
126515LNCB,Rolex,MARK,engine_median,47066.97,DERIVED,2026-08-13T22:07:35.994213+00:00
126515LNCB,Rolex,MARK,engine_median,47191.13,DERIVED,2026-08-17T21:49:35.588367+00:00
126515LNG,Rolex,MARK,engine_median,44135.39,DERIVED,2026-08-13T12:05:36.604874+00:00
126515LNG,Rolex,MARK,engine_median,43258.53,DERIVED,2026-08-16T06:20:51.808998+00:00
126515LNG,Rolex,MARK,engine_median,44135.39,DERIVED,2026-08-16T21:41:16.998484+00:00
126515LNG,Rolex,MARK,engine_median,43512.53,DERIVED,2026-08-17T21:49:35.588367+00:00
126515LNGBK,Rolex,MARK,engine_median,45065.4,DERIVED,2026-08-13T12:05:36.604874+00:00
126518,Rolex,MARK,manual_check,59947.0,VERIFIED,2026-08-09
126518LN,Rolex,MSRP,watchbase,44800.0,VERIFIED,2026-08-13T12:05:36+00:00
126518LN,Rolex,MARK,engine_median,49691.24,DERIVED,2026-08-13T12:05:36.604874+00:00
126518LN,Rolex,MARK,engine_median,50181.75,DERIVED,2026-08-15T21:41:53.174601+00:00
126518LN,Rolex,MARK,engine_median,46223.92,DERIVED,2026-08-16T21:41:16.998484+00:00
126518LN,Rolex,MARK,engine_median,47892.98,DERIVED,2026-08-17T21:49:35.588367+00:00
126518LNBK,Rolex,MARK,engine_median,48785.43,DERIVED,2026-08-13T12:05:36.604874+00:00
126518LNCH,Rolex,MARK,engine_median,49848.29,DERIVED,2026-08-13T12:05:36.604874+00:00
126518LNG,Rolex,MARK,engine_median,49316.86,DERIVED,2026-08-13T12:05:36.604874+00:00
126518LNWH,Rolex,MARK,engine_median,44098.19,DERIVED,2026-08-13T12:05:36.604874+00:00
126519,Rolex,MARK,manual_check,49250.0,VERIFIED,2026-08-09
126519LN,Rolex,MSRP,watchbase,44800.0,VERIFIED,2026-08-13T12:05:36+00:00
126519LN,Rolex,MARK,engine_median,42673.96,DERIVED,2026-08-13T12:05:36.604874+00:00
126519LNG,Rolex,MARK,engine_median,41797.09,DERIVED,2026-08-13T12:05:36.604874+00:00
126519LNG,Rolex,MARK,engine_median,43843.11,DERIVED,2026-08-15T21:41:53.174601+00:00
126519LNGBK,Rolex,MARK,engine_median,44002.54,DERIVED,2026-08-13T12:05:36.604874+00:00
126525LN,Rolex,MARK,engine_median,187063.93,DERIVED,2026-08-13T12:05:36.604874+00:00
126528LN,Rolex,MSRP,watchbase,51400.0,VERIFIED,2026-08-13T12:05:36+00:00
126528LN,Rolex,MARK,engine_median,194735.94,DERIVED,2026-08-13T12:05:36.604874+00:00
126529LN,Rolex,MARK,manual_check,210771.0,VERIFIED,2026-08-09
126576TBR,Rolex,MARK,engine_median,227984.16,DERIVED,2026-08-13T12:05:36.604874+00:00
126579RBR,Rolex,MARK,manual_check,85435.0,VERIFIED,2026-08-09
126579RBR,Rolex,MARK,engine_median,74825.57,DERIVED,2026-08-13T12:05:36.604874+00:00
126579RBR,Rolex,MARK,engine_median,73337.57,DERIVED,2026-08-13T22:07:35.994213+00:00
126579RBR,Rolex,MARK,engine_median,74825.57,DERIVED,2026-08-16T21:41:16.998484+00:00
126579RBR,Rolex,MARK,engine_median,74175.72,DERIVED,2026-08-17T21:49:35.588367+00:00
126589RBR,Rolex,MARK,manual_check,74928.0,VERIFIED,2026-08-09
126589RBR,Rolex,MARK,engine_median,67259.93,DERIVED,2026-08-14T21:47:56.498486+00:00
126600,Rolex,MARK,manual_check,11850.0,VERIFIED,2026-08-09
126600,Rolex,MSRP,watchbase,14550.0,VERIFIED,2026-08-13T12:05:36+00:00
126600,Rolex,MARK,engine_median,11106.92,DERIVED,2026-08-13T12:05:36.604874+00:00
126600,Rolex,MARK,engine_median,10814.64,DERIVED,2026-08-16T06:20:51.808998+00:00
126600,Rolex,MARK,engine_median,11106.92,DERIVED,2026-08-18T21:46:17.264769+00:00
126603,Rolex,MARK,manual_check,15358.0,VERIFIED,2026-08-09
126603,Rolex,MSRP,watchbase,16050.0,VERIFIED,2026-08-13T12:05:36+00:00
126603,Rolex,MARK,engine_median,14497.45,DERIVED,2026-08-13T12:05:36.604874+00:00
126610,Rolex,MARK,manual_check,13720.0,VERIFIED,2026-08-09
126610LN,Rolex,MSRP,watchbase,11350.0,VERIFIED,2026-08-13T12:05:36+00:00
126610LN,Rolex,MARK,engine_median,12276.07,DERIVED,2026-08-13T12:05:36.604874+00:00
126610LV,Rolex,MARK,manual_check,14441.0,VERIFIED,2026-08-09
126610LV,Rolex,MSRP,watchbase,10950.0,VERIFIED,2026-08-13T12:05:36+00:00
126610LV,Rolex,MARK,engine_median,13391.54,DERIVED,2026-08-13T12:05:36.604874+00:00
126610LV,Rolex,MARK,engine_median,13445.22,DERIVED,2026-08-19T21:47:49.086150+00:00
126613LB,Rolex,MARK,manual_check,16718.0,VERIFIED,2026-08-09
126613LB,Rolex,MSRP,watchbase,19450.0,VERIFIED,2026-08-13T12:05:36+00:00
126613LB,Rolex,MARK,engine_median,18135.0,DERIVED,2026-08-13T12:05:36.604874+00:00
126613LB,Rolex,MARK,engine_median,18183.57,DERIVED,2026-08-15T21:41:53.174601+00:00
126613LB,Rolex,MARK,engine_median,18478.7,DERIVED,2026-08-16T06:20:51.808998+00:00
126613LB,Rolex,MARK,engine_median,18183.57,DERIVED,2026-08-18T21:46:17.264769+00:00
126613LB,Rolex,MARK,engine_median,18478.7,DERIVED,2026-08-20T19:55:02.750956+00:00
126613LN,Rolex,MARK,manual_check,15733.0,VERIFIED,2026-08-09
126613LN,Rolex,MSRP,watchbase,19450.0,VERIFIED,2026-08-13T12:05:36+00:00
126613LN,Rolex,MARK,engine_median,14614.37,DERIVED,2026-08-13T12:05:36.604874+00:00
126613LN,Rolex,MARK,engine_median,14520.83,DERIVED,2026-08-20T19:55:05.809575+00:00
126613LN,Rolex,MARK,engine_median,14614.37,DERIVED,2026-08-20T21:48:50.588638+00:00
126618LB,Rolex,MARK,manual_check,39121.0,VERIFIED,2026-08-09
126618LB,Rolex,MARK,engine_median,36828.21,DERIVED,2026-08-13T12:05:36.604874+00:00
126618LB,Rolex,MARK,engine_median,37412.25,DERIVED,2026-08-13T22:07:35.994213+00:00
126618LB,Rolex,MARK,engine_median,36828.21,DERIVED,2026-08-14T21:47:56.498486+00:00
126618LN,Rolex,MARK,manual_check,37536.0,VERIFIED,2026-08-09
126618LN,Rolex,MARK,engine_median,37997.36,DERIVED,2026-08-13T12:05:36.604874+00:00
126618LN,Rolex,MARK,engine_median,38103.11,DERIVED,2026-08-13T22:07:35.994213+00:00
126618LN,Rolex,MARK,engine_median,37997.36,DERIVED,2026-08-14T21:47:56.498486+00:00
126618LN,Rolex,MARK,engine_median,38103.11,DERIVED,2026-08-15T21:41:53.174601+00:00
126618LN,Rolex,MARK,engine_median,37997.36,DERIVED,2026-08-16T10:01:25.617322+00:00
126618LN,Rolex,MARK,engine_median,38103.11,DERIVED,2026-08-18T21:46:17.264769+00:00
126618LN,Rolex,MARK,engine_median,37997.36,DERIVED,2026-08-19T21:47:49.086150+00:00
126619LB,Rolex,MARK,manual_check,33933.0,VERIFIED,2026-08-09
126619LB,Rolex,MSRP,watchbase,46600.0,VERIFIED,2026-08-13T12:05:36+00:00
126619LB,Rolex,MARK,engine_median,34861.38,DERIVED,2026-08-13T12:05:36.604874+00:00
126619LB,Rolex,MARK,engine_median,32736.19,DERIVED,2026-08-16T06:20:51.808998+00:00
126621,Rolex,MARK,manual_check,15659.0,VERIFIED,2026-08-09
126621,Rolex,MSRP,watchbase,19300.0,VERIFIED,2026-08-13T12:05:36+00:00
126621,Rolex,MARK,engine_median,14906.65,DERIVED,2026-08-13T12:05:36.604874+00:00
126621,Rolex,MARK,engine_median,13760.36,DERIVED,2026-08-14T21:47:56.498486+00:00
126621,Rolex,MARK,engine_median,14906.65,DERIVED,2026-08-15T21:41:53.174601+00:00
126621,Rolex,MARK,engine_median,13760.36,DERIVED,2026-08-19T21:47:49.086150+00:00
126622,Rolex,MARK,manual_check,13822.0,VERIFIED,2026-08-09
126622,Rolex,MSRP,watchbase,13200.0,VERIFIED,2026-08-13T12:05:36+00:00
126622,Rolex,MARK,engine_median,13036.01,DERIVED,2026-08-13T12:05:36.604874+00:00
126622,Rolex,MARK,engine_median,13152.93,DERIVED,2026-08-13T22:07:35.994213+00:00
126622,Rolex,MARK,engine_median,13036.01,DERIVED,2026-08-14T21:47:56.498486+00:00
126622,Rolex,MARK,engine_median,13152.93,DERIVED,2026-08-19T21:47:49.086150+00:00
126655,Rolex,MARK,manual_check,28108.0,VERIFIED,2026-08-09
126655,Rolex,MSRP,watchbase,32100.0,VERIFIED,2026-08-13T12:05:36+00:00
126655,Rolex,MARK,engine_median,47564.81,DERIVED,2026-08-13T12:05:36.604874+00:00
126655,Rolex,MARK,engine_median,39654.11,DERIVED,2026-08-14T21:47:56.498486+00:00
126660,Rolex,MARK,manual_check,11800.0,VERIFIED,2026-08-08
126660,Rolex,MSRP,watchbase,13950.0,VERIFIED,2026-08-13T12:05:36+00:00
126660,Rolex,MARK,engine_median,11399.21,DERIVED,2026-08-13T12:05:36.604874+00:00
126680,Rolex,MARK,manual_check,28683.0,VERIFIED,2026-08-09
126680,Rolex,MSRP,watchbase,20300.0,VERIFIED,2026-08-13T12:05:36+00:00
126680,Rolex,MARK,engine_median,24318.31,DERIVED,2026-08-13T12:05:36.604874+00:00
126710BLNR,Rolex,MARK,manual_check,17118.0,VERIFIED,2026-08-09
126710BLNR,Rolex,MSRP,watchbase,11800.0,VERIFIED,2026-08-13T12:05:36+00:00
126710BLNR,Rolex,MARK,engine_median,17217.85,DERIVED,2026-08-13T12:05:36.604874+00:00
126710BLNR,Rolex,MARK,engine_median,16754.02,DERIVED,2026-08-14T21:47:56.498486+00:00
126710BLNR,Rolex,MARK,engine_median,17173.88,DERIVED,2026-08-19T21:47:49.086150+00:00
126710BLNR,Rolex,MARK,engine_median,17207.75,DERIVED,2026-08-20T19:55:02.750956+00:00
126710BLRO,Rolex,MARK,manual_check,21868.0,VERIFIED,2026-08-09
126710BLRO,Rolex,MARK,engine_median,21921.55,DERIVED,2026-08-13T12:05:36.604874+00:00
126710GRNR,Rolex,MARK,manual_check,20248.0,VERIFIED,2026-08-09
126710GRNR,Rolex,MSRP,watchbase,11800.0,VERIFIED,2026-08-13T12:05:36+00:00
126710GRNR,Rolex,MARK,engine_median,18858.05,DERIVED,2026-08-13T12:05:36.604874+00:00
126710GRNR,Rolex,MARK,engine_median,19183.7,DERIVED,2026-08-15T21:41:53.174601+00:00
126710GRNR,Rolex,MARK,engine_median,19460.18,DERIVED,2026-08-16T06:20:51.808998+00:00
126710GRNR,Rolex,MARK,engine_median,19274.01,DERIVED,2026-08-18T21:46:17.264769+00:00
126710GRNR,Rolex,MARK,engine_median,19217.28,DERIVED,2026-08-19T21:47:49.086150+00:00
126711CHNR,Rolex,MARK,manual_check,18534.0,VERIFIED,2026-08-09
126711CHNR,Rolex,MSRP,watchbase,17400.0,VERIFIED,2026-08-13T12:05:36+00:00
126711CHNR,Rolex,MARK,engine_median,18238.73,DERIVED,2026-08-13T12:05:36.604874+00:00
126711CHNR,Rolex,MARK,engine_median,18414.1,DERIVED,2026-08-15T21:41:53.174601+00:00
126711CHNR,Rolex,MARK,engine_median,18238.73,DERIVED,2026-08-18T21:46:17.264769+00:00
126713,Rolex,MARK,manual_check,20933.0,VERIFIED,2026-08-09
126713GRNR,Rolex,MSRP,watchbase,20450.0,VERIFIED,2026-08-13T12:05:36+00:00
126713GRNR,Rolex,MARK,engine_median,20577.03,DERIVED,2026-08-13T12:05:36.604874+00:00
126713GRNR,Rolex,MARK,engine_median,20470.41,DERIVED,2026-08-16T06:20:51.808998+00:00
126715,Rolex,MARK,manual_check,39040.0,VERIFIED,2026-08-09
126715CHNR,Rolex,MARK,engine_median,39166.51,DERIVED,2026-08-13T12:05:36.604874+00:00
126718,Rolex,MARK,manual_check,44535.0,VERIFIED,2026-08-09
126718,Rolex,MSRP,watchbase,50800.0,VERIFIED,2026-08-13T12:05:36+00:00
126718GRNR,Rolex,MSRP,watchbase,52800.0,VERIFIED,2026-08-13T12:05:36+00:00
126718GRNR,Rolex,MARK,engine_median,45596.83,DERIVED,2026-08-13T12:05:36.604874+00:00
126719,Rolex,MARK,manual_check,48561.0,VERIFIED,2026-08-09
126719BLNR,Rolex,MARK,engine_median,15666.6,DERIVED,2026-08-13T12:05:36.604874+00:00
126719BLRO,,MARK,engine_median,39049.59,DERIVED,2026-08-13T12:05:36.604874+00:00
126720,Rolex,MARK,manual_check,16438.0,VERIFIED,2026-08-09
126720VTNR,Rolex,MSRP,watchbase,12300.0,VERIFIED,2026-08-13T12:05:36+00:00
126720VTNR,Rolex,MARK,engine_median,14614.37,DERIVED,2026-08-13T12:05:36.604874+00:00
126720VTNR,Rolex,MARK,engine_median,14698.48,DERIVED,2026-08-14T21:47:56.498486+00:00
126720VTNR,Rolex,MARK,engine_median,14773.8,DERIVED,2026-08-15T21:41:53.174601+00:00
126720VTNR,Rolex,MARK,engine_median,14698.48,DERIVED,2026-08-19T21:47:49.086150+00:00
126720VTNR,Rolex,MARK,engine_median,14773.8,DERIVED,2026-08-20T19:55:02.750956+00:00
126729VTNR,Rolex,MARK,manual_check,47827.0,VERIFIED,2026-08-09
126729VTNR,Rolex,MSRP,watchbase,46750.0,VERIFIED,2026-08-13T12:05:36+00:00
126729VTNR,Rolex,MARK,engine_median,44002.54,DERIVED,2026-08-13T12:05:36.604874+00:00
126729VTNR,Rolex,MARK,engine_median,43471.11,DERIVED,2026-08-20T04:37:33.725646+00:00
126900,Rolex,MARK,manual_check,8325.0,VERIFIED,2026-08-09
126900,Rolex,MSRP,watchbase,8150.0,VERIFIED,2026-08-13T12:05:36+00:00
126900,Rolex,MARK,engine_median,7758.37,DERIVED,2026-08-13T12:05:36.604874+00:00
126900,Rolex,MARK,engine_median,7310.86,DERIVED,2026-08-15T21:41:53.174601+00:00
126900,Rolex,MARK,engine_median,7758.37,DERIVED,2026-08-16T10:01:25.617322+00:00
12703,Tudor,MARK,engine_median,1344.52,DERIVED,2026-08-13T12:05:36.604874+00:00
127234,Rolex,MARK,manual_check,19644.0,VERIFIED,2026-08-09
127234,Rolex,MSRP,watchbase,14450.0,VERIFIED,2026-08-13T12:05:36+00:00
127234,Rolex,MARK,engine_median,18804.99,DERIVED,2026-08-13T12:05:36.604874+00:00
127235,Rolex,MARK,manual_check,48406.0,VERIFIED,2026-08-09
127235,Rolex,MSRP,watchbase,49400.0,VERIFIED,2026-08-13T12:05:36+00:00
127235,Rolex,MARK,engine_median,48253.99,DERIVED,2026-08-13T12:05:36.604874+00:00
127285TBR,Rolex,MARK,manual_check,692677.0,VERIFIED,2026-08-09
127334,Rolex,MARK,manual_check,25565.0,VERIFIED,2026-08-09
127334,Rolex,MSRP,watchbase,16450.0,VERIFIED,2026-08-13T12:05:36+00:00
127334,Rolex,MARK,engine_median,23499.91,DERIVED,2026-08-13T12:05:36.604874+00:00
127334,Rolex,MARK,engine_median,22681.5,DERIVED,2026-08-13T22:07:35.994213+00:00
127335,Rolex,MARK,manual_check,56774.0,VERIFIED,2026-08-09
128155RBR,,MARK,engine_median,54365.46,DERIVED,2026-08-13T12:05:36.604874+00:00
128235,Rolex,MARK,manual_check,48955.0,VERIFIED,2026-08-09
128235,Rolex,MARK,engine_median,49688.86,DERIVED,2026-08-13T12:05:36.604874+00:00
128236,Rolex,MARK,manual_check,61518.0,VERIFIED,2026-08-09
128238,Rolex,MARK,manual_check,48495.0,VERIFIED,2026-08-09
128238,Rolex,MSRP,watchbase,40250.0,VERIFIED,2026-08-13T12:05:36+00:00
128238,Rolex,MARK,engine_median,46649.07,DERIVED,2026-08-13T12:05:36.604874+00:00
128238,Rolex,MARK,engine_median,52489.16,DERIVED,2026-08-19T21:47:49.086150+00:00
128239,Rolex,MARK,manual_check,37072.0,VERIFIED,2026-08-09
128239NA,Rolex,MARK,engine_median,40302.78,DERIVED,2026-08-15T21:41:53.174601+00:00
128239NAWH,Rolex,MARK,engine_median,39315.31,DERIVED,2026-08-19T21:47:49.086150+00:00
128345,Rolex,MARK,manual_check,69219.0,VERIFIED,2026-08-09
128348,Rolex,MARK,manual_check,68618.0,VERIFIED,2026-08-09
128348RBR,Rolex,MARK,engine_median,51442.58,DERIVED,2026-08-13T12:05:36.604874+00:00
128348RBR,Rolex,MARK,engine_median,60051.77,DERIVED,2026-08-15T21:41:53.174601+00:00
128348RBR,Rolex,MARK,engine_median,51442.58,DERIVED,2026-08-16T10:01:25.617322+00:00
128348RBR,Rolex,MARK,engine_median,60051.77,DERIVED,2026-08-21T21:45:15.687735+00:00
128349,Rolex,MARK,manual_check,73257.0,VERIFIED,2026-08-09
128349RBR,Rolex,MARK,engine_median,47350.56,DERIVED,2026-08-13T12:05:36.604874+00:00
128349RBR,Rolex,MARK,engine_median,36875.98,DERIVED,2026-08-14T21:47:56.498486+00:00
128349RBR,Rolex,MARK,engine_median,47350.56,DERIVED,2026-08-21T21:45:15.687735+00:00
128349RBRBL,Rolex,MARK,engine_median,45596.83,DERIVED,2026-08-13T12:05:36.604874+00:00
128396TBR,Rolex,MARK,manual_check,86074.0,VERIFIED,2026-08-09
128396TBR,Rolex,MARK,engine_median,75994.72,DERIVED,2026-08-13T12:05:36.604874+00:00
12983603J,Rolex,MARK,engine_median,3627.0,DERIVED,2026-08-13T12:05:36.604874+00:00
13.30.42.40.01.001,Omega,MARK,manual_check,3160.0,VERIFIED,2026-08-09
130.23.39.21.02.001,Omega,MARK,engine_median,5584.67,DERIVED,2026-08-13T12:05:36.604874+00:00
130.23.39.21.03.001,Omega,MSRP,watchbase,11000.0,VERIFIED,2026-08-13T12:05:36+00:00
130.23.39.21.03.001,Omega,MARK,engine_median,5584.67,DERIVED,2026-08-13T12:05:36.604874+00:00
130.23.41.22.06.001,Omega,MSRP,watchbase,15000.0,VERIFIED,2026-08-13T12:05:36+00:00
130.23.41.22.06.001,Omega,MARK,engine_median,13950.0,DERIVED,2026-08-13T12:05:36.604874+00:00
130.23.41.22.11.001,Omega,MSRP,watchbase,14100.0,VERIFIED,2026-08-13T12:05:36+00:00
130.23.41.22.11.001,Omega,MARK,engine_median,13950.0,DERIVED,2026-08-13T12:05:36.604874+00:00
130.30.39.21.02.001,Omega,MARK,engine_median,5300.07,DERIVED,2026-08-13T12:05:36.604874+00:00
130.33.39.21.02.001,Omega,MARK,engine_median,6704.71,DERIVED,2026-08-13T12:05:36.604874+00:00
130.33.39.21.03.001,Omega,MSRP,watchbase,7900.0,VERIFIED,2026-08-13T12:05:36+00:00
130.33.39.21.03.001,Omega,MARK,engine_median,6596.03,DERIVED,2026-08-13T12:05:36.604874+00:00
130.33.41.22.02.001,Omega,MARK,engine_median,4559.69,DERIVED,2026-08-13T12:05:36.604874+00:00
130.33.41.22.02.001,Omega,MARK,engine_median,9672.0,DERIVED,2026-08-14T21:47:56.498486+00:00
130.33.41.22.02.001,Omega,MARK,engine_median,4559.69,DERIVED,2026-08-16T10:01:25.617322+00:00
130.33.41.22.02.001,Omega,MARK,engine_median,9672.0,DERIVED,2026-08-20T04:37:33.725646+00:00
130.33.41.22.02.001,Omega,MARK,engine_median,4559.69,DERIVED,2026-08-21T21:45:15.687735+00:00
130.33.41.22.06.001,Omega,MARK,engine_median,6162.38,DERIVED,2026-08-13T12:05:36.604874+00:00
130.33.41.22.10.001,Omega,MARK,engine_median,9672.0,DERIVED,2026-08-13T12:05:36.604874+00:00
130.53.41.22.03.001,Omega,MARK,engine_median,33573.0,DERIVED,2026-08-13T12:05:36.604874+00:00
130.53.41.22.99.002,Omega,MARK,engine_median,40641.0,DERIVED,2026-08-13T12:05:36.604874+00:00
131.10.25.60.02.001,Omega,MARK,engine_median,3069.0,DERIVED,2026-08-13T12:05:36.604874+00:00
131.10.25.60.02.002,Omega,MARK,engine_median,2883.0,DERIVED,2026-08-13T12:05:36.604874+00:00
131.10.25.60.52.001,Omega,MARK,engine_median,3813.0,DERIVED,2026-08-13T12:05:36.604874+00:00
131.10.25.60.55.001,Omega,MARK,engine_median,1461.44,DERIVED,2026-08-13T12:05:36.604874+00:00
131.10.25.60.55.001,Omega,MARK,engine_median,4185.0,DERIVED,2026-08-14T21:47:56.498486+00:00
131.10.25.60.55.001,Omega,MARK,engine_median,1461.44,DERIVED,2026-08-16T10:01:25.617322+00:00
131.10.25.60.55.001,Omega,MARK,engine_median,4185.0,DERIVED,2026-08-20T04:37:33.725646+00:00
131.10.25.60.55.001,Omega,MARK,engine_median,1461.44,DERIVED,2026-08-21T21:45:15.687735+00:00
131.10.28.60.01.001,Omega,MARK,engine_median,2395.03,DERIVED,2026-08-13T12:05:36.604874+00:00
131.10.28.60.02.001,Omega,MARK,engine_median,3255.0,DERIVED,2026-08-13T12:05:36.604874+00:00
131.10.28.60.02.002,Omega,MARK,engine_median,2976.0,DERIVED,2026-08-13T12:05:36.604874+00:00
131.10.28.60.03.001,Omega,MARK,engine_median,3348.0,DERIVED,2026-08-13T12:05:36.604874+00:00
131.10.28.60.03.002,Omega,MARK,engine_median,2976.0,DERIVED,2026-08-13T12:05:36.604874+00:00
131.10.28.60.05.001,Omega,MARK,engine_median,3627.0,DERIVED,2026-08-13T12:05:36.604874+00:00
131.10.28.60.06.001,Omega,MARK,engine_median,3255.0,DERIVED,2026-08-13T12:05:36.604874+00:00
131.10.28.60.11.001,Omega,MARK,engine_median,3348.0,DERIVED,2026-08-13T12:05:36.604874+00:00
131.10.28.60.11.001,Omega,MARK,engine_median,1816.63,DERIVED,2026-08-21T21:45:15.687735+00:00
131.10.28.60.52.001,Omega,MARK,engine_median,3401.15,DERIVED,2026-08-13T12:05:36.604874+00:00
131.10.28.60.52.001,Omega,MARK,engine_median,4092.0,DERIVED,2026-08-14T21:47:56.498486+00:00
131.10.28.60.52.001,Omega,MARK,engine_median,3401.15,DERIVED,2026-08-16T10:01:25.617322+00:00
131.10.28.60.52.001,Omega,MARK,engine_median,4092.0,DERIVED,2026-08-20T04:37:33.725646+00:00
131.10.28.60.52.001,Omega,MARK,engine_median,3401.15,DERIVED,2026-08-21T21:45:15.687735+00:00
131.10.28.60.55.001,Omega,MARK,engine_median,4464.0,DERIVED,2026-08-13T12:05:36.604874+00:00
131.10.28.60.56.001,Omega,MARK,engine_median,4092.0,DERIVED,2026-08-13T12:05:36.604874+00:00
131.10.28.60.60.001,Omega,MARK,engine_median,4185.0,DERIVED,2026-08-13T12:05:36.604874+00:00
131.10.28.60.60.002,Omega,MARK,engine_median,4185.0,DERIVED,2026-08-13T12:05:36.604874+00:00
131.10.29.20.02.001,Omega,MARK,engine_median,3223.03,DERIVED,2026-08-13T12:05:36.604874+00:00
131.10.29.20.52.001,Omega,MARK,engine_median,7905.0,DERIVED,2026-08-13T12:05:36.604874+00:00
131.10.29.20.53.001,Omega,MARK,engine_median,9672.0,DERIVED,2026-08-13T12:05:36.604874+00:00
131.10.29.20.55.001,Omega,MARK,manual_check,3878.0,VERIFIED,2026-08-08
131.10.29.20.55.001,Omega,MSRP,watchbase,8300.0,VERIFIED,2026-08-13T12:05:36+00:00
131.10.29.20.55.001,Omega,MARK,engine_median,8277.0,DERIVED,2026-08-13T12:05:36.604874+00:00
131.10.34.20.02.001,Omega,MARK,engine_median,7440.0,DERIVED,2026-08-13T12:05:36.604874+00:00
131.10.34.20.53.001,Omega,MARK,engine_median,8742.0,DERIVED,2026-08-13T12:05:36.604874+00:00
131.10.36.20.01.001,Omega,MSRP,watchbase,6600.0,VERIFIED,2026-08-13T12:05:36+00:00
131.10.36.20.01.001,Omega,MARK,engine_median,6882.0,DERIVED,2026-08-13T12:05:36.604874+00:00
131.10.36.20.02.001,Omega,MSRP,watchbase,6600.0,VERIFIED,2026-08-13T12:05:36+00:00
131.10.36.20.02.001,Omega,MARK,engine_median,2572.13,DERIVED,2026-08-13T12:05:36.604874+00:00
131.10.36.20.06.001,Omega,MSRP,watchbase,6600.0,VERIFIED,2026-08-13T12:05:36+00:00
131.10.36.20.06.001,Omega,MARK,engine_median,3066.54,DERIVED,2026-08-13T12:05:36.604874+00:00
131.10.36.60.01.001,Omega,MARK,manual_check,2095.0,VERIFIED,2026-05
131.10.36.60.01.001,Omega,MSRP,watchbase,3300.0,VERIFIED,2026-08-13T12:05:36+00:00
131.10.36.60.01.001,Omega,MARK,engine_median,1517.6,DERIVED,2026-08-13T22:07:35.994213+00:00
131.10.39.20.01.001,Omega,MARK,engine_median,6882.0,DERIVED,2026-08-13T12:05:36.604874+00:00
131.10.39.20.02.001,Omega,MARK,engine_median,6882.0,DERIVED,2026-08-13T12:05:36.604874+00:00
131.10.39.20.06.001,Omega,MARK,engine_median,6882.0,DERIVED,2026-08-13T12:05:36.604874+00:00
131.13.34.20.02.001,Omega,MARK,engine_median,4935.46,DERIVED,2026-08-13T12:05:36.604874+00:00
131.13.34.20.02.001,Omega,MARK,engine_median,7161.0,DERIVED,2026-08-14T21:47:56.498486+00:00
131.13.34.20.02.001,Omega,MARK,engine_median,4935.46,DERIVED,2026-08-16T10:01:25.617322+00:00
131.13.34.20.02.001,Omega,MARK,engine_median,7161.0,DERIVED,2026-08-20T04:37:33.725646+00:00
131.13.34.20.02.001,Omega,MARK,engine_median,4935.46,DERIVED,2026-08-21T21:45:15.687735+00:00
131.13.34.20.53.001,Omega,MARK,engine_median,6484.9,DERIVED,2026-08-13T12:05:36.604874+00:00
131.13.34.20.53.001,Omega,MARK,engine_median,8463.0,DERIVED,2026-08-14T21:47:56.498486+00:00
131.13.34.20.53.001,Omega,MARK,engine_median,6484.9,DERIVED,2026-08-16T10:01:25.617322+00:00
131.13.34.20.53.001,Omega,MARK,engine_median,8463.0,DERIVED,2026-08-20T04:37:33.725646+00:00
131.13.34.20.53.001,Omega,MARK,engine_median,6484.9,DERIVED,2026-08-21T21:45:15.687735+00:00
131.13.39.20.01.001,Omega,MARK,engine_median,6696.0,DERIVED,2026-08-13T12:05:36.604874+00:00
131.15.25.60.52.001,Omega,MARK,engine_median,3990.58,DERIVED,2026-08-13T12:05:36.604874+00:00
131.15.25.60.53.001,Omega,MARK,engine_median,8277.0,DERIVED,2026-08-13T12:05:36.604874+00:00
131.15.25.60.53.002,Omega,MARK,engine_median,7719.0,DERIVED,2026-08-13T12:05:36.604874+00:00
131.15.25.60.55.001,Omega,MARK,engine_median,6882.0,DERIVED,2026-08-13T12:05:36.604874+00:00
131.15.25.60.55.002,Omega,MARK,engine_median,7626.0,DERIVED,2026-08-13T12:05:36.604874+00:00
131.15.25.60.56.001,Omega,MARK,engine_median,4731.93,DERIVED,2026-08-13T12:05:36.604874+00:00
131.15.25.60.99.001,Omega,MARK,engine_median,8835.0,DERIVED,2026-08-13T12:05:36.604874+00:00
131.15.28.60.01.001,Omega,MARK,engine_median,5952.0,DERIVED,2026-08-13T12:05:36.604874+00:00
131.15.28.60.02.001,Omega,MARK,engine_median,5952.0,DERIVED,2026-08-13T12:05:36.604874+00:00
131.15.28.60.11.001,Omega,MARK,engine_median,5952.0,DERIVED,2026-08-13T12:05:36.604874+00:00
131.15.28.60.55.001,Omega,MARK,engine_median,7533.0,DERIVED,2026-08-13T12:05:36.604874+00:00
131.15.28.60.56.001,Omega,MARK,engine_median,4458.72,DERIVED,2026-08-13T12:05:36.604874+00:00
131.15.28.60.60.001,Omega,MARK,engine_median,7905.0,DERIVED,2026-08-13T12:05:36.604874+00:00
131.15.28.60.99.001,Omega,MARK,engine_median,6491.2,DERIVED,2026-08-13T12:05:36.604874+00:00
131.15.29.20.52.001,Omega,MARK,engine_median,6287.13,DERIVED,2026-08-13T12:05:36.604874+00:00
131.15.29.20.53.001,Omega,MARK,engine_median,13020.0,DERIVED,2026-08-13T12:05:36.604874+00:00
131.15.29.20.55.001,Omega,MARK,engine_median,11625.0,DERIVED,2026-08-13T12:05:36.604874+00:00
131.15.29.20.60.001,Omega,MARK,engine_median,12183.0,DERIVED,2026-08-13T12:05:36.604874+00:00
131.15.29.20.99.001,Omega,MARK,engine_median,13578.0,DERIVED,2026-08-13T12:05:36.604874+00:00
131.18.29.20.60.001,Omega,MARK,engine_median,11904.0,DERIVED,2026-08-13T12:05:36.604874+00:00
131.18.36.20.61.001,Omega,MARK,engine_median,12648.0,DERIVED,2026-08-13T12:05:36.604874+00:00
131.20.25.60.02.001,Omega,MARK,engine_median,5394.0,DERIVED,2026-08-13T12:05:36.604874+00:00
131.20.25.60.02.002,Omega,MARK,engine_median,4616.83,DERIVED,2026-08-13T12:05:36.604874+00:00
131.20.25.60.02.002,Omega,MARK,engine_median,5394.0,DERIVED,2026-08-14T21:47:56.498486+00:00
131.20.25.60.02.002,Omega,MARK,engine_median,4616.83,DERIVED,2026-08-16T10:01:25.617322+00:00
131.20.25.60.02.002,Omega,MARK,engine_median,5394.0,DERIVED,2026-08-20T04:37:33.725646+00:00
131.20.25.60.02.002,Omega,MARK,engine_median,4616.83,DERIVED,2026-08-21T21:45:15.687735+00:00
131.20.25.60.05.001,Omega,MARK,engine_median,2338.3,DERIVED,2026-08-19T21:47:49.086150+00:00
131.20.25.60.05.002,Omega,MARK,engine_median,5859.0,DERIVED,2026-08-13T12:05:36.604874+00:00
131.20.25.60.53.001,Omega,MARK,engine_median,4427.21,DERIVED,2026-08-13T12:05:36.604874+00:00
131.20.25.60.53.002,Omega,MARK,engine_median,5879.56,DERIVED,2026-08-13T12:05:36.604874+00:00
131.20.25.60.53.002,Omega,MARK,engine_median,7905.0,DERIVED,2026-08-14T21:47:56.498486+00:00
131.20.25.60.53.002,Omega,MARK,engine_median,5879.56,DERIVED,2026-08-16T10:01:25.617322+00:00
131.20.25.60.53.002,Omega,MARK,engine_median,7905.0,DERIVED,2026-08-20T04:37:33.725646+00:00
131.20.25.60.53.002,Omega,MARK,engine_median,5879.56,DERIVED,2026-08-21T21:45:15.687735+00:00
131.20.25.60.55.001,Omega,MARK,engine_median,6789.0,DERIVED,2026-08-13T12:05:36.604874+00:00
131.20.25.60.55.002,Omega,MARK,engine_median,4913.16,DERIVED,2026-08-13T12:05:36.604874+00:00
131.20.25.60.55.002,Omega,MARK,engine_median,4895.88,DERIVED,2026-08-21T21:45:15.687735+00:00
131.20.25.60.63.001,Omega,MARK,engine_median,6231.0,DERIVED,2026-08-13T12:05:36.604874+00:00
131.20.28.60.02.001,Omega,MARK,engine_median,4339.31,DERIVED,2026-08-13T12:05:36.604874+00:00
131.20.28.60.02.001,Omega,MARK,engine_median,5766.0,DERIVED,2026-08-14T21:47:56.498486+00:00
131.20.28.60.02.001,Omega,MARK,engine_median,4339.31,DERIVED,2026-08-16T10:01:25.617322+00:00
131.20.28.60.02.001,Omega,MARK,engine_median,5766.0,DERIVED,2026-08-20T04:37:33.725646+00:00
131.20.28.60.02.001,Omega,MARK,engine_median,4339.31,DERIVED,2026-08-21T21:45:15.687735+00:00
131.20.28.60.05.001,Omega,MARK,engine_median,6231.0,DERIVED,2026-08-13T12:05:36.604874+00:00
131.20.28.60.05.002,Omega,MARK,engine_median,6231.0,DERIVED,2026-08-13T12:05:36.604874+00:00
131.20.28.60.52.001,Omega,MARK,engine_median,6789.0,DERIVED,2026-08-13T12:05:36.604874+00:00
131.20.28.60.55.001,Omega,MARK,engine_median,7068.0,DERIVED,2026-08-13T12:05:36.604874+00:00
131.20.29.20.02.002,Omega,MARK,engine_median,10416.0,DERIVED,2026-08-13T12:05:36.604874+00:00
131.20.29.20.05.002,Omega,MARK,engine_median,10788.0,DERIVED,2026-08-13T12:05:36.604874+00:00
131.20.29.20.13.001,Omega,MARK,engine_median,4784.36,DERIVED,2026-08-13T12:05:36.604874+00:00
131.20.29.20.52.001,Omega,MARK,engine_median,11625.0,DERIVED,2026-08-13T12:05:36.604874+00:00
131.20.29.20.52.002,Omega,MARK,engine_median,11625.0,DERIVED,2026-08-13T12:05:36.604874+00:00
131.20.29.20.53.001,Omega,MARK,engine_median,13299.0,DERIVED,2026-08-13T12:05:36.604874+00:00
131.20.29.20.53.002,Omega,MARK,engine_median,13671.0,DERIVED,2026-08-13T12:05:36.604874+00:00
131.20.29.20.55.001,Omega,MARK,engine_median,11904.0,DERIVED,2026-08-13T12:05:36.604874+00:00
131.20.29.20.55.002,Omega,MARK,engine_median,11904.0,DERIVED,2026-08-13T12:05:36.604874+00:00
131.20.29.20.58.001,Omega,MARK,engine_median,11625.0,DERIVED,2026-08-13T12:05:36.604874+00:00
131.20.34.20.63.001,Omega,MARK,engine_median,13578.0,DERIVED,2026-08-13T12:05:36.604874+00:00
131.20.36.20.02.001,Omega,MSRP,watchbase,11800.0,VERIFIED,2026-08-13T12:05:36+00:00
131.20.36.20.02.001,Omega,MARK,engine_median,4282.5,DERIVED,2026-08-13T12:05:36.604874+00:00
131.20.36.20.02.002,Omega,MSRP,watchbase,11800.0,VERIFIED,2026-08-13T12:05:36+00:00
131.20.36.20.08.001,Omega,MSRP,watchbase,9400.0,VERIFIED,2026-08-13T12:05:36+00:00
131.20.36.20.08.001,Omega,MARK,engine_median,4672.83,DERIVED,2026-08-13T12:05:36.604874+00:00
131.20.36.20.13.001,Omega,MARK,engine_median,4282.5,DERIVED,2026-08-13T12:05:36.604874+00:00
131.20.36.20.58.001,Omega,MSRP,watchbase,12000.0,VERIFIED,2026-08-13T12:05:36+00:00
131.20.36.20.58.001,Omega,MARK,engine_median,4895.88,DERIVED,2026-08-13T12:05:36.604874+00:00
131.20.36.60.02.001,Omega,MARK,engine_median,6696.0,DERIVED,2026-08-13T12:05:36.604874+00:00
131.20.36.60.02.002,Omega,MARK,engine_median,6882.0,DERIVED,2026-08-13T12:05:36.604874+00:00
131.20.39.20.02.001,Omega,MARK,engine_median,12090.0,DERIVED,2026-08-13T12:05:36.604874+00:00
131.20.39.20.08.001,Omega,MARK,engine_median,11718.0,DERIVED,2026-08-13T12:05:36.604874+00:00
131.20.39.20.13.001,Omega,MSRP,watchbase,10300.0,VERIFIED,2026-08-13T12:05:36+00:00
131.20.39.20.13.001,Omega,MARK,engine_median,4561.32,DERIVED,2026-08-13T12:05:36.604874+00:00
131.20.39.20.52.001,Omega,MARK,engine_median,14136.0,DERIVED,2026-08-13T12:05:36.604874+00:00
131.20.39.20.52.002,Omega,MARK,engine_median,14136.0,DERIVED,2026-08-13T12:05:36.604874+00:00
131.20.39.20.58.001,Omega,MARK,engine_median,14136.0,DERIVED,2026-08-13T12:05:36.604874+00:00
131.23.29.20.99.001,Omega,MARK,engine_median,12462.0,DERIVED,2026-08-13T12:05:36.604874+00:00
131.23.29.20.99.002,Omega,MARK,engine_median,12462.0,DERIVED,2026-08-13T12:05:36.604874+00:00
131.23.29.20.99.003,Omega,MARK,engine_median,6826.94,DERIVED,2026-08-13T12:05:36.604874+00:00
131.23.34.20.63.001,Omega,MARK,engine_median,10230.0,DERIVED,2026-08-13T12:05:36.604874+00:00
131.23.39.20.02.001,Omega,MSRP,watchbase,10300.0,VERIFIED,2026-08-13T12:05:36+00:00
131.23.39.20.02.001,Omega,MARK,engine_median,4170.98,DERIVED,2026-08-13T12:05:36.604874+00:00
131.23.39.20.02.002,Omega,MSRP,watchbase,8900.0,VERIFIED,2026-08-13T12:05:36+00:00
131.23.39.20.02.002,Omega,MARK,engine_median,4170.98,DERIVED,2026-08-13T12:05:36.604874+00:00
131.23.39.20.08.001,Omega,MARK,engine_median,4835.67,DERIVED,2026-08-13T12:05:36.604874+00:00
131.23.39.20.13.001,Omega,MSRP,watchbase,10300.0,VERIFIED,2026-08-13T12:05:36+00:00
131.23.39.20.13.001,Omega,MARK,engine_median,3669.13,DERIVED,2026-08-13T12:05:36.604874+00:00
131.23.39.20.52.001,Omega,MARK,engine_median,5174.69,DERIVED,2026-08-13T12:05:36.604874+00:00
131.23.41.21.11.001,Omega,MARK,engine_median,10788.0,DERIVED,2026-08-13T12:05:36.604874+00:00
131.25.25.60.55.001,Omega,MARK,engine_median,9858.0,DERIVED,2026-08-13T12:05:36.604874+00:00
131.25.25.60.55.002,Omega,MARK,engine_median,9858.0,DERIVED,2026-08-13T12:05:36.604874+00:00
131.25.25.60.60.001,Omega,MARK,engine_median,10044.0,DERIVED,2026-08-13T12:05:36.604874+00:00
131.25.25.60.60.002,Omega,MARK,engine_median,10323.0,DERIVED,2026-08-13T12:05:36.604874+00:00
131.25.25.60.99.001,Omega,MARK,engine_median,11718.0,DERIVED,2026-08-13T12:05:36.604874+00:00
131.25.25.60.99.002,Omega,MARK,engine_median,11718.0,DERIVED,2026-08-13T12:05:36.604874+00:00
131.25.28.60.55.001,Omega,MARK,engine_median,10788.0,DERIVED,2026-08-13T12:05:36.604874+00:00
131.25.28.60.55.002,Omega,MARK,engine_median,10788.0,DERIVED,2026-08-13T12:05:36.604874+00:00
131.25.28.60.55.003,Omega,MARK,engine_median,11811.0,DERIVED,2026-08-13T12:05:36.604874+00:00
131.25.28.60.58.001,Omega,MARK,engine_median,10416.0,DERIVED,2026-08-13T12:05:36.604874+00:00
131.25.28.60.60.001,Omega,MARK,engine_median,11439.0,DERIVED,2026-08-13T12:05:36.604874+00:00
131.25.28.60.63.001,Omega,MARK,engine_median,10416.0,DERIVED,2026-08-13T12:05:36.604874+00:00
131.25.28.60.99.001,Omega,MARK,engine_median,12648.0,DERIVED,2026-08-13T12:05:36.604874+00:00
131.25.28.60.99.002,Omega,MARK,engine_median,12276.0,DERIVED,2026-08-13T12:05:36.604874+00:00
131.25.29.20.52.001,Omega,MARK,engine_median,15252.0,DERIVED,2026-08-13T12:05:36.604874+00:00
131.25.29.20.52.002,Omega,MARK,engine_median,15252.0,DERIVED,2026-08-13T12:05:36.604874+00:00
131.25.29.20.52.003,Omega,MARK,engine_median,16368.0,DERIVED,2026-08-13T12:05:36.604874+00:00
131.25.29.20.53.001,Omega,MARK,engine_median,17298.0,DERIVED,2026-08-13T12:05:36.604874+00:00
131.25.29.20.53.002,Omega,MARK,engine_median,16833.0,DERIVED,2026-08-13T12:05:36.604874+00:00
131.25.29.20.55.001,Omega,MARK,engine_median,15624.0,DERIVED,2026-08-13T12:05:36.604874+00:00
131.25.29.20.55.002,Omega,MARK,engine_median,15624.0,DERIVED,2026-08-13T12:05:36.604874+00:00
131.25.29.20.58.002,Omega,MARK,engine_median,16368.0,DERIVED,2026-08-13T12:05:36.604874+00:00
131.25.29.20.63.001,Omega,MARK,engine_median,15252.0,DERIVED,2026-08-13T12:05:36.604874+00:00
131.25.29.20.99.001,Omega,MARK,engine_median,17298.0,DERIVED,2026-08-13T12:05:36.604874+00:00
131.25.29.20.99.002,Omega,MARK,engine_median,17298.0,DERIVED,2026-08-13T12:05:36.604874+00:00
131.25.34.20.55.001,Omega,MARK,engine_median,19809.0,DERIVED,2026-08-13T12:05:36.604874+00:00
131.25.39.20.52.001,Omega,MARK,engine_median,22971.0,DERIVED,2026-08-13T12:05:36.604874+00:00
131.25.39.20.52.002,Omega,MARK,engine_median,22971.0,DERIVED,2026-08-13T12:05:36.604874+00:00
131.28.29.20.52.001,Omega,MARK,engine_median,14043.0,DERIVED,2026-08-13T12:05:36.604874+00:00
131.28.29.20.58.001,Omega,MARK,engine_median,14043.0,DERIVED,2026-08-13T12:05:36.604874+00:00
131.28.29.20.99.001,Omega,MARK,engine_median,16368.0,DERIVED,2026-08-13T12:05:36.604874+00:00
131.28.29.20.99.002,Omega,MARK,engine_median,16368.0,DERIVED,2026-08-13T12:05:36.604874+00:00
131.28.29.20.99.003,Omega,MARK,engine_median,16368.0,DERIVED,2026-08-13T12:05:36.604874+00:00
131.28.34.20.55.001,Omega,MARK,engine_median,17763.0,DERIVED,2026-08-13T12:05:36.604874+00:00
131.28.36.20.53.001,Omega,MARK,engine_median,16368.0,DERIVED,2026-08-13T12:05:36.604874+00:00
131.28.36.20.63.001,Omega,MARK,engine_median,16368.0,DERIVED,2026-08-13T12:05:36.604874+00:00
131.30.41.21.01.001,Omega,MSRP,watchbase,7400.0,VERIFIED,2026-08-13T12:05:36+00:00
131.30.41.21.01.001,Omega,MARK,engine_median,7626.0,DERIVED,2026-08-13T12:05:36.604874+00:00
131.30.41.21.01.001,Omega,MARK,engine_median,4013.36,DERIVED,2026-08-13T22:07:35.994213+00:00
131.30.41.21.01.001,Omega,MARK,engine_median,7626.0,DERIVED,2026-08-14T21:47:56.498486+00:00
131.30.41.21.01.001,Omega,MARK,engine_median,4013.36,DERIVED,2026-08-16T10:01:25.617322+00:00
131.30.41.21.01.001,Omega,MARK,engine_median,7626.0,DERIVED,2026-08-17T21:49:35.588367+00:00
131.30.41.21.04.001,Omega,MARK,engine_median,7626.0,DERIVED,2026-08-13T12:05:36.604874+00:00
131.30.41.21.99.000,Omega,MARK,engine_median,5378.09,DERIVED,2026-08-13T12:05:36.604874+00:00
131.30.41.21.99.001,Omega,MARK,engine_median,10137.0,DERIVED,2026-08-13T12:05:36.604874+00:00
131.30.41.21.99.002,Omega,MARK,engine_median,10137.0,DERIVED,2026-08-13T12:05:36.604874+00:00
131.30.41.21.99.003,Omega,MARK,engine_median,9765.0,DERIVED,2026-08-13T12:05:36.604874+00:00
131.33.41.21.04.001,Omega,MARK,engine_median,7440.0,DERIVED,2026-08-13T12:05:36.604874+00:00
131.33.41.21.06.001,Omega,MARK,engine_median,7440.0,DERIVED,2026-08-13T12:05:36.604874+00:00
131.50.29.20.55.001,Omega,MARK,engine_median,30318.0,DERIVED,2026-08-13T12:05:36.604874+00:00
131.50.29.20.55.002,Omega,MARK,engine_median,30318.0,DERIVED,2026-08-13T12:05:36.604874+00:00
131.50.29.20.58.001,Omega,MARK,engine_median,29760.0,DERIVED,2026-08-13T12:05:36.604874+00:00
131.50.39.20.02.001,Omega,MARK,engine_median,43989.0,DERIVED,2026-08-13T12:05:36.604874+00:00
131.50.41.21.99.001,Omega,MARK,engine_median,47151.0,DERIVED,2026-08-13T12:05:36.604874+00:00
131.50.41.21.99.002,Omega,MARK,engine_median,47151.0,DERIVED,2026-08-13T12:05:36.604874+00:00
131.53.29.20.52.001,Omega,MARK,engine_median,16368.0,DERIVED,2026-08-13T12:05:36.604874+00:00
131.53.29.20.52.002,Omega,MARK,engine_median,16368.0,DERIVED,2026-08-13T12:05:36.604874+00:00
131.53.29.20.53.001,Omega,MARK,engine_median,18600.0,DERIVED,2026-08-13T12:05:36.604874+00:00
131.53.29.20.53.003,Omega,MARK,engine_median,18600.0,DERIVED,2026-08-13T12:05:36.604874+00:00
131.53.29.20.55.001,Omega,MARK,engine_median,16833.0,DERIVED,2026-08-13T12:05:36.604874+00:00
131.53.29.20.55.002,Omega,MARK,engine_median,16833.0,DERIVED,2026-08-13T12:05:36.604874+00:00
131.53.29.20.99.001,Omega,MARK,engine_median,20925.0,DERIVED,2026-08-13T12:05:36.604874+00:00
131.53.29.20.99.002,Omega,MARK,engine_median,20925.0,DERIVED,2026-08-13T12:05:36.604874+00:00
131.53.29.20.99.003,Omega,MARK,engine_median,20925.0,DERIVED,2026-08-13T12:05:36.604874+00:00
131.53.39.20.03.001,Omega,MARK,engine_median,25575.0,DERIVED,2026-08-13T12:05:36.604874+00:00
131.55.25.60.52.001,Omega,MARK,engine_median,26412.0,DERIVED,2026-08-13T12:05:36.604874+00:00
131.55.25.60.55.001,Omega,MARK,engine_median,25110.0,DERIVED,2026-08-13T12:05:36.604874+00:00
131.55.25.60.55.002,Omega,MARK,engine_median,25110.0,DERIVED,2026-08-13T12:05:36.604874+00:00
131.55.25.60.55.003,Omega,MARK,engine_median,28365.0,DERIVED,2026-08-13T12:05:36.604874+00:00
131.55.25.60.99.002,Omega,MARK,engine_median,26505.0,DERIVED,2026-08-13T12:05:36.604874+00:00
131.55.25.60.99.003,Omega,MARK,engine_median,28086.0,DERIVED,2026-08-13T12:05:36.604874+00:00
131.55.28.60.55.001,Omega,MARK,engine_median,27621.0,DERIVED,2026-08-13T12:05:36.604874+00:00
131.55.28.60.55.003,Omega,MARK,engine_median,36735.0,DERIVED,2026-08-13T12:05:36.604874+00:00
131.55.28.60.55.007,Omega,MARK,engine_median,36735.0,DERIVED,2026-08-13T12:05:36.604874+00:00
131.55.28.60.58.001,Omega,MARK,engine_median,30597.0,DERIVED,2026-08-13T12:05:36.604874+00:00
131.55.28.60.60.001,Omega,MARK,engine_median,28923.0,DERIVED,2026-08-13T12:05:36.604874+00:00
131.55.28.60.99.005,Omega,MARK,engine_median,30597.0,DERIVED,2026-08-13T12:05:36.604874+00:00
131.55.28.60.99.006,Omega,MARK,engine_median,28923.0,DERIVED,2026-08-13T12:05:36.604874+00:00
131.55.29.20.53.003,Omega,MARK,engine_median,35712.0,DERIVED,2026-08-13T12:05:36.604874+00:00
131.55.29.20.55.001,Omega,MARK,engine_median,36177.0,DERIVED,2026-08-13T12:05:36.604874+00:00
131.55.29.20.55.002,Omega,MARK,engine_median,34131.0,DERIVED,2026-08-13T12:05:36.604874+00:00
131.55.29.20.55.003,Omega,MARK,engine_median,38316.0,DERIVED,2026-08-13T12:05:36.604874+00:00
131.55.29.20.60.001,Omega,MARK,engine_median,37944.0,DERIVED,2026-08-13T12:05:36.604874+00:00
131.55.29.20.99.005,Omega,MARK,engine_median,35340.0,DERIVED,2026-08-13T12:05:36.604874+00:00
131.55.29.20.99.006,Omega,MARK,engine_median,37479.0,DERIVED,2026-08-13T12:05:36.604874+00:00
131.55.34.20.61.001,Omega,MARK,engine_median,44175.0,DERIVED,2026-08-13T12:05:36.604874+00:00
131.58.29.20.52.001,Omega,MARK,engine_median,20274.0,DERIVED,2026-08-13T12:05:36.604874+00:00
131.58.29.20.52.002,Omega,MARK,engine_median,21483.0,DERIVED,2026-08-13T12:05:36.604874+00:00
131.58.29.20.53.001,Omega,MARK,engine_median,22413.0,DERIVED,2026-08-13T12:05:36.604874+00:00
131.58.29.20.53.003,Omega,MARK,engine_median,23808.0,DERIVED,2026-08-13T12:05:36.604874+00:00
131.58.29.20.55.002,Omega,MARK,engine_median,22041.0,DERIVED,2026-08-13T12:05:36.604874+00:00
131.58.29.20.55.003,Omega,MARK,engine_median,23529.0,DERIVED,2026-08-13T12:05:36.604874+00:00
131.58.29.20.58.001,Omega,MARK,engine_median,20274.0,DERIVED,2026-08-13T12:05:36.604874+00:00
131.58.29.20.60.002,Omega,MARK,engine_median,23157.0,DERIVED,2026-08-13T12:05:36.604874+00:00
131.58.29.20.99.004,Omega,MARK,engine_median,24738.0,DERIVED,2026-08-13T12:05:36.604874+00:00
131.58.29.20.99.005,Omega,MARK,engine_median,24738.0,DERIVED,2026-08-13T12:05:36.604874+00:00
131.58.29.20.99.006,Omega,MARK,engine_median,24738.0,DERIVED,2026-08-13T12:05:36.604874+00:00
131.58.34.20.61.001,Omega,MARK,engine_median,29946.0,DERIVED,2026-08-13T12:05:36.604874+00:00
1312.30,Omega,MARK,manual_check,1438.0,VERIFIED,2026-08-09
134300,Rolex,MARK,manual_check,10206.0,VERIFIED,2026-08-09
134300,Rolex,MSRP,watchbase,7050.0,VERIFIED,2026-08-13T12:05:36+00:00
134300,Rolex,MARK,engine_median,9830.96,DERIVED,2026-08-13T12:05:36.604874+00:00
134303,Rolex,MSRP,watchbase,9650.0,VERIFIED,2026-08-13T12:05:36+00:00
134303,Rolex,MARK,engine_median,15198.94,DERIVED,2026-08-13T12:05:36.604874+00:00
135836,Rolex,MARK,engine_median,16338.19,DERIVED,2026-08-13T12:05:36.604874+00:00
135837,Rolex,MARK,engine_median,17286.15,DERIVED,2026-08-13T12:05:36.604874+00:00
136.029,A. Lange & Söhne,MARK,manual_check,41926.0,VERIFIED,2026-08-09
136.029,A. Lange & Sohne,MSRP,watchbase,63000.0,VERIFIED,2026-08-13T12:05:36+00:00
136.029,,MARK,engine_median,38581.93,DERIVED,2026-08-13T12:05:36.604874+00:00
136.032,A. Lange & Söhne,MARK,manual_check,41700.0,VERIFIED,2026-08-09
136660,Rolex,MARK,manual_check,14299.0,VERIFIED,2026-08-09
136660,Rolex,MSRP,watchbase,15880.0,VERIFIED,2026-08-13T12:05:36+00:00
136660,Rolex,MARK,engine_median,12255.9,DERIVED,2026-08-13T12:05:36.604874+00:00
136668LB,Rolex,MARK,manual_check,58435.0,VERIFIED,2026-08-09
136668LB,Rolex,MARK,engine_median,59985.0,DERIVED,2026-08-15T21:41:53.174601+00:00
1368430,Jaeger-LeCoultre,MARK,manual_check,8844.0,VERIFIED,2026-08-09
1368471,Jaeger-LeCoultre,MARK,manual_check,7728.0,VERIFIED,2026-08-09
1368480,Jaeger-LeCoultre,MARK,manual_check,8206.0,VERIFIED,2026-08-09
137558,Rolex,MARK,engine_median,17732.24,DERIVED,2026-08-13T12:05:36.604874+00:00
139.025,A. Lange & Söhne,MARK,manual_check,35575.0,VERIFIED,2026-08-09
139.032,A. Lange & Söhne,MARK,manual_check,33168.0,VERIFIED,2026-08-09
140.029,A. Lange & Söhne,MARK,manual_check,59620.0,VERIFIED,2026-08-09
140.029,,MARK,engine_median,60211.2,DERIVED,2026-08-13T12:05:36.604874+00:00
140.032,A. Lange & Söhne,MARK,manual_check,57767.0,VERIFIED,2026-08-09
140.13.39.21.01.001,Omega,MARK,engine_median,11346.0,DERIVED,2026-08-13T12:05:36.604874+00:00
140.13.39.21.02.001,Omega,MARK,engine_median,10137.0,DERIVED,2026-08-13T12:05:36.604874+00:00
140.13.39.21.03.001,Omega,MARK,engine_median,10137.0,DERIVED,2026-08-13T12:05:36.604874+00:00
140.13.39.21.10.001,Omega,MARK,engine_median,10137.0,DERIVED,2026-08-13T12:05:36.604874+00:00
140.50.39.21.99.001,Omega,MARK,engine_median,54963.0,DERIVED,2026-08-13T12:05:36.604874+00:00
140.53.39.21.99.001,Omega,MARK,engine_median,35247.0,DERIVED,2026-08-13T12:05:36.604874+00:00
140.53.39.21.99.002,Omega,MARK,engine_median,35247.0,DERIVED,2026-08-13T12:05:36.604874+00:00
140.53.39.21.99.004,Omega,MARK,engine_median,40920.0,DERIVED,2026-08-13T12:05:36.604874+00:00
140.93.39.21.99.001,Omega,MARK,engine_median,53754.0,DERIVED,2026-08-13T12:05:36.604874+00:00
14000,Rolex,MARK,engine_median,4772.26,DERIVED,2026-08-13T12:05:36.604874+00:00
14000,Rolex,MARK,engine_median,5303.69,DERIVED,2026-08-13T22:07:35.994213+00:00
14000,Rolex,MARK,engine_median,4772.26,DERIVED,2026-08-14T21:47:56.498486+00:00
14000,Rolex,MARK,engine_median,5303.69,DERIVED,2026-08-15T21:41:53.174601+00:00
14000,Rolex,MARK,engine_median,4772.26,DERIVED,2026-08-16T21:41:16.998484+00:00
14000,Rolex,MARK,engine_median,5303.69,DERIVED,2026-08-18T21:46:17.264769+00:00
14000,Rolex,MARK,engine_median,4772.26,DERIVED,2026-08-20T04:37:33.725646+00:00
14000,Rolex,MARK,engine_median,5303.69,DERIVED,2026-08-20T21:48:50.588638+00:00
14000,Rolex,MARK,engine_median,4772.26,DERIVED,2026-08-21T21:45:15.687735+00:00
14010,Rolex,MARK,engine_median,4559.69,DERIVED,2026-08-19T21:47:49.086150+00:00
14060,Rolex,MARK,manual_check,9525.0,VERIFIED,2026-08-09
14060,Rolex,MARK,engine_median,8184.05,DERIVED,2026-08-13T12:05:36.604874+00:00
14060,Rolex,MARK,engine_median,9570.58,DERIVED,2026-08-16T10:01:25.617322+00:00
14060,Rolex,MARK,engine_median,8184.05,DERIVED,2026-08-16T21:41:16.998484+00:00
14060M,Rolex,MARK,manual_check,9505.0,VERIFIED,2026-08-09
14060M,,MARK,engine_median,9825.79,DERIVED,2026-08-16T21:41:16.998484+00:00
14238CH,,MARK,engine_median,15836.66,DERIVED,2026-08-13T12:05:36.604874+00:00
14270,Rolex,MARK,manual_check,5700.0,EST,2026
14270,Rolex,MARK,engine_median,7891.76,DERIVED,2026-08-13T12:05:36.604874+00:00
14270,Rolex,MARK,engine_median,8184.05,DERIVED,2026-08-14T21:47:56.498486+00:00
14270,Rolex,MARK,engine_median,7891.76,DERIVED,2026-08-15T21:41:53.174601+00:00
143117,Rolex,MARK,engine_median,13717.4,DERIVED,2026-08-13T12:05:36.604874+00:00
143118,Rolex,MARK,engine_median,13940.44,DERIVED,2026-08-13T12:05:36.604874+00:00
145.029,A. Lange & Söhne,MARK,manual_check,93343.0,VERIFIED,2026-08-09
145.032,,MARK,engine_median,125550.0,DERIVED,2026-08-13T12:05:36.604874+00:00
145927,Rolex,MARK,engine_median,13828.92,DERIVED,2026-08-13T12:05:36.604874+00:00
1465.71,Omega,MARK,manual_check,1315.0,VERIFIED,2026-08-09
14790ST,,MARK,engine_median,25429.0,DERIVED,2026-08-13T12:05:36.604874+00:00
148.038,A. Lange & Söhne,MARK,manual_check,85651.0,VERIFIED,2026-08-09
15.30.40.20.01.001,Omega,MARK,manual_check,4302.0,VERIFIED,2026-08-09
15.30.40.20.03.001,Omega,MARK,manual_check,4246.0,VERIFIED,2026-08-09
15.30.40.20.03.002,Omega,MARK,manual_check,5714.0,VERIFIED,2026-08-09
15.30.44.21.01.001,Omega,MARK,manual_check,4285.0,VERIFIED,2026-08-09
15.30.44.21.01.002,Omega,MARK,manual_check,4550.0,VERIFIED,2026-08-09
15.30.44.21.03.001,Omega,MARK,manual_check,4102.0,VERIFIED,2026-08-09
15.30.44.21.04.001,Omega,MARK,manual_check,4731.0,VERIFIED,2026-08-09
15.30.44.22.01.001,Omega,MARK,manual_check,5145.0,VERIFIED,2026-08-09
15.30.46.51.01.001,Omega,MARK,manual_check,5261.0,VERIFIED,2026-08-09
15.30.46.51.03.001,Omega,MARK,manual_check,5526.0,VERIFIED,2026-08-09
15.32.44.21.01.001,Omega,MARK,manual_check,4533.0,VERIFIED,2026-08-09
1500,Rolex,MARK,manual_check,3800.0,EST,2026-07
1500,,MARK,engine_median,4676.6,DERIVED,2026-08-13T12:05:36.604874+00:00
1500,Rolex,MARK,engine_median,4506.54,DERIVED,2026-08-15T21:41:53.174601+00:00
1500,Rolex,MARK,engine_median,4676.6,DERIVED,2026-08-16T06:20:51.808998+00:00
1500,Rolex,MARK,engine_median,4506.54,DERIVED,2026-08-16T10:01:25.617322+00:00
15000,Rolex,MARK,engine_median,5025.09,DERIVED,2026-08-13T12:05:36.604874+00:00
15018,,MARK,engine_median,7333.76,DERIVED,2026-08-19T21:47:49.086150+00:00
1502.30,Omega,MARK,manual_check,1320.0,VERIFIED,2026-08-09
1502.40,Omega,MARK,manual_check,1575.0,VERIFIED,2026-08-09
1505,Rolex,MARK,engine_median,6802.33,DERIVED,2026-08-13T12:05:36.604874+00:00
15053,Rolex,MARK,engine_median,4570.88,DERIVED,2026-08-21T21:45:15.687735+00:00
15116PT,,MARK,engine_median,10054.69,DERIVED,2026-08-13T12:05:36.604874+00:00
1512.30,Omega,MARK,manual_check,1109.0,VERIFIED,2026-08-09
1512.40,Omega,MARK,manual_check,1134.0,VERIFIED,2026-08-09
15182OR.ZZ.A102CR.01,AP,MARK,engine_median,9072.6,DERIVED,2026-08-13T12:05:36.604874+00:00
15200BLTA,Rolex,MARK,engine_median,4844.66,DERIVED,2026-08-13T22:07:35.994213+00:00
15210,,MARK,engine_median,4296.13,DERIVED,2026-08-16T06:20:51.808998+00:00
15210BC,Audemars Piguet,MARK,manual_check,19327.0,VERIFIED,2026-08-09
15210BC,Audemars Piguet,MSRP,watchbase,34400.0,VERIFIED,2026-08-13T12:05:36+00:00
15210BC,,MARK,engine_median,14731.28,DERIVED,2026-08-13T12:05:36.604874+00:00
15210BC,,MARK,engine_median,29696.4,DERIVED,2026-08-15T21:41:53.174601+00:00
15210CR,Audemars Piguet,MARK,manual_check,17938.0,VERIFIED,2026-08-09
15210CR,AP,MARK,engine_median,20925.0,DERIVED,2026-08-13T12:05:36.604874+00:00
15210OR,Audemars Piguet,MARK,manual_check,20091.0,VERIFIED,2026-08-09
15210OR,AP,MARK,engine_median,19583.25,DERIVED,2026-08-13T12:05:36.604874+00:00
15210OR.OO.A056KB.01,Audemars Piguet,MSRP,watchbase,38780.0,VERIFIED,2026-08-13T12:05:36+00:00
15210QT,Audemars Piguet,MARK,manual_check,21509.0,VERIFIED,2026-08-09
15210ST,Audemars Piguet,MARK,manual_check,18006.0,VERIFIED,2026-08-09
15210ST,AP,MARK,engine_median,18135.0,DERIVED,2026-08-13T12:05:36.604874+00:00
15210WHTA,Rolex,MARK,engine_median,4825.4,DERIVED,2026-08-13T12:05:36.604874+00:00
15212NB,Audemars Piguet,MARK,manual_check,60668.0,VERIFIED,2026-08-09
15300ST,,MARK,engine_median,38601.34,DERIVED,2026-08-14T21:47:56.498486+00:00
15300ST.OO.1220ST.01,AP,MARK,engine_median,33583.5,DERIVED,2026-08-17T21:49:35.588367+00:00
15335OR.OO.A092CR.01,AP,MARK,engine_median,14668.51,DERIVED,2026-08-14T21:47:56.498486+00:00
15400OR,,MARK,engine_median,64887.8,DERIVED,2026-08-19T21:47:49.086150+00:00
15400ST,,MARK,engine_median,33203.85,DERIVED,2026-08-13T12:05:36.604874+00:00
15407OR,Audemars Piguet,MARK,manual_check,207555.0,VERIFIED,2026-08-09
15407ST,Audemars Piguet,MARK,manual_check,146144.0,VERIFIED,2026-08-09
15416CE,Audemars Piguet,MARK,manual_check,245912.0,VERIFIED,2026-08-09
15416CE,,MARK,engine_median,263191.0,DERIVED,2026-08-15T21:41:53.174601+00:00
15450ST,,MARK,engine_median,42381.67,DERIVED,2026-08-13T12:05:36.604874+00:00
15450ST,,MARK,engine_median,35406.38,DERIVED,2026-08-18T21:46:17.264769+00:00
15450ST.OO.1256.ST.02,AP,MARK,engine_median,36828.21,DERIVED,2026-08-13T12:05:36.604874+00:00
15450ST.OO.1256ST.01,AP,MARK,engine_median,32736.19,DERIVED,2026-08-13T12:05:36.604874+00:00
15451ST.ZZ.1256ST.02,AP,MARK,engine_median,40920.23,DERIVED,2026-08-13T12:05:36.604874+00:00
15467OR,Audemars Piguet,MARK,manual_check,118643.0,VERIFIED,2026-08-09
15500OR,Audemars Piguet,MARK,manual_check,51790.0,VERIFIED,2026-08-09
15500ST,Audemars Piguet,MARK,manual_check,41258.0,VERIFIED,2026-08-09
15500ST,AP,MARK,engine_median,35659.06,DERIVED,2026-08-13T12:05:36.604874+00:00
15503BC,,MARK,engine_median,68395.25,DERIVED,2026-08-13T12:05:36.604874+00:00
15505,Rolex,MARK,engine_median,6603.12,DERIVED,2026-08-13T12:05:36.604874+00:00
15510BC,Audemars Piguet,MARK,manual_check,97450.0,VERIFIED,2026-08-09
15510BC,,MARK,engine_median,90024.51,DERIVED,2026-08-13T12:05:36.604874+00:00
15510BC,,MARK,engine_median,87730.33,DERIVED,2026-08-14T21:47:56.498486+00:00
15510BC,,MARK,engine_median,90024.51,DERIVED,2026-08-16T21:41:16.998484+00:00
15510BC,,MARK,engine_median,87730.33,DERIVED,2026-08-17T21:49:35.588367+00:00
15510OR,Audemars Piguet,MARK,manual_check,64860.0,VERIFIED,2026-08-09
15510OR,Audemars Piguet,MSRP,watchbase,58400.0,VERIFIED,2026-08-13T12:05:36+00:00
15510OR,AP,MARK,engine_median,81840.47,DERIVED,2026-08-13T12:05:36.604874+00:00
15510ST,Audemars Piguet,MARK,manual_check,46408.0,VERIFIED,2026-08-09
15510ST,Audemars Piguet,MSRP,watchbase,31900.0,VERIFIED,2026-08-13T12:05:36+00:00
15510ST,,MARK,engine_median,39049.59,DERIVED,2026-08-13T12:05:36.604874+00:00
15550BA,Audemars Piguet,MARK,manual_check,93956.0,VERIFIED,2026-08-09
15550SR,Audemars Piguet,MARK,manual_check,44147.0,VERIFIED,2026-08-09
15550ST,Audemars Piguet,MARK,manual_check,45215.0,VERIFIED,2026-08-09
15550ST,AP,MARK,engine_median,41504.81,DERIVED,2026-08-13T12:05:36.604874+00:00
15550ST,AP,MARK,engine_median,40803.32,DERIVED,2026-08-13T22:07:35.994213+00:00
15550ST,AP,MARK,engine_median,41504.81,DERIVED,2026-08-16T21:41:16.998484+00:00
15550ST,AP,MARK,engine_median,40803.32,DERIVED,2026-08-19T21:47:49.086150+00:00
15550ST,AP,MARK,engine_median,41504.81,DERIVED,2026-08-20T04:37:33.725646+00:00
15550ST,AP,MARK,engine_median,40803.32,DERIVED,2026-08-20T19:55:02.750956+00:00
15550ST,AP,MARK,engine_median,41504.81,DERIVED,2026-08-21T21:45:15.687735+00:00
15551BC.ZZ.D405CR.01,AP,MARK,engine_median,80854.55,DERIVED,2026-08-13T12:05:36.604874+00:00
15551OR,Audemars Piguet,MARK,manual_check,89490.0,VERIFIED,2026-08-09
15551ST,Audemars Piguet,MARK,manual_check,51200.0,VERIFIED,2026-08-09
15600TI,Audemars Piguet,MARK,manual_check,43488.0,VERIFIED,2026-08-09
15605SK,Audemars Piguet,MARK,manual_check,31431.0,VERIFIED,2026-08-09
1561.61,Omega,MARK,manual_check,1020.0,VERIFIED,2026-08-09
1561.71,Omega,MARK,manual_check,1169.0,VERIFIED,2026-08-09
1562.30,Omega,MARK,manual_check,1045.0,VERIFIED,2026-08-09
15633,Tudor,MARK,engine_median,1169.15,DERIVED,2026-08-13T12:05:36.604874+00:00
15707CE.OO.A002CA.01,AP,MARK,engine_median,29295.0,DERIVED,2026-08-13T12:05:36.604874+00:00
1572.30,Omega,MARK,manual_check,1003.0,VERIFIED,2026-08-09
15720CN,Audemars Piguet,MARK,manual_check,35229.0,VERIFIED,2026-08-09
15720CN,AP,MARK,engine_median,43088.13,DERIVED,2026-08-13T12:05:36.604874+00:00
15720CN.OO.A002CA.02,Audemars Piguet,MSRP,watchbase,65700.0,VERIFIED,2026-08-13T12:05:36+00:00
15720ST,Audemars Piguet,MARK,manual_check,25094.0,VERIFIED,2026-08-09
16.3200.360003.C906,Zenith,MSRP,watchbase,13400.0,VERIFIED,2026-08-13T12:05:36+00:00
1600,Rolex,MARK,engine_median,4772.26,DERIVED,2026-08-13T12:05:36.604874+00:00
1600,Rolex,MARK,engine_median,7865.19,DERIVED,2026-08-15T21:41:53.174601+00:00
1600,Rolex,MARK,engine_median,4772.26,DERIVED,2026-08-16T21:41:16.998484+00:00
1600,Rolex,MARK,engine_median,7865.19,DERIVED,2026-08-17T21:49:35.588367+00:00
1600,Rolex,MARK,engine_median,4772.26,DERIVED,2026-08-18T21:46:17.264769+00:00
1600,Rolex,MARK,engine_median,7865.19,DERIVED,2026-08-20T19:55:02.750956+00:00
1601,Rolex,MARK,manual_check,4946.0,VERIFIED,2026-07
1601,Rolex,MARK,engine_median,7333.76,DERIVED,2026-08-13T12:05:36.604874+00:00
16013,Rolex,MARK,engine_median,5819.69,DERIVED,2026-08-13T12:05:36.604874+00:00
16013,Rolex,MARK,engine_median,5584.67,DERIVED,2026-08-21T21:45:15.687735+00:00
16014,Rolex,MARK,manual_check,5701.0,VERIFIED,2026-05
16014,Rolex,MARK,engine_median,7599.48,DERIVED,2026-08-13T12:05:36.604874+00:00
16014,Rolex,MARK,engine_median,6274.05,DERIVED,2026-08-14T21:47:56.498486+00:00
16018,,MARK,engine_median,11574.58,DERIVED,2026-08-13T12:05:36.604874+00:00
1603,Rolex,MARK,manual_check,4840.0,EST,2026-07
1603,Rolex,MARK,engine_median,7333.76,DERIVED,2026-08-13T12:05:36.604874+00:00
16030,Rolex,MARK,engine_median,6603.12,DERIVED,2026-08-13T12:05:36.604874+00:00
1607,,MARK,engine_median,11591.04,DERIVED,2026-08-15T21:41:53.174601+00:00
16200,Rolex,MARK,manual_check,5950.0,EST,2026-07
16200,Rolex,MARK,engine_median,5436.55,DERIVED,2026-08-13T12:05:36.604874+00:00
16200,Rolex,MARK,engine_median,4968.89,DERIVED,2026-08-20T04:37:33.725646+00:00
16200,Rolex,MARK,engine_median,5436.55,DERIVED,2026-08-20T21:48:50.588638+00:00
16200,Rolex,MARK,engine_median,4968.89,DERIVED,2026-08-21T21:45:15.687735+00:00
16202BA,Audemars Piguet,MARK,manual_check,125941.0,VERIFIED,2026-08-09
16202BC,Audemars Piguet,MARK,manual_check,107943.0,VERIFIED,2026-08-09
16202OR,Audemars Piguet,MARK,manual_check,116555.0,VERIFIED,2026-08-09
16202PT,AP,MARK,engine_median,163680.94,DERIVED,2026-08-13T12:05:36.604874+00:00
16202ST,Audemars Piguet,MARK,manual_check,79513.0,VERIFIED,2026-08-09
16203,,MARK,engine_median,8396.63,DERIVED,2026-08-13T12:05:36.604874+00:00
16220,Rolex,MARK,manual_check,5880.0,EST,2026-07
16220,Rolex,MARK,engine_median,6897.99,DERIVED,2026-08-13T12:05:36.604874+00:00
16220,Rolex,MARK,engine_median,6802.33,DERIVED,2026-08-13T22:07:35.994213+00:00
16220,Rolex,MARK,engine_median,6897.99,DERIVED,2026-08-14T21:47:56.498486+00:00
16233,Rolex,MARK,engine_median,5495.01,DERIVED,2026-08-13T12:05:36.604874+00:00
16233,Rolex,MARK,engine_median,5553.46,DERIVED,2026-08-16T06:20:51.808998+00:00
16233,Rolex,MARK,engine_median,5611.92,DERIVED,2026-08-19T21:47:49.086150+00:00
16233,Rolex,MARK,engine_median,5962.67,DERIVED,2026-08-21T21:45:15.687735+00:00
16233CHB,,MARK,engine_median,7014.9,DERIVED,2026-08-13T12:05:36.604874+00:00
16233CHPC,,MARK,engine_median,6961.76,DERIVED,2026-08-19T21:47:49.086150+00:00
16233G,,MARK,engine_median,7865.19,DERIVED,2026-08-13T12:05:36.604874+00:00
16233G,,MARK,engine_median,7869.15,DERIVED,2026-08-15T21:41:53.174601+00:00
16233G,,MARK,engine_median,7865.19,DERIVED,2026-08-21T21:45:15.687735+00:00
16233GCHHC,,MARK,engine_median,7546.33,DERIVED,2026-08-13T12:05:36.604874+00:00
16233GCHHC,,MARK,engine_median,7588.85,DERIVED,2026-08-13T22:07:35.994213+00:00
16233NG,,MARK,engine_median,9937.78,DERIVED,2026-08-13T12:05:36.604874+00:00
16233NRPK,,MARK,engine_median,7174.33,DERIVED,2026-08-13T12:05:36.604874+00:00
16234,Rolex,MARK,engine_median,6802.33,DERIVED,2026-08-13T12:05:36.604874+00:00
16234,Rolex,MARK,engine_median,6897.99,DERIVED,2026-08-14T21:47:56.498486+00:00
16234,Rolex,MARK,engine_median,6802.33,DERIVED,2026-08-19T21:47:49.086150+00:00
16234,Rolex,MARK,engine_median,6696.04,DERIVED,2026-08-21T21:45:15.687735+00:00
16234BKB,,MARK,engine_median,7386.9,DERIVED,2026-08-13T12:05:36.604874+00:00
16234GBK,,MARK,engine_median,7392.21,DERIVED,2026-08-13T12:05:36.604874+00:00
16234GBL,,MARK,engine_median,7546.33,DERIVED,2026-08-13T12:05:36.604874+00:00
16234SVR,,MARK,engine_median,7381.59,DERIVED,2026-08-13T12:05:36.604874+00:00
16238,,MARK,engine_median,21044.69,DERIVED,2026-08-13T12:05:36.604874+00:00
1625,Rolex,MARK,engine_median,7337.44,DERIVED,2026-08-16T10:01:25.617322+00:00
16250,Rolex,MARK,engine_median,7554.41,DERIVED,2026-08-13T12:05:36.604874+00:00
16258,Rolex,MARK,engine_median,33463.24,DERIVED,2026-08-13T12:05:36.604874+00:00
16264,Rolex,MARK,engine_median,5436.55,DERIVED,2026-08-13T12:05:36.604874+00:00
16264,Rolex,MARK,engine_median,5977.31,DERIVED,2026-08-21T21:45:15.687735+00:00
16518WHA,Rolex,MARK,engine_median,26465.3,DERIVED,2026-08-13T12:05:36.604874+00:00
16518WHA,Rolex,MARK,engine_median,26996.73,DERIVED,2026-08-20T19:55:02.750956+00:00
16518WHA,Rolex,MARK,engine_median,26465.3,DERIVED,2026-08-21T21:45:15.687735+00:00
16519,,MARK,engine_median,29111.83,DERIVED,2026-08-13T12:05:36.604874+00:00
16519NA,Rolex,MARK,engine_median,33463.24,DERIVED,2026-08-13T12:05:36.604874+00:00
16520,Rolex,MARK,manual_check,28092.0,VERIFIED,2026
16520,Rolex,MARK,engine_median,28059.59,DERIVED,2026-08-13T12:05:36.604874+00:00
16523,Rolex,MARK,engine_median,18004.9,DERIVED,2026-08-13T12:05:36.604874+00:00
16523,Rolex,MARK,engine_median,16368.09,DERIVED,2026-08-13T12:05:53.872244+00:00
16523,Rolex,MARK,engine_median,18004.9,DERIVED,2026-08-15T21:42:06.738979+00:00
16523,Rolex,MARK,engine_median,16368.09,DERIVED,2026-08-16T06:20:51.808998+00:00
16523,Rolex,MARK,engine_median,16259.36,DERIVED,2026-08-20T19:55:05.809575+00:00
16523G,,MARK,engine_median,17829.53,DERIVED,2026-08-13T12:05:36.604874+00:00
16523G,,MARK,engine_median,18004.9,DERIVED,2026-08-17T21:49:35.588367+00:00
16523G,,MARK,engine_median,17829.53,DERIVED,2026-08-17T21:49:50.832444+00:00
16523G,,MARK,engine_median,18004.9,DERIVED,2026-08-20T19:55:02.750956+00:00
16523G,,MARK,engine_median,17829.53,DERIVED,2026-08-20T19:55:05.809575+00:00
16528,Rolex,MARK,engine_median,58457.48,DERIVED,2026-08-13T12:05:36.604874+00:00
16528G,,MARK,engine_median,37997.36,DERIVED,2026-08-13T12:05:36.604874+00:00
1655,,MARK,engine_median,21220.06,DERIVED,2026-08-13T12:05:36.604874+00:00
1655,,MARK,engine_median,28527.25,DERIVED,2026-08-18T21:46:17.264769+00:00
1655,,MARK,engine_median,21220.06,DERIVED,2026-08-19T21:47:49.086150+00:00
16550,Rolex,MARK,manual_check,21000.0,EST,2022
16550,Rolex,MARK,engine_median,11574.58,DERIVED,2026-08-13T12:05:36.604874+00:00
16550,Rolex,MARK,engine_median,9765.0,DERIVED,2026-08-14T21:47:56.498486+00:00
16550,Rolex,MARK,engine_median,11574.58,DERIVED,2026-08-16T10:01:25.617322+00:00
16550,Rolex,MARK,engine_median,9765.0,DERIVED,2026-08-17T21:49:35.588367+00:00
16550,Rolex,MARK,engine_median,11574.58,DERIVED,2026-08-18T21:46:17.264769+00:00
16570,Rolex,MARK,manual_check,8104.0,VERIFIED,2026-08-09
16570,Rolex,MARK,engine_median,7891.76,DERIVED,2026-08-13T12:05:36.604874+00:00
16600,Rolex,MARK,manual_check,9019.0,VERIFIED,2026-08-09
16600,Rolex,MARK,engine_median,8534.8,DERIVED,2026-08-13T12:05:36.604874+00:00
16600,Rolex,MARK,engine_median,8476.34,DERIVED,2026-08-14T21:47:56.498486+00:00
16610,Rolex,MARK,manual_check,9276.0,VERIFIED,2026-08-09
16610,Rolex,MARK,engine_median,9177.83,DERIVED,2026-08-13T12:05:36.604874+00:00
16610,Rolex,MARK,engine_median,9405.81,DERIVED,2026-08-13T22:07:35.994213+00:00
16610,Rolex,MARK,engine_median,9458.96,DERIVED,2026-08-16T06:20:51.808998+00:00
16610,Rolex,MARK,engine_median,9405.81,DERIVED,2026-08-18T21:46:17.264769+00:00
16610LV,Rolex,MARK,manual_check,13708.0,VERIFIED,2026-08-09
16610LV,Rolex,MARK,engine_median,13094.99,DERIVED,2026-08-13T12:05:36.604874+00:00
16613,Rolex,MARK,manual_check,10670.0,VERIFIED,2026-08-09
16613,Rolex,MARK,engine_median,10580.81,DERIVED,2026-08-13T12:05:36.604874+00:00
16613LB,Rolex,MARK,engine_median,9645.49,DERIVED,2026-08-13T12:05:36.604874+00:00
16613LB,Rolex,MARK,engine_median,11155.04,DERIVED,2026-08-16T10:01:25.617322+00:00
16613LB,Rolex,MARK,engine_median,9645.49,DERIVED,2026-08-16T21:41:16.998484+00:00
16613LB,Rolex,MARK,engine_median,11155.04,DERIVED,2026-08-20T19:55:02.750956+00:00
16618,Rolex,MARK,manual_check,27210.0,VERIFIED,2026-08-09
16618,,MARK,engine_median,28059.59,DERIVED,2026-08-13T12:05:36.604874+00:00
16618SGCH,Rolex,MARK,engine_median,32311.05,DERIVED,2026-08-13T12:05:36.604874+00:00
16622,Rolex,MARK,manual_check,8922.0,VERIFIED,2026-08-09
16622,Rolex,MARK,engine_median,9023.71,DERIVED,2026-08-13T12:05:36.604874+00:00
16622,Rolex,MARK,engine_median,9463.71,DERIVED,2026-08-15T21:41:53.174601+00:00
16622,Rolex,MARK,engine_median,9023.71,DERIVED,2026-08-16T10:01:25.617322+00:00
16622,Rolex,MARK,engine_median,9422.83,DERIVED,2026-08-18T21:46:17.264769+00:00
16623,Rolex,MARK,engine_median,11106.92,DERIVED,2026-08-13T12:05:36.604874+00:00
16623NC,Rolex,MARK,engine_median,14082.93,DERIVED,2026-08-13T12:05:36.604874+00:00
16628,,MARK,engine_median,22681.5,DERIVED,2026-08-13T12:05:36.604874+00:00
1665,,MARK,engine_median,12159.15,DERIVED,2026-08-13T12:05:36.604874+00:00
16660,Rolex,MARK,manual_check,14700.0,EST,2023
16660,Rolex,MARK,engine_median,15836.66,DERIVED,2026-08-13T12:05:36.604874+00:00
16700,Rolex,MARK,manual_check,12408.0,VERIFIED,2026-08-09
16700,Rolex,MARK,engine_median,12031.1,DERIVED,2026-08-13T12:05:36.604874+00:00
16700,Rolex,MARK,engine_median,10820.08,DERIVED,2026-08-16T06:20:51.808998+00:00
16700,Rolex,MARK,engine_median,11020.5,DERIVED,2026-08-20T19:55:02.750956+00:00
16710,Rolex,MARK,manual_check,13051.0,VERIFIED,2026-08-09
16710,Rolex,MARK,engine_median,11691.5,DERIVED,2026-08-13T12:05:36.604874+00:00
16710,Rolex,MARK,engine_median,11973.25,DERIVED,2026-08-19T21:47:49.086150+00:00
16710,Rolex,MARK,engine_median,11925.32,DERIVED,2026-08-20T04:37:33.725646+00:00
16710,Rolex,MARK,engine_median,11973.25,DERIVED,2026-08-20T19:55:02.750956+00:00
16710,Rolex,MARK,engine_median,11925.32,DERIVED,2026-08-21T21:45:15.687735+00:00
16713,Rolex,MARK,manual_check,11960.0,VERIFIED,2026-08-09
16713,Rolex,MARK,engine_median,8768.63,DERIVED,2026-08-13T12:05:36.604874+00:00
16713,Rolex,MARK,engine_median,12629.02,DERIVED,2026-08-13T22:07:35.994213+00:00
16713,Rolex,MARK,engine_median,8768.63,DERIVED,2026-08-14T21:47:56.498486+00:00
16713,Rolex,MARK,engine_median,12629.02,DERIVED,2026-08-15T21:41:53.174601+00:00
16713,Rolex,MARK,engine_median,8768.63,DERIVED,2026-08-16T21:41:16.998484+00:00
16713,Rolex,MARK,engine_median,12629.02,DERIVED,2026-08-19T21:47:49.086150+00:00
16713,Rolex,MARK,engine_median,8768.63,DERIVED,2026-08-20T04:37:33.725646+00:00
16713,Rolex,MARK,engine_median,12629.02,DERIVED,2026-08-20T21:48:50.588638+00:00
16713,Rolex,MARK,engine_median,8768.63,DERIVED,2026-08-21T21:45:15.687735+00:00
16713RG,,MARK,engine_median,14322.08,DERIVED,2026-08-13T12:05:36.604874+00:00
16713RGCH,Rolex,MARK,engine_median,15145.8,DERIVED,2026-08-13T12:05:36.604874+00:00
16718,,MARK,engine_median,36126.72,DERIVED,2026-08-13T12:05:36.604874+00:00
16718RG,,MARK,engine_median,35951.34,DERIVED,2026-08-13T12:05:36.604874+00:00
16718RG,Rolex,MARK,engine_median,40803.32,DERIVED,2026-08-20T04:37:33.725646+00:00
16718RG,Rolex,MARK,engine_median,35951.34,DERIVED,2026-08-20T19:55:02.750956+00:00
16718RG,Rolex,MARK,engine_median,40803.32,DERIVED,2026-08-21T21:45:15.687735+00:00
1675,Rolex,MARK,engine_median,19025.25,DERIVED,2026-08-13T12:05:36.604874+00:00
16750,Rolex,MARK,engine_median,13020.0,DERIVED,2026-08-13T12:05:36.604874+00:00
16750,Rolex,MARK,engine_median,13624.5,DERIVED,2026-08-19T21:47:49.086150+00:00
1675M,,MARK,engine_median,26539.7,DERIVED,2026-08-13T12:05:36.604874+00:00
16760,Rolex,MARK,engine_median,12031.1,DERIVED,2026-08-13T12:05:36.604874+00:00
1680,Rolex,MARK,engine_median,17420.33,DERIVED,2026-08-13T12:05:36.604874+00:00
16800,,MARK,engine_median,12116.64,DERIVED,2026-08-13T12:05:36.604874+00:00
16800,Rolex,MARK,engine_median,10090.5,DERIVED,2026-08-13T22:07:35.994213+00:00
16800,Rolex,MARK,engine_median,12116.64,DERIVED,2026-08-15T21:41:53.174601+00:00
16800,Rolex,MARK,engine_median,10090.5,DERIVED,2026-08-16T06:20:51.808998+00:00
16800,Rolex,MARK,engine_median,12116.64,DERIVED,2026-08-21T21:45:15.687735+00:00
168000,Rolex,MARK,engine_median,10520.22,DERIVED,2026-08-13T12:05:36.604874+00:00
16808,Rolex,MARK,engine_median,34957.57,DERIVED,2026-08-13T12:05:36.604874+00:00
16808,Rolex,MARK,engine_median,37120.49,DERIVED,2026-08-13T12:05:53.872244+00:00
16808,Rolex,MARK,engine_median,34957.57,DERIVED,2026-08-13T22:07:35.994213+00:00
168622,,MARK,engine_median,6547.24,DERIVED,2026-08-13T12:05:36.604874+00:00
169622,Rolex,MARK,engine_median,5483.95,DERIVED,2026-08-13T12:05:36.604874+00:00
169622,Rolex,MARK,engine_median,5492.27,DERIVED,2026-08-14T21:47:56.498486+00:00
169622,Rolex,MARK,engine_median,5483.95,DERIVED,2026-08-14T21:48:08.178665+00:00
169622,Rolex,MARK,engine_median,5492.27,DERIVED,2026-08-16T21:41:19.436645+00:00
169622,Rolex,MARK,engine_median,5483.95,DERIVED,2026-08-17T21:49:35.588367+00:00
17013,Rolex,MARK,engine_median,6313.41,DERIVED,2026-08-13T12:05:36.604874+00:00
171289,,MARK,dealer_crawl,13000.0,EST,2026-08-13T12:05:50+00:00
1750300,,MARK,engine_median,9002.46,DERIVED,2026-08-13T12:05:36.604874+00:00
176200,Rolex,MARK,engine_median,4092.03,DERIVED,2026-08-13T12:05:36.604874+00:00
176200,Rolex,MARK,engine_median,3975.11,DERIVED,2026-08-16T06:20:51.808998+00:00
176200,Rolex,MARK,engine_median,4092.03,DERIVED,2026-08-16T10:01:25.617322+00:00
176234,Rolex,MARK,manual_check,5112.0,VERIFIED,2026-08-09
177200,Rolex,MARK,engine_median,5085.8,DERIVED,2026-08-13T12:05:36.604874+00:00
177200SVP,Rolex,MARK,engine_median,4984.83,DERIVED,2026-08-13T12:05:36.604874+00:00
178158,Rolex,MARK,engine_median,38921.71,DERIVED,2026-08-13T12:05:36.604874+00:00
178240,Rolex,MARK,engine_median,6430.33,DERIVED,2026-08-13T12:05:36.604874+00:00
178240PKR,Rolex,MARK,engine_median,6270.89,DERIVED,2026-08-13T12:05:36.604874+00:00
178274NG,,MARK,engine_median,12977.56,DERIVED,2026-08-13T12:05:36.604874+00:00
178341,Rolex,MARK,engine_median,12267.58,DERIVED,2026-08-13T12:05:36.604874+00:00
178343,Rolex,MARK,engine_median,10594.74,DERIVED,2026-08-13T12:05:36.604874+00:00
178344,Rolex,MARK,engine_median,8953.38,DERIVED,2026-08-13T12:05:36.604874+00:00
178344,Rolex,MARK,engine_median,9200.69,DERIVED,2026-08-14T21:47:56.498486+00:00
178344,Rolex,MARK,engine_median,8953.38,DERIVED,2026-08-14T21:48:08.178665+00:00
178344,Rolex,MARK,engine_median,9200.69,DERIVED,2026-08-16T21:41:19.436645+00:00
178344,Rolex,MARK,engine_median,8953.38,DERIVED,2026-08-17T21:49:35.588367+00:00
178344NRWHS,Rolex,MARK,engine_median,10256.63,DERIVED,2026-08-13T12:05:36.604874+00:00
178384,Rolex,MARK,engine_median,13328.3,DERIVED,2026-08-13T12:05:36.604874+00:00
179138,Rolex,MARK,engine_median,26188.62,DERIVED,2026-08-13T12:05:36.604874+00:00
179168,Rolex,MARK,manual_check,12167.0,VERIFIED,2026-08-09
179171,Rolex,MARK,engine_median,8067.14,DERIVED,2026-08-13T12:05:36.604874+00:00
179171GPK,,MARK,engine_median,9502.0,DERIVED,2026-08-13T12:05:36.604874+00:00
179171GSVHC,Rolex,MARK,engine_median,9874.0,DERIVED,2026-08-13T12:05:36.604874+00:00
179173,Rolex,MARK,engine_median,6715.04,DERIVED,2026-08-13T12:05:36.604874+00:00
179173BR,Rolex,MARK,engine_median,9060.91,DERIVED,2026-08-13T12:05:36.604874+00:00
179173GLPS,,MARK,engine_median,12116.64,DERIVED,2026-08-13T12:05:36.604874+00:00
179173GMET,,MARK,engine_median,11585.21,DERIVED,2026-08-13T12:05:36.604874+00:00
179173NGS,Rolex,MARK,engine_median,9470.12,DERIVED,2026-08-13T12:05:36.604874+00:00
179173NR,Rolex,MARK,engine_median,8281.87,DERIVED,2026-08-13T12:05:36.604874+00:00
179173NR,Rolex,MARK,engine_median,8531.55,DERIVED,2026-08-14T21:47:56.498486+00:00
179173NR,Rolex,MARK,engine_median,8281.87,DERIVED,2026-08-14T21:48:08.178665+00:00
179173NR,Rolex,MARK,engine_median,8531.55,DERIVED,2026-08-16T21:41:19.436645+00:00
179173NR,Rolex,MARK,engine_median,8281.87,DERIVED,2026-08-17T21:49:35.588367+00:00
179174,Rolex,MARK,engine_median,6435.24,DERIVED,2026-08-13T12:05:36.604874+00:00
179174,Rolex,MARK,engine_median,6196.5,DERIVED,2026-08-16T06:20:51.808998+00:00
179174GBKC,Rolex,MARK,engine_median,7333.76,DERIVED,2026-08-13T12:05:36.604874+00:00
179174GSV,,MARK,engine_median,7167.31,DERIVED,2026-08-16T06:20:51.808998+00:00
179174NGBKS,,MARK,engine_median,8928.06,DERIVED,2026-08-13T12:05:36.604874+00:00
179174NR,Rolex,MARK,engine_median,7527.84,DERIVED,2026-08-13T12:05:36.604874+00:00
179175FG,,MARK,engine_median,20991.55,DERIVED,2026-08-13T12:05:36.604874+00:00
18.3100.360069.C920,Zenith,MSRP,watchbase,24800.0,VERIFIED,2026-08-13T12:05:36+00:00
180.032,A. Lange & Söhne,MARK,manual_check,136290.0,VERIFIED,2026-08-09
18028,,MARK,engine_median,13737.5,DERIVED,2026-08-13T12:05:36.604874+00:00
1803,,MARK,engine_median,13179.5,DERIVED,2026-08-13T12:05:36.604874+00:00
18038,Rolex,MARK,engine_median,18998.68,DERIVED,2026-08-13T12:05:36.604874+00:00
18038,Rolex,MARK,engine_median,20927.78,DERIVED,2026-08-13T22:07:35.994213+00:00
18038,Rolex,MARK,engine_median,18998.68,DERIVED,2026-08-15T21:41:53.174601+00:00
18038A,,MARK,engine_median,20167.83,DERIVED,2026-08-13T12:05:36.604874+00:00
18039,Rolex,MARK,engine_median,30225.0,DERIVED,2026-08-13T12:05:36.604874+00:00
18039A,,MARK,engine_median,22681.5,DERIVED,2026-08-13T12:05:36.604874+00:00
18078,,MARK,engine_median,18998.68,DERIVED,2026-08-13T12:05:36.604874+00:00
182.086,A. Lange & Söhne,MARK,manual_check,46254.0,VERIFIED,2026-08-09
18206,Rolex,MARK,engine_median,29813.32,DERIVED,2026-08-13T12:05:36.604874+00:00
18206,Rolex,MARK,engine_median,35340.0,DERIVED,2026-08-14T21:47:56.498486+00:00
18206,Rolex,MARK,engine_median,29813.32,DERIVED,2026-08-16T10:01:25.617322+00:00
18206,Rolex,MARK,engine_median,35340.0,DERIVED,2026-08-17T21:49:35.588367+00:00
18206,Rolex,MARK,engine_median,29813.32,DERIVED,2026-08-19T21:47:49.086150+00:00
18206,Rolex,MARK,engine_median,35340.0,DERIVED,2026-08-20T04:37:33.725646+00:00
18206,Rolex,MARK,engine_median,29813.32,DERIVED,2026-08-20T19:55:02.750956+00:00
18206,Rolex,MARK,engine_median,35340.0,DERIVED,2026-08-21T21:45:15.687735+00:00
18238,,MARK,engine_median,18998.68,DERIVED,2026-08-13T12:05:36.604874+00:00
18238A,,MARK,engine_median,20167.83,DERIVED,2026-08-13T12:05:36.604874+00:00
18238FG,,MARK,engine_median,36562.49,DERIVED,2026-08-13T12:05:36.604874+00:00
18238G,,MARK,engine_median,21629.27,DERIVED,2026-08-13T12:05:36.604874+00:00
18239,Rolex,MARK,engine_median,73337.57,DERIVED,2026-08-13T12:05:36.604874+00:00
18239,Rolex,MARK,engine_median,40455.0,DERIVED,2026-08-14T21:47:56.498486+00:00
18239,Rolex,MARK,engine_median,73337.57,DERIVED,2026-08-16T10:01:25.617322+00:00
18239,Rolex,MARK,engine_median,40455.0,DERIVED,2026-08-16T21:41:16.998484+00:00
18239,Rolex,MARK,engine_median,73337.57,DERIVED,2026-08-18T21:46:17.264769+00:00
18239,Rolex,MARK,engine_median,40455.0,DERIVED,2026-08-20T04:37:33.725646+00:00
18239,Rolex,MARK,engine_median,73337.57,DERIVED,2026-08-20T21:48:50.588638+00:00
18239,Rolex,MARK,engine_median,40455.0,DERIVED,2026-08-21T21:45:15.687735+00:00
18239A,,MARK,engine_median,18998.68,DERIVED,2026-08-13T12:05:36.604874+00:00
18248,,MARK,engine_median,19758.63,DERIVED,2026-08-13T12:05:36.604874+00:00
18248A,,MARK,engine_median,18589.48,DERIVED,2026-08-13T12:05:36.604874+00:00
18248A,,MARK,engine_median,18981.98,DERIVED,2026-08-17T21:49:35.588367+00:00
18249,Rolex,MARK,engine_median,57660.0,DERIVED,2026-08-19T21:47:49.086150+00:00
18348A,,MARK,engine_median,20460.12,DERIVED,2026-08-13T12:05:36.604874+00:00
18378,Rolex,MARK,engine_median,33945.0,DERIVED,2026-08-13T12:05:36.604874+00:00
18938,,MARK,engine_median,1461.33,DERIVED,2026-08-13T12:05:36.604874+00:00
18946AHC,Rolex,MARK,engine_median,44002.54,DERIVED,2026-08-13T12:05:36.604874+00:00
19002423261,Glashuette Original,MSRP,watchbase,12400.0,VERIFIED,2026-08-13T12:05:36+00:00
19018,Rolex,MARK,engine_median,22785.0,DERIVED,2026-08-13T12:05:36.604874+00:00
191.021,,MARK,engine_median,31274.75,DERIVED,2026-08-13T12:05:36.604874+00:00
191.028,A. Lange & Söhne,MARK,manual_check,40296.0,VERIFIED,2026-08-09
191.032,A. Lange & Söhne,MARK,manual_check,33249.0,VERIFIED,2026-08-09
191.039,A. Lange & Söhne,MARK,manual_check,29971.0,VERIFIED,2026-08-09
191919,,MARK,dealer_crawl,307.0,EST,2026-08-13T12:05:40+00:00
191919,,MARK,dealer_crawl,2854.0,EST,2026-08-13T12:05:41+00:00
191919,,MARK,dealer_crawl,1650.0,EST,2026-08-13T12:05:41+00:00
191919,,MARK,dealer_crawl,1361.0,EST,2026-08-13T12:05:41+00:00
191919,,MARK,dealer_crawl,145.0,EST,2026-08-13T12:05:41+00:00
191919,,MARK,dealer_crawl,237.0,EST,2026-08-13T12:05:41+00:00
191919,,MARK,dealer_crawl,1345.0,EST,2026-08-13T12:05:41+00:00
191919,,MARK,dealer_crawl,4992.0,EST,2026-08-13T12:05:42+00:00
191919,,MARK,dealer_crawl,2857.0,EST,2026-08-13T12:05:42+00:00
191919,,MARK,dealer_crawl,8072.0,EST,2026-08-13T12:05:42+00:00
191919,,MARK,dealer_crawl,5840.0,EST,2026-08-13T12:05:42+00:00
191919,,MARK,dealer_crawl,6504.0,EST,2026-08-13T12:05:42+00:00
191919,,MARK,dealer_crawl,13242.0,EST,2026-08-13T12:05:42+00:00
191919,,MARK,dealer_crawl,3205.0,EST,2026-08-13T12:05:42+00:00
191919,,MARK,dealer_crawl,4095.0,EST,2026-08-13T12:05:42+00:00
191919,,MARK,dealer_crawl,11715.0,EST,2026-08-13T12:05:42+00:00
191919,,MARK,dealer_crawl,21680.0,EST,2026-08-13T12:05:43+00:00
191919,,MARK,dealer_crawl,11856.0,EST,2026-08-13T12:05:43+00:00
191919,,MARK,dealer_crawl,282.0,EST,2026-08-13T12:05:43+00:00
191919,,MARK,dealer_crawl,369.0,EST,2026-08-13T12:05:44+00:00
191919,,MARK,dealer_crawl,349.0,EST,2026-08-13T12:05:44+00:00
191919,,MARK,dealer_crawl,3900.0,EST,2026-08-13T12:05:45+00:00
191919,,MARK,dealer_crawl,412.0,EST,2026-08-13T12:05:45+00:00
191919,,MARK,dealer_crawl,547.0,EST,2026-08-13T12:05:45+00:00
191919,,MARK,dealer_crawl,354.0,EST,2026-08-13T12:05:45+00:00
191919,,MARK,dealer_crawl,4000.0,EST,2026-08-13T12:05:45+00:00
191919,,MARK,dealer_crawl,6688.0,EST,2026-08-13T12:05:45+00:00
191919,,MARK,dealer_crawl,1900.0,EST,2026-08-13T12:05:46+00:00
191919,,MARK,dealer_crawl,3103.0,EST,2026-08-13T12:05:46+00:00
191919,,MARK,dealer_crawl,2079.0,EST,2026-08-13T12:05:46+00:00
191919,,MARK,dealer_crawl,1801.0,EST,2026-08-13T12:05:46+00:00
191919,,MARK,dealer_crawl,3239.0,EST,2026-08-13T12:05:46+00:00
191919,,MARK,dealer_crawl,5268.0,EST,2026-08-13T12:05:46+00:00
191919,,MARK,dealer_crawl,6239.0,EST,2026-08-13T12:05:46+00:00
191919,,MARK,dealer_crawl,1714.0,EST,2026-08-13T12:05:46+00:00
191919,,MARK,dealer_crawl,4900.0,EST,2026-08-13T12:05:46+00:00
191919,,MARK,dealer_crawl,2603.0,EST,2026-08-13T12:05:46+00:00
191919,,MARK,dealer_crawl,7821.0,EST,2026-08-13T12:05:46+00:00
191919,,MARK,dealer_crawl,5218.0,EST,2026-08-13T12:05:46+00:00
191919,,MARK,dealer_crawl,4245.0,EST,2026-08-13T12:05:47+00:00
191919,,MARK,dealer_crawl,101550.0,EST,2026-08-13T12:05:48+00:00
191919,,MARK,dealer_crawl,28282.0,EST,2026-08-13T12:05:48+00:00
191919,,MARK,dealer_crawl,130.0,EST,2026-08-13T12:05:49+00:00
191919,,MARK,dealer_crawl,1489.0,EST,2026-08-13T12:05:49+00:00
191919,,MARK,dealer_crawl,19497.0,EST,2026-08-13T12:05:50+00:00
191919,,MARK,dealer_crawl,145.0,EST,2026-08-13T12:05:50+00:00
191919,,MARK,dealer_crawl,5307.0,EST,2026-08-13T12:05:50+00:00
191919,,MARK,dealer_crawl,11390.0,EST,2026-08-13T12:05:50+00:00
191919,,MARK,dealer_crawl,561.0,EST,2026-08-13T12:05:50+00:00
191919,,MARK,dealer_crawl,8856.0,EST,2026-08-13T12:05:50+00:00
191919,,MARK,dealer_crawl,491.0,EST,2026-08-13T12:05:50+00:00
191919,,MARK,dealer_crawl,8385.0,EST,2026-08-13T12:05:51+00:00
191919,,MARK,dealer_crawl,3998.0,EST,2026-08-13T12:05:52+00:00
191919,,MARK,dealer_crawl,964.0,EST,2026-08-14T21:47:58+00:00
191919,,MARK,dealer_crawl,946.0,EST,2026-08-14T21:47:58+00:00
191919,,MARK,dealer_crawl,1040.0,EST,2026-08-14T21:47:58+00:00
191919,,MARK,dealer_crawl,1303.0,EST,2026-08-14T21:47:58+00:00
191919,,MARK,dealer_crawl,2221.0,EST,2026-08-14T21:47:58+00:00
191919,,MARK,dealer_crawl,1216.0,EST,2026-08-14T21:47:58+00:00
191919,,MARK,dealer_crawl,12899.0,EST,2026-08-14T21:47:58+00:00
191919,,MARK,dealer_crawl,49300.0,EST,2026-08-14T21:47:58+00:00
191919,,MARK,dealer_crawl,50150.0,EST,2026-08-14T21:47:58+00:00
191919,,MARK,dealer_crawl,54000.0,EST,2026-08-14T21:47:58+00:00
191919,,MARK,dealer_crawl,124299.0,EST,2026-08-14T21:47:58+00:00
191919,,MARK,dealer_crawl,125000.0,EST,2026-08-14T21:47:58+00:00
191919,,MARK,dealer_crawl,399.0,EST,2026-08-14T21:47:59+00:00
191919,,MARK,dealer_crawl,642.0,EST,2026-08-14T21:47:59+00:00
191919,,MARK,dealer_crawl,1543.0,EST,2026-08-14T21:47:59+00:00
191919,,MARK,dealer_crawl,1123.0,EST,2026-08-14T21:47:59+00:00
191919,,MARK,dealer_crawl,1537.0,EST,2026-08-14T21:47:59+00:00
191919,,MARK,dealer_crawl,700.0,EST,2026-08-14T21:47:59+00:00
191919,,MARK,dealer_crawl,3128.0,EST,2026-08-14T21:47:59+00:00
191919,,MARK,dealer_crawl,3428.0,EST,2026-08-14T21:47:59+00:00
191919,,MARK,dealer_crawl,1798.0,EST,2026-08-14T21:47:59+00:00
191919,,MARK,dealer_crawl,1376.0,EST,2026-08-14T21:47:59+00:00
191919,,MARK,dealer_crawl,4245.0,EST,2026-08-14T21:48:00+00:00
191919,,MARK,dealer_crawl,3557.0,EST,2026-08-14T21:48:00+00:00
191919,,MARK,dealer_crawl,3946.0,EST,2026-08-14T21:48:00+00:00
191919,,MARK,dealer_crawl,3500.0,EST,2026-08-14T21:48:00+00:00
191919,,MARK,dealer_crawl,5911.0,EST,2026-08-14T21:48:00+00:00
191919,,MARK,dealer_crawl,3250.0,EST,2026-08-14T21:48:00+00:00
191919,,MARK,dealer_crawl,4287.0,EST,2026-08-14T21:48:00+00:00
191919,,MARK,dealer_crawl,334.0,EST,2026-08-14T21:48:00+00:00
191919,,MARK,dealer_crawl,4729.0,EST,2026-08-14T21:48:00+00:00
191919,,MARK,dealer_crawl,4138.0,EST,2026-08-14T21:48:00+00:00
191919,,MARK,dealer_crawl,5084.0,EST,2026-08-14T21:48:01+00:00
191919,,MARK,dealer_crawl,5025.0,EST,2026-08-14T21:48:01+00:00
191919,,MARK,dealer_crawl,1714.0,EST,2026-08-14T21:48:01+00:00
191919,,MARK,dealer_crawl,4179.0,EST,2026-08-14T21:48:01+00:00
191919,,MARK,dealer_crawl,9120.0,EST,2026-08-14T21:48:01+00:00
191919,,MARK,dealer_crawl,7904.0,EST,2026-08-14T21:48:02+00:00
191919,,MARK,dealer_crawl,522.0,EST,2026-08-14T21:48:02+00:00
191919,,MARK,dealer_crawl,457.0,EST,2026-08-14T21:48:02+00:00
191919,,MARK,dealer_crawl,19909.0,EST,2026-08-14T21:48:02+00:00
191919,,MARK,dealer_crawl,28243.0,EST,2026-08-14T21:48:02+00:00
191919,,MARK,dealer_crawl,63647.0,EST,2026-08-14T21:48:02+00:00
191919,,MARK,dealer_crawl,45584.0,EST,2026-08-14T21:48:02+00:00
191919,,MARK,dealer_crawl,22279.0,EST,2026-08-14T21:48:02+00:00
191919,,MARK,dealer_crawl,106743.0,EST,2026-08-14T21:48:02+00:00
191919,,MARK,dealer_crawl,114643.0,EST,2026-08-14T21:48:02+00:00
191919,,MARK,dealer_crawl,57839.0,EST,2026-08-14T21:48:02+00:00
191919,,MARK,dealer_crawl,103384.0,EST,2026-08-14T21:48:02+00:00
191919,,MARK,dealer_crawl,20348.0,EST,2026-08-14T21:48:02+00:00
191919,,MARK,dealer_crawl,29154.0,EST,2026-08-14T21:48:02+00:00
191919,,MARK,dealer_crawl,57246.0,EST,2026-08-14T21:48:02+00:00
191919,,MARK,dealer_crawl,24029.0,EST,2026-08-14T21:48:02+00:00
191919,,MARK,dealer_crawl,39485.0,EST,2026-08-14T21:48:02+00:00
191919,,MARK,dealer_crawl,246.0,EST,2026-08-14T21:48:02+00:00
191919,,MARK,dealer_crawl,70304.0,EST,2026-08-14T21:48:02+00:00
191919,,MARK,dealer_crawl,30007.0,EST,2026-08-14T21:48:02+00:00
191919,,MARK,dealer_crawl,22473.0,EST,2026-08-14T21:48:02+00:00
191919,,MARK,dealer_crawl,55424.0,EST,2026-08-14T21:48:02+00:00
191919,,MARK,dealer_crawl,64839.0,EST,2026-08-14T21:48:02+00:00
191919,,MARK,dealer_crawl,263.0,EST,2026-08-14T21:48:02+00:00
191919,,MARK,dealer_crawl,73646.0,EST,2026-08-14T21:48:02+00:00
191919,,MARK,dealer_crawl,21289.0,EST,2026-08-14T21:48:02+00:00
191919,,MARK,dealer_crawl,22131.0,EST,2026-08-14T21:48:02+00:00
191919,,MARK,dealer_crawl,66198.0,EST,2026-08-14T21:48:02+00:00
191919,,MARK,dealer_crawl,29731.0,EST,2026-08-14T21:48:02+00:00
191919,,MARK,dealer_crawl,82385.0,EST,2026-08-14T21:48:02+00:00
191919,,MARK,dealer_crawl,47073.0,EST,2026-08-14T21:48:02+00:00
191919,,MARK,dealer_crawl,20348.0,EST,2026-08-14T21:48:02+00:00
191919,,MARK,dealer_crawl,41757.0,EST,2026-08-14T21:48:02+00:00
191919,,MARK,dealer_crawl,72582.0,EST,2026-08-14T21:48:02+00:00
191919,,MARK,dealer_crawl,34897.0,EST,2026-08-14T21:48:02+00:00
191919,,MARK,dealer_crawl,85793.0,EST,2026-08-14T21:48:02+00:00
191919,,MARK,dealer_crawl,73960.0,EST,2026-08-14T21:48:02+00:00
191919,,MARK,dealer_crawl,40384.0,EST,2026-08-14T21:48:02+00:00
191919,,MARK,dealer_crawl,53905.0,EST,2026-08-14T21:48:02+00:00
191919,,MARK,dealer_crawl,91715.0,EST,2026-08-14T21:48:02+00:00
191919,,MARK,dealer_crawl,21484.0,EST,2026-08-14T21:48:02+00:00
191919,,MARK,dealer_crawl,807.0,EST,2026-08-14T21:48:02+00:00
191919,,MARK,dealer_crawl,76133.0,EST,2026-08-14T21:48:02+00:00
191919,,MARK,dealer_crawl,246.0,EST,2026-08-14T21:48:02+00:00
191919,,MARK,dealer_crawl,33206.0,EST,2026-08-14T21:48:02+00:00
191919,,MARK,dealer_crawl,47073.0,EST,2026-08-14T21:48:02+00:00
191919,,MARK,dealer_crawl,14913.0,EST,2026-08-14T21:48:02+00:00
191919,,MARK,dealer_crawl,6250.0,EST,2026-08-14T21:48:03+00:00
191919,,MARK,dealer_crawl,5771.0,EST,2026-08-14T21:48:03+00:00
191919,,MARK,dealer_crawl,15171.0,EST,2026-08-14T21:48:03+00:00
191919,,MARK,dealer_crawl,5356.0,EST,2026-08-14T21:48:04+00:00
191919,,MARK,dealer_crawl,1399.0,EST,2026-08-14T21:48:04+00:00
191919,,MARK,dealer_crawl,1599.0,EST,2026-08-14T21:48:04+00:00
191919,,MARK,dealer_crawl,2783.0,EST,2026-08-14T21:48:04+00:00
191919,,MARK,dealer_crawl,12619.0,EST,2026-08-14T21:48:04+00:00
191919,,MARK,dealer_crawl,17690.0,EST,2026-08-14T21:48:04+00:00
191919,,MARK,dealer_crawl,1714.0,EST,2026-08-14T21:48:04+00:00
191919,,MARK,dealer_crawl,865.0,EST,2026-08-14T21:48:04+00:00
191919,,MARK,dealer_crawl,3278.0,EST,2026-08-14T21:48:04+00:00
191919,,MARK,dealer_crawl,751.0,EST,2026-08-14T21:48:04+00:00
191919,,MARK,dealer_crawl,2209.0,EST,2026-08-14T21:48:04+00:00
191919,,MARK,dealer_crawl,28920.0,EST,2026-08-14T21:48:04+00:00
191919,,MARK,dealer_crawl,49327.0,EST,2026-08-14T21:48:04+00:00
191919,,MARK,dealer_crawl,3471.0,EST,2026-08-14T21:48:04+00:00
191919,,MARK,dealer_crawl,10547.0,EST,2026-08-14T21:48:04+00:00
191919,,MARK,dealer_crawl,59470.0,EST,2026-08-14T21:48:04+00:00
191919,,MARK,dealer_crawl,3574.0,EST,2026-08-14T21:48:04+00:00
191919,,MARK,dealer_crawl,10445.0,EST,2026-08-14T21:48:04+00:00
191919,,MARK,dealer_crawl,92193.0,EST,2026-08-14T21:48:04+00:00
191919,,MARK,dealer_crawl,816.0,EST,2026-08-14T21:48:04+00:00
191919,,MARK,dealer_crawl,1274.0,EST,2026-08-14T21:48:04+00:00
191919,,MARK,dealer_crawl,47455.0,EST,2026-08-14T21:48:04+00:00
191919,,MARK,dealer_crawl,6207.0,EST,2026-08-14T21:48:05+00:00
191919,,MARK,dealer_crawl,5852.0,EST,2026-08-14T21:48:06+00:00
191919,,MARK,dealer_crawl,4288.0,EST,2026-08-14T21:48:06+00:00
191919,,MARK,dealer_crawl,6518.0,EST,2026-08-14T21:48:06+00:00
191919,,MARK,dealer_crawl,4374.0,EST,2026-08-14T21:48:06+00:00
191919,,MARK,dealer_crawl,3606.0,EST,2026-08-14T21:48:06+00:00
191919,,MARK,dealer_crawl,37469.0,EST,2026-08-14T21:48:06+00:00
191919,,MARK,dealer_crawl,1419.0,EST,2026-08-14T21:48:06+00:00
191919,,MARK,dealer_crawl,1961.0,EST,2026-08-14T21:48:06+00:00
191919,,MARK,dealer_crawl,15837.0,EST,2026-08-14T21:48:06+00:00
191919,,MARK,dealer_crawl,14587.0,EST,2026-08-14T21:48:06+00:00
191919,,MARK,dealer_crawl,18894.0,EST,2026-08-14T21:48:06+00:00
191919,,MARK,dealer_crawl,17089.0,EST,2026-08-14T21:48:06+00:00
191919,,MARK,dealer_crawl,23756.0,EST,2026-08-14T21:48:06+00:00
191919,,MARK,dealer_crawl,11281.0,EST,2026-08-14T21:48:06+00:00
191919,,MARK,dealer_crawl,14726.0,EST,2026-08-14T21:48:06+00:00
191919,,MARK,dealer_crawl,16948.0,EST,2026-08-14T21:48:06+00:00
191919,,MARK,dealer_crawl,10697.0,EST,2026-08-14T21:48:06+00:00
191919,,MARK,dealer_crawl,157.0,EST,2026-08-14T21:48:06+00:00
191919,,MARK,dealer_crawl,156.0,EST,2026-08-14T21:48:06+00:00
191919,,MARK,dealer_crawl,165.0,EST,2026-08-14T21:48:06+00:00
191919,,MARK,dealer_crawl,21281.0,EST,2026-08-14T21:48:06+00:00
191919,,MARK,dealer_crawl,145.0,EST,2026-08-14T21:48:06+00:00
191919,,MARK,dealer_crawl,276.0,EST,2026-08-14T21:48:06+00:00
191919,,MARK,dealer_crawl,15800.0,EST,2026-08-14T21:48:06+00:00
191919,,MARK,dealer_crawl,20899.0,EST,2026-08-15T21:41:55+00:00
191919,,MARK,dealer_crawl,4116.0,EST,2026-08-15T21:41:55+00:00
191919,,MARK,dealer_crawl,6071.0,EST,2026-08-15T21:41:55+00:00
191919,,MARK,dealer_crawl,9130.0,EST,2026-08-15T21:41:55+00:00
191919,,MARK,dealer_crawl,2353.0,EST,2026-08-15T21:41:55+00:00
191919,,MARK,dealer_crawl,7177.0,EST,2026-08-15T21:41:55+00:00
191919,,MARK,dealer_crawl,1675.0,EST,2026-08-15T21:41:56+00:00
191919,,MARK,dealer_crawl,2923.0,EST,2026-08-15T21:41:56+00:00
191919,,MARK,dealer_crawl,8712.0,EST,2026-08-15T21:41:56+00:00
191919,,MARK,dealer_crawl,2834.0,EST,2026-08-15T21:41:56+00:00
191919,,MARK,dealer_crawl,7812.0,EST,2026-08-15T21:41:56+00:00
191919,,MARK,dealer_crawl,4584.0,EST,2026-08-15T21:41:56+00:00
191919,,MARK,dealer_crawl,1187.0,EST,2026-08-15T21:41:56+00:00
191919,,MARK,dealer_crawl,4361.0,EST,2026-08-15T21:41:56+00:00
191919,,MARK,dealer_crawl,2615.0,EST,2026-08-15T21:41:57+00:00
191919,,MARK,dealer_crawl,10752.0,EST,2026-08-15T21:41:57+00:00
191919,,MARK,dealer_crawl,10332.0,EST,2026-08-15T21:41:57+00:00
191919,,MARK,dealer_crawl,14028.0,EST,2026-08-15T21:41:57+00:00
191919,,MARK,dealer_crawl,7896.0,EST,2026-08-15T21:41:57+00:00
191919,,MARK,dealer_crawl,8400.0,EST,2026-08-15T21:41:57+00:00
191919,,MARK,dealer_crawl,6972.0,EST,2026-08-15T21:41:57+00:00
191919,,MARK,dealer_crawl,11172.0,EST,2026-08-15T21:41:57+00:00
191919,,MARK,dealer_crawl,7392.0,EST,2026-08-15T21:41:57+00:00
191919,,MARK,dealer_crawl,11172.0,EST,2026-08-15T21:41:57+00:00
191919,,MARK,dealer_crawl,708.0,EST,2026-08-15T21:41:57+00:00
191919,,MARK,dealer_crawl,2319.0,EST,2026-08-15T21:41:57+00:00
191919,,MARK,dealer_crawl,5323.0,EST,2026-08-15T21:41:57+00:00
191919,,MARK,dealer_crawl,1452.0,EST,2026-08-15T21:41:57+00:00
191919,,MARK,dealer_crawl,3000.0,EST,2026-08-15T21:41:57+00:00
191919,,MARK,dealer_crawl,2127.0,EST,2026-08-15T21:41:57+00:00
191919,,MARK,dealer_crawl,1326.0,EST,2026-08-15T21:41:58+00:00
191919,,MARK,dealer_crawl,265.0,EST,2026-08-15T21:41:58+00:00
191919,,MARK,dealer_crawl,4387.0,EST,2026-08-15T21:41:58+00:00
191919,,MARK,dealer_crawl,3498.0,EST,2026-08-15T21:41:58+00:00
191919,,MARK,dealer_crawl,2549.0,EST,2026-08-15T21:41:58+00:00
191919,,MARK,dealer_crawl,11619.0,EST,2026-08-15T21:41:59+00:00
191919,,MARK,dealer_crawl,4900.0,EST,2026-08-15T21:41:59+00:00
191919,,MARK,dealer_crawl,2000.0,EST,2026-08-15T21:41:59+00:00
191919,,MARK,dealer_crawl,3051.0,EST,2026-08-15T21:41:59+00:00
191919,,MARK,dealer_crawl,5802.0,EST,2026-08-15T21:41:59+00:00
191919,,MARK,dealer_crawl,4452.0,EST,2026-08-15T21:41:59+00:00
191919,,MARK,dealer_crawl,3469.0,EST,2026-08-15T21:41:59+00:00
191919,,MARK,dealer_crawl,3477.0,EST,2026-08-15T21:41:59+00:00
191919,,MARK,dealer_crawl,4771.0,EST,2026-08-15T21:41:59+00:00
191919,,MARK,dealer_crawl,4473.0,EST,2026-08-15T21:41:59+00:00
191919,,MARK,dealer_crawl,3921.0,EST,2026-08-15T21:41:59+00:00
191919,,MARK,dealer_crawl,4652.0,EST,2026-08-15T21:41:59+00:00
191919,,MARK,dealer_crawl,755.0,EST,2026-08-15T21:41:59+00:00
191919,,MARK,dealer_crawl,4890.0,EST,2026-08-15T21:41:59+00:00
191919,,MARK,dealer_crawl,4150.0,EST,2026-08-15T21:42:00+00:00
191919,,MARK,dealer_crawl,11365.0,EST,2026-08-15T21:42:01+00:00
191919,,MARK,dealer_crawl,6285.0,EST,2026-08-15T21:42:01+00:00
191919,,MARK,dealer_crawl,2325.0,EST,2026-08-15T21:42:01+00:00
191919,,MARK,dealer_crawl,3186.0,EST,2026-08-15T21:42:01+00:00
191919,,MARK,dealer_crawl,12657.0,EST,2026-08-15T21:42:01+00:00
191919,,MARK,dealer_crawl,8438.0,EST,2026-08-15T21:42:01+00:00
191919,,MARK,dealer_crawl,43260.0,EST,2026-08-15T21:42:02+00:00
191919,,MARK,dealer_crawl,51156.0,EST,2026-08-15T21:42:02+00:00
191919,,MARK,dealer_crawl,36876.0,EST,2026-08-15T21:42:02+00:00
191919,,MARK,dealer_crawl,35532.0,EST,2026-08-15T21:42:02+00:00
191919,,MARK,dealer_crawl,48720.0,EST,2026-08-15T21:42:02+00:00
191919,,MARK,dealer_crawl,25872.0,EST,2026-08-15T21:42:02+00:00
191919,,MARK,dealer_crawl,36876.0,EST,2026-08-15T21:42:02+00:00
191919,,MARK,dealer_crawl,49812.0,EST,2026-08-15T21:42:02+00:00
191919,,MARK,dealer_crawl,56784.0,EST,2026-08-15T21:42:02+00:00
191919,,MARK,dealer_crawl,52416.0,EST,2026-08-15T21:42:02+00:00
191919,,MARK,dealer_crawl,24360.0,EST,2026-08-15T21:42:02+00:00
191919,,MARK,dealer_crawl,19908.0,EST,2026-08-15T21:42:02+00:00
191919,,MARK,dealer_crawl,35532.0,EST,2026-08-15T21:42:02+00:00
191919,,MARK,dealer_crawl,16517.0,EST,2026-08-15T21:42:02+00:00
191919,,MARK,dealer_crawl,14981.0,EST,2026-08-15T21:42:02+00:00
191919,,MARK,dealer_crawl,241.0,EST,2026-08-15T21:42:02+00:00
191919,,MARK,dealer_crawl,18646.0,EST,2026-08-15T21:42:02+00:00
191919,,MARK,dealer_crawl,17694.0,EST,2026-08-15T21:42:03+00:00
191919,,MARK,dealer_crawl,849.0,EST,2026-08-15T21:42:03+00:00
191919,,MARK,dealer_crawl,21287.0,EST,2026-08-15T21:42:03+00:00
191919,,MARK,dealer_crawl,31170.0,EST,2026-08-15T21:42:03+00:00
191919,,MARK,dealer_crawl,32690.0,EST,2026-08-15T21:42:03+00:00
191919,,MARK,dealer_crawl,22466.0,EST,2026-08-15T21:42:03+00:00
191919,,MARK,dealer_crawl,15132.0,EST,2026-08-15T21:42:03+00:00
191919,,MARK,dealer_crawl,3339.0,EST,2026-08-15T21:42:04+00:00
191919,,MARK,dealer_crawl,8479.0,EST,2026-08-15T21:42:05+00:00
191919,,MARK,dealer_crawl,8211.0,EST,2026-08-15T21:42:05+00:00
191919,,MARK,dealer_crawl,7464.0,EST,2026-08-15T21:42:05+00:00
191919,,MARK,dealer_crawl,7765.0,EST,2026-08-15T21:42:05+00:00
191919,,MARK,dealer_crawl,10085.0,EST,2026-08-15T21:42:05+00:00
191919,,MARK,dealer_crawl,29363.0,EST,2026-08-15T21:42:05+00:00
191919,,MARK,dealer_crawl,9104.0,EST,2026-08-15T21:42:05+00:00
191919,,MARK,dealer_crawl,13518.0,EST,2026-08-15T21:42:05+00:00
191919,,MARK,dealer_crawl,6962.0,EST,2026-08-15T21:42:05+00:00
191919,,MARK,dealer_crawl,6426.0,EST,2026-08-15T21:42:05+00:00
191919,,MARK,dealer_crawl,6872.0,EST,2026-08-15T21:42:05+00:00
191919,,MARK,dealer_crawl,9639.0,EST,2026-08-15T21:42:05+00:00
191919,,MARK,dealer_crawl,33579.0,EST,2026-08-15T21:42:05+00:00
191919,,MARK,dealer_crawl,9104.0,EST,2026-08-15T21:42:05+00:00
191919,,MARK,dealer_crawl,7319.0,EST,2026-08-15T21:42:05+00:00
191919,,MARK,dealer_crawl,10799.0,EST,2026-08-15T21:42:05+00:00
191919,,MARK,dealer_crawl,562.0,EST,2026-08-15T21:42:05+00:00
191919,,MARK,dealer_crawl,10198.0,EST,2026-08-15T21:42:05+00:00
191919,,MARK,dealer_crawl,3794.0,EST,2026-08-16T06:20:54+00:00
191919,,MARK,dealer_crawl,4650.0,EST,2026-08-16T06:20:55+00:00
191919,,MARK,dealer_crawl,3505.0,EST,2026-08-16T06:20:55+00:00
191919,,MARK,dealer_crawl,3972.0,EST,2026-08-16T06:20:55+00:00
191919,,MARK,dealer_crawl,3429.0,EST,2026-08-16T06:20:55+00:00
191919,,MARK,dealer_crawl,10314.0,EST,2026-08-16T06:20:55+00:00
191919,,MARK,dealer_crawl,4561.0,EST,2026-08-16T06:20:55+00:00
191919,,MARK,dealer_crawl,10795.0,EST,2026-08-16T06:20:55+00:00
191919,,MARK,dealer_crawl,7450.0,EST,2026-08-16T06:20:55+00:00
191919,,MARK,dealer_crawl,6842.0,EST,2026-08-16T06:20:55+00:00
191919,,MARK,dealer_crawl,19766.0,EST,2026-08-16T06:20:55+00:00
191919,,MARK,dealer_crawl,106433.0,EST,2026-08-16T06:20:55+00:00
191919,,MARK,dealer_crawl,2832.0,EST,2026-08-16T06:20:55+00:00
191919,,MARK,dealer_crawl,1457.0,EST,2026-08-16T06:20:55+00:00
191919,,MARK,dealer_crawl,634.0,EST,2026-08-16T06:20:55+00:00
191919,,MARK,dealer_crawl,1805.0,EST,2026-08-16T06:20:55+00:00
191919,,MARK,dealer_crawl,11004.0,EST,2026-08-16T06:20:56+00:00
191919,,MARK,dealer_crawl,11726.0,EST,2026-08-16T06:20:56+00:00
191919,,MARK,dealer_crawl,10900.0,EST,2026-08-16T06:20:56+00:00
191919,,MARK,dealer_crawl,95700.0,EST,2026-08-16T06:20:56+00:00
191919,,MARK,dealer_crawl,72750.0,EST,2026-08-16T06:20:56+00:00
191919,,MARK,dealer_crawl,46832.0,EST,2026-08-16T06:20:56+00:00
191919,,MARK,dealer_crawl,9473.0,EST,2026-08-16T06:20:56+00:00
191919,,MARK,dealer_crawl,24009.0,EST,2026-08-16T06:20:56+00:00
191919,,MARK,dealer_crawl,2325.0,EST,2026-08-16T06:20:56+00:00
191919,,MARK,dealer_crawl,4268.0,EST,2026-08-16T06:20:56+00:00
191919,,MARK,dealer_crawl,3861.0,EST,2026-08-16T06:20:56+00:00
191919,,MARK,dealer_crawl,4250.0,EST,2026-08-16T06:20:56+00:00
191919,,MARK,dealer_crawl,3786.0,EST,2026-08-16T06:20:56+00:00
191919,,MARK,dealer_crawl,2774.0,EST,2026-08-16T06:20:56+00:00
191919,,MARK,dealer_crawl,3083.0,EST,2026-08-16T06:20:56+00:00
191919,,MARK,dealer_crawl,3200.0,EST,2026-08-16T06:20:56+00:00
191919,,MARK,dealer_crawl,483.0,EST,2026-08-16T06:20:56+00:00
191919,,MARK,dealer_crawl,5947.0,EST,2026-08-16T06:20:56+00:00
191919,,MARK,dealer_crawl,4057.0,EST,2026-08-16T06:20:56+00:00
191919,,MARK,dealer_crawl,2737.0,EST,2026-08-16T06:20:56+00:00
191919,,MARK,dealer_crawl,10443.0,EST,2026-08-16T06:20:56+00:00
191919,,MARK,dealer_crawl,54433.0,EST,2026-08-16T06:20:58+00:00
191919,,MARK,dealer_crawl,2800.0,EST,2026-08-16T06:20:58+00:00
191919,,MARK,dealer_crawl,1541.0,EST,2026-08-16T06:20:58+00:00
191919,,MARK,dealer_crawl,2409.0,EST,2026-08-16T06:20:58+00:00
191919,,MARK,dealer_crawl,2099.0,EST,2026-08-16T06:20:59+00:00
191919,,MARK,dealer_crawl,2332.0,EST,2026-08-16T06:20:59+00:00
191919,,MARK,dealer_crawl,192.0,EST,2026-08-16T06:20:59+00:00
191919,,MARK,dealer_crawl,1891.0,EST,2026-08-16T06:20:59+00:00
191919,,MARK,dealer_crawl,1885.0,EST,2026-08-16T06:20:59+00:00
191919,,MARK,dealer_crawl,2835.0,EST,2026-08-16T06:20:59+00:00
191919,,MARK,dealer_crawl,3262.0,EST,2026-08-16T06:20:59+00:00
191919,,MARK,dealer_crawl,2336.0,EST,2026-08-16T06:20:59+00:00
191919,,MARK,dealer_crawl,2686.0,EST,2026-08-16T06:20:59+00:00
191919,,MARK,dealer_crawl,2135.0,EST,2026-08-16T06:20:59+00:00
191919,,MARK,dealer_crawl,4284.0,EST,2026-08-16T06:20:59+00:00
191919,,MARK,dealer_crawl,102.0,EST,2026-08-16T06:20:59+00:00
191919,,MARK,dealer_crawl,10249.0,EST,2026-08-16T06:21:00+00:00
191919,,MARK,dealer_crawl,7605.0,EST,2026-08-16T06:21:00+00:00
191919,,MARK,dealer_crawl,464.0,EST,2026-08-16T06:21:00+00:00
191919,,MARK,dealer_crawl,37777.0,EST,2026-08-16T06:21:00+00:00
191919,,MARK,dealer_crawl,2204.0,EST,2026-08-16T06:21:00+00:00
191919,,MARK,dealer_crawl,11099.0,EST,2026-08-16T06:21:01+00:00
191919,,MARK,dealer_crawl,16117.0,EST,2026-08-16T06:21:01+00:00
191919,,MARK,dealer_crawl,159.0,EST,2026-08-16T06:21:01+00:00
191919,,MARK,dealer_crawl,129.0,EST,2026-08-16T06:21:01+00:00
191919,,MARK,dealer_crawl,181.0,EST,2026-08-16T06:21:01+00:00
191919,,MARK,dealer_crawl,121.0,EST,2026-08-16T06:21:01+00:00
191919,,MARK,dealer_crawl,775.0,EST,2026-08-16T06:21:01+00:00
191919,,MARK,dealer_crawl,272.0,EST,2026-08-16T06:21:01+00:00
191919,,MARK,dealer_crawl,293.0,EST,2026-08-16T06:21:01+00:00
191919,,MARK,dealer_crawl,9335.0,EST,2026-08-16T06:21:01+00:00
191919,,MARK,dealer_crawl,129.0,EST,2026-08-16T06:21:01+00:00
191919,,MARK,dealer_crawl,103.0,EST,2026-08-16T06:21:01+00:00
191919,,MARK,dealer_crawl,4699.0,EST,2026-08-16T06:21:02+00:00
191919,,MARK,dealer_crawl,6521.0,EST,2026-08-16T06:21:02+00:00
191919,,MARK,dealer_crawl,7235.0,EST,2026-08-16T06:21:02+00:00
191919,,MARK,dealer_crawl,5086.0,EST,2026-08-16T06:21:02+00:00
191919,,MARK,dealer_crawl,6994.0,EST,2026-08-16T06:21:02+00:00
191919,,MARK,dealer_crawl,6792.0,EST,2026-08-16T06:21:02+00:00
191919,,MARK,dealer_crawl,9000.0,EST,2026-08-16T06:21:02+00:00
191919,,MARK,dealer_crawl,5145.0,EST,2026-08-16T06:21:02+00:00
191919,,MARK,dealer_crawl,5626.0,EST,2026-08-16T06:21:02+00:00
191919,,MARK,dealer_crawl,3953.0,EST,2026-08-16T06:21:02+00:00
191919,,MARK,dealer_crawl,2888.0,EST,2026-08-16T06:21:02+00:00
191919,,MARK,dealer_crawl,4181.0,EST,2026-08-16T06:21:02+00:00
191919,,MARK,dealer_crawl,6988.0,EST,2026-08-16T06:21:02+00:00
191919,,MARK,dealer_crawl,4049.0,EST,2026-08-16T06:21:02+00:00
191919,,MARK,dealer_crawl,5355.0,EST,2026-08-16T06:21:02+00:00
191919,,MARK,dealer_crawl,16056.0,EST,2026-08-16T06:21:02+00:00
191919,,MARK,dealer_crawl,5878.0,EST,2026-08-16T06:21:02+00:00
191919,,MARK,dealer_crawl,6994.0,EST,2026-08-16T06:21:02+00:00
191919,,MARK,dealer_crawl,4963.0,EST,2026-08-16T06:21:02+00:00
191919,,MARK,dealer_crawl,7300.0,EST,2026-08-16T06:21:02+00:00
191919,,MARK,dealer_crawl,8095.0,EST,2026-08-16T06:21:02+00:00
191919,,MARK,dealer_crawl,25253.0,EST,2026-08-16T06:21:02+00:00
191919,,MARK,dealer_crawl,5159.0,EST,2026-08-16T06:21:02+00:00
191919,,MARK,dealer_crawl,6808.0,EST,2026-08-16T06:21:02+00:00
191919,,MARK,dealer_crawl,5530.0,EST,2026-08-16T06:21:02+00:00
191919,,MARK,dealer_crawl,646.0,EST,2026-08-16T06:21:03+00:00
191919,,MARK,dealer_crawl,111.0,EST,2026-08-16T06:21:03+00:00
191919,,MARK,dealer_crawl,9400.0,EST,2026-08-16T06:21:03+00:00
191919,,MARK,dealer_crawl,3282.0,EST,2026-08-16T06:21:03+00:00
191919,,MARK,dealer_crawl,7450.0,EST,2026-08-16T06:21:04+00:00
191919,,MARK,dealer_crawl,6386.0,EST,2026-08-16T06:21:04+00:00
191919,,MARK,dealer_crawl,772.0,EST,2026-08-16T06:21:04+00:00
191919,,MARK,dealer_crawl,714.0,EST,2026-08-16T06:21:04+00:00
191919,,MARK,dealer_crawl,5170.0,EST,2026-08-16T06:21:04+00:00
191919,,MARK,dealer_crawl,22159.0,EST,2026-08-17T21:49:38+00:00
191919,,MARK,dealer_crawl,21804.0,EST,2026-08-17T21:49:38+00:00
191919,,MARK,dealer_crawl,12686.0,EST,2026-08-17T21:49:38+00:00
191919,,MARK,dealer_crawl,39999.0,EST,2026-08-17T21:49:38+00:00
191919,,MARK,dealer_crawl,31250.0,EST,2026-08-17T21:49:38+00:00
191919,,MARK,dealer_crawl,2662.0,EST,2026-08-17T21:49:40+00:00
191919,,MARK,dealer_crawl,2413.0,EST,2026-08-17T21:49:40+00:00
191919,,MARK,dealer_crawl,3708.0,EST,2026-08-17T21:49:40+00:00
191919,,MARK,dealer_crawl,1865.0,EST,2026-08-17T21:49:40+00:00
191919,,MARK,dealer_crawl,617.0,EST,2026-08-17T21:49:40+00:00
191919,,MARK,dealer_crawl,1589.0,EST,2026-08-17T21:49:40+00:00
191919,,MARK,dealer_crawl,652.0,EST,2026-08-17T21:49:40+00:00
191919,,MARK,dealer_crawl,1326.0,EST,2026-08-17T21:49:40+00:00
191919,,MARK,dealer_crawl,1541.0,EST,2026-08-17T21:49:40+00:00
191919,,MARK,dealer_crawl,2289.0,EST,2026-08-17T21:49:42+00:00
191919,,MARK,dealer_crawl,11200.0,EST,2026-08-17T21:49:42+00:00
191919,,MARK,dealer_crawl,8026.0,EST,2026-08-17T21:49:42+00:00
191919,,MARK,dealer_crawl,11788.0,EST,2026-08-17T21:49:42+00:00
191919,,MARK,dealer_crawl,3049.0,EST,2026-08-17T21:49:42+00:00
191919,,MARK,dealer_crawl,4336.0,EST,2026-08-17T21:49:42+00:00
191919,,MARK,dealer_crawl,4180.0,EST,2026-08-17T21:49:42+00:00
191919,,MARK,dealer_crawl,3250.0,EST,2026-08-17T21:49:42+00:00
191919,,MARK,dealer_crawl,4963.0,EST,2026-08-17T21:49:42+00:00
191919,,MARK,dealer_crawl,6100.0,EST,2026-08-17T21:49:42+00:00
191919,,MARK,dealer_crawl,4702.0,EST,2026-08-17T21:49:42+00:00
191919,,MARK,dealer_crawl,34723.0,EST,2026-08-17T21:49:42+00:00
191919,,MARK,dealer_crawl,3588.0,EST,2026-08-17T21:49:42+00:00
191919,,MARK,dealer_crawl,6199.0,EST,2026-08-17T21:49:42+00:00
191919,,MARK,dealer_crawl,1169.0,EST,2026-08-17T21:49:42+00:00
191919,,MARK,dealer_crawl,6899.0,EST,2026-08-17T21:49:42+00:00
191919,,MARK,dealer_crawl,10196.0,EST,2026-08-17T21:49:42+00:00
191919,,MARK,dealer_crawl,3099.0,EST,2026-08-17T21:49:42+00:00
191919,,MARK,dealer_crawl,6924.0,EST,2026-08-17T21:49:42+00:00
191919,,MARK,dealer_crawl,4126.0,EST,2026-08-17T21:49:42+00:00
191919,,MARK,dealer_crawl,372.0,EST,2026-08-17T21:49:42+00:00
191919,,MARK,dealer_crawl,409.0,EST,2026-08-17T21:49:42+00:00
191919,,MARK,dealer_crawl,296.0,EST,2026-08-17T21:49:44+00:00
191919,,MARK,dealer_crawl,4734.0,EST,2026-08-17T21:49:44+00:00
191919,,MARK,dealer_crawl,4671.0,EST,2026-08-17T21:49:44+00:00
191919,,MARK,dealer_crawl,3438.0,EST,2026-08-17T21:49:44+00:00
191919,,MARK,dealer_crawl,4446.0,EST,2026-08-17T21:49:44+00:00
191919,,MARK,dealer_crawl,5039.0,EST,2026-08-17T21:49:44+00:00
191919,,MARK,dealer_crawl,3527.0,EST,2026-08-17T21:49:44+00:00
191919,,MARK,dealer_crawl,129.0,EST,2026-08-17T21:49:46+00:00
191919,,MARK,dealer_crawl,14108.0,EST,2026-08-17T21:49:46+00:00
191919,,MARK,dealer_crawl,188.0,EST,2026-08-17T21:49:46+00:00
191919,,MARK,dealer_crawl,151.0,EST,2026-08-17T21:49:46+00:00
191919,,MARK,dealer_crawl,23188.0,EST,2026-08-17T21:49:46+00:00
191919,,MARK,dealer_crawl,24688.0,EST,2026-08-17T21:49:46+00:00
191919,,MARK,dealer_crawl,27988.0,EST,2026-08-17T21:49:46+00:00
191919,,MARK,dealer_crawl,28988.0,EST,2026-08-17T21:49:46+00:00
191919,,MARK,dealer_crawl,30288.0,EST,2026-08-17T21:49:46+00:00
191919,,MARK,dealer_crawl,22188.0,EST,2026-08-17T21:49:46+00:00
191919,,MARK,dealer_crawl,21888.0,EST,2026-08-17T21:49:46+00:00
191919,,MARK,dealer_crawl,52888.0,EST,2026-08-17T21:49:46+00:00
191919,,MARK,dealer_crawl,22188.0,EST,2026-08-17T21:49:46+00:00
191919,,MARK,dealer_crawl,11888.0,EST,2026-08-17T21:49:46+00:00
191919,,MARK,dealer_crawl,21288.0,EST,2026-08-17T21:49:46+00:00
191919,,MARK,dealer_crawl,89008.0,EST,2026-08-17T21:49:46+00:00
191919,,MARK,dealer_crawl,1930.0,EST,2026-08-17T21:49:47+00:00
191919,,MARK,dealer_crawl,426.0,EST,2026-08-17T21:49:47+00:00
191919,,MARK,dealer_crawl,6999.0,EST,2026-08-17T21:49:48+00:00
191919,,MARK,dealer_crawl,5139.0,EST,2026-08-17T21:49:48+00:00
191919,,MARK,dealer_crawl,7595.0,EST,2026-08-17T21:49:48+00:00
191919,,MARK,dealer_crawl,5485.0,EST,2026-08-17T21:49:48+00:00
191919,,MARK,dealer_crawl,13855.0,EST,2026-08-17T21:49:48+00:00
191919,,MARK,dealer_crawl,6475.0,EST,2026-08-17T21:49:48+00:00
191919,,MARK,dealer_crawl,4385.0,EST,2026-08-17T21:49:48+00:00
191919,,MARK,dealer_crawl,6095.0,EST,2026-08-17T21:49:48+00:00
191919,,MARK,dealer_crawl,5943.0,EST,2026-08-17T21:49:48+00:00
191919,,MARK,dealer_crawl,4495.0,EST,2026-08-17T21:49:49+00:00
191919,,MARK,dealer_crawl,7054.0,EST,2026-08-17T21:49:49+00:00
191919,,MARK,dealer_crawl,11500.0,EST,2026-08-17T21:49:49+00:00
191919,,MARK,dealer_crawl,5897.0,EST,2026-08-17T21:49:49+00:00
191919,,MARK,dealer_crawl,22527.0,EST,2026-08-17T21:49:49+00:00
191919,,MARK,dealer_crawl,46718.0,EST,2026-08-17T21:49:49+00:00
191919,,MARK,dealer_crawl,6877.0,EST,2026-08-17T21:49:49+00:00
191919,,MARK,dealer_crawl,14888.0,EST,2026-08-17T21:49:49+00:00
191919,,MARK,dealer_crawl,6988.0,EST,2026-08-17T21:49:49+00:00
191919,,MARK,dealer_crawl,3514.0,EST,2026-08-17T21:49:49+00:00
191919,,MARK,dealer_crawl,3540.0,EST,2026-08-17T21:49:49+00:00
191919,,MARK,dealer_crawl,4310.0,EST,2026-08-17T21:49:49+00:00
191919,,MARK,dealer_crawl,3331.0,EST,2026-08-17T21:49:49+00:00
191919,,MARK,dealer_crawl,4702.0,EST,2026-08-17T21:49:49+00:00
191919,,MARK,dealer_crawl,3265.0,EST,2026-08-17T21:49:49+00:00
191919,,MARK,dealer_crawl,4180.0,EST,2026-08-17T21:49:49+00:00
191919,,MARK,dealer_crawl,4572.0,EST,2026-08-17T21:49:49+00:00
191919,,MARK,dealer_crawl,4702.0,EST,2026-08-17T21:49:49+00:00
191919,,MARK,dealer_crawl,4572.0,EST,2026-08-17T21:49:49+00:00
191919,,MARK,dealer_crawl,3149.0,EST,2026-08-18T21:46:27+00:00
191919,,MARK,dealer_crawl,10646.0,EST,2026-08-18T21:46:27+00:00
191919,,MARK,dealer_crawl,1800.0,EST,2026-08-18T21:46:30+00:00
191919,,MARK,dealer_crawl,650.0,EST,2026-08-18T21:46:30+00:00
191919,,MARK,dealer_crawl,1097.0,EST,2026-08-18T21:46:30+00:00
191919,,MARK,dealer_crawl,594.0,EST,2026-08-18T21:46:30+00:00
191919,,MARK,dealer_crawl,2019.0,EST,2026-08-18T21:46:30+00:00
191919,,MARK,dealer_crawl,670.0,EST,2026-08-18T21:46:30+00:00
191919,,MARK,dealer_crawl,832.0,EST,2026-08-18T21:46:30+00:00
191919,,MARK,dealer_crawl,559.0,EST,2026-08-18T21:46:30+00:00
191919,,MARK,dealer_crawl,4049.0,EST,2026-08-18T21:46:30+00:00
191919,,MARK,dealer_crawl,1670.0,EST,2026-08-18T21:46:30+00:00
191919,,MARK,dealer_crawl,4008.0,EST,2026-08-18T21:46:30+00:00
191919,,MARK,dealer_crawl,3909.0,EST,2026-08-18T21:46:31+00:00
191919,,MARK,dealer_crawl,5046.0,EST,2026-08-18T21:46:31+00:00
191919,,MARK,dealer_crawl,1214.0,EST,2026-08-18T21:46:31+00:00
191919,,MARK,dealer_crawl,15499.0,EST,2026-08-18T21:46:32+00:00
191919,,MARK,dealer_crawl,3658.0,EST,2026-08-18T21:46:32+00:00
191919,,MARK,dealer_crawl,3042.0,EST,2026-08-18T21:46:32+00:00
191919,,MARK,dealer_crawl,8517.0,EST,2026-08-18T21:46:32+00:00
191919,,MARK,dealer_crawl,3802.0,EST,2026-08-18T21:46:32+00:00
191919,,MARK,dealer_crawl,6084.0,EST,2026-08-18T21:46:32+00:00
191919,,MARK,dealer_crawl,4106.0,EST,2026-08-18T21:46:32+00:00
191919,,MARK,dealer_crawl,9886.0,EST,2026-08-18T21:46:32+00:00
191919,,MARK,dealer_crawl,10771.0,EST,2026-08-18T21:46:32+00:00
191919,,MARK,dealer_crawl,6502.0,EST,2026-08-18T21:46:32+00:00
191919,,MARK,dealer_crawl,14248.0,EST,2026-08-18T21:46:32+00:00
191919,,MARK,dealer_crawl,5110.0,EST,2026-08-18T21:46:32+00:00
191919,,MARK,dealer_crawl,2781.0,EST,2026-08-18T21:46:32+00:00
191919,,MARK,dealer_crawl,2400.0,EST,2026-08-18T21:46:33+00:00
191919,,MARK,dealer_crawl,149.0,EST,2026-08-18T21:46:33+00:00
191919,,MARK,dealer_crawl,34200.0,EST,2026-08-18T21:46:33+00:00
191919,,MARK,dealer_crawl,5000.0,EST,2026-08-18T21:46:34+00:00
191919,,MARK,dealer_crawl,1835.0,EST,2026-08-18T21:46:34+00:00
191919,,MARK,dealer_crawl,1608.0,EST,2026-08-18T21:46:34+00:00
191919,,MARK,dealer_crawl,4746.0,EST,2026-08-18T21:46:34+00:00
191919,,MARK,dealer_crawl,4424.0,EST,2026-08-18T21:46:34+00:00
191919,,MARK,dealer_crawl,936.0,EST,2026-08-18T21:46:35+00:00
191919,,MARK,dealer_crawl,136.0,EST,2026-08-18T21:46:35+00:00
191919,,MARK,dealer_crawl,196.0,EST,2026-08-18T21:46:35+00:00
191919,,MARK,dealer_crawl,3788.0,EST,2026-08-18T21:46:35+00:00
191919,,MARK,dealer_crawl,37889.0,EST,2026-08-18T21:46:35+00:00
191919,,MARK,dealer_crawl,1946.0,EST,2026-08-18T21:46:35+00:00
191919,,MARK,dealer_crawl,31489.0,EST,2026-08-18T21:46:35+00:00
191919,,MARK,dealer_crawl,4800.0,EST,2026-08-18T21:46:36+00:00
191919,,MARK,dealer_crawl,218.0,EST,2026-08-18T21:46:36+00:00
191919,,MARK,dealer_crawl,3369.0,EST,2026-08-18T21:46:36+00:00
191919,,MARK,dealer_crawl,3266.0,EST,2026-08-18T21:46:36+00:00
191919,,MARK,dealer_crawl,4863.0,EST,2026-08-18T21:46:36+00:00
191919,,MARK,dealer_crawl,1781.0,EST,2026-08-18T21:46:36+00:00
191919,,MARK,dealer_crawl,3030.0,EST,2026-08-18T21:46:36+00:00
191919,,MARK,dealer_crawl,5108.0,EST,2026-08-18T21:46:36+00:00
191919,,MARK,dealer_crawl,5525.0,EST,2026-08-18T21:46:42+00:00
191919,,MARK,dealer_crawl,4005.0,EST,2026-08-18T21:46:42+00:00
191919,,MARK,dealer_crawl,3615.0,EST,2026-08-18T21:46:42+00:00
191919,,MARK,dealer_crawl,4185.0,EST,2026-08-18T21:46:42+00:00
191919,,MARK,dealer_crawl,4855.0,EST,2026-08-18T21:46:42+00:00
191919,,MARK,dealer_crawl,8095.0,EST,2026-08-18T21:46:42+00:00
191919,,MARK,dealer_crawl,17145.0,EST,2026-08-18T21:46:42+00:00
191919,,MARK,dealer_crawl,4575.0,EST,2026-08-18T21:46:42+00:00
191919,,MARK,dealer_crawl,5425.0,EST,2026-08-18T21:46:42+00:00
191919,,MARK,dealer_crawl,6271.0,EST,2026-08-18T21:46:42+00:00
191919,,MARK,dealer_crawl,5425.0,EST,2026-08-18T21:46:42+00:00
191919,,MARK,dealer_crawl,6540.0,EST,2026-08-18T21:46:42+00:00
191919,,MARK,dealer_crawl,7805.0,EST,2026-08-18T21:46:42+00:00
191919,,MARK,dealer_crawl,4116.0,EST,2026-08-18T21:46:42+00:00
191919,,MARK,dealer_crawl,3920.0,EST,2026-08-18T21:46:42+00:00
191919,,MARK,dealer_crawl,3515.0,EST,2026-08-18T21:46:42+00:00
191919,,MARK,dealer_crawl,5185.0,EST,2026-08-18T21:46:42+00:00
191919,,MARK,dealer_crawl,699.0,EST,2026-08-18T21:46:46+00:00
191919,,MARK,dealer_crawl,6026.0,EST,2026-08-18T21:46:46+00:00
191919,,MARK,dealer_crawl,3528.0,EST,2026-08-18T21:46:47+00:00
191919,,MARK,dealer_crawl,4991.0,EST,2026-08-18T21:46:47+00:00
191919,,MARK,dealer_crawl,2959.0,EST,2026-08-18T21:46:47+00:00
191919,,MARK,dealer_crawl,4991.0,EST,2026-08-18T21:46:47+00:00
191919,,MARK,dealer_crawl,5347.0,EST,2026-08-18T21:46:47+00:00
191919,,MARK,dealer_crawl,3332.0,EST,2026-08-18T21:46:47+00:00
191919,,MARK,dealer_crawl,14144.0,EST,2026-08-18T21:46:47+00:00
191919,,MARK,dealer_crawl,24639.0,EST,2026-08-18T21:46:47+00:00
191919,,MARK,dealer_crawl,8517.0,EST,2026-08-18T21:46:47+00:00
191919,,MARK,dealer_crawl,8662.0,EST,2026-08-18T21:46:47+00:00
191919,,MARK,dealer_crawl,3528.0,EST,2026-08-18T21:46:47+00:00
191919,,MARK,dealer_crawl,5187.0,EST,2026-08-18T21:46:47+00:00
191919,,MARK,dealer_crawl,8623.0,EST,2026-08-18T21:46:47+00:00
191919,,MARK,dealer_crawl,3528.0,EST,2026-08-18T21:46:47+00:00
191919,,MARK,dealer_crawl,25346.0,EST,2026-08-18T21:46:47+00:00
191919,,MARK,dealer_crawl,4442.0,EST,2026-08-18T21:46:47+00:00
191919,,MARK,dealer_crawl,7107.0,EST,2026-08-18T21:46:47+00:00
191919,,MARK,dealer_crawl,21916.0,EST,2026-08-18T21:46:47+00:00
191919,,MARK,dealer_crawl,4024.0,EST,2026-08-18T21:46:47+00:00
191919,,MARK,dealer_crawl,4050.0,EST,2026-08-18T21:46:47+00:00
191919,,MARK,dealer_crawl,3789.0,EST,2026-08-18T21:46:47+00:00
191919,,MARK,dealer_crawl,14479.0,EST,2026-08-18T21:46:47+00:00
191919,,MARK,dealer_crawl,5017.0,EST,2026-08-18T21:46:47+00:00
191919,,MARK,dealer_crawl,17704.0,EST,2026-08-18T21:46:48+00:00
191919,,MARK,dealer_crawl,2539.0,EST,2026-08-18T21:46:48+00:00
191919,,MARK,dealer_crawl,25399.0,EST,2026-08-18T21:46:48+00:00
191919,,MARK,dealer_crawl,2542.0,EST,2026-08-18T21:46:48+00:00
191919,,MARK,dealer_crawl,22644.0,EST,2026-08-18T21:46:50+00:00
191919,,MARK,dealer_crawl,11238.0,EST,2026-08-18T21:46:50+00:00
191919,,MARK,dealer_crawl,21732.0,EST,2026-08-18T21:46:50+00:00
191919,,MARK,dealer_crawl,16257.0,EST,2026-08-18T21:46:50+00:00
191919,,MARK,dealer_crawl,21884.0,EST,2026-08-18T21:46:50+00:00
191919,,MARK,dealer_crawl,3800.0,EST,2026-08-19T21:47:51+00:00
191919,,MARK,dealer_crawl,5777.0,EST,2026-08-19T21:47:51+00:00
191919,,MARK,dealer_crawl,5814.0,EST,2026-08-19T21:47:51+00:00
191919,,MARK,dealer_crawl,5933.0,EST,2026-08-19T21:47:51+00:00
191919,,MARK,dealer_crawl,9842.0,EST,2026-08-19T21:47:51+00:00
191919,,MARK,dealer_crawl,9344.0,EST,2026-08-19T21:47:51+00:00
191919,,MARK,dealer_crawl,9836.0,EST,2026-08-19T21:47:51+00:00
191919,,MARK,dealer_crawl,339.0,EST,2026-08-19T21:47:51+00:00
191919,,MARK,dealer_crawl,7378.0,EST,2026-08-19T21:47:51+00:00
191919,,MARK,dealer_crawl,7119.0,EST,2026-08-19T21:47:51+00:00
191919,,MARK,dealer_crawl,1071.0,EST,2026-08-19T21:47:51+00:00
191919,,MARK,dealer_crawl,576.0,EST,2026-08-19T21:47:51+00:00
191919,,MARK,dealer_crawl,900.0,EST,2026-08-19T21:47:51+00:00
191919,,MARK,dealer_crawl,1600.0,EST,2026-08-19T21:47:51+00:00
191919,,MARK,dealer_crawl,1531.0,EST,2026-08-19T21:47:51+00:00
191919,,MARK,dealer_crawl,3204.0,EST,2026-08-19T21:47:51+00:00
191919,,MARK,dealer_crawl,1802.0,EST,2026-08-19T21:47:51+00:00
191919,,MARK,dealer_crawl,1780.0,EST,2026-08-19T21:47:52+00:00
191919,,MARK,dealer_crawl,9122.0,EST,2026-08-19T21:47:52+00:00
191919,,MARK,dealer_crawl,3193.0,EST,2026-08-19T21:47:52+00:00
191919,,MARK,dealer_crawl,5017.0,EST,2026-08-19T21:47:52+00:00
191919,,MARK,dealer_crawl,6841.0,EST,2026-08-19T21:47:52+00:00
191919,,MARK,dealer_crawl,4141.0,EST,2026-08-19T21:47:52+00:00
191919,,MARK,dealer_crawl,1828.0,EST,2026-08-19T21:47:52+00:00
191919,,MARK,dealer_crawl,2468.0,EST,2026-08-19T21:47:52+00:00
191919,,MARK,dealer_crawl,2729.0,EST,2026-08-19T21:47:52+00:00
191919,,MARK,dealer_crawl,926.0,EST,2026-08-19T21:47:52+00:00
191919,,MARK,dealer_crawl,1976.0,EST,2026-08-19T21:47:52+00:00
191919,,MARK,dealer_crawl,788.0,EST,2026-08-19T21:47:52+00:00
191919,,MARK,dealer_crawl,1458.0,EST,2026-08-19T21:47:52+00:00
191919,,MARK,dealer_crawl,16395.0,EST,2026-08-19T21:47:53+00:00
191919,,MARK,dealer_crawl,22903.0,EST,2026-08-19T21:47:53+00:00
191919,,MARK,dealer_crawl,3650.0,EST,2026-08-19T21:47:53+00:00
191919,,MARK,dealer_crawl,4695.0,EST,2026-08-19T21:47:53+00:00
191919,,MARK,dealer_crawl,2426.0,EST,2026-08-19T21:47:53+00:00
191919,,MARK,dealer_crawl,8588.0,EST,2026-08-19T21:47:53+00:00
191919,,MARK,dealer_crawl,5458.0,EST,2026-08-19T21:47:53+00:00
191919,,MARK,dealer_crawl,4153.0,EST,2026-08-19T21:47:53+00:00
191919,,MARK,dealer_crawl,99820.0,EST,2026-08-19T21:47:55+00:00
191919,,MARK,dealer_crawl,34206.0,EST,2026-08-19T21:47:55+00:00
191919,,MARK,dealer_crawl,6031.0,EST,2026-08-19T21:47:55+00:00
191919,,MARK,dealer_crawl,5606.0,EST,2026-08-19T21:47:55+00:00
191919,,MARK,dealer_crawl,14820.0,EST,2026-08-19T21:47:55+00:00
191919,,MARK,dealer_crawl,4100.0,EST,2026-08-19T21:47:55+00:00
191919,,MARK,dealer_crawl,4865.0,EST,2026-08-19T21:47:55+00:00
191919,,MARK,dealer_crawl,10034.0,EST,2026-08-19T21:47:55+00:00
191919,,MARK,dealer_crawl,4795.0,EST,2026-08-19T21:47:55+00:00
191919,,MARK,dealer_crawl,40510.0,EST,2026-08-19T21:47:55+00:00
191919,,MARK,dealer_crawl,7905.0,EST,2026-08-19T21:47:55+00:00
191919,,MARK,dealer_crawl,5199.0,EST,2026-08-19T21:47:55+00:00
191919,,MARK,dealer_crawl,20908.0,EST,2026-08-19T21:47:55+00:00
191919,,MARK,dealer_crawl,5321.0,EST,2026-08-19T21:47:55+00:00
191919,,MARK,dealer_crawl,12676.0,EST,2026-08-19T21:47:55+00:00
191919,,MARK,dealer_crawl,5321.0,EST,2026-08-19T21:47:55+00:00
191919,,MARK,dealer_crawl,17407.0,EST,2026-08-19T21:47:55+00:00
191919,,MARK,dealer_crawl,4257.0,EST,2026-08-19T21:47:55+00:00
191919,,MARK,dealer_crawl,21892.0,EST,2026-08-19T21:47:55+00:00
191919,,MARK,dealer_crawl,3953.0,EST,2026-08-19T21:47:55+00:00
191919,,MARK,dealer_crawl,9801.0,EST,2026-08-19T21:47:55+00:00
191919,,MARK,dealer_crawl,4713.0,EST,2026-08-19T21:47:55+00:00
191919,,MARK,dealer_crawl,3147.0,EST,2026-08-19T21:47:55+00:00
191919,,MARK,dealer_crawl,21525.0,EST,2026-08-19T21:47:55+00:00
191919,,MARK,dealer_crawl,5339.0,EST,2026-08-19T21:47:56+00:00
191919,,MARK,dealer_crawl,575.0,EST,2026-08-19T21:47:56+00:00
191919,,MARK,dealer_crawl,581.0,EST,2026-08-19T21:47:56+00:00
191919,,MARK,dealer_crawl,3920.0,EST,2026-08-19T21:47:56+00:00
191919,,MARK,dealer_crawl,518.0,EST,2026-08-19T21:47:56+00:00
191919,,MARK,dealer_crawl,5473.0,EST,2026-08-19T21:47:56+00:00
191919,,MARK,dealer_crawl,4153.0,EST,2026-08-19T21:47:56+00:00
191919,,MARK,dealer_crawl,3876.0,EST,2026-08-19T21:47:56+00:00
191919,,MARK,dealer_crawl,6027.0,EST,2026-08-19T21:47:56+00:00
191919,,MARK,dealer_crawl,50168.0,EST,2026-08-19T21:47:57+00:00
191919,,MARK,dealer_crawl,7908.0,EST,2026-08-19T21:47:57+00:00
191919,,MARK,dealer_crawl,24324.0,EST,2026-08-19T21:47:57+00:00
191919,,MARK,dealer_crawl,106.0,EST,2026-08-19T21:47:57+00:00
191919,,MARK,dealer_crawl,582.0,EST,2026-08-19T21:47:57+00:00
191919,,MARK,dealer_crawl,249.0,EST,2026-08-19T21:47:57+00:00
191919,,MARK,dealer_crawl,17500.0,EST,2026-08-19T21:47:57+00:00
191919,,MARK,dealer_crawl,30101.0,EST,2026-08-19T21:47:57+00:00
191919,,MARK,dealer_crawl,60235.0,EST,2026-08-19T21:47:57+00:00
191919,,MARK,dealer_crawl,18070.0,EST,2026-08-19T21:47:57+00:00
191919,,MARK,dealer_crawl,5777.0,EST,2026-08-19T21:47:57+00:00
191919,,MARK,dealer_crawl,12162.0,EST,2026-08-19T21:47:57+00:00
191919,,MARK,dealer_crawl,57739.0,EST,2026-08-19T21:47:57+00:00
191919,,MARK,dealer_crawl,467.0,EST,2026-08-19T21:47:58+00:00
191919,,MARK,dealer_crawl,4856.0,EST,2026-08-19T21:47:58+00:00
191919,,MARK,dealer_crawl,900.0,EST,2026-08-19T21:47:58+00:00
191919,,MARK,dealer_crawl,467.0,EST,2026-08-19T21:47:58+00:00
191919,,MARK,dealer_crawl,19210.0,EST,2026-08-19T21:47:59+00:00
191919,,MARK,dealer_crawl,14762.0,EST,2026-08-19T21:48:00+00:00
191919,,MARK,dealer_crawl,5169.0,EST,2026-08-19T21:48:00+00:00
191919,,MARK,dealer_crawl,2617.0,EST,2026-08-20T04:37:36+00:00
191919,,MARK,dealer_crawl,766.0,EST,2026-08-20T04:37:36+00:00
191919,,MARK,dealer_crawl,833.0,EST,2026-08-20T04:37:36+00:00
191919,,MARK,dealer_crawl,2020.0,EST,2026-08-20T04:37:36+00:00
191919,,MARK,dealer_crawl,907.0,EST,2026-08-20T04:37:36+00:00
191919,,MARK,dealer_crawl,7499.0,EST,2026-08-20T04:37:37+00:00
191919,,MARK,dealer_crawl,8000.0,EST,2026-08-20T04:37:37+00:00
191919,,MARK,dealer_crawl,4746.0,EST,2026-08-20T04:37:37+00:00
191919,,MARK,dealer_crawl,14378.0,EST,2026-08-20T04:37:37+00:00
191919,,MARK,dealer_crawl,3980.0,EST,2026-08-20T04:37:38+00:00
191919,,MARK,dealer_crawl,9515.0,EST,2026-08-20T04:37:38+00:00
191919,,MARK,dealer_crawl,3900.0,EST,2026-08-20T04:37:38+00:00
191919,,MARK,dealer_crawl,2154.0,EST,2026-08-20T04:37:38+00:00
191919,,MARK,dealer_crawl,400.0,EST,2026-08-20T04:37:38+00:00
191919,,MARK,dealer_crawl,4495.0,EST,2026-08-20T04:37:38+00:00
191919,,MARK,dealer_crawl,1166.0,EST,2026-08-20T04:37:39+00:00
191919,,MARK,dealer_crawl,833.0,EST,2026-08-20T04:37:39+00:00
191919,,MARK,dealer_crawl,5551.0,EST,2026-08-20T04:37:39+00:00
191919,,MARK,dealer_crawl,2522.0,EST,2026-08-20T04:37:39+00:00
191919,,MARK,dealer_crawl,4461.0,EST,2026-08-20T04:37:39+00:00
191919,,MARK,dealer_crawl,2319.0,EST,2026-08-20T04:37:39+00:00
191919,,MARK,dealer_crawl,1720.0,EST,2026-08-20T04:37:39+00:00
191919,,MARK,dealer_crawl,194.0,EST,2026-08-20T04:37:42+00:00
191919,,MARK,dealer_crawl,5093.0,EST,2026-08-20T04:37:44+00:00
191919,,MARK,dealer_crawl,5248.0,EST,2026-08-20T04:37:44+00:00
191919,,MARK,dealer_crawl,11181.0,EST,2026-08-20T04:37:44+00:00
191919,,MARK,dealer_crawl,10648.0,EST,2026-08-20T04:37:44+00:00
191919,,MARK,dealer_crawl,1504.0,EST,2026-08-20T04:37:45+00:00
191919,,MARK,dealer_crawl,5476.0,EST,2026-08-20T04:37:45+00:00
191919,,MARK,dealer_crawl,12548.0,EST,2026-08-20T04:37:45+00:00
191919,,MARK,dealer_crawl,851.0,EST,2026-08-20T04:37:45+00:00
191919,,MARK,dealer_crawl,14771.0,EST,2026-08-20T04:37:45+00:00
191919,,MARK,dealer_crawl,471.0,EST,2026-08-20T04:37:46+00:00
191919,,MARK,dealer_crawl,7765.0,EST,2026-08-20T04:37:46+00:00
191919,,MARK,dealer_crawl,8802.0,EST,2026-08-20T04:37:46+00:00
191919,,MARK,dealer_crawl,500.0,EST,2026-08-20T04:37:46+00:00
191919,,MARK,dealer_crawl,13189.0,EST,2026-08-20T04:37:47+00:00
191919,,MARK,dealer_crawl,40767.0,EST,2026-08-20T04:37:47+00:00
191919,,MARK,dealer_crawl,16960.0,EST,2026-08-20T04:37:47+00:00
191919,,MARK,dealer_crawl,27001.0,EST,2026-08-20T04:37:47+00:00
191919,,MARK,dealer_crawl,2707.0,EST,2026-08-20T04:37:47+00:00
191919,,MARK,dealer_crawl,38638.0,EST,2026-08-20T04:37:47+00:00
191919,,MARK,dealer_crawl,4100.0,EST,2026-08-20T04:37:48+00:00
191919,,MARK,dealer_crawl,34990.0,EST,2026-08-20T04:37:48+00:00
191919,,MARK,dealer_crawl,18890.0,EST,2026-08-20T04:37:48+00:00
191919,,MARK,dealer_crawl,25218.0,EST,2026-08-20T04:37:48+00:00
191919,,MARK,dealer_crawl,45201.0,EST,2026-08-20T04:37:48+00:00
191919,,MARK,dealer_crawl,4408.0,EST,2026-08-20T04:37:48+00:00
191919,,MARK,dealer_crawl,5989.0,EST,2026-08-20T04:37:48+00:00
191919,,MARK,dealer_crawl,6274.0,EST,2026-08-20T04:37:48+00:00
191919,,MARK,dealer_crawl,36161.0,EST,2026-08-20T04:37:48+00:00
191919,,MARK,dealer_crawl,12500.0,EST,2026-08-20T04:37:48+00:00
191919,,MARK,dealer_crawl,22818.0,EST,2026-08-20T04:37:48+00:00
191919,,MARK,dealer_crawl,8730.0,EST,2026-08-20T04:37:48+00:00
191919,,MARK,dealer_crawl,13277.0,EST,2026-08-20T04:37:49+00:00
191919,,MARK,dealer_crawl,18567.0,EST,2026-08-20T04:37:49+00:00
191919,,MARK,dealer_crawl,25367.0,EST,2026-08-20T04:37:49+00:00
191919,,MARK,dealer_crawl,12937.0,EST,2026-08-20T04:37:49+00:00
191919,,MARK,dealer_crawl,205.0,EST,2026-08-20T04:37:49+00:00
191919,,MARK,dealer_crawl,15077.0,EST,2026-08-20T04:37:49+00:00
191919,,MARK,dealer_crawl,12007.0,EST,2026-08-20T04:37:49+00:00
191919,,MARK,dealer_crawl,12608.0,EST,2026-08-20T04:37:49+00:00
191919,,MARK,dealer_crawl,27000.0,EST,2026-08-20T04:37:49+00:00
191919,,MARK,dealer_crawl,9867.0,EST,2026-08-20T04:37:49+00:00
191919,,MARK,dealer_crawl,23977.0,EST,2026-08-20T04:37:49+00:00
191919,,MARK,dealer_crawl,12930.0,EST,2026-08-20T04:37:49+00:00
191919,,MARK,dealer_crawl,24417.0,EST,2026-08-20T04:37:49+00:00
191919,,MARK,dealer_crawl,20384.0,EST,2026-08-20T04:37:49+00:00
191919,,MARK,dealer_crawl,24340.0,EST,2026-08-20T04:37:49+00:00
191919,,MARK,dealer_crawl,894.0,EST,2026-08-20T04:37:49+00:00
191919,,MARK,dealer_crawl,176.0,EST,2026-08-20T04:37:49+00:00
191919,,MARK,dealer_crawl,1092.0,EST,2026-08-20T04:37:49+00:00
191919,,MARK,dealer_crawl,38874.0,EST,2026-08-21T21:45:17+00:00
191919,,MARK,dealer_crawl,7500.0,EST,2026-08-21T21:45:17+00:00
191919,,MARK,dealer_crawl,611.0,EST,2026-08-21T21:45:17+00:00
191919,,MARK,dealer_crawl,3485.0,EST,2026-08-21T21:45:17+00:00
191919,,MARK,dealer_crawl,3232.0,EST,2026-08-21T21:45:17+00:00
191919,,MARK,dealer_crawl,13500.0,EST,2026-08-21T21:45:17+00:00
191919,,MARK,dealer_crawl,121.0,EST,2026-08-21T21:45:17+00:00
191919,,MARK,dealer_crawl,4421.0,EST,2026-08-21T21:45:17+00:00
191919,,MARK,dealer_crawl,326.0,EST,2026-08-21T21:45:17+00:00
191919,,MARK,dealer_crawl,9459.0,EST,2026-08-21T21:45:17+00:00
191919,,MARK,dealer_crawl,2160.0,EST,2026-08-21T21:45:18+00:00
191919,,MARK,dealer_crawl,3295.0,EST,2026-08-21T21:45:18+00:00
191919,,MARK,dealer_crawl,2769.0,EST,2026-08-21T21:45:18+00:00
191919,,MARK,dealer_crawl,13771.0,EST,2026-08-21T21:45:19+00:00
191919,,MARK,dealer_crawl,49872.0,EST,2026-08-21T21:45:19+00:00
191919,,MARK,dealer_crawl,18500.0,EST,2026-08-21T21:45:19+00:00
191919,,MARK,dealer_crawl,60943.0,EST,2026-08-21T21:45:19+00:00
191919,,MARK,dealer_crawl,2263.0,EST,2026-08-21T21:45:20+00:00
191919,,MARK,dealer_crawl,179.0,EST,2026-08-21T21:45:20+00:00
191919,,MARK,dealer_crawl,773.0,EST,2026-08-21T21:45:20+00:00
191919,,MARK,dealer_crawl,898.0,EST,2026-08-21T21:45:20+00:00
191919,,MARK,dealer_crawl,766.0,EST,2026-08-21T21:45:20+00:00
191919,,MARK,dealer_crawl,1078.0,EST,2026-08-21T21:45:20+00:00
191919,,MARK,dealer_crawl,1000.0,EST,2026-08-21T21:45:20+00:00
191919,,MARK,dealer_crawl,5029.0,EST,2026-08-21T21:45:21+00:00
191919,,MARK,dealer_crawl,6105.0,EST,2026-08-21T21:45:21+00:00
191919,,MARK,dealer_crawl,3200.0,EST,2026-08-21T21:45:21+00:00
191919,,MARK,dealer_crawl,1814.0,EST,2026-08-21T21:45:21+00:00
191919,,MARK,dealer_crawl,4195.0,EST,2026-08-21T21:45:21+00:00
191919,,MARK,dealer_crawl,4418.0,EST,2026-08-21T21:45:21+00:00
191919,,MARK,dealer_crawl,8985.0,EST,2026-08-21T21:45:21+00:00
191919,,MARK,dealer_crawl,52009.0,EST,2026-08-21T21:45:21+00:00
191919,,MARK,dealer_crawl,21190.0,EST,2026-08-21T21:45:21+00:00
191919,,MARK,dealer_crawl,4573.0,EST,2026-08-21T21:45:21+00:00
191919,,MARK,dealer_crawl,12501.0,EST,2026-08-21T21:45:22+00:00
191919,,MARK,dealer_crawl,4500.0,EST,2026-08-21T21:45:23+00:00
191919,,MARK,dealer_crawl,6200.0,EST,2026-08-21T21:45:23+00:00
191919,,MARK,dealer_crawl,22390.0,EST,2026-08-21T21:45:23+00:00
191919,,MARK,dealer_crawl,14966.0,EST,2026-08-21T21:45:23+00:00
191919,,MARK,dealer_crawl,7841.0,EST,2026-08-21T21:45:23+00:00
191919,,MARK,dealer_crawl,4878.0,EST,2026-08-21T21:45:23+00:00
191919,,MARK,dealer_crawl,5290.0,EST,2026-08-21T21:45:23+00:00
191919,,MARK,dealer_crawl,6534.0,EST,2026-08-21T21:45:23+00:00
191919,,MARK,dealer_crawl,4573.0,EST,2026-08-21T21:45:23+00:00
191919,,MARK,dealer_crawl,4878.0,EST,2026-08-21T21:45:23+00:00
191919,,MARK,dealer_crawl,4269.0,EST,2026-08-21T21:45:23+00:00
191919,,MARK,dealer_crawl,6585.0,EST,2026-08-21T21:45:23+00:00
191919,,MARK,dealer_crawl,1119.0,EST,2026-08-21T21:45:24+00:00
191919,,MARK,dealer_crawl,659.0,EST,2026-08-21T21:45:24+00:00
191919,,MARK,dealer_crawl,616.0,EST,2026-08-21T21:45:24+00:00
191919,,MARK,dealer_crawl,197.0,EST,2026-08-21T21:45:24+00:00
191919,,MARK,dealer_crawl,5599.0,EST,2026-08-21T21:45:24+00:00
191919,,MARK,dealer_crawl,4704.0,EST,2026-08-21T21:45:24+00:00
191919,,MARK,dealer_crawl,4221.0,EST,2026-08-21T21:45:24+00:00
191919,,MARK,dealer_crawl,17515.0,EST,2026-08-21T21:45:24+00:00
191919,,MARK,dealer_crawl,10519.0,EST,2026-08-21T21:45:24+00:00
191919,,MARK,dealer_crawl,4555.0,EST,2026-08-21T21:45:24+00:00
191919,,MARK,dealer_crawl,1543.0,EST,2026-08-21T21:45:24+00:00
191919,,MARK,dealer_crawl,747.0,EST,2026-08-21T21:45:24+00:00
191919,,MARK,dealer_crawl,30854.0,EST,2026-08-21T21:45:25+00:00
191919,,MARK,dealer_crawl,12095.0,EST,2026-08-21T21:45:25+00:00
191919,,MARK,dealer_crawl,57809.0,EST,2026-08-21T21:45:25+00:00
191919,,MARK,dealer_crawl,50467.0,EST,2026-08-21T21:45:25+00:00
191919,,MARK,dealer_crawl,175.0,EST,2026-08-21T21:45:25+00:00
191919,,MARK,dealer_crawl,18294.0,EST,2026-08-21T21:45:25+00:00
191919,,MARK,dealer_crawl,25916.0,EST,2026-08-21T21:45:25+00:00
191919,,MARK,dealer_crawl,120.0,EST,2026-08-21T21:45:25+00:00
191919,,MARK,dealer_crawl,117.0,EST,2026-08-21T21:45:25+00:00
191919,,MARK,dealer_crawl,5975.0,EST,2026-08-21T21:45:25+00:00
191919,,MARK,dealer_crawl,4819.0,EST,2026-08-21T21:45:25+00:00
191919,,MARK,dealer_crawl,13068.0,EST,2026-08-21T21:45:25+00:00
191919,,MARK,dealer_crawl,588.0,EST,2026-08-21T21:45:25+00:00
191919,,MARK,dealer_crawl,7187.0,EST,2026-08-21T21:45:25+00:00
191919,,MARK,dealer_crawl,3790.0,EST,2026-08-21T21:45:25+00:00
191919,,MARK,dealer_crawl,7710.0,EST,2026-08-21T21:45:25+00:00
191919,,MARK,dealer_crawl,256.0,EST,2026-08-21T21:45:25+00:00
191919,,MARK,dealer_crawl,8195.0,EST,2026-08-21T21:45:25+00:00
191919,,MARK,dealer_crawl,6475.0,EST,2026-08-21T21:45:25+00:00
191919,,MARK,dealer_crawl,4005.0,EST,2026-08-21T21:45:25+00:00
191919,,MARK,dealer_crawl,816.0,EST,2026-08-21T21:45:25+00:00
191919,,MARK,dealer_crawl,3905.0,EST,2026-08-21T21:45:25+00:00
191919,,MARK,dealer_crawl,7651.0,EST,2026-08-21T21:45:26+00:00
191919,,MARK,dealer_crawl,7838.0,EST,2026-08-21T21:45:26+00:00
191919,,MARK,dealer_crawl,19483.0,EST,2026-08-21T21:45:26+00:00
191919,,MARK,dealer_crawl,6932.0,EST,2026-08-21T21:45:26+00:00
191919,,MARK,dealer_crawl,6994.0,EST,2026-08-21T21:45:26+00:00
191919,,MARK,dealer_crawl,28995.0,EST,2026-08-21T21:45:26+00:00
191919,,MARK,dealer_crawl,7514.0,EST,2026-08-21T21:45:26+00:00
191919,,MARK,dealer_crawl,3207.0,EST,2026-08-21T21:45:26+00:00
192.029,A. Lange & Söhne,MARK,manual_check,40373.0,VERIFIED,2026-08-09
192.032,A. Lange & Söhne,MARK,manual_check,35690.0,VERIFIED,2026-08-09
20.10.38.20.01.001,Omega,MARK,manual_check,4266.0,VERIFIED,2026-08-09
20.10.38.20.03.001,Omega,MARK,manual_check,4513.0,VERIFIED,2026-08-09
20.10.40.20.01.001,Omega,MARK,manual_check,3290.0,VERIFIED,2026-08-09
20.10.40.20.03.001,Omega,MARK,manual_check,3377.0,VERIFIED,2026-08-09
20.10.41.21.01.001,Omega,MARK,manual_check,3947.0,VERIFIED,2026-08-09
20.10.41.21.01.002,Omega,MARK,manual_check,5263.0,VERIFIED,2026-08-09
20.10.41.21.02.001,Omega,MARK,manual_check,4459.0,VERIFIED,2026-08-09
20.10.41.21.03.001,Omega,MARK,manual_check,4389.0,VERIFIED,2026-08-09
20.10.41.21.03.002,Omega,MARK,manual_check,4441.0,VERIFIED,2026-08-09
20.10.41.21.03.004,Omega,MARK,manual_check,4630.0,VERIFIED,2026-08-09
20.10.41.21.03.006,Omega,MARK,manual_check,6003.0,VERIFIED,2026-08-09
20.10.41.21.06.001,Omega,MARK,manual_check,4330.0,VERIFIED,2026-08-09
20.10.41.21.10.001,Omega,MARK,manual_check,4552.0,VERIFIED,2026-08-09
20.10.43.22.03.001,Omega,MARK,manual_check,7072.0,VERIFIED,2026-08-09
20.12.41.21.02.002,Omega,MARK,manual_check,4540.0,VERIFIED,2026-08-09
20.12.41.21.03.002,Omega,MARK,manual_check,4084.0,VERIFIED,2026-08-09
20.12.43.22.03.001,Omega,MARK,manual_check,6736.0,VERIFIED,2026-08-09
20023,,MARK,engine_median,2206.56,DERIVED,2026-08-14T21:47:56.498486+00:00
201.027,A. Lange & Söhne,MARK,manual_check,16629.0,VERIFIED,2026-08-09
201.033,A. Lange & Söhne,MARK,manual_check,15662.0,VERIFIED,2026-08-09
20447,,MARK,engine_median,2071.79,DERIVED,2026-08-13T12:05:36.604874+00:00
205.086,A. Lange & Söhne,MARK,manual_check,23673.0,VERIFIED,2026-08-09
20521,,MARK,engine_median,1116.0,DERIVED,2026-08-13T12:05:36.604874+00:00
2067RKY99W,,MARK,engine_median,22213.84,DERIVED,2026-08-13T12:05:36.604874+00:00
21.10.42.50.01.001,Omega,MARK,manual_check,4361.0,VERIFIED,2026-08-09
210.20.44.51.01.001,Omega,MARK,engine_median,17298.0,DERIVED,2026-08-13T12:05:36.604874+00:00
210.20.44.51.03.001,Omega,MARK,engine_median,11067.0,DERIVED,2026-08-13T12:05:36.604874+00:00
210.22.42.20.01.001,Omega,MARK,engine_median,6080.5,DERIVED,2026-08-20T19:55:02.750956+00:00
210.22.42.20.01.002,Omega,MARK,manual_check,5818.0,VERIFIED,2026-08-09
210.22.42.20.01.002,Omega,MARK,engine_median,8742.0,DERIVED,2026-08-13T12:05:36.604874+00:00
210.22.42.20.01.004,Omega,MARK,manual_check,7874.0,VERIFIED,2026-08-09
210.22.42.20.01.004,Omega,MARK,engine_median,7014.9,DERIVED,2026-08-13T12:05:36.604874+00:00
210.22.42.20.03.001,,MARK,engine_median,4774.66,DERIVED,2026-08-16T06:20:51.808998+00:00
210.22.42.20.03.002,Omega,MARK,manual_check,5771.0,VERIFIED,2026-08-09
210.22.42.20.03.002,Omega,MSRP,watchbase,9600.0,VERIFIED,2026-08-13T12:05:36+00:00
210.22.42.20.03.002,Omega,MARK,engine_median,6267.36,DERIVED,2026-08-13T12:05:36.604874+00:00
210.22.44.51.03.001,Omega,MARK,engine_median,13020.0,DERIVED,2026-08-13T12:05:36.604874+00:00
210.22.44.51.03.001,Omega,MARK,engine_median,6901.46,DERIVED,2026-08-16T10:01:25.617322+00:00
210.22.44.51.03.001,Omega,MARK,engine_median,13020.0,DERIVED,2026-08-16T21:41:16.998484+00:00
210.30.42.20.01.001,Omega,MARK,manual_check,4339.0,VERIFIED,2026-08-09
210.30.42.20.01.001,Omega,MSRP,watchbase,6700.0,VERIFIED,2026-08-13T12:05:36+00:00
210.30.42.20.01.001,Omega,MARK,engine_median,4743.0,DERIVED,2026-08-13T12:05:36.604874+00:00
210.30.42.20.01.002,Omega,MARK,engine_median,7440.0,DERIVED,2026-08-13T12:05:36.604874+00:00
210.30.42.20.01.010,Omega,MARK,manual_check,5537.0,VERIFIED,2026-08-09
210.30.42.20.01.010,Omega,MSRP,watchbase,7300.0,VERIFIED,2026-08-13T12:05:36+00:00
210.30.42.20.01.010,Omega,MARK,engine_median,6789.0,DERIVED,2026-08-13T12:05:36.604874+00:00
210.30.42.20.01.018,Omega,MSRP,watchbase,7300.0,VERIFIED,2026-08-13T12:05:36+00:00
210.30.42.20.01.018,Omega,MARK,engine_median,6789.0,DERIVED,2026-08-13T12:05:36.604874+00:00
210.30.42.20.03.001,Omega,MARK,manual_check,4420.0,VERIFIED,2026-08-09
210.30.42.20.03.001,Omega,MSRP,watchbase,6700.0,VERIFIED,2026-08-13T12:05:36+00:00
210.30.42.20.03.001,Omega,MARK,engine_median,4465.5,DERIVED,2026-08-13T12:05:36.604874+00:00
210.30.42.20.03.001,Omega,MARK,engine_median,6231.0,DERIVED,2026-08-21T21:45:15.687735+00:00
210.30.42.20.03.002,Omega,MARK,manual_check,6948.0,VERIFIED,2026-08-09
210.30.42.20.03.002,Omega,MARK,engine_median,8742.0,DERIVED,2026-08-13T12:05:36.604874+00:00
210.30.42.20.03.002,Omega,MARK,engine_median,5838.06,DERIVED,2026-08-16T10:01:25.617322+00:00
210.30.42.20.03.002,Omega,MARK,engine_median,8742.0,DERIVED,2026-08-16T21:41:16.998484+00:00
210.30.42.20.03.003,Omega,MARK,manual_check,4856.0,VERIFIED,2026-08-09
210.30.42.20.03.003,Omega,MARK,engine_median,6603.0,DERIVED,2026-08-13T12:05:36.604874+00:00
210.30.42.20.04.001,Omega,MARK,manual_check,4422.0,VERIFIED,2026-08-09
210.30.42.20.04.001,Omega,MSRP,watchbase,6700.0,VERIFIED,2026-08-13T12:05:36+00:00
210.30.42.20.04.001,Omega,MARK,engine_median,4521.46,DERIVED,2026-08-13T12:05:36.604874+00:00
210.30.42.20.04.002,Omega,MARK,engine_median,6789.0,DERIVED,2026-08-13T12:05:36.604874+00:00
210.30.42.20.06.001,Omega,MARK,manual_check,4016.0,VERIFIED,2026-08-09
210.30.42.20.06.001,Omega,MARK,engine_median,4830.72,DERIVED,2026-08-13T12:05:36.604874+00:00
210.30.42.20.06.001,Omega,MARK,engine_median,3415.16,DERIVED,2026-08-13T22:07:35.994213+00:00
210.30.42.20.06.001,Omega,MARK,engine_median,4830.72,DERIVED,2026-08-14T21:47:56.498486+00:00
210.30.42.20.06.001,Omega,MARK,engine_median,4185.0,DERIVED,2026-08-15T21:41:53.174601+00:00
210.30.42.20.06.002,Omega,MARK,manual_check,5594.0,VERIFIED,2026-08-09
210.30.42.20.06.002,Omega,MSRP,watchbase,7300.0,VERIFIED,2026-08-13T12:05:36+00:00
210.30.42.20.06.002,Omega,MARK,engine_median,6789.0,DERIVED,2026-08-13T12:05:36.604874+00:00
210.30.42.20.10,Omega,MARK,manual_check,4942.0,VERIFIED,2026-08-09
210.30.42.20.10.001,Omega,MARK,manual_check,4942.0,VERIFIED,2026-08-09
210.30.42.20.10.001,Omega,MSRP,watchbase,6700.0,VERIFIED,2026-08-13T12:05:36+00:00
210.30.42.20.10.001,Omega,MARK,engine_median,6231.0,DERIVED,2026-08-13T12:05:36.604874+00:00
210.30.44.51.01.001,Omega,MARK,manual_check,5457.0,VERIFIED,2026-08-09
210.30.44.51.01.001,Omega,MSRP,watchbase,9600.0,VERIFIED,2026-08-13T12:05:36+00:00
210.30.44.51.01.001,Omega,MARK,engine_median,8928.0,DERIVED,2026-08-13T12:05:36.604874+00:00
210.30.44.51.01.001,Omega,MARK,engine_median,4611.55,DERIVED,2026-08-13T22:07:35.994213+00:00
210.30.44.51.01.001,Omega,MARK,engine_median,8928.0,DERIVED,2026-08-14T21:47:56.498486+00:00
210.30.44.51.01.001,Omega,MARK,engine_median,4611.55,DERIVED,2026-08-16T10:01:25.617322+00:00
210.30.44.51.01.001,Omega,MARK,engine_median,8928.0,DERIVED,2026-08-17T21:49:35.588367+00:00
210.30.44.51.03.001,Omega,MARK,engine_median,8928.0,DERIVED,2026-08-13T12:05:36.604874+00:00
210.30.44.51.03.002,Omega,MSRP,watchbase,13400.0,VERIFIED,2026-08-13T12:05:36+00:00
210.30.44.51.03.002,Omega,MARK,engine_median,5590.41,DERIVED,2026-08-13T12:05:36.604874+00:00
210.30.44.51.06.001,Omega,MARK,engine_median,8928.0,DERIVED,2026-08-13T12:05:36.604874+00:00
210.32.42.20.01.001,Omega,MARK,manual_check,4417.0,VERIFIED,2026-08-09
210.32.42.20.01.001,Omega,MARK,engine_median,5859.0,DERIVED,2026-08-13T12:05:36.604874+00:00
210.32.42.20.01.001,Omega,MARK,engine_median,4556.07,DERIVED,2026-08-14T21:47:56.498486+00:00
210.32.42.20.01.001,Omega,MARK,engine_median,5859.0,DERIVED,2026-08-16T06:20:51.808998+00:00
210.32.42.20.01.003,Omega,MARK,manual_check,5286.0,VERIFIED,2026-08-09
210.32.42.20.01.003,Omega,MSRP,watchbase,6900.0,VERIFIED,2026-08-13T12:05:36+00:00
210.32.42.20.01.003,Omega,MARK,engine_median,6417.0,DERIVED,2026-08-13T12:05:36.604874+00:00
210.32.42.20.01.005,Omega,MARK,engine_median,6417.0,DERIVED,2026-08-13T12:05:36.604874+00:00
210.32.42.20.01.006,Omega,MSRP,watchbase,6900.0,VERIFIED,2026-08-13T12:05:36+00:00
210.32.42.20.01.006,Omega,MARK,engine_median,6417.0,DERIVED,2026-08-13T12:05:36.604874+00:00
210.32.42.20.03.001,Omega,MARK,manual_check,4191.0,VERIFIED,2026-08-09
210.32.42.20.03.001,Omega,MSRP,watchbase,6300.0,VERIFIED,2026-08-13T12:05:36+00:00
210.32.42.20.03.001,Omega,MARK,engine_median,5859.0,DERIVED,2026-08-13T12:05:36.604874+00:00
210.32.42.20.03.002,Omega,MARK,manual_check,4829.0,VERIFIED,2026-08-09
210.32.42.20.03.002,Omega,MARK,engine_median,6231.0,DERIVED,2026-08-13T12:05:36.604874+00:00
210.32.42.20.04.001,Omega,MARK,manual_check,4266.0,VERIFIED,2026-08-09
210.32.42.20.04.001,Omega,MSRP,watchbase,6300.0,VERIFIED,2026-08-13T12:05:36+00:00
210.32.42.20.04.001,Omega,MARK,engine_median,4241.66,DERIVED,2026-08-13T12:05:36.604874+00:00
210.32.42.20.04.002,Omega,MARK,engine_median,6417.0,DERIVED,2026-08-13T12:05:36.604874+00:00
210.32.42.20.06.001,Omega,MARK,manual_check,4016.0,VERIFIED,2026-08-09
210.32.42.20.06.001,Omega,MARK,engine_median,4208.85,DERIVED,2026-08-13T12:05:36.604874+00:00
210.32.42.20.06.002,Omega,MSRP,watchbase,6900.0,VERIFIED,2026-08-13T12:05:36+00:00
210.32.42.20.06.002,Omega,MARK,engine_median,6417.0,DERIVED,2026-08-13T12:05:36.604874+00:00
210.32.42.20.10,Omega,MARK,manual_check,4619.0,VERIFIED,2026-08-09
210.32.42.20.10.001,Omega,MARK,manual_check,4619.0,VERIFIED,2026-08-09
210.32.42.20.10.001,Omega,MSRP,watchbase,6300.0,VERIFIED,2026-08-13T12:05:36+00:00
210.32.42.20.10.001,Omega,MARK,engine_median,5859.0,DERIVED,2026-08-13T12:05:36.604874+00:00
210.32.44.51.01.001,Omega,MARK,manual_check,5510.0,VERIFIED,2026-08-09
210.32.44.51.01.001,Omega,MARK,engine_median,5209.74,DERIVED,2026-08-13T12:05:36.604874+00:00
210.32.44.51.01.002,Omega,MARK,engine_median,8742.0,DERIVED,2026-08-13T12:05:36.604874+00:00
210.52.42.20.04.001,Omega,MARK,engine_median,930.0,DERIVED,2026-08-13T12:05:36.604874+00:00
210.52.42.20.04.001,Omega,MARK,engine_median,33108.0,DERIVED,2026-08-19T21:47:49.086150+00:00
210.52.42.20.04.001,Omega,MARK,engine_median,930.0,DERIVED,2026-08-20T04:37:33.725646+00:00
210.55.42.20.99.001,Omega,MARK,engine_median,175212.0,DERIVED,2026-08-13T12:05:36.604874+00:00
210.60.42.20.99.001,Omega,MARK,engine_median,12555.0,DERIVED,2026-08-13T12:05:36.604874+00:00
210.60.44.51.03.001,Omega,MARK,engine_median,25389.0,DERIVED,2026-08-13T12:05:36.604874+00:00
210.62.42.20.01.002,Omega,MARK,engine_median,930.0,DERIVED,2026-08-13T12:05:36.604874+00:00
210.62.42.20.01.003,Omega,MARK,engine_median,930.0,DERIVED,2026-08-13T12:05:36.604874+00:00
210.62.42.20.01.003,Omega,MARK,engine_median,32550.0,DERIVED,2026-08-19T21:47:49.086150+00:00
210.62.42.20.01.003,Omega,MARK,engine_median,930.0,DERIVED,2026-08-20T04:37:33.725646+00:00
210.62.42.20.10.001,Omega,MARK,engine_median,30690.0,DERIVED,2026-08-13T12:05:36.604874+00:00
210.90.42.20.01.001,Omega,MARK,manual_check,7672.0,VERIFIED,2026-08-09
210.90.42.20.01.001,Omega,MSRP,watchbase,9700.0,VERIFIED,2026-08-13T12:05:36+00:00
210.90.42.20.01.001,Omega,MARK,engine_median,10509.0,DERIVED,2026-08-13T12:05:36.604874+00:00
210.90.42.20.01.001,Omega,MARK,engine_median,7722.29,DERIVED,2026-08-20T19:55:02.750956+00:00
210.90.42.20.01.003,Omega,MARK,engine_median,30969.0,DERIVED,2026-08-13T12:05:36.604874+00:00
210.90.42.20.10.001,Omega,MARK,manual_check,8953.0,VERIFIED,2026-04
210.90.42.20.10.001,Omega,MSRP,watchbase,12500.0,VERIFIED,2026-08-13T12:05:36+00:00
210.90.42.20.10.001,Omega,MARK,engine_median,11625.0,DERIVED,2026-08-13T12:05:36.604874+00:00
210.92.42.20.01.001,Omega,MARK,manual_check,6982.0,VERIFIED,2026-08-09
210.92.42.20.01.003,Omega,MARK,engine_median,15438.0,DERIVED,2026-08-13T12:05:36.604874+00:00
210.92.42.20.10.001,Omega,MSRP,watchbase,11700.0,VERIFIED,2026-08-13T12:05:36+00:00
210.92.42.20.10.001,Omega,MARK,engine_median,10695.0,DERIVED,2026-08-13T12:05:36.604874+00:00
210.92.44.20.01.0,Omega,MARK,manual_check,6494.0,VERIFIED,2026-08-09
210.92.44.20.01.001,Omega,MARK,manual_check,5546.0,VERIFIED,2026-08-09
210.92.44.20.01.001,Omega,MARK,engine_median,6045.0,DERIVED,2026-08-13T12:05:36.604874+00:00
210.92.44.20.01.002,Omega,MARK,engine_median,6928.5,DERIVED,2026-08-13T12:05:36.604874+00:00
210.92.44.20.01.003,Omega,MARK,manual_check,6494.0,VERIFIED,2026-08-09
210.92.44.20.01.003,Omega,MARK,engine_median,5436.55,DERIVED,2026-08-13T12:05:36.604874+00:00
210.92.44.20.01.003,Omega,MARK,engine_median,9951.0,DERIVED,2026-08-14T21:47:56.498486+00:00
210.92.44.20.01.003,Omega,MARK,engine_median,5436.55,DERIVED,2026-08-16T06:20:51.808998+00:00
211.026,A. Lange & Söhne,MARK,manual_check,14173.0,VERIFIED,2026-08-09
211.032,A. Lange & Söhne,MARK,manual_check,14607.0,VERIFIED,2026-08-09
212.30.36.20.01.001,Omega,MARK,manual_check,2947.0,VERIFIED,2026-08-09
212.30.36.20.01.002,Omega,MARK,manual_check,3050.0,VERIFIED,2026-08-09
212.30.36.20.01.002,Omega,MARK,engine_median,2747.5,DERIVED,2026-08-13T12:05:36.604874+00:00
212.30.36.61.01.001,,MARK,engine_median,2536.2,DERIVED,2026-08-14T21:47:56.498486+00:00
212.30.36.61.01.001,,MARK,engine_median,2435.19,DERIVED,2026-08-16T06:20:51.808998+00:00
212.30.41.20.01.002,Omega,MARK,manual_check,3148.0,VERIFIED,2026-08-09
212.30.41.20.01.003,Omega,MARK,manual_check,3364.0,VERIFIED,2026-08-09
212.30.41.20.01.005,Omega,MARK,manual_check,4787.0,VERIFIED,2026-08-09
212.30.41.20.03.001,Omega,MARK,manual_check,3315.0,VERIFIED,2026-08-09
212.30.41.20.03.001,Omega,MARK,engine_median,2800.07,DERIVED,2026-08-20T19:55:02.750956+00:00
212.30.41.20.04.001,,MARK,engine_median,3020.05,DERIVED,2026-08-16T06:20:51.808998+00:00
212.30.41.61.01.001,Omega,MARK,manual_check,2573.0,VERIFIED,2026-08-09
212.30.42.50.03.001,,MARK,engine_median,2759.51,DERIVED,2026-08-14T21:47:56.498486+00:00
212.30.44.50.01.001,Omega,MARK,manual_check,4019.0,VERIFIED,2026-08-09
212.30.44.50.01.001,Omega,MARK,engine_median,3198.64,DERIVED,2026-08-13T22:07:35.994213+00:00
212.30.44.52.01.001,Omega,MARK,engine_median,3682.07,DERIVED,2026-08-13T12:05:36.604874+00:00
212.30.44.52.03.001,Omega,MARK,engine_median,3682.07,DERIVED,2026-08-13T12:05:36.604874+00:00
212.32.41.20.04.001,Omega,MARK,manual_check,5492.0,VERIFIED,2026-08-09
213.30.42.40.01.001,Omega,MARK,manual_check,3160.0,VERIFIED,2026-08-09
214270,Rolex,MARK,manual_check,7506.0,VERIFIED,2026-08-09
214270,Rolex,MARK,engine_median,7440.0,DERIVED,2026-08-13T12:05:36.604874+00:00
214270,Rolex,MARK,engine_median,7482.56,DERIVED,2026-08-13T22:07:35.994213+00:00
214270,Rolex,MARK,engine_median,7440.0,DERIVED,2026-08-14T21:47:56.498486+00:00
214270,Rolex,MARK,engine_median,7423.53,DERIVED,2026-08-17T21:49:35.588367+00:00
214270,Rolex,MARK,engine_median,7440.0,DERIVED,2026-08-20T04:37:33.725646+00:00
214270,Rolex,MARK,engine_median,7482.56,DERIVED,2026-08-21T21:45:15.687735+00:00
215.23.40.20.04.001,Omega,MSRP,watchbase,9800.0,VERIFIED,2026-08-13T12:05:36+00:00
215.23.40.20.04.001,Omega,MARK,engine_median,9579.0,DERIVED,2026-08-13T12:05:36.604874+00:00
215.23.40.20.04.001,Omega,MARK,engine_median,6678.33,DERIVED,2026-08-16T10:01:25.617322+00:00
215.23.40.20.04.001,Omega,MARK,engine_median,9579.0,DERIVED,2026-08-17T21:49:35.588367+00:00
215.23.40.20.04.001,Omega,MARK,engine_median,6678.33,DERIVED,2026-08-19T21:47:49.086150+00:00
215.23.40.20.04.001,Omega,MARK,engine_median,9579.0,DERIVED,2026-08-20T04:37:33.725646+00:00
215.23.40.20.04.001,Omega,MARK,engine_median,6678.33,DERIVED,2026-08-21T21:45:15.687735+00:00
215.30.40.,Omega,MARK,manual_check,4246.0,VERIFIED,2026-08-09
215.30.40.20.01.001,Omega,MARK,manual_check,4302.0,VERIFIED,2026-08-09
215.30.40.20.01.001,Omega,MARK,engine_median,7440.0,DERIVED,2026-08-13T12:05:36.604874+00:00
215.30.40.20.03.0,Omega,MARK,manual_check,5714.0,VERIFIED,2026-08-09
215.30.40.20.03.001,Omega,MARK,manual_check,4246.0,VERIFIED,2026-08-09
215.30.40.20.03.001,Omega,MSRP,watchbase,7400.0,VERIFIED,2026-08-13T12:05:36+00:00
215.30.40.20.03.001,Omega,MARK,engine_median,6366.02,DERIVED,2026-08-13T12:05:36.604874+00:00
215.30.40.20.03.002,Omega,MARK,manual_check,5714.0,VERIFIED,2026-08-09
215.30.40.20.03.002,Omega,MSRP,watchbase,8300.0,VERIFIED,2026-08-13T12:05:36+00:00
215.30.40.20.03.002,Omega,MARK,engine_median,7719.0,DERIVED,2026-08-13T12:05:36.604874+00:00
215.30.40.20.03.002,Omega,MARK,engine_median,4508.81,DERIVED,2026-08-16T06:20:51.808998+00:00
215.30.40.20.04.001,Omega,MSRP,watchbase,7400.0,VERIFIED,2026-08-13T12:05:36+00:00
215.30.40.20.04.001,Omega,MARK,engine_median,4521.46,DERIVED,2026-08-13T12:05:36.604874+00:00
215.30.44.,Omega,MARK,manual_check,4731.0,VERIFIED,2026-08-09
215.30.44.21.01.001,Omega,MARK,manual_check,4285.0,VERIFIED,2026-08-09
215.30.44.21.01.001,Omega,MSRP,watchbase,7600.0,VERIFIED,2026-08-13T12:05:36+00:00
215.30.44.21.01.001,Omega,MARK,engine_median,4557.0,DERIVED,2026-08-13T12:05:36.604874+00:00
215.30.44.21.01.002,Omega,MARK,manual_check,4550.0,VERIFIED,2026-08-09
215.30.44.21.01.002,Omega,MSRP,watchbase,7400.0,VERIFIED,2026-08-13T12:05:36+00:00
215.30.44.21.01.002,Omega,MARK,engine_median,7440.0,DERIVED,2026-08-13T12:05:36.604874+00:00
215.30.44.21.03.001,Omega,MARK,manual_check,4102.0,VERIFIED,2026-08-09
215.30.44.21.03.001,Omega,MSRP,watchbase,7100.0,VERIFIED,2026-08-13T12:05:36+00:00
215.30.44.21.03.001,Omega,MARK,engine_median,7440.0,DERIVED,2026-08-13T12:05:36.604874+00:00
215.30.44.21.03.001,Omega,MARK,engine_median,6366.02,DERIVED,2026-08-14T21:47:56.498486+00:00
215.30.44.21.04.001,Omega,MARK,manual_check,4731.0,VERIFIED,2026-08-09
215.30.44.21.04.001,Omega,MSRP,watchbase,7040.0,VERIFIED,2026-08-13T12:05:36+00:00
215.30.44.21.04.001,Omega,MARK,engine_median,4577.41,DERIVED,2026-08-13T12:05:36.604874+00:00
215.30.44.22.01.001,Omega,MARK,manual_check,5145.0,VERIFIED,2026-08-09
215.30.44.22.01.001,Omega,MSRP,watchbase,9800.0,VERIFIED,2026-08-13T12:05:36+00:00
215.30.44.22.01.001,Omega,MARK,engine_median,4384.31,DERIVED,2026-08-13T12:05:36.604874+00:00
215.30.46.21.03.001,Omega,MARK,engine_median,13299.0,DERIVED,2026-08-13T12:05:36.604874+00:00
215.30.46.21.03.002,Omega,MARK,engine_median,13578.0,DERIVED,2026-08-13T12:05:36.604874+00:00
215.30.46.21.04.001,Omega,MARK,engine_median,13299.0,DERIVED,2026-08-13T12:05:36.604874+00:00
215.30.46.51.01.001,Omega,MARK,manual_check,5261.0,VERIFIED,2026-08-09
215.30.46.51.01.001,Omega,MSRP,watchbase,8900.0,VERIFIED,2026-08-13T12:05:36+00:00
215.30.46.51.01.001,Omega,MARK,engine_median,3916.65,DERIVED,2026-08-13T12:05:36.604874+00:00
215.30.46.51.01.002,Omega,MSRP,watchbase,8900.0,VERIFIED,2026-08-13T12:05:36+00:00
215.30.46.51.01.002,Omega,MARK,engine_median,4559.69,DERIVED,2026-08-13T12:05:36.604874+00:00
215.30.46.51.03.001,Omega,MARK,manual_check,5526.0,VERIFIED,2026-08-09
215.30.46.51.03.001,Omega,MSRP,watchbase,9100.0,VERIFIED,2026-08-13T12:05:36+00:00
215.30.46.51.03.001,Omega,MARK,engine_median,5472.75,DERIVED,2026-08-13T12:05:36.604874+00:00
215.30.46.51.99.001,Omega,MARK,engine_median,6099.49,DERIVED,2026-08-13T12:05:36.604874+00:00
215.32.43.21.04.001,Omega,MARK,engine_median,4822.74,DERIVED,2026-08-13T12:05:36.604874+00:00
215.32.44.,Omega,MARK,manual_check,4533.0,VERIFIED,2026-08-09
215.32.44.21.01.001,Omega,MARK,manual_check,4533.0,VERIFIED,2026-08-09
215.32.44.21.01.001,Omega,MSRP,watchbase,7600.0,VERIFIED,2026-08-13T12:05:36+00:00
215.32.44.21.01.001,Omega,MARK,engine_median,4465.5,DERIVED,2026-08-13T12:05:36.604874+00:00
215.32.44.21.01.002,Omega,MSRP,watchbase,8000.0,VERIFIED,2026-08-13T12:05:36+00:00
215.32.44.21.01.002,Omega,MARK,engine_median,5765.07,DERIVED,2026-08-13T12:05:36.604874+00:00
215.32.44.21.04.001,Omega,MSRP,watchbase,7600.0,VERIFIED,2026-08-13T12:05:36+00:00
215.32.44.21.04.001,Omega,MARK,engine_median,5513.75,DERIVED,2026-08-13T12:05:36.604874+00:00
215.32.44.21.06.001,Omega,MSRP,watchbase,7600.0,VERIFIED,2026-08-13T12:05:36+00:00
215.32.44.21.06.001,Omega,MARK,engine_median,7440.0,DERIVED,2026-08-13T12:05:36.604874+00:00
215.32.44.21.09.001,Omega,MARK,manual_check,5951.0,VERIFIED,2025-12
215.32.44.21.09.001,Omega,MSRP,watchbase,7900.0,VERIFIED,2026-08-13T12:05:36+00:00
215.32.44.21.09.001,Omega,MARK,engine_median,7905.0,DERIVED,2026-08-13T12:05:36.604874+00:00
215.32.46.21.03.001,Omega,MSRP,watchbase,13900.0,VERIFIED,2026-08-13T12:05:36+00:00
215.32.46.21.03.001,Omega,MARK,engine_median,12927.0,DERIVED,2026-08-13T12:05:36.604874+00:00
215.32.46.21.04.001,Omega,MSRP,watchbase,13900.0,VERIFIED,2026-08-13T12:05:36+00:00
215.32.46.21.04.001,Omega,MARK,engine_median,10137.0,DERIVED,2026-08-13T12:05:36.604874+00:00
215.32.46.21.06.001,Omega,MSRP,watchbase,13900.0,VERIFIED,2026-08-13T12:05:36+00:00
215.32.46.21.06.001,Omega,MARK,engine_median,8369.07,DERIVED,2026-08-13T12:05:36.604874+00:00
215.32.46.51.01.001,Omega,MARK,engine_median,6427.47,DERIVED,2026-08-15T21:41:53.174601+00:00
215.32.46.51.01.004,Omega,MSRP,watchbase,10900.0,VERIFIED,2026-08-13T12:05:36+00:00
215.32.46.51.01.004,Omega,MARK,engine_median,9393.0,DERIVED,2026-08-13T12:05:36.604874+00:00
215.32.46.51.06.001,Omega,MSRP,watchbase,9500.0,VERIFIED,2026-08-13T12:05:36+00:00
215.32.46.51.06.001,Omega,MARK,engine_median,9393.0,DERIVED,2026-08-13T12:05:36.604874+00:00
215.32.46.51.09.001,Omega,MARK,engine_median,10137.0,DERIVED,2026-08-13T12:05:36.604874+00:00
215.33.44.21.01.001,,MARK,engine_median,3179.56,DERIVED,2026-08-16T06:20:51.808998+00:00
215.33.44.21.03.001,Omega,MSRP,watchbase,7600.0,VERIFIED,2026-08-13T12:05:36+00:00
215.33.44.21.03.001,Omega,MARK,engine_median,4297.62,DERIVED,2026-08-13T12:05:36.604874+00:00
215.33.44.22.01.001,Omega,MSRP,watchbase,8300.0,VERIFIED,2026-08-13T12:05:36+00:00
215.33.44.22.01.001,Omega,MARK,engine_median,6995.81,DERIVED,2026-08-13T12:05:36.604874+00:00
215.33.46.51.01.001,Omega,MARK,engine_median,6427.47,DERIVED,2026-08-15T21:41:53.174601+00:00
215.63.46.51.01.001,Omega,MARK,engine_median,24180.0,DERIVED,2026-08-13T12:05:36.604874+00:00
215.90.44.21.99.001,Omega,MARK,engine_median,6789.82,DERIVED,2026-08-15T21:41:53.174601+00:00
215.92.44.21.99.001,Omega,MSRP,watchbase,11900.0,VERIFIED,2026-08-13T12:05:36+00:00
215.92.44.21.99.001,Omega,MARK,engine_median,5952.0,DERIVED,2026-08-13T12:05:36.604874+00:00
215.92.46.21.01.001,Omega,MARK,engine_median,14229.0,DERIVED,2026-08-13T12:05:36.604874+00:00
215.92.46.22.01.002,Omega,MSRP,watchbase,12300.0,VERIFIED,2026-08-13T12:05:36+00:00
215.92.46.22.01.002,Omega,MARK,engine_median,4992.27,DERIVED,2026-08-13T12:05:36.604874+00:00
215.92.46.22.01.003,Omega,MARK,engine_median,5046.6,DERIVED,2026-08-13T12:05:36.604874+00:00
215.92.46.22.01.006,Omega,MARK,engine_median,15531.0,DERIVED,2026-08-13T12:05:36.604874+00:00
215.92.46.22.01.007,Omega,MARK,engine_median,15531.0,DERIVED,2026-08-13T12:05:36.604874+00:00
215.92.46.22.99.002,Omega,MARK,engine_median,23250.0,DERIVED,2026-08-13T12:05:36.604874+00:00
215.92.46.51.01.001,Omega,MARK,engine_median,6430.33,DERIVED,2026-08-13T12:05:36.604874+00:00
215.92.46.51.01.003,Omega,MSRP,watchbase,13300.0,VERIFIED,2026-08-13T12:05:36+00:00
215.92.46.51.01.003,Omega,MARK,engine_median,13950.0,DERIVED,2026-08-13T12:05:36.604874+00:00
215.92.46.51.99.001,Omega,MSRP,watchbase,11900.0,VERIFIED,2026-08-13T12:05:36+00:00
215.92.46.51.99.001,Omega,MARK,engine_median,6379.28,DERIVED,2026-08-13T12:05:36.604874+00:00
216570,Rolex,MARK,manual_check,8861.0,VERIFIED,2026-08-09
216570,,MARK,seed_kb,8783.0,VERIFIED,2026-08-13T12:05:36+00:00
216570,Rolex,MARK,engine_median,8476.34,DERIVED,2026-08-13T12:05:36.604874+00:00
217.30.42.21.01.001,Omega,MSRP,watchbase,9200.0,VERIFIED,2026-08-13T12:05:36+00:00
217.30.42.21.01.001,Omega,MARK,engine_median,8556.0,DERIVED,2026-08-13T12:05:36.604874+00:00
217.30.42.21.01.002,Omega,MARK,engine_median,8556.0,DERIVED,2026-08-13T12:05:36.604874+00:00
217.30.42.21.01.003,Omega,MSRP,watchbase,9500.0,VERIFIED,2026-08-13T12:05:36+00:00
217.30.42.21.01.003,Omega,MARK,engine_median,8835.0,DERIVED,2026-08-13T12:05:36.604874+00:00
217.32.42.21.01.001,Omega,MARK,engine_median,7998.0,DERIVED,2026-08-13T12:05:36.604874+00:00
217.32.42.21.01.002,Omega,MSRP,watchbase,8600.0,VERIFIED,2026-08-13T12:05:36+00:00
217.32.42.21.01.002,Omega,MARK,engine_median,7998.0,DERIVED,2026-08-13T12:05:36.604874+00:00
217.32.42.21.01.003,Omega,MSRP,watchbase,8900.0,VERIFIED,2026-08-13T12:05:36+00:00
217.32.42.21.01.003,Omega,MARK,engine_median,8277.0,DERIVED,2026-08-13T12:05:36.604874+00:00
217.32.42.21.01.004,Omega,MARK,engine_median,8277.0,DERIVED,2026-08-13T12:05:36.604874+00:00
218206,Rolex,MARK,manual_check,50692.0,VERIFIED,2026-08-09
218206,Rolex,MARK,engine_median,42136.15,DERIVED,2026-08-13T12:05:36.604874+00:00
218206,Rolex,MARK,engine_median,50379.72,DERIVED,2026-08-13T22:07:35.994213+00:00
218206,Rolex,MARK,engine_median,42136.15,DERIVED,2026-08-14T21:47:56.498486+00:00
218206,Rolex,MARK,engine_median,50379.72,DERIVED,2026-08-15T21:41:53.174601+00:00
218206,Rolex,MARK,engine_median,42136.15,DERIVED,2026-08-16T21:41:16.998484+00:00
218206,Rolex,MARK,engine_median,50379.72,DERIVED,2026-08-19T21:47:49.086150+00:00
218206,Rolex,MARK,engine_median,42136.15,DERIVED,2026-08-20T04:37:33.725646+00:00
218206,Rolex,MARK,engine_median,50379.72,DERIVED,2026-08-20T21:48:50.588638+00:00
218206,Rolex,MARK,engine_median,42136.15,DERIVED,2026-08-21T21:45:15.687735+00:00
218238,Rolex,MARK,manual_check,34316.0,VERIFIED,2026-08-09
218239,Rolex,MARK,manual_check,32859.0,VERIFIED,2026-08-09
218239,,MARK,engine_median,34975.16,DERIVED,2026-08-16T21:41:16.998484+00:00
219.026,A. Lange & Söhne,MARK,manual_check,14494.0,VERIFIED,2026-08-09
219.032,A. Lange & Söhne,MARK,manual_check,15210.0,VERIFIED,2026-08-09
219.043,A. Lange & Söhne,MARK,manual_check,15881.0,VERIFIED,2026-08-09
220.028,,MARK,engine_median,23266.08,DERIVED,2026-08-13T12:05:36.604874+00:00
220.10.28.60.53.001,Omega,MARK,engine_median,3441.0,DERIVED,2026-08-13T12:05:36.604874+00:00
220.10.28.60.54.001,Omega,MARK,engine_median,2910.36,DERIVED,2026-08-13T12:05:36.604874+00:00
220.10.30.20.01.001,Omega,MARK,engine_median,4745.29,DERIVED,2026-08-13T12:05:36.604874+00:00
220.10.30.20.02.001,Omega,MARK,engine_median,4745.29,DERIVED,2026-08-13T12:05:36.604874+00:00
220.10.30.20.02.001,Omega,MARK,engine_median,6603.0,DERIVED,2026-08-20T19:55:02.750956+00:00
220.10.30.20.03.001,Omega,MARK,engine_median,6603.0,DERIVED,2026-08-13T12:05:36.604874+00:00
220.10.30.20.09.001,Omega,MARK,engine_median,4745.29,DERIVED,2026-08-13T12:05:36.604874+00:00
220.10.30.20.10.002,Omega,MARK,engine_median,6603.0,DERIVED,2026-08-13T12:05:36.604874+00:00
220.10.30.20.55.001,Omega,MARK,engine_median,5528.71,DERIVED,2026-08-13T12:05:36.604874+00:00
220.10.30.20.60.001,Omega,MARK,engine_median,5304.88,DERIVED,2026-08-13T12:05:36.604874+00:00
220.10.34.20.01.001,Omega,MARK,engine_median,6882.0,DERIVED,2026-08-13T12:05:36.604874+00:00
220.10.34.20.02.001,Omega,MSRP,watchbase,7400.0,VERIFIED,2026-08-13T12:05:36+00:00
220.10.34.20.02.001,Omega,MARK,engine_median,3905.92,DERIVED,2026-08-13T12:05:36.604874+00:00
220.10.34.20.03.001,Omega,MARK,engine_median,6603.0,DERIVED,2026-08-13T12:05:36.604874+00:00
220.10.34.20.03.002,Omega,MSRP,watchbase,7400.0,VERIFIED,2026-08-13T12:05:36+00:00
220.10.34.20.03.002,Omega,MARK,engine_median,6882.0,DERIVED,2026-08-13T12:05:36.604874+00:00
220.10.34.20.09.001,Omega,MSRP,watchbase,7400.0,VERIFIED,2026-08-13T12:05:36+00:00
220.10.34.20.09.001,Omega,MARK,engine_median,6882.0,DERIVED,2026-08-13T12:05:36.604874+00:00
220.10.34.20.10.001,Omega,MSRP,watchbase,7400.0,VERIFIED,2026-08-13T12:05:36+00:00
220.10.34.20.10.001,Omega,MARK,engine_median,6882.0,DERIVED,2026-08-13T12:05:36.604874+00:00
220.10.34.20.10.002,Omega,MSRP,watchbase,7400.0,VERIFIED,2026-08-13T12:05:36+00:00
220.10.34.20.10.002,Omega,MARK,engine_median,6882.0,DERIVED,2026-08-13T12:05:36.604874+00:00
220.10.34.20.10.003,Omega,MSRP,watchbase,7400.0,VERIFIED,2026-08-13T12:05:36+00:00
220.10.34.20.10.003,Omega,MARK,engine_median,6882.0,DERIVED,2026-08-13T12:05:36.604874+00:00
220.10.34.20.55.001,Omega,MARK,engine_median,4969.12,DERIVED,2026-08-13T12:05:36.604874+00:00
220.10.34.20.63.001,Omega,MSRP,watchbase,6600.0,VERIFIED,2026-08-13T12:05:36+00:00
220.10.34.20.63.001,Omega,MARK,engine_median,3334.55,DERIVED,2026-08-13T12:05:36.604874+00:00
220.10.38.20.01.001,Omega,MARK,manual_check,4266.0,VERIFIED,2026-08-09
220.10.38.20.01.004,Omega,MARK,manual_check,5191.0,VERIFIED,2025-12
220.10.38.20.01.004,Omega,MSRP,watchbase,7400.0,VERIFIED,2026-08-13T12:05:36+00:00
220.10.38.20.01.004,Omega,MARK,engine_median,6882.0,DERIVED,2026-08-13T12:05:36.604874+00:00
220.10.38.20.02.002,Omega,MARK,engine_median,5538.44,DERIVED,2026-08-13T12:05:36.604874+00:00
220.10.38.20.02.002,Omega,MARK,engine_median,6603.0,DERIVED,2026-08-14T21:47:56.498486+00:00
220.10.38.20.02.002,Omega,MARK,engine_median,5538.44,DERIVED,2026-08-16T10:01:25.617322+00:00
220.10.38.20.02.002,Omega,MARK,engine_median,6603.0,DERIVED,2026-08-20T04:37:33.725646+00:00
220.10.38.20.02.002,Omega,MARK,engine_median,5538.44,DERIVED,2026-08-21T21:45:15.687735+00:00
220.10.38.20.03.001,Omega,MARK,manual_check,4513.0,VERIFIED,2026-08-09
220.10.38.20.03.002,Omega,MARK,engine_median,5634.55,DERIVED,2026-08-13T12:05:36.604874+00:00
220.10.38.20.03.003,Omega,MSRP,watchbase,7400.0,VERIFIED,2026-08-13T12:05:36+00:00
220.10.38.20.03.003,Omega,MARK,engine_median,5025.09,DERIVED,2026-08-13T12:05:36.604874+00:00
220.10.38.20.03.004,Omega,MARK,engine_median,7254.0,DERIVED,2026-08-13T12:05:36.604874+00:00
220.10.38.20.03.005,Omega,MARK,engine_median,6882.0,DERIVED,2026-08-13T12:05:36.604874+00:00
220.10.38.20.09.001,Omega,MSRP,watchbase,7400.0,VERIFIED,2026-08-13T12:05:36+00:00
220.10.38.20.09.001,Omega,MARK,engine_median,5007.41,DERIVED,2026-08-13T12:05:36.604874+00:00
220.10.38.20.10.001,Omega,MARK,engine_median,7161.0,DERIVED,2026-08-13T12:05:36.604874+00:00
220.10.38.20.10.002,Omega,MSRP,watchbase,7400.0,VERIFIED,2026-08-13T12:05:36+00:00
220.10.38.20.10.002,Omega,MARK,engine_median,5025.09,DERIVED,2026-08-13T12:05:36.604874+00:00
220.10.38.20.10.003,Omega,MARK,engine_median,6603.0,DERIVED,2026-08-13T12:05:36.604874+00:00
220.10.38.20.10.004,Omega,MARK,engine_median,6882.0,DERIVED,2026-08-13T12:05:36.604874+00:00
220.10.38.20.10.005,Omega,MARK,engine_median,6882.0,DERIVED,2026-08-13T12:05:36.604874+00:00
220.10.38.20.12.001,Omega,MARK,engine_median,6882.0,DERIVED,2026-08-13T12:05:36.604874+00:00
220.10.38.20.13.003,Omega,MSRP,watchbase,7400.0,VERIFIED,2026-08-13T12:05:36+00:00
220.10.38.20.13.003,Omega,MARK,engine_median,5025.09,DERIVED,2026-08-13T12:05:36.604874+00:00
220.10.38.20.55.001,Omega,MARK,engine_median,8277.0,DERIVED,2026-08-13T12:05:36.604874+00:00
220.10.40.20.01.001,Omega,MARK,manual_check,3290.0,VERIFIED,2026-08-09
220.10.40.20.03.001,Omega,MARK,manual_check,3377.0,VERIFIED,2026-08-09
220.10.40.20.06.001,Omega,MARK,engine_median,3444.44,DERIVED,2026-08-20T19:55:02.750956+00:00
220.10.41.21.01.001,Omega,MARK,manual_check,3947.0,VERIFIED,2026-08-09
220.10.41.21.01.001,Omega,MSRP,watchbase,7100.0,VERIFIED,2026-08-13T12:05:36+00:00
220.10.41.21.01.001,Omega,MARK,engine_median,4745.29,DERIVED,2026-08-13T12:05:36.604874+00:00
220.10.41.21.01.001,Omega,MARK,engine_median,3516.07,DERIVED,2026-08-21T21:45:15.687735+00:00
220.10.41.21.01.002,Omega,MARK,manual_check,5263.0,VERIFIED,2026-08-09
220.10.41.21.01.002,Omega,MSRP,watchbase,6500.0,VERIFIED,2026-08-13T12:05:36+00:00
220.10.41.21.01.002,Omega,MARK,engine_median,6882.0,DERIVED,2026-08-13T12:05:36.604874+00:00
220.10.41.21.02.001,Omega,MARK,manual_check,4459.0,VERIFIED,2026-08-09
220.10.41.21.02.001,Omega,MARK,engine_median,6603.0,DERIVED,2026-08-13T12:05:36.604874+00:00
220.10.41.21.02.001,Omega,MARK,engine_median,3795.84,DERIVED,2026-08-13T22:07:35.994213+00:00
220.10.41.21.02.001,Omega,MARK,engine_median,6603.0,DERIVED,2026-08-14T21:47:56.498486+00:00
220.10.41.21.02.001,Omega,MARK,engine_median,3795.84,DERIVED,2026-08-16T06:20:51.808998+00:00
220.10.41.21.03.001,Omega,MARK,manual_check,4389.0,VERIFIED,2026-08-09
220.10.41.21.03.001,Omega,MARK,engine_median,3252.02,DERIVED,2026-08-13T12:05:36.604874+00:00
220.10.41.21.03.002,Omega,MARK,manual_check,4441.0,VERIFIED,2026-08-09
220.10.41.21.03.002,Omega,MARK,engine_median,6603.0,DERIVED,2026-08-13T12:05:36.604874+00:00
220.10.41.21.03.004,Omega,MARK,manual_check,4630.0,VERIFIED,2026-08-09
220.10.41.21.03.004,Omega,MSRP,watchbase,7100.0,VERIFIED,2026-08-13T12:05:36+00:00
220.10.41.21.03.004,Omega,MARK,engine_median,4745.29,DERIVED,2026-08-13T12:05:36.604874+00:00
220.10.41.21.03.005,Omega,MARK,manual_check,4814.0,VERIFIED,2026-07
220.10.41.21.03.005,Omega,MARK,engine_median,6882.0,DERIVED,2026-08-13T12:05:36.604874+00:00
220.10.41.21.03.006,Omega,MARK,manual_check,6003.0,VERIFIED,2026-08-09
220.10.41.21.03.006,Omega,MSRP,watchbase,7400.0,VERIFIED,2026-08-13T12:05:36+00:00
220.10.41.21.03.006,Omega,MARK,engine_median,6882.0,DERIVED,2026-08-13T12:05:36.604874+00:00
220.10.41.21.06.001,Omega,MARK,manual_check,4330.0,VERIFIED,2026-08-09
220.10.41.21.06.001,Omega,MARK,engine_median,6603.0,DERIVED,2026-08-13T12:05:36.604874+00:00
220.10.41.21.10.001,Omega,MARK,manual_check,4552.0,VERIFIED,2026-08-09
220.10.41.21.10.001,Omega,MSRP,watchbase,7100.0,VERIFIED,2026-08-13T12:05:36+00:00
220.10.41.21.10.001,Omega,MARK,engine_median,6603.0,DERIVED,2026-08-13T12:05:36.604874+00:00
220.10.43.22,Omega,MARK,manual_check,7072.0,VERIFIED,2026-08-09
220.10.43.22.03.001,Omega,MARK,manual_check,7072.0,VERIFIED,2026-08-09
220.10.43.22.03.002,Omega,MARK,engine_median,10602.0,DERIVED,2026-08-13T12:05:36.604874+00:00
220.12.38.20.10.001,Omega,MARK,engine_median,6324.0,DERIVED,2026-08-13T12:05:36.604874+00:00
220.12.40.20.06.001,Omega,MARK,engine_median,2925.18,DERIVED,2026-08-13T12:05:36.604874+00:00
220.12.41.21.01.001,Omega,MARK,engine_median,6324.0,DERIVED,2026-08-13T12:05:36.604874+00:00
220.12.41.21.01.002,Omega,MARK,engine_median,4090.74,DERIVED,2026-08-13T12:05:36.604874+00:00
220.12.41.21.02.002,Omega,MARK,manual_check,4540.0,VERIFIED,2026-08-09
220.12.41.21.02.002,Omega,MARK,engine_median,6324.0,DERIVED,2026-08-13T12:05:36.604874+00:00
220.12.41.21.02.002,Omega,MARK,engine_median,4928.07,DERIVED,2026-08-21T21:45:15.687735+00:00
220.12.41.21.02.005,Omega,MARK,engine_median,5066.59,DERIVED,2026-08-13T12:05:36.604874+00:00
220.12.41.21.03.002,Omega,MARK,manual_check,4084.0,VERIFIED,2026-08-09
220.12.41.21.03.007,Omega,MARK,engine_median,3565.91,DERIVED,2026-08-13T12:05:36.604874+00:00
220.12.41.21.03.008,Omega,MARK,engine_median,6696.0,DERIVED,2026-08-13T12:05:36.604874+00:00
220.12.41.21.03.009,Omega,MARK,engine_median,6603.0,DERIVED,2026-08-13T12:05:36.604874+00:00
220.12.41.21.06.001,Omega,MARK,engine_median,5022.0,DERIVED,2026-08-13T12:05:36.604874+00:00
220.12.43.22,Omega,MARK,manual_check,6736.0,VERIFIED,2026-08-09
220.12.43.22.03.001,Omega,MARK,manual_check,6736.0,VERIFIED,2026-08-09
220.12.43.22.03.002,Omega,MARK,engine_median,10416.0,DERIVED,2026-08-13T12:05:36.604874+00:00
220.13.38.20.09.001,Omega,MARK,engine_median,5403.5,DERIVED,2026-08-13T12:05:36.604874+00:00
220.13.38.20.09.001,Omega,MARK,engine_median,6789.0,DERIVED,2026-08-14T21:47:56.498486+00:00
220.13.38.20.09.001,Omega,MARK,engine_median,5403.5,DERIVED,2026-08-16T10:01:25.617322+00:00
220.13.38.20.09.001,Omega,MARK,engine_median,6789.0,DERIVED,2026-08-20T04:37:33.725646+00:00
220.13.38.20.09.001,Omega,MARK,engine_median,5403.5,DERIVED,2026-08-21T21:45:15.687735+00:00
220.13.38.20.60.001,Omega,MARK,engine_median,6758.88,DERIVED,2026-08-13T12:05:36.604874+00:00
220.13.41.21.03.003,Omega,MARK,engine_median,6231.0,DERIVED,2026-08-13T12:05:36.604874+00:00
220.15.30.20.56.001,Omega,MARK,engine_median,13299.0,DERIVED,2026-08-13T12:05:36.604874+00:00
220.15.34.20.55.001,Omega,MARK,engine_median,14787.0,DERIVED,2026-08-13T12:05:36.604874+00:00
220.15.38.20.57.001,Omega,MARK,engine_median,7527.84,DERIVED,2026-08-13T12:05:36.604874+00:00
220.20.30.20.02.001,Omega,MARK,engine_median,11346.0,DERIVED,2026-08-13T12:05:36.604874+00:00
220.20.30.20.10.002,Omega,MARK,engine_median,11346.0,DERIVED,2026-08-13T12:05:36.604874+00:00
220.20.30.20.63.001,Omega,MSRP,watchbase,13000.0,VERIFIED,2026-08-13T12:05:36+00:00
220.20.30.20.63.001,Omega,MARK,engine_median,12090.0,DERIVED,2026-08-13T12:05:36.604874+00:00
220.20.34.20.08.001,Omega,MARK,engine_median,12927.0,DERIVED,2026-08-13T12:05:36.604874+00:00
220.20.34.20.10.001,Omega,MARK,engine_median,12927.0,DERIVED,2026-08-13T12:05:36.604874+00:00
220.20.34.20.10.002,Omega,MARK,engine_median,12927.0,DERIVED,2026-08-13T12:05:36.604874+00:00
220.20.34.20.52.001,Omega,MARK,engine_median,6579.89,DERIVED,2026-08-13T12:05:36.604874+00:00
220.20.34.20.59.001,Omega,MARK,engine_median,8353.11,DERIVED,2026-08-13T12:05:36.604874+00:00
220.20.38.20.02.002,Omega,MARK,engine_median,13950.0,DERIVED,2026-08-13T12:05:36.604874+00:00
220.20.38.20.09.001,Omega,MARK,engine_median,13950.0,DERIVED,2026-08-13T12:05:36.604874+00:00
220.20.38.20.10.002,Omega,MARK,engine_median,13950.0,DERIVED,2026-08-13T12:05:36.604874+00:00
220.20.38.20.55.001,Omega,MARK,engine_median,7137.51,DERIVED,2026-08-13T12:05:36.604874+00:00
220.20.38.20.56.002,Omega,MARK,engine_median,6970.22,DERIVED,2026-08-13T12:05:36.604874+00:00
220.20.41.21.01.001,Omega,MARK,engine_median,14601.0,DERIVED,2026-08-13T12:05:36.604874+00:00
220.20.41.21.02.001,Omega,MARK,manual_check,8730.0,VERIFIED,2026-08-08
220.20.41.21.02.001,Omega,MSRP,watchbase,15100.0,VERIFIED,2026-08-13T12:05:36+00:00
220.20.41.21.02.001,Omega,MARK,engine_median,14043.0,DERIVED,2026-08-13T12:05:36.604874+00:00
220.20.41.21.06.001,Omega,MARK,engine_median,14043.0,DERIVED,2026-08-13T12:05:36.604874+00:00
220.23.38.20.59.001,Omega,MARK,engine_median,12276.0,DERIVED,2026-08-13T12:05:36.604874+00:00
220.23.38.20.60.001,Omega,MARK,engine_median,12648.0,DERIVED,2026-08-13T12:05:36.604874+00:00
220.25.30.20.55.001,Omega,MARK,engine_median,19158.0,DERIVED,2026-08-13T12:05:36.604874+00:00
220.30.43.22.10.001,Omega,MARK,engine_median,11439.0,DERIVED,2026-08-13T12:05:36.604874+00:00
220.32.38.20.03.001,Omega,MARK,engine_median,7254.0,DERIVED,2026-08-13T12:05:36.604874+00:00
220.32.41.21.03.001,Omega,MARK,engine_median,7254.0,DERIVED,2026-08-13T12:05:36.604874+00:00
220.32.43.22.10.001,Omega,MARK,engine_median,11253.0,DERIVED,2026-08-13T12:05:36.604874+00:00
220.50.30.20.08.001,Omega,MARK,engine_median,34131.0,DERIVED,2026-08-13T12:05:36.604874+00:00
220.50.30.20.09.001,Omega,MARK,engine_median,34131.0,DERIVED,2026-08-13T12:05:36.604874+00:00
220.50.34.20.02.001,Omega,MARK,engine_median,36735.0,DERIVED,2026-08-13T12:05:36.604874+00:00
220.50.34.20.08.001,Omega,MARK,engine_median,36735.0,DERIVED,2026-08-13T12:05:36.604874+00:00
220.50.34.20.09.001,Omega,MARK,engine_median,36735.0,DERIVED,2026-08-13T12:05:36.604874+00:00
220.50.38.20.03.001,Omega,MARK,engine_median,39246.0,DERIVED,2026-08-13T12:05:36.604874+00:00
220.50.38.20.08.001,Omega,MARK,engine_median,39246.0,DERIVED,2026-08-13T12:05:36.604874+00:00
220.50.38.20.10.001,Omega,MARK,engine_median,39246.0,DERIVED,2026-08-13T12:05:36.604874+00:00
220.50.41.21.10.001,Omega,MARK,engine_median,43245.0,DERIVED,2026-08-13T12:05:36.604874+00:00
220.50.43.22.02.001,Omega,MARK,engine_median,52917.0,DERIVED,2026-08-13T12:05:36.604874+00:00
220.52.41.21.03.001,Omega,MARK,engine_median,24273.0,DERIVED,2026-08-13T12:05:36.604874+00:00
220.52.41.21.10.001,Omega,MARK,engine_median,24645.0,DERIVED,2026-08-13T12:05:36.604874+00:00
220.53.34.20.10.001,Omega,MARK,engine_median,19251.0,DERIVED,2026-08-13T12:05:36.604874+00:00
220.53.38.20.10.001,Omega,MARK,engine_median,20925.0,DERIVED,2026-08-13T12:05:36.604874+00:00
220.55.30.20.55.001,Omega,MARK,engine_median,42315.0,DERIVED,2026-08-13T12:05:36.604874+00:00
220.55.30.20.60.001,Omega,MARK,engine_median,41943.0,DERIVED,2026-08-13T12:05:36.604874+00:00
220.55.30.20.61.001,Omega,MARK,engine_median,41943.0,DERIVED,2026-08-13T12:05:36.604874+00:00
220.55.34.20.60.001,Omega,MARK,engine_median,46779.0,DERIVED,2026-08-13T12:05:36.604874+00:00
220.55.34.20.99.001,Omega,MARK,engine_median,26654.13,DERIVED,2026-08-13T12:05:36.604874+00:00
220.55.38.20.09.001,Omega,MARK,engine_median,45477.0,DERIVED,2026-08-13T12:05:36.604874+00:00
220.55.38.20.99.001,Omega,MARK,engine_median,53754.0,DERIVED,2026-08-13T12:05:36.604874+00:00
220.58.38.20.55.002,Omega,MARK,engine_median,34596.0,DERIVED,2026-08-13T12:05:36.604874+00:00
220.92.41.21.03.002,Omega,MARK,engine_median,53754.0,DERIVED,2026-08-13T12:05:36.604874+00:00
220.92.43.22.99.001,Omega,MARK,engine_median,13020.0,DERIVED,2026-08-13T12:05:36.604874+00:00
2200.50,Omega,MARK,manual_check,3356.0,VERIFIED,2026-08-09
2201.50,Omega,MARK,manual_check,3747.0,VERIFIED,2026-08-09
2201.51,Omega,MARK,manual_check,3487.0,VERIFIED,2026-08-09
22013,Tudor,MARK,engine_median,483507.0,DERIVED,2026-08-13T12:05:36.604874+00:00
2208.50,Omega,MARK,manual_check,3263.0,VERIFIED,2026-08-09
2209.50,Omega,MARK,manual_check,3134.0,VERIFIED,2026-08-09
221.10.42.40.01.001,,MARK,engine_median,2483.03,DERIVED,2026-08-14T21:47:56.498486+00:00
2210.50,Omega,MARK,manual_check,4003.0,VERIFIED,2026-08-09
222.30.46.20.01.001,Omega,MARK,engine_median,4013.36,DERIVED,2026-08-13T12:05:36.604874+00:00
222.32.38.50.01.001,Omega,MARK,engine_median,2383.41,DERIVED,2026-08-13T12:05:36.604874+00:00
2220.80,Omega,MARK,manual_check,3402.0,VERIFIED,2026-08-09
2221.80,Omega,MARK,manual_check,2597.0,VERIFIED,2026-08-09
222180,,MARK,dealer_crawl,2884.0,EST,2026-08-18T21:46:30+00:00
2222.80,Omega,MARK,manual_check,2932.0,VERIFIED,2026-08-09
2225.80,Omega,MARK,manual_check,2886.0,VERIFIED,2026-08-09
2226.80,Omega,MARK,manual_check,4692.0,VERIFIED,2026-08-09
2234.50,Omega,MARK,manual_check,2973.0,VERIFIED,2026-08-09
224270,Rolex,MARK,manual_check,8563.0,VERIFIED,2026-08-09
224270,Rolex,MSRP,watchbase,8350.0,VERIFIED,2026-08-13T12:05:36+00:00
224270,Rolex,MARK,engine_median,8008.68,DERIVED,2026-08-13T12:05:36.604874+00:00
224270,Rolex,MARK,engine_median,8561.67,DERIVED,2026-08-15T21:41:53.174601+00:00
224270,Rolex,MARK,engine_median,8773.03,DERIVED,2026-08-18T21:46:17.264769+00:00
224270,Rolex,MARK,engine_median,8561.67,DERIVED,2026-08-21T21:45:15.687735+00:00
2252.50,Omega,MARK,manual_check,2890.0,VERIFIED,2026-08-09
2254.50,Omega,MARK,manual_check,3394.0,VERIFIED,2026-08-09
2255.80,Omega,MARK,manual_check,2745.0,VERIFIED,2026-08-09
2262.50,Omega,MARK,manual_check,2234.0,VERIFIED,2026-08-09
2263.80,Omega,MARK,manual_check,1745.0,VERIFIED,2026-08-09
2264.50,Omega,MARK,manual_check,2454.0,VERIFIED,2026-08-09
2265.80,Omega,MARK,manual_check,2130.0,VERIFIED,2026-08-09
226570,Rolex,MARK,manual_check,10932.0,VERIFIED,2026-08-09
226570,Rolex,MSRP,watchbase,10600.0,VERIFIED,2026-08-13T12:05:36+00:00
226570,Rolex,MARK,engine_median,10321.56,DERIVED,2026-08-13T12:05:36.604874+00:00
226570,,MARK,dealer_crawl,14188.0,EST,2026-08-16T06:20:56+00:00
226570,Rolex,MARK,engine_median,10230.06,DERIVED,2026-08-19T21:47:49.086150+00:00
226627,Rolex,MARK,manual_check,24586.0,VERIFIED,2026-08-09
226627,Rolex,MSRP,watchbase,15250.0,VERIFIED,2026-08-13T12:05:36+00:00
226627,Rolex,MARK,engine_median,22798.42,DERIVED,2026-08-13T12:05:36.604874+00:00
226658,Rolex,MARK,manual_check,32435.0,VERIFIED,2026-08-09
226658,Rolex,MSRP,watchbase,36300.0,VERIFIED,2026-08-13T12:05:36+00:00
226658,Rolex,MARK,engine_median,31859.33,DERIVED,2026-08-13T12:05:36.604874+00:00
226658,Rolex,MARK,engine_median,31620.0,DERIVED,2026-08-14T21:47:56.498486+00:00
226658,Rolex,MARK,engine_median,31859.33,DERIVED,2026-08-16T10:01:25.617322+00:00
226658,Rolex,MARK,engine_median,31620.0,DERIVED,2026-08-17T21:49:35.588367+00:00
226658,Rolex,MARK,engine_median,31859.33,DERIVED,2026-08-18T21:46:17.264769+00:00
226659,Rolex,MARK,manual_check,27340.0,VERIFIED,2026-08-09
226659,Rolex,MARK,engine_median,25487.46,DERIVED,2026-08-13T12:05:36.604874+00:00
226668TBR,Rolex,MARK,engine_median,96454.84,DERIVED,2026-08-13T12:05:36.604874+00:00
226679TBRBK,Rolex,MARK,engine_median,73337.57,DERIVED,2026-08-13T12:05:36.604874+00:00
227.32.55.21.03.001,Omega,MSRP,watchbase,14300.0,VERIFIED,2026-08-13T12:05:36+00:00
227.32.55.21.03.001,Omega,MARK,engine_median,14973.0,DERIVED,2026-08-13T12:05:36.604874+00:00
228206,Rolex,MARK,engine_median,65366.08,DERIVED,2026-08-13T12:05:36.604874+00:00
228235,Rolex,MARK,manual_check,52047.0,VERIFIED,2026-08-09
228235,Rolex,MARK,engine_median,42749.95,DERIVED,2026-08-13T12:05:36.604874+00:00
228235A,Rolex,MSRP,watchbase,53000.0,VERIFIED,2026-08-13T12:05:36+00:00
228236,Rolex,MARK,manual_check,77939.0,VERIFIED,2026-08-09
228236A,,MARK,engine_median,78917.6,DERIVED,2026-08-13T12:05:36.604874+00:00
228238,Rolex,MARK,manual_check,49893.0,VERIFIED,2026-08-09
228238,Rolex,MSRP,watchbase,48150.0,VERIFIED,2026-08-13T12:05:36+00:00
228238,Rolex,MARK,engine_median,57872.9,DERIVED,2026-08-13T12:05:36.604874+00:00
228238,Rolex,MARK,engine_median,48809.97,DERIVED,2026-08-14T21:47:56.498486+00:00
228238A,Rolex,MSRP,watchbase,52000.0,VERIFIED,2026-08-13T12:05:36+00:00
228238A,,MARK,engine_median,47818.22,DERIVED,2026-08-19T21:47:49.086150+00:00
228238ABK,Rolex,MARK,engine_median,58351.19,DERIVED,2026-08-13T12:05:36.604874+00:00
228239,Rolex,MARK,manual_check,43126.0,VERIFIED,2026-08-09
228239,Rolex,MARK,engine_median,42749.95,DERIVED,2026-08-13T12:05:36.604874+00:00
228345RBR,Rolex,MARK,manual_check,69653.0,VERIFIED,2026-08-09
228345RBR,Rolex,MARK,engine_median,72168.42,DERIVED,2026-08-13T12:05:36.604874+00:00
228348,Rolex,MARK,manual_check,68584.0,VERIFIED,2026-08-09
228348RBR,Rolex,MSRP,watchbase,75450.0,VERIFIED,2026-08-13T12:05:36+00:00
228348RBR,Rolex,MARK,engine_median,68979.82,DERIVED,2026-08-13T12:05:36.604874+00:00
228349,Rolex,MARK,manual_check,60902.0,VERIFIED,2026-08-09
228349RBR,,MARK,engine_median,71902.7,DERIVED,2026-08-13T12:05:36.604874+00:00
228349RBRBK,Rolex,MARK,engine_median,47722.56,DERIVED,2026-08-13T12:05:36.604874+00:00
228349RBRBL,Rolex,MARK,engine_median,54737.46,DERIVED,2026-08-13T12:05:36.604874+00:00
228396,Rolex,MARK,manual_check,112499.0,VERIFIED,2026-08-09
228396TBR,Rolex,MARK,engine_median,87101.64,DERIVED,2026-08-13T12:05:36.604874+00:00
228396TBRBD,Rolex,MARK,engine_median,90237.09,DERIVED,2026-08-13T12:05:36.604874+00:00
228398TBR,Rolex,MARK,manual_check,95795.0,VERIFIED,2026-08-09
228398TBR,Rolex,MARK,engine_median,103523.42,DERIVED,2026-08-13T12:05:36.604874+00:00
2298.80,Omega,MARK,manual_check,2857.0,VERIFIED,2026-08-09
23.30.40.40.06.001,Omega,MARK,manual_check,3102.0,VERIFIED,2026-08-09
2300V100AB170,Vacheron Constantin,MARK,manual_check,22682.0,VERIFIED,2026-08-09
2300V100AB170,,MARK,engine_median,21055.28,DERIVED,2026-08-15T21:41:53.174601+00:00
2305V100AB078,Vacheron Constantin,MARK,manual_check,18632.0,VERIFIED,2026-08-09
2305V100AB170,Vacheron Constantin,MARK,manual_check,21233.0,VERIFIED,2026-08-09
2305V100RB077,Vacheron Constantin,MARK,manual_check,41044.0,VERIFIED,2026-08-09
231.10.30.60.06.001,Omega,MARK,engine_median,1344.52,DERIVED,2026-08-13T12:05:36.604874+00:00
231.10.30.60.56.001,,MARK,engine_median,1541.92,DERIVED,2026-08-14T21:47:56.498486+00:00
231.10.39.21.01.001,Omega,MARK,manual_check,3368.0,VERIFIED,2026-08-09
231.10.39.21.02.001,Omega,MARK,manual_check,3212.0,VERIFIED,2026-08-09
231.10.39.21.03.001,Omega,MARK,manual_check,4616.0,VERIFIED,2026-08-09
231.10.39.21.03.002,Omega,MARK,manual_check,3892.0,VERIFIED,2026-08-09
231.10.39.21.06.001,Omega,MARK,manual_check,3207.0,VERIFIED,2026-08-09
231.10.39.21.54.001,Omega,MARK,engine_median,2455.22,DERIVED,2026-08-13T12:05:36.604874+00:00
231.10.39.60.02.001,Omega,MARK,manual_check,2214.0,VERIFIED,2026-08-09
231.10.39.60.06.001,Omega,MARK,manual_check,2270.0,VERIFIED,2026-08-09
231.10.39.60.06.001,Omega,MARK,engine_median,2155.7,DERIVED,2026-08-20T19:55:02.750956+00:00
231.10.39.61.02.001,Omega,MARK,manual_check,2224.0,VERIFIED,2026-08-09
231.10.39.61.06.001,Omega,MARK,manual_check,2445.0,VERIFIED,2026-08-09
231.10.39.61.09.001,Omega,MARK,engine_median,2046.01,DERIVED,2026-08-13T12:05:36.604874+00:00
231.10.42.21.01.003,Omega,MARK,manual_check,3782.0,VERIFIED,2026-08-09
231.10.42.21.02.001,Omega,MARK,manual_check,3140.0,VERIFIED,2026-08-09
231.10.42.21.03.001,Omega,MARK,engine_median,3252.02,DERIVED,2026-08-13T12:05:36.604874+00:00
231.10.42.21.03.001,Omega,MARK,engine_median,3339.07,DERIVED,2026-08-16T06:20:51.808998+00:00
231.10.42.21.03.001,Omega,MARK,engine_median,3252.02,DERIVED,2026-08-16T21:41:16.998484+00:00
231.10.42.21.03.003,Omega,MARK,manual_check,4073.0,VERIFIED,2026-08-09
231.10.42.21.03.004,Omega,MARK,manual_check,5508.0,VERIFIED,2026-08-09
231.10.42.21.03.004,Omega,MARK,engine_median,5022.0,DERIVED,2026-08-13T12:05:36.604874+00:00
231.10.42.21.06.001,Omega,MARK,manual_check,3580.0,VERIFIED,2026-08-09
231.10.42.21.06.001,Omega,MARK,engine_median,3348.0,DERIVED,2026-08-13T12:05:36.604874+00:00
231.10.42.21.06.001,Omega,MARK,engine_median,2490.7,DERIVED,2026-08-13T22:07:35.994213+00:00
231.10.42.21.06.001,Omega,MARK,engine_median,3348.0,DERIVED,2026-08-14T21:47:56.498486+00:00
231.10.42.21.06.001,Omega,MARK,engine_median,2490.7,DERIVED,2026-08-16T10:01:25.617322+00:00
231.10.42.21.06.001,Omega,MARK,engine_median,3348.0,DERIVED,2026-08-17T21:49:35.588367+00:00
231.10.43.22.01.001,Omega,MARK,engine_median,3039.79,DERIVED,2026-08-13T12:05:36.604874+00:00
231.10.43.52.06.001,Omega,MARK,engine_median,3098.25,DERIVED,2026-08-13T12:05:36.604874+00:00
231.10.44.50.04.001,Omega,MARK,engine_median,2496.14,DERIVED,2026-08-13T12:05:36.604874+00:00
231.10.44.52.04.001,,MARK,engine_median,2759.51,DERIVED,2026-08-14T21:47:56.498486+00:00
231.15.39.21.51.001,,MARK,engine_median,3870.77,DERIVED,2026-08-16T06:20:51.808998+00:00
231.23.39.21.06.001,Omega,MARK,engine_median,4840.99,DERIVED,2026-08-13T12:05:36.604874+00:00
231.90.43.22.04.001,Omega,MARK,engine_median,4384.31,DERIVED,2026-08-13T12:05:36.604874+00:00
232.021,A. Lange & Söhne,MARK,manual_check,18789.0,VERIFIED,2026-08-09
232.026,A. Lange & Söhne,MARK,manual_check,25002.0,VERIFIED,2026-08-09
232.032,A. Lange & Söhne,MARK,manual_check,18767.0,VERIFIED,2026-08-09
232.30.38.20.01.001,Omega,MARK,engine_median,2848.43,DERIVED,2026-08-13T22:07:35.994213+00:00
232.30.42.21.01.001,Omega,MARK,manual_check,3946.0,VERIFIED,2026-08-09
232.30.42.21.01.001,Omega,MARK,engine_median,2952.1,DERIVED,2026-08-13T12:05:36.604874+00:00
232.30.42.21.01.003,Omega,MARK,manual_check,3896.0,VERIFIED,2026-08-09
232.30.44.22.01.001,Omega,MARK,manual_check,4412.0,VERIFIED,2026-08-09
232.30.44.22.03.001,Omega,MARK,manual_check,4135.0,VERIFIED,2026-08-09
232.30.46.21.01.001,Omega,MARK,manual_check,3827.0,VERIFIED,2026-08-09
232.30.46.51.01.001,Omega,MARK,manual_check,4290.0,VERIFIED,2026-08-09
232.32.42.21.01.003,,MARK,engine_median,3179.56,DERIVED,2026-08-16T06:20:51.808998+00:00
232.90.46.21.03.001,Omega,MARK,engine_median,3507.45,DERIVED,2026-08-13T12:05:36.604874+00:00
233.20.41.21.01.001,Omega,MARK,engine_median,3507.45,DERIVED,2026-08-13T12:05:36.604874+00:00
233.30.41.21.01.001,Omega,MARK,manual_check,3939.0,VERIFIED,2026-08-09
233.30.41.21.01.001,Omega,MSRP,watchbase,6800.0,VERIFIED,2026-08-13T12:05:36+00:00
233.30.41.21.01.001,Omega,MARK,engine_median,3843.85,DERIVED,2026-08-13T12:05:36.604874+00:00
233.32.41.21.01.001,Omega,MARK,engine_median,11625.0,DERIVED,2026-08-15T21:41:53.174601+00:00
233.32.41.21.01.002,Omega,MARK,engine_median,4147.87,DERIVED,2026-08-13T12:05:36.604874+00:00
233.62.41.21.03.001,Omega,MARK,engine_median,4325.86,DERIVED,2026-08-13T12:05:36.604874+00:00
234.026,A. Lange & Söhne,MARK,manual_check,24387.0,VERIFIED,2026-08-09
234.032,A. Lange & Söhne,MARK,manual_check,26304.0,VERIFIED,2026-08-09
234.10.39.20.01.001,Omega,MARK,manual_check,5468.0,VERIFIED,2026-08-09
234.30.41.21.01.001,Omega,MARK,manual_check,4691.0,VERIFIED,2026-08-09
234.30.41.21.01.001,Omega,MARK,engine_median,4033.57,DERIVED,2026-08-13T12:05:36.604874+00:00
234.30.41.21.01.001,Omega,MARK,engine_median,7440.0,DERIVED,2026-08-14T21:47:56.498486+00:00
234.30.41.21.03.001,Omega,MARK,manual_check,4652.0,VERIFIED,2026-08-09
234.30.41.21.03.001,Omega,MSRP,watchbase,8000.0,VERIFIED,2026-08-13T12:05:36+00:00
234.30.41.21.03.001,Omega,MARK,engine_median,7440.0,DERIVED,2026-08-13T12:05:36.604874+00:00
234.30.41.21.03.002,Omega,MARK,manual_check,5245.0,VERIFIED,2026-08-09
234.30.41.21.03.002,Omega,MARK,engine_median,3916.65,DERIVED,2026-08-13T12:05:36.604874+00:00
234.30.41.21.03.002,Omega,MARK,engine_median,7719.0,DERIVED,2026-08-14T21:47:56.498486+00:00
234.32.41.21.01.001,Omega,MARK,engine_median,7068.0,DERIVED,2026-08-13T12:05:36.604874+00:00
234.32.41.21.03.001,Omega,MARK,engine_median,7068.0,DERIVED,2026-08-13T12:05:36.604874+00:00
234.92.41.21.10.001,Omega,MARK,engine_median,14601.0,DERIVED,2026-08-13T12:05:36.604874+00:00
234.93.41.21.99.001,Omega,MARK,engine_median,53940.0,DERIVED,2026-08-13T12:05:36.604874+00:00
234.93.41.21.99.002,Omega,MARK,engine_median,60822.0,DERIVED,2026-08-13T12:05:36.604874+00:00
235.026,A. Lange & Söhne,MARK,manual_check,20187.0,VERIFIED,2026-08-09
235.032,A. Lange & Söhne,MARK,manual_check,18768.0,VERIFIED,2026-08-09
235.10.38.20.06.001,Omega,MARK,engine_median,5766.0,DERIVED,2026-08-13T12:05:36.604874+00:00
235.10.38.20.13.001,Omega,MSRP,watchbase,6800.0,VERIFIED,2026-08-13T12:05:36+00:00
235.10.38.20.13.001,Omega,MARK,engine_median,6324.0,DERIVED,2026-08-13T12:05:36.604874+00:00
235.12.38.20.06.001,Omega,MARK,engine_median,5394.0,DERIVED,2026-08-13T12:05:36.604874+00:00
235.12.38.20.13.001,Omega,MARK,engine_median,5952.0,DERIVED,2026-08-13T12:05:36.604874+00:00
236.050,,MARK,engine_median,36535.92,DERIVED,2026-08-13T12:05:36.604874+00:00
238.026,A. Lange & Söhne,MARK,manual_check,32278.0,VERIFIED,2026-08-09
238.032,A. Lange & Söhne,MARK,manual_check,35538.0,VERIFIED,2026-08-09
238.032,,MARK,engine_median,45477.0,DERIVED,2026-08-15T21:41:53.174601+00:00
24.10.37.20.02.001,Omega,MARK,manual_check,1775.0,VERIFIED,2026-08-09
24.30.38.50.01.001,Omega,MARK,manual_check,4217.0,VERIFIED,2026-08-09
24.30.38.50.03.002,Omega,MARK,manual_check,4454.0,VERIFIED,2026-08-09
24141,Tudor,MARK,engine_median,1723.52,DERIVED,2026-08-13T12:05:36.604874+00:00
2501.31,Omega,MARK,manual_check,1596.0,VERIFIED,2026-08-09
2501.81,Omega,MARK,manual_check,1799.0,VERIFIED,2026-08-09
2503.30,Omega,MARK,manual_check,2891.0,VERIFIED,2026-08-09
2503.33,Omega,MARK,manual_check,3094.0,VERIFIED,2026-08-09
2503.50,Omega,MARK,manual_check,2941.0,VERIFIED,2026-08-09
2504.30,Omega,MARK,manual_check,2641.0,VERIFIED,2026-08-09
2504.50,Omega,MARK,manual_check,3236.0,VERIFIED,2026-08-09
2511.21,Omega,MARK,manual_check,1201.0,VERIFIED,2026-08-09
2511.31,Omega,MARK,manual_check,1173.0,VERIFIED,2026-08-09
2511.81,Omega,MARK,manual_check,1238.0,VERIFIED,2026-08-09
25155000R9585,Vacheron Constantin,MARK,manual_check,6678.0,VERIFIED,2026-08-09
25162,,MARK,engine_median,3690.52,DERIVED,2026-08-14T21:47:56.498486+00:00
2517.30,Omega,MARK,manual_check,2016.0,VERIFIED,2026-08-09
2517.50,Omega,MARK,manual_check,2288.0,VERIFIED,2026-08-09
2518.30,Omega,MARK,manual_check,1985.0,VERIFIED,2026-08-09
2518.50,Omega,MARK,manual_check,2038.0,VERIFIED,2026-08-09
2518.80,Omega,MARK,manual_check,2100.0,VERIFIED,2026-08-09
2531.80,Omega,MARK,manual_check,2930.0,VERIFIED,2026-08-09
2535.80,Omega,MARK,manual_check,3354.0,VERIFIED,2026-08-09
25407N,Tudor,MARK,manual_check,3811.0,VERIFIED,2026-08-09
2541.80,Omega,MARK,manual_check,2494.0,VERIFIED,2026-08-09
2542G257NU,Tudor,MARK,manual_check,4537.0,VERIFIED,2026-08-09
2543C1A7NU,Tudor,MARK,manual_check,5004.0,VERIFIED,2026-08-09
2543C1A7NU0001,Tudor,MSRP,watchbase,6650.0,VERIFIED,2026-08-13T12:05:36+00:00
2551.80,Omega,MARK,manual_check,2365.0,VERIFIED,2026-08-09
25558,,MARK,engine_median,5845.75,DERIVED,2026-08-13T12:05:36.604874+00:00
25558000RB156,Vacheron Constantin,MARK,manual_check,8963.0,VERIFIED,2026-08-09
25600TB,Tudor,MARK,manual_check,3434.0,VERIFIED,2026-08-09
25600TB,Tudor,MARK,engine_median,3634.89,DERIVED,2026-08-13T12:05:36.604874+00:00
25600TN,Tudor,MARK,manual_check,3248.0,VERIFIED,2026-08-09
25600TN,Tudor,MARK,engine_median,4154.06,DERIVED,2026-08-13T12:05:36.604874+00:00
2561.80,Omega,MARK,manual_check,2095.0,VERIFIED,2026-08-09
25610TNL,Tudor,MARK,manual_check,3557.0,VERIFIED,2026-08-09
25610TNL,Tudor,MARK,engine_median,3730.55,DERIVED,2026-08-13T12:05:36.604874+00:00
25610TNL0001,Tudor,MSRP,watchbase,5825.0,VERIFIED,2026-08-13T12:05:36+00:00
2562.80,Omega,MARK,manual_check,1745.0,VERIFIED,2026-08-09
25707B,Tudor,MARK,manual_check,3322.0,VERIFIED,2026-08-09
25707KN,Tudor,MARK,manual_check,2994.0,VERIFIED,2026-08-09
2571.31,Omega,MARK,manual_check,708.0,VERIFIED,2026-08-09
257121,,MARK,dealer_crawl,837.0,EST,2026-08-18T21:46:30+00:00
257131,,MARK,dealer_crawl,1081.0,EST,2026-08-16T06:20:59+00:00
25717N,Tudor,MARK,manual_check,3377.0,VERIFIED,2026-08-09
2574,Rolex,MARK,engine_median,5208.03,DERIVED,2026-08-13T12:05:36.604874+00:00
2577.50,Omega,MARK,manual_check,1594.0,VERIFIED,2026-08-09
25807KN,Tudor,MARK,manual_check,3480.0,VERIFIED,2026-08-09
25807KN,Tudor,MARK,engine_median,3825.95,DERIVED,2026-08-13T12:05:36.604874+00:00
25827KN,Tudor,MARK,manual_check,3600.0,VERIFIED,2026-08-09
25827KN,Tudor,MSRP,watchbase,5990.0,VERIFIED,2026-08-13T12:05:36+00:00
25827KN,Tudor,MARK,engine_median,2835.19,DERIVED,2026-08-13T12:05:36.604874+00:00
25870BC,,MARK,engine_median,31859.33,DERIVED,2026-08-13T12:05:36.604874+00:00
2588422,Jaeger-LeCoultre,MARK,manual_check,7617.0,VERIFIED,2026-08-09
25914,,MARK,engine_median,6854.67,DERIVED,2026-08-13T12:05:36.604874+00:00
2599.80,Omega,MARK,manual_check,2779.0,VERIFIED,2026-08-09
26.30.40.50.01.001,Omega,MARK,manual_check,3265.0,VERIFIED,2026-08-09
26.30.40.50.01.002,Omega,MARK,manual_check,3586.0,VERIFIED,2026-08-09
26.30.40.50.02.001,Omega,MARK,manual_check,3357.0,VERIFIED,2026-08-09
26.30.40.50.03.001,Omega,MARK,manual_check,3348.0,VERIFIED,2026-08-09
26.30.40.50.06.001,Omega,MARK,manual_check,3468.0,VERIFIED,2026-08-09
26020ST.OO.D001IN.01.A,AP,MARK,engine_median,19437.0,DERIVED,2026-08-13T12:05:36.604874+00:00
26022BC,AP,MARK,engine_median,51150.0,DERIVED,2026-08-13T12:05:36.604874+00:00
26170ST.OO.D091CR.01,AP,MARK,engine_median,18600.0,DERIVED,2026-08-13T12:05:36.604874+00:00
26231OR,Audemars Piguet,MARK,manual_check,63578.0,VERIFIED,2026-08-09
26231ST,Audemars Piguet,MARK,manual_check,32177.0,VERIFIED,2026-08-09
26231ST,AP,MARK,engine_median,33345.53,DERIVED,2026-08-13T12:05:36.604874+00:00
26231ST,AP,MARK,engine_median,33463.24,DERIVED,2026-08-16T06:20:51.808998+00:00
26231ST,AP,MARK,engine_median,33345.53,DERIVED,2026-08-17T21:49:35.588367+00:00
26237ST,,MARK,engine_median,27475.02,DERIVED,2026-08-13T12:05:36.604874+00:00
26238CE,Audemars Piguet,MARK,manual_check,84312.0,VERIFIED,2026-08-09
26238OK,Audemars Piguet,MARK,manual_check,48221.0,VERIFIED,2026-08-09
26238OR,Audemars Piguet,MARK,manual_check,80413.0,VERIFIED,2026-08-09
26238ST,Audemars Piguet,MARK,manual_check,39158.0,VERIFIED,2026-08-09
26238TI,Audemars Piguet,MARK,manual_check,35842.0,VERIFIED,2026-08-09
26239BC,Audemars Piguet,MARK,manual_check,95321.0,VERIFIED,2026-08-09
26239OR,Audemars Piguet,MARK,manual_check,85112.0,VERIFIED,2026-08-09
26239OR,AP,MARK,engine_median,133283.04,DERIVED,2026-08-13T12:05:36.604874+00:00
26240BA,Audemars Piguet,MARK,manual_check,120848.0,VERIFIED,2026-08-09
26240BA,,MARK,engine_median,137444.19,DERIVED,2026-08-16T21:41:16.998484+00:00
26240BC,Audemars Piguet,MARK,manual_check,128743.0,VERIFIED,2026-08-09
26240BC,AP,MARK,engine_median,98208.56,DERIVED,2026-08-13T12:05:36.604874+00:00
26240CE,Audemars Piguet,MARK,manual_check,113969.0,VERIFIED,2026-08-09
26240CE,AP,MARK,engine_median,119970.0,DERIVED,2026-08-13T12:05:36.604874+00:00
26240OR,Audemars Piguet,MARK,manual_check,83082.0,VERIFIED,2026-08-09
26240ST,Audemars Piguet,MARK,manual_check,53230.0,VERIFIED,2026-08-09
26240ST,,MARK,engine_median,47818.22,DERIVED,2026-08-13T12:05:36.604874+00:00
26242OR,,MARK,engine_median,148556.69,DERIVED,2026-08-16T21:41:16.998484+00:00
26267FS.ZZ.D002CA.02,AP,MARK,engine_median,16668.76,DERIVED,2026-08-14T21:47:56.498486+00:00
26320OR,Audemars Piguet,MARK,manual_check,55015.0,VERIFIED,2026-08-09
26325,,MARK,engine_median,572.88,DERIVED,2026-08-13T12:05:36.604874+00:00
26331OR.OO.1220OR.01,,MARK,engine_median,79744.21,DERIVED,2026-08-16T06:20:51.808998+00:00
26359,Omega,MARK,engine_median,2046.0,DERIVED,2026-08-13T12:05:36.604874+00:00
26393BC,Audemars Piguet,MARK,manual_check,25738.0,VERIFIED,2026-08-09
26393BC,Audemars Piguet,MSRP,watchbase,49700.0,VERIFIED,2026-08-13T12:05:36+00:00
26393BC,AP,MARK,engine_median,19290.97,DERIVED,2026-08-13T12:05:36.604874+00:00
26393CR,Audemars Piguet,MARK,manual_check,23380.0,VERIFIED,2026-08-09
26393CR,AP,MARK,engine_median,22213.84,DERIVED,2026-08-13T12:05:36.604874+00:00
26393NB,Audemars Piguet,MARK,manual_check,27472.0,VERIFIED,2026-08-09
26393NR,Audemars Piguet,MARK,manual_check,30853.0,VERIFIED,2026-08-09
26393NR,,MARK,engine_median,26604.92,DERIVED,2026-08-21T21:45:15.687735+00:00
26393OR,Audemars Piguet,MARK,manual_check,31098.0,VERIFIED,2026-08-09
26393OR,AP,MARK,engine_median,29658.06,DERIVED,2026-08-13T12:05:36.604874+00:00
26393OR.OO.A056KB.01,Audemars Piguet,MSRP,watchbase,54800.0,VERIFIED,2026-08-13T12:05:36+00:00
26393QT,Audemars Piguet,MARK,manual_check,27403.0,VERIFIED,2026-08-09
26393ST,Audemars Piguet,MARK,manual_check,23037.0,VERIFIED,2026-08-09
26393ST,Audemars Piguet,MSRP,watchbase,39700.0,VERIFIED,2026-08-13T12:05:36+00:00
26393ST,AP,MARK,engine_median,21161.61,DERIVED,2026-08-13T12:05:36.604874+00:00
26393ST.OO.A056KB.01,Audemars Piguet,MSRP,watchbase,37900.0,VERIFIED,2026-08-13T12:05:36+00:00
26394BC,Audemars Piguet,MARK,manual_check,62613.0,VERIFIED,2026-08-09
26394OR,Audemars Piguet,MARK,manual_check,57455.0,VERIFIED,2026-08-09
2639W1A0U,Tudor,MARK,manual_check,6200.0,VERIFIED,2026-08-09
2639W1A0U0001,Tudor,MSRP,watchbase,5875.0,VERIFIED,2026-08-13T12:05:36+00:00
26400IO,,MARK,engine_median,18423.18,DERIVED,2026-08-18T21:46:17.264769+00:00
26400RO,Audemars Piguet,MARK,manual_check,30056.0,VERIFIED,2026-08-09
26400SO.OO.A002CA.01,AP,MARK,engine_median,21855.0,DERIVED,2026-08-13T12:05:36.604874+00:00
26401RO,,MARK,engine_median,27475.02,DERIVED,2026-08-19T21:47:49.086150+00:00
26405CG.OO.A004CA.01,AP,MARK,engine_median,27211.96,DERIVED,2026-08-13T12:05:36.604874+00:00
26420CD,,MARK,engine_median,57288.33,DERIVED,2026-08-13T12:05:36.604874+00:00
26420CE,Audemars Piguet,MARK,manual_check,45744.0,VERIFIED,2026-08-09
26420CE,AP,MARK,engine_median,35004.4,DERIVED,2026-08-14T21:47:56.498486+00:00
26420IO,Audemars Piguet,MARK,manual_check,33386.0,VERIFIED,2026-08-09
26420OI,Audemars Piguet,MARK,manual_check,55061.0,VERIFIED,2026-08-09
26420RO,Audemars Piguet,MARK,manual_check,42832.0,VERIFIED,2026-08-09
26420SO,Audemars Piguet,MARK,manual_check,30842.0,VERIFIED,2026-08-09
26420SO,AP,MSRP,watchbase,52000.0,EST,2026-08-13T12:05:36+00:00
26420SO,,MARK,engine_median,25441.8,DERIVED,2026-08-14T21:47:56.498486+00:00
26420ST,Audemars Piguet,MARK,manual_check,35275.0,VERIFIED,2026-08-09
26420TI,Audemars Piguet,MARK,manual_check,28102.0,VERIFIED,2026-08-09
26420TI,AP,MARK,engine_median,25487.46,DERIVED,2026-08-13T12:05:36.604874+00:00
26470ST.OO.A027CA.01,AP,MARK,engine_median,19530.0,DERIVED,2026-08-13T12:05:36.604874+00:00
26470ST.OO.A801CR.01,AP,MARK,engine_median,21390.0,DERIVED,2026-08-19T21:47:49.086150+00:00
26574ST,Audemars Piguet,MARK,manual_check,108085.0,VERIFIED,2026-08-09
26595SR,,MARK,engine_median,20635.49,DERIVED,2026-08-13T12:05:36.604874+00:00
26612TI.OO.D002CA.01,AP,MARK,engine_median,156684.09,DERIVED,2026-08-13T12:05:36.604874+00:00
26715OR,Audemars Piguet,MARK,manual_check,84533.0,VERIFIED,2026-08-09
26715ST,Audemars Piguet,MARK,manual_check,46710.0,VERIFIED,2026-08-09
26715ST,,MARK,engine_median,40218.74,DERIVED,2026-08-13T12:05:36.604874+00:00
268621,Rolex,MARK,manual_check,14947.0,VERIFIED,2026-08-09
268621,,MARK,engine_median,12912.99,DERIVED,2026-08-13T12:05:36.604874+00:00
268622,Rolex,MARK,manual_check,11731.0,VERIFIED,2026-08-09
268622,Rolex,MSRP,watchbase,12500.0,VERIFIED,2026-08-13T12:05:36+00:00
268622,Rolex,MARK,engine_median,11639.4,DERIVED,2026-08-13T12:05:36.604874+00:00
268655,Rolex,MARK,manual_check,22604.0,VERIFIED,2026-08-09
268655,Rolex,MSRP,watchbase,31000.0,VERIFIED,2026-08-13T12:05:36+00:00
268655,Rolex,MARK,engine_median,35018.39,DERIVED,2026-08-13T12:05:36.604874+00:00
27.10.43.50.01.001,Omega,MARK,manual_check,3594.0,VERIFIED,2026-08-09
276200,Rolex,MARK,manual_check,7026.0,VERIFIED,2026-08-09
276200,Rolex,MARK,engine_median,6871.42,DERIVED,2026-08-13T12:05:36.604874+00:00
277200,Rolex,MARK,manual_check,8779.0,VERIFIED,2026-08-09
277200,Rolex,MARK,engine_median,7472.08,DERIVED,2026-08-13T12:05:36.604874+00:00
278240,Rolex,MARK,manual_check,8538.0,VERIFIED,2026-08-09
278240,Rolex,MSRP,watchbase,7700.0,VERIFIED,2026-08-13T12:05:36+00:00
278240,Rolex,MARK,engine_median,6547.24,DERIVED,2026-08-13T12:05:36.604874+00:00
278241,Rolex,MARK,manual_check,12128.0,VERIFIED,2026-08-09
278243,Rolex,MARK,manual_check,15320.0,VERIFIED,2026-08-09
278271,Rolex,MARK,manual_check,16165.0,VERIFIED,2026-08-09
278271,Rolex,MSRP,watchbase,13300.0,VERIFIED,2026-08-13T12:05:36+00:00
278271,Rolex,MARK,engine_median,16059.39,DERIVED,2026-08-13T12:05:36.604874+00:00
278271,Rolex,MARK,engine_median,14437.32,DERIVED,2026-08-13T22:07:35.994213+00:00
278271,Rolex,MARK,engine_median,16059.39,DERIVED,2026-08-13T22:07:39.029292+00:00
278271,Rolex,MARK,engine_median,14437.32,DERIVED,2026-08-14T21:47:56.498486+00:00
278271,Rolex,MARK,engine_median,16059.39,DERIVED,2026-08-15T21:41:53.174601+00:00
278271,Rolex,MARK,engine_median,14437.32,DERIVED,2026-08-16T06:20:51.808998+00:00
278271,Rolex,MARK,engine_median,14386.53,DERIVED,2026-08-19T21:47:49.086150+00:00
278271,Rolex,MARK,engine_median,14437.32,DERIVED,2026-08-21T21:45:15.687735+00:00
278271NG,Rolex,MARK,engine_median,20353.04,DERIVED,2026-08-13T12:05:36.604874+00:00
278273,Rolex,MARK,manual_check,16607.0,VERIFIED,2026-08-09
278273G,Rolex,MSRP,watchbase,16000.0,VERIFIED,2026-08-13T12:05:36+00:00
278273NG,Rolex,MSRP,watchbase,16000.0,VERIFIED,2026-08-13T12:05:36+00:00
278273NG,Rolex,MARK,engine_median,19962.71,DERIVED,2026-08-13T12:05:36.604874+00:00
278274,Rolex,MARK,manual_check,12354.0,VERIFIED,2026-08-09
278274,Rolex,MSRP,watchbase,9550.0,VERIFIED,2026-08-13T12:05:36+00:00
278274,Rolex,MARK,engine_median,12758.57,DERIVED,2026-08-13T12:05:36.604874+00:00
278275,Rolex,MARK,manual_check,37422.0,VERIFIED,2026-08-09
278278,Rolex,MARK,manual_check,40547.0,VERIFIED,2026-08-09
278285RBR,Rolex,MARK,manual_check,42828.0,VERIFIED,2026-08-09
278289RBR,Rolex,MARK,manual_check,39055.0,VERIFIED,2026-08-09
278289RBR,,MARK,engine_median,56119.18,DERIVED,2026-08-13T12:05:36.604874+00:00
278341RBR,Rolex,MARK,manual_check,17849.0,VERIFIED,2026-08-09
278341RBR,Rolex,MARK,engine_median,15836.66,DERIVED,2026-08-13T12:05:36.604874+00:00
278343RBR,Rolex,MARK,manual_check,16530.0,VERIFIED,2026-08-09
278344RBR,Rolex,MARK,manual_check,14865.0,VERIFIED,2026-08-09
278344RBR,Rolex,MSRP,watchbase,26000.0,VERIFIED,2026-08-13T12:05:36+00:00
278344RBR,Rolex,MARK,engine_median,12156.07,DERIVED,2026-08-13T12:05:36.604874+00:00
278381RBR,Rolex,MARK,manual_check,22100.0,VERIFIED,2026-08-09
278383RBR,Rolex,MARK,manual_check,23942.0,VERIFIED,2026-08-09
278384RBR,Rolex,MARK,manual_check,19307.0,VERIFIED,2026-08-09
278384RBR,Rolex,MARK,engine_median,21202.96,DERIVED,2026-08-21T21:45:15.687735+00:00
2785593001,Chopard,MSRP,watchbase,9410.0,VERIFIED,2026-08-13T12:05:36+00:00
279135RBR,Rolex,MARK,manual_check,34558.0,VERIFIED,2026-08-09
279138RBR,Rolex,MARK,manual_check,37241.0,VERIFIED,2026-08-09
279160,Rolex,MARK,manual_check,7066.0,VERIFIED,2026-08-09
279160,Rolex,MARK,engine_median,5261.18,DERIVED,2026-08-13T12:05:36.604874+00:00
279161,Rolex,MARK,manual_check,10449.0,VERIFIED,2026-08-09
279161,Rolex,MARK,engine_median,9367.97,DERIVED,2026-08-13T12:05:36.604874+00:00
279163,Rolex,MARK,manual_check,9462.0,VERIFIED,2026-08-09
279171,Rolex,MARK,manual_check,14475.0,VERIFIED,2026-08-09
279171,Rolex,MSRP,watchbase,15600.0,VERIFIED,2026-08-13T12:05:36+00:00
279171,Rolex,MARK,engine_median,12546.4,DERIVED,2026-08-13T12:05:36.604874+00:00
279171,Rolex,MARK,engine_median,12590.68,DERIVED,2026-08-16T10:01:25.617322+00:00
279171GCB,Rolex,MARK,engine_median,14773.8,DERIVED,2026-08-13T12:05:36.604874+00:00
279171NG,Rolex,MARK,engine_median,17732.24,DERIVED,2026-08-13T12:05:36.604874+00:00
279173,Rolex,MARK,manual_check,13583.0,VERIFIED,2026-08-09
279173,Rolex,MSRP,watchbase,12050.0,VERIFIED,2026-08-13T12:05:36+00:00
279173,Rolex,MARK,engine_median,13940.44,DERIVED,2026-08-13T12:05:36.604874+00:00
279173,Rolex,MARK,engine_median,10799.27,DERIVED,2026-08-18T21:46:17.264769+00:00
279173GCH,Rolex,MARK,engine_median,14773.8,DERIVED,2026-08-13T12:05:36.604874+00:00
279173GST,Rolex,MARK,engine_median,15039.51,DERIVED,2026-08-13T12:05:36.604874+00:00
279173NG,Rolex,MARK,engine_median,17564.96,DERIVED,2026-08-13T12:05:36.604874+00:00
279174,Rolex,MARK,manual_check,10692.0,VERIFIED,2026-08-09
279174,Rolex,MARK,engine_median,10762.03,DERIVED,2026-08-13T12:05:36.604874+00:00
279175,Rolex,MARK,manual_check,31109.0,VERIFIED,2026-08-09
279178,Rolex,MARK,manual_check,23103.0,VERIFIED,2026-08-09
279178,,MARK,engine_median,30982.47,DERIVED,2026-08-13T12:05:36.604874+00:00
279381RBR,Rolex,MARK,manual_check,20013.0,VERIFIED,2026-08-09
279381RBR,Rolex,MARK,engine_median,19962.71,DERIVED,2026-08-13T12:05:36.604874+00:00
279383RBR,Rolex,MARK,manual_check,17949.0,VERIFIED,2026-08-09
279383RBR,Rolex,MARK,engine_median,22025.9,DERIVED,2026-08-13T12:05:36.604874+00:00
279383RBR,Rolex,MARK,engine_median,18297.19,DERIVED,2026-08-16T06:20:51.808998+00:00
279384RBR,Rolex,MARK,manual_check,16874.0,VERIFIED,2026-08-09
279384RBR,Rolex,MARK,engine_median,18466.34,DERIVED,2026-08-13T12:05:36.604874+00:00
28300,Tudor,MARK,manual_check,1824.0,VERIFIED,2026-08-09
28300,Tudor,MARK,engine_median,267654.0,DERIVED,2026-08-13T12:05:36.604874+00:00
28303,Tudor,MARK,manual_check,2695.0,VERIFIED,2026-08-09
28320,Tudor,MARK,manual_check,2102.0,VERIFIED,2026-08-09
28323,Tudor,MARK,manual_check,3860.0,VERIFIED,2026-08-09
2836C1A0,Tudor,MARK,manual_check,2763.0,VERIFIED,2026-08-09
28400,Tudor,MARK,manual_check,1860.0,VERIFIED,2026-08-09
28400,Tudor,MSRP,watchbase,2725.0,EST,2026-08-13T12:05:36+00:00
28400,Tudor,MARK,engine_median,2171.2,DERIVED,2026-08-13T12:05:36.604874+00:00
28403,Tudor,MARK,manual_check,2855.0,VERIFIED,2026-08-09
28403,Tudor,MSRP,watchbase,4050.0,EST,2026-08-13T12:05:36+00:00
28403,Tudor,MARK,engine_median,2786.75,DERIVED,2026-08-13T12:05:36.604874+00:00
28403,Tudor,MARK,engine_median,3223.03,DERIVED,2026-08-14T21:47:56.498486+00:00
28403,Tudor,MARK,engine_median,2786.75,DERIVED,2026-08-14T21:48:08.178665+00:00
28403,Tudor,MARK,engine_median,3223.03,DERIVED,2026-08-16T21:41:19.436645+00:00
28403,Tudor,MARK,engine_median,2786.75,DERIVED,2026-08-17T21:49:35.588367+00:00
2840D1A0,Tudor,MARK,manual_check,3034.0,VERIFIED,2026-08-09
28500,Tudor,MARK,manual_check,1853.0,VERIFIED,2026-08-09
28500,Tudor,MARK,engine_median,1929.1,DERIVED,2026-08-13T12:05:36.604874+00:00
28503,Tudor,MARK,manual_check,2478.0,VERIFIED,2026-08-09
28503,Tudor,MARK,engine_median,3570.16,DERIVED,2026-08-13T12:05:36.604874+00:00
285030005,Tudor,MSRP,watchbase,4375.0,VERIFIED,2026-08-13T12:05:36+00:00
2852SCD1P5N,Franck Muller,MSRP,watchbase,44000.0,VERIFIED,2026-08-13T12:05:36+00:00
28600,Tudor,MARK,manual_check,2145.0,VERIFIED,2026-08-09
28600,Tudor,MARK,engine_median,1987.56,DERIVED,2026-08-13T12:05:36.604874+00:00
28600,Tudor,MARK,engine_median,297507.0,DERIVED,2026-08-15T21:41:53.174601+00:00
28600,Tudor,MARK,engine_median,1987.56,DERIVED,2026-08-16T06:20:51.808998+00:00
28600,Tudor,MARK,engine_median,297507.0,DERIVED,2026-08-16T10:01:25.617322+00:00
28600,Tudor,MARK,engine_median,1987.56,DERIVED,2026-08-16T21:41:16.998484+00:00
28600,Tudor,MARK,engine_median,297507.0,DERIVED,2026-08-17T21:49:35.588367+00:00
28600,Tudor,MARK,engine_median,1987.56,DERIVED,2026-08-19T21:47:49.086150+00:00
28600,Tudor,MARK,engine_median,297507.0,DERIVED,2026-08-20T19:55:02.750956+00:00
28600,Tudor,MARK,engine_median,1987.56,DERIVED,2026-08-21T21:45:15.687735+00:00
28603,Tudor,MARK,manual_check,2814.0,VERIFIED,2026-08-09
28603,Tudor,MSRP,watchbase,3900.0,VERIFIED,2026-08-13T12:05:36+00:00
28603,Tudor,MARK,engine_median,3514.2,DERIVED,2026-08-13T12:05:36.604874+00:00
286030001,Tudor,MSRP,watchbase,4150.0,VERIFIED,2026-08-13T12:05:36+00:00
286030002,Tudor,MSRP,watchbase,3975.0,VERIFIED,2026-08-13T12:05:36+00:00
286030008,Tudor,MSRP,watchbase,4700.0,VERIFIED,2026-08-13T12:05:36+00:00
2869,Omega,MARK,engine_median,1581.0,DERIVED,2026-08-13T12:05:36.604874+00:00
29.30.44.51.01.001,Omega,MARK,manual_check,6007.0,VERIFIED,2026-08-09
29.30.44.51.01.003,Omega,MARK,manual_check,8588.0,VERIFIED,2026-08-09
29.30.44.51.04.001,Omega,MARK,manual_check,6197.0,VERIFIED,2026-08-09
2986003002,Chopard,MSRP,watchbase,14800.0,VERIFIED,2026-08-13T12:05:36+00:00
2986013001,Chopard,MSRP,watchbase,13400.0,VERIFIED,2026-08-13T12:05:36+00:00
2986013012,Chopard,MSRP,watchbase,15100.0,VERIFIED,2026-08-13T12:05:36+00:00
30282,,MARK,engine_median,7279.82,DERIVED,2026-08-13T12:05:36.604874+00:00
304.30.43.52.01.001,Omega,MSRP,watchbase,19300.0,VERIFIED,2026-08-13T12:05:36+00:00
304.30.43.52.01.001,Omega,MARK,engine_median,17949.0,DERIVED,2026-08-13T12:05:36.604874+00:00
304.30.43.52.06.001,Omega,MARK,engine_median,17949.0,DERIVED,2026-08-13T12:05:36.604874+00:00
304.30.44.52.01.001,Omega,MARK,manual_check,7431.0,VERIFIED,2026-08-09
304.30.44.52.01.001,Omega,MARK,engine_median,12090.0,DERIVED,2026-08-13T12:05:36.604874+00:00
304.30.44.52.01.001,Omega,MARK,engine_median,5728.84,DERIVED,2026-08-19T21:47:49.086150+00:00
304.30.44.52.01.001,Omega,MARK,engine_median,12090.0,DERIVED,2026-08-20T04:37:33.725646+00:00
304.30.44.52.01.001,Omega,MARK,engine_median,5728.84,DERIVED,2026-08-21T21:45:15.687735+00:00
304.33.44.52.01.001,Omega,MARK,engine_median,5590.41,DERIVED,2026-08-13T12:05:36.604874+00:00
304.33.44.52.03.001,Omega,MARK,manual_check,7291.0,VERIFIED,2026-08-09
304.33.44.52.03.001,Omega,MARK,engine_median,7440.0,DERIVED,2026-08-13T12:05:36.604874+00:00
304.93.44.52.03.001,Omega,MARK,engine_median,14601.0,DERIVED,2026-08-13T12:05:36.604874+00:00
304.93.44.52.03.002,Omega,MARK,manual_check,10759.0,VERIFIED,2026-08-09
304.93.44.52.03.002,Omega,MARK,engine_median,9457.0,DERIVED,2026-08-13T12:05:36.604874+00:00
3065,Rolex,MARK,engine_median,23017.5,DERIVED,2026-08-13T12:05:36.604874+00:00
31.10.39.21.01.001,Omega,MARK,manual_check,3368.0,VERIFIED,2026-08-09
31.10.39.21.02.001,Omega,MARK,manual_check,3212.0,VERIFIED,2026-08-09
31.10.39.21.03.001,Omega,MARK,manual_check,4616.0,VERIFIED,2026-08-09
31.10.39.21.03.002,Omega,MARK,manual_check,3892.0,VERIFIED,2026-08-09
31.10.39.21.06.001,Omega,MARK,manual_check,3207.0,VERIFIED,2026-08-09
31.10.39.60.02.001,Omega,MARK,manual_check,2214.0,VERIFIED,2026-08-09
31.10.39.60.06.001,Omega,MARK,manual_check,2270.0,VERIFIED,2026-08-09
31.10.39.61.02.001,Omega,MARK,manual_check,2224.0,VERIFIED,2026-08-09
31.10.39.61.06.001,Omega,MARK,manual_check,2445.0,VERIFIED,2026-08-09
31.10.42.21.01.003,Omega,MARK,manual_check,3782.0,VERIFIED,2026-08-09
31.10.42.21.02.001,Omega,MARK,manual_check,3140.0,VERIFIED,2026-08-09
31.10.42.21.03.003,Omega,MARK,manual_check,4073.0,VERIFIED,2026-08-09
31.10.42.21.03.004,Omega,MARK,manual_check,5508.0,VERIFIED,2026-08-09
31.10.42.21.06.001,Omega,MARK,manual_check,3580.0,VERIFIED,2026-08-09
310.20.42.50.01.001,Omega,MARK,manual_check,12931.0,VERIFIED,2026-08-09
310.20.42.50.02.001,Omega,MSRP,watchbase,21100.0,VERIFIED,2026-08-13T12:05:36+00:00
310.20.42.50.02.001,Omega,MARK,engine_median,19623.0,DERIVED,2026-08-13T12:05:36.604874+00:00
310.20.42.50.99.001,Omega,MARK,engine_median,19623.0,DERIVED,2026-08-13T12:05:36.604874+00:00
310.23.42.50.02.001,Omega,MARK,engine_median,12183.0,DERIVED,2026-08-13T12:05:36.604874+00:00
310.23.42.50.99.001,Omega,MARK,engine_median,12183.0,DERIVED,2026-08-13T12:05:36.604874+00:00
310.30.40.50.0,Omega,MARK,manual_check,6945.0,VERIFIED,2026-08-09
310.30.40.50.06.001,Omega,MARK,manual_check,6975.0,VERIFIED,2026-06
310.30.40.50.06.001,Omega,MSRP,watchbase,8900.0,VERIFIED,2026-08-13T12:05:36+00:00
310.30.40.50.06.001,Omega,MARK,engine_median,8277.0,DERIVED,2026-08-13T12:05:36.604874+00:00
310.30.42.50.0,Omega,MARK,manual_check,7473.0,VERIFIED,2026-08-09
310.30.42.50.01.001,Omega,MARK,manual_check,5627.0,VERIFIED,2026-08-09
310.30.42.50.01.001,Omega,MSRP,watchbase,7000.0,VERIFIED,2026-08-13T12:05:36+00:00
310.30.42.50.01.001,Omega,MARK,engine_median,7254.0,DERIVED,2026-08-13T12:05:36.604874+00:00
310.30.42.50.01.002,Omega,MARK,manual_check,6493.0,VERIFIED,2026-08-09
310.30.42.50.01.002,Omega,MARK,engine_median,5807.93,DERIVED,2026-08-13T12:05:36.604874+00:00
310.30.42.50.01.004,Omega,MARK,manual_check,9567.0,VERIFIED,2026-08-09
310.30.42.50.01.004,Omega,MSRP,watchbase,11000.0,VERIFIED,2026-08-13T12:05:36+00:00
310.30.42.50.01.004,Omega,MARK,engine_median,8184.05,DERIVED,2026-08-13T12:05:36.604874+00:00
310.30.42.50.04.001,Omega,MARK,manual_check,7473.0,VERIFIED,2026-08-09
310.30.42.50.04.001,Omega,MARK,engine_median,6722.61,DERIVED,2026-08-13T12:05:36.604874+00:00
310.30.42.50.04.001,Omega,MARK,engine_median,7533.0,DERIVED,2026-08-14T21:47:56.498486+00:00
310.32.,Omega,MARK,manual_check,7268.0,VERIFIED,2026-08-09
310.32.40.50.06.001,Omega,MARK,engine_median,7905.0,DERIVED,2026-08-13T12:05:36.604874+00:00
310.32.40.50.06.002,Omega,MARK,engine_median,7905.0,DERIVED,2026-08-13T12:05:36.604874+00:00
310.32.42.50.01.001,Omega,MARK,manual_check,5344.0,VERIFIED,2026-08-09
310.32.42.50.01.001,Omega,MSRP,watchbase,7400.0,VERIFIED,2026-08-13T12:05:36+00:00
310.32.42.50.01.001,Omega,MARK,engine_median,6882.0,DERIVED,2026-08-13T12:05:36.604874+00:00
310.32.42.50.01.002,Omega,MARK,manual_check,5918.0,VERIFIED,2026-08-09
310.32.42.50.01.002,Omega,MARK,engine_median,7998.0,DERIVED,2026-08-13T12:05:36.604874+00:00
310.32.42.50.02.001,Omega,MARK,manual_check,15051.0,VERIFIED,2026-08-09
310.32.42.50.02.001,,MARK,seed_kb,14924.0,VERIFIED,2026-08-13T12:05:36+00:00
310.32.42.50.02.001,Omega,MARK,engine_median,13445.22,DERIVED,2026-08-13T12:05:36.604874+00:00
310.32.42.50.02.001,Omega,MARK,engine_median,13626.8,DERIVED,2026-08-18T21:46:17.264769+00:00
310.32.42.50.02.001,Omega,MARK,engine_median,13445.22,DERIVED,2026-08-21T21:45:15.687735+00:00
310.32.42.50.04.001,Omega,MARK,manual_check,7268.0,VERIFIED,2026-08-09
310.32.42.50.04.001,Omega,MSRP,watchbase,8700.0,VERIFIED,2026-08-13T12:05:36+00:00
310.32.42.50.04.001,Omega,MARK,engine_median,8091.0,DERIVED,2026-08-13T12:05:36.604874+00:00
310.32.42.50.04.001,Omega,MARK,engine_median,7576.35,DERIVED,2026-08-13T22:07:35.994213+00:00
310.32.42.50.04.002,Omega,MARK,engine_median,8091.0,DERIVED,2026-08-13T12:05:36.604874+00:00
310.55.42.50.02.001,Omega,MARK,engine_median,66774.0,DERIVED,2026-08-13T12:05:36.604874+00:00
310.55.42.50.13.001,Omega,MARK,engine_median,53475.0,DERIVED,2026-08-13T12:05:36.604874+00:00
310.60.42.50.01.001,Omega,MARK,engine_median,31155.0,DERIVED,2026-08-13T12:05:36.604874+00:00
310.60.42.50.01.002,Omega,MSRP,watchbase,49300.0,VERIFIED,2026-08-13T12:05:36+00:00
310.60.42.50.01.002,Omega,MARK,engine_median,45849.0,DERIVED,2026-08-13T12:05:36.604874+00:00
310.60.42.50.02.001,Omega,MARK,engine_median,61659.0,DERIVED,2026-08-13T12:05:36.604874+00:00
310.60.42.50.10.002,Omega,MARK,engine_median,47988.0,DERIVED,2026-08-13T12:05:36.604874+00:00
310.60.42.50.99.001,Omega,MARK,engine_median,34410.0,DERIVED,2026-08-13T12:05:36.604874+00:00
310.60.42.50.99.002,Omega,MARK,engine_median,49755.0,DERIVED,2026-08-13T12:05:36.604874+00:00
310.60.42.50.99.002,Omega,MARK,engine_median,36177.0,DERIVED,2026-08-20T19:55:02.750956+00:00
310.60.42.50.99.002,Omega,MARK,engine_median,49755.0,DERIVED,2026-08-20T21:48:50.588638+00:00
310.63.42.50.01.001,,MARK,engine_median,15315.86,DERIVED,2026-08-13T12:05:36.604874+00:00
310.63.42.50.02.001,Omega,MARK,engine_median,41292.0,DERIVED,2026-08-13T12:05:36.604874+00:00
310.92.44.50.01.001,Omega,MARK,manual_check,11323.0,VERIFIED,2026-08-09
310.92.44.50.01.001,Omega,MARK,engine_median,14973.0,DERIVED,2026-08-13T12:05:36.604874+00:00
310.92.44.50.06.001,Omega,MARK,engine_median,15252.0,DERIVED,2026-08-13T12:05:36.604874+00:00
310.92.44.50.06.002,Omega,MARK,engine_median,15252.0,DERIVED,2026-08-13T12:05:36.604874+00:00
310.92.44.51.01.001,Omega,MARK,engine_median,14973.0,DERIVED,2026-08-13T12:05:36.604874+00:00
310.92.44.51.01.002,Omega,MSRP,watchbase,16100.0,VERIFIED,2026-08-13T12:05:36+00:00
310.92.44.51.01.002,Omega,MARK,engine_median,14601.0,DERIVED,2026-08-13T12:05:36.604874+00:00
310.92.44.51.01.003,Omega,MARK,engine_median,14973.0,DERIVED,2026-08-13T12:05:36.604874+00:00
310.92.44.51.01.004,Omega,MARK,engine_median,14601.0,DERIVED,2026-08-13T12:05:36.604874+00:00
310.92.44.51.01.005,Omega,MSRP,watchbase,16100.0,VERIFIED,2026-08-13T12:05:36+00:00
310.92.44.51.01.005,Omega,MARK,engine_median,14973.0,DERIVED,2026-08-13T12:05:36.604874+00:00
31039,,MARK,engine_median,5197.4,DERIVED,2026-08-13T12:05:36.604874+00:00
31039,,MARK,engine_median,5728.84,DERIVED,2026-08-20T19:55:02.750956+00:00
311.10.39.30.01.001,Omega,MARK,manual_check,6991.0,VERIFIED,2026-08-09
311.10.39.30.01.001,Omega,MARK,engine_median,5787.29,DERIVED,2026-08-13T12:05:36.604874+00:00
311.30.40.30.01.001,Omega,MARK,manual_check,15192.0,VERIFIED,2026-08-09
311.30.40.30.01.001,Omega,MSRP,watchbase,17300.0,VERIFIED,2026-08-13T12:05:36+00:00
311.30.40.30.01.001,Omega,MARK,engine_median,13152.93,DERIVED,2026-08-13T12:05:36.604874+00:00
311.30.42.30.01.003,Omega,MARK,engine_median,5155.36,DERIVED,2026-08-13T12:05:36.604874+00:00
311.30.42.30.01.003,Omega,MARK,engine_median,5306.36,DERIVED,2026-08-16T06:20:51.808998+00:00
311.30.42.30.01.003,Omega,MARK,engine_median,5155.36,DERIVED,2026-08-16T10:01:25.617322+00:00
311.30.42.30.01.005,Omega,MARK,manual_check,4741.0,VERIFIED,2026-08-09
311.30.42.30.01.005,Omega,MARK,engine_median,4380.46,DERIVED,2026-08-17T21:49:35.588367+00:00
311.30.42.30.01.006,Omega,MARK,manual_check,5478.0,VERIFIED,2026-08-09
311.30.42.30.01.006,Omega,MSRP,watchbase,5899.0,VERIFIED,2026-08-13T12:05:36+00:00
311.30.42.30.01.006,Omega,MARK,engine_median,4676.6,DERIVED,2026-08-13T12:05:36.604874+00:00
311.30.42.30.13.001,Omega,MARK,manual_check,5937.0,VERIFIED,2026-08-09
311.30.44.32.01.001,Omega,MARK,engine_median,8850.47,DERIVED,2026-08-13T12:05:36.604874+00:00
311.30.44.32.01.001,Omega,MARK,engine_median,10695.0,DERIVED,2026-08-14T21:47:56.498486+00:00
311.30.44.32.01.001,Omega,MARK,engine_median,8850.47,DERIVED,2026-08-16T10:01:25.617322+00:00
311.30.44.32.01.001,Omega,MARK,engine_median,10695.0,DERIVED,2026-08-20T04:37:33.725646+00:00
311.30.44.32.01.001,Omega,MARK,engine_median,8850.47,DERIVED,2026-08-21T21:45:15.687735+00:00
311.32.40.30.01.001,Omega,MARK,manual_check,4834.0,VERIFIED,2026-08-09
311.33.40.30.02.001,Omega,MARK,engine_median,5553.46,DERIVED,2026-08-13T12:05:36.604874+00:00
311.33.42.30.01.001,Omega,MARK,manual_check,4744.0,VERIFIED,2026-08-09
311.33.42.30.01.001,Omega,MARK,engine_median,5735.11,DERIVED,2026-08-13T12:05:36.604874+00:00
311.50.39.30.01.001,Omega,MSRP,watchbase,81000.0,VERIFIED,2026-08-13T12:05:36+00:00
311.50.39.30.01.001,Omega,MARK,engine_median,49691.24,DERIVED,2026-08-13T12:05:36.604874+00:00
311.63.44.51.06.001,Omega,MARK,engine_median,9765.0,DERIVED,2026-08-13T12:05:36.604874+00:00
311.92,Omega,MARK,manual_check,8475.0,VERIFIED,2026-08-09
311.92.44.30.01.001,Omega,MARK,manual_check,8249.0,VERIFIED,2026-08-09
311.92.44.30.01.001,Omega,MARK,engine_median,7307.19,DERIVED,2026-08-13T12:05:36.604874+00:00
311.92.44.30.01.001,Omega,MARK,engine_median,9020.07,DERIVED,2026-08-14T21:47:56.498486+00:00
311.92.44.30.01.001,Omega,MARK,engine_median,7307.19,DERIVED,2026-08-16T10:01:25.617322+00:00
311.92.44.30.01.001,Omega,MARK,engine_median,9020.07,DERIVED,2026-08-18T21:46:17.264769+00:00
311.92.44.30.01.002,Omega,MARK,engine_median,8277.0,DERIVED,2026-08-13T12:05:36.604874+00:00
311.92.44.51.01.003,Omega,MARK,manual_check,7046.0,VERIFIED,2026-08-09
311.92.44.51.01.003,Omega,MSRP,watchbase,12000.0,VERIFIED,2026-08-13T12:05:36+00:00
311.92.44.51.01.003,Omega,MARK,engine_median,6196.5,DERIVED,2026-08-13T12:05:36.604874+00:00
311.92.44.51.01.005,Omega,MARK,manual_check,8475.0,VERIFIED,2026-08-09
311.92.44.51.01.007,Omega,MARK,manual_check,7662.0,VERIFIED,2026-08-09
311.93.44.51.03.001,Omega,MARK,engine_median,4501.23,DERIVED,2026-08-13T12:05:36.604874+00:00
311.93.44.51.04.002,Omega,MARK,engine_median,11904.0,DERIVED,2026-08-13T12:05:36.604874+00:00
311.93.44.51.99.001,Omega,MARK,engine_median,5728.84,DERIVED,2026-08-13T12:05:36.604874+00:00
311.93.44.51.99.002,Omega,MARK,engine_median,14136.0,DERIVED,2026-08-13T12:05:36.604874+00:00
3110V000AB425,Vacheron Constantin,MARK,manual_check,16859.0,VERIFIED,2026-08-09
3110V000AB426,Vacheron Constantin,MARK,manual_check,16992.0,VERIFIED,2026-08-09
31160,,MARK,engine_median,7333.76,DERIVED,2026-08-13T12:05:36.604874+00:00
318.92.45.79.03.001,Omega,MARK,engine_median,4371.0,DERIVED,2026-08-13T12:05:36.604874+00:00
31885,,MARK,engine_median,6494.41,DERIVED,2026-08-13T12:05:36.604874+00:00
32.10.41.51.01.001,Omega,MARK,manual_check,6111.0,VERIFIED,2026-08-09
32.10.41.51.01.002,Omega,MARK,manual_check,7734.0,VERIFIED,2026-08-09
32.10.41.51.03.001,Omega,MARK,manual_check,6997.0,VERIFIED,2026-08-09
32.10.41.51.10.001,Omega,MARK,manual_check,6690.0,VERIFIED,2026-08-09
32.30.42.21.01.001,Omega,MARK,manual_check,3946.0,VERIFIED,2026-08-09
32.30.42.21.01.003,Omega,MARK,manual_check,3896.0,VERIFIED,2026-08-09
32.30.44.22.01.001,Omega,MARK,manual_check,4412.0,VERIFIED,2026-08-09
32.30.44.22.03.001,Omega,MARK,manual_check,4135.0,VERIFIED,2026-08-09
32.30.46.21.01.001,Omega,MARK,manual_check,3827.0,VERIFIED,2026-08-09
32.30.46.51.01.001,Omega,MARK,manual_check,4290.0,VERIFIED,2026-08-09
32011202,,MARK,engine_median,13211.39,DERIVED,2026-08-13T12:05:36.604874+00:00
321.10.42.50.01.001,Omega,MARK,manual_check,4361.0,VERIFIED,2026-08-09
321.10.42.50.01.001,Omega,MARK,engine_median,3216.78,DERIVED,2026-08-14T21:47:56.498486+00:00
321.10.42.50.02.001,Omega,MARK,engine_median,3273.62,DERIVED,2026-08-13T12:05:36.604874+00:00
321.30.44.50.01.001,,MARK,engine_median,3036.0,DERIVED,2026-08-14T21:47:56.498486+00:00
3210.50,Omega,MARK,manual_check,2374.0,VERIFIED,2026-08-09
3210.51,Omega,MARK,manual_check,2834.0,VERIFIED,2026-08-09
3210.52,Omega,MARK,manual_check,2943.0,VERIFIED,2026-08-09
3211.30,Omega,MARK,manual_check,2236.0,VERIFIED,2026-08-09
3211.31,Omega,MARK,manual_check,2803.0,VERIFIED,2026-08-09
3212.80,Omega,MARK,manual_check,2618.0,VERIFIED,2026-08-09
3220.50,Omega,MARK,manual_check,2650.0,VERIFIED,2026-08-09
3221.30,Omega,MARK,manual_check,2503.0,VERIFIED,2026-08-09
323.21.40.40.01.001,Omega,MARK,engine_median,3215.16,DERIVED,2026-08-13T12:05:36.604874+00:00
323.30.40.40.01.001,,MARK,engine_median,3036.0,DERIVED,2026-08-14T21:47:56.498486+00:00
323.30.40.40.02.001,Omega,MARK,engine_median,4208.94,DERIVED,2026-08-13T12:05:36.604874+00:00
323.30.40.40.02.001,Omega,MARK,engine_median,4088.81,DERIVED,2026-08-20T19:55:02.750956+00:00
323.30.40.40.02.001,Omega,MARK,engine_median,4208.94,DERIVED,2026-08-20T21:48:50.588638+00:00
323.30.40.40.06.001,Omega,MARK,manual_check,3102.0,VERIFIED,2026-08-09
324.15.38.50.60.001,Omega,MARK,engine_median,12927.0,DERIVED,2026-08-13T12:05:36.604874+00:00
324.23.38.50.02.001,Omega,MARK,engine_median,8091.0,DERIVED,2026-08-13T12:05:36.604874+00:00
324.23.38.50.02.002,Omega,MARK,engine_median,6043.53,DERIVED,2026-08-13T12:05:36.604874+00:00
324.28.38.50.02.002,Omega,MARK,engine_median,12276.0,DERIVED,2026-08-13T12:05:36.604874+00:00
324.28.38.50.02.002,Omega,MARK,engine_median,4561.98,DERIVED,2026-08-16T10:01:25.617322+00:00
324.28.38.50.02.002,Omega,MARK,engine_median,12276.0,DERIVED,2026-08-16T21:41:16.998484+00:00
324.30.38.40.04.001,,MARK,engine_median,2483.03,DERIVED,2026-08-14T21:47:56.498486+00:00
324.30.38.50.01.001,Omega,MARK,manual_check,4217.0,VERIFIED,2026-08-09
324.30.38.50.01.001,Omega,MARK,engine_median,3624.37,DERIVED,2026-08-13T12:05:36.604874+00:00
324.30.38.50.03.001,Omega,MARK,engine_median,3610.18,DERIVED,2026-08-13T12:05:36.604874+00:00
324.30.38.50.03.002,Omega,MARK,manual_check,4454.0,VERIFIED,2026-08-09
324.30.38.50.06.001,Omega,MARK,engine_median,3469.55,DERIVED,2026-08-13T12:05:36.604874+00:00
324.32.38.50.02.001,Omega,MARK,engine_median,5487.0,DERIVED,2026-08-13T12:05:36.604874+00:00
324.38.38.50.03.001,Omega,MARK,engine_median,9207.0,DERIVED,2026-08-13T12:05:36.604874+00:00
324.38.38.50.03.001,Omega,MARK,engine_median,6298.15,DERIVED,2026-08-16T10:01:25.617322+00:00
324.38.38.50.03.001,Omega,MARK,engine_median,9207.0,DERIVED,2026-08-17T21:49:35.588367+00:00
324.38.38.50.03.001,Omega,MARK,engine_median,6298.15,DERIVED,2026-08-19T21:47:49.086150+00:00
324.38.38.50.03.001,Omega,MARK,engine_median,9207.0,DERIVED,2026-08-20T04:37:33.725646+00:00
324.38.38.50.03.001,Omega,MARK,engine_median,6298.15,DERIVED,2026-08-21T21:45:15.687735+00:00
324.38.38.50.55.001,Omega,MARK,engine_median,10416.0,DERIVED,2026-08-13T12:05:36.604874+00:00
324.58.38.50.60.001,Omega,MARK,engine_median,35619.0,DERIVED,2026-08-13T12:05:36.604874+00:00
324.58.38.50.63.001,Omega,MARK,engine_median,37758.0,DERIVED,2026-08-13T12:05:36.604874+00:00
324.68.38.50.02.003,Omega,MARK,engine_median,24459.0,DERIVED,2026-08-13T12:05:36.604874+00:00
324.68.38.50.02.004,Omega,MARK,engine_median,24459.0,DERIVED,2026-08-13T12:05:36.604874+00:00
325.92.43.79.01.001,Omega,MARK,engine_median,2455.22,DERIVED,2026-08-13T12:05:36.604874+00:00
32571,,MARK,engine_median,7864.39,DERIVED,2026-08-13T12:05:36.604874+00:00
326.30.40.50.01.001,Omega,MARK,manual_check,3265.0,VERIFIED,2026-08-09
326.30.40.50.01.001,Omega,MARK,engine_median,2981.33,DERIVED,2026-08-13T12:05:36.604874+00:00
326.30.40.50.01.001,Omega,MARK,engine_median,2930.06,DERIVED,2026-08-21T21:45:15.687735+00:00
326.30.40.50.01.001,Omega,MARK,engine_median,2981.33,DERIVED,2026-08-21T21:45:28.462956+00:00
326.30.40.50.01.002,Omega,MARK,manual_check,3586.0,VERIFIED,2026-08-09
326.30.40.50.01.002,Omega,MARK,engine_median,2981.33,DERIVED,2026-08-13T12:05:36.604874+00:00
326.30.40.50.02.001,Omega,MARK,manual_check,3357.0,VERIFIED,2026-08-09
326.30.40.50.02.001,Omega,MARK,engine_median,2754.25,DERIVED,2026-08-21T21:45:15.687735+00:00
326.30.40.50.03.001,Omega,MARK,manual_check,3348.0,VERIFIED,2026-08-09
326.30.40.50.03.001,Omega,MARK,engine_median,3039.79,DERIVED,2026-08-13T12:05:36.604874+00:00
326.30.40.50.03.001,Omega,MARK,engine_median,3036.0,DERIVED,2026-08-14T21:47:56.498486+00:00
326.30.40.50.03.001,Omega,MARK,engine_median,3039.79,DERIVED,2026-08-15T21:41:53.174601+00:00
326.30.40.50.06.001,Omega,MARK,manual_check,3468.0,VERIFIED,2026-08-09
326.30.40.50.06.001,Omega,MARK,engine_median,3098.25,DERIVED,2026-08-13T12:05:36.604874+00:00
326235,Rolex,MARK,manual_check,36119.0,VERIFIED,2026-08-09
326238,Rolex,MARK,manual_check,32603.0,VERIFIED,2026-08-09
326238,Rolex,MARK,engine_median,28644.17,DERIVED,2026-08-13T12:05:36.604874+00:00
326933,Rolex,MARK,manual_check,17368.0,VERIFIED,2026-08-09
326933,Rolex,MARK,engine_median,16731.62,DERIVED,2026-08-13T12:05:36.604874+00:00
326934,Rolex,MARK,manual_check,18491.0,VERIFIED,2026-08-09
326934,Rolex,MARK,engine_median,16952.67,DERIVED,2026-08-13T12:05:36.604874+00:00
326934,Rolex,MARK,engine_median,17186.5,DERIVED,2026-08-13T22:07:35.994213+00:00
326934,Rolex,MARK,engine_median,16952.67,DERIVED,2026-08-15T21:42:06.738979+00:00
326934,Rolex,MARK,engine_median,17186.5,DERIVED,2026-08-16T06:20:51.808998+00:00
326934,Rolex,MARK,engine_median,16952.67,DERIVED,2026-08-16T21:41:16.998484+00:00
326934,Rolex,MARK,engine_median,17186.5,DERIVED,2026-08-19T21:47:49.086150+00:00
326934,Rolex,MARK,engine_median,16952.67,DERIVED,2026-08-20T04:37:33.725646+00:00
326934,Rolex,MARK,engine_median,17186.5,DERIVED,2026-08-20T19:55:02.750956+00:00
326934,Rolex,MARK,engine_median,16952.67,DERIVED,2026-08-21T21:45:15.687735+00:00
326935,Rolex,MARK,manual_check,39930.0,VERIFIED,2026-08-09
326938,Rolex,MARK,manual_check,39541.0,VERIFIED,2026-08-09
326938,Rolex,MARK,engine_median,39990.0,DERIVED,2026-08-13T12:05:36.604874+00:00
326939,Rolex,MARK,engine_median,35805.0,DERIVED,2026-08-13T12:05:36.604874+00:00
327.10.43.50.01.001,Omega,MARK,manual_check,3594.0,VERIFIED,2026-08-09
327.10.43.50.01.001,Omega,MSRP,watchbase,5150.0,VERIFIED,2026-08-13T12:05:36+00:00
327.10.43.50.06.001,,MARK,engine_median,3445.41,DERIVED,2026-08-16T06:20:51.808998+00:00
329.30,Omega,MARK,manual_check,8588.0,VERIFIED,2026-08-09
329.30.43.51.02.001,Omega,MARK,engine_median,9951.0,DERIVED,2026-08-13T12:05:36.604874+00:00
329.30.43.51.02.002,Omega,MARK,engine_median,9951.0,DERIVED,2026-08-13T12:05:36.604874+00:00
329.30.43.51.03.001,Omega,MARK,engine_median,4676.6,DERIVED,2026-08-13T12:05:36.604874+00:00
329.30.43.51.03.001,Omega,MARK,engine_median,9951.0,DERIVED,2026-08-14T21:47:56.498486+00:00
329.30.43.51.03.001,Omega,MARK,engine_median,4676.6,DERIVED,2026-08-16T10:01:25.617322+00:00
329.30.43.51.03.001,Omega,MARK,engine_median,9951.0,DERIVED,2026-08-20T04:37:33.725646+00:00
329.30.43.51.03.001,Omega,MARK,engine_median,4676.6,DERIVED,2026-08-21T21:45:15.687735+00:00
329.30.44.51.01.001,Omega,MARK,manual_check,6007.0,VERIFIED,2026-08-09
329.30.44.51.01.001,Omega,MARK,engine_median,5318.5,DERIVED,2026-08-13T12:05:36.604874+00:00
329.30.44.51.01.003,Omega,MARK,manual_check,8588.0,VERIFIED,2026-08-09
329.30.44.51.01.003,Omega,MARK,engine_median,12183.0,DERIVED,2026-08-13T12:05:36.604874+00:00
329.30.44.51.04.001,Omega,MARK,manual_check,6197.0,VERIFIED,2026-08-09
329.30.44.51.04.001,Omega,MARK,engine_median,10044.0,DERIVED,2026-08-13T12:05:36.604874+00:00
329.32.44.51.06.001,Omega,MARK,engine_median,6184.5,DERIVED,2026-08-13T12:05:36.604874+00:00
329.33.44.51.04.001,Omega,MARK,engine_median,9672.0,DERIVED,2026-08-13T12:05:36.604874+00:00
33.30.41.21.01.001,Omega,MARK,manual_check,3939.0,VERIFIED,2026-08-09
330.026,A. Lange & Söhne,MARK,manual_check,38763.0,VERIFIED,2026-08-09
330.032,A. Lange & Söhne,MARK,manual_check,36916.0,VERIFIED,2026-08-09
33051,,MARK,engine_median,5208.03,DERIVED,2026-08-13T12:05:36.604874+00:00
33084,,MARK,engine_median,6079.58,DERIVED,2026-08-13T12:05:36.604874+00:00
33093,,MARK,engine_median,7424.1,DERIVED,2026-08-13T12:05:36.604874+00:00
331.10.42.51.01.002,,MARK,engine_median,4242.96,DERIVED,2026-08-16T06:20:51.808998+00:00
331.20.42.51.01.002,Omega,MARK,engine_median,7439.07,DERIVED,2026-08-13T12:05:36.604874+00:00
331.20.42.51.02.001,,MARK,engine_median,6901.46,DERIVED,2026-08-16T06:20:51.808998+00:00
331.90.42.51.04.001,Omega,MARK,engine_median,4331.7,DERIVED,2026-08-13T12:05:36.604874+00:00
33114,,MARK,engine_median,13152.93,DERIVED,2026-08-13T12:05:36.604874+00:00
33155000R9588,Vacheron Constantin,MARK,manual_check,13966.0,VERIFIED,2026-08-09
332.10.41.51.01.001,Omega,MARK,manual_check,6111.0,VERIFIED,2026-08-09
332.10.41.51.01.001,Omega,MSRP,watchbase,10700.0,VERIFIED,2026-08-13T12:05:36+00:00
332.10.41.51.01.001,Omega,MARK,engine_median,7346.07,DERIVED,2026-08-13T12:05:36.604874+00:00
332.10.41.51.01.002,Omega,MARK,manual_check,7734.0,VERIFIED,2026-08-09
332.10.41.51.01.002,Omega,MARK,engine_median,7347.0,DERIVED,2026-08-13T12:05:36.604874+00:00
332.10.41.51.03.001,Omega,MARK,manual_check,6997.0,VERIFIED,2026-08-09
332.10.41.51.03.001,Omega,MARK,engine_median,9951.0,DERIVED,2026-08-13T12:05:36.604874+00:00
332.10.41.51.10.001,Omega,MARK,manual_check,6690.0,VERIFIED,2026-08-09
332.10.41.51.11.001,Omega,MSRP,watchbase,10700.0,VERIFIED,2026-08-13T12:05:36+00:00
332.10.41.51.11.001,Omega,MARK,engine_median,9951.0,DERIVED,2026-08-13T12:05:36.604874+00:00
332.12.41.51.01.001,Omega,MARK,engine_median,6137.07,DERIVED,2026-08-13T12:05:36.604874+00:00
332.12.41.51.01.001,Omega,MARK,engine_median,9579.0,DERIVED,2026-08-19T21:47:49.086150+00:00
332.12.41.51.01.001,Omega,MARK,engine_median,6137.07,DERIVED,2026-08-20T04:37:33.725646+00:00
332.12.41.51.03.001,Omega,MARK,engine_median,9579.0,DERIVED,2026-08-13T12:05:36.604874+00:00
332.12.41.51.10.001,Omega,MARK,engine_median,9579.0,DERIVED,2026-08-13T12:05:36.604874+00:00
332.12.41.51.11.001,Omega,MARK,engine_median,9579.0,DERIVED,2026-08-13T12:05:36.604874+00:00
336235,Rolex,MARK,manual_check,42329.0,VERIFIED,2026-08-09
336238,Rolex,MARK,manual_check,45272.0,VERIFIED,2026-08-09
336238,Rolex,MSRP,watchbase,51400.0,VERIFIED,2026-08-13T12:05:36+00:00
336238,Rolex,MARK,engine_median,34436.77,DERIVED,2026-08-13T12:05:36.604874+00:00
336239,Rolex,MARK,manual_check,39082.0,VERIFIED,2026-08-09
336239,Rolex,MARK,engine_median,37093.93,DERIVED,2026-08-13T12:05:36.604874+00:00
336259TBR,Rolex,MARK,engine_median,195300.0,DERIVED,2026-08-13T12:05:36.604874+00:00
336933,Rolex,MARK,manual_check,22042.0,VERIFIED,2026-08-09
336933,Rolex,MARK,engine_median,20869.32,DERIVED,2026-08-13T12:05:36.604874+00:00
336934,Rolex,MARK,manual_check,23587.0,VERIFIED,2026-08-09
336934,Rolex,MSRP,watchbase,17750.0,VERIFIED,2026-08-13T12:05:36+00:00
336934,Rolex,MARK,engine_median,22506.13,DERIVED,2026-08-13T12:05:36.604874+00:00
336934,Rolex,MARK,engine_median,21746.18,DERIVED,2026-08-13T22:07:35.994213+00:00
336934,Rolex,MARK,engine_median,21512.35,DERIVED,2026-08-18T21:46:17.264769+00:00
336934,Rolex,MARK,engine_median,21746.18,DERIVED,2026-08-19T21:47:49.086150+00:00
336935,Rolex,MARK,manual_check,60757.0,VERIFIED,2026-08-09
336938,Rolex,MARK,manual_check,61663.0,VERIFIED,2026-08-09
336938,Rolex,MSRP,watchbase,57200.0,VERIFIED,2026-08-13T12:05:36+00:00
336938,Rolex,MARK,engine_median,44533.97,DERIVED,2026-08-13T12:05:36.604874+00:00
3372,,MARK,engine_median,11059.34,DERIVED,2026-08-14T21:47:56.498486+00:00
3372,,MARK,engine_median,10527.64,DERIVED,2026-08-15T21:41:53.174601+00:00
34.10.39.20.01.001,Omega,MARK,manual_check,5468.0,VERIFIED,2026-08-09
34.30.41.21.01.001,Omega,MARK,manual_check,4691.0,VERIFIED,2026-08-09
34.30.41.21.03.001,Omega,MARK,manual_check,4652.0,VERIFIED,2026-08-09
34.30.41.21.03.002,Omega,MARK,manual_check,5245.0,VERIFIED,2026-08-09
34041,,MARK,engine_median,4214.15,DERIVED,2026-08-13T12:05:36.604874+00:00
341.VV.7389.LR1205.POP15,Hublot,MSRP,watchbase,31900.0,VERIFIED,2026-08-13T12:05:36+00:00
343.506,,MARK,engine_median,11691.5,DERIVED,2026-08-13T12:05:36.604874+00:00
3467J,Patek,MARK,engine_median,18135.0,DERIVED,2026-08-13T12:05:36.604874+00:00
3468410,Jaeger-LeCoultre,MARK,manual_check,7019.0,VERIFIED,2026-08-09
3468430,Jaeger-LeCoultre,MARK,manual_check,7038.0,VERIFIED,2026-08-09
34980,,MARK,engine_median,4303.8,DERIVED,2026-08-13T12:05:36.604874+00:00
3506.61,Omega,MARK,manual_check,4634.0,VERIFIED,2026-08-09
3510.50,Omega,MARK,manual_check,2978.0,VERIFIED,2026-08-09
3513.30,Omega,MARK,manual_check,2315.0,VERIFIED,2026-08-09
3513.50,Omega,MARK,manual_check,2128.0,VERIFIED,2026-08-09
3519.50,Omega,MARK,manual_check,3001.0,VERIFIED,2026-08-09
3520.50,Omega,MARK,manual_check,2663.0,VERIFIED,2026-08-09
3520.53,Omega,MARK,manual_check,3385.0,VERIFIED,2026-08-09
35200,Tudor,MARK,manual_check,1696.0,VERIFIED,2026-08-09
35200,Tudor,MARK,engine_median,1461.44,DERIVED,2026-08-13T12:05:36.604874+00:00
3523.30,Omega,MARK,manual_check,2329.0,VERIFIED,2026-08-09
3523.80,Omega,MARK,manual_check,2644.0,VERIFIED,2026-08-09
3537,,MARK,engine_median,10522.35,DERIVED,2026-08-13T12:05:36.604874+00:00
3539.50,Omega,MARK,manual_check,3737.0,VERIFIED,2026-08-09
35500,Tudor,MARK,manual_check,2063.0,VERIFIED,2026-08-09
3559.32,Omega,MARK,manual_check,5973.0,VERIFIED,2026-08-09
3570,,MARK,engine_median,14029.79,DERIVED,2026-08-13T12:05:36.604874+00:00
3570.50,Omega,MARK,manual_check,4455.0,VERIFIED,2026-08-09
3572.50,Omega,MARK,manual_check,4279.0,VERIFIED,2026-08-09
3573.50,Omega,MARK,manual_check,5039.0,VERIFIED,2026-08-09
3575.20,Omega,MARK,manual_check,5274.0,VERIFIED,2026-08-09
3577.50,Omega,MARK,manual_check,7128.0,VERIFIED,2026-08-09
35791,Patek,MARK,engine_median,24180.0,DERIVED,2026-08-13T12:05:36.604874+00:00
35800,Tudor,MARK,manual_check,2053.0,VERIFIED,2026-08-09
3594.50,Omega,MARK,manual_check,3752.0,VERIFIED,2026-08-09
3595,,MARK,engine_median,7365.65,DERIVED,2026-08-13T12:05:36.604874+00:00
35983,,MARK,engine_median,5702.16,DERIVED,2026-08-13T12:05:36.604874+00:00
36284,,MARK,engine_median,5313.52,DERIVED,2026-08-13T12:05:36.604874+00:00
363.068,A. Lange & Söhne,MARK,manual_check,44249.0,VERIFIED,2026-08-09
363.068,,MARK,engine_median,53475.0,DERIVED,2026-08-18T21:46:17.264769+00:00
363.179,A. Lange & Söhne,MARK,manual_check,56126.0,VERIFIED,2026-08-09
363.179,,MARK,engine_median,66495.0,DERIVED,2026-08-13T12:05:36.604874+00:00
36340,,MARK,engine_median,7067.25,DERIVED,2026-08-13T12:05:36.604874+00:00
36511,,MARK,engine_median,5160.1,DERIVED,2026-08-13T12:05:36.604874+00:00
366001,,MARK,engine_median,1929.1,DERIVED,2026-08-13T12:05:36.604874+00:00
37010,,MARK,engine_median,12743.73,DERIVED,2026-08-13T12:05:36.604874+00:00
37121A001,,MARK,engine_median,121591.55,DERIVED,2026-08-13T12:05:36.604874+00:00
37209,,MARK,engine_median,5223.87,DERIVED,2026-08-13T12:05:36.604874+00:00
37231,,MARK,engine_median,5218.56,DERIVED,2026-08-13T12:05:36.604874+00:00
3754,IWC,MARK,engine_median,26305.87,DERIVED,2026-08-13T12:05:36.604874+00:00
37591,,MARK,engine_median,20167.83,DERIVED,2026-08-13T12:05:36.604874+00:00
37989,,MARK,engine_median,7811.25,DERIVED,2026-08-13T12:05:36.604874+00:00
380.027,A. Lange & Söhne,MARK,manual_check,16091.0,VERIFIED,2026-08-09
3804,Rolex,MARK,engine_median,5188.14,DERIVED,2026-08-18T21:46:17.264769+00:00
3807,,MARK,engine_median,4774.66,DERIVED,2026-08-15T21:41:53.174601+00:00
381.029,A. Lange & Söhne,MARK,manual_check,22670.0,VERIFIED,2026-08-09
381.031,A. Lange & Söhne,MARK,manual_check,22703.0,VERIFIED,2026-08-09
3810BR929Z,,MARK,engine_median,13269.84,DERIVED,2026-08-13T12:05:36.604874+00:00
3820BBP29W,,MARK,engine_median,12743.73,DERIVED,2026-08-13T12:05:36.604874+00:00
38224,,MARK,engine_median,3422.31,DERIVED,2026-08-13T12:05:36.604874+00:00
38274,,MARK,engine_median,2635.8,DERIVED,2026-08-13T12:05:36.604874+00:00
384.026,A. Lange & Söhne,MARK,manual_check,25086.0,VERIFIED,2026-08-09
384.029,A. Lange & Söhne,MARK,manual_check,24522.0,VERIFIED,2026-08-09
384.031,A. Lange & Söhne,MARK,manual_check,26673.0,VERIFIED,2026-08-09
384.032,A. Lange & Söhne,MARK,manual_check,23930.0,VERIFIED,2026-08-09
3853,,MARK,engine_median,6722.61,DERIVED,2026-08-13T12:05:36.604874+00:00
38700,,MARK,engine_median,4485.18,DERIVED,2026-08-13T12:05:36.604874+00:00
38718,,MARK,engine_median,3453.51,DERIVED,2026-08-13T12:05:36.604874+00:00
38719,,MARK,engine_median,3347.22,DERIVED,2026-08-13T12:05:36.604874+00:00
38726,,MARK,engine_median,4756.21,DERIVED,2026-08-13T12:05:36.604874+00:00
38802,,MARK,engine_median,2088.43,DERIVED,2026-08-13T12:05:36.604874+00:00
38876,,MARK,engine_median,4356.94,DERIVED,2026-08-13T12:05:36.604874+00:00
38883,,MARK,engine_median,6371.6,DERIVED,2026-08-13T12:05:36.604874+00:00
389848J,Jaeger-LeCoultre,MARK,manual_check,23911.0,VERIFIED,2026-08-09
39002JA,,MARK,engine_median,41387.89,DERIVED,2026-08-13T12:05:36.604874+00:00
39030,,MARK,engine_median,1380.92,DERIVED,2026-08-13T12:05:36.604874+00:00
3918420,Jaeger-LeCoultre,MARK,manual_check,14428.0,VERIFIED,2026-08-09
39217,,MARK,engine_median,3878.66,DERIVED,2026-08-13T12:05:36.604874+00:00
39707,,MARK,engine_median,3134.65,DERIVED,2026-08-13T12:05:36.604874+00:00
39708,,MARK,engine_median,4097.28,DERIVED,2026-08-13T12:05:36.604874+00:00
39783,,MARK,engine_median,1567.62,DERIVED,2026-08-13T12:05:36.604874+00:00
397848J,Jaeger-LeCoultre,MARK,manual_check,7523.0,VERIFIED,2026-08-09
39789,,MARK,engine_median,3257.58,DERIVED,2026-08-13T12:05:36.604874+00:00
39875,,MARK,engine_median,5738.67,DERIVED,2026-08-13T12:05:36.604874+00:00
39959,,MARK,engine_median,3852.78,DERIVED,2026-08-13T12:05:36.604874+00:00
4000E000AB439,Vacheron Constantin,MARK,manual_check,15037.0,VERIFIED,2026-08-09
4000E000AB439,,MARK,engine_median,14357.27,DERIVED,2026-08-21T21:45:15.687735+00:00
4000E000AB548,Vacheron Constantin,MARK,manual_check,16061.0,VERIFIED,2026-08-09
4000E000RB065,Vacheron Constantin,MARK,manual_check,28770.0,VERIFIED,2026-08-09
4000E000RB438,Vacheron Constantin,MARK,manual_check,26473.0,VERIFIED,2026-08-09
4000S000RB123,Vacheron Constantin,MARK,manual_check,19397.0,VERIFIED,2026-08-09
4000U000RB110,Vacheron Constantin,MARK,manual_check,20672.0,VERIFIED,2026-08-09
4000U000RB516,Vacheron Constantin,MARK,manual_check,25469.0,VERIFIED,2026-08-09
4000V210AB911,Vacheron Constantin,MARK,manual_check,44876.0,VERIFIED,2026-08-09
4010T000GB740,Vacheron Constantin,MARK,manual_check,25742.0,VERIFIED,2026-08-09
4010T000RB344,Vacheron Constantin,MARK,manual_check,28995.0,VERIFIED,2026-08-09
4014,,MARK,engine_median,7865.19,DERIVED,2026-08-13T12:05:36.604874+00:00
4020T000GB655,Vacheron Constantin,MARK,manual_check,34383.0,VERIFIED,2026-08-09
4020T000RB654,Vacheron Constantin,MARK,manual_check,34964.0,VERIFIED,2026-08-09
40221,,MARK,engine_median,3491.08,DERIVED,2026-08-13T12:05:36.604874+00:00
40271,,MARK,engine_median,5898.1,DERIVED,2026-08-13T12:05:36.604874+00:00
40272,,MARK,engine_median,2868.94,DERIVED,2026-08-13T12:05:36.604874+00:00
403.035,,MARK,engine_median,70184.26,DERIVED,2026-08-14T21:47:56.498486+00:00
40392,,MARK,engine_median,2635.84,DERIVED,2026-08-13T12:05:36.604874+00:00
404.032,,MARK,engine_median,66056.95,DERIVED,2026-08-13T12:05:36.604874+00:00
40419,,MARK,engine_median,7758.11,DERIVED,2026-08-13T12:05:36.604874+00:00
405.031,A. Lange & Söhne,MARK,manual_check,69977.0,VERIFIED,2026-08-09
405.031,,MARK,engine_median,74307.0,DERIVED,2026-08-13T12:05:36.604874+00:00
405.035,A. Lange & Söhne,MARK,manual_check,73838.0,VERIFIED,2026-08-09
40671,,MARK,engine_median,4356.94,DERIVED,2026-08-13T12:05:36.604874+00:00
4072,,MARK,engine_median,37120.49,DERIVED,2026-08-13T12:05:36.604874+00:00
4082,Rolex,MARK,engine_median,3709.39,DERIVED,2026-08-13T12:05:36.604874+00:00
40822,,MARK,engine_median,8448.97,DERIVED,2026-08-13T12:05:36.604874+00:00
40823,,MARK,engine_median,3984.94,DERIVED,2026-08-13T12:05:36.604874+00:00
4083,,MARK,engine_median,4772.26,DERIVED,2026-08-13T12:05:36.604874+00:00
4083,,MARK,engine_median,5144.26,DERIVED,2026-08-18T21:46:17.264769+00:00
40830,,MARK,engine_median,2705.52,DERIVED,2026-08-13T12:05:36.604874+00:00
4084,,MARK,engine_median,4772.26,DERIVED,2026-08-13T12:05:36.604874+00:00
40899,,MARK,engine_median,3192.68,DERIVED,2026-08-13T12:05:36.604874+00:00
41128IVPC,,MARK,engine_median,5739.46,DERIVED,2026-08-13T12:05:36.604874+00:00
41128SVB,,MARK,engine_median,5208.03,DERIVED,2026-08-13T12:05:36.604874+00:00
41128SVR,,MARK,engine_median,5303.69,DERIVED,2026-08-13T12:05:36.604874+00:00
41128WH,,MARK,engine_median,4984.83,DERIVED,2026-08-13T12:05:36.604874+00:00
41145,,MARK,engine_median,4616.92,DERIVED,2026-08-13T12:05:36.604874+00:00
41146,,MARK,engine_median,6588.96,DERIVED,2026-08-13T12:05:36.604874+00:00
413.25.22.60.08.001,Omega,MARK,engine_median,1578.35,DERIVED,2026-08-13T12:05:36.604874+00:00
41339,,MARK,engine_median,4719.12,DERIVED,2026-08-13T12:05:36.604874+00:00
41358,,MARK,engine_median,5473.75,DERIVED,2026-08-13T12:05:36.604874+00:00
413813J,Jaeger-LeCoultre,MARK,manual_check,14046.0,VERIFIED,2026-08-09
414.026,A. Lange & Söhne,MARK,manual_check,55693.0,VERIFIED,2026-08-09
414.028,A. Lange & Söhne,MARK,manual_check,49125.0,VERIFIED,2026-08-09
414.031,A. Lange & Söhne,MARK,manual_check,48336.0,VERIFIED,2026-08-09
414.032,A. Lange & Söhne,MARK,manual_check,45764.0,VERIFIED,2026-08-09
4148120,Jaeger-LeCoultre,MARK,manual_check,12404.0,VERIFIED,2026-08-09
4200H222AB934,Vacheron Constantin,MARK,manual_check,51270.0,VERIFIED,2026-08-09
4200H222AB934,,MARK,engine_median,47349.71,DERIVED,2026-08-21T21:45:15.687735+00:00
4200H222JB935,Vacheron Constantin,MARK,manual_check,70159.0,VERIFIED,2026-08-09
42100,,MARK,engine_median,11574.58,DERIVED,2026-08-13T12:05:36.604874+00:00
42105,,MARK,engine_median,2815.79,DERIVED,2026-08-13T12:05:36.604874+00:00
42171,Patek,MARK,engine_median,8835.0,DERIVED,2026-08-13T12:05:36.604874+00:00
4220,Rolex,MARK,engine_median,2918.3,DERIVED,2026-08-20T19:55:02.750956+00:00
4233,Rolex,MARK,engine_median,8396.63,DERIVED,2026-08-13T12:05:36.604874+00:00
424.10.27.60.52.002,Omega,MARK,engine_median,2229.66,DERIVED,2026-08-13T12:05:36.604874+00:00
424.10.27.60.55.001,Omega,MARK,engine_median,1169.15,DERIVED,2026-08-13T12:05:36.604874+00:00
424.10.33.20.05.001,Omega,MARK,engine_median,1461.44,DERIVED,2026-08-13T12:05:36.604874+00:00
424.10.37.20.01.001,Omega,MARK,engine_median,1636.81,DERIVED,2026-08-13T12:05:36.604874+00:00
424.10.37.20.02.001,Omega,MARK,manual_check,1775.0,VERIFIED,2026-08-09
424.10.37.20.02.001,Omega,MARK,engine_median,1344.52,DERIVED,2026-08-13T12:05:36.604874+00:00
424.10.37.20.04.001,Omega,MARK,engine_median,1636.81,DERIVED,2026-08-13T12:05:36.604874+00:00
424.10.40.20.02.005,Omega,MARK,engine_median,1862.81,DERIVED,2026-08-20T19:55:02.750956+00:00
424.13.27.60.51.001,Omega,MARK,engine_median,997.58,DERIVED,2026-08-13T22:07:35.994213+00:00
424.13.27.60.52.002,Omega,MARK,engine_median,2976.0,DERIVED,2026-08-13T12:05:36.604874+00:00
424.13.40.20.01.001,Omega,MARK,engine_median,1578.35,DERIVED,2026-08-13T12:05:36.604874+00:00
424.15.24.60.52.001,Omega,MARK,engine_median,7626.0,DERIVED,2026-08-13T12:05:36.604874+00:00
424.20.27.60.58.004,Omega,MARK,engine_median,2386.6,DERIVED,2026-08-13T12:05:36.604874+00:00
424.20.37.20.03.002,,MARK,engine_median,2206.56,DERIVED,2026-08-14T21:47:56.498486+00:00
424.20.37.20.58.002,Omega,MARK,engine_median,3577.6,DERIVED,2026-08-13T12:05:36.604874+00:00
424.23.40.21.08.001,Omega,MARK,engine_median,5377.2,DERIVED,2026-08-13T12:05:36.604874+00:00
424.25.27.60.58.001,Omega,MARK,engine_median,5341.98,DERIVED,2026-08-13T12:05:36.604874+00:00
424.55.37.20.52.001,Omega,MARK,engine_median,15334.48,DERIVED,2026-08-13T12:05:36.604874+00:00
424.57.37.20.55.001,Omega,MARK,engine_median,9925.59,DERIVED,2026-08-13T12:05:36.604874+00:00
424.57.37.20.55.002,Omega,MARK,engine_median,11040.83,DERIVED,2026-08-13T12:05:36.604874+00:00
424.57.37.20.55.003,Omega,MARK,engine_median,9925.59,DERIVED,2026-08-13T12:05:36.604874+00:00
424.58.27.60.55.002,Omega,MARK,engine_median,5672.05,DERIVED,2026-08-13T12:05:36.604874+00:00
425.35.34.20.55.002,Omega,MARK,engine_median,13020.0,DERIVED,2026-08-13T12:05:36.604874+00:00
428.15.26.60.04.001,Omega,MARK,engine_median,5208.0,DERIVED,2026-08-13T12:05:36.604874+00:00
428.15.26.60.04.002,Omega,MARK,engine_median,5208.0,DERIVED,2026-08-13T12:05:36.604874+00:00
428.17.26.60.04.001,Omega,MARK,engine_median,3770.29,DERIVED,2026-08-13T12:05:36.604874+00:00
428.17.26.60.04.002,Omega,MARK,engine_median,3967.59,DERIVED,2026-08-13T12:05:36.604874+00:00
428.17.26.60.04.003,Omega,MARK,engine_median,3770.29,DERIVED,2026-08-13T12:05:36.604874+00:00
428.17.26.60.04.004,Omega,MARK,engine_median,4929.0,DERIVED,2026-08-13T12:05:36.604874+00:00
428.17.26.60.04.005,Omega,MARK,engine_median,5022.0,DERIVED,2026-08-13T12:05:36.604874+00:00
428.17.26.60.04.006,Omega,MARK,engine_median,5022.0,DERIVED,2026-08-13T12:05:36.604874+00:00
428.17.26.60.04.007,Omega,MARK,engine_median,5022.0,DERIVED,2026-08-13T12:05:36.604874+00:00
428.17.36.60.04.001,Omega,MARK,engine_median,5115.0,DERIVED,2026-08-13T12:05:36.604874+00:00
428.17.36.60.05.001,Omega,MARK,engine_median,4342.96,DERIVED,2026-08-13T12:05:36.604874+00:00
428.17.39.60.01.001,Omega,MARK,engine_median,2052.04,DERIVED,2026-08-13T12:05:36.604874+00:00
428.18.26.60.04.001,Omega,MARK,engine_median,4929.0,DERIVED,2026-08-13T12:05:36.604874+00:00
428.18.26.60.04.003,Omega,MARK,engine_median,4929.0,DERIVED,2026-08-13T12:05:36.604874+00:00
428.18.36.60.03.001,Omega,MARK,engine_median,5115.0,DERIVED,2026-08-13T12:05:36.604874+00:00
428.18.36.60.03.002,Omega,MARK,engine_median,2330.84,DERIVED,2026-08-13T12:05:36.604874+00:00
428.18.36.60.04.002,Omega,MARK,engine_median,1519.9,DERIVED,2026-08-13T12:05:36.604874+00:00
428.18.39.60.04.001,Omega,MARK,engine_median,2832.7,DERIVED,2026-08-13T12:05:36.604874+00:00
428.57.26.60.04.001,Omega,MARK,engine_median,9207.0,DERIVED,2026-08-13T12:05:36.604874+00:00
428.57.26.60.04.002,Omega,MARK,engine_median,9207.0,DERIVED,2026-08-13T12:05:36.604874+00:00
428.57.26.60.04.003,Omega,MARK,engine_median,9207.0,DERIVED,2026-08-13T12:05:36.604874+00:00
428.57.26.60.04.004,Omega,MARK,engine_median,9765.0,DERIVED,2026-08-13T12:05:36.604874+00:00
428.57.26.60.04.005,Omega,MARK,engine_median,9858.0,DERIVED,2026-08-13T12:05:36.604874+00:00
428.57.26.60.99.001,Omega,MARK,engine_median,10509.0,DERIVED,2026-08-13T12:05:36.604874+00:00
428.58.26.60.04.003,Omega,MARK,engine_median,9858.0,DERIVED,2026-08-13T12:05:36.604874+00:00
4300V000RB509,Vacheron Constantin,MARK,manual_check,77525.0,VERIFIED,2026-08-09
4300V000RB509,,MARK,engine_median,83700.0,DERIVED,2026-08-21T21:45:15.687735+00:00
4300V120GB945,Vacheron Constantin,MARK,manual_check,86730.0,VERIFIED,2026-08-09
4300V120RB064,Vacheron Constantin,MARK,manual_check,70102.0,VERIFIED,2026-08-09
4300V120RB064,,MARK,engine_median,93000.0,DERIVED,2026-08-13T12:05:36.604874+00:00
4300V120RB509,Vacheron Constantin,MARK,manual_check,93935.0,VERIFIED,2026-08-09
4300V120RB547,Vacheron Constantin,MARK,manual_check,127585.0,VERIFIED,2026-08-09
43044,,MARK,engine_median,4230.09,DERIVED,2026-08-19T21:47:49.086150+00:00
43075000R9737,Vacheron Constantin,MARK,manual_check,13945.0,VERIFIED,2026-08-09
431.10.42.51.02.001,,MARK,engine_median,2759.51,DERIVED,2026-08-14T21:47:56.498486+00:00
431.13.41.22.02.001,Omega,MARK,engine_median,4073.78,DERIVED,2026-08-13T12:05:36.604874+00:00
4313,,MARK,engine_median,47746.56,DERIVED,2026-08-15T21:41:53.174601+00:00
43175000R9687,Vacheron Constantin,MARK,manual_check,36536.0,VERIFIED,2026-08-09
43221,,MARK,engine_median,3682.72,DERIVED,2026-08-13T12:05:36.604874+00:00
433.13.41.21.02.001,,MARK,engine_median,2759.51,DERIVED,2026-08-14T21:47:56.498486+00:00
433.13.41.21.10.001,Omega,MSRP,watchbase,8200.0,VERIFIED,2026-08-13T12:05:36+00:00
433.13.41.21.10.001,Omega,MARK,engine_median,2674.82,DERIVED,2026-08-13T12:05:36.604874+00:00
433.33.41.22.03.001,Omega,MARK,engine_median,3624.37,DERIVED,2026-08-13T12:05:36.604874+00:00
434.10.28.60.03.001,Omega,MARK,engine_median,1636.81,DERIVED,2026-08-13T12:05:36.604874+00:00
434.10.28.60.03.001,Omega,MARK,engine_median,1933.84,DERIVED,2026-08-21T21:45:15.687735+00:00
434.10.28.60.05.001,Omega,MARK,engine_median,3348.0,DERIVED,2026-08-13T12:05:36.604874+00:00
434.10.28.60.10.001,Omega,MARK,engine_median,1578.35,DERIVED,2026-08-13T12:05:36.604874+00:00
434.10.30.60.03.001,Omega,MARK,engine_median,3069.0,DERIVED,2026-08-13T12:05:36.604874+00:00
434.10.30.60.05.001,Omega,MARK,engine_median,2395.03,DERIVED,2026-08-13T12:05:36.604874+00:00
434.10.34.20.03.001,Omega,MARK,engine_median,4929.0,DERIVED,2026-08-13T12:05:36.604874+00:00
434.10.34.20.05.001,Omega,MARK,engine_median,5208.0,DERIVED,2026-08-13T12:05:36.604874+00:00
434.10.34.20.07.001,Omega,MARK,engine_median,2553.89,DERIVED,2026-08-13T12:05:36.604874+00:00
434.10.40.20.01.001,Omega,MSRP,watchbase,5500.0,VERIFIED,2026-08-13T12:05:36+00:00
434.10.40.20.01.001,Omega,MARK,engine_median,3178.45,DERIVED,2026-08-13T12:05:36.604874+00:00
434.10.40.20.02.001,Omega,MSRP,watchbase,5200.0,VERIFIED,2026-08-13T12:05:36+00:00
434.10.40.20.02.001,Omega,MARK,engine_median,3178.45,DERIVED,2026-08-13T12:05:36.604874+00:00
434.10.40.20.06.001,Omega,MSRP,watchbase,5200.0,VERIFIED,2026-08-13T12:05:36+00:00
434.10.40.20.06.001,Omega,MARK,engine_median,5115.0,DERIVED,2026-08-13T12:05:36.604874+00:00
434.10.41.20.03.001,Omega,MARK,engine_median,5766.0,DERIVED,2026-08-13T12:05:36.604874+00:00
434.10.41.20.10.001,Omega,MARK,engine_median,5766.0,DERIVED,2026-08-13T12:05:36.604874+00:00
434.10.41.21.03.001,Omega,MARK,engine_median,6324.0,DERIVED,2026-08-13T12:05:36.604874+00:00
434.10.41.21.10.001,Omega,MARK,engine_median,3849.95,DERIVED,2026-08-13T12:05:36.604874+00:00
434.13.28.60.53.001,Omega,MARK,engine_median,1611.61,DERIVED,2026-08-13T12:05:36.604874+00:00
434.13.28.60.60.001,Omega,MARK,engine_median,3348.0,DERIVED,2026-08-13T12:05:36.604874+00:00
434.13.30.60.53.001,,MARK,engine_median,988.96,DERIVED,2026-08-16T21:41:16.998484+00:00
434.13.30.60.60.001,Omega,MARK,engine_median,1611.61,DERIVED,2026-08-13T12:05:36.604874+00:00
434.13.34.20.53.001,Omega,MARK,engine_median,5115.0,DERIVED,2026-08-13T12:05:36.604874+00:00
434.13.34.20.57.001,Omega,MARK,engine_median,2776.93,DERIVED,2026-08-13T12:05:36.604874+00:00
434.13.40.20.01.001,Omega,MARK,engine_median,4743.0,DERIVED,2026-08-13T12:05:36.604874+00:00
434.13.40.20.03.001,Omega,MARK,engine_median,4743.0,DERIVED,2026-08-13T12:05:36.604874+00:00
434.13.41.20.02.001,Omega,MARK,engine_median,5394.0,DERIVED,2026-08-13T12:05:36.604874+00:00
434.13.41.20.11.001,Omega,MARK,engine_median,5394.0,DERIVED,2026-08-13T12:05:36.604874+00:00
434.15.30.60.52.001,Omega,MARK,engine_median,7719.0,DERIVED,2026-08-13T12:05:36.604874+00:00
434.15.30.60.55.001,Omega,MARK,engine_median,8091.0,DERIVED,2026-08-13T12:05:36.604874+00:00
434.15.34.20.55.001,Omega,MARK,engine_median,10602.0,DERIVED,2026-08-13T12:05:36.604874+00:00
434.15.34.20.60.001,Omega,MARK,engine_median,10230.0,DERIVED,2026-08-13T12:05:36.604874+00:00
434.20.30.60.05.001,Omega,MARK,engine_median,1996.27,DERIVED,2026-08-13T12:05:36.604874+00:00
434.20.34.20.02.001,Omega,MARK,engine_median,9114.0,DERIVED,2026-08-13T12:05:36.604874+00:00
434.20.34.20.05.001,Omega,MARK,engine_median,6468.36,DERIVED,2026-08-13T12:05:36.604874+00:00
434.20.34.20.05.002,Omega,MARK,engine_median,9486.0,DERIVED,2026-08-13T12:05:36.604874+00:00
434.20.34.20.10.001,Omega,MARK,engine_median,7812.0,DERIVED,2026-08-13T12:05:36.604874+00:00
434.20.42.22.02.001,Omega,MARK,engine_median,11625.0,DERIVED,2026-08-13T12:05:36.604874+00:00
434.20.42.22.10.001,Omega,MARK,engine_median,11625.0,DERIVED,2026-08-13T12:05:36.604874+00:00
434.23.28.60.52.001,Omega,MARK,engine_median,4659.31,DERIVED,2026-08-13T12:05:36.604874+00:00
434.23.30.60.52.001,Omega,MARK,engine_median,5487.0,DERIVED,2026-08-13T12:05:36.604874+00:00
434.23.40.20.06.001,Omega,MARK,engine_median,7533.0,DERIVED,2026-08-13T12:05:36.604874+00:00
434.23.42.22.02.001,Omega,MARK,engine_median,9579.0,DERIVED,2026-08-13T12:05:36.604874+00:00
434.23.42.22.10.001,Omega,MARK,engine_median,9579.0,DERIVED,2026-08-13T12:05:36.604874+00:00
434.25.28.60.55.001,Omega,MARK,engine_median,10788.0,DERIVED,2026-08-13T12:05:36.604874+00:00
434.25.30.60.52.002,Omega,MARK,engine_median,11346.0,DERIVED,2026-08-13T12:05:36.604874+00:00
434.25.34.20.58.001,Omega,MARK,engine_median,13950.0,DERIVED,2026-08-13T12:05:36.604874+00:00
434.53.40.20.02.002,Omega,MARK,engine_median,14322.0,DERIVED,2026-08-13T12:05:36.604874+00:00
434.53.41.20.02.001,Omega,MARK,engine_median,15345.0,DERIVED,2026-08-13T12:05:36.604874+00:00
43450,,MARK,engine_median,4389.52,DERIVED,2026-08-13T12:05:36.604874+00:00
43451,,MARK,engine_median,3789.01,DERIVED,2026-08-13T12:05:36.604874+00:00
435.13.40.21.02.001,Omega,MARK,engine_median,7440.0,DERIVED,2026-08-13T12:05:36.604874+00:00
435.13.40.21.03.001,Omega,MARK,engine_median,7440.0,DERIVED,2026-08-13T12:05:36.604874+00:00
435.13.40.21.03.002,Omega,MARK,engine_median,8091.0,DERIVED,2026-08-13T12:05:36.604874+00:00
435.13.40.22.01.001,Omega,MARK,engine_median,8742.0,DERIVED,2026-08-13T12:05:36.604874+00:00
435.13.40.22.06.001,Omega,MARK,engine_median,8742.0,DERIVED,2026-08-13T12:05:36.604874+00:00
435.18.40.21.02.001,Omega,MARK,engine_median,5875.66,DERIVED,2026-08-13T12:05:36.604874+00:00
435.18.40.22.11.001,Omega,MARK,engine_median,14787.0,DERIVED,2026-08-13T12:05:36.604874+00:00
435.53.40.21.09.001,Omega,MARK,engine_median,17856.0,DERIVED,2026-08-13T12:05:36.604874+00:00
435.53.40.21.11.002,Omega,MARK,engine_median,22134.0,DERIVED,2026-08-13T12:05:36.604874+00:00
435.53.40.22.02.001,Omega,MARK,engine_median,22971.0,DERIVED,2026-08-13T12:05:36.604874+00:00
435.53.40.22.03.001,Omega,MARK,engine_median,21576.0,DERIVED,2026-08-13T12:05:36.604874+00:00
43804,,MARK,engine_median,3612.94,DERIVED,2026-08-13T12:05:36.604874+00:00
43807,,MARK,engine_median,4224.78,DERIVED,2026-08-13T12:05:36.604874+00:00
4400E000AB437,Vacheron Constantin,MARK,manual_check,14221.0,VERIFIED,2026-08-09
4400E000AB437,Vacheron Constantin,MSRP,watchbase,15900.0,EST,2026-08-13T12:05:36+00:00
4400E000AB437,,MARK,engine_median,13152.93,DERIVED,2026-08-13T12:05:36.604874+00:00
4400E000RB436,Vacheron Constantin,MARK,manual_check,25180.0,VERIFIED,2026-08-09
44304,,MARK,engine_median,10149.55,DERIVED,2026-08-13T12:05:36.604874+00:00
44475,,MARK,engine_median,1646.64,DERIVED,2026-08-13T12:05:36.604874+00:00
44489,,MARK,engine_median,6004.38,DERIVED,2026-08-13T12:05:36.604874+00:00
44490,,MARK,engine_median,4958.16,DERIVED,2026-08-13T12:05:36.604874+00:00
44750,,MARK,engine_median,7651.82,DERIVED,2026-08-13T12:05:36.604874+00:00
44831,,MARK,engine_median,2476.37,DERIVED,2026-08-13T12:05:36.604874+00:00
44843,,MARK,engine_median,10096.41,DERIVED,2026-08-13T12:05:36.604874+00:00
44945,,MARK,engine_median,3608.15,DERIVED,2026-08-13T12:05:36.604874+00:00
4500V000RB127,Vacheron Constantin,MARK,manual_check,36502.0,VERIFIED,2026-08-09
4500V110AB126,Vacheron Constantin,MARK,manual_check,20806.0,VERIFIED,2026-08-09
4500V110AB126,,MARK,engine_median,23715.0,DERIVED,2026-08-15T21:41:53.174601+00:00
4500V110AB128,Vacheron Constantin,MARK,manual_check,27352.0,VERIFIED,2026-08-09
4500V110AB128,,MARK,engine_median,23967.57,DERIVED,2026-08-13T12:05:36.604874+00:00
4500V110AB483,Vacheron Constantin,MARK,manual_check,23921.0,VERIFIED,2026-08-09
4500V110AB483,,MARK,engine_median,20460.12,DERIVED,2026-08-13T12:05:36.604874+00:00
4500V110RB705,Vacheron Constantin,MARK,manual_check,54066.0,VERIFIED,2026-08-09
4500V110RB705,,MARK,engine_median,57660.0,DERIVED,2026-08-15T21:41:53.174601+00:00
451.CZ.4620.CZ,Hublot,MSRP,watchbase,24100.0,VERIFIED,2026-08-13T12:05:36+00:00
45135,,MARK,engine_median,2513.57,DERIVED,2026-08-13T12:05:36.604874+00:00
45136,,MARK,engine_median,4322.61,DERIVED,2026-08-14T21:47:56.498486+00:00
45142,,MARK,engine_median,15889.0,DERIVED,2026-08-13T12:05:36.604874+00:00
45178,,MARK,engine_median,15304.43,DERIVED,2026-08-13T12:05:36.604874+00:00
4520V210AB128,Vacheron Constantin,MARK,manual_check,31916.0,VERIFIED,2026-08-09
4520V210AB128,,MARK,engine_median,30690.18,DERIVED,2026-08-13T12:05:36.604874+00:00
4520V210AB483,Vacheron Constantin,MARK,manual_check,26915.0,VERIFIED,2026-08-09
4520V210AB483,,MARK,engine_median,26970.0,DERIVED,2026-08-15T21:41:53.174601+00:00
4520V210AB483,,MARK,engine_median,26604.92,DERIVED,2026-08-21T21:45:15.687735+00:00
4520V210RB705,Vacheron Constantin,MARK,manual_check,57519.0,VERIFIED,2026-08-09
4520V210RB705,,MARK,engine_median,57317.15,DERIVED,2026-08-14T21:47:56.498486+00:00
4520V210RB967,Vacheron Constantin,MARK,manual_check,61724.0,VERIFIED,2026-08-09
4520V210RB967,Vacheron Constantin,MSRP,watchbase,68000.0,VERIFIED,2026-08-13T12:05:36+00:00
4520V210RB967,,MARK,engine_median,61380.35,DERIVED,2026-08-13T12:05:36.604874+00:00
45319,,MARK,engine_median,7704.96,DERIVED,2026-08-13T12:05:36.604874+00:00
45438,,MARK,engine_median,6323.24,DERIVED,2026-08-13T12:05:36.604874+00:00
455.JX.0120.JX.4099,Hublot,MSRP,watchbase,422000.0,VERIFIED,2026-08-13T12:05:36+00:00
456.CX.0140.CX,Hublot,MSRP,watchbase,19900.0,VERIFIED,2026-08-13T12:05:36+00:00
456.CX.0170.CX,Hublot,MSRP,watchbase,20800.0,VERIFIED,2026-08-13T12:05:36+00:00
457.CX.1270.CX,Hublot,MSRP,watchbase,15300.0,VERIFIED,2026-08-13T12:05:36+00:00
457.NX.1270.NX,Hublot,MSRP,watchbase,13100.0,VERIFIED,2026-08-13T12:05:36+00:00
45731,,MARK,engine_median,3084.43,DERIVED,2026-08-13T12:05:36.604874+00:00
45732,,MARK,engine_median,1987.45,DERIVED,2026-08-13T12:05:36.604874+00:00
4600E000AB442,Vacheron Constantin,MARK,manual_check,10721.0,VERIFIED,2026-08-09
4600E000AB487,Vacheron Constantin,MARK,manual_check,11045.0,VERIFIED,2026-08-09
4600E000RB441,Vacheron Constantin,MARK,manual_check,17619.0,VERIFIED,2026-08-09
4600E000RB441,,MARK,engine_median,14029.79,DERIVED,2026-08-13T12:05:36.604874+00:00
4600E000RB576,Vacheron Constantin,MARK,manual_check,17444.0,VERIFIED,2026-08-09
4600E000RH,,MARK,engine_median,17420.33,DERIVED,2026-08-13T12:05:36.604874+00:00
4600E110AB487,Vacheron Constantin,MARK,manual_check,12845.0,VERIFIED,2026-08-09
4600V200AB980,Vacheron Constantin,MARK,manual_check,23787.0,VERIFIED,2026-08-09
4600V200AB980,,MARK,engine_median,20460.12,DERIVED,2026-08-13T12:05:36.604874+00:00
4600V200AB980,,MARK,engine_median,19508.45,DERIVED,2026-08-19T21:47:49.086150+00:00
4600V200AB980,,MARK,engine_median,20460.12,DERIVED,2026-08-20T04:37:33.725646+00:00
4600V200AB980,,MARK,engine_median,19508.45,DERIVED,2026-08-20T19:55:02.750956+00:00
4600V200AB980,,MARK,engine_median,20460.12,DERIVED,2026-08-21T21:45:15.687735+00:00
4600V200RB979,,MARK,engine_median,42825.03,DERIVED,2026-08-13T12:05:36.604874+00:00
4605V200RB978,,MARK,engine_median,51189.3,DERIVED,2026-08-13T12:05:36.604874+00:00
46245,,MARK,engine_median,1586.51,DERIVED,2026-08-18T21:46:17.264769+00:00
4821STR2S76D000,Breguet,MSRP,watchbase,21600.0,VERIFIED,2026-08-13T12:05:36+00:00
482389,,MARK,engine_median,185.47,DERIVED,2026-08-13T12:05:36.604874+00:00
482389,,MARK,engine_median,270.92,DERIVED,2026-08-21T21:45:15.687735+00:00
49.4001.365263.I001,Zenith,MSRP,watchbase,15500.0,VERIFIED,2026-08-13T12:05:36+00:00
49101200A,Patek Philippe,MARK,manual_check,14512.0,VERIFIED,2026-08-09
49140423A87,,MARK,engine_median,11106.92,DERIVED,2026-08-13T12:05:36.604874+00:00
4937R001,Patek Philippe,MSRP,watchbase,68400.0,VERIFIED,2026-08-13T12:05:36+00:00
4946R,Patek Philippe,MARK,manual_check,45529.0,VERIFIED,2026-08-09
49471A,Patek Philippe,MARK,manual_check,34034.0,VERIFIED,2026-08-09
49471A001,Patek Philippe,MSRP,watchbase,52440.0,VERIFIED,2026-08-13T12:05:36+00:00
49471A001,,MARK,engine_median,30690.18,DERIVED,2026-08-13T12:05:36.604874+00:00
4947R,Patek Philippe,MARK,manual_check,43251.0,VERIFIED,2026-08-09
4947R001,Patek Philippe,MSRP,watchbase,61390.0,VERIFIED,2026-08-13T12:05:36+00:00
4962200R01,,MARK,engine_median,22798.42,DERIVED,2026-08-13T12:05:36.604874+00:00
4968G,Patek Philippe,MARK,manual_check,26346.0,VERIFIED,2026-08-09
4968G010,,MARK,engine_median,21044.69,DERIVED,2026-08-13T12:05:36.604874+00:00
4997200G,Patek Philippe,MARK,manual_check,23737.0,VERIFIED,2026-08-09
4997200G00,,MARK,engine_median,18998.68,DERIVED,2026-08-13T12:05:36.604874+00:00
4997200R,Patek Philippe,MARK,manual_check,25479.0,VERIFIED,2026-08-09
5000H000AB582,Vacheron Constantin,MARK,manual_check,30696.0,VERIFIED,2026-08-09
5000H000RB059,Vacheron Constantin,MARK,manual_check,36593.0,VERIFIED,2026-08-09
5000R,Patek,MARK,engine_median,35340.0,DERIVED,2026-08-13T12:05:36.604874+00:00
5000T000PB975,,MARK,engine_median,125550.0,DERIVED,2026-08-21T21:45:15.687735+00:00
501370,,MARK,engine_median,467.66,DERIVED,2026-08-13T12:05:36.604874+00:00
5022R001,,MARK,engine_median,13737.5,DERIVED,2026-08-13T12:05:36.604874+00:00
5026,,MARK,engine_median,15836.66,DERIVED,2026-08-13T12:05:36.604874+00:00
50505,Rolex,MARK,manual_check,13258.0,VERIFIED,2026-08-09
50509,Rolex,MARK,manual_check,10260.0,VERIFIED,2026-08-09
50515,Rolex,MARK,manual_check,14414.0,VERIFIED,2026-08-09
50519,Rolex,MARK,manual_check,12823.0,VERIFIED,2026-08-09
50529,Rolex,MARK,engine_median,15624.0,DERIVED,2026-08-13T12:05:36.604874+00:00
50535,Rolex,MARK,manual_check,25264.0,VERIFIED,2026-08-09
50535,Rolex,MARK,engine_median,22479.56,DERIVED,2026-08-13T12:05:36.604874+00:00
5066A001,,MARK,engine_median,39751.08,DERIVED,2026-08-13T12:05:36.604874+00:00
51000,Tudor,MARK,manual_check,1222.0,VERIFIED,2026-08-09
51000,Tudor,MARK,engine_median,548607.0,DERIVED,2026-08-13T12:05:36.604874+00:00
51003,Tudor,MARK,manual_check,1429.0,VERIFIED,2026-08-09
5100G001,,MARK,engine_median,30690.18,DERIVED,2026-08-13T12:05:36.604874+00:00
511.93.38.20.99.002,Omega,MARK,engine_median,51429.0,DERIVED,2026-08-13T12:05:36.604874+00:00
51128GRR,,MARK,engine_median,5287.74,DERIVED,2026-08-13T12:05:36.604874+00:00
51148CH,,MARK,engine_median,5835.12,DERIVED,2026-08-20T04:37:33.725646+00:00
5115,,MARK,engine_median,6270.89,DERIVED,2026-08-13T12:05:36.604874+00:00
51169SV,,MARK,engine_median,5781.98,DERIVED,2026-08-13T12:05:36.604874+00:00
5131R,Patek Philippe,MARK,manual_check,89834.0,VERIFIED,2026-08-09
5147G,Patek Philippe,MARK,manual_check,37703.0,VERIFIED,2026-08-09
516.53.39.50.02.001,Omega,MARK,engine_median,9505.84,DERIVED,2026-08-13T12:05:36.604874+00:00
5164A,Patek Philippe,MARK,manual_check,85605.0,VERIFIED,2026-08-09
5164A001,,MARK,engine_median,95201.91,DERIVED,2026-08-17T21:49:35.588367+00:00
5164G,Patek Philippe,MARK,manual_check,149966.0,VERIFIED,2026-08-09
5164R,Patek Philippe,MARK,manual_check,119042.0,VERIFIED,2026-08-09
51671A,Patek Philippe,MARK,manual_check,65912.0,VERIFIED,2026-08-09
51671A001,,MARK,engine_median,65472.37,DERIVED,2026-08-19T21:47:49.086150+00:00
5167A,Patek Philippe,MARK,manual_check,69842.0,VERIFIED,2026-08-09
5167A001,,MARK,engine_median,74241.0,DERIVED,2026-08-13T12:05:36.604874+00:00
5167R,Patek Philippe,MARK,manual_check,100512.0,VERIFIED,2026-08-09
5167R001,,MARK,engine_median,87686.21,DERIVED,2026-08-19T21:47:49.086150+00:00
5168G,Patek Philippe,MARK,manual_check,94943.0,VERIFIED,2026-08-09
5168G001,Patek Philippe,MSRP,watchbase,57970.0,VERIFIED,2026-08-13T12:05:36+00:00
5168G010,,MARK,engine_median,86517.06,DERIVED,2026-08-13T12:05:36.604874+00:00
5172G,Patek Philippe,MARK,manual_check,56091.0,VERIFIED,2026-08-09
51801R,Patek Philippe,MARK,manual_check,79314.0,VERIFIED,2026-08-09
5196G,Patek Philippe,MARK,manual_check,19881.0,VERIFIED,2026-08-09
5196J,Patek Philippe,MARK,manual_check,21597.0,VERIFIED,2026-08-09
5196P,Patek Philippe,MARK,manual_check,32649.0,VERIFIED,2026-08-09
5196R,Patek Philippe,MARK,manual_check,23629.0,VERIFIED,2026-08-09
5197BA1598,,MARK,engine_median,7891.76,DERIVED,2026-08-13T12:05:36.604874+00:00
5204G001,,MARK,engine_median,169526.69,DERIVED,2026-08-13T12:05:36.604874+00:00
5204P010,,MARK,engine_median,200509.14,DERIVED,2026-08-13T12:05:36.604874+00:00
5204P011,,MARK,engine_median,212200.64,DERIVED,2026-08-13T12:05:36.604874+00:00
5204R001,,MARK,engine_median,157835.19,DERIVED,2026-08-13T12:05:36.604874+00:00
5205G,Patek Philippe,MARK,manual_check,41336.0,VERIFIED,2026-08-09
5205G013,,MARK,engine_median,40803.32,DERIVED,2026-08-13T12:05:36.604874+00:00
5205R,Patek Philippe,MARK,manual_check,48210.0,VERIFIED,2026-08-09
5212A,Patek Philippe,MARK,manual_check,31774.0,VERIFIED,2026-08-09
5212A001,Patek Philippe,MSRP,watchbase,41038.0,VERIFIED,2026-08-13T12:05:36+00:00
5212A001,,MARK,engine_median,31859.33,DERIVED,2026-08-13T12:05:36.604874+00:00
522.20.42.30.01.001,Omega,MARK,engine_median,5904.21,DERIVED,2026-08-13T12:05:36.604874+00:00
522.20.42.30.06.001,Omega,MARK,engine_median,6786.8,DERIVED,2026-08-13T12:05:36.604874+00:00
522.21.42.20.04.001,Omega,MARK,engine_median,7346.07,DERIVED,2026-08-13T12:05:36.604874+00:00
522.30.38.50.04.001,,MARK,seed_kb,7000.0,VERIFIED,2026-08-13T12:05:36+00:00
522.30.38.50.04.001,Omega,MSRP,watchbase,6800.0,VERIFIED,2026-08-13T12:05:36+00:00
522.30.38.50.04.001,Omega,MARK,engine_median,5318.5,DERIVED,2026-08-13T12:05:36.604874+00:00
522.30.38.50.04.002,Omega,MARK,engine_median,6324.0,DERIVED,2026-08-13T12:05:36.604874+00:00
522.30.42.30.06.001,Omega,MARK,engine_median,5916.7,DERIVED,2026-08-13T12:05:36.604874+00:00
522.30.43.51.02.001,Omega,MARK,engine_median,5050.73,DERIVED,2026-08-13T12:05:36.604874+00:00
522.32.40.20.01.001,Omega,MSRP,watchbase,6700.0,VERIFIED,2026-08-13T12:05:36+00:00
522.32.40.20.01.001,Omega,MARK,engine_median,4275.28,DERIVED,2026-08-13T12:05:36.604874+00:00
522.32.40.20.01.003,Omega,MSRP,watchbase,6700.0,VERIFIED,2026-08-13T12:05:36+00:00
522.32.40.20.01.003,Omega,MARK,engine_median,5440.5,DERIVED,2026-08-13T12:05:36.604874+00:00
522.32.40.20.01.003,Omega,MARK,engine_median,4719.81,DERIVED,2026-08-14T21:47:56.498486+00:00
522.32.40.20.01.004,Omega,MSRP,watchbase,6700.0,VERIFIED,2026-08-13T12:05:36+00:00
522.32.40.20.01.004,Omega,MARK,engine_median,3066.54,DERIVED,2026-08-13T12:05:36.604874+00:00
522.32.40.20.01.004,Omega,MARK,engine_median,2924.35,DERIVED,2026-08-14T21:47:56.498486+00:00
522.32.40.20.01.005,Omega,MSRP,watchbase,6700.0,VERIFIED,2026-08-13T12:05:36+00:00
522.32.40.20.01.005,Omega,MARK,engine_median,5294.61,DERIVED,2026-08-13T12:05:36.604874+00:00
522.32.40.20.01.005,Omega,MARK,engine_median,3066.54,DERIVED,2026-08-14T21:47:56.498486+00:00
522.33.40.20.04.004,Omega,MARK,engine_median,6882.0,DERIVED,2026-08-13T12:05:36.604874+00:00
522.53.37.20.04.001,Omega,MARK,engine_median,21390.0,DERIVED,2026-08-13T12:05:36.604874+00:00
522.53.41.21.03.001,,MARK,engine_median,13269.84,DERIVED,2026-08-13T12:05:36.604874+00:00
522.62.43.51.02.001,Omega,MARK,engine_median,36270.0,DERIVED,2026-08-13T12:05:36.604874+00:00
522.92.39.21.99.001,Omega,MARK,engine_median,13299.0,DERIVED,2026-08-13T12:05:36.604874+00:00
522.92.44.20.04.001,Omega,MSRP,watchbase,10500.0,VERIFIED,2026-08-13T12:05:36+00:00
522.92.44.20.04.001,Omega,MARK,engine_median,9765.0,DERIVED,2026-08-13T12:05:36.604874+00:00
522.92.44.20.04.002,Omega,MARK,engine_median,9765.0,DERIVED,2026-08-17T21:49:35.588367+00:00
5224R,Patek Philippe,MARK,manual_check,44364.0,VERIFIED,2026-08-09
5226G,Patek Philippe,MARK,manual_check,34598.0,VERIFIED,2026-08-09
5227G,Patek Philippe,MARK,manual_check,27820.0,VERIFIED,2026-08-09
5227J,Patek Philippe,MARK,manual_check,27042.0,VERIFIED,2026-08-09
5227R,Patek Philippe,MARK,manual_check,27440.0,VERIFIED,2026-08-09
5230G,Patek Philippe,MARK,manual_check,33779.0,VERIFIED,2026-08-09
5230P,Patek Philippe,MARK,manual_check,56057.0,VERIFIED,2026-08-09
5230R,Patek Philippe,MARK,manual_check,39813.0,VERIFIED,2026-08-09
5231G,Patek Philippe,MARK,manual_check,98186.0,VERIFIED,2026-08-09
523550R,Patek Philippe,MARK,manual_check,39395.0,VERIFIED,2026-08-09
5236P,Patek Philippe,MARK,manual_check,85070.0,VERIFIED,2026-08-09
5241,,MARK,engine_median,17537.24,DERIVED,2026-08-13T12:05:36.604874+00:00
52416,,MARK,engine_median,13276.52,DERIVED,2026-08-16T21:41:16.998484+00:00
52506,Rolex,MARK,manual_check,38466.0,VERIFIED,2026-08-09
52506,Rolex,MARK,engine_median,35074.49,DERIVED,2026-08-13T12:05:36.604874+00:00
52508,Rolex,MARK,manual_check,29134.0,VERIFIED,2026-08-09
52508,Rolex,MSRP,watchbase,27500.0,VERIFIED,2026-08-13T12:05:36+00:00
52508,,MARK,engine_median,38581.93,DERIVED,2026-08-13T12:05:36.604874+00:00
52509,Rolex,MARK,manual_check,23157.0,VERIFIED,2026-08-09
52509,Rolex,MARK,engine_median,20635.49,DERIVED,2026-08-13T12:05:36.604874+00:00
52509,Rolex,MARK,engine_median,19025.25,DERIVED,2026-08-13T22:07:35.994213+00:00
5261R,Patek Philippe,MARK,manual_check,162283.0,VERIFIED,2026-08-09
5267200A,Patek Philippe,MARK,manual_check,65352.0,VERIFIED,2026-08-09
5268200R,Patek Philippe,MARK,manual_check,107552.0,VERIFIED,2026-08-09
5269R,Patek Philippe,MARK,manual_check,68057.0,VERIFIED,2026-08-09
52701R,Patek Philippe,MARK,manual_check,152240.0,VERIFIED,2026-08-09
52701R001,,MARK,engine_median,132581.8,DERIVED,2026-08-17T21:49:35.588367+00:00
5270J,Patek Philippe,MARK,manual_check,137464.0,VERIFIED,2026-08-09
5270P,Patek Philippe,MARK,manual_check,160770.0,VERIFIED,2026-08-09
5271P,Patek Philippe,MARK,manual_check,274180.0,VERIFIED,2026-08-09
529550,,MARK,engine_median,362.79,DERIVED,2026-08-21T21:45:15.687735+00:00
5297G,Patek Philippe,MARK,manual_check,26180.0,VERIFIED,2026-08-09
53000,Tudor,MARK,manual_check,1467.0,VERIFIED,2026-08-09
53003,Tudor,MARK,manual_check,1558.0,VERIFIED,2026-08-09
53020,Tudor,MARK,manual_check,2370.0,VERIFIED,2026-08-09
53023,Tudor,MARK,manual_check,2995.0,VERIFIED,2026-08-09
5320G,Patek Philippe,MARK,manual_check,61840.0,VERIFIED,2026-08-09
5326G,Patek Philippe,MARK,manual_check,67939.0,VERIFIED,2026-08-09
5327G,Patek Philippe,MARK,manual_check,64703.0,VERIFIED,2026-08-09
5327G001,,MARK,engine_median,68979.82,DERIVED,2026-08-13T12:05:36.604874+00:00
5327R,Patek Philippe,MARK,manual_check,64096.0,VERIFIED,2026-08-09
5328G001,Patek Philippe,MSRP,watchbase,83460.0,VERIFIED,2026-08-13T12:05:36+00:00
5330G,Patek Philippe,MARK,manual_check,71501.0,VERIFIED,2026-08-09
5330G001,Patek Philippe,MSRP,watchbase,76590.0,VERIFIED,2026-08-13T12:05:36+00:00
5370P,Patek Philippe,MARK,manual_check,178586.0,VERIFIED,2026-08-09
5396G,Patek Philippe,MARK,manual_check,39530.0,VERIFIED,2026-08-09
5396G012,,MARK,engine_median,132698.47,DERIVED,2026-08-13T12:05:36.604874+00:00
5396R,Patek Philippe,MARK,manual_check,42853.0,VERIFIED,2026-08-09
542.NX.7170.RX,Hublot,MSRP,watchbase,7900.0,VERIFIED,2026-08-13T12:05:36+00:00
5500,Rolex,MARK,engine_median,4400.25,DERIVED,2026-08-13T12:05:36.604874+00:00
55000,Tudor,MARK,manual_check,1375.0,VERIFIED,2026-08-09
55003,Tudor,MARK,manual_check,1272.0,VERIFIED,2026-08-09
55003,Tudor,MARK,engine_median,1578.35,DERIVED,2026-08-13T12:05:36.604874+00:00
5500V000RB074,Vacheron Constantin,MARK,manual_check,36885.0,VERIFIED,2026-08-09
5500V110AB075,Vacheron Constantin,MARK,manual_check,22609.0,VERIFIED,2026-08-09
5500V110AB075,,MARK,engine_median,25017.0,DERIVED,2026-08-13T12:05:36.604874+00:00
5500V110AB148,Vacheron Constantin,MARK,manual_check,28440.0,VERIFIED,2026-08-09
5500V110AB481,Vacheron Constantin,MARK,manual_check,25916.0,VERIFIED,2026-08-09
5500V110AB686,Vacheron Constantin,MARK,manual_check,32261.0,VERIFIED,2026-08-09
55020,Tudor,MARK,manual_check,2566.0,VERIFIED,2026-08-09
55023,Tudor,MARK,manual_check,3100.0,VERIFIED,2026-08-09
5512,Rolex,MARK,engine_median,43550.82,DERIVED,2026-08-13T12:05:36.604874+00:00
5513,Rolex,MARK,engine_median,12743.73,DERIVED,2026-08-13T12:05:36.604874+00:00
5513,Rolex,MARK,engine_median,12159.15,DERIVED,2026-08-15T21:41:53.174601+00:00
5513,Rolex,MARK,engine_median,12743.73,DERIVED,2026-08-17T21:49:35.588367+00:00
5513,Rolex,MARK,engine_median,13152.93,DERIVED,2026-08-19T21:47:49.086150+00:00
5520P,Patek Philippe,MARK,manual_check,133854.0,VERIFIED,2026-08-09
5520V210AB148,Vacheron Constantin,MARK,manual_check,36429.0,VERIFIED,2026-08-09
5520V210AB148,,MARK,engine_median,31290.48,DERIVED,2026-08-15T21:41:53.174601+00:00
5520V210AB481,,MARK,engine_median,26305.87,DERIVED,2026-08-13T12:05:36.604874+00:00
5520V210AB686,Vacheron Constantin,MARK,manual_check,33633.0,VERIFIED,2026-08-09
5524G,Patek Philippe,MARK,manual_check,37513.0,VERIFIED,2026-08-09
5524R,Patek Philippe,MARK,manual_check,36640.0,VERIFIED,2026-08-09
5527BBY25WV,Breguet,MSRP,watchbase,51900.0,VERIFIED,2026-08-13T12:05:36+00:00
554425,,MARK,engine_median,514.43,DERIVED,2026-08-13T12:05:36.604874+00:00
557051,,MARK,engine_median,1870.64,DERIVED,2026-08-13T12:05:36.604874+00:00
56000,Tudor,MARK,manual_check,1635.0,VERIFIED,2026-08-09
56003,Tudor,MARK,manual_check,1783.0,VERIFIED,2026-08-09
56003,Tudor,MARK,engine_median,1461.44,DERIVED,2026-08-13T12:05:36.604874+00:00
565.CX.1270.RX.MDM,Hublot,MSRP,watchbase,8900.0,VERIFIED,2026-08-13T12:05:36+00:00
567032,,MARK,engine_median,384.64,DERIVED,2026-08-21T21:45:15.687735+00:00
5700,Rolex,MARK,engine_median,5192.83,DERIVED,2026-08-17T21:49:35.588367+00:00
57000,,MARK,engine_median,1930.07,DERIVED,2026-08-14T21:47:56.498486+00:00
57003,Tudor,MARK,engine_median,2338.3,DERIVED,2026-08-13T12:05:36.604874+00:00
57100,Tudor,MARK,manual_check,1759.0,VERIFIED,2026-08-09
57103,Tudor,MARK,manual_check,2239.0,VERIFIED,2026-08-09
57111A,Patek Philippe,MARK,manual_check,120099.0,VERIFIED,2026-08-09
57111A,Patek,MSRP,watchbase,35000.0,EST,2026-08-13T12:05:36+00:00
57111A011,,MARK,engine_median,248444.27,DERIVED,2026-08-13T12:05:36.604874+00:00
57111R,Patek Philippe,MARK,manual_check,193421.0,VERIFIED,2026-08-09
57121A,Patek Philippe,MARK,manual_check,114245.0,VERIFIED,2026-08-09
57121A001,,MARK,engine_median,116330.38,DERIVED,2026-08-13T12:05:36.604874+00:00
57121A001,,MARK,engine_median,123929.85,DERIVED,2026-08-16T10:01:25.617322+00:00
57121R,Patek Philippe,MARK,manual_check,250011.0,VERIFIED,2026-08-09
5712G,Patek Philippe,MARK,manual_check,80898.0,VERIFIED,2026-08-09
5712G001,,MARK,engine_median,67365.83,DERIVED,2026-08-20T19:55:02.750956+00:00
5712GR001,,MARK,engine_median,84805.98,DERIVED,2026-08-15T21:41:53.174601+00:00
5712R,Patek Philippe,MARK,manual_check,110084.0,VERIFIED,2026-08-09
57261A,Patek Philippe,MARK,manual_check,123597.0,VERIFIED,2026-08-09
57261A014,,MARK,engine_median,118960.3,DERIVED,2026-08-21T21:45:15.687735+00:00
5726A,Patek Philippe,MARK,manual_check,75966.0,VERIFIED,2026-08-09
5726A001,,MARK,engine_median,71902.7,DERIVED,2026-08-13T12:05:36.604874+00:00
5738P,Patek Philippe,MARK,manual_check,41850.0,VERIFIED,2026-08-09
5738P001,,MARK,engine_median,41387.89,DERIVED,2026-08-13T12:05:36.604874+00:00
5738R,Patek Philippe,MARK,manual_check,32452.0,VERIFIED,2026-08-09
57401G,Patek Philippe,MARK,manual_check,241787.0,VERIFIED,2026-08-09
58111G,Patek Philippe,MARK,manual_check,171790.0,VERIFIED,2026-08-09
58211A,Patek Philippe,MARK,manual_check,85675.0,VERIFIED,2026-08-09
58211AR,Patek Philippe,MARK,manual_check,90374.0,VERIFIED,2026-08-09
58211AR001,,MARK,engine_median,79502.17,DERIVED,2026-08-13T12:05:36.604874+00:00
5822P,Patek Philippe,MARK,manual_check,160534.0,VERIFIED,2026-08-09
590002,,MARK,engine_median,1227.61,DERIVED,2026-08-13T12:05:36.604874+00:00
590003,,MARK,engine_median,1169.15,DERIVED,2026-08-13T12:05:36.604874+00:00
590004,,MARK,engine_median,1169.15,DERIVED,2026-08-13T12:05:36.604874+00:00
590005,,MARK,engine_median,2689.05,DERIVED,2026-08-13T12:05:36.604874+00:00
590005,,MARK,engine_median,2396.76,DERIVED,2026-08-13T12:05:53.872244+00:00
590005,,MARK,engine_median,2689.05,DERIVED,2026-08-14T21:48:08.178665+00:00
590005,,MARK,engine_median,2396.76,DERIVED,2026-08-15T21:42:06.738979+00:00
590005,,MARK,engine_median,2689.05,DERIVED,2026-08-16T06:20:51.808998+00:00
590005,,MARK,engine_median,2396.76,DERIVED,2026-08-16T10:01:25.617322+00:00
590005,,MARK,engine_median,2689.05,DERIVED,2026-08-17T21:49:35.588367+00:00
590005,,MARK,engine_median,2396.76,DERIVED,2026-08-17T21:49:50.832444+00:00
590005,,MARK,engine_median,2689.05,DERIVED,2026-08-18T21:46:57.536473+00:00
590005,,MARK,engine_median,2396.76,DERIVED,2026-08-19T21:47:49.086150+00:00
59051A,Patek Philippe,MARK,manual_check,45970.0,VERIFIED,2026-08-09
5905P,Patek Philippe,MARK,manual_check,58419.0,VERIFIED,2026-08-09
5905R,Patek Philippe,MARK,manual_check,62622.0,VERIFIED,2026-08-09
5924G,Patek Philippe,MARK,manual_check,57705.0,VERIFIED,2026-08-09
5924G001,Patek Philippe,MSRP,watchbase,76000.0,VERIFIED,2026-08-13T12:05:36+00:00
5924G001,,MARK,engine_median,49688.86,DERIVED,2026-08-13T12:05:36.604874+00:00
5930G,Patek Philippe,MARK,manual_check,49055.0,VERIFIED,2026-08-09
5930P,Patek Philippe,MARK,manual_check,77726.0,VERIFIED,2026-08-09
593329,,MARK,engine_median,170.06,DERIVED,2026-08-13T12:05:36.604874+00:00
5935A,Patek Philippe,MARK,manual_check,52201.0,VERIFIED,2026-08-09
5935A001,Patek Philippe,MSRP,watchbase,67860.0,VERIFIED,2026-08-13T12:05:36+00:00
596001G,Patek Philippe,MARK,manual_check,43420.0,VERIFIED,2026-08-09
5961R,Patek Philippe,MARK,manual_check,133238.0,VERIFIED,2026-08-09
5968A,Patek Philippe,MARK,manual_check,137843.0,VERIFIED,2026-08-09
5968G,Patek Philippe,MARK,manual_check,117851.0,VERIFIED,2026-08-09
5968G010,Patek Philippe,MSRP,watchbase,88898.0,VERIFIED,2026-08-13T12:05:36+00:00
5968G010,,MARK,engine_median,119837.83,DERIVED,2026-08-19T21:47:49.086150+00:00
5968R,Patek Philippe,MARK,manual_check,145090.0,VERIFIED,2026-08-09
5968R001,,MARK,engine_median,127750.47,DERIVED,2026-08-21T21:45:15.687735+00:00
59801AR,Patek Philippe,MARK,manual_check,115716.0,VERIFIED,2026-08-09
59801R,Patek Philippe,MARK,manual_check,208323.0,VERIFIED,2026-08-09
598060G,Patek Philippe,MARK,manual_check,173909.0,VERIFIED,2026-08-09
5980R,Patek Philippe,MARK,manual_check,122014.0,VERIFIED,2026-08-09
5980R001,,MARK,engine_median,127437.3,DERIVED,2026-08-13T12:05:36.604874+00:00
59901A,Patek Philippe,MARK,manual_check,126881.0,VERIFIED,2026-08-09
59901A,Patek,MSRP,watchbase,63000.0,EST,2026-08-13T12:05:36+00:00
59901R,Patek Philippe,MARK,manual_check,265147.0,VERIFIED,2026-08-09
6000V110AB544,Vacheron Constantin,MARK,manual_check,80858.0,VERIFIED,2026-08-09
6007G,Patek Philippe,MARK,manual_check,27098.0,VERIFIED,2026-08-09
6007G001,Patek Philippe,MSRP,watchbase,48511.0,VERIFIED,2026-08-13T12:05:36+00:00
6007G011,,MARK,engine_median,24259.85,DERIVED,2026-08-13T12:05:36.604874+00:00
6028,,MARK,engine_median,9464.25,DERIVED,2026-08-14T21:47:56.498486+00:00
6119G,Patek Philippe,MARK,manual_check,27541.0,VERIFIED,2026-08-09
6119G001,Patek Philippe,MSRP,watchbase,37510.0,VERIFIED,2026-08-13T12:05:36+00:00
6119G001,,MARK,engine_median,25429.0,DERIVED,2026-08-13T12:05:36.604874+00:00
6119R,Patek Philippe,MARK,manual_check,28249.0,VERIFIED,2026-08-09
6196P,Patek Philippe,MARK,manual_check,49142.0,VERIFIED,2026-08-09
6239,Rolex,MARK,engine_median,77887.5,DERIVED,2026-08-13T12:05:36.604874+00:00
6246,Rolex,MARK,engine_median,63937.5,DERIVED,2026-08-13T12:05:36.604874+00:00
6263,Rolex,MARK,engine_median,83235.0,DERIVED,2026-08-13T12:05:36.604874+00:00
6263,Rolex,MARK,engine_median,97650.0,DERIVED,2026-08-17T21:49:35.588367+00:00
6265,Rolex,MARK,engine_median,71610.0,DERIVED,2026-08-13T12:05:36.604874+00:00
6282,,MARK,engine_median,4240.83,DERIVED,2026-08-13T12:05:36.604874+00:00
6284,,MARK,engine_median,4772.26,DERIVED,2026-08-13T12:05:36.604874+00:00
631881,,MARK,engine_median,280.6,DERIVED,2026-08-13T12:05:36.604874+00:00
6418,Rolex,MARK,engine_median,4396.38,DERIVED,2026-08-17T21:49:35.588367+00:00
6422,Rolex,MARK,engine_median,6802.33,DERIVED,2026-08-13T12:05:36.604874+00:00
6424,Rolex,MARK,engine_median,6270.89,DERIVED,2026-08-13T12:05:36.604874+00:00
64262,,MARK,engine_median,10522.35,DERIVED,2026-08-13T12:05:36.604874+00:00
6466,Rolex,MARK,engine_median,2971.55,DERIVED,2026-08-20T19:55:02.750956+00:00
6466,Rolex,MARK,engine_median,2706.31,DERIVED,2026-08-21T21:45:15.687735+00:00
6519,Rolex,MARK,engine_median,2433.96,DERIVED,2026-08-13T12:05:36.604874+00:00
6519,Rolex,MARK,engine_median,2550.88,DERIVED,2026-08-14T21:47:56.498486+00:00
6519,Rolex,MARK,engine_median,2433.96,DERIVED,2026-08-15T21:41:53.174601+00:00
6519,Rolex,MARK,engine_median,2550.88,DERIVED,2026-08-16T10:01:25.617322+00:00
6564,Rolex,MARK,engine_median,8414.07,DERIVED,2026-08-20T19:55:02.750956+00:00
66001,,MARK,engine_median,2162.93,DERIVED,2026-08-13T12:05:36.604874+00:00
66001,,MARK,engine_median,2396.76,DERIVED,2026-08-14T21:48:08.178665+00:00
66001,,MARK,engine_median,2162.93,DERIVED,2026-08-15T21:41:53.174601+00:00
6618,Rolex,MARK,engine_median,2380.82,DERIVED,2026-08-13T12:05:36.604874+00:00
66218,,MARK,engine_median,8439.14,DERIVED,2026-08-13T12:05:36.604874+00:00
6622,,MARK,engine_median,10522.35,DERIVED,2026-08-13T12:05:36.604874+00:00
66240343155B,Blancpain,MSRP,watchbase,148800.0,VERIFIED,2026-08-13T12:05:36+00:00
66240363155B,Blancpain,MSRP,watchbase,127400.0,VERIFIED,2026-08-13T12:05:36+00:00
66819,,MARK,engine_median,7333.76,DERIVED,2026-08-13T12:05:36.604874+00:00
66912OR,AP,MARK,engine_median,8810.36,DERIVED,2026-08-13T12:05:36.604874+00:00
6694,,MARK,engine_median,3443.68,DERIVED,2026-08-13T12:05:36.604874+00:00
67180,Rolex,MARK,engine_median,3055.75,DERIVED,2026-08-13T12:05:36.604874+00:00
67180PK,,MARK,engine_median,3167.87,DERIVED,2026-08-13T22:07:35.994213+00:00
672780,,MARK,engine_median,748.26,DERIVED,2026-08-13T12:05:36.604874+00:00
674275,,MARK,engine_median,262.53,DERIVED,2026-08-13T12:05:36.604874+00:00
67480,Rolex,MARK,engine_median,3613.36,DERIVED,2026-08-13T12:05:36.604874+00:00
67540SK.ZZ.A010CA.01,AP,MARK,engine_median,19962.71,DERIVED,2026-08-13T12:05:36.604874+00:00
67600ST.OO.D080VS.01,AP,MARK,engine_median,12713.69,DERIVED,2026-08-13T12:05:36.604874+00:00
67630OR,Audemars Piguet,MARK,manual_check,80276.0,VERIFIED,2026-08-09
67650ST,Audemars Piguet,MARK,manual_check,23115.0,VERIFIED,2026-08-09
67651OR,Audemars Piguet,MARK,manual_check,44881.0,VERIFIED,2026-08-09
67651SR,Audemars Piguet,MARK,manual_check,36227.0,VERIFIED,2026-08-09
67651ST,Audemars Piguet,MARK,manual_check,28311.0,VERIFIED,2026-08-09
681006,,MARK,engine_median,3098.25,DERIVED,2026-08-13T12:05:36.604874+00:00
68273,Rolex,MARK,engine_median,6371.87,DERIVED,2026-08-13T12:05:36.604874+00:00
68273GCHHC,Rolex,MARK,engine_median,6914.93,DERIVED,2026-08-21T21:45:15.687735+00:00
68274,,MARK,engine_median,7333.76,DERIVED,2026-08-13T12:05:36.604874+00:00
68274,,MARK,engine_median,6371.87,DERIVED,2026-08-13T22:07:35.994213+00:00
68274,Rolex,MARK,engine_median,6805.75,DERIVED,2026-08-14T21:47:56.498486+00:00
68274,Rolex,MARK,engine_median,6371.87,DERIVED,2026-08-19T21:47:49.086150+00:00
68274,Rolex,MARK,engine_median,6805.75,DERIVED,2026-08-21T21:45:15.687735+00:00
68278,Rolex,MARK,engine_median,15055.68,DERIVED,2026-08-13T12:05:36.604874+00:00
68278G,,MARK,engine_median,17537.24,DERIVED,2026-08-20T04:37:33.725646+00:00
68279BIC,,MARK,engine_median,11925.32,DERIVED,2026-08-13T12:05:36.604874+00:00
68279BIC,,MARK,engine_median,14309.49,DERIVED,2026-08-17T21:49:35.588367+00:00
68279BIC,,MARK,engine_median,11925.32,DERIVED,2026-08-19T21:47:49.086150+00:00
68279BIC,,MARK,engine_median,14309.49,DERIVED,2026-08-20T04:37:33.725646+00:00
68279BIC,,MARK,engine_median,11925.32,DERIVED,2026-08-20T19:55:02.750956+00:00
68623,Rolex,MARK,engine_median,7137.51,DERIVED,2026-08-13T12:05:36.604874+00:00
689203,,MARK,engine_median,175.37,DERIVED,2026-08-13T12:05:36.604874+00:00
690002,,MARK,engine_median,1477.38,DERIVED,2026-08-13T12:05:36.604874+00:00
69166,Rolex,MARK,engine_median,10206.68,DERIVED,2026-08-13T12:05:36.604874+00:00
6917,Rolex,MARK,engine_median,4240.83,DERIVED,2026-08-13T12:05:36.604874+00:00
69173,Rolex,MARK,engine_median,4913.16,DERIVED,2026-08-13T12:05:36.604874+00:00
69173,Rolex,MARK,engine_median,4968.89,DERIVED,2026-08-14T21:47:56.498486+00:00
69173,Rolex,MARK,engine_median,5027.35,DERIVED,2026-08-15T21:41:53.174601+00:00
69173,Rolex,MARK,engine_median,4968.89,DERIVED,2026-08-19T21:47:49.086150+00:00
69173G,,MARK,engine_median,6270.89,DERIVED,2026-08-13T12:05:36.604874+00:00
69173GBK,,MARK,engine_median,6752.57,DERIVED,2026-08-16T06:20:51.808998+00:00
69173GGRPC,Rolex,MARK,engine_median,6270.89,DERIVED,2026-08-13T12:05:36.604874+00:00
69173GRG,,MARK,engine_median,6632.27,DERIVED,2026-08-13T12:05:36.604874+00:00
69173NR,,MARK,engine_median,6270.89,DERIVED,2026-08-13T12:05:36.604874+00:00
69174,Rolex,MARK,engine_median,4559.69,DERIVED,2026-08-13T12:05:36.604874+00:00
69174,Rolex,MARK,engine_median,3507.45,DERIVED,2026-08-14T21:47:56.498486+00:00
69174GPK,,MARK,engine_median,5516.26,DERIVED,2026-08-13T12:05:36.604874+00:00
69174GSV,,MARK,engine_median,5208.03,DERIVED,2026-08-13T12:05:36.604874+00:00
69174IVR,,MARK,engine_median,4320.54,DERIVED,2026-08-13T12:05:36.604874+00:00
69174NA,,MARK,engine_median,4506.54,DERIVED,2026-08-13T12:05:36.604874+00:00
69174SVB,,MARK,engine_median,4636.41,DERIVED,2026-08-15T21:41:53.174601+00:00
69178,Rolex,MARK,engine_median,9060.91,DERIVED,2026-08-13T12:05:36.604874+00:00
69188BKB,,MARK,engine_median,12648.07,DERIVED,2026-08-13T12:05:36.604874+00:00
69190,,MARK,engine_median,2759.51,DERIVED,2026-08-14T21:47:56.498486+00:00
69198GDIAR,Rolex,MARK,engine_median,17430.95,DERIVED,2026-08-13T12:05:36.604874+00:00
692717,,MARK,engine_median,438.43,DERIVED,2026-08-13T12:05:36.604874+00:00
692900,,MARK,engine_median,438.43,DERIVED,2026-08-13T12:05:36.604874+00:00
693830,,MARK,engine_median,116.92,DERIVED,2026-08-13T12:05:36.604874+00:00
7008420,Jaeger-LeCoultre,MARK,manual_check,5063.0,VERIFIED,2026-08-09
70101G,Patek Philippe,MARK,manual_check,62761.0,VERIFIED,2026-08-09
70101R,Patek Philippe,MARK,manual_check,103671.0,VERIFIED,2026-08-09
7010G,Patek Philippe,MARK,manual_check,44299.0,VERIFIED,2026-08-09
7010R,Patek Philippe,MARK,manual_check,66841.0,VERIFIED,2026-08-09
70150,Tudor,MARK,manual_check,2484.0,VERIFIED,2026-08-09
70330B,Tudor,MARK,manual_check,3573.0,VERIFIED,2026-08-09
70330N,Tudor,MARK,manual_check,3119.0,VERIFIED,2026-08-09
71181200A,Patek Philippe,MARK,manual_check,93743.0,VERIFIED,2026-08-09
71181200A0,,MARK,engine_median,90024.51,DERIVED,2026-08-13T12:05:36.604874+00:00
71181200R,Patek Philippe,MARK,manual_check,158410.0,VERIFIED,2026-08-09
71181300R,Patek Philippe,MARK,manual_check,194650.0,VERIFIED,2026-08-09
71181A,Patek Philippe,MARK,manual_check,72616.0,VERIFIED,2026-08-09
71181R,Patek Philippe,MARK,manual_check,109695.0,VERIFIED,2026-08-09
7121200G,Patek Philippe,MARK,manual_check,28548.0,VERIFIED,2026-08-09
71281G,Patek Philippe,MARK,manual_check,121239.0,VERIFIED,2026-08-09
7130R,Patek Philippe,MARK,manual_check,39596.0,VERIFIED,2026-08-09
7200200R,Patek Philippe,MARK,manual_check,23023.0,VERIFIED,2026-08-09
7200200R00,,MARK,engine_median,20460.12,DERIVED,2026-08-13T12:05:36.604874+00:00
7200R001,,MARK,engine_median,31567.04,DERIVED,2026-08-13T12:05:36.604874+00:00
720366,,MARK,engine_median,329.55,DERIVED,2026-08-16T21:41:16.998484+00:00
7234G,Patek Philippe,MARK,manual_check,29714.0,VERIFIED,2026-08-09
7234R,Patek Philippe,MARK,manual_check,32701.0,VERIFIED,2026-08-09
7234R001,,MARK,engine_median,28059.59,DERIVED,2026-08-13T12:05:36.604874+00:00
73001200A,Patek Philippe,MARK,manual_check,22980.0,VERIFIED,2026-08-09
73001200R,Patek Philippe,MARK,manual_check,43599.0,VERIFIED,2026-08-09
73001200R0,,MARK,engine_median,35542.14,DERIVED,2026-08-13T12:05:36.604874+00:00
739230,,MARK,engine_median,302.81,DERIVED,2026-08-13T12:05:36.604874+00:00
747722,,MARK,engine_median,265.61,DERIVED,2026-08-13T12:05:36.604874+00:00
75190,Tudor,MARK,engine_median,3849.95,DERIVED,2026-08-13T12:05:36.604874+00:00
752100,,MARK,engine_median,244.35,DERIVED,2026-08-13T12:05:36.604874+00:00
752545,Cartier,MARK,engine_median,361.44,DERIVED,2026-08-16T21:41:16.998484+00:00
760.032,A. Lange & Söhne,MARK,manual_check,111987.0,VERIFIED,2026-08-09
760610,Tudor,MARK,engine_median,1163.93,DERIVED,2026-08-13T12:05:36.604874+00:00
76080,,MARK,engine_median,3294.88,DERIVED,2026-08-13T12:05:36.604874+00:00
76080,,MARK,engine_median,2759.51,DERIVED,2026-08-14T21:47:56.498486+00:00
76080,,MARK,engine_median,3294.88,DERIVED,2026-08-15T21:41:53.174601+00:00
76080BKBB,,MARK,engine_median,2954.76,DERIVED,2026-08-13T12:05:36.604874+00:00
761549,,MARK,engine_median,514.43,DERIVED,2026-08-13T12:05:36.604874+00:00
76183,Rolex,MARK,engine_median,3390.54,DERIVED,2026-08-13T12:05:36.604874+00:00
76200,Tudor,MARK,engine_median,3098.25,DERIVED,2026-08-13T12:05:36.604874+00:00
7700V110AB172,Vacheron Constantin,MARK,manual_check,23479.0,VERIFIED,2026-08-09
77080,Rolex,MARK,engine_median,4442.77,DERIVED,2026-08-13T12:05:36.604874+00:00
77080,Rolex,MARK,engine_median,4384.31,DERIVED,2026-08-13T22:07:35.994213+00:00
77080,Rolex,MARK,engine_median,4442.77,DERIVED,2026-08-16T21:41:16.998484+00:00
77080BL,Rolex,MARK,engine_median,3709.39,DERIVED,2026-08-13T12:05:36.604874+00:00
77350CB,Audemars Piguet,MARK,manual_check,69781.0,VERIFIED,2026-08-09
77350CE,Audemars Piguet,MARK,manual_check,55861.0,VERIFIED,2026-08-09
77350SR,Audemars Piguet,MARK,manual_check,33488.0,VERIFIED,2026-08-09
77350ST,Audemars Piguet,MARK,manual_check,30596.0,VERIFIED,2026-08-09
77351ST,Audemars Piguet,MARK,manual_check,38929.0,VERIFIED,2026-08-09
77410BC,,MARK,engine_median,60211.2,DERIVED,2026-08-13T12:05:36.604874+00:00
77410OR,Audemars Piguet,MARK,manual_check,24542.0,VERIFIED,2026-08-09
77410OR,AP,MARK,engine_median,22103.65,DERIVED,2026-08-13T12:05:36.604874+00:00
77410OR.OO.A342CR.01,Audemars Piguet,MSRP,watchbase,37700.0,VERIFIED,2026-08-13T12:05:36+00:00
77450SR,Audemars Piguet,MARK,manual_check,36249.0,VERIFIED,2026-08-09
77450ST,Audemars Piguet,MARK,manual_check,33739.0,VERIFIED,2026-08-09
77451OR,Audemars Piguet,MARK,manual_check,79530.0,VERIFIED,2026-08-09
77451OR,AP,MARK,engine_median,88103.59,DERIVED,2026-08-13T12:05:36.604874+00:00
77451ST,Audemars Piguet,MARK,manual_check,53696.0,VERIFIED,2026-08-09
77451ST,AP,MARK,engine_median,46789.51,DERIVED,2026-08-14T21:47:56.498486+00:00
77483,,MARK,engine_median,6270.89,DERIVED,2026-08-13T12:05:36.604874+00:00
77600TI,Audemars Piguet,MARK,manual_check,36521.0,VERIFIED,2026-08-09
78094,,MARK,engine_median,12568.35,DERIVED,2026-08-13T12:05:36.604874+00:00
78266,,MARK,engine_median,37120.49,DERIVED,2026-08-13T12:05:36.604874+00:00
78273NRD,,MARK,engine_median,7950.22,DERIVED,2026-08-19T21:47:49.086150+00:00
79000,Tudor,MARK,manual_check,4134.0,VERIFIED,2026-08-09
79000,Tudor,MARK,engine_median,4557.0,DERIVED,2026-08-13T12:05:36.604874+00:00
79000B,Tudor,MARK,manual_check,3888.0,VERIFIED,2026-08-09
79000B,Tudor,MSRP,watchbase,4150.0,VERIFIED,2026-08-13T12:05:36+00:00
79000B,Tudor,MARK,engine_median,4161.75,DERIVED,2026-08-13T12:05:36.604874+00:00
79000B,Tudor,MARK,engine_median,3360.79,DERIVED,2026-08-13T22:07:35.994213+00:00
79000B,Tudor,MARK,engine_median,4161.75,DERIVED,2026-08-14T21:47:56.498486+00:00
79000B,Tudor,MARK,engine_median,3360.79,DERIVED,2026-08-16T10:01:25.617322+00:00
79000B,Tudor,MARK,engine_median,4161.75,DERIVED,2026-08-17T21:49:35.588367+00:00
79000B0001,Tudor,MSRP,watchbase,4725.0,VERIFIED,2026-08-13T12:05:36+00:00
79000N,Tudor,MARK,manual_check,3432.0,VERIFIED,2026-08-09
79000N,Tudor,MARK,engine_median,4161.75,DERIVED,2026-08-13T12:05:36.604874+00:00
79000N0002,Tudor,MSRP,watchbase,3635.0,VERIFIED,2026-08-13T12:05:36+00:00
7900V000RB336,Vacheron Constantin,MARK,manual_check,39071.0,VERIFIED,2026-08-09
7900V110AB333,Vacheron Constantin,MARK,manual_check,24062.0,VERIFIED,2026-08-09
7900V110AB334,Vacheron Constantin,MARK,manual_check,29100.0,VERIFIED,2026-08-09
7900V110AB546,Vacheron Constantin,MARK,manual_check,24145.0,VERIFIED,2026-08-09
7900V110AB546,,MARK,engine_median,22798.42,DERIVED,2026-08-19T21:47:49.086150+00:00
79010SG,Tudor,MARK,manual_check,3144.0,VERIFIED,2026-08-09
79010SG,Tudor,MARK,engine_median,650907.0,DERIVED,2026-08-13T12:05:36.604874+00:00
79012M,Tudor,MARK,manual_check,3599.0,VERIFIED,2026-08-09
79012M,Tudor,MARK,engine_median,4650.0,DERIVED,2026-08-13T12:05:36.604874+00:00
79018V,Tudor,MARK,engine_median,20971.5,DERIVED,2026-08-13T12:05:36.604874+00:00
79030B,Tudor,MARK,manual_check,2946.0,VERIFIED,2026-08-09
79030B,Tudor,MARK,engine_median,4905.98,DERIVED,2026-08-13T12:05:36.604874+00:00
79030N,Tudor,MARK,manual_check,2919.0,VERIFIED,2026-08-09
79160,Rolex,MARK,engine_median,4003.7,DERIVED,2026-08-13T12:05:36.604874+00:00
79160,Rolex,MARK,engine_median,3741.28,DERIVED,2026-08-16T06:20:51.808998+00:00
79163,Rolex,MARK,engine_median,4728.6,DERIVED,2026-08-13T12:05:36.604874+00:00
79173,Rolex,MARK,engine_median,5360.84,DERIVED,2026-08-13T12:05:36.604874+00:00
79173,Rolex,MARK,engine_median,5341.98,DERIVED,2026-08-19T21:47:49.086150+00:00
79173GBK,,MARK,engine_median,6796.34,DERIVED,2026-08-17T21:49:35.588367+00:00
79173GHT,Rolex,MARK,engine_median,6153.98,DERIVED,2026-08-13T12:05:36.604874+00:00
79173GRDG,,MARK,engine_median,6897.99,DERIVED,2026-08-13T12:05:36.604874+00:00
79173NRD,Rolex,MARK,engine_median,5341.98,DERIVED,2026-08-13T12:05:36.604874+00:00
79173OPG,Rolex,MARK,engine_median,8810.36,DERIVED,2026-08-13T12:05:36.604874+00:00
79174,Rolex,MARK,engine_median,4501.23,DERIVED,2026-08-13T12:05:36.604874+00:00
79174,Rolex,MARK,engine_median,4267.4,DERIVED,2026-08-19T21:47:49.086150+00:00
79174BKB,,MARK,engine_median,4479.97,DERIVED,2026-08-13T12:05:36.604874+00:00
79174GBLG,,MARK,engine_median,6366.55,DERIVED,2026-08-13T12:05:36.604874+00:00
79174GSVC,,MARK,engine_median,5665.06,DERIVED,2026-08-13T12:05:36.604874+00:00
79174GSVC,,MARK,engine_median,5603.46,DERIVED,2026-08-13T22:07:35.994213+00:00
79174NGPKS,,MARK,engine_median,7386.9,DERIVED,2026-08-13T12:05:36.604874+00:00
79174NGPKS,,MARK,engine_median,7385.3,DERIVED,2026-08-16T06:20:51.808998+00:00
79174NR,Rolex,MARK,engine_median,4968.89,DERIVED,2026-08-13T12:05:36.604874+00:00
7920V210AB334,Vacheron Constantin,MARK,manual_check,38036.0,VERIFIED,2026-08-09
7920V210AB546,Vacheron Constantin,MARK,manual_check,32154.0,VERIFIED,2026-08-09
7920V210AB546,Vacheron Constantin,MSRP,watchbase,35200.0,VERIFIED,2026-08-13T12:05:36+00:00
7920V210AB546,,MARK,engine_median,26305.87,DERIVED,2026-08-13T12:05:36.604874+00:00
79210CNU,Tudor,MARK,manual_check,3293.0,VERIFIED,2026-08-09
79210CNU,Tudor,MARK,engine_median,3172.58,DERIVED,2026-08-13T12:05:36.604874+00:00
79210CNU,Tudor,MARK,engine_median,3637.31,DERIVED,2026-08-14T21:47:56.498486+00:00
79210CNU,Tudor,MARK,engine_median,3172.58,DERIVED,2026-08-16T10:01:25.617322+00:00
79210CNU,Tudor,MARK,engine_median,3637.31,DERIVED,2026-08-18T21:46:17.264769+00:00
79210CNU,Tudor,MARK,engine_median,3172.58,DERIVED,2026-08-18T21:46:57.536473+00:00
79210CNU,Tudor,MARK,engine_median,3503.02,DERIVED,2026-08-20T19:55:02.750956+00:00
79210CNU,Tudor,MARK,engine_median,3172.58,DERIVED,2026-08-20T21:48:50.588638+00:00
79210CNU0001,Tudor,MSRP,watchbase,5975.0,VERIFIED,2026-08-13T12:05:36+00:00
79230B,Tudor,MARK,manual_check,2659.0,VERIFIED,2026-08-09
79230DK,Tudor,MARK,manual_check,2589.0,VERIFIED,2026-08-09
79230DK,Tudor,MARK,engine_median,2221.39,DERIVED,2026-08-13T12:05:36.604874+00:00
79230N,Tudor,MARK,manual_check,2620.0,VERIFIED,2026-08-09
79230R,Tudor,MARK,manual_check,2582.0,VERIFIED,2026-08-09
79250BA,Tudor,MARK,manual_check,2786.0,VERIFIED,2026-08-09
79250BA,,MARK,engine_median,3134.65,DERIVED,2026-08-13T12:05:36.604874+00:00
79250BB,Tudor,MARK,engine_median,3507.45,DERIVED,2026-08-13T12:05:36.604874+00:00
7930V210TH074,,MARK,engine_median,57660.0,DERIVED,2026-08-13T12:05:36.604874+00:00
7930V210TH075,,MARK,engine_median,59520.0,DERIVED,2026-08-15T21:41:53.174601+00:00
79310N,Tudor,MARK,manual_check,9009.0,VERIFIED,2026-08-09
7934,Tudor,MARK,engine_median,9718.5,DERIVED,2026-08-13T12:05:36.604874+00:00
79350,Tudor,MARK,engine_median,2805.96,DERIVED,2026-08-13T12:05:36.604874+00:00
793600DK,Tudor,MARK,engine_median,4653.22,DERIVED,2026-08-13T12:05:36.604874+00:00
79360B,Tudor,MARK,manual_check,4382.0,VERIFIED,2026-08-09
79360B0002,Tudor,MSRP,watchbase,5675.0,VERIFIED,2026-08-13T12:05:36+00:00
79360N,Tudor,MARK,manual_check,5120.0,VERIFIED,2026-08-09
79360N,,MARK,seed_kb,5035.0,VERIFIED,2026-08-13T12:05:36+00:00
79360N,Tudor,MSRP,watchbase,5450.0,VERIFIED,2026-08-13T12:05:36+00:00
79360N,Tudor,MARK,engine_median,6393.75,DERIVED,2026-08-13T12:05:36.604874+00:00
79360N0007,Tudor,MSRP,watchbase,5225.0,VERIFIED,2026-08-13T12:05:36+00:00
79363BA,AP,MARK,engine_median,10483.21,DERIVED,2026-08-13T12:05:36.604874+00:00
79363N,Tudor,MARK,manual_check,4319.0,VERIFIED,2026-08-09
79363N,Tudor,MARK,engine_median,7928.25,DERIVED,2026-08-13T12:05:36.604874+00:00
79377KN,Tudor,MARK,manual_check,8059.0,VERIFIED,2026-08-09
7939A1A0NU,Tudor,MARK,manual_check,4359.0,VERIFIED,2026-08-09
7939A1A0NU0003,Tudor,MSRP,watchbase,4050.0,VERIFIED,2026-08-13T12:05:36+00:00
7939A1A0RU,Tudor,MARK,manual_check,4114.0,VERIFIED,2026-08-09
7939A1A0RU0001,Tudor,MSRP,watchbase,4725.0,VERIFIED,2026-08-13T12:05:36+00:00
7939A1A0RU0002,Tudor,MSRP,watchbase,4400.0,VERIFIED,2026-08-13T12:05:36+00:00
7939G1A0NRU,Tudor,MARK,manual_check,4182.0,VERIFIED,2026-08-09
7939G1A0NRU0003,Tudor,MSRP,watchbase,5650.0,VERIFIED,2026-08-13T12:05:36+00:00
7941A1A0NU,Tudor,MARK,manual_check,3925.0,VERIFIED,2026-08-09
7941A1A0NU0003,Tudor,MSRP,watchbase,5100.0,VERIFIED,2026-08-13T12:05:36+00:00
7941A1A0RU,Tudor,MARK,manual_check,3276.0,VERIFIED,2026-08-09
7941A1A0RU0003,Tudor,MSRP,watchbase,4550.0,VERIFIED,2026-08-13T12:05:36+00:00
7943A1A0NU,Tudor,MARK,manual_check,3663.0,VERIFIED,2026-08-09
7943A1A0NU0001,Tudor,MSRP,watchbase,5475.0,VERIFIED,2026-08-13T12:05:36+00:00
79470,Tudor,MARK,manual_check,3001.0,VERIFIED,2026-08-09
79470,,MARK,seed_kb,3700.0,VERIFIED,2026-08-13T12:05:36+00:00
79470,Tudor,MARK,engine_median,4394.25,DERIVED,2026-08-13T12:05:36.604874+00:00
794700001,Tudor,MSRP,watchbase,4725.0,VERIFIED,2026-08-13T12:05:36+00:00
794700004,Tudor,MSRP,watchbase,5075.0,VERIFIED,2026-08-13T12:05:36+00:00
79500,Tudor,MARK,manual_check,2438.0,VERIFIED,2026-08-09
79500,Tudor,MARK,engine_median,439797.0,DERIVED,2026-08-13T12:05:36.604874+00:00
79540,Tudor,MARK,manual_check,2188.0,VERIFIED,2026-08-09
79540,Tudor,MARK,engine_median,2338.3,DERIVED,2026-08-13T12:05:36.604874+00:00
79580,Tudor,MARK,manual_check,1972.0,VERIFIED,2026-08-09
79580,,MARK,dealer_crawl,2217.0,EST,2026-08-15T21:41:59+00:00
79600,Tudor,MARK,manual_check,3006.0,VERIFIED,2026-08-09
79600,Tudor,MARK,engine_median,4278.0,DERIVED,2026-08-13T12:05:36.604874+00:00
79603,Tudor,MARK,manual_check,3275.0,VERIFIED,2026-08-09
79603,Tudor,MSRP,watchbase,4600.0,EST,2026-08-13T12:05:36+00:00
79603,Tudor,MARK,engine_median,6370.5,DERIVED,2026-08-13T12:05:36.604874+00:00
79613,Tudor,MARK,engine_median,9625.5,DERIVED,2026-08-13T12:05:36.604874+00:00
79640,Tudor,MARK,manual_check,3089.0,VERIFIED,2026-08-09
79640,Tudor,MARK,engine_median,4394.25,DERIVED,2026-08-13T12:05:36.604874+00:00
79643,Tudor,MARK,engine_median,6579.75,DERIVED,2026-08-13T12:05:36.604874+00:00
79643,Tudor,MARK,engine_median,7486.5,DERIVED,2026-08-16T06:20:51.808998+00:00
79643,Tudor,MARK,engine_median,6579.75,DERIVED,2026-08-16T10:01:28.274576+00:00
79643,Tudor,MARK,engine_median,7486.5,DERIVED,2026-08-18T21:46:17.264769+00:00
79643,Tudor,MARK,engine_median,6579.75,DERIVED,2026-08-18T21:46:57.536473+00:00
79643,Tudor,MARK,engine_median,7486.5,DERIVED,2026-08-19T21:48:03.026635+00:00
79643,Tudor,MARK,engine_median,6579.75,DERIVED,2026-08-20T04:37:33.725646+00:00
79643,Tudor,MARK,engine_median,7486.5,DERIVED,2026-08-21T21:45:28.462956+00:00
79653,Tudor,MARK,manual_check,4919.0,VERIFIED,2026-08-09
79653,Tudor,MSRP,watchbase,5000.0,EST,2026-08-13T12:05:36+00:00
79653,Tudor,MARK,engine_median,9997.5,DERIVED,2026-08-13T12:05:36.604874+00:00
79660,Tudor,MARK,manual_check,2976.0,VERIFIED,2026-08-09
79660,Tudor,MARK,engine_median,4510.5,DERIVED,2026-08-13T12:05:36.604874+00:00
79663,Tudor,MARK,manual_check,3534.0,VERIFIED,2026-08-09
79663,Tudor,MARK,engine_median,6742.5,DERIVED,2026-08-13T12:05:36.604874+00:00
79673,Tudor,MARK,engine_median,10206.75,DERIVED,2026-08-13T12:05:36.604874+00:00
79680,Tudor,MARK,manual_check,3025.0,VERIFIED,2026-08-09
79680,Tudor,MARK,engine_median,4626.75,DERIVED,2026-08-13T12:05:36.604874+00:00
796800003,Tudor,MSRP,watchbase,4975.0,VERIFIED,2026-08-13T12:05:36+00:00
79683,Tudor,MARK,manual_check,3830.0,VERIFIED,2026-08-09
79683,Tudor,MSRP,watchbase,5375.0,VERIFIED,2026-08-13T12:05:36+00:00
79683,Tudor,MARK,engine_median,6928.5,DERIVED,2026-08-13T12:05:36.604874+00:00
796830006,Tudor,MSRP,watchbase,8425.0,VERIFIED,2026-08-13T12:05:36+00:00
796830007,Tudor,MSRP,watchbase,8425.0,VERIFIED,2026-08-13T12:05:36+00:00
796830008,Tudor,MSRP,watchbase,8425.0,VERIFIED,2026-08-13T12:05:36+00:00
79733N,Tudor,MARK,manual_check,3331.0,VERIFIED,2026-08-09
79733N,,MARK,engine_median,3624.26,DERIVED,2026-08-13T12:05:36.604874+00:00
79830RB,Tudor,MARK,manual_check,3093.0,VERIFIED,2026-08-09
79830RB,Tudor,MARK,engine_median,2762.59,DERIVED,2026-08-13T12:05:36.604874+00:00
79830RB0001,Tudor,MSRP,watchbase,4900.0,VERIFIED,2026-08-13T12:05:36+00:00
79830RB0010,Tudor,MSRP,watchbase,4900.0,VERIFIED,2026-08-13T12:05:36+00:00
79833MN,Tudor,MARK,manual_check,3700.0,VERIFIED,2026-08-09
79833MN,Tudor,MARK,engine_median,4150.48,DERIVED,2026-08-19T21:47:49.086150+00:00
79930,Tudor,MARK,manual_check,3185.0,VERIFIED,2026-08-09
79930,Tudor,MARK,engine_median,3627.0,DERIVED,2026-08-13T12:05:36.604874+00:00
79950,Tudor,MARK,manual_check,2555.0,VERIFIED,2026-08-09
79950,,MARK,seed_kb,2350.0,EST,2026-08-13T12:05:36+00:00
79950,Tudor,MARK,engine_median,2898.66,DERIVED,2026-08-13T12:05:36.604874+00:00
79950,Tudor,MARK,engine_median,2545.85,DERIVED,2026-08-13T22:07:35.994213+00:00
79950,Tudor,MARK,engine_median,2898.66,DERIVED,2026-08-14T21:47:56.498486+00:00
79950,Tudor,MARK,engine_median,2545.85,DERIVED,2026-08-16T10:01:25.617322+00:00
79950,Tudor,MARK,engine_median,2898.66,DERIVED,2026-08-17T21:49:35.588367+00:00
799500001,Tudor,MSRP,watchbase,3475.0,VERIFIED,2026-08-13T12:05:36+00:00
80298NG,Rolex,MARK,engine_median,24339.57,DERIVED,2026-08-13T12:05:36.604874+00:00
81003,,MARK,engine_median,2433.96,DERIVED,2026-08-13T12:05:36.604874+00:00
81004,,MARK,engine_median,2396.76,DERIVED,2026-08-13T12:05:36.604874+00:00
81006,,MARK,engine_median,2104.47,DERIVED,2026-08-13T12:05:36.604874+00:00
81015000RB282,Vacheron Constantin,MARK,manual_check,9464.0,VERIFIED,2026-08-09
81180000G9117,Vacheron Constantin,MARK,manual_check,12422.0,VERIFIED,2026-08-09
81180000J9118,Vacheron Constantin,MARK,manual_check,12076.0,VERIFIED,2026-08-09
81180000R9159,Vacheron Constantin,MARK,manual_check,12427.0,VERIFIED,2026-08-09
81180000R9162,Vacheron Constantin,MARK,manual_check,10964.0,VERIFIED,2026-08-09
81180000RB518,Vacheron Constantin,MARK,manual_check,13626.0,VERIFIED,2026-08-09
815851,,MARK,engine_median,233.83,DERIVED,2026-08-13T12:05:36.604874+00:00
82035000GB735,Vacheron Constantin,MARK,manual_check,29359.0,VERIFIED,2026-08-09
82035000R9359,Vacheron Constantin,MARK,manual_check,25641.0,VERIFIED,2026-08-09
82172000G9383,Vacheron Constantin,MARK,manual_check,14923.0,VERIFIED,2026-08-09
82172000P9811,Vacheron Constantin,MARK,manual_check,18939.0,VERIFIED,2026-08-09
82172000R9382,Vacheron Constantin,MARK,manual_check,14017.0,VERIFIED,2026-08-09
82172000R9888,Vacheron Constantin,MARK,manual_check,16624.0,VERIFIED,2026-08-09
82172000RB402,Vacheron Constantin,MARK,manual_check,16231.0,VERIFIED,2026-08-09
83570,,MARK,engine_median,13679.05,DERIVED,2026-08-13T12:05:36.604874+00:00
85180,,MARK,engine_median,10113.15,DERIVED,2026-08-13T12:05:36.604874+00:00
85180000G9230,Vacheron Constantin,MARK,manual_check,12178.0,VERIFIED,2026-08-09
85180000J9231,Vacheron Constantin,MARK,manual_check,16450.0,VERIFIED,2026-08-09
85180000R9166,Vacheron Constantin,MARK,manual_check,13798.0,VERIFIED,2026-08-09
85180000R9248,Vacheron Constantin,MARK,manual_check,14796.0,VERIFIED,2026-08-09
85180000RB515,Vacheron Constantin,MARK,manual_check,18629.0,VERIFIED,2026-08-09
86050,,MARK,engine_median,14880.0,DERIVED,2026-08-13T12:05:36.604874+00:00
86060000R9640,Vacheron Constantin,MARK,manual_check,18900.0,VERIFIED,2026-08-09
86122000P93,,MARK,engine_median,31567.04,DERIVED,2026-08-13T12:05:36.604874+00:00
86285,Rolex,MARK,engine_median,66854.1,DERIVED,2026-08-13T12:05:36.604874+00:00
86349SAFUBL,,MARK,engine_median,63289.22,DERIVED,2026-08-21T21:45:15.687735+00:00
8648,,MARK,engine_median,1743.1,DERIVED,2026-08-13T12:05:36.604874+00:00
87.9100.900403.I001,Zenith,MSRP,watchbase,24500.0,VERIFIED,2026-08-13T12:05:36+00:00
87172,,MARK,engine_median,10405.44,DERIVED,2026-08-13T12:05:36.604874+00:00
87172000G9301,Vacheron Constantin,MARK,manual_check,12849.0,VERIFIED,2026-08-09
87172000R9302,Vacheron Constantin,MARK,manual_check,14200.0,VERIFIED,2026-08-09
881001,,MARK,engine_median,2864.42,DERIVED,2026-08-13T12:05:36.604874+00:00
881003,,MARK,engine_median,2455.22,DERIVED,2026-08-13T12:05:36.604874+00:00
8880SCDTGOTH,Franck Muller,MSRP,watchbase,13300.0,VERIFIED,2026-08-13T12:05:36+00:00
88928BB,,MARK,engine_median,53475.0,DERIVED,2026-08-13T12:05:36.604874+00:00
89190PB,Tudor,MARK,engine_median,1518.56,DERIVED,2026-08-17T21:49:35.588367+00:00
90100,Tudor,MARK,engine_median,1611.61,DERIVED,2026-08-13T12:05:36.604874+00:00
9028181,Jaeger-LeCoultre,MARK,manual_check,11234.0,VERIFIED,2026-08-09
902843J,Jaeger-LeCoultre,MARK,manual_check,11143.0,VERIFIED,2026-08-09
90500,Tudor,MARK,engine_median,11113.5,DERIVED,2026-08-13T12:05:36.604874+00:00
906863J,Jaeger-LeCoultre,MARK,manual_check,8252.0,VERIFIED,2026-08-09
906868J,Jaeger-LeCoultre,MARK,manual_check,7865.0,VERIFIED,2026-08-09
9088180,Jaeger-LeCoultre,MARK,manual_check,21912.0,VERIFIED,2026-08-09
909010,Rolex,MARK,manual_check,16204.0,VERIFIED,2026-08-09
91001,,MARK,engine_median,9294.74,DERIVED,2026-08-13T12:05:36.604874+00:00
91003,,MARK,engine_median,21629.27,DERIVED,2026-08-13T12:05:36.604874+00:00
91350,Tudor,MARK,manual_check,1488.0,VERIFIED,2026-08-09
91350,Tudor,MARK,engine_median,876.86,DERIVED,2026-08-13T12:05:36.604874+00:00
91350,Tudor,MARK,engine_median,242730.0,DERIVED,2026-08-15T21:41:53.174601+00:00
91350,Tudor,MARK,engine_median,876.86,DERIVED,2026-08-16T06:20:51.808998+00:00
91350,Tudor,MARK,engine_median,242730.0,DERIVED,2026-08-16T10:01:25.617322+00:00
91350,Tudor,MARK,engine_median,876.86,DERIVED,2026-08-16T21:41:16.998484+00:00
91350,Tudor,MARK,engine_median,242730.0,DERIVED,2026-08-17T21:49:35.588367+00:00
91350,Tudor,MARK,engine_median,876.86,DERIVED,2026-08-19T21:47:49.086150+00:00
91350,Tudor,MARK,engine_median,242730.0,DERIVED,2026-08-20T19:55:02.750956+00:00
91350,Tudor,MARK,engine_median,876.86,DERIVED,2026-08-21T21:45:15.687735+00:00
91351,Tudor,MARK,manual_check,2154.0,VERIFIED,2026-08-09
91450,Tudor,MARK,manual_check,1462.0,VERIFIED,2026-08-09
91450,Tudor,MARK,engine_median,1762.42,DERIVED,2026-08-13T12:05:36.604874+00:00
91451,Tudor,MARK,manual_check,1854.0,VERIFIED,2026-08-09
91550,Tudor,MARK,manual_check,1584.0,VERIFIED,2026-08-09
91550,,MARK,engine_median,1285.96,DERIVED,2026-08-13T12:05:36.604874+00:00
91551,Tudor,MARK,manual_check,2309.0,VERIFIED,2026-08-09
91560,Tudor,MARK,manual_check,2167.0,VERIFIED,2026-08-09
91560,Tudor,MSRP,watchbase,2800.0,VERIFIED,2026-08-13T12:05:36+00:00
91560,Tudor,MARK,engine_median,2003.31,DERIVED,2026-08-13T12:05:36.604874+00:00
915600001,Tudor,MSRP,watchbase,2800.0,VERIFIED,2026-08-13T12:05:36+00:00
915600002,Tudor,MSRP,watchbase,2800.0,VERIFIED,2026-08-13T12:05:36+00:00
91650,Tudor,MARK,manual_check,1632.0,VERIFIED,2026-08-09
91651,Tudor,MARK,manual_check,2465.0,VERIFIED,2026-08-09
92084,,MARK,engine_median,5115.0,DERIVED,2026-08-13T12:05:36.604874+00:00
92413,Tudor,MARK,engine_median,502107.0,DERIVED,2026-08-13T12:05:36.604874+00:00
92414,Tudor,MARK,engine_median,1667.56,DERIVED,2026-08-13T12:05:36.604874+00:00
93150,Rolex,MARK,engine_median,13877.74,DERIVED,2026-08-13T12:05:36.604874+00:00
94210,Tudor,MARK,engine_median,10352.34,DERIVED,2026-08-13T12:05:36.604874+00:00
9659,Rolex,MARK,engine_median,5303.69,DERIVED,2026-08-13T12:05:36.604874+00:00
9919,Rolex,MARK,engine_median,7393.5,DERIVED,2026-08-13T12:05:36.604874+00:00
A10310121Q1P1,Breitling,MARK,engine_median,465.0,DERIVED,2026-08-13T12:05:36.604874+00:00
A103703A1Q1W1,Breitling,MARK,engine_median,3533.07,DERIVED,2026-08-13T12:05:36.604874+00:00
A10380101A4A1,Breitling,MARK,engine_median,4003.7,DERIVED,2026-08-13T12:05:36.604874+00:00
A10380611A1P1,Breitling,MARK,engine_median,465.0,DERIVED,2026-08-13T12:05:36.604874+00:00
A10390361L1A1,Breitling,MARK,engine_median,3669.13,DERIVED,2026-08-13T12:05:36.604874+00:00
A12022,Breitling,MARK,engine_median,3975.11,DERIVED,2026-08-13T12:05:36.604874+00:00
A13050,,MARK,engine_median,2041.72,DERIVED,2026-08-14T21:47:56.498486+00:00
A13313161C1A1,Breitling,MARK,engine_median,5058.9,DERIVED,2026-08-13T12:05:36.604874+00:00
A13315351B1A1,Breitling,MSRP,watchbase,7350.0,VERIFIED,2026-08-13T12:05:36+00:00
A13315351B1A1,Breitling,MARK,engine_median,2786.75,DERIVED,2026-08-13T12:05:36.604874+00:00
A1331535B1A1,Breitling,MARK,engine_median,3215.16,DERIVED,2026-08-13T12:05:36.604874+00:00
A13317101B1A1,,MARK,engine_median,2536.2,DERIVED,2026-08-14T21:47:56.498486+00:00
A13340,Breitling,MARK,engine_median,2226.84,DERIVED,2026-08-21T21:45:15.687735+00:00
A13341,,MARK,engine_median,2371.38,DERIVED,2026-08-14T21:47:56.498486+00:00
A13352,,MARK,engine_median,2759.51,DERIVED,2026-08-14T21:47:56.498486+00:00
A13356,,MARK,engine_median,1930.07,DERIVED,2026-08-14T21:47:56.498486+00:00
A13362,,MARK,engine_median,2759.51,DERIVED,2026-08-14T21:47:56.498486+00:00
A1338111A808,,MARK,engine_median,2536.2,DERIVED,2026-08-14T21:47:56.498486+00:00
A13385101B1A1,Breitling,MSRP,watchbase,5000.0,VERIFIED,2026-08-13T12:05:36+00:00
A13385101B1A1,Breitling,MARK,engine_median,2674.82,DERIVED,2026-08-13T12:05:36.604874+00:00
A15316,,MARK,engine_median,1139.92,DERIVED,2026-08-13T12:05:36.604874+00:00
A15991,,MARK,engine_median,227.98,DERIVED,2026-08-13T12:05:36.604874+00:00
A17318101B1A1,Breitling,MSRP,watchbase,4700.0,VERIFIED,2026-08-13T12:05:36+00:00
A17318101B1A1,Breitling,MARK,engine_median,2171.2,DERIVED,2026-08-13T12:05:36.604874+00:00
A17319101I1A1,,MARK,engine_median,2371.38,DERIVED,2026-08-14T21:47:56.498486+00:00
A17326,Breitling,MARK,manual_check,3335.0,VERIFIED,2026-08-09
A17326,Breitling,MARK,engine_median,3047.26,DERIVED,2026-08-21T21:45:15.687735+00:00
A17327,Breitling,MARK,manual_check,3640.0,VERIFIED,2026-08-09
A17327211G1A1,Breitling,MARK,engine_median,465.0,DERIVED,2026-08-13T12:05:36.604874+00:00
A17327211G1P1,Breitling,MARK,engine_median,465.0,DERIVED,2026-08-13T12:05:36.604874+00:00
A17327361L1A1,Breitling,MARK,manual_check,3750.0,EST,2026-06
A17327361L1A1,Breitling,MSRP,watchbase,5300.0,VERIFIED,2026-08-13T12:05:36+00:00
A17327361L1A1,Breitling,MARK,engine_median,3278.79,DERIVED,2026-08-13T12:05:36.604874+00:00
A17327361L1P1,Breitling,MARK,engine_median,465.0,DERIVED,2026-08-13T12:05:36.604874+00:00
A17327381B1A1,Breitling,MARK,manual_check,3750.0,EST,2026-06
A17327381B1A1,Breitling,MSRP,watchbase,5750.0,VERIFIED,2026-08-13T12:05:36+00:00
A17327381B1A1,Breitling,MARK,engine_median,3278.79,DERIVED,2026-08-13T12:05:36.604874+00:00
A17327381B1P1,Breitling,MARK,engine_median,5301.0,DERIVED,2026-08-13T12:05:36.604874+00:00
A17328,Breitling,MARK,manual_check,2876.0,VERIFIED,2026-08-09
A17328101B1A1,Breitling,MSRP,watchbase,5200.0,VERIFIED,2026-08-13T12:05:36+00:00
A17328101B1A1,Breitling,MARK,engine_median,2954.61,DERIVED,2026-08-13T12:05:36.604874+00:00
A17328101C1X1,Breitling,MARK,engine_median,3394.2,DERIVED,2026-08-13T12:05:36.604874+00:00
A17328101L1X1,Breitling,MARK,engine_median,4557.0,DERIVED,2026-08-13T12:05:36.604874+00:00
A17329,Breitling,MARK,manual_check,3969.0,VERIFIED,2026-08-09
A17329,Breitling,MARK,engine_median,3390.54,DERIVED,2026-08-13T12:05:36.604874+00:00
A17329161C1A1,Breitling,MARK,engine_median,465.0,DERIVED,2026-08-13T12:05:36.604874+00:00
A17329171C1A1,Breitling,MSRP,watchbase,5600.0,VERIFIED,2026-08-13T12:05:36+00:00
A17329171C1A1,Breitling,MARK,engine_median,3346.33,DERIVED,2026-08-13T12:05:36.604874+00:00
A17329371L1P1,Breitling,MSRP,watchbase,5850.0,VERIFIED,2026-08-13T12:05:36+00:00
A17329371L1P1,Breitling,MARK,engine_median,3402.28,DERIVED,2026-08-13T12:05:36.604874+00:00
A17331101I1A1,Breitling,MARK,engine_median,2171.2,DERIVED,2026-08-13T12:05:36.604874+00:00
A17356,Breitling,MARK,manual_check,7067.0,VERIFIED,2026-08-09
A17356531C1A1,Breitling,MARK,engine_median,11160.0,DERIVED,2026-08-13T12:05:36.604874+00:00
A17375,Breitling,MARK,manual_check,3183.0,VERIFIED,2026-08-09
A17375,,MARK,engine_median,2731.69,DERIVED,2026-08-13T22:07:35.994213+00:00
A17375211B2S2,Breitling,MARK,engine_median,5301.0,DERIVED,2026-08-13T12:05:36.604874+00:00
A17375E71C1A1,Breitling,MARK,engine_median,3899.3,DERIVED,2026-08-13T12:05:36.604874+00:00
A17375E71G1A1,Breitling,MARK,engine_median,465.0,DERIVED,2026-08-13T12:05:36.604874+00:00
A17375E71G1S1,Breitling,MARK,engine_median,5301.0,DERIVED,2026-08-13T12:05:36.604874+00:00
A17376,Breitling,MARK,manual_check,3160.0,VERIFIED,2026-08-09
A17376,Breitling,MSRP,watchbase,5700.0,VERIFIED,2026-08-13T12:05:36+00:00
A17376,,MARK,engine_median,2871.36,DERIVED,2026-08-13T12:05:36.604874+00:00
A17376211B1A1,Breitling,MARK,engine_median,5487.0,DERIVED,2026-08-13T12:05:36.604874+00:00
A17376211B1S1,Breitling,MARK,engine_median,465.0,DERIVED,2026-08-13T12:05:36.604874+00:00
A17376211C1S1,Breitling,MARK,engine_median,4340.47,DERIVED,2026-08-13T12:05:36.604874+00:00
A17376211L2A1,,MARK,seed_kb,2850.0,EST,2026-08-13T12:05:36+00:00
A17376211L2S2,Breitling,MARK,engine_median,465.0,DERIVED,2026-08-13T12:05:36.604874+00:00
A17376A31L1A1,Breitling,MARK,engine_median,4469.08,DERIVED,2026-08-13T12:05:36.604874+00:00
A17376A31L1A1,Breitling,MARK,engine_median,5487.0,DERIVED,2026-08-13T22:07:35.994213+00:00
A17376A31L1A1,Breitling,MARK,engine_median,4469.08,DERIVED,2026-08-16T10:01:25.617322+00:00
A17376A31L1A1,Breitling,MARK,engine_median,5487.0,DERIVED,2026-08-17T21:49:35.588367+00:00
A17376A31L1A1,Breitling,MARK,engine_median,4469.08,DERIVED,2026-08-19T21:47:49.086150+00:00
A17376A31L1A1,Breitling,MARK,engine_median,5487.0,DERIVED,2026-08-20T04:37:33.725646+00:00
A17376A31L1A1,Breitling,MARK,engine_median,4469.08,DERIVED,2026-08-21T21:45:15.687735+00:00
A17376A31L1S1,Breitling,MARK,engine_median,5301.0,DERIVED,2026-08-13T12:05:36.604874+00:00
A17377,Breitling,MARK,manual_check,3133.0,VERIFIED,2026-08-09
A17377,Breitling,MARK,engine_median,2158.17,DERIVED,2026-08-14T21:47:56.498486+00:00
A17377211A1A1,Breitling,MARK,engine_median,2999.98,DERIVED,2026-08-13T12:05:36.604874+00:00
A17377211A1S1,Breitling,MARK,engine_median,2999.98,DERIVED,2026-08-13T12:05:36.604874+00:00
A17377211C1A1,Breitling,MARK,engine_median,3986.16,DERIVED,2026-08-13T12:05:36.604874+00:00
A17377211C1A1,Breitling,MARK,engine_median,5440.5,DERIVED,2026-08-13T22:07:35.994213+00:00
A17377211C1A1,Breitling,MARK,engine_median,3986.16,DERIVED,2026-08-16T10:01:25.617322+00:00
A17377211C1A1,Breitling,MARK,engine_median,5440.5,DERIVED,2026-08-17T21:49:35.588367+00:00
A17377211C1A1,Breitling,MARK,engine_median,3986.16,DERIVED,2026-08-19T21:47:49.086150+00:00
A17377211C1A1,Breitling,MARK,engine_median,5440.5,DERIVED,2026-08-20T04:37:33.725646+00:00
A17377211C1A1,Breitling,MARK,engine_median,3986.16,DERIVED,2026-08-21T21:45:15.687735+00:00
A17377211C1S1,Breitling,MARK,engine_median,465.0,DERIVED,2026-08-13T12:05:36.604874+00:00
A17377211O1S1,Breitling,MARK,engine_median,465.0,DERIVED,2026-08-13T12:05:36.604874+00:00
A17378211B1S1,Breitling,MSRP,watchbase,5700.0,VERIFIED,2026-08-13T12:05:36+00:00
A17378211B1S1,Breitling,MARK,engine_median,2786.75,DERIVED,2026-08-13T12:05:36.604874+00:00
A17378E71C1S1,Breitling,MARK,engine_median,5301.0,DERIVED,2026-08-13T12:05:36.604874+00:00
A17388,Breitling,MARK,manual_check,1918.0,VERIFIED,2026-08-09
A17388,,MARK,engine_median,1488.75,DERIVED,2026-08-14T21:47:56.498486+00:00
A17395,Breitling,MARK,manual_check,2671.0,VERIFIED,2026-08-09
A17395,,MARK,engine_median,1818.41,DERIVED,2026-08-14T21:47:56.498486+00:00
A20457,,MARK,engine_median,227.98,DERIVED,2026-08-13T12:05:36.604874+00:00
A22322,,MARK,engine_median,7424.1,DERIVED,2026-08-13T12:05:36.604874+00:00
A23310121G1X1,Breitling,MARK,engine_median,3952.5,DERIVED,2026-08-13T12:05:36.604874+00:00
A23311,Breitling,MARK,manual_check,4517.0,VERIFIED,2026-08-09
A23340,Breitling,MARK,manual_check,3923.0,VERIFIED,2026-08-09
A233801A1C1X1,Breitling,MARK,engine_median,465.0,DERIVED,2026-08-13T12:05:36.604874+00:00
A233802A1L1A1,Breitling,MARK,engine_median,5905.5,DERIVED,2026-08-13T12:05:36.604874+00:00
A233802A1L1X1,Breitling,MARK,engine_median,465.0,DERIVED,2026-08-13T12:05:36.604874+00:00
A233803A1B1A1,Breitling,MARK,engine_median,465.0,DERIVED,2026-08-13T12:05:36.604874+00:00
A24315101B1A1,Breitling,MARK,engine_median,4858.12,DERIVED,2026-08-13T12:05:36.604874+00:00
A24315101B1A1,Breitling,MARK,engine_median,465.0,DERIVED,2026-08-14T21:47:56.498486+00:00
A24315101B1A1,Breitling,MARK,engine_median,4858.12,DERIVED,2026-08-16T10:01:25.617322+00:00
A24315101B1A1,Breitling,MARK,engine_median,465.0,DERIVED,2026-08-18T21:46:17.264769+00:00
A24315101B1A1,Breitling,MARK,engine_median,4858.12,DERIVED,2026-08-19T21:47:49.086150+00:00
A24315101B1A1,Breitling,MARK,engine_median,465.0,DERIVED,2026-08-20T04:37:33.725646+00:00
A24315101B1X1,Breitling,MARK,engine_median,5012.05,DERIVED,2026-08-13T12:05:36.604874+00:00
A24315101B1X2,Breitling,MARK,engine_median,465.0,DERIVED,2026-08-13T12:05:36.604874+00:00
A24315101C1A1,Breitling,MARK,engine_median,4858.12,DERIVED,2026-08-13T12:05:36.604874+00:00
A25363,Breitling,MARK,manual_check,3524.0,VERIFIED,2026-08-09
A32310,Breitling,MARK,manual_check,4004.0,VERIFIED,2026-08-09
A32310171C1P1,Breitling,MARK,engine_median,465.0,DERIVED,2026-08-13T12:05:36.604874+00:00
A32310211G1A1,Breitling,MARK,engine_median,6370.5,DERIVED,2026-08-13T12:05:36.604874+00:00
A32310251B1A1,Breitling,MARK,engine_median,465.0,DERIVED,2026-08-13T12:05:36.604874+00:00
A32310251B1P1,Breitling,MARK,engine_median,5998.5,DERIVED,2026-08-13T12:05:36.604874+00:00
A32320101B1A1,Breitling,MARK,engine_median,5440.5,DERIVED,2026-08-13T12:05:36.604874+00:00
A32320101C1A1,Breitling,MARK,engine_median,5440.5,DERIVED,2026-08-13T12:05:36.604874+00:00
A3239011,Breitling,MARK,engine_median,2674.82,DERIVED,2026-08-13T12:05:36.604874+00:00
A32397101B1A1,,MARK,engine_median,2429.87,DERIVED,2026-08-14T21:47:56.498486+00:00
A32398,Breitling,MARK,manual_check,4160.0,VERIFIED,2026-08-09
A32398,Breitling,MARK,engine_median,4278.0,DERIVED,2026-08-13T12:05:36.604874+00:00
A32398101A1A1,Breitling,MSRP,watchbase,6700.0,VERIFIED,2026-08-13T12:05:36+00:00
A32398101A1A1,Breitling,MARK,engine_median,465.0,DERIVED,2026-08-13T12:05:36.604874+00:00
A32398101B1A1,Breitling,MARK,engine_median,6231.0,DERIVED,2026-08-13T12:05:36.604874+00:00
A32398101C1A1,Breitling,MARK,engine_median,6231.0,DERIVED,2026-08-13T12:05:36.604874+00:00
A32398A11L1A1,Breitling,MARK,engine_median,6231.0,DERIVED,2026-08-13T12:05:36.604874+00:00
A32398B61K1A1,Breitling,MARK,engine_median,6417.0,DERIVED,2026-08-13T12:05:36.604874+00:00
A35340,Breitling,MARK,engine_median,3098.25,DERIVED,2026-08-13T12:05:36.604874+00:00
A39022,Breitling,MARK,engine_median,3390.54,DERIVED,2026-08-13T12:05:36.604874+00:00
A41315,Breitling,MARK,engine_median,3969.26,DERIVED,2026-08-13T12:05:36.604874+00:00
A4136012,,MARK,engine_median,2759.51,DERIVED,2026-08-14T21:47:56.498486+00:00
A68362,,MARK,engine_median,1653.59,DERIVED,2026-08-14T21:47:56.498486+00:00
A71356LA,,MARK,engine_median,2206.56,DERIVED,2026-08-14T21:47:56.498486+00:00
A72310,Breitling,MARK,engine_median,2630.59,DERIVED,2026-08-13T12:05:36.604874+00:00
A73380,,MARK,engine_median,1541.92,DERIVED,2026-08-14T21:47:56.498486+00:00
A7338811,Breitling,MARK,engine_median,1723.52,DERIVED,2026-08-13T12:05:36.604874+00:00
A77310,Breitling,MARK,manual_check,2862.0,VERIFIED,2026-08-09
A77320,Breitling,MARK,manual_check,3136.0,VERIFIED,2026-08-09
A77320D91K1A1,Breitling,MARK,engine_median,4836.0,DERIVED,2026-08-13T12:05:36.604874+00:00
AB011012,Breitling,MARK,engine_median,2455.22,DERIVED,2026-08-13T12:05:36.604874+00:00
AB01181A1Q1X2,,MARK,engine_median,5136.51,DERIVED,2026-08-13T22:07:35.994213+00:00
AB0118221C1P1,Breitling,MARK,engine_median,7328.4,DERIVED,2026-08-13T12:05:36.604874+00:00
AB0134101B2A1,,MARK,engine_median,4339.65,DERIVED,2026-08-13T12:05:36.604874+00:00
AB0134101B3A1,Breitling,MARK,engine_median,4676.6,DERIVED,2026-08-13T12:05:36.604874+00:00
AB0134101C1A1,Breitling,MARK,engine_median,8974.5,DERIVED,2026-08-13T12:05:36.604874+00:00
AB0134101C1S1,Breitling,MARK,engine_median,465.0,DERIVED,2026-08-13T12:05:36.604874+00:00
AB0134101G1A1,Breitling,MARK,engine_median,8974.5,DERIVED,2026-08-13T12:05:36.604874+00:00
AB0134101G1S2,Breitling,MARK,engine_median,8649.0,DERIVED,2026-08-13T12:05:36.604874+00:00
AB0134101K1S1,Breitling,MARK,engine_median,8649.0,DERIVED,2026-08-13T12:05:36.604874+00:00
AB0134101L2S1,Breitling,MARK,engine_median,465.0,DERIVED,2026-08-13T12:05:36.604874+00:00
AB01342B1B1A1,Breitling,MARK,engine_median,8928.0,DERIVED,2026-08-13T12:05:36.604874+00:00
AB01342B1B1S1,Breitling,MARK,engine_median,8556.0,DERIVED,2026-08-13T12:05:36.604874+00:00
AB01342B1C1S1,Breitling,MARK,engine_median,8556.0,DERIVED,2026-08-13T12:05:36.604874+00:00
AB01342B1C4S1,Breitling,MARK,engine_median,8556.0,DERIVED,2026-08-13T12:05:36.604874+00:00
AB01342B1C7S1,Breitling,MARK,engine_median,8556.0,DERIVED,2026-08-13T12:05:36.604874+00:00
AB01342B1CCA1,Breitling,MARK,engine_median,8928.0,DERIVED,2026-08-13T12:05:36.604874+00:00
AB01342B1K1A1,Breitling,MARK,engine_median,8928.0,DERIVED,2026-08-13T12:05:36.604874+00:00
AB01342B1K1S1,Breitling,MARK,engine_median,8556.0,DERIVED,2026-08-13T12:05:36.604874+00:00
AB01342B1K5A1,Breitling,MARK,engine_median,8928.0,DERIVED,2026-08-13T12:05:36.604874+00:00
AB01342B1K5S1,Breitling,MARK,engine_median,8556.0,DERIVED,2026-08-13T12:05:36.604874+00:00
AB01342B1L1A1,Breitling,MARK,engine_median,8928.0,DERIVED,2026-08-13T12:05:36.604874+00:00
AB01342B1L2A1,Breitling,MARK,engine_median,8928.0,DERIVED,2026-08-13T12:05:36.604874+00:00
AB01342B1L3S1,Breitling,MARK,engine_median,8556.0,DERIVED,2026-08-13T12:05:36.604874+00:00
AB01342B1L4S1,Breitling,MARK,engine_median,8556.0,DERIVED,2026-08-13T12:05:36.604874+00:00
AB01342B1L5S1,Breitling,MARK,engine_median,8556.0,DERIVED,2026-08-13T12:05:36.604874+00:00
AB0136,Breitling,MARK,manual_check,5305.0,VERIFIED,2026-08-09
AB0136161C1A1,Breitling,MARK,engine_median,465.0,DERIVED,2026-08-13T12:05:36.604874+00:00
AB0136161C1S1,Breitling,MARK,engine_median,9904.5,DERIVED,2026-08-13T12:05:36.604874+00:00
AB01361C1K1A1,Breitling,MARK,engine_median,930.0,DERIVED,2026-08-13T12:05:36.604874+00:00
AB0136251B1A1,Breitling,MARK,engine_median,10276.5,DERIVED,2026-08-13T12:05:36.604874+00:00
AB0136251B1A2,Breitling,MARK,engine_median,6230.07,DERIVED,2026-08-13T12:05:36.604874+00:00
AB0136251B1S1,Breitling,MARK,engine_median,465.0,DERIVED,2026-08-13T12:05:36.604874+00:00
AB0137,Breitling,MARK,manual_check,6013.0,VERIFIED,2026-08-09
AB0137211B1A1,Breitling,MARK,engine_median,9951.0,DERIVED,2026-08-13T12:05:36.604874+00:00
AB0137211B1P1,Breitling,MARK,engine_median,9579.0,DERIVED,2026-08-13T12:05:36.604874+00:00
AB0137211C1P1,Breitling,MARK,engine_median,465.0,DERIVED,2026-08-13T12:05:36.604874+00:00
AB0137241L1A1,Breitling,MARK,engine_median,465.0,DERIVED,2026-08-13T12:05:36.604874+00:00
AB0138,Breitling,MARK,manual_check,6176.0,VERIFIED,2026-08-09
AB01381E1G1P1,Breitling,MARK,engine_median,8183.07,DERIVED,2026-08-21T21:45:15.687735+00:00
AB0138211B1P1,Breitling,MARK,engine_median,465.0,DERIVED,2026-08-13T12:05:36.604874+00:00
AB0138241C1P1,Breitling,MARK,engine_median,9579.0,DERIVED,2026-08-13T12:05:36.604874+00:00
AB0138241G1A1,Breitling,MARK,engine_median,465.0,DERIVED,2026-08-13T12:05:36.604874+00:00
AB0138241K1A1,Breitling,MARK,engine_median,465.0,DERIVED,2026-08-13T12:05:36.604874+00:00
AB0139,Breitling,MARK,manual_check,6405.0,VERIFIED,2026-08-09
AB0139211B1A1,Breitling,MARK,engine_median,9951.0,DERIVED,2026-08-13T12:05:36.604874+00:00
AB0139211B1P1,Breitling,MARK,engine_median,9579.0,DERIVED,2026-08-13T12:05:36.604874+00:00
AB0139211G1A1,Breitling,MARK,engine_median,465.0,DERIVED,2026-08-13T12:05:36.604874+00:00
AB0139211G1P1,Breitling,MARK,engine_median,9579.0,DERIVED,2026-08-13T12:05:36.604874+00:00
AB0139211L1A1,Breitling,MARK,engine_median,465.0,DERIVED,2026-08-13T12:05:36.604874+00:00
AB0139211L1P1,Breitling,MARK,engine_median,9579.0,DERIVED,2026-08-13T12:05:36.604874+00:00
AB0139241C1A1,Breitling,MARK,engine_median,9951.0,DERIVED,2026-08-13T12:05:36.604874+00:00
AB0145,Breitling,MARK,manual_check,5451.0,VERIFIED,2026-08-09
AB0145171C1P1,Breitling,MARK,engine_median,465.0,DERIVED,2026-08-13T12:05:36.604874+00:00
AB0145211G1P1,Breitling,MARK,engine_median,465.0,DERIVED,2026-08-13T12:05:36.604874+00:00
AB0145221B1P1,Breitling,MARK,engine_median,9067.5,DERIVED,2026-08-13T12:05:36.604874+00:00
AB0146101B1A1,Breitling,MARK,engine_median,4259.31,DERIVED,2026-08-13T12:05:36.604874+00:00
AB0146101B1A1,Breitling,MARK,engine_median,6975.0,DERIVED,2026-08-14T21:47:56.498486+00:00
AB0146101B1A1,Breitling,MARK,engine_median,4259.31,DERIVED,2026-08-16T10:01:25.617322+00:00
AB0146101B1A1,Breitling,MARK,engine_median,6975.0,DERIVED,2026-08-20T04:37:33.725646+00:00
AB0146101B1A1,Breitling,MARK,engine_median,4259.31,DERIVED,2026-08-21T21:45:15.687735+00:00
AB0146101B1X1,Breitling,MARK,engine_median,6649.5,DERIVED,2026-08-13T12:05:36.604874+00:00
AB0146101C1X1,Breitling,MARK,engine_median,6649.5,DERIVED,2026-08-13T12:05:36.604874+00:00
AB0147,Breitling,MARK,manual_check,4363.0,VERIFIED,2026-08-09
AB0147101A1A1,Breitling,MSRP,watchbase,7450.0,VERIFIED,2026-08-13T12:05:36+00:00
AB0147101A1A1,Breitling,MARK,engine_median,3905.92,DERIVED,2026-08-13T12:05:36.604874+00:00
AB0147101A1X1,Breitling,MARK,manual_check,4345.0,EST,2026-07
AB0147101A1X1,Breitling,MSRP,watchbase,7150.0,VERIFIED,2026-08-13T12:05:36+00:00
AB0147101A1X1,Breitling,MARK,engine_median,6649.5,DERIVED,2026-08-13T12:05:36.604874+00:00
AB0147101B1A1,Breitling,MSRP,watchbase,7450.0,VERIFIED,2026-08-13T12:05:36+00:00
AB0147101B1A1,Breitling,MARK,engine_median,4185.71,DERIVED,2026-08-13T12:05:36.604874+00:00
AB0147101B1X1,Breitling,MSRP,watchbase,7150.0,VERIFIED,2026-08-13T12:05:36+00:00
AB0147101B1X1,Breitling,MARK,engine_median,3793.99,DERIVED,2026-08-13T12:05:36.604874+00:00
AB0147101C1X1,Breitling,MARK,engine_median,465.0,DERIVED,2026-08-13T12:05:36.604874+00:00
AB0147101L1A1,Breitling,MSRP,watchbase,7450.0,VERIFIED,2026-08-13T12:05:36+00:00
AB0147101L1A1,Breitling,MARK,engine_median,6928.5,DERIVED,2026-08-13T12:05:36.604874+00:00
AB0147101L1X1,Breitling,MSRP,watchbase,7150.0,VERIFIED,2026-08-13T12:05:36+00:00
AB0147101L1X1,Breitling,MARK,engine_median,3793.99,DERIVED,2026-08-13T12:05:36.604874+00:00
AB0156161C1A1,Breitling,MARK,engine_median,8928.0,DERIVED,2026-08-13T12:05:36.604874+00:00
AB0156361L1A1,Breitling,MARK,engine_median,8928.0,DERIVED,2026-08-13T12:05:36.604874+00:00
AB0158101A1A1,Breitling,MARK,engine_median,9207.0,DERIVED,2026-08-13T12:05:36.604874+00:00
AB0158101C1A1,Breitling,MARK,engine_median,6267.36,DERIVED,2026-08-13T12:05:36.604874+00:00
AB0158101L1A1,Breitling,MARK,engine_median,930.0,DERIVED,2026-08-13T12:05:36.604874+00:00
AB0162121G1S1,,MARK,seed_kb,3600.0,EST,2026-08-13T12:05:36+00:00
AB0162121G1S1,,MARK,engine_median,3360.79,DERIVED,2026-08-13T12:05:36.604874+00:00
AB0176,Breitling,MARK,manual_check,4516.0,VERIFIED,2026-08-09
AB01761A1K1X1,Breitling,MARK,engine_median,7114.5,DERIVED,2026-08-13T12:05:36.604874+00:00
AB01762A1L1X1,Breitling,MARK,engine_median,7114.5,DERIVED,2026-08-13T12:05:36.604874+00:00
AB01763A1C1A1,Breitling,MARK,engine_median,4465.5,DERIVED,2026-08-13T12:05:36.604874+00:00
AB01764A1C1X1,Breitling,MARK,engine_median,7114.5,DERIVED,2026-08-13T12:05:36.604874+00:00
AB01765A1B1X1,Breitling,MARK,engine_median,7114.5,DERIVED,2026-08-13T12:05:36.604874+00:00
AB01766A1A1X1,Breitling,MARK,engine_median,7114.5,DERIVED,2026-08-13T12:05:36.604874+00:00
AB01767A1C1X1,Breitling,MARK,engine_median,7486.5,DERIVED,2026-08-13T12:05:36.604874+00:00
AB01768A1A1X1,Breitling,MARK,engine_median,7486.5,DERIVED,2026-08-13T12:05:36.604874+00:00
AB01771A1B1X1,Breitling,MARK,engine_median,465.0,DERIVED,2026-08-13T12:05:36.604874+00:00
AB01771A1L1X1,Breitling,MARK,engine_median,7486.5,DERIVED,2026-08-13T12:05:36.604874+00:00
AB01772A1G1X1,Breitling,MARK,engine_median,7486.5,DERIVED,2026-08-13T12:05:36.604874+00:00
AB01774A1B1X1,Breitling,MARK,engine_median,7337.0,DERIVED,2026-08-13T12:05:36.604874+00:00
AB04451A1C1A1,Breitling,MARK,engine_median,465.0,DERIVED,2026-08-13T12:05:36.604874+00:00
AB04451A1C1X1,Breitling,MARK,engine_median,10509.0,DERIVED,2026-08-13T12:05:36.604874+00:00
AB04452A1L1A1,Breitling,MARK,engine_median,465.0,DERIVED,2026-08-13T12:05:36.604874+00:00
AB04453A1B1A1,Breitling,MARK,engine_median,465.0,DERIVED,2026-08-13T12:05:36.604874+00:00
AB0920,Breitling,MARK,manual_check,5036.0,VERIFIED,2026-08-09
AB1510,Breitling,MARK,manual_check,6753.0,VERIFIED,2026-08-09
AB2010161C1A1,Breitling,MARK,engine_median,3276.8,DERIVED,2026-08-21T21:45:15.687735+00:00
AB2010161C1S1,Breitling,MSRP,watchbase,5800.0,VERIFIED,2026-08-13T12:05:36+00:00
AB2010161C1S1,Breitling,MARK,engine_median,2506.95,DERIVED,2026-08-13T12:05:36.604874+00:00
AB2020121B1S1,Breitling,MSRP,watchbase,5400.0,VERIFIED,2026-08-13T12:05:36+00:00
AB2020121B1S1,Breitling,MARK,engine_median,2450.99,DERIVED,2026-08-13T12:05:36.604874+00:00
AB2020121L1A1,Breitling,MSRP,watchbase,5150.0,VERIFIED,2026-08-13T12:05:36+00:00
AB2020121L1A1,Breitling,MARK,engine_median,2730.78,DERIVED,2026-08-13T12:05:36.604874+00:00
AB202016,Breitling,MARK,engine_median,3813.0,DERIVED,2026-08-13T12:05:36.604874+00:00
AB2020161C1A1,Breitling,MSRP,watchbase,5150.0,VERIFIED,2026-08-13T12:05:36+00:00
AB2020161C1A1,Breitling,MARK,engine_median,2436.31,DERIVED,2026-08-13T12:05:36.604874+00:00
AB2020161C1S1,TAG Heuer,MARK,engine_median,2536.2,DERIVED,2026-08-14T21:47:56.498486+00:00
AB2510,Breitling,MARK,manual_check,8286.0,VERIFIED,2026-08-09
AB3110241B1A1,Breitling,MARK,engine_median,6324.0,DERIVED,2026-08-13T12:05:36.604874+00:00
AB3110241B1S1,Breitling,MARK,engine_median,6045.0,DERIVED,2026-08-13T12:05:36.604874+00:00
AB3110361L1A1,Breitling,MARK,engine_median,6324.0,DERIVED,2026-08-13T12:05:36.604874+00:00
AB3110361L1S1,Breitling,MARK,engine_median,6045.0,DERIVED,2026-08-13T12:05:36.604874+00:00
AB3111161C1S1,Breitling,MARK,engine_median,6045.0,DERIVED,2026-08-13T12:05:36.604874+00:00
AB3111241B1A1,Breitling,MARK,engine_median,6324.0,DERIVED,2026-08-13T12:05:36.604874+00:00
AB3111241B1S1,Breitling,MARK,engine_median,6045.0,DERIVED,2026-08-13T12:05:36.604874+00:00
AB3111361L1S1,Breitling,MARK,engine_median,6045.0,DERIVED,2026-08-13T12:05:36.604874+00:00
AB3112241B1S1,Breitling,MSRP,watchbase,6500.0,VERIFIED,2026-08-13T12:05:36+00:00
AB3112241B1S1,Breitling,MARK,engine_median,4073.78,DERIVED,2026-08-13T12:05:36.604874+00:00
AB3112361L1A1,Breitling,MARK,engine_median,4352.9,DERIVED,2026-08-13T12:05:36.604874+00:00
AB3113171L1A1,Breitling,MARK,engine_median,465.0,DERIVED,2026-08-13T12:05:36.604874+00:00
AB3113171L1X1,Breitling,MARK,engine_median,465.0,DERIVED,2026-08-13T12:05:36.604874+00:00
AB3114101C1A1,Breitling,MSRP,watchbase,7200.0,VERIFIED,2026-08-13T12:05:36+00:00
AB3114101C1A1,Breitling,MARK,engine_median,4308.81,DERIVED,2026-08-13T12:05:36.604874+00:00
B52345,,MARK,engine_median,2206.56,DERIVED,2026-08-14T21:47:56.498486+00:00
BAL750,Grand Seiko,MARK,engine_median,29.82,DERIVED,2026-08-13T12:05:36.604874+00:00
BAL751,Grand Seiko,MARK,engine_median,29.82,DERIVED,2026-08-13T12:05:36.604874+00:00
BAL756,Grand Seiko,MARK,engine_median,29.82,DERIVED,2026-08-13T12:05:36.604874+00:00
BAL758,Grand Seiko,MARK,engine_median,29.82,DERIVED,2026-08-13T12:05:36.604874+00:00
BAM155,Grand Seiko,MARK,engine_median,23.38,DERIVED,2026-08-13T12:05:36.604874+00:00
BAM156,Grand Seiko,MARK,engine_median,32.74,DERIVED,2026-08-13T12:05:36.604874+00:00
BAM161,Grand Seiko,MARK,engine_median,39.16,DERIVED,2026-08-13T12:05:36.604874+00:00
BAM162,Grand Seiko,MARK,engine_median,47.35,DERIVED,2026-08-13T12:05:36.604874+00:00
BAM163,Grand Seiko,MARK,engine_median,23.38,DERIVED,2026-08-13T12:05:36.604874+00:00
BAR697,Grand Seiko,MARK,engine_median,29.82,DERIVED,2026-08-13T12:05:36.604874+00:00
BAR698,Grand Seiko,MARK,engine_median,60.79,DERIVED,2026-08-13T12:05:36.604874+00:00
BB38BSLDCHN,Bulgari,MSRP,watchbase,7500.0,VERIFIED,2026-08-13T12:05:36+00:00
BB38BSSDCH,Bulgari,MSRP,watchbase,8400.0,VERIFIED,2026-08-13T12:05:36+00:00
BB38WSSDCHN,Bulgari,MSRP,watchbase,8400.0,VERIFIED,2026-08-13T12:05:36+00:00
BB42BSLDCH,Bulgari,MSRP,watchbase,7700.0,VERIFIED,2026-08-13T12:05:36+00:00
BB42WSLDCH,Bulgari,MSRP,watchbase,7700.0,VERIFIED,2026-08-13T12:05:36+00:00
CX36SCDTFLASHACACBR,Franck Muller,MSRP,watchbase,14100.0,VERIFIED,2026-08-13T12:05:36+00:00
DG42C6SCVD,Bulgari,MSRP,watchbase,7000.0,VERIFIED,2026-08-13T12:05:36+00:00
E10379351B1E1,Breitling,MARK,engine_median,5708.79,DERIVED,2026-08-13T12:05:36.604874+00:00
E10379351B1E1,Breitling,MARK,engine_median,7068.0,DERIVED,2026-08-13T22:07:35.994213+00:00
E10379351B1E1,Breitling,MARK,engine_median,5708.79,DERIVED,2026-08-16T10:01:25.617322+00:00
E10379351B1E1,Breitling,MARK,engine_median,7068.0,DERIVED,2026-08-17T21:49:35.588367+00:00
E10379351B1E1,Breitling,MARK,engine_median,5708.79,DERIVED,2026-08-19T21:47:49.086150+00:00
E10379351B1E1,Breitling,MARK,engine_median,7068.0,DERIVED,2026-08-20T04:37:33.725646+00:00
E10379351B1E1,Breitling,MARK,engine_median,5708.79,DERIVED,2026-08-21T21:45:15.687735+00:00
E10379351B1S1,Breitling,MARK,engine_median,465.0,DERIVED,2026-08-13T12:05:36.604874+00:00
E10379D31L1E1,Breitling,MARK,engine_median,465.0,DERIVED,2026-08-13T12:05:36.604874+00:00
E10379D31L1S1,Breitling,MSRP,watchbase,6900.0,VERIFIED,2026-08-13T12:05:36+00:00
E10379D31L1S1,Breitling,MARK,engine_median,3402.28,DERIVED,2026-08-13T12:05:36.604874+00:00
E17369241,Breitling,MARK,engine_median,4185.0,DERIVED,2026-08-13T12:05:36.604874+00:00
E7336009,Breitling,MARK,engine_median,2510.07,DERIVED,2026-08-14T21:47:56.498486+00:00
E79363,Breitling,MARK,manual_check,2928.0,VERIFIED,2026-08-09
E823106A1B7S1,Breitling,MARK,engine_median,4278.0,DERIVED,2026-08-13T12:05:36.604874+00:00
EB0134101M1E1,Breitling,MARK,engine_median,12369.0,DERIVED,2026-08-13T12:05:36.604874+00:00
EB0136,Breitling,MARK,manual_check,7449.0,VERIFIED,2026-08-09
EB0136251M1E1,Breitling,MSRP,watchbase,13400.0,VERIFIED,2026-08-13T12:05:36+00:00
EB0136251M1E1,Breitling,MARK,engine_median,8281.87,DERIVED,2026-08-13T12:05:36.604874+00:00
EB0136251M1S1,Breitling,MSRP,watchbase,11900.0,VERIFIED,2026-08-13T12:05:36+00:00
EB0136251M1S1,Breitling,MARK,engine_median,6099.49,DERIVED,2026-08-13T12:05:36.604874+00:00
EB01381A1B1X1,Breitling,MARK,engine_median,10695.0,DERIVED,2026-08-13T12:05:36.604874+00:00
EB0148101C1E1,Breitling,MSRP,watchbase,10200.0,VERIFIED,2026-08-13T12:05:36+00:00
EB0148101C1E1,Breitling,MARK,engine_median,4801.25,DERIVED,2026-08-13T12:05:36.604874+00:00
EB7010,Breitling,MARK,manual_check,3599.0,VERIFIED,2026-08-09
G10380591C1G1,Breitling,MARK,engine_median,6579.89,DERIVED,2026-08-13T12:05:36.604874+00:00
G10380591C1S1,Breitling,MARK,engine_median,11718.0,DERIVED,2026-08-13T12:05:36.604874+00:00
G10380BB1K1G1,Breitling,MARK,engine_median,7795.5,DERIVED,2026-08-13T12:05:36.604874+00:00
GBB0030,Cartier,MARK,manual_check,9766.0,VERIFIED,2026-08-09
GBB0036,Cartier,MARK,manual_check,10733.0,VERIFIED,2026-08-09
GBL0005,Cartier,MARK,manual_check,6067.0,VERIFIED,2026-08-09
GSA0019,Cartier,MARK,manual_check,16470.0,VERIFIED,2026-08-09
GSA0021,Cartier,MARK,manual_check,9894.0,VERIFIED,2026-08-09
GSA0028,Cartier,MARK,manual_check,13436.0,VERIFIED,2026-08-09
GSA0029,Cartier,MARK,manual_check,29371.0,VERIFIED,2026-08-09
GTA0010,Cartier,MARK,manual_check,9823.0,VERIFIED,2026-08-09
GTA0011,Cartier,MARK,manual_check,11636.0,VERIFIED,2026-08-09
GTA0357,Cartier,MARK,manual_check,13224.0,VERIFIED,2026-08-09
H37511131,,MARK,engine_median,390.11,DERIVED,2026-08-13T12:05:36.604874+00:00
H64475160,,MARK,engine_median,700.9,DERIVED,2026-08-13T12:05:36.604874+00:00
H77785733,,MARK,engine_median,884.14,DERIVED,2026-08-13T12:05:36.604874+00:00
HAB001,Grand Seiko,MARK,engine_median,2511.0,DERIVED,2026-08-13T12:05:36.604874+00:00
HAB001J,Grand Seiko,MARK,engine_median,1787.9,DERIVED,2026-08-13T12:05:36.604874+00:00
HAB002,Grand Seiko,MARK,engine_median,2511.0,DERIVED,2026-08-13T12:05:36.604874+00:00
HAB002J,Grand Seiko,MARK,engine_median,1787.9,DERIVED,2026-08-13T12:05:36.604874+00:00
HAB003,Grand Seiko,MARK,engine_median,2418.0,DERIVED,2026-08-13T12:05:36.604874+00:00
HAB003J,Grand Seiko,MARK,engine_median,1724.04,DERIVED,2026-08-13T12:05:36.604874+00:00
HAB004,Grand Seiko,MARK,engine_median,2697.0,DERIVED,2026-08-15T21:41:53.174601+00:00
HAB004J,Grand Seiko,MARK,engine_median,1870.17,DERIVED,2026-08-13T12:05:36.604874+00:00
HAB005,Grand Seiko,MARK,engine_median,2697.0,DERIVED,2026-08-13T12:05:36.604874+00:00
HAB005J,Grand Seiko,MARK,engine_median,1870.17,DERIVED,2026-08-13T12:05:36.604874+00:00
HAB006,Grand Seiko,MARK,engine_median,2697.0,DERIVED,2026-08-13T12:05:36.604874+00:00
HAB006J,Grand Seiko,MARK,engine_median,2077.97,DERIVED,2026-08-13T12:05:36.604874+00:00
HAB011,Grand Seiko,MARK,engine_median,2697.0,DERIVED,2026-08-13T12:05:36.604874+00:00
HAB011J,Grand Seiko,MARK,engine_median,1871.12,DERIVED,2026-08-15T21:41:53.174601+00:00
HAC002J,Grand Seiko,MARK,engine_median,738.65,DERIVED,2026-08-13T12:05:36.604874+00:00
HAC003J,Grand Seiko,MARK,engine_median,1091.66,DERIVED,2026-08-13T12:05:36.604874+00:00
HAD001J,Grand Seiko,MARK,engine_median,787.68,DERIVED,2026-08-13T12:05:36.604874+00:00
HAD003J,Grand Seiko,MARK,engine_median,1164.43,DERIVED,2026-08-13T12:05:36.604874+00:00
HBB001J,Grand Seiko,MARK,engine_median,510.04,DERIVED,2026-08-13T12:05:36.604874+00:00
HBB002,Grand Seiko,MARK,engine_median,697.5,DERIVED,2026-08-13T12:05:36.604874+00:00
HBB002J,Grand Seiko,MARK,engine_median,649.42,DERIVED,2026-08-13T12:05:36.604874+00:00
HBC001,Grand Seiko,MARK,engine_median,1581.0,DERIVED,2026-08-13T12:05:36.604874+00:00
HBC001J,Grand Seiko,MARK,engine_median,1436.7,DERIVED,2026-08-13T12:05:36.604874+00:00
HBC002,Grand Seiko,MARK,engine_median,1581.0,DERIVED,2026-08-13T12:05:36.604874+00:00
HBC002J,Grand Seiko,MARK,engine_median,1436.7,DERIVED,2026-08-13T12:05:36.604874+00:00
HBC005,Grand Seiko,MARK,engine_median,1302.0,DERIVED,2026-08-13T12:05:36.604874+00:00
HBC005J,Grand Seiko,MARK,engine_median,1146.24,DERIVED,2026-08-13T12:05:36.604874+00:00
HBC006,Grand Seiko,MARK,engine_median,837.0,DERIVED,2026-08-13T12:05:36.604874+00:00
HBC006J,Grand Seiko,MARK,engine_median,788.97,DERIVED,2026-08-15T21:41:53.174601+00:00
HBC007,Grand Seiko,MARK,engine_median,1069.5,DERIVED,2026-08-13T12:05:36.604874+00:00
HBC008J,Grand Seiko,MARK,engine_median,1026.15,DERIVED,2026-08-13T12:05:36.604874+00:00
HBC009J,Grand Seiko,MARK,engine_median,1026.15,DERIVED,2026-08-13T12:05:36.604874+00:00
HBF001,Grand Seiko,MARK,engine_median,3348.0,DERIVED,2026-08-13T12:05:36.604874+00:00
HBJ005,Grand Seiko,MARK,engine_median,697.5,DERIVED,2026-08-13T12:05:36.604874+00:00
HBJ005P,Grand Seiko,MARK,engine_median,669.64,DERIVED,2026-08-15T21:41:53.174601+00:00
HCB001,Grand Seiko,MARK,engine_median,441.75,DERIVED,2026-08-13T12:05:36.604874+00:00
HCB001J,Grand Seiko,MARK,engine_median,333.44,DERIVED,2026-08-13T12:05:36.604874+00:00
HCB002,Grand Seiko,MARK,engine_median,441.75,DERIVED,2026-08-13T12:05:36.604874+00:00
HCB002J,Grand Seiko,MARK,engine_median,333.44,DERIVED,2026-08-13T12:05:36.604874+00:00
HCB003,Grand Seiko,MARK,engine_median,441.75,DERIVED,2026-08-13T12:05:36.604874+00:00
HCB003J,Grand Seiko,MARK,engine_median,333.44,DERIVED,2026-08-13T12:05:36.604874+00:00
HCB006,Grand Seiko,MARK,engine_median,581.25,DERIVED,2026-08-13T12:05:36.604874+00:00
HCB006J,Grand Seiko,MARK,engine_median,490.16,DERIVED,2026-08-15T21:41:53.174601+00:00
HCC001,Grand Seiko,MARK,engine_median,883.5,DERIVED,2026-08-13T12:05:36.604874+00:00
HCC001J,Grand Seiko,MARK,engine_median,883.57,DERIVED,2026-08-13T12:05:36.604874+00:00
HCC002,Grand Seiko,MARK,engine_median,883.5,DERIVED,2026-08-13T12:05:36.604874+00:00
HCC002J,Grand Seiko,MARK,engine_median,883.57,DERIVED,2026-08-13T12:05:36.604874+00:00
HCC003,Grand Seiko,MARK,engine_median,883.5,DERIVED,2026-08-13T12:05:36.604874+00:00
HCC003J,Grand Seiko,MARK,engine_median,868.83,DERIVED,2026-08-13T12:05:36.604874+00:00
HCC005,Grand Seiko,MARK,engine_median,1302.0,DERIVED,2026-08-14T21:47:56.498486+00:00
HCC005J,Grand Seiko,MARK,engine_median,1068.18,DERIVED,2026-08-16T21:41:16.998484+00:00
HCC006,Grand Seiko,MARK,engine_median,1534.5,DERIVED,2026-08-14T21:47:56.498486+00:00
HCC006J,Grand Seiko,MARK,engine_median,1245.11,DERIVED,2026-08-16T21:41:16.998484+00:00
HCC007,Grand Seiko,MARK,engine_median,1581.0,DERIVED,2026-08-13T12:05:36.604874+00:00
HCC007J,Grand Seiko,MARK,engine_median,1404.77,DERIVED,2026-08-13T12:05:36.604874+00:00
HDB001,Grand Seiko,MARK,engine_median,418.5,DERIVED,2026-08-13T12:05:36.604874+00:00
HDB001J,Grand Seiko,MARK,engine_median,301.17,DERIVED,2026-08-13T12:05:36.604874+00:00
HDB002,Grand Seiko,MARK,engine_median,418.5,DERIVED,2026-08-13T12:05:36.604874+00:00
HDB002J,Grand Seiko,MARK,engine_median,301.17,DERIVED,2026-08-13T12:05:36.604874+00:00
HDB003,Grand Seiko,MARK,engine_median,418.5,DERIVED,2026-08-13T12:05:36.604874+00:00
HDB003J,Grand Seiko,MARK,engine_median,431.84,DERIVED,2026-08-13T22:07:35.994213+00:00
HDB006,Grand Seiko,MARK,engine_median,372.0,DERIVED,2026-08-13T12:05:36.604874+00:00
HDB006J,Grand Seiko,MARK,engine_median,278.14,DERIVED,2026-08-13T12:05:36.604874+00:00
HDB007,Grand Seiko,MARK,engine_median,372.0,DERIVED,2026-08-13T12:05:36.604874+00:00
HDB007J,Grand Seiko,MARK,engine_median,278.14,DERIVED,2026-08-13T12:05:36.604874+00:00
HDB008,Grand Seiko,MARK,engine_median,358.05,DERIVED,2026-08-13T12:05:36.604874+00:00
HDB008J,Grand Seiko,MARK,engine_median,357.75,DERIVED,2026-08-13T12:05:36.604874+00:00
HDB009,Grand Seiko,MARK,engine_median,358.05,DERIVED,2026-08-13T12:05:36.604874+00:00
HDB009J,Grand Seiko,MARK,engine_median,261.79,DERIVED,2026-08-13T12:05:36.604874+00:00
HDB011,Grand Seiko,MARK,engine_median,427.8,DERIVED,2026-08-21T21:45:15.687735+00:00
HDB012,Grand Seiko,MARK,engine_median,465.0,DERIVED,2026-08-13T12:05:36.604874+00:00
HEA001J,Grand Seiko,MARK,engine_median,332.87,DERIVED,2026-08-13T12:05:36.604874+00:00
HEA002J,Grand Seiko,MARK,engine_median,348.97,DERIVED,2026-08-13T12:05:36.604874+00:00
HEA003J,Grand Seiko,MARK,engine_median,472.46,DERIVED,2026-08-13T12:05:36.604874+00:00
HEA004J,Grand Seiko,MARK,engine_median,472.46,DERIVED,2026-08-13T12:05:36.604874+00:00
HEC001J,Grand Seiko,MARK,engine_median,391.93,DERIVED,2026-08-13T12:05:36.604874+00:00
HFB001J,Grand Seiko,MARK,engine_median,190.98,DERIVED,2026-08-13T12:05:36.604874+00:00
HFB002J,Grand Seiko,MARK,engine_median,190.98,DERIVED,2026-08-13T12:05:36.604874+00:00
HFB003J,Grand Seiko,MARK,engine_median,192.84,DERIVED,2026-08-13T12:05:36.604874+00:00
HFB004J,Grand Seiko,MARK,engine_median,201.22,DERIVED,2026-08-13T12:05:36.604874+00:00
HFB007J,Grand Seiko,MARK,engine_median,192.84,DERIVED,2026-08-13T12:05:36.604874+00:00
HFB008J,Grand Seiko,MARK,engine_median,192.84,DERIVED,2026-08-13T12:05:36.604874+00:00
HFB009J,Grand Seiko,MARK,engine_median,201.79,DERIVED,2026-08-13T12:05:36.604874+00:00
HFB010J,Grand Seiko,MARK,engine_median,201.22,DERIVED,2026-08-13T12:05:36.604874+00:00
HFE001J,Grand Seiko,MARK,engine_median,234.52,DERIVED,2026-08-13T12:05:36.604874+00:00
HFE002J,Grand Seiko,MARK,engine_median,250.88,DERIVED,2026-08-13T12:05:36.604874+00:00
HFE003J,Grand Seiko,MARK,engine_median,234.52,DERIVED,2026-08-13T12:05:36.604874+00:00
HFE004J,Grand Seiko,MARK,engine_median,250.88,DERIVED,2026-08-13T12:05:36.604874+00:00
HFH001P,Grand Seiko,MARK,engine_median,154.26,DERIVED,2026-08-13T12:05:36.604874+00:00
HFH002P,Grand Seiko,MARK,engine_median,176.3,DERIVED,2026-08-13T12:05:36.604874+00:00
HFL001P,Grand Seiko,MARK,engine_median,566.71,DERIVED,2026-08-13T12:05:36.604874+00:00
HFL002,Grand Seiko,MARK,engine_median,511.5,DERIVED,2026-08-13T12:05:36.604874+00:00
HFL002P,Grand Seiko,MARK,engine_median,354.95,DERIVED,2026-08-13T12:05:36.604874+00:00
HFL003,Grand Seiko,MARK,engine_median,544.05,DERIVED,2026-08-13T12:05:36.604874+00:00
HFL003P,Grand Seiko,MARK,engine_median,376.46,DERIVED,2026-08-13T12:05:36.604874+00:00
HKF001,Grand Seiko,MARK,engine_median,3580.5,DERIVED,2026-08-13T12:05:36.604874+00:00
HKF002,Grand Seiko,MARK,engine_median,3580.5,DERIVED,2026-08-13T12:05:36.604874+00:00
HKF003,Grand Seiko,MARK,engine_median,3580.5,DERIVED,2026-08-13T12:05:36.604874+00:00
HSA0015,Cartier,MARK,manual_check,20846.0,VERIFIED,2026-08-09
HSA0016,Cartier,MARK,manual_check,43529.0,VERIFIED,2026-08-09
I19320251B1S1,Breitling,MARK,engine_median,465.0,DERIVED,2026-08-13T12:05:36.604874+00:00
IW323603,IWC,MARK,engine_median,3415.16,DERIVED,2026-08-13T12:05:36.604874+00:00
IW323902,IWC,MARK,engine_median,5260.4,DERIVED,2026-08-20T19:55:02.750956+00:00
IW326504,IWC,MARK,engine_median,2385.07,DERIVED,2026-08-13T12:05:36.604874+00:00
IW326802,,MARK,seed_kb,3500.0,EST,2026-08-13T12:05:36+00:00
IW326802,IWC,MARK,engine_median,3034.51,DERIVED,2026-08-13T12:05:36.604874+00:00
IW326906,IWC,MARK,engine_median,5726.53,DERIVED,2026-08-13T12:05:36.604874+00:00
IW327004,IWC,MARK,engine_median,2759.51,DERIVED,2026-08-14T21:47:56.498486+00:00
IW327006,IWC,MARK,engine_median,2835.19,DERIVED,2026-08-13T12:05:36.604874+00:00
IW327016,IWC,MARK,engine_median,3215.16,DERIVED,2026-08-13T12:05:36.604874+00:00
IW327017,IWC,MARK,engine_median,2689.05,DERIVED,2026-08-13T12:05:36.604874+00:00
IW328106,IWC,MSRP,watchbase,8900.0,VERIFIED,2026-08-13T12:05:36+00:00
IW328106,IWC,MARK,engine_median,6435.24,DERIVED,2026-08-13T12:05:36.604874+00:00
IW328201,IWC,MARK,engine_median,4878.39,DERIVED,2026-08-13T12:05:36.604874+00:00
IW328202,IWC,MARK,engine_median,4384.31,DERIVED,2026-08-13T12:05:36.604874+00:00
IW328203,IWC,MARK,engine_median,4603.5,DERIVED,2026-08-13T12:05:36.604874+00:00
IW328205,IWC,MARK,engine_median,3624.37,DERIVED,2026-08-13T12:05:36.604874+00:00
IW328206,IWC,MARK,engine_median,5673.0,DERIVED,2026-08-21T21:45:15.687735+00:00
IW328208,IWC,MARK,engine_median,4395.09,DERIVED,2026-08-21T21:45:15.687735+00:00
IW328210,IWC,MSRP,watchbase,6100.0,VERIFIED,2026-08-13T12:05:36+00:00
IW328210,IWC,MARK,engine_median,5522.11,DERIVED,2026-08-13T12:05:36.604874+00:00
IW328801,,MARK,seed_kb,4500.0,EST,2026-08-13T12:05:36+00:00
IW328801,IWC,MARK,engine_median,3906.0,DERIVED,2026-08-13T12:05:36.604874+00:00
IW328801,IWC,MARK,engine_median,3523.93,DERIVED,2026-08-13T22:07:35.994213+00:00
IW328801,IWC,MARK,engine_median,3906.0,DERIVED,2026-08-14T21:47:56.498486+00:00
IW328801,IWC,MARK,engine_median,3523.93,DERIVED,2026-08-16T10:01:25.617322+00:00
IW328801,IWC,MARK,engine_median,3906.0,DERIVED,2026-08-17T21:49:35.588367+00:00
IW328903,IWC,MSRP,watchbase,11700.0,VERIFIED,2026-08-13T12:05:36+00:00
IW328903,IWC,MARK,engine_median,8962.03,DERIVED,2026-08-13T12:05:36.604874+00:00
IW328903,IWC,MARK,engine_median,8071.19,DERIVED,2026-08-17T21:49:35.588367+00:00
IW328908,IWC,MARK,engine_median,20088.0,DERIVED,2026-08-13T12:05:36.604874+00:00
IW329301,IWC,MSRP,watchbase,9200.0,VERIFIED,2026-08-13T12:05:36+00:00
IW329301,IWC,MARK,engine_median,6871.71,DERIVED,2026-08-13T12:05:36.604874+00:00
IW329301,IWC,MARK,engine_median,5377.55,DERIVED,2026-08-20T19:55:02.750956+00:00
IW350804,IWC,MARK,engine_median,6866.36,DERIVED,2026-08-14T21:47:56.498486+00:00
IW351320,IWC,MARK,engine_median,1519.9,DERIVED,2026-08-13T12:05:36.604874+00:00
IW352101,IWC,MARK,engine_median,6015.28,DERIVED,2026-08-13T12:05:36.604874+00:00
IW353603,IWC,MARK,engine_median,3197.65,DERIVED,2026-08-13T12:05:36.604874+00:00
IW356502,IWC,MSRP,watchbase,5200.0,VERIFIED,2026-08-13T12:05:36+00:00
IW356502,IWC,MARK,engine_median,4011.67,DERIVED,2026-08-13T12:05:36.604874+00:00
IW356505,IWC,MARK,engine_median,5324.13,DERIVED,2026-08-13T12:05:36.604874+00:00
IW356506,IWC,MARK,engine_median,2259.72,DERIVED,2026-08-14T21:47:56.498486+00:00
IW356511,IWC,MARK,engine_median,7672.5,DERIVED,2026-08-13T12:05:36.604874+00:00
IW356527,IWC,MARK,engine_median,2864.42,DERIVED,2026-08-13T12:05:36.604874+00:00
IW357411,IWC,MARK,engine_median,2721.17,DERIVED,2026-08-13T12:05:36.604874+00:00
IW357417,IWC,MARK,engine_median,4519.32,DERIVED,2026-08-13T12:05:36.604874+00:00
IW358303,,MARK,seed_kb,5400.0,EST,2026-08-13T12:05:36+00:00
IW358303,IWC,MARK,engine_median,3687.08,DERIVED,2026-08-13T12:05:36.604874+00:00
IW358304,IWC,MARK,engine_median,4067.74,DERIVED,2026-08-13T12:05:36.604874+00:00
IW358305,IWC,MARK,engine_median,3585.24,DERIVED,2026-08-14T21:47:56.498486+00:00
IW370607,IWC,MARK,engine_median,2741.5,DERIVED,2026-08-20T19:55:02.750956+00:00
IW370628,IWC,MARK,engine_median,3440.07,DERIVED,2026-08-13T12:05:36.604874+00:00
IW370706,IWC,MARK,engine_median,2215.54,DERIVED,2026-08-13T12:05:36.604874+00:00
IW371222,IWC,MARK,engine_median,9002.46,DERIVED,2026-08-13T12:05:36.604874+00:00
IW371491,IWC,MARK,engine_median,3507.45,DERIVED,2026-08-13T12:05:36.604874+00:00
IW371604,IWC,MARK,engine_median,5129.02,DERIVED,2026-08-13T12:05:36.604874+00:00
IW371605,IWC,MARK,engine_median,4910.43,DERIVED,2026-08-13T12:05:36.604874+00:00
IW371606,IWC,MSRP,watchbase,8900.0,VERIFIED,2026-08-13T12:05:36+00:00
IW371606,IWC,MARK,engine_median,6323.32,DERIVED,2026-08-13T12:05:36.604874+00:00
IW371615,IWC,MSRP,watchbase,8400.0,VERIFIED,2026-08-13T12:05:36+00:00
IW371615,IWC,MARK,engine_median,6323.32,DERIVED,2026-08-13T12:05:36.604874+00:00
IW371620,IWC,MSRP,watchbase,8900.0,VERIFIED,2026-08-13T12:05:36+00:00
IW371620,IWC,MARK,engine_median,6323.32,DERIVED,2026-08-13T12:05:36.604874+00:00
IW371928,IWC,MARK,engine_median,2565.76,DERIVED,2026-08-20T19:55:02.750956+00:00
IW372501,IWC,MARK,engine_median,2922.88,DERIVED,2026-08-13T12:05:36.604874+00:00
IW372504,IWC,MARK,engine_median,3525.4,DERIVED,2026-08-13T12:05:36.604874+00:00
IW376803,IWC,MARK,engine_median,3306.41,DERIVED,2026-08-13T12:05:36.604874+00:00
IW376803,IWC,MARK,engine_median,5487.0,DERIVED,2026-08-14T21:47:56.498486+00:00
IW376803,IWC,MARK,engine_median,3306.41,DERIVED,2026-08-16T10:01:25.617322+00:00
IW376803,IWC,MARK,engine_median,5487.0,DERIVED,2026-08-17T21:49:35.588367+00:00
IW377701,IWC,MARK,engine_median,2545.08,DERIVED,2026-08-13T12:05:36.604874+00:00
IW377701,IWC,MARK,engine_median,2759.51,DERIVED,2026-08-14T21:47:56.498486+00:00
IW377701,IWC,MARK,engine_median,2545.08,DERIVED,2026-08-16T10:01:25.617322+00:00
IW377709,IWC,MARK,engine_median,2496.14,DERIVED,2026-08-13T12:05:36.604874+00:00
IW377719,IWC,MARK,engine_median,2893.65,DERIVED,2026-08-13T12:05:36.604874+00:00
IW378001,IWC,MARK,engine_median,4544.84,DERIVED,2026-08-13T12:05:36.604874+00:00
IW378002,IWC,MSRP,watchbase,8700.0,VERIFIED,2026-08-13T12:05:36+00:00
IW378002,IWC,MARK,engine_median,5875.66,DERIVED,2026-08-13T12:05:36.604874+00:00
IW378004,IWC,MARK,engine_median,4910.43,DERIVED,2026-08-13T12:05:36.604874+00:00
IW378901,IWC,MARK,engine_median,3975.11,DERIVED,2026-08-13T12:05:36.604874+00:00
IW387901,IWC,MARK,engine_median,3741.46,DERIVED,2026-08-13T12:05:36.604874+00:00
IW388104,IWC,MARK,engine_median,6045.0,DERIVED,2026-08-13T12:05:36.604874+00:00
IW388106,IWC,MSRP,watchbase,12600.0,VERIFIED,2026-08-13T12:05:36+00:00
IW388106,IWC,MARK,engine_median,10576.17,DERIVED,2026-08-13T12:05:36.604874+00:00
IW388111,IWC,MSRP,watchbase,7500.0,VERIFIED,2026-08-13T12:05:36+00:00
IW388111,IWC,MARK,engine_median,4946.48,DERIVED,2026-08-13T12:05:36.604874+00:00
IW388308,IWC,MARK,engine_median,15556.49,DERIVED,2026-08-13T12:05:36.604874+00:00
IW389105,IWC,MSRP,watchbase,12900.0,VERIFIED,2026-08-13T12:05:36+00:00
IW389105,IWC,MARK,engine_median,8841.46,DERIVED,2026-08-13T12:05:36.604874+00:00
IW389401,IWC,MSRP,watchbase,9700.0,VERIFIED,2026-08-13T12:05:36+00:00
IW389401,IWC,MARK,engine_median,7442.49,DERIVED,2026-08-13T12:05:36.604874+00:00
IW389402,IWC,MARK,engine_median,8790.17,DERIVED,2026-08-21T21:45:15.687735+00:00
IW389409,IWC,MSRP,watchbase,13500.0,VERIFIED,2026-08-13T12:05:36+00:00
IW389409,IWC,MARK,engine_median,9345.09,DERIVED,2026-08-13T12:05:36.604874+00:00
IW391037,IWC,MARK,engine_median,3565.91,DERIVED,2026-08-13T12:05:36.604874+00:00
IW391037,IWC,MARK,engine_median,5208.0,DERIVED,2026-08-14T21:47:56.498486+00:00
IW391037,IWC,MARK,engine_median,3565.91,DERIVED,2026-08-16T10:01:25.617322+00:00
IW391037,IWC,MARK,engine_median,5208.0,DERIVED,2026-08-20T04:37:33.725646+00:00
IW391037,IWC,MARK,engine_median,3565.91,DERIVED,2026-08-21T21:45:15.687735+00:00
IW391405,IWC,MARK,engine_median,4878.39,DERIVED,2026-08-13T12:05:36.604874+00:00
IW442101,IWC,MARK,engine_median,3223.03,DERIVED,2026-08-13T12:05:36.604874+00:00
IW442102,IWC,MARK,engine_median,3892.17,DERIVED,2026-08-13T12:05:36.604874+00:00
IW451502,IWC,MARK,engine_median,4092.03,DERIVED,2026-08-13T12:05:36.604874+00:00
IW458104,IWC,MARK,engine_median,3063.17,DERIVED,2026-08-13T12:05:36.604874+00:00
IW458312,IWC,MARK,engine_median,1636.81,DERIVED,2026-08-13T12:05:36.604874+00:00
IW458603,IWC,MARK,engine_median,3460.68,DERIVED,2026-08-13T12:05:36.604874+00:00
IW459306,IWC,MARK,engine_median,3089.23,DERIVED,2026-08-13T12:05:36.604874+00:00
IW500413,IWC,MARK,engine_median,20460.0,DERIVED,2026-08-18T21:46:17.264769+00:00
IW500505,IWC,MARK,engine_median,5875.66,DERIVED,2026-08-13T12:05:36.604874+00:00
IW501709,IWC,MSRP,watchbase,15500.0,VERIFIED,2026-08-13T12:05:36+00:00
IW501902,IWC,MARK,engine_median,4502.79,DERIVED,2026-08-13T12:05:36.604874+00:00
IW501903,IWC,MARK,engine_median,6035.85,DERIVED,2026-08-14T21:47:56.498486+00:00
IW506201,IWC,MARK,engine_median,25181.38,DERIVED,2026-08-13T12:05:36.604874+00:00
IW510202,IWC,MARK,engine_median,3443.15,DERIVED,2026-08-13T12:05:36.604874+00:00
IW657601,IWC,MARK,engine_median,6022.27,DERIVED,2026-08-13T12:05:36.604874+00:00
J007830270,Jaquet Droz,MSRP,watchbase,21000.0,VERIFIED,2026-08-13T12:05:36+00:00
JBB0033,Cartier,MARK,manual_check,10584.0,VERIFIED,2026-08-09
JBL0006,Cartier,MARK,manual_check,6814.0,VERIFIED,2026-08-09
JSA0017,Cartier,MARK,manual_check,12719.0,VERIFIED,2026-08-09
LB19211A1C1P1,Breitling,MARK,engine_median,4650.0,DERIVED,2026-08-13T12:05:36.604874+00:00
M17368D71C1S1,Breitling,MARK,engine_median,2283.11,DERIVED,2026-08-13T12:05:36.604874+00:00
M17368D71C1S2,Breitling,MARK,engine_median,2339.07,DERIVED,2026-08-13T12:05:36.604874+00:00
M18206,,MARK,engine_median,41472.52,DERIVED,2026-08-15T21:41:53.174601+00:00
M20751,,MARK,engine_median,1052.24,DERIVED,2026-08-13T12:05:36.604874+00:00
M55203,,MARK,engine_median,1405.9,DERIVED,2026-08-20T19:55:02.750956+00:00
M57211,,MARK,engine_median,1399.47,DERIVED,2026-08-13T12:05:36.604874+00:00
M57231,,MARK,engine_median,1307.32,DERIVED,2026-08-13T12:05:36.604874+00:00
M59614,,MARK,engine_median,1870.64,DERIVED,2026-08-13T12:05:36.604874+00:00
M7939G1A0NRU,,MARK,seed_kb,3928.0,VERIFIED,2026-08-13T12:05:36+00:00
M80211,,MARK,engine_median,409.2,DERIVED,2026-08-13T12:05:36.604874+00:00
M83500,,MARK,engine_median,379.97,DERIVED,2026-08-13T12:05:36.604874+00:00
MB20301A,Breitling,MARK,engine_median,3098.25,DERIVED,2026-08-13T12:05:36.604874+00:00
N17375,Breitling,MARK,manual_check,3753.0,VERIFIED,2026-08-09
N17375201L1S1,Breitling,MSRP,watchbase,6700.0,VERIFIED,2026-08-13T12:05:36+00:00
N17375201L1S1,Breitling,MARK,engine_median,4586.59,DERIVED,2026-08-13T12:05:36.604874+00:00
N17376,Breitling,MARK,manual_check,3895.0,VERIFIED,2026-08-09
N17376201Q1S1,Breitling,MSRP,watchbase,6800.0,VERIFIED,2026-08-13T12:05:36+00:00
N17376201Q1S1,Breitling,MARK,engine_median,6324.0,DERIVED,2026-08-13T12:05:36.604874+00:00
OCEASR42ZZ001,Harry Winston,MSRP,watchbase,28000.0,VERIFIED,2026-08-13T12:05:36+00:00
P32398,Breitling,MARK,manual_check,5412.0,VERIFIED,2026-08-09
P32398101C1S1,Breitling,MARK,engine_median,8137.5,DERIVED,2026-08-13T12:05:36.604874+00:00
P323982A1F1S1,Breitling,MARK,engine_median,465.0,DERIVED,2026-08-13T12:05:36.604874+00:00
P64484,,MARK,engine_median,1344.52,DERIVED,2026-08-13T12:05:36.604874+00:00
P75450,,MARK,engine_median,1462.17,DERIVED,2026-08-15T21:41:53.174601+00:00
PAM00422,Panerai,MSRP,watchbase,10800.0,VERIFIED,2026-08-13T12:05:36+00:00
PAM01084,Panerai,MARK,manual_check,3902.0,VERIFIED,2026-08-09
PAM01085,Panerai,MARK,manual_check,4171.0,VERIFIED,2026-08-09
PAM01085,Panerai,MSRP,watchbase,6800.0,VERIFIED,2026-08-13T12:05:36+00:00
PAM01086,Panerai,MARK,manual_check,3909.0,VERIFIED,2026-08-09
PAM01086,Panerai,MSRP,watchbase,5900.0,VERIFIED,2026-08-13T12:05:36+00:00
PAM01087,Panerai,MARK,manual_check,4447.0,VERIFIED,2026-08-09
PAM01087,Panerai,MSRP,watchbase,5900.0,VERIFIED,2026-08-13T12:05:36+00:00
PAM01109,Panerai,MARK,manual_check,6161.0,VERIFIED,2026-08-09
PAM01110,Panerai,MARK,manual_check,7471.0,VERIFIED,2026-08-09
PAM01124,Panerai,MARK,manual_check,5538.0,VERIFIED,2026-08-09
PAM01179,Panerai,MSRP,watchbase,9600.0,VERIFIED,2026-08-13T12:05:36+00:00
PAM01181,Panerai,MSRP,watchbase,23600.0,VERIFIED,2026-08-13T12:05:36+00:00
PAM01218,Panerai,MARK,manual_check,7196.0,VERIFIED,2026-08-09
PAM01232,Panerai,MARK,manual_check,9643.0,VERIFIED,2026-08-09
PAM01241,Panerai,MSRP,watchbase,49200.0,VERIFIED,2026-08-13T12:05:36+00:00
PAM01248,Panerai,MSRP,watchbase,7400.0,VERIFIED,2026-08-13T12:05:36+00:00
PAM01314,,MARK,seed_kb,6000.0,EST,2026-08-13T12:05:36+00:00
PAM01314,Panerai,MSRP,watchbase,9500.0,VERIFIED,2026-08-13T12:05:36+00:00
PAM01350,Panerai,MARK,manual_check,4927.0,VERIFIED,2026-08-09
PAM01360,Panerai,MARK,manual_check,7101.0,VERIFIED,2026-08-09
PAM01370,Panerai,MARK,manual_check,5327.0,VERIFIED,2026-08-09
PAM01371,Panerai,MARK,manual_check,5575.0,VERIFIED,2026-08-09
PAM01372,Panerai,MARK,manual_check,5702.0,VERIFIED,2026-08-09
PAM01378,Panerai,MSRP,watchbase,7900.0,VERIFIED,2026-08-13T12:05:36+00:00
PAM01382,Panerai,MSRP,watchbase,5200.0,VERIFIED,2026-08-13T12:05:36+00:00
PAM01383,Panerai,MARK,manual_check,3850.0,VERIFIED,2026-08-09
PAM01384,Panerai,MARK,manual_check,4234.0,VERIFIED,2026-08-09
PAM01460,Panerai,MSRP,watchbase,15800.0,VERIFIED,2026-08-13T12:05:36+00:00
PAM01557,Panerai,MSRP,watchbase,10100.0,VERIFIED,2026-08-13T12:05:36+00:00
PAM01623,Panerai,MSRP,watchbase,5600.0,VERIFIED,2026-08-13T12:05:36+00:00
PAM01676,Panerai,MSRP,watchbase,11900.0,VERIFIED,2026-08-13T12:05:36+00:00
PAM03312,Panerai,MSRP,watchbase,9500.0,VERIFIED,2026-08-13T12:05:36+00:00
PAM03323,Panerai,MSRP,watchbase,10500.0,VERIFIED,2026-08-13T12:05:36+00:00
PAM233,Panerai,MARK,manual_check,6458.0,VERIFIED,2026-08-09
PAM422,Panerai,MARK,manual_check,5483.0,VERIFIED,2026-08-09
PAM914,Panerai,MARK,manual_check,4989.0,VERIFIED,2026-08-09
PAM915,Panerai,MARK,manual_check,4884.0,VERIFIED,2026-08-09
PB0134101C1S1,Breitling,MARK,engine_median,11160.0,DERIVED,2026-08-13T12:05:36.604874+00:00
PB0134101C1S2,Breitling,MSRP,watchbase,12200.0,VERIFIED,2026-08-13T12:05:36+00:00
PB0134101C1S2,Breitling,MARK,engine_median,6647.88,DERIVED,2026-08-13T12:05:36.604874+00:00
PB0136,Breitling,MARK,manual_check,7667.0,VERIFIED,2026-08-09
PB0158101C1A1,Breitling,MARK,engine_median,930.0,DERIVED,2026-08-13T12:05:36.604874+00:00
PB1920251C1A1,Breitling,MARK,engine_median,930.0,DERIVED,2026-08-13T12:05:36.604874+00:00
PB1920251C1P1,Breitling,MARK,engine_median,930.0,DERIVED,2026-08-13T12:05:36.604874+00:00
PB1921251B1P1,Breitling,MARK,engine_median,930.0,DERIVED,2026-08-13T12:05:36.604874+00:00
Q1252520,,MARK,engine_median,9236.29,DERIVED,2026-08-13T12:05:36.604874+00:00
Q1288420,,MARK,engine_median,4946.48,DERIVED,2026-08-13T12:05:36.604874+00:00
Q1288420,,MARK,engine_median,4778.52,DERIVED,2026-08-13T22:07:35.994213+00:00
Q1288420,,MARK,engine_median,4946.48,DERIVED,2026-08-14T21:47:56.498486+00:00
Q1288420,,MARK,engine_median,4778.52,DERIVED,2026-08-16T10:01:25.617322+00:00
Q1288420,,MARK,engine_median,4946.48,DERIVED,2026-08-17T21:49:35.588367+00:00
Q1288420,,MARK,engine_median,4778.52,DERIVED,2026-08-20T19:55:02.750956+00:00
Q1288420,,MARK,engine_median,4946.48,DERIVED,2026-08-20T21:48:50.588638+00:00
Q1308470,,MARK,engine_median,20033.19,DERIVED,2026-08-13T12:05:36.604874+00:00
Q1368480,,MARK,engine_median,9233.17,DERIVED,2026-08-13T12:05:36.604874+00:00
Q1372520,Jaeger-LeCoultre,MSRP,watchbase,20000.0,VERIFIED,2026-08-13T12:05:36+00:00
Q1372520,,MARK,engine_median,13430.06,DERIVED,2026-08-13T12:05:36.604874+00:00
Q1378420,,MARK,engine_median,4611.55,DERIVED,2026-08-13T12:05:36.604874+00:00
Q1658420,,MARK,engine_median,22213.84,DERIVED,2026-08-13T12:05:36.604874+00:00
Q2438520,,MARK,engine_median,4676.6,DERIVED,2026-08-13T12:05:36.604874+00:00
Q2508410,,MARK,engine_median,4737.44,DERIVED,2026-08-14T21:47:56.498486+00:00
Q2515120,,MARK,engine_median,5553.46,DERIVED,2026-08-13T12:05:36.604874+00:00
Q2518140,,MARK,engine_median,5241.57,DERIVED,2026-08-13T22:07:35.994213+00:00
Q2578480,,MARK,engine_median,11988.78,DERIVED,2026-08-13T12:05:36.604874+00:00
Q2588422,,MARK,engine_median,9925.59,DERIVED,2026-08-13T12:05:36.604874+00:00
Q2608442,,MARK,engine_median,6691.42,DERIVED,2026-08-13T12:05:36.604874+00:00
Q2618130,,MARK,engine_median,4394.03,DERIVED,2026-08-13T12:05:36.604874+00:00
Q2618420,,MARK,engine_median,2759.51,DERIVED,2026-08-14T21:47:56.498486+00:00
Q2618420,,MARK,engine_median,2647.86,DERIVED,2026-08-16T06:20:51.808998+00:00
Q2668432,,MARK,engine_median,8921.88,DERIVED,2026-08-13T12:05:36.604874+00:00
Q2668443,,MARK,engine_median,9925.59,DERIVED,2026-08-13T12:05:36.604874+00:00
Q2702521,,MARK,engine_median,9353.2,DERIVED,2026-08-13T12:05:36.604874+00:00
Q2708410,,MARK,engine_median,6134.22,DERIVED,2026-08-13T12:05:36.604874+00:00
Q2708410,,MARK,engine_median,6584.07,DERIVED,2026-08-14T21:47:56.498486+00:00
Q2708410,,MARK,engine_median,6134.22,DERIVED,2026-08-16T10:01:25.617322+00:00
Q2708410,,MARK,engine_median,6584.07,DERIVED,2026-08-20T19:55:02.750956+00:00
Q2718110,,MARK,engine_median,6664.16,DERIVED,2026-08-13T12:05:36.604874+00:00
Q2782560,,MARK,engine_median,17420.33,DERIVED,2026-08-13T12:05:36.604874+00:00
Q3264520,,MARK,engine_median,3969.26,DERIVED,2026-08-13T12:05:36.604874+00:00
Q3342520,,MARK,engine_median,14386.53,DERIVED,2026-08-13T12:05:36.604874+00:00
Q3348420,,MARK,engine_median,9479.5,DERIVED,2026-08-13T12:05:36.604874+00:00
Q3442430,,MARK,engine_median,18289.85,DERIVED,2026-08-13T12:05:36.604874+00:00
Q3448111,,MARK,engine_median,7307.19,DERIVED,2026-08-13T12:05:36.604874+00:00
Q3448132,,MARK,engine_median,15501.77,DERIVED,2026-08-13T12:05:36.604874+00:00
Q3468110,,MARK,engine_median,9646.79,DERIVED,2026-08-13T12:05:36.604874+00:00
Q3468190,,MARK,engine_median,5174.69,DERIVED,2026-08-13T12:05:36.604874+00:00
Q3468430,,MARK,engine_median,9925.59,DERIVED,2026-08-13T12:05:36.604874+00:00
Q3572430,,MARK,engine_median,14386.53,DERIVED,2026-08-13T12:05:36.604874+00:00
Q3578430,,MARK,engine_median,11040.83,DERIVED,2026-08-13T12:05:36.604874+00:00
Q3658110,,MARK,engine_median,6133.8,DERIVED,2026-08-13T12:05:36.604874+00:00
Q3788570,,MARK,engine_median,10522.35,DERIVED,2026-08-13T12:05:36.604874+00:00
Q3828420,,MARK,engine_median,4618.14,DERIVED,2026-08-13T12:05:36.604874+00:00
Q3848422,,MARK,engine_median,8773.03,DERIVED,2026-08-16T06:20:51.808998+00:00
Q3858520,,MARK,engine_median,7969.76,DERIVED,2026-08-21T21:45:15.687735+00:00
Q3858523,Jaeger-LeCoultre,MSRP,watchbase,11400.0,VERIFIED,2026-08-13T12:05:36+00:00
Q3858523,,MARK,engine_median,8281.87,DERIVED,2026-08-13T12:05:36.604874+00:00
Q3868520,,MARK,engine_median,6196.5,DERIVED,2026-08-13T12:05:36.604874+00:00
Q3878120,,MARK,engine_median,5025.09,DERIVED,2026-08-13T12:05:36.604874+00:00
Q3878160,,MARK,engine_median,6412.6,DERIVED,2026-08-13T12:05:36.604874+00:00
Q4008520,,MARK,engine_median,6722.61,DERIVED,2026-08-13T12:05:36.604874+00:00
Q4138480,Jaeger-LeCoultre,MSRP,watchbase,19600.0,VERIFIED,2026-08-13T12:05:36+00:00
Q4138480,,MARK,engine_median,14549.24,DERIVED,2026-08-13T12:05:36.604874+00:00
Q6043420,,MARK,engine_median,23250.0,DERIVED,2026-08-13T22:07:35.994213+00:00
Q9008170,,MARK,engine_median,4851.97,DERIVED,2026-08-13T12:05:36.604874+00:00
Q9028170,,MARK,engine_median,6725.99,DERIVED,2026-08-16T06:20:51.808998+00:00
Q9028180,,MARK,engine_median,8476.34,DERIVED,2026-08-13T12:05:36.604874+00:00
Q9028471,,MARK,engine_median,7905.0,DERIVED,2026-08-13T12:05:36.604874+00:00
R10310121Q1P1,Breitling,MARK,engine_median,930.0,DERIVED,2026-08-13T12:05:36.604874+00:00
R233801A1B1R1,Breitling,MARK,engine_median,930.0,DERIVED,2026-08-13T12:05:36.604874+00:00
R233801A1B1X1,Breitling,MARK,engine_median,20320.5,DERIVED,2026-08-13T12:05:36.604874+00:00
R32310251L1P1,Breitling,MSRP,watchbase,18900.0,VERIFIED,2026-08-13T12:05:36+00:00
R32310251L1P1,Breitling,MARK,engine_median,930.0,DERIVED,2026-08-13T12:05:36.604874+00:00
RB0134,Breitling,MARK,manual_check,16500.0,VERIFIED,2026-08-09
RB01344A1L1S1,Breitling,MARK,engine_median,930.0,DERIVED,2026-08-13T12:05:36.604874+00:00
RB01347A1F1S1,Breitling,MARK,engine_median,930.0,DERIVED,2026-08-13T12:05:36.604874+00:00
RB0136,Breitling,MARK,manual_check,20812.0,VERIFIED,2026-08-09
RB01366A1K1S1,Breitling,MARK,engine_median,4650.0,DERIVED,2026-08-13T12:05:36.604874+00:00
RB0137,Breitling,MARK,manual_check,15581.0,VERIFIED,2026-08-09
RB0138,Breitling,MARK,manual_check,14099.0,VERIFIED,2026-08-09
RB0138211B1P1,Breitling,MARK,engine_median,21111.0,DERIVED,2026-08-13T12:05:36.604874+00:00
RB0139211G1P1,Breitling,MARK,engine_median,465.0,DERIVED,2026-08-13T12:05:36.604874+00:00
RB0145,Breitling,MARK,manual_check,12763.0,VERIFIED,2026-08-09
RB0145371G1R1,Breitling,MARK,engine_median,930.0,DERIVED,2026-08-13T12:05:36.604874+00:00
RB1510251B1P1,Breitling,MARK,engine_median,12159.15,DERIVED,2026-08-13T12:05:36.604874+00:00
RB1510251B1P1,Breitling,MARK,engine_median,465.0,DERIVED,2026-08-14T21:47:56.498486+00:00
RB1510251B1P1,Breitling,MARK,engine_median,12159.15,DERIVED,2026-08-16T10:01:25.617322+00:00
RB1510251B1P1,Breitling,MARK,engine_median,465.0,DERIVED,2026-08-17T21:49:35.588367+00:00
RB1510251B1P1,Breitling,MARK,engine_median,12159.15,DERIVED,2026-08-19T21:47:49.086150+00:00
RB1510251B1P1,Breitling,MARK,engine_median,465.0,DERIVED,2026-08-20T04:37:33.725646+00:00
RB1510251B1P1,Breitling,MARK,engine_median,12159.15,DERIVED,2026-08-20T19:55:02.750956+00:00
RB1510251B1P1,Breitling,MARK,engine_median,465.0,DERIVED,2026-08-21T21:45:15.687735+00:00
RB2510371G1P1,Breitling,MARK,engine_median,465.0,DERIVED,2026-08-13T12:05:36.604874+00:00
RDDBEX0956,Roger Dubuis,MSRP,watchbase,73000.0,VERIFIED,2026-08-13T12:05:36+00:00
RGR320P,,MARK,engine_median,5430.7,DERIVED,2026-08-13T12:05:36.604874+00:00
S17328101B1X1,Breitling,MARK,engine_median,465.0,DERIVED,2026-08-13T12:05:36.604874+00:00
S232B48KBA,Breitling,MSRP,watchbase,8215.0,VERIFIED,2026-08-13T12:05:36+00:00
S32320101B1X1,Breitling,MARK,engine_median,465.0,DERIVED,2026-08-13T12:05:36.604874+00:00
SAAA990,Grand Seiko,MARK,engine_median,19.87,DERIVED,2026-08-13T12:05:36.604874+00:00
SAAK001,Grand Seiko,MARK,engine_median,19.87,DERIVED,2026-08-13T12:05:36.604874+00:00
SAAP010,Grand Seiko,MARK,engine_median,18.7,DERIVED,2026-08-13T12:05:36.604874+00:00
SAAP024,Grand Seiko,MARK,engine_median,18.7,DERIVED,2026-08-13T12:05:36.604874+00:00
SAAP066,Grand Seiko,MARK,engine_median,18.7,DERIVED,2026-08-13T12:05:36.604874+00:00
SAAP868,Grand Seiko,MARK,engine_median,18.7,DERIVED,2026-08-13T12:05:36.604874+00:00
SAAP874,Grand Seiko,MARK,engine_median,18.7,DERIVED,2026-08-13T12:05:36.604874+00:00
SAAP944,Grand Seiko,MARK,engine_median,18.7,DERIVED,2026-08-13T12:05:36.604874+00:00
SAAT980,Grand Seiko,MARK,engine_median,19.87,DERIVED,2026-08-13T12:05:36.604874+00:00
SAAY005,Grand Seiko,MARK,engine_median,19.87,DERIVED,2026-08-13T12:05:36.604874+00:00
SABP001,Grand Seiko,MARK,engine_median,19.87,DERIVED,2026-08-13T12:05:36.604874+00:00
SABQ002,Grand Seiko,MARK,engine_median,21.05,DERIVED,2026-08-13T12:05:36.604874+00:00
SABR014,Grand Seiko,MARK,engine_median,19.87,DERIVED,2026-08-13T12:05:36.604874+00:00
SABR021,Grand Seiko,MARK,engine_median,18.7,DERIVED,2026-08-13T12:05:36.604874+00:00
SABR043,Grand Seiko,MARK,engine_median,21.05,DERIVED,2026-08-13T12:05:36.604874+00:00
SABW002,Grand Seiko,MARK,engine_median,19.87,DERIVED,2026-08-13T12:05:36.604874+00:00
SACA001,Grand Seiko,MARK,engine_median,18.7,DERIVED,2026-08-13T12:05:36.604874+00:00
SACJ002J,Grand Seiko,MARK,engine_median,18.7,DERIVED,2026-08-13T12:05:36.604874+00:00
SACK001,Grand Seiko,MARK,engine_median,19.29,DERIVED,2026-08-13T12:05:36.604874+00:00
SACK005J,Grand Seiko,MARK,engine_median,18.7,DERIVED,2026-08-13T12:05:36.604874+00:00
SACK015J,Grand Seiko,MARK,engine_median,18.7,DERIVED,2026-08-13T12:05:36.604874+00:00
SACK029J,Grand Seiko,MARK,engine_median,53.78,DERIVED,2026-08-13T12:05:36.604874+00:00
SACK031,Grand Seiko,MARK,engine_median,47.35,DERIVED,2026-08-13T12:05:36.604874+00:00
SACK035,Grand Seiko,MARK,engine_median,19.87,DERIVED,2026-08-13T12:05:36.604874+00:00
SACK038,Grand Seiko,MARK,engine_median,39.16,DERIVED,2026-08-13T12:05:36.604874+00:00
SACL004J,Grand Seiko,MARK,engine_median,24.55,DERIVED,2026-08-13T12:05:36.604874+00:00
SACL009J,Grand Seiko,MARK,engine_median,38.59,DERIVED,2026-08-13T12:05:36.604874+00:00
SACM079J,Grand Seiko,MARK,engine_median,18.7,DERIVED,2026-08-13T12:05:36.604874+00:00
SACM092,Grand Seiko,MARK,engine_median,39.16,DERIVED,2026-08-13T12:05:36.604874+00:00
SACM107,Grand Seiko,MARK,engine_median,39.16,DERIVED,2026-08-13T12:05:36.604874+00:00
SACM159,Grand Seiko,MARK,engine_median,18.7,DERIVED,2026-08-13T12:05:36.604874+00:00
SACM167J,Grand Seiko,MARK,engine_median,20.46,DERIVED,2026-08-13T12:05:36.604874+00:00
SACQ002,Grand Seiko,MARK,engine_median,21.05,DERIVED,2026-08-13T12:05:36.604874+00:00
SACQ007,Grand Seiko,MARK,engine_median,19.87,DERIVED,2026-08-13T12:05:36.604874+00:00
SACR002,Grand Seiko,MARK,engine_median,19.87,DERIVED,2026-08-13T12:05:36.604874+00:00
SACS015,Grand Seiko,MARK,engine_median,21.05,DERIVED,2026-08-13T12:05:36.604874+00:00
SACV004,Grand Seiko,MARK,engine_median,15.78,DERIVED,2026-08-13T12:05:36.604874+00:00
SACX006,Grand Seiko,MARK,engine_median,18.7,DERIVED,2026-08-13T12:05:36.604874+00:00
SACX016,Grand Seiko,MARK,engine_median,18.7,DERIVED,2026-08-13T12:05:36.604874+00:00
SACX023,Grand Seiko,MARK,engine_median,21.05,DERIVED,2026-08-13T12:05:36.604874+00:00
SACX088,Grand Seiko,MARK,engine_median,18.7,DERIVED,2026-08-13T12:05:36.604874+00:00
SADA011,Grand Seiko,MARK,engine_median,114.58,DERIVED,2026-08-13T12:05:36.604874+00:00
SADA017,Grand Seiko,MARK,engine_median,84.17,DERIVED,2026-08-13T12:05:36.604874+00:00
SADA021,Grand Seiko,MARK,engine_median,139.71,DERIVED,2026-08-13T12:05:36.604874+00:00
SADA025,Grand Seiko,MARK,engine_median,420.31,DERIVED,2026-08-13T12:05:36.604874+00:00
SADA037,Grand Seiko,MARK,engine_median,26.31,DERIVED,2026-08-13T12:05:36.604874+00:00
SADA039,Grand Seiko,MARK,engine_median,624.08,DERIVED,2026-08-13T12:05:36.604874+00:00
SADB001,Grand Seiko,MARK,engine_median,19.87,DERIVED,2026-08-13T12:05:36.604874+00:00
SADL011J,Grand Seiko,MARK,engine_median,38.59,DERIVED,2026-08-13T12:05:36.604874+00:00
SADM001,Grand Seiko,MARK,engine_median,166.02,DERIVED,2026-08-13T12:05:36.604874+00:00
SADM007,Grand Seiko,MARK,engine_median,105.81,DERIVED,2026-08-13T12:05:36.604874+00:00
SADN001J,Grand Seiko,MARK,engine_median,18.7,DERIVED,2026-08-13T12:05:36.604874+00:00
SADQ005,Grand Seiko,MARK,engine_median,18.7,DERIVED,2026-08-13T12:05:36.604874+00:00
SADQ011J,Grand Seiko,MARK,engine_median,19.87,DERIVED,2026-08-13T12:05:36.604874+00:00
SADR003J,Grand Seiko,MARK,engine_median,18.7,DERIVED,2026-08-13T12:05:36.604874+00:00
SADR004J,Grand Seiko,MARK,engine_median,15.78,DERIVED,2026-08-13T12:05:36.604874+00:00
SADR017,Grand Seiko,MARK,engine_median,70.15,DERIVED,2026-08-13T12:05:36.604874+00:00
SADR018J,Grand Seiko,MARK,engine_median,102.89,DERIVED,2026-08-13T12:05:36.604874+00:00
SADT007,Grand Seiko,MARK,engine_median,56.7,DERIVED,2026-08-13T12:05:36.604874+00:00
SADV006J,Grand Seiko,MARK,engine_median,18.7,DERIVED,2026-08-13T12:05:36.604874+00:00
SADV023,Grand Seiko,MARK,engine_median,19.29,DERIVED,2026-08-13T12:05:36.604874+00:00
SADV031,Grand Seiko,MARK,engine_median,18.7,DERIVED,2026-08-13T12:05:36.604874+00:00
SADW006,Grand Seiko,MARK,engine_median,18.7,DERIVED,2026-08-13T12:05:36.604874+00:00
SADW006,Grand Seiko,MARK,engine_median,21.05,DERIVED,2026-08-13T22:07:35.994213+00:00
SADW006,Grand Seiko,MARK,engine_median,18.7,DERIVED,2026-08-15T21:41:53.174601+00:00
SADX001,Grand Seiko,MARK,engine_median,15.78,DERIVED,2026-08-13T12:05:36.604874+00:00
SADX005,Grand Seiko,MARK,engine_median,19.29,DERIVED,2026-08-13T12:05:36.604874+00:00
SADX048,Grand Seiko,MARK,engine_median,19.29,DERIVED,2026-08-13T12:05:36.604874+00:00
SADY001,Grand Seiko,MARK,engine_median,15.78,DERIVED,2026-08-13T12:05:36.604874+00:00
SADZ001,Grand Seiko,MARK,engine_median,16.37,DERIVED,2026-08-13T12:05:36.604874+00:00
SADZ017,Grand Seiko,MARK,engine_median,16.37,DERIVED,2026-08-13T12:05:36.604874+00:00
SADZ037,Grand Seiko,MARK,engine_median,102.89,DERIVED,2026-08-13T12:05:36.604874+00:00
SADZ049,Grand Seiko,MARK,engine_median,19.29,DERIVED,2026-08-13T12:05:36.604874+00:00
SADZ091J,Grand Seiko,MARK,engine_median,18.13,DERIVED,2026-08-13T12:05:36.604874+00:00
SADZ123,Grand Seiko,MARK,engine_median,18.13,DERIVED,2026-08-13T12:05:36.604874+00:00
SADZ123,Grand Seiko,MARK,engine_median,23.38,DERIVED,2026-08-13T22:07:35.994213+00:00
SADZ123,Grand Seiko,MARK,engine_median,18.13,DERIVED,2026-08-15T21:41:53.174601+00:00
SADZ126,Grand Seiko,MARK,engine_median,20.46,DERIVED,2026-08-13T12:05:36.604874+00:00
SADZ131,Grand Seiko,MARK,engine_median,139.71,DERIVED,2026-08-13T12:05:36.604874+00:00
SADZ143,Grand Seiko,MARK,engine_median,63.14,DERIVED,2026-08-13T12:05:36.604874+00:00
SADZ163,Grand Seiko,MARK,engine_median,126.85,DERIVED,2026-08-13T12:05:36.604874+00:00
SADZ165,Grand Seiko,MARK,engine_median,130.36,DERIVED,2026-08-13T12:05:36.604874+00:00
SADZ180J,Grand Seiko,MARK,engine_median,19.29,DERIVED,2026-08-13T12:05:36.604874+00:00
SADZ185,Grand Seiko,MARK,engine_median,520.68,DERIVED,2026-08-13T12:05:36.604874+00:00
SADZ187,Grand Seiko,MARK,engine_median,520.68,DERIVED,2026-08-13T12:05:36.604874+00:00
SADZ188,Grand Seiko,MARK,engine_median,520.68,DERIVED,2026-08-13T12:05:36.604874+00:00
SADZ197,Grand Seiko,MARK,engine_median,520.68,DERIVED,2026-08-13T12:05:36.604874+00:00
SADZ200,Grand Seiko,MARK,engine_median,520.68,DERIVED,2026-08-13T12:05:36.604874+00:00
SADZ201,Grand Seiko,MARK,engine_median,579.32,DERIVED,2026-08-13T12:05:36.604874+00:00
SADZ202,Grand Seiko,MARK,engine_median,677.9,DERIVED,2026-08-13T12:05:36.604874+00:00
SAEA001,Grand Seiko,MARK,engine_median,88.85,DERIVED,2026-08-13T12:05:36.604874+00:00
SAEA009,Grand Seiko,MARK,engine_median,70.15,DERIVED,2026-08-13T12:05:36.604874+00:00
SAEC013J,Grand Seiko,MARK,engine_median,18.7,DERIVED,2026-08-13T12:05:36.604874+00:00
SAEC015J,Grand Seiko,MARK,engine_median,19.29,DERIVED,2026-08-13T12:05:36.604874+00:00
SAEC017,Grand Seiko,MARK,engine_median,49.1,DERIVED,2026-08-13T12:05:36.604874+00:00
SAEN001J,Grand Seiko,MARK,engine_median,19.87,DERIVED,2026-08-13T12:05:36.604874+00:00
SAEQ980,Grand Seiko,MARK,engine_median,21.05,DERIVED,2026-08-13T12:05:36.604874+00:00
SAFS058,Grand Seiko,MARK,engine_median,19.87,DERIVED,2026-08-13T12:05:36.604874+00:00
SAGA009,Grand Seiko,MARK,engine_median,481.69,DERIVED,2026-08-13T12:05:36.604874+00:00
SAGA061J,Grand Seiko,MARK,engine_median,66.64,DERIVED,2026-08-13T12:05:36.604874+00:00
SAGA111,Grand Seiko,MARK,engine_median,52.61,DERIVED,2026-08-13T12:05:36.604874+00:00
SAGA157,Grand Seiko,MARK,engine_median,107.56,DERIVED,2026-08-13T12:05:36.604874+00:00
SAGA173,Grand Seiko,MARK,engine_median,34.49,DERIVED,2026-08-13T12:05:36.604874+00:00
SAGA174,Grand Seiko,MARK,engine_median,51.44,DERIVED,2026-08-13T12:05:36.604874+00:00
SAGA177J,Grand Seiko,MARK,engine_median,68.98,DERIVED,2026-08-13T12:05:36.604874+00:00
SAGA195,Grand Seiko,MARK,engine_median,40.33,DERIVED,2026-08-13T12:05:36.604874+00:00
SAGA205,Grand Seiko,MARK,engine_median,368.87,DERIVED,2026-08-13T12:05:36.604874+00:00
SAGA207,Grand Seiko,MARK,engine_median,368.87,DERIVED,2026-08-13T12:05:36.604874+00:00
SAGA209,Grand Seiko,MARK,engine_median,420.31,DERIVED,2026-08-13T12:05:36.604874+00:00
SAGA211,Grand Seiko,MARK,engine_median,420.31,DERIVED,2026-08-13T12:05:36.604874+00:00
SAGA214,Grand Seiko,MARK,engine_median,603.59,DERIVED,2026-08-13T12:05:36.604874+00:00
SAGA246,Grand Seiko,MARK,engine_median,205.77,DERIVED,2026-08-13T12:05:36.604874+00:00
SAGA259J,Grand Seiko,MARK,engine_median,73.66,DERIVED,2026-08-13T12:05:36.604874+00:00
SAGA263,Grand Seiko,MARK,engine_median,40.33,DERIVED,2026-08-13T12:05:36.604874+00:00
SAGA265,Grand Seiko,MARK,engine_median,424.41,DERIVED,2026-08-13T12:05:36.604874+00:00
SAGA270,Grand Seiko,MARK,engine_median,79.51,DERIVED,2026-08-13T12:05:36.604874+00:00
SAGA281,Grand Seiko,MARK,engine_median,105.81,DERIVED,2026-08-13T12:05:36.604874+00:00
SAGA295,,MARK,engine_median,319.86,DERIVED,2026-08-13T22:07:35.994213+00:00
SAGA307,Grand Seiko,MARK,engine_median,121.59,DERIVED,2026-08-13T12:05:36.604874+00:00
SAGA307,Grand Seiko,MARK,engine_median,662.9,DERIVED,2026-08-13T22:07:35.994213+00:00
SAGA307,Grand Seiko,MARK,engine_median,121.59,DERIVED,2026-08-15T21:41:53.174601+00:00
SAGC001J,Grand Seiko,MARK,engine_median,52.61,DERIVED,2026-08-13T12:05:36.604874+00:00
SAGD001,Grand Seiko,MARK,engine_median,21.05,DERIVED,2026-08-13T12:05:36.604874+00:00
SAGG003J,Grand Seiko,MARK,engine_median,29.82,DERIVED,2026-08-13T12:05:36.604874+00:00
SAGG009J,Grand Seiko,MARK,engine_median,19.29,DERIVED,2026-08-13T12:05:36.604874+00:00
SAGG017J,Grand Seiko,MARK,engine_median,93.53,DERIVED,2026-08-13T12:05:36.604874+00:00
SAGH015J,Grand Seiko,MARK,engine_median,39.16,DERIVED,2026-08-13T12:05:36.604874+00:00
SAGJ011J,Grand Seiko,MARK,engine_median,166.02,DERIVED,2026-08-13T12:05:36.604874+00:00
SAGV005J,Grand Seiko,MARK,engine_median,19.29,DERIVED,2026-08-13T12:05:36.604874+00:00
SAGV007J,Grand Seiko,MARK,engine_median,79.51,DERIVED,2026-08-13T12:05:36.604874+00:00
SAGV015J,Grand Seiko,MARK,engine_median,102.89,DERIVED,2026-08-13T12:05:36.604874+00:00
SAGZ045J,Grand Seiko,MARK,engine_median,42.09,DERIVED,2026-08-13T12:05:36.604874+00:00
SAGZ059J,Grand Seiko,MARK,engine_median,220.38,DERIVED,2026-08-13T12:05:36.604874+00:00
SAGZ061J,Grand Seiko,MARK,engine_median,258.38,DERIVED,2026-08-13T12:05:36.604874+00:00
SAGZ065J,Grand Seiko,MARK,engine_median,51.44,DERIVED,2026-08-13T12:05:36.604874+00:00
SAGZ079J,Grand Seiko,MARK,engine_median,39.16,DERIVED,2026-08-13T12:05:36.604874+00:00
SAGZ095J,Grand Seiko,MARK,engine_median,77.16,DERIVED,2026-08-13T12:05:36.604874+00:00
SAGZ098J,Grand Seiko,MARK,engine_median,123.93,DERIVED,2026-08-13T12:05:36.604874+00:00
SAGZ100,Grand Seiko,MARK,engine_median,144.98,DERIVED,2026-08-13T12:05:36.604874+00:00
SAHF006,Grand Seiko,MARK,engine_median,21.05,DERIVED,2026-08-13T12:05:36.604874+00:00
SAHS001,Grand Seiko,MARK,engine_median,18.7,DERIVED,2026-08-13T12:05:36.604874+00:00
SAJC001,Grand Seiko,MARK,engine_median,19.87,DERIVED,2026-08-13T12:05:36.604874+00:00
SAJY001,Grand Seiko,MARK,engine_median,18.7,DERIVED,2026-08-13T12:05:36.604874+00:00
SAKX002,Grand Seiko,MARK,engine_median,19.87,DERIVED,2026-08-13T12:05:36.604874+00:00
SAKY007,Grand Seiko,MARK,engine_median,19.87,DERIVED,2026-08-13T12:05:36.604874+00:00
SAPP001J,Grand Seiko,MARK,engine_median,21.05,DERIVED,2026-08-13T12:05:36.604874+00:00
SAPQ002J,Grand Seiko,MARK,engine_median,18.7,DERIVED,2026-08-13T12:05:36.604874+00:00
SAQC020,Grand Seiko,MARK,engine_median,19.87,DERIVED,2026-08-13T12:05:36.604874+00:00
SAQD010,Grand Seiko,MARK,engine_median,18.7,DERIVED,2026-08-13T12:05:36.604874+00:00
SAQD020,Grand Seiko,MARK,engine_median,19.87,DERIVED,2026-08-13T12:05:36.604874+00:00
SAQD030,Grand Seiko,MARK,engine_median,21.05,DERIVED,2026-08-13T12:05:36.604874+00:00
SARA015J,Grand Seiko,MARK,engine_median,44.43,DERIVED,2026-08-13T12:05:36.604874+00:00
SARB001J,Grand Seiko,MARK,engine_median,18.7,DERIVED,2026-08-13T12:05:36.604874+00:00
SARB001J,Grand Seiko,MARK,engine_median,19.87,DERIVED,2026-08-13T22:07:35.994213+00:00
SARB001J,Grand Seiko,MARK,engine_median,18.7,DERIVED,2026-08-15T21:41:53.174601+00:00
SARB007J,Grand Seiko,MARK,engine_median,36.24,DERIVED,2026-08-13T12:05:36.604874+00:00
SARB013J,Grand Seiko,MARK,engine_median,21.05,DERIVED,2026-08-13T12:05:36.604874+00:00
SARB017,,MARK,engine_median,863.87,DERIVED,2026-08-13T22:07:35.994213+00:00
SARB017J,Grand Seiko,MARK,engine_median,20.46,DERIVED,2026-08-13T12:05:36.604874+00:00
SARB021J,Grand Seiko,MARK,engine_median,52.61,DERIVED,2026-08-13T12:05:36.604874+00:00
SARB059J,Grand Seiko,MARK,engine_median,19.87,DERIVED,2026-08-13T12:05:36.604874+00:00
SARB065J,Grand Seiko,MARK,engine_median,21.05,DERIVED,2026-08-13T12:05:36.604874+00:00
SARB066J,Grand Seiko,MARK,engine_median,78.33,DERIVED,2026-08-13T12:05:36.604874+00:00
SARB068J,Grand Seiko,MARK,engine_median,115.75,DERIVED,2026-08-13T12:05:36.604874+00:00
SARC013J,Grand Seiko,MARK,engine_median,19.87,DERIVED,2026-08-13T12:05:36.604874+00:00
SARC017J,Grand Seiko,MARK,engine_median,24.55,DERIVED,2026-08-13T12:05:36.604874+00:00
SARD015,Grand Seiko,MARK,engine_median,1582.15,DERIVED,2026-08-13T12:05:36.604874+00:00
SARD015,Grand Seiko,MARK,engine_median,805.5,DERIVED,2026-08-13T22:07:35.994213+00:00
SARD015,Grand Seiko,MARK,engine_median,1582.15,DERIVED,2026-08-14T21:47:56.498486+00:00
SARD015,Grand Seiko,MARK,engine_median,805.5,DERIVED,2026-08-16T10:01:25.617322+00:00
SARD015,Grand Seiko,MARK,engine_median,1582.15,DERIVED,2026-08-16T21:41:16.998484+00:00
SARD015,Grand Seiko,MARK,engine_median,805.5,DERIVED,2026-08-20T19:55:02.750956+00:00
SARD015,Grand Seiko,MARK,engine_median,1582.15,DERIVED,2026-08-20T21:48:50.588638+00:00
SARF007J,Grand Seiko,MARK,engine_median,39.16,DERIVED,2026-08-13T12:05:36.604874+00:00
SARF011J,Grand Seiko,MARK,engine_median,158.42,DERIVED,2026-08-13T12:05:36.604874+00:00
SARF015J,Grand Seiko,MARK,engine_median,192.32,DERIVED,2026-08-13T12:05:36.604874+00:00
SARF023,Grand Seiko,MARK,engine_median,444.87,DERIVED,2026-08-13T12:05:36.604874+00:00
SARG009J,Grand Seiko,MARK,engine_median,19.87,DERIVED,2026-08-13T12:05:36.604874+00:00
SARG013J,Grand Seiko,MARK,engine_median,258.97,DERIVED,2026-08-13T12:05:36.604874+00:00
SARH001,Grand Seiko,MARK,engine_median,18.13,DERIVED,2026-08-13T12:05:36.604874+00:00
SARJ005,Grand Seiko,MARK,engine_median,246.69,DERIVED,2026-08-13T12:05:36.604874+00:00
SARJ007,Grand Seiko,MARK,engine_median,19.87,DERIVED,2026-08-13T12:05:36.604874+00:00
SARJ010,Grand Seiko,MARK,engine_median,892.14,DERIVED,2026-08-13T12:05:36.604874+00:00
SARR005J,Grand Seiko,MARK,engine_median,104.06,DERIVED,2026-08-13T12:05:36.604874+00:00
SART001,Grand Seiko,MARK,engine_median,47.35,DERIVED,2026-08-13T12:05:36.604874+00:00
SART003,Grand Seiko,MARK,engine_median,16.95,DERIVED,2026-08-13T12:05:36.604874+00:00
SARV001,Grand Seiko,MARK,engine_median,15.78,DERIVED,2026-08-13T12:05:36.604874+00:00
SARV004,Grand Seiko,MARK,engine_median,20.46,DERIVED,2026-08-13T12:05:36.604874+00:00
SARV006,Grand Seiko,MARK,engine_median,18.7,DERIVED,2026-08-13T12:05:36.604874+00:00
SARV006,Grand Seiko,MARK,engine_median,20.46,DERIVED,2026-08-13T22:07:35.994213+00:00
SARV006,Grand Seiko,MARK,engine_median,18.7,DERIVED,2026-08-15T21:41:53.174601+00:00
SARW021,Grand Seiko,MARK,engine_median,53.78,DERIVED,2026-08-13T12:05:36.604874+00:00
SARW029,Grand Seiko,MARK,engine_median,66.64,DERIVED,2026-08-13T12:05:36.604874+00:00
SARW061,Grand Seiko,MARK,engine_median,1843.1,DERIVED,2026-08-13T12:05:36.604874+00:00
SARW065,Grand Seiko,MARK,engine_median,51.44,DERIVED,2026-08-13T12:05:36.604874+00:00
SARX001J,Grand Seiko,MARK,engine_median,156.08,DERIVED,2026-08-13T12:05:36.604874+00:00
SARX013J,Grand Seiko,MARK,engine_median,208.69,DERIVED,2026-08-13T12:05:36.604874+00:00
SARX021J,Grand Seiko,MARK,engine_median,53.2,DERIVED,2026-08-13T12:05:36.604874+00:00
SARX033,Grand Seiko,MARK,engine_median,279.43,DERIVED,2026-08-13T12:05:36.604874+00:00
SARX037,Grand Seiko,MARK,engine_median,350.75,DERIVED,2026-08-13T12:05:36.604874+00:00
SARX043,Grand Seiko,MARK,engine_median,248.44,DERIVED,2026-08-13T12:05:36.604874+00:00
SARX071J,Grand Seiko,MARK,engine_median,35.07,DERIVED,2026-08-13T12:05:36.604874+00:00
SARX075,Grand Seiko,MARK,engine_median,279.43,DERIVED,2026-08-13T12:05:36.604874+00:00
SARX083,Grand Seiko,MARK,engine_median,572.88,DERIVED,2026-08-13T12:05:36.604874+00:00
SARX085,,MARK,engine_median,805.5,DERIVED,2026-08-13T22:07:35.994213+00:00
SARX085J,Grand Seiko,MARK,engine_median,112.24,DERIVED,2026-08-13T12:05:36.604874+00:00
SARX097,,MARK,engine_median,553.34,DERIVED,2026-08-13T22:07:35.994213+00:00
SARX105,Grand Seiko,MARK,engine_median,118.08,DERIVED,2026-08-13T12:05:36.604874+00:00
SARX105,Grand Seiko,MARK,engine_median,542.49,DERIVED,2026-08-13T22:07:35.994213+00:00
SARX105,Grand Seiko,MARK,engine_median,118.08,DERIVED,2026-08-15T21:41:53.174601+00:00
SARX115,Grand Seiko,MARK,engine_median,174.21,DERIVED,2026-08-13T12:05:36.604874+00:00
SARX119,Grand Seiko,MARK,engine_median,104.06,DERIVED,2026-08-13T12:05:36.604874+00:00
SARX121,Grand Seiko,MARK,engine_median,395.76,DERIVED,2026-08-13T12:05:36.604874+00:00
SARX126,Grand Seiko,MARK,engine_median,769.04,DERIVED,2026-08-13T12:05:36.604874+00:00
SARX132,Grand Seiko,MARK,engine_median,91.2,DERIVED,2026-08-13T12:05:36.604874+00:00
SARX135,Grand Seiko,MARK,engine_median,101.71,DERIVED,2026-08-13T12:05:36.604874+00:00
SARY001,Grand Seiko,MARK,engine_median,26.89,DERIVED,2026-08-13T12:05:36.604874+00:00
SARY005,Grand Seiko,MARK,engine_median,19.29,DERIVED,2026-08-13T12:05:36.604874+00:00
SARY023J,Grand Seiko,MARK,engine_median,22.79,DERIVED,2026-08-13T12:05:36.604874+00:00
SARY024J,Grand Seiko,MARK,engine_median,24.55,DERIVED,2026-08-13T12:05:36.604874+00:00
SARY052J,Grand Seiko,MARK,engine_median,127.44,DERIVED,2026-08-13T12:05:36.604874+00:00
SARY056,Grand Seiko,MARK,engine_median,42.68,DERIVED,2026-08-13T12:05:36.604874+00:00
SARY062,Grand Seiko,MARK,engine_median,56.7,DERIVED,2026-08-13T12:05:36.604874+00:00
SARY064,Grand Seiko,MARK,engine_median,51.44,DERIVED,2026-08-13T12:05:36.604874+00:00
SARY073,Grand Seiko,MARK,engine_median,21.05,DERIVED,2026-08-13T12:05:36.604874+00:00
SARY093,Grand Seiko,MARK,engine_median,339.48,DERIVED,2026-08-13T12:05:36.604874+00:00
SARY105,Grand Seiko,MARK,engine_median,191.15,DERIVED,2026-08-13T12:05:36.604874+00:00
SARY123,Grand Seiko,MARK,engine_median,288.65,DERIVED,2026-08-13T12:05:36.604874+00:00
SARY147,Grand Seiko,MARK,engine_median,30.98,DERIVED,2026-08-13T12:05:36.604874+00:00
SARY161,Grand Seiko,MARK,engine_median,282.8,DERIVED,2026-08-13T12:05:36.604874+00:00
SARY161,Grand Seiko,MARK,engine_median,285.94,DERIVED,2026-08-18T21:46:17.264769+00:00
SARY163J,Grand Seiko,MARK,engine_median,21.05,DERIVED,2026-08-13T12:05:36.604874+00:00
SARY169,Grand Seiko,MARK,engine_median,159.59,DERIVED,2026-08-13T12:05:36.604874+00:00
SARY174,Grand Seiko,MARK,engine_median,42.09,DERIVED,2026-08-13T12:05:36.604874+00:00
SARY177,Grand Seiko,MARK,engine_median,191.15,DERIVED,2026-08-13T12:05:36.604874+00:00
SARY192,Grand Seiko,MARK,engine_median,20.46,DERIVED,2026-08-13T12:05:36.604874+00:00
SARY205,Grand Seiko,MARK,engine_median,176.54,DERIVED,2026-08-13T12:05:36.604874+00:00
SARY208,Grand Seiko,MARK,engine_median,109.9,DERIVED,2026-08-13T12:05:36.604874+00:00
SARY209,Grand Seiko,MARK,engine_median,33.91,DERIVED,2026-08-13T12:05:36.604874+00:00
SARY209,Grand Seiko,MARK,engine_median,226.82,DERIVED,2026-08-14T21:47:56.498486+00:00
SARY217,Grand Seiko,MARK,engine_median,18.7,DERIVED,2026-08-13T12:05:36.604874+00:00
SARY219,Grand Seiko,MARK,engine_median,30.4,DERIVED,2026-08-13T12:05:36.604874+00:00
SARY229,Grand Seiko,MARK,engine_median,378.38,DERIVED,2026-08-13T12:05:36.604874+00:00
SARY231,Grand Seiko,MARK,engine_median,20.46,DERIVED,2026-08-13T12:05:36.604874+00:00
SARY235,Grand Seiko,MARK,engine_median,56.7,DERIVED,2026-08-13T12:05:36.604874+00:00
SARY237,Grand Seiko,MARK,engine_median,339.48,DERIVED,2026-08-13T12:05:36.604874+00:00
SARY241,Grand Seiko,MARK,engine_median,339.48,DERIVED,2026-08-13T12:05:36.604874+00:00
SARY243,Grand Seiko,MARK,engine_median,339.48,DERIVED,2026-08-13T12:05:36.604874+00:00
SARY245,Grand Seiko,MARK,engine_median,74.24,DERIVED,2026-08-13T12:05:36.604874+00:00
SARY251,Grand Seiko,MARK,engine_median,21.05,DERIVED,2026-08-13T12:05:36.604874+00:00
SARY255,Grand Seiko,MARK,engine_median,88.27,DERIVED,2026-08-13T12:05:36.604874+00:00
SARY262,Grand Seiko,MARK,engine_median,63.14,DERIVED,2026-08-13T12:05:36.604874+00:00
SARY264,Grand Seiko,MARK,engine_median,61.97,DERIVED,2026-08-13T12:05:36.604874+00:00
SARY265,Grand Seiko,MARK,engine_median,57.29,DERIVED,2026-08-13T12:05:36.604874+00:00
SARZ001,Grand Seiko,MARK,engine_median,18.7,DERIVED,2026-08-13T12:05:36.604874+00:00
SARZ002,Grand Seiko,MARK,engine_median,39.16,DERIVED,2026-08-13T12:05:36.604874+00:00
SARZ005J,Grand Seiko,MARK,engine_median,20.46,DERIVED,2026-08-13T12:05:36.604874+00:00
SARZ006,Grand Seiko,MARK,engine_median,20.46,DERIVED,2026-08-13T12:05:36.604874+00:00
SARZ007,Grand Seiko,MARK,engine_median,39.16,DERIVED,2026-08-13T12:05:36.604874+00:00
SARZ008,Grand Seiko,MARK,engine_median,18.13,DERIVED,2026-08-13T12:05:36.604874+00:00
SARZ010,Grand Seiko,MARK,engine_median,39.16,DERIVED,2026-08-13T12:05:36.604874+00:00
SARZ015,Grand Seiko,MARK,engine_median,18.7,DERIVED,2026-08-13T12:05:36.604874+00:00
SARZ021,Grand Seiko,MARK,engine_median,18.7,DERIVED,2026-08-13T12:05:36.604874+00:00
SARZ027,Grand Seiko,MARK,engine_median,39.16,DERIVED,2026-08-13T12:05:36.604874+00:00
SARZ033,Grand Seiko,MARK,engine_median,18.7,DERIVED,2026-08-13T12:05:36.604874+00:00
SARZ039,Grand Seiko,MARK,engine_median,18.13,DERIVED,2026-08-13T12:05:36.604874+00:00
SARZ045,Grand Seiko,MARK,engine_median,77.16,DERIVED,2026-08-13T12:05:36.604874+00:00
SAST009,Grand Seiko,MARK,engine_median,382.9,DERIVED,2026-08-13T12:05:36.604874+00:00
SAST011G,Grand Seiko,MARK,engine_median,155.5,DERIVED,2026-08-13T12:05:36.604874+00:00
SAST017,Grand Seiko,MARK,engine_median,287.61,DERIVED,2026-08-13T12:05:36.604874+00:00
SAST019,Grand Seiko,MARK,engine_median,955.19,DERIVED,2026-08-13T12:05:36.604874+00:00
SAST023G,Grand Seiko,MARK,engine_median,77.75,DERIVED,2026-08-13T12:05:36.604874+00:00
SATF001J,Grand Seiko,MARK,engine_median,21.05,DERIVED,2026-08-13T12:05:36.604874+00:00
SAVJ001J,Grand Seiko,MARK,engine_median,19.87,DERIVED,2026-08-13T12:05:36.604874+00:00
SAWG002,Grand Seiko,MARK,engine_median,21.05,DERIVED,2026-08-13T12:05:36.604874+00:00
SAWK001,Grand Seiko,MARK,engine_median,19.87,DERIVED,2026-08-13T12:05:36.604874+00:00
SAWY001,Grand Seiko,MARK,engine_median,21.05,DERIVED,2026-08-13T12:05:36.604874+00:00
SAWZ001,Grand Seiko,MARK,engine_median,19.87,DERIVED,2026-08-13T12:05:36.604874+00:00
SAZA005,Grand Seiko,MARK,engine_median,19.29,DERIVED,2026-08-13T12:05:36.604874+00:00
SAZN974,Grand Seiko,MARK,engine_median,18.7,DERIVED,2026-08-13T12:05:36.604874+00:00
SB0146101B1X1,Breitling,MARK,engine_median,465.0,DERIVED,2026-08-13T12:05:36.604874+00:00
SB0146101L1X1,Breitling,MSRP,watchbase,9550.0,VERIFIED,2026-08-13T12:05:36+00:00
SB0146101L1X1,Breitling,MARK,engine_median,5590.0,DERIVED,2026-08-13T12:05:36.604874+00:00
SB0147101B1X1,Breitling,MARK,manual_check,5900.0,EST,2025-10
SB0147101B1X1,Breitling,MSRP,watchbase,9850.0,VERIFIED,2026-08-13T12:05:36+00:00
SB0147101B1X1,Breitling,MARK,engine_median,9160.5,DERIVED,2026-08-13T12:05:36.604874+00:00
SB0147101I1X2,Breitling,MSRP,watchbase,9650.0,VERIFIED,2026-08-13T12:05:36+00:00
SB0147101I1X2,Breitling,MARK,engine_median,5416.79,DERIVED,2026-08-13T12:05:36.604874+00:00
SB01473A1B1X1,Breitling,MARK,engine_median,9486.0,DERIVED,2026-08-13T12:05:36.604874+00:00
SB0445,Breitling,MARK,manual_check,7442.0,VERIFIED,2026-08-09
SB04451A1B1X1,Breitling,MARK,engine_median,465.0,DERIVED,2026-08-13T12:05:36.604874+00:00
SB04452A1C1X1,Breitling,MARK,engine_median,465.0,DERIVED,2026-08-13T12:05:36.604874+00:00
SB42WSLDR,Bulgari,MSRP,watchbase,8850.0,VERIFIED,2026-08-13T12:05:36+00:00
SBB0026,Cartier,MARK,manual_check,3808.0,VERIFIED,2026-08-09
SBB0027,Cartier,MARK,manual_check,4503.0,VERIFIED,2026-08-09
SBB0028,Cartier,MARK,manual_check,3892.0,VERIFIED,2026-08-09
SBB0030,Cartier,MARK,manual_check,4024.0,VERIFIED,2026-08-09
SBB0039,Cartier,MARK,manual_check,4549.0,VERIFIED,2026-08-09
SBB0040,Cartier,MARK,manual_check,5114.0,VERIFIED,2026-08-09
SBB0044,Cartier,MARK,manual_check,4416.0,VERIFIED,2026-08-09
SBB0046,Cartier,MARK,manual_check,4460.0,VERIFIED,2026-08-09
SBB0048,Cartier,MARK,manual_check,4353.0,VERIFIED,2026-08-09
SBB0049,Cartier,MARK,manual_check,5095.0,VERIFIED,2026-08-09
SBB0060,Cartier,MARK,manual_check,5207.0,VERIFIED,2026-08-09
SBB0061,Cartier,MARK,manual_check,5498.0,VERIFIED,2026-08-09
SBB0062,Cartier,MARK,manual_check,4957.0,VERIFIED,2026-08-09
SBB0068,Cartier,MARK,manual_check,5494.0,VERIFIED,2026-08-09
SBBC007,Grand Seiko,MARK,engine_median,18.7,DERIVED,2026-08-13T12:05:36.604874+00:00
SBBC009,Grand Seiko,MARK,engine_median,19.29,DERIVED,2026-08-13T12:05:36.604874+00:00
SBBC035,Grand Seiko,MARK,engine_median,19.29,DERIVED,2026-08-13T12:05:36.604874+00:00
SBBC045,Grand Seiko,MARK,engine_median,18.7,DERIVED,2026-08-13T12:05:36.604874+00:00
SBBN007J,Grand Seiko,MARK,engine_median,15.78,DERIVED,2026-08-13T12:05:36.604874+00:00
SBBN011J,Grand Seiko,MARK,engine_median,121.59,DERIVED,2026-08-13T12:05:36.604874+00:00
SBBN015J,Grand Seiko,MARK,engine_median,125.1,DERIVED,2026-08-13T12:05:36.604874+00:00
SBBN017J,Grand Seiko,MARK,engine_median,154.32,DERIVED,2026-08-13T12:05:36.604874+00:00
SBBN021J,Grand Seiko,MARK,engine_median,52.61,DERIVED,2026-08-13T12:05:36.604874+00:00
SBBN023J,Grand Seiko,MARK,engine_median,164.85,DERIVED,2026-08-13T12:05:36.604874+00:00
SBBN031J,Grand Seiko,MARK,engine_median,66.06,DERIVED,2026-08-13T12:05:36.604874+00:00
SBBN040,Grand Seiko,MARK,engine_median,68.98,DERIVED,2026-08-13T12:05:36.604874+00:00
SBBN042,Grand Seiko,MARK,engine_median,328.53,DERIVED,2026-08-13T12:05:36.604874+00:00
SBBN047,Grand Seiko,MARK,engine_median,1379.65,DERIVED,2026-08-13T22:07:35.994213+00:00
SBBN049,Grand Seiko,MARK,engine_median,144.98,DERIVED,2026-08-13T12:05:36.604874+00:00
SBBN051J,Grand Seiko,MARK,engine_median,295.8,DERIVED,2026-08-13T12:05:36.604874+00:00
SBBP005,Grand Seiko,MARK,engine_median,21.05,DERIVED,2026-08-13T12:05:36.604874+00:00
SBBP029,Grand Seiko,MARK,engine_median,21.05,DERIVED,2026-08-13T12:05:36.604874+00:00
SBBP071J,Grand Seiko,MARK,engine_median,15.78,DERIVED,2026-08-13T12:05:36.604874+00:00
SBBT019,Grand Seiko,MARK,engine_median,21.05,DERIVED,2026-08-13T12:05:36.604874+00:00
SBBT029,Grand Seiko,MARK,engine_median,21.05,DERIVED,2026-08-13T12:05:36.604874+00:00
SBC018J,Grand Seiko,MARK,engine_median,21.05,DERIVED,2026-08-13T12:05:36.604874+00:00
SBCA001J,Grand Seiko,MARK,engine_median,16.37,DERIVED,2026-08-13T12:05:36.604874+00:00
SBCB001J,Grand Seiko,MARK,engine_median,19.29,DERIVED,2026-08-13T12:05:36.604874+00:00
SBCB007J,Grand Seiko,MARK,engine_median,18.7,DERIVED,2026-08-13T12:05:36.604874+00:00
SBCC001,Grand Seiko,MARK,engine_median,21.05,DERIVED,2026-08-13T12:05:36.604874+00:00
SBCD001,Grand Seiko,MARK,engine_median,39.16,DERIVED,2026-08-13T12:05:36.604874+00:00
SBCF001,Grand Seiko,MARK,engine_median,21.05,DERIVED,2026-08-13T12:05:36.604874+00:00
SBCJ019J,Grand Seiko,MARK,engine_median,19.87,DERIVED,2026-08-13T12:05:36.604874+00:00
SBCL001J,Grand Seiko,MARK,engine_median,18.7,DERIVED,2026-08-13T12:05:36.604874+00:00
SBCN003J,Grand Seiko,MARK,engine_median,49.1,DERIVED,2026-08-13T12:05:36.604874+00:00
SBCR001,Grand Seiko,MARK,engine_median,21.05,DERIVED,2026-08-13T12:05:36.604874+00:00
SBCW019J,Grand Seiko,MARK,engine_median,21.05,DERIVED,2026-08-13T12:05:36.604874+00:00
SBCZ005J,Grand Seiko,MARK,engine_median,39.16,DERIVED,2026-08-13T12:05:36.604874+00:00
SBCZ011J,Grand Seiko,MARK,engine_median,19.29,DERIVED,2026-08-13T12:05:36.604874+00:00
SBCZ011J,Grand Seiko,MARK,engine_median,39.16,DERIVED,2026-08-13T22:07:35.994213+00:00
SBCZ011J,Grand Seiko,MARK,engine_median,19.29,DERIVED,2026-08-15T21:41:53.174601+00:00
SBCZ021,Grand Seiko,MARK,engine_median,30.4,DERIVED,2026-08-13T12:05:36.604874+00:00
SBDA001J,Grand Seiko,MARK,engine_median,22.22,DERIVED,2026-08-13T12:05:36.604874+00:00
SBDB001J,Grand Seiko,MARK,engine_median,16.37,DERIVED,2026-08-13T12:05:36.604874+00:00
SBDB007J,Grand Seiko,MARK,engine_median,346.07,DERIVED,2026-08-13T12:05:36.604874+00:00
SBDB008J,Grand Seiko,MARK,engine_median,161.35,DERIVED,2026-08-13T12:05:36.604874+00:00
SBDB011J,Grand Seiko,MARK,engine_median,1312.37,DERIVED,2026-08-13T12:05:36.604874+00:00
SBDB017J,Grand Seiko,MARK,engine_median,113.4,DERIVED,2026-08-13T12:05:36.604874+00:00
SBDB018J,Grand Seiko,MARK,engine_median,1124.72,DERIVED,2026-08-13T12:05:36.604874+00:00
SBDB023,Grand Seiko,MARK,engine_median,177.71,DERIVED,2026-08-13T12:05:36.604874+00:00
SBDB029,Grand Seiko,MARK,engine_median,1489.5,DERIVED,2026-08-13T12:05:36.604874+00:00
SBDB031J,Grand Seiko,MARK,engine_median,128.61,DERIVED,2026-08-13T12:05:36.604874+00:00
SBDB033J,Grand Seiko,MARK,engine_median,25.72,DERIVED,2026-08-13T12:05:36.604874+00:00
SBDB033J,Grand Seiko,MARK,engine_median,118.08,DERIVED,2026-08-13T22:07:35.994213+00:00
SBDB033J,Grand Seiko,MARK,engine_median,25.72,DERIVED,2026-08-15T21:41:53.174601+00:00
SBDB035J,Grand Seiko,MARK,engine_median,121.59,DERIVED,2026-08-13T12:05:36.604874+00:00
SBDB037J,Grand Seiko,MARK,engine_median,98.21,DERIVED,2026-08-13T12:05:36.604874+00:00
SBDB039J,Grand Seiko,MARK,engine_median,128.61,DERIVED,2026-08-13T12:05:36.604874+00:00
SBDC001J,Grand Seiko,MARK,engine_median,23.38,DERIVED,2026-08-13T12:05:36.604874+00:00
SBDC001J,Grand Seiko,MARK,engine_median,58.46,DERIVED,2026-08-13T22:07:35.994213+00:00
SBDC001J,Grand Seiko,MARK,engine_median,23.38,DERIVED,2026-08-15T21:41:53.174601+00:00
SBDC005J,Grand Seiko,MARK,engine_median,35.07,DERIVED,2026-08-13T12:05:36.604874+00:00
SBDC013J,Grand Seiko,MARK,engine_median,19.29,DERIVED,2026-08-13T12:05:36.604874+00:00
SBDC027J,Grand Seiko,MARK,engine_median,70.15,DERIVED,2026-08-13T12:05:36.604874+00:00
SBDC037J,Grand Seiko,MARK,engine_median,88.85,DERIVED,2026-08-13T12:05:36.604874+00:00
SBDC041J,Grand Seiko,MARK,engine_median,85.35,DERIVED,2026-08-13T12:05:36.604874+00:00
SBDC053,Grand Seiko,MARK,engine_median,22.22,DERIVED,2026-08-13T12:05:36.604874+00:00
SBDC055,Grand Seiko,MARK,engine_median,78.92,DERIVED,2026-08-13T12:05:36.604874+00:00
SBDC059J,Grand Seiko,MARK,engine_median,122.76,DERIVED,2026-08-13T12:05:36.604874+00:00
SBDC063,Grand Seiko,MARK,engine_median,84.17,DERIVED,2026-08-13T12:05:36.604874+00:00
SBDC085J,Grand Seiko,MARK,engine_median,130.94,DERIVED,2026-08-13T12:05:36.604874+00:00
SBDC087,Grand Seiko,MARK,engine_median,43.25,DERIVED,2026-08-13T12:05:36.604874+00:00
SBDC101,Grand Seiko,MARK,engine_median,696.57,DERIVED,2026-08-21T21:45:15.687735+00:00
SBDC107,Grand Seiko,MARK,engine_median,78.33,DERIVED,2026-08-13T12:05:36.604874+00:00
SBDC119,Grand Seiko,MARK,engine_median,701.49,DERIVED,2026-08-13T12:05:36.604874+00:00
SBDC133J,Grand Seiko,MARK,engine_median,88.85,DERIVED,2026-08-13T12:05:36.604874+00:00
SBDC137,Grand Seiko,MARK,engine_median,20.46,DERIVED,2026-08-13T12:05:36.604874+00:00
SBDC138,Grand Seiko,MARK,engine_median,141.47,DERIVED,2026-08-13T12:05:36.604874+00:00
SBDC141,Grand Seiko,MARK,engine_median,24.55,DERIVED,2026-08-13T12:05:36.604874+00:00
SBDC143,Grand Seiko,MARK,engine_median,250.2,DERIVED,2026-08-13T12:05:36.604874+00:00
SBDC145,Grand Seiko,MARK,engine_median,51.44,DERIVED,2026-08-13T12:05:36.604874+00:00
SBDC153,Grand Seiko,MARK,engine_median,82.43,DERIVED,2026-08-13T12:05:36.604874+00:00
SBDC153,Grand Seiko,MARK,engine_median,307.49,DERIVED,2026-08-13T22:07:35.994213+00:00
SBDC153,Grand Seiko,MARK,engine_median,82.43,DERIVED,2026-08-15T21:41:53.174601+00:00
SBDC159,Grand Seiko,MARK,engine_median,672.13,DERIVED,2026-08-13T12:05:36.604874+00:00
SBDC175,Grand Seiko,MARK,engine_median,126.85,DERIVED,2026-08-13T12:05:36.604874+00:00
SBDC175,Grand Seiko,MARK,engine_median,613.8,DERIVED,2026-08-13T22:07:35.994213+00:00
SBDC175,Grand Seiko,MARK,engine_median,126.85,DERIVED,2026-08-15T21:41:53.174601+00:00
SBDC177,Grand Seiko,MARK,engine_median,594.31,DERIVED,2026-08-13T22:07:35.994213+00:00
SBDC181,Grand Seiko,MARK,engine_median,188.82,DERIVED,2026-08-13T12:05:36.604874+00:00
SBDC183,Grand Seiko,MARK,engine_median,32.74,DERIVED,2026-08-13T12:05:36.604874+00:00
SBDC185,Grand Seiko,MARK,engine_median,75.99,DERIVED,2026-08-13T12:05:36.604874+00:00
SBDC187,Grand Seiko,MARK,engine_median,928.61,DERIVED,2026-08-13T22:07:35.994213+00:00
SBDC191,Grand Seiko,MARK,engine_median,624.33,DERIVED,2026-08-13T12:05:36.604874+00:00
SBDC191,Grand Seiko,MARK,engine_median,912.9,DERIVED,2026-08-13T22:07:35.994213+00:00
SBDC191,Grand Seiko,MARK,engine_median,624.33,DERIVED,2026-08-15T21:41:53.174601+00:00
SBDC193,Grand Seiko,MARK,engine_median,162.51,DERIVED,2026-08-13T12:05:36.604874+00:00
SBDC195,Grand Seiko,MARK,engine_median,21.05,DERIVED,2026-08-13T12:05:36.604874+00:00
SBDC199,Grand Seiko,MARK,engine_median,329.7,DERIVED,2026-08-13T12:05:36.604874+00:00
SBDC201,Grand Seiko,MARK,engine_median,134.45,DERIVED,2026-08-13T12:05:36.604874+00:00
SBDC207,Grand Seiko,MARK,engine_median,38.59,DERIVED,2026-08-13T12:05:36.604874+00:00
SBDC211,,MARK,engine_median,641.22,DERIVED,2026-08-13T22:07:35.994213+00:00
SBDC215,Grand Seiko,MARK,engine_median,28.06,DERIVED,2026-08-13T12:05:36.604874+00:00
SBDC215,Grand Seiko,MARK,engine_median,276.51,DERIVED,2026-08-13T22:07:35.994213+00:00
SBDC219,Grand Seiko,MARK,engine_median,68.98,DERIVED,2026-08-13T12:05:36.604874+00:00
SBDE007J,Grand Seiko,MARK,engine_median,30.98,DERIVED,2026-08-13T12:05:36.604874+00:00
SBDE009J,Grand Seiko,MARK,engine_median,30.98,DERIVED,2026-08-13T12:05:36.604874+00:00
SBDF001J,Grand Seiko,MARK,engine_median,21.05,DERIVED,2026-08-13T12:05:36.604874+00:00
SBDF003J,Grand Seiko,MARK,engine_median,24.55,DERIVED,2026-08-13T12:05:36.604874+00:00
SBDF007J,Grand Seiko,MARK,engine_median,24.55,DERIVED,2026-08-13T12:05:36.604874+00:00
SBDF009J,Grand Seiko,MARK,engine_median,24.55,DERIVED,2026-08-13T12:05:36.604874+00:00
SBDF011,Grand Seiko,MARK,engine_median,24.55,DERIVED,2026-08-13T12:05:36.604874+00:00
SBDF021J,Grand Seiko,MARK,engine_median,24.55,DERIVED,2026-08-13T12:05:36.604874+00:00
SBDF025J,Grand Seiko,MARK,engine_median,24.55,DERIVED,2026-08-13T12:05:36.604874+00:00
SBDF029,Grand Seiko,MARK,engine_median,24.55,DERIVED,2026-08-13T12:05:36.604874+00:00
SBDF031,Grand Seiko,MARK,engine_median,30.98,DERIVED,2026-08-13T12:05:36.604874+00:00
SBDG001J,Grand Seiko,MARK,engine_median,24.55,DERIVED,2026-08-13T12:05:36.604874+00:00
SBDG003,Grand Seiko,MARK,engine_median,24.55,DERIVED,2026-08-13T12:05:36.604874+00:00
SBDH001J,Grand Seiko,MARK,engine_median,21.05,DERIVED,2026-08-13T12:05:36.604874+00:00
SBDH007J,Grand Seiko,MARK,engine_median,30.98,DERIVED,2026-08-13T12:05:36.604874+00:00
SBDH009J,Grand Seiko,MARK,engine_median,30.98,DERIVED,2026-08-13T12:05:36.604874+00:00
SBDH015J,Grand Seiko,MARK,engine_median,30.98,DERIVED,2026-08-13T12:05:36.604874+00:00
SBDH021,Grand Seiko,MARK,engine_median,52.02,DERIVED,2026-08-13T12:05:36.604874+00:00
SBDJ001,Grand Seiko,MARK,engine_median,18.7,DERIVED,2026-08-13T12:05:36.604874+00:00
SBDJ009J,Grand Seiko,MARK,engine_median,25.72,DERIVED,2026-08-13T12:05:36.604874+00:00
SBDJ017,Grand Seiko,MARK,engine_median,18.7,DERIVED,2026-08-13T12:05:36.604874+00:00
SBDJ019,Grand Seiko,MARK,engine_median,71.32,DERIVED,2026-08-13T12:05:36.604874+00:00
SBDJ027J,Grand Seiko,MARK,engine_median,45.6,DERIVED,2026-08-13T12:05:36.604874+00:00
SBDJ028J,Grand Seiko,MARK,engine_median,63.14,DERIVED,2026-08-13T12:05:36.604874+00:00
SBDJ029J,Grand Seiko,MARK,engine_median,60.79,DERIVED,2026-08-13T12:05:36.604874+00:00
SBDJ047,Grand Seiko,MARK,engine_median,18.13,DERIVED,2026-08-13T12:05:36.604874+00:00
SBDJ055,Grand Seiko,MARK,engine_median,20.46,DERIVED,2026-08-13T12:05:36.604874+00:00
SBDJ059,Grand Seiko,MARK,engine_median,29.82,DERIVED,2026-08-13T12:05:36.604874+00:00
SBDJ061,Grand Seiko,MARK,engine_median,319.76,DERIVED,2026-08-13T12:05:36.604874+00:00
SBDJ063,Grand Seiko,MARK,engine_median,319.76,DERIVED,2026-08-13T12:05:36.604874+00:00
SBDJ065,Grand Seiko,MARK,engine_median,16.95,DERIVED,2026-08-13T12:05:36.604874+00:00
SBDL005J,Grand Seiko,MARK,engine_median,18.7,DERIVED,2026-08-13T12:05:36.604874+00:00
SBDL007J,Grand Seiko,MARK,engine_median,18.7,DERIVED,2026-08-13T12:05:36.604874+00:00
SBDL011J,Grand Seiko,MARK,engine_median,18.13,DERIVED,2026-08-13T12:05:36.604874+00:00
SBDL021J,Grand Seiko,MARK,engine_median,24.55,DERIVED,2026-08-13T12:05:36.604874+00:00
SBDL022,Grand Seiko,MARK,engine_median,68.98,DERIVED,2026-08-13T12:05:36.604874+00:00
SBDL023,Grand Seiko,MARK,engine_median,50.86,DERIVED,2026-08-13T12:05:36.604874+00:00
SBDL025,Grand Seiko,MARK,engine_median,19.87,DERIVED,2026-08-13T12:05:36.604874+00:00
SBDL029J,Grand Seiko,MARK,engine_median,18.7,DERIVED,2026-08-13T12:05:36.604874+00:00
SBDL031,Grand Seiko,MARK,engine_median,21.05,DERIVED,2026-08-13T12:05:36.604874+00:00
SBDL033,Grand Seiko,MARK,engine_median,54.95,DERIVED,2026-08-13T12:05:36.604874+00:00
SBDL037J,Grand Seiko,MARK,engine_median,36.24,DERIVED,2026-08-13T12:05:36.604874+00:00
SBDL038J,Grand Seiko,MARK,engine_median,58.46,DERIVED,2026-08-13T12:05:36.604874+00:00
SBDL049,Grand Seiko,MARK,engine_median,90.61,DERIVED,2026-08-13T12:05:36.604874+00:00
SBDL055,Grand Seiko,MARK,engine_median,20.46,DERIVED,2026-08-13T12:05:36.604874+00:00
SBDL057,Grand Seiko,MARK,engine_median,117.5,DERIVED,2026-08-13T12:05:36.604874+00:00
SBDL063,Grand Seiko,MARK,engine_median,91.78,DERIVED,2026-08-13T12:05:36.604874+00:00
SBDL065,Grand Seiko,MARK,engine_median,118.67,DERIVED,2026-08-13T12:05:36.604874+00:00
SBDL083J,Grand Seiko,MARK,engine_median,26.89,DERIVED,2026-08-13T12:05:36.604874+00:00
SBDL087,Grand Seiko,MARK,engine_median,982.93,DERIVED,2026-08-13T12:05:36.604874+00:00
SBDL093,Grand Seiko,MARK,engine_median,79.51,DERIVED,2026-08-13T12:05:36.604874+00:00
SBDL097,Grand Seiko,MARK,engine_median,505.54,DERIVED,2026-08-20T04:37:33.725646+00:00
SBDL099,Grand Seiko,MARK,engine_median,462.59,DERIVED,2026-08-13T12:05:36.604874+00:00
SBDL103,Grand Seiko,MARK,engine_median,92.36,DERIVED,2026-08-13T12:05:36.604874+00:00
SBDL104,Grand Seiko,MARK,engine_median,77.75,DERIVED,2026-08-13T12:05:36.604874+00:00
SBDL104,Grand Seiko,MARK,engine_median,216.29,DERIVED,2026-08-13T22:07:35.994213+00:00
SBDL105,Grand Seiko,MARK,engine_median,516.95,DERIVED,2026-08-13T12:05:36.604874+00:00
SBDL111,Grand Seiko,MARK,engine_median,578.24,DERIVED,2026-08-13T12:05:36.604874+00:00
SBDL113,Grand Seiko,MARK,engine_median,590.49,DERIVED,2026-08-13T12:05:36.604874+00:00
SBDL117,Grand Seiko,MARK,engine_median,578.24,DERIVED,2026-08-13T12:05:36.604874+00:00
SBDL119,Grand Seiko,MARK,engine_median,43.84,DERIVED,2026-08-13T12:05:36.604874+00:00
SBDL121,Grand Seiko,MARK,engine_median,329.7,DERIVED,2026-08-13T12:05:36.604874+00:00
SBDL121,Grand Seiko,MARK,engine_median,835.94,DERIVED,2026-08-13T22:07:35.994213+00:00
SBDL121,Grand Seiko,MARK,engine_median,329.7,DERIVED,2026-08-15T21:41:53.174601+00:00
SBDL125,Grand Seiko,MARK,engine_median,442.87,DERIVED,2026-08-13T12:05:36.604874+00:00
SBDL127,Grand Seiko,MARK,engine_median,442.87,DERIVED,2026-08-13T12:05:36.604874+00:00
SBDL129,Grand Seiko,MARK,engine_median,442.87,DERIVED,2026-08-13T12:05:36.604874+00:00
SBDM007,Grand Seiko,MARK,engine_median,87.69,DERIVED,2026-08-13T12:05:36.604874+00:00
SBDN015J,Grand Seiko,MARK,engine_median,28.06,DERIVED,2026-08-13T12:05:36.604874+00:00
SBDN021J,Grand Seiko,MARK,engine_median,18.7,DERIVED,2026-08-13T12:05:36.604874+00:00
SBDN051,Grand Seiko,MARK,engine_median,57.29,DERIVED,2026-08-13T12:05:36.604874+00:00
SBDN069,Grand Seiko,MARK,engine_median,19.87,DERIVED,2026-08-13T12:05:36.604874+00:00
SBDN080,Grand Seiko,MARK,engine_median,105.22,DERIVED,2026-08-13T12:05:36.604874+00:00
SBDN081,Grand Seiko,MARK,engine_median,23.38,DERIVED,2026-08-13T12:05:36.604874+00:00
SBDP001J,Grand Seiko,MARK,engine_median,15.78,DERIVED,2026-08-13T12:05:36.604874+00:00
SBDP013,Grand Seiko,MARK,engine_median,39.16,DERIVED,2026-08-13T12:05:36.604874+00:00
SBDP021J,Grand Seiko,MARK,engine_median,19.29,DERIVED,2026-08-13T12:05:36.604874+00:00
SBDW005J,Grand Seiko,MARK,engine_median,18.7,DERIVED,2026-08-13T12:05:36.604874+00:00
SBDX001,Grand Seiko,MARK,engine_median,59.62,DERIVED,2026-08-13T12:05:36.604874+00:00
SBDX005,Grand Seiko,MARK,engine_median,2046.01,DERIVED,2026-08-13T12:05:36.604874+00:00
SBDX012,Grand Seiko,MARK,engine_median,86.52,DERIVED,2026-08-13T12:05:36.604874+00:00
SBDX014,Grand Seiko,MARK,engine_median,256.05,DERIVED,2026-08-13T12:05:36.604874+00:00
SBDX014,Grand Seiko,MARK,engine_median,37.36,DERIVED,2026-08-13T22:07:35.994213+00:00
SBDX016J,Grand Seiko,MARK,engine_median,328.53,DERIVED,2026-08-13T12:05:36.604874+00:00
SBDX019,Grand Seiko,MARK,engine_median,20.46,DERIVED,2026-08-13T12:05:36.604874+00:00
SBDX019,Grand Seiko,MARK,engine_median,109.31,DERIVED,2026-08-20T19:55:02.750956+00:00
SBDX063,Grand Seiko,MARK,engine_median,2109.64,DERIVED,2026-08-21T21:45:15.687735+00:00
SBDY001J,Grand Seiko,MARK,engine_median,19.29,DERIVED,2026-08-13T12:05:36.604874+00:00
SBDY015,Grand Seiko,MARK,engine_median,79.51,DERIVED,2026-08-13T12:05:36.604874+00:00
SBDY023,Grand Seiko,MARK,engine_median,77.75,DERIVED,2026-08-13T12:05:36.604874+00:00
SBDY027,Grand Seiko,MARK,engine_median,26.31,DERIVED,2026-08-13T12:05:36.604874+00:00
SBDY033J,Grand Seiko,MARK,engine_median,39.16,DERIVED,2026-08-13T12:05:36.604874+00:00
SBDY035J,Grand Seiko,MARK,engine_median,71.32,DERIVED,2026-08-13T12:05:36.604874+00:00
SBDY037,Grand Seiko,MARK,engine_median,40.92,DERIVED,2026-08-13T12:05:36.604874+00:00
SBDY039J,Grand Seiko,MARK,engine_median,30.98,DERIVED,2026-08-13T12:05:36.604874+00:00
SBDY053,Grand Seiko,MARK,engine_median,26.31,DERIVED,2026-08-13T12:05:36.604874+00:00
SBDY059,Grand Seiko,MARK,engine_median,77.75,DERIVED,2026-08-13T12:05:36.604874+00:00
SBDY061,Grand Seiko,MARK,engine_median,77.75,DERIVED,2026-08-13T12:05:36.604874+00:00
SBDY079J,Grand Seiko,MARK,engine_median,73.07,DERIVED,2026-08-13T12:05:36.604874+00:00
SBDY083,Grand Seiko,MARK,engine_median,21.63,DERIVED,2026-08-13T12:05:36.604874+00:00
SBDY087,Grand Seiko,MARK,engine_median,23.38,DERIVED,2026-08-13T12:05:36.604874+00:00
SBDY111,Grand Seiko,MARK,engine_median,39.16,DERIVED,2026-08-13T12:05:36.604874+00:00
SBDY115,Grand Seiko,MARK,engine_median,490.35,DERIVED,2026-08-13T12:05:36.604874+00:00
SBDY121,Grand Seiko,MARK,engine_median,20.46,DERIVED,2026-08-13T12:05:36.604874+00:00
SBDY127,Grand Seiko,MARK,engine_median,40.92,DERIVED,2026-08-13T12:05:36.604874+00:00
SBDY129,Grand Seiko,MARK,engine_median,37.41,DERIVED,2026-08-13T12:05:36.604874+00:00
SBDY131,Grand Seiko,MARK,engine_median,373.59,DERIVED,2026-08-13T12:05:36.604874+00:00
SBDY137,Grand Seiko,MARK,engine_median,111.66,DERIVED,2026-08-13T12:05:36.604874+00:00
SBEA001,Grand Seiko,MARK,engine_median,21.05,DERIVED,2026-08-13T12:05:36.604874+00:00
SBEB001J,Grand Seiko,MARK,engine_median,33.91,DERIVED,2026-08-13T12:05:36.604874+00:00
SBEB005J,Grand Seiko,MARK,engine_median,33.91,DERIVED,2026-08-13T12:05:36.604874+00:00
SBEB011J,Grand Seiko,MARK,engine_median,20.46,DERIVED,2026-08-13T12:05:36.604874+00:00
SBEB013J,Grand Seiko,MARK,engine_median,18.7,DERIVED,2026-08-13T12:05:36.604874+00:00
SBEB015J,Grand Seiko,MARK,engine_median,64.3,DERIVED,2026-08-13T12:05:36.604874+00:00
SBEB021,Grand Seiko,MARK,engine_median,121.59,DERIVED,2026-08-13T12:05:36.604874+00:00
SBEB023,Grand Seiko,MARK,engine_median,74.24,DERIVED,2026-08-13T12:05:36.604874+00:00
SBEB025J,Grand Seiko,MARK,engine_median,74.24,DERIVED,2026-08-13T12:05:36.604874+00:00
SBEB031,Grand Seiko,MARK,engine_median,54.95,DERIVED,2026-08-13T12:05:36.604874+00:00
SBEB033,Grand Seiko,MARK,engine_median,54.95,DERIVED,2026-08-13T12:05:36.604874+00:00
SBEB035J,Grand Seiko,MARK,engine_median,20.46,DERIVED,2026-08-13T12:05:36.604874+00:00
SBEB037J,Grand Seiko,MARK,engine_median,121.59,DERIVED,2026-08-13T12:05:36.604874+00:00
SBEB039J,Grand Seiko,MARK,engine_median,120.43,DERIVED,2026-08-13T12:05:36.604874+00:00
SBEB041J,Grand Seiko,MARK,engine_median,122.76,DERIVED,2026-08-13T12:05:36.604874+00:00
SBEC001,Grand Seiko,MARK,engine_median,1642.66,DERIVED,2026-08-13T12:05:36.604874+00:00
SBEC009,,MARK,engine_median,1131.17,DERIVED,2026-08-13T12:05:36.604874+00:00
SBEC011,Grand Seiko,MARK,engine_median,1157.46,DERIVED,2026-08-13T12:05:36.604874+00:00
SBEC017,Grand Seiko,MARK,engine_median,1379.65,DERIVED,2026-08-13T22:07:35.994213+00:00
SBEC023,Grand Seiko,MARK,engine_median,2400.65,DERIVED,2026-08-13T12:05:36.604874+00:00
SBED009,Grand Seiko,MARK,engine_median,102.3,DERIVED,2026-08-13T12:05:36.604874+00:00
SBED009,Grand Seiko,MARK,engine_median,647.12,DERIVED,2026-08-13T22:07:35.994213+00:00
SBED013,Grand Seiko,MARK,engine_median,122.76,DERIVED,2026-08-13T12:05:36.604874+00:00
SBED015,Grand Seiko,MARK,engine_median,185.9,DERIVED,2026-08-13T12:05:36.604874+00:00
SBEE001J,Grand Seiko,MARK,engine_median,54.37,DERIVED,2026-08-13T12:05:36.604874+00:00
SBEF005J,Grand Seiko,MARK,engine_median,30.98,DERIVED,2026-08-13T12:05:36.604874+00:00
SBEF007J,Grand Seiko,MARK,engine_median,30.98,DERIVED,2026-08-13T12:05:36.604874+00:00
SBEF009,Grand Seiko,MARK,engine_median,30.98,DERIVED,2026-08-13T12:05:36.604874+00:00
SBEF019,Grand Seiko,MARK,engine_median,41.51,DERIVED,2026-08-13T12:05:36.604874+00:00
SBEF021,Grand Seiko,MARK,engine_median,41.51,DERIVED,2026-08-13T12:05:36.604874+00:00
SBEF029J,Grand Seiko,MARK,engine_median,57.87,DERIVED,2026-08-13T12:05:36.604874+00:00
SBEF031J,Grand Seiko,MARK,engine_median,57.87,DERIVED,2026-08-13T12:05:36.604874+00:00
SBEF033J,Grand Seiko,MARK,engine_median,20.46,DERIVED,2026-08-13T12:05:36.604874+00:00
SBEF039J,Grand Seiko,MARK,engine_median,57.87,DERIVED,2026-08-13T12:05:36.604874+00:00
SBEF041,Grand Seiko,MARK,engine_median,20.46,DERIVED,2026-08-13T12:05:36.604874+00:00
SBEF043,Grand Seiko,MARK,engine_median,62.55,DERIVED,2026-08-13T12:05:36.604874+00:00
SBEF047,Grand Seiko,MARK,engine_median,44.43,DERIVED,2026-08-13T12:05:36.604874+00:00
SBEF050,Grand Seiko,MARK,engine_median,44.43,DERIVED,2026-08-13T12:05:36.604874+00:00
SBEF051,Grand Seiko,MARK,engine_median,44.43,DERIVED,2026-08-13T12:05:36.604874+00:00
SBEF055,Grand Seiko,MARK,engine_median,44.43,DERIVED,2026-08-13T12:05:36.604874+00:00
SBEF057J,Grand Seiko,MARK,engine_median,18.13,DERIVED,2026-08-13T12:05:36.604874+00:00
SBEF057J,Grand Seiko,MARK,engine_median,20.46,DERIVED,2026-08-13T22:07:35.994213+00:00
SBEF057J,Grand Seiko,MARK,engine_median,18.13,DERIVED,2026-08-15T21:41:53.174601+00:00
SBEF059J,Grand Seiko,MARK,engine_median,44.43,DERIVED,2026-08-13T12:05:36.604874+00:00
SBEF061,Grand Seiko,MARK,engine_median,20.46,DERIVED,2026-08-13T12:05:36.604874+00:00
SBEG001J,Grand Seiko,MARK,engine_median,21.05,DERIVED,2026-08-13T12:05:36.604874+00:00
SBEG003J,Grand Seiko,MARK,engine_median,36.24,DERIVED,2026-08-13T12:05:36.604874+00:00
SBEG005J,Grand Seiko,MARK,engine_median,32.74,DERIVED,2026-08-13T12:05:36.604874+00:00
SBEG015J,Grand Seiko,MARK,engine_median,20.46,DERIVED,2026-08-13T12:05:36.604874+00:00
SBEH001,Grand Seiko,MARK,engine_median,63.71,DERIVED,2026-08-13T12:05:36.604874+00:00
SBEH005,Grand Seiko,MARK,engine_median,63.71,DERIVED,2026-08-13T12:05:36.604874+00:00
SBEH007,Grand Seiko,MARK,engine_median,65.47,DERIVED,2026-08-13T12:05:36.604874+00:00
SBEH011,Grand Seiko,MARK,engine_median,63.71,DERIVED,2026-08-13T12:05:36.604874+00:00
SBEH015,Grand Seiko,MARK,engine_median,68.39,DERIVED,2026-08-13T12:05:36.604874+00:00
SBEJ001J,Grand Seiko,MARK,engine_median,187.06,DERIVED,2026-08-13T12:05:36.604874+00:00
SBEJ009,Grand Seiko,MARK,engine_median,133.29,DERIVED,2026-08-13T12:05:36.604874+00:00
SBEJ011,Grand Seiko,MARK,engine_median,931.75,DERIVED,2026-08-18T21:46:17.264769+00:00
SBEJ015,Grand Seiko,MARK,engine_median,67.81,DERIVED,2026-08-13T12:05:36.604874+00:00
SBEJ017,Grand Seiko,MARK,engine_median,63.14,DERIVED,2026-08-13T12:05:36.604874+00:00
SBEJ021,Grand Seiko,MARK,engine_median,993.78,DERIVED,2026-08-13T12:05:36.604874+00:00
SBEJ023,Grand Seiko,MARK,engine_median,748.84,DERIVED,2026-08-13T12:05:36.604874+00:00
SBEJ027,Grand Seiko,MARK,engine_median,567.04,DERIVED,2026-08-13T12:05:36.604874+00:00
SBEJ029,Grand Seiko,MARK,engine_median,1146.17,DERIVED,2026-08-13T22:07:35.994213+00:00
SBEK001,Grand Seiko,MARK,engine_median,19.29,DERIVED,2026-08-13T12:05:36.604874+00:00
SBEK003,Grand Seiko,MARK,engine_median,41.51,DERIVED,2026-08-13T12:05:36.604874+00:00
SBEK005,Grand Seiko,MARK,engine_median,43.25,DERIVED,2026-08-13T12:05:36.604874+00:00
SBEL003,Grand Seiko,MARK,engine_median,41.51,DERIVED,2026-08-13T12:05:36.604874+00:00
SBEL005,Grand Seiko,MARK,engine_median,43.25,DERIVED,2026-08-13T12:05:36.604874+00:00
SBEL007,Grand Seiko,MARK,engine_median,41.51,DERIVED,2026-08-13T12:05:36.604874+00:00
SBEL009,Grand Seiko,MARK,engine_median,47.93,DERIVED,2026-08-13T12:05:36.604874+00:00
SBEM001,Grand Seiko,MARK,engine_median,52.02,DERIVED,2026-08-13T12:05:36.604874+00:00
SBEM003,Grand Seiko,MARK,engine_median,20.46,DERIVED,2026-08-13T12:05:36.604874+00:00
SBEM005,Grand Seiko,MARK,engine_median,52.02,DERIVED,2026-08-13T12:05:36.604874+00:00
SBEM007,Grand Seiko,MARK,engine_median,44.43,DERIVED,2026-08-13T12:05:36.604874+00:00
SBEN001,Grand Seiko,MARK,engine_median,66.64,DERIVED,2026-08-13T12:05:36.604874+00:00
SBEN003,Grand Seiko,MARK,engine_median,113.4,DERIVED,2026-08-13T12:05:36.604874+00:00
SBEN005,Grand Seiko,MARK,engine_median,1297.76,DERIVED,2026-08-13T12:05:36.604874+00:00
SBEP001J,Grand Seiko,MARK,engine_median,20.46,DERIVED,2026-08-13T12:05:36.604874+00:00
SBEP003J,Grand Seiko,MARK,engine_median,20.46,DERIVED,2026-08-13T12:05:36.604874+00:00
SBEP005J,Grand Seiko,MARK,engine_median,72.48,DERIVED,2026-08-13T12:05:36.604874+00:00
SBEP017,Grand Seiko,MARK,engine_median,63.71,DERIVED,2026-08-13T12:05:36.604874+00:00
SBEP021,Grand Seiko,MARK,engine_median,56.7,DERIVED,2026-08-13T12:05:36.604874+00:00
SBEQ001,Grand Seiko,MARK,engine_median,19.29,DERIVED,2026-08-13T12:05:36.604874+00:00
SBEQ005,Grand Seiko,MARK,engine_median,19.29,DERIVED,2026-08-13T12:05:36.604874+00:00
SBEQ011,Grand Seiko,MARK,engine_median,28.64,DERIVED,2026-08-13T12:05:36.604874+00:00
SBER001,Grand Seiko,MARK,engine_median,279.43,DERIVED,2026-08-13T12:05:36.604874+00:00
SBER003,Grand Seiko,MARK,engine_median,541.46,DERIVED,2026-08-13T12:05:36.604874+00:00
SBER005,Grand Seiko,MARK,engine_median,28.64,DERIVED,2026-08-13T12:05:36.604874+00:00
SBER007,Grand Seiko,MARK,engine_median,44.43,DERIVED,2026-08-13T12:05:36.604874+00:00
SBET001J,Grand Seiko,MARK,engine_median,21.05,DERIVED,2026-08-13T12:05:36.604874+00:00
SBEX011,Grand Seiko,MARK,engine_median,3626.07,DERIVED,2026-08-13T12:05:36.604874+00:00
SBFG001J,Grand Seiko,MARK,engine_median,18.7,DERIVED,2026-08-13T12:05:36.604874+00:00
SBFG003J,Grand Seiko,MARK,engine_median,18.7,DERIVED,2026-08-13T12:05:36.604874+00:00
SBGA001G,Grand Seiko,MARK,engine_median,49.69,DERIVED,2026-08-13T12:05:36.604874+00:00
SBGA003,,MARK,engine_median,2331.44,DERIVED,2026-08-20T19:55:02.750956+00:00
SBGA005J,Grand Seiko,MARK,engine_median,81.84,DERIVED,2026-08-13T12:05:36.604874+00:00
SBGA011,Grand Seiko,MARK,engine_median,3156.71,DERIVED,2026-08-13T12:05:36.604874+00:00
SBGA015,Grand Seiko,MARK,engine_median,2326.61,DERIVED,2026-08-13T12:05:36.604874+00:00
SBGA015,Grand Seiko,MARK,engine_median,2091.33,DERIVED,2026-08-13T22:07:35.994213+00:00
SBGA015,Grand Seiko,MARK,engine_median,2326.61,DERIVED,2026-08-15T21:41:53.174601+00:00
SBGA015,Grand Seiko,MARK,engine_median,2091.33,DERIVED,2026-08-16T10:01:25.617322+00:00
SBGA015,Grand Seiko,MARK,engine_median,2326.61,DERIVED,2026-08-17T21:49:35.588367+00:00
SBGA015,Grand Seiko,MARK,engine_median,2091.33,DERIVED,2026-08-20T19:55:02.750956+00:00
SBGA015,Grand Seiko,MARK,engine_median,2326.61,DERIVED,2026-08-20T21:48:50.588638+00:00
SBGA015J,Grand Seiko,MARK,engine_median,36.83,DERIVED,2026-08-13T12:05:36.604874+00:00
SBGA025,Grand Seiko,MARK,engine_median,2222.5,DERIVED,2026-08-16T10:01:25.617322+00:00
SBGA029G,Grand Seiko,MARK,engine_median,87.69,DERIVED,2026-08-13T12:05:36.604874+00:00
SBGA031G,Grand Seiko,MARK,engine_median,135.62,DERIVED,2026-08-13T12:05:36.604874+00:00
SBGA070,Grand Seiko,MARK,engine_median,478.18,DERIVED,2026-08-13T12:05:36.604874+00:00
SBGA073J,Grand Seiko,MARK,engine_median,104.06,DERIVED,2026-08-13T12:05:36.604874+00:00
SBGA079,Grand Seiko,MARK,engine_median,2396.76,DERIVED,2026-08-13T12:05:36.604874+00:00
SBGA079J,Grand Seiko,MARK,engine_median,55.53,DERIVED,2026-08-13T12:05:36.604874+00:00
SBGA083,Grand Seiko,MARK,engine_median,2338.3,DERIVED,2026-08-13T12:05:36.604874+00:00
SBGA083,Grand Seiko,MARK,engine_median,1876.9,DERIVED,2026-08-14T21:47:56.498486+00:00
SBGA083,Grand Seiko,MARK,engine_median,2338.3,DERIVED,2026-08-15T21:41:53.174601+00:00
SBGA083,Grand Seiko,MARK,engine_median,1876.9,DERIVED,2026-08-16T06:20:51.808998+00:00
SBGA117,Grand Seiko,MARK,engine_median,198.76,DERIVED,2026-08-13T12:05:36.604874+00:00
SBGA129,Grand Seiko,MARK,engine_median,4612.3,DERIVED,2026-08-13T12:05:36.604874+00:00
SBGA149,Grand Seiko,MARK,engine_median,2046.01,DERIVED,2026-08-13T12:05:36.604874+00:00
SBGA203,Grand Seiko,MARK,engine_median,3099.8,DERIVED,2026-08-16T10:01:25.617322+00:00
SBGA211,Grand Seiko,MARK,manual_check,4611.0,VERIFIED,2026-08-09
SBGA211,Grand Seiko,MARK,engine_median,74.24,DERIVED,2026-08-13T12:05:36.604874+00:00
SBGA211,Grand Seiko,MARK,engine_median,4092.03,DERIVED,2026-08-21T21:45:15.687735+00:00
SBGA225,Grand Seiko,MARK,engine_median,2573.42,DERIVED,2026-08-16T10:01:25.617322+00:00
SBGA225J,Grand Seiko,MARK,engine_median,36.83,DERIVED,2026-08-13T12:05:36.604874+00:00
SBGA227,Grand Seiko,MARK,engine_median,2689.05,DERIVED,2026-08-13T12:05:36.604874+00:00
SBGA227,Grand Seiko,MARK,engine_median,2514.93,DERIVED,2026-08-16T10:01:25.617322+00:00
SBGA229,Grand Seiko,MARK,manual_check,3769.0,VERIFIED,2026-08-09
SBGA229,Grand Seiko,MARK,engine_median,95.29,DERIVED,2026-08-13T12:05:36.604874+00:00
SBGA229G,Grand Seiko,MARK,engine_median,243.77,DERIVED,2026-08-13T12:05:36.604874+00:00
SBGA231G,Grand Seiko,MARK,engine_median,320.35,DERIVED,2026-08-13T12:05:36.604874+00:00
SBGA279,Grand Seiko,MARK,engine_median,2520.05,DERIVED,2026-08-13T12:05:36.604874+00:00
SBGA293G,Grand Seiko,MARK,engine_median,192.91,DERIVED,2026-08-13T12:05:36.604874+00:00
SBGA301,,MARK,engine_median,2545.08,DERIVED,2026-08-13T12:05:36.604874+00:00
SBGA361J,Grand Seiko,MARK,engine_median,29.23,DERIVED,2026-08-13T12:05:36.604874+00:00
SBGA365,Grand Seiko,MARK,engine_median,15.78,DERIVED,2026-08-13T12:05:36.604874+00:00
SBGA371,Grand Seiko,MARK,engine_median,4092.03,DERIVED,2026-08-13T12:05:36.604874+00:00
SBGA373,Grand Seiko,MARK,manual_check,3262.0,VERIFIED,2026-08-09
SBGA373,Grand Seiko,MARK,engine_median,18.7,DERIVED,2026-08-13T12:05:36.604874+00:00
SBGA373,Grand Seiko,MARK,engine_median,46.77,DERIVED,2026-08-13T22:07:35.994213+00:00
SBGA373,Grand Seiko,MARK,engine_median,18.7,DERIVED,2026-08-15T21:42:06.738979+00:00
SBGA373,Grand Seiko,MARK,engine_median,46.77,DERIVED,2026-08-16T06:20:51.808998+00:00
SBGA373,Grand Seiko,MARK,engine_median,18.7,DERIVED,2026-08-16T10:01:25.617322+00:00
SBGA373,Grand Seiko,MARK,engine_median,46.77,DERIVED,2026-08-18T21:46:17.264769+00:00
SBGA373,Grand Seiko,MARK,engine_median,18.7,DERIVED,2026-08-18T21:46:57.536473+00:00
SBGA373,Grand Seiko,MARK,engine_median,46.77,DERIVED,2026-08-20T04:37:33.725646+00:00
SBGA373,Grand Seiko,MARK,engine_median,18.7,DERIVED,2026-08-20T04:37:50.698432+00:00
SBGA373,Grand Seiko,MARK,engine_median,46.77,DERIVED,2026-08-20T19:55:02.750956+00:00
SBGA373,Grand Seiko,MARK,engine_median,18.7,DERIVED,2026-08-20T19:55:05.809575+00:00
SBGA373,Grand Seiko,MARK,engine_median,46.77,DERIVED,2026-08-20T21:48:50.588638+00:00
SBGA373,Grand Seiko,MARK,engine_median,18.7,DERIVED,2026-08-20T21:48:58.880057+00:00
SBGA373,Grand Seiko,MARK,engine_median,46.77,DERIVED,2026-08-21T21:45:28.462956+00:00
SBGA375,Grand Seiko,MARK,manual_check,3555.0,VERIFIED,2026-08-09
SBGA375,Grand Seiko,MARK,engine_median,5208.0,DERIVED,2026-08-13T12:05:36.604874+00:00
SBGA401,Grand Seiko,MARK,manual_check,3842.0,VERIFIED,2026-08-09
SBGA403,Grand Seiko,MARK,engine_median,8137.5,DERIVED,2026-08-13T12:05:36.604874+00:00
SBGA403G,Grand Seiko,MARK,engine_median,135.62,DERIVED,2026-08-13T12:05:36.604874+00:00
SBGA407,Grand Seiko,MARK,manual_check,4152.0,VERIFIED,2026-08-09
SBGA407,Grand Seiko,MARK,engine_median,18.13,DERIVED,2026-08-13T12:05:36.604874+00:00
SBGA407,Grand Seiko,MARK,engine_median,6045.0,DERIVED,2026-08-13T22:07:35.994213+00:00
SBGA407,Grand Seiko,MARK,engine_median,18.13,DERIVED,2026-08-16T10:01:25.617322+00:00
SBGA407,Grand Seiko,MARK,engine_median,5301.0,DERIVED,2026-08-18T21:46:17.264769+00:00
SBGA413,Grand Seiko,MARK,manual_check,5623.0,VERIFIED,2026-08-09
SBGA413,Grand Seiko,MARK,engine_median,108.15,DERIVED,2026-08-13T12:05:36.604874+00:00
SBGA415,Grand Seiko,MARK,manual_check,5034.0,VERIFIED,2026-08-09
SBGA415,Grand Seiko,MARK,engine_median,6696.0,DERIVED,2026-08-13T12:05:36.604874+00:00
SBGA415,Grand Seiko,MARK,engine_median,5579.07,DERIVED,2026-08-21T21:45:15.687735+00:00
SBGA427,Grand Seiko,MARK,engine_median,5394.0,DERIVED,2026-08-13T12:05:36.604874+00:00
SBGA427G,Grand Seiko,MARK,engine_median,263.06,DERIVED,2026-08-13T12:05:36.604874+00:00
SBGA429,Grand Seiko,MARK,manual_check,4182.0,VERIFIED,2026-08-09
SBGA429,Grand Seiko,MARK,engine_median,5394.0,DERIVED,2026-08-13T12:05:36.604874+00:00
SBGA437,Grand Seiko,MARK,engine_median,2807.37,DERIVED,2026-08-16T10:01:25.617322+00:00
SBGA439,Grand Seiko,MARK,manual_check,3527.0,VERIFIED,2026-08-09
SBGA439,Grand Seiko,MARK,engine_median,115.16,DERIVED,2026-08-13T12:05:36.604874+00:00
SBGA439,Grand Seiko,MARK,engine_median,2865.86,DERIVED,2026-08-16T10:01:25.617322+00:00
SBGA439,Grand Seiko,MARK,engine_median,3073.22,DERIVED,2026-08-19T21:47:49.086150+00:00
SBGA443,Grand Seiko,MARK,engine_median,36.83,DERIVED,2026-08-13T12:05:36.604874+00:00
SBGA445,Grand Seiko,MARK,engine_median,4676.6,DERIVED,2026-08-13T12:05:36.604874+00:00
SBGA445,Grand Seiko,MARK,engine_median,4296.13,DERIVED,2026-08-16T06:20:51.808998+00:00
SBGA445,Grand Seiko,MARK,engine_median,4676.6,DERIVED,2026-08-16T21:41:16.998484+00:00
SBGA451G,Grand Seiko,MARK,engine_median,74.24,DERIVED,2026-08-13T12:05:36.604874+00:00
SBGA461G,Grand Seiko,MARK,engine_median,49.69,DERIVED,2026-08-13T12:05:36.604874+00:00
SBGA463,Grand Seiko,MARK,manual_check,4809.0,VERIFIED,2026-08-09
SBGA463,Grand Seiko,MARK,engine_median,144.98,DERIVED,2026-08-13T12:05:36.604874+00:00
SBGA465,Grand Seiko,MARK,manual_check,4001.0,VERIFIED,2026-08-09
SBGA465,Grand Seiko,MARK,engine_median,4929.0,DERIVED,2026-08-13T12:05:36.604874+00:00
SBGA465,Grand Seiko,MARK,engine_median,3743.16,DERIVED,2026-08-16T10:01:25.617322+00:00
SBGA465,Grand Seiko,MARK,engine_median,3987.38,DERIVED,2026-08-19T21:47:49.086150+00:00
SBGA465,Grand Seiko,MARK,engine_median,3743.16,DERIVED,2026-08-21T21:45:15.687735+00:00
SBGA465G,Grand Seiko,MARK,engine_median,4929.0,DERIVED,2026-08-13T12:05:36.604874+00:00
SBGA467,Grand Seiko,MARK,manual_check,3192.0,VERIFIED,2026-08-09
SBGA467,Grand Seiko,MARK,engine_median,3332.08,DERIVED,2026-08-13T12:05:36.604874+00:00
SBGA469,Grand Seiko,MARK,engine_median,4597.68,DERIVED,2026-08-13T12:05:36.604874+00:00
SBGA481,Grand Seiko,MARK,engine_median,10323.0,DERIVED,2026-08-13T12:05:36.604874+00:00
SBGA481G,Grand Seiko,MARK,engine_median,100.54,DERIVED,2026-08-13T12:05:36.604874+00:00
SBGA489,Grand Seiko,MARK,engine_median,3775.8,DERIVED,2026-08-13T12:05:36.604874+00:00
SBGA493,Grand Seiko,MARK,engine_median,5580.0,DERIVED,2026-08-13T12:05:36.604874+00:00
SBGA497,Grand Seiko,MARK,manual_check,5805.0,VERIFIED,2026-08-09
SBGA499,Grand Seiko,MARK,engine_median,5394.0,DERIVED,2026-08-13T12:05:36.604874+00:00
SBGA499,Grand Seiko,MARK,engine_median,4230.89,DERIVED,2026-08-13T22:07:35.994213+00:00
SBGA499,Grand Seiko,MARK,engine_median,5394.0,DERIVED,2026-08-14T21:47:56.498486+00:00
SBGA499,Grand Seiko,MARK,engine_median,4230.89,DERIVED,2026-08-16T10:01:25.617322+00:00
SBGA499,Grand Seiko,MARK,engine_median,5394.0,DERIVED,2026-08-17T21:49:35.588367+00:00
SBGA521,Grand Seiko,MARK,engine_median,11697.38,DERIVED,2026-08-16T10:01:25.617322+00:00
SBGC001J,Grand Seiko,MARK,engine_median,35.07,DERIVED,2026-08-13T12:05:36.604874+00:00
SBGC005G,Grand Seiko,MARK,engine_median,106.39,DERIVED,2026-08-13T12:05:36.604874+00:00
SBGC201,Grand Seiko,MARK,manual_check,4549.0,VERIFIED,2026-08-09
SBGC201,Grand Seiko,MSRP,watchbase,8700.0,EST,2026-08-13T12:05:36+00:00
SBGC201,Grand Seiko,MARK,engine_median,267.74,DERIVED,2026-08-13T12:05:36.604874+00:00
SBGC203,Grand Seiko,MARK,manual_check,4564.0,VERIFIED,2026-08-09
SBGC203,,MARK,engine_median,4599.51,DERIVED,2026-08-13T22:07:35.994213+00:00
SBGC205,Grand Seiko,MARK,engine_median,3741.28,DERIVED,2026-08-13T12:05:36.604874+00:00
SBGC205,Grand Seiko,MARK,engine_median,3977.11,DERIVED,2026-08-16T10:01:25.617322+00:00
SBGC205,Grand Seiko,MARK,engine_median,3741.28,DERIVED,2026-08-16T21:41:16.998484+00:00
SBGC219G,Grand Seiko,MARK,engine_median,87.69,DERIVED,2026-08-13T12:05:36.604874+00:00
SBGC221,Grand Seiko,MARK,manual_check,6396.0,VERIFIED,2026-08-09
SBGC221,Grand Seiko,MARK,engine_median,6433.55,DERIVED,2026-08-16T10:01:25.617322+00:00
SBGC221G,Grand Seiko,MARK,engine_median,87.69,DERIVED,2026-08-13T12:05:36.604874+00:00
SBGC240,Grand Seiko,MARK,manual_check,9161.0,VERIFIED,2026-08-09
SBGC240,Grand Seiko,MARK,engine_median,267.74,DERIVED,2026-08-13T12:05:36.604874+00:00
SBGC242,Grand Seiko,MARK,engine_median,6547.24,DERIVED,2026-08-13T12:05:36.604874+00:00
SBGC242,Grand Seiko,MARK,engine_median,16833.0,DERIVED,2026-08-14T21:47:56.498486+00:00
SBGC242,Grand Seiko,MARK,engine_median,6547.24,DERIVED,2026-08-16T10:01:25.617322+00:00
SBGC242,Grand Seiko,MARK,engine_median,16833.0,DERIVED,2026-08-20T04:37:33.725646+00:00
SBGC242,Grand Seiko,MARK,engine_median,6547.24,DERIVED,2026-08-21T21:45:15.687735+00:00
SBGC244,Grand Seiko,MARK,engine_median,6547.24,DERIVED,2026-08-13T12:05:36.604874+00:00
SBGC244G,Grand Seiko,MARK,engine_median,390.5,DERIVED,2026-08-13T12:05:36.604874+00:00
SBGC247,Grand Seiko,MSRP,watchbase,11000.0,VERIFIED,2026-08-13T12:05:36+00:00
SBGC247,Grand Seiko,MARK,engine_median,10230.0,DERIVED,2026-08-13T12:05:36.604874+00:00
SBGC247,Grand Seiko,MARK,engine_median,4829.08,DERIVED,2026-08-13T22:07:35.994213+00:00
SBGC247,Grand Seiko,MARK,engine_median,10230.0,DERIVED,2026-08-14T21:47:56.498486+00:00
SBGC247G,Grand Seiko,MARK,engine_median,283.52,DERIVED,2026-08-13T12:05:36.604874+00:00
SBGC249,Grand Seiko,MARK,engine_median,5670.38,DERIVED,2026-08-13T12:05:36.604874+00:00
SBGC249,Grand Seiko,MARK,engine_median,11532.0,DERIVED,2026-08-14T21:47:56.498486+00:00
SBGC249,Grand Seiko,MARK,engine_median,5670.38,DERIVED,2026-08-16T10:01:25.617322+00:00
SBGC249,Grand Seiko,MARK,engine_median,11532.0,DERIVED,2026-08-20T04:37:33.725646+00:00
SBGC249,Grand Seiko,MARK,engine_median,5670.38,DERIVED,2026-08-21T21:45:15.687735+00:00
SBGC251,Grand Seiko,MARK,manual_check,7526.0,VERIFIED,2026-08-09
SBGC251,Grand Seiko,MARK,engine_median,77.75,DERIVED,2026-08-13T12:05:36.604874+00:00
SBGC251,Grand Seiko,MARK,engine_median,86.52,DERIVED,2026-08-13T22:07:35.994213+00:00
SBGC251,Grand Seiko,MARK,engine_median,77.75,DERIVED,2026-08-15T21:42:06.738979+00:00
SBGC251,Grand Seiko,MARK,engine_median,86.52,DERIVED,2026-08-16T06:20:51.808998+00:00
SBGC251,Grand Seiko,MARK,engine_median,77.75,DERIVED,2026-08-16T10:01:25.617322+00:00
SBGC251,Grand Seiko,MARK,engine_median,86.52,DERIVED,2026-08-18T21:46:17.264769+00:00
SBGC251,Grand Seiko,MARK,engine_median,77.75,DERIVED,2026-08-18T21:46:57.536473+00:00
SBGC251,Grand Seiko,MARK,engine_median,86.52,DERIVED,2026-08-20T04:37:33.725646+00:00
SBGC251,Grand Seiko,MARK,engine_median,77.75,DERIVED,2026-08-20T04:37:50.698432+00:00
SBGC251,Grand Seiko,MARK,engine_median,86.52,DERIVED,2026-08-20T19:55:02.750956+00:00
SBGC251,Grand Seiko,MARK,engine_median,77.75,DERIVED,2026-08-20T19:55:05.809575+00:00
SBGC251,Grand Seiko,MARK,engine_median,86.52,DERIVED,2026-08-20T21:48:50.588638+00:00
SBGC251,Grand Seiko,MARK,engine_median,77.75,DERIVED,2026-08-20T21:48:58.880057+00:00
SBGC251,Grand Seiko,MARK,engine_median,86.52,DERIVED,2026-08-21T21:45:28.462956+00:00
SBGC253,Grand Seiko,MSRP,watchbase,12000.0,VERIFIED,2026-08-13T12:05:36+00:00
SBGC253,Grand Seiko,MARK,engine_median,7384.98,DERIVED,2026-08-13T12:05:36.604874+00:00
SBGC261,Grand Seiko,MARK,engine_median,6664.16,DERIVED,2026-08-13T12:05:36.604874+00:00
SBGD202,Grand Seiko,MARK,engine_median,22769.19,DERIVED,2026-08-13T12:05:36.604874+00:00
SBGE209,Grand Seiko,MARK,engine_median,3099.8,DERIVED,2026-08-16T10:01:25.617322+00:00
SBGE248,Grand Seiko,MARK,engine_median,8805.69,DERIVED,2026-08-19T21:47:49.086150+00:00
SBGE253,Grand Seiko,MARK,manual_check,3847.0,VERIFIED,2026-08-09
SBGE253,Grand Seiko,MARK,engine_median,4231.5,DERIVED,2026-08-13T12:05:36.604874+00:00
SBGE253,Grand Seiko,MARK,engine_median,6417.0,DERIVED,2026-08-20T21:48:50.588638+00:00
SBGE255,Grand Seiko,MARK,engine_median,6417.0,DERIVED,2026-08-13T12:05:36.604874+00:00
SBGE255G,Grand Seiko,MARK,engine_median,4271.02,DERIVED,2026-08-19T21:47:49.086150+00:00
SBGE257,Grand Seiko,MARK,manual_check,4071.0,VERIFIED,2026-08-09
SBGE257,Grand Seiko,MSRP,watchbase,6300.0,VERIFIED,2026-08-13T12:05:36+00:00
SBGE257,Grand Seiko,MARK,engine_median,6417.0,DERIVED,2026-08-13T12:05:36.604874+00:00
SBGE257,Grand Seiko,MARK,engine_median,5115.0,DERIVED,2026-08-13T22:07:35.994213+00:00
SBGE257,Grand Seiko,MARK,engine_median,6417.0,DERIVED,2026-08-14T21:47:56.498486+00:00
SBGE257,Grand Seiko,MARK,engine_median,5115.0,DERIVED,2026-08-16T10:01:25.617322+00:00
SBGE257,Grand Seiko,MARK,engine_median,6417.0,DERIVED,2026-08-17T21:49:35.588367+00:00
SBGE257,Grand Seiko,MARK,engine_median,5115.0,DERIVED,2026-08-19T21:47:49.086150+00:00
SBGE263,Grand Seiko,MARK,manual_check,6062.0,VERIFIED,2026-08-09
SBGE269,Grand Seiko,MARK,engine_median,4271.02,DERIVED,2026-08-13T12:05:36.604874+00:00
SBGE269,Grand Seiko,MARK,engine_median,6045.0,DERIVED,2026-08-14T21:47:56.498486+00:00
SBGE269,Grand Seiko,MARK,engine_median,4271.02,DERIVED,2026-08-16T10:01:25.617322+00:00
SBGE269,Grand Seiko,MARK,engine_median,6045.0,DERIVED,2026-08-18T21:46:17.264769+00:00
SBGE271,Grand Seiko,MARK,engine_median,6045.0,DERIVED,2026-08-13T12:05:36.604874+00:00
SBGE277,Grand Seiko,MARK,manual_check,4334.0,VERIFIED,2026-08-09
SBGE277,Grand Seiko,MSRP,watchbase,5800.0,VERIFIED,2026-08-13T12:05:36+00:00
SBGE277,Grand Seiko,MARK,engine_median,6324.0,DERIVED,2026-08-13T12:05:36.604874+00:00
SBGE279,Grand Seiko,MARK,engine_median,4308.9,DERIVED,2026-08-19T21:47:49.086150+00:00
SBGE281,,MARK,engine_median,3073.22,DERIVED,2026-08-16T06:20:51.808998+00:00
SBGE281,Grand Seiko,MARK,engine_median,3532.82,DERIVED,2026-08-19T21:47:49.086150+00:00
SBGE283,Grand Seiko,MARK,engine_median,8277.0,DERIVED,2026-08-13T12:05:36.604874+00:00
SBGE285,Grand Seiko,MARK,manual_check,6221.0,VERIFIED,2026-08-09
SBGE285,Grand Seiko,MARK,engine_median,8277.0,DERIVED,2026-08-13T12:05:36.604874+00:00
SBGE289,Grand Seiko,MARK,engine_median,5378.09,DERIVED,2026-08-13T12:05:36.604874+00:00
SBGE295,Grand Seiko,MARK,manual_check,5104.0,VERIFIED,2026-08-09
SBGE295,Grand Seiko,MARK,engine_median,6324.0,DERIVED,2026-08-13T12:05:36.604874+00:00
SBGE295,Grand Seiko,MARK,engine_median,4218.29,DERIVED,2026-08-19T21:47:49.086150+00:00
SBGE295,Grand Seiko,MARK,engine_median,6324.0,DERIVED,2026-08-20T04:37:33.725646+00:00
SBGE295,Grand Seiko,MARK,engine_median,4218.29,DERIVED,2026-08-21T21:45:15.687735+00:00
SBGE305,Grand Seiko,MARK,manual_check,5181.0,VERIFIED,2026-08-09
SBGE305,Grand Seiko,MARK,engine_median,6045.0,DERIVED,2026-08-18T21:46:17.264769+00:00
SBGE307,Grand Seiko,MSRP,watchbase,11500.0,VERIFIED,2026-08-13T12:05:36+00:00
SBGE307,Grand Seiko,MARK,engine_median,6460.51,DERIVED,2026-08-13T12:05:36.604874+00:00
SBGE307G,Grand Seiko,MARK,engine_median,7329.28,DERIVED,2026-08-13T12:05:36.604874+00:00
SBGF001,Grand Seiko,MARK,engine_median,19.87,DERIVED,2026-08-13T12:05:36.604874+00:00
SBGF009,Grand Seiko,MARK,engine_median,70.15,DERIVED,2026-08-13T12:05:36.604874+00:00
SBGF013J,Grand Seiko,MARK,engine_median,14.03,DERIVED,2026-08-13T12:05:36.604874+00:00
SBGF014,Grand Seiko,MARK,engine_median,165.44,DERIVED,2026-08-13T12:05:36.604874+00:00
SBGF017,Grand Seiko,MARK,engine_median,23.38,DERIVED,2026-08-13T12:05:36.604874+00:00
SBGF017J,Grand Seiko,MARK,engine_median,45.01,DERIVED,2026-08-13T12:05:36.604874+00:00
SBGF027J,Grand Seiko,MARK,engine_median,15.78,DERIVED,2026-08-13T12:05:36.604874+00:00
SBGH001,,MARK,seed_kb,2850.0,VERIFIED,2026-08-13T12:05:36+00:00
SBGH001,,MARK,engine_median,2110.02,DERIVED,2026-08-13T12:05:36.604874+00:00
SBGH005J,Grand Seiko,MARK,engine_median,77.16,DERIVED,2026-08-13T12:05:36.604874+00:00
SBGH039,Grand Seiko,MARK,engine_median,3036.0,DERIVED,2026-08-14T21:47:56.498486+00:00
SBGH039,Grand Seiko,MARK,engine_median,2913.71,DERIVED,2026-08-16T06:20:51.808998+00:00
SBGH201,Grand Seiko,MARK,manual_check,3416.0,VERIFIED,2026-08-09
SBGH205,Grand Seiko,MARK,manual_check,3023.0,VERIFIED,2026-08-09
SBGH205,,MARK,engine_median,2741.5,DERIVED,2026-08-20T19:55:02.750956+00:00
SBGH213,Grand Seiko,MARK,manual_check,3876.0,VERIFIED,2026-08-09
SBGH219,Grand Seiko,MARK,engine_median,11856.43,DERIVED,2026-08-17T21:49:35.588367+00:00
SBGH255,Grand Seiko,MARK,manual_check,4843.0,VERIFIED,2026-08-09
SBGH255,Grand Seiko,MARK,engine_median,3975.11,DERIVED,2026-08-13T12:05:36.604874+00:00
SBGH263,Grand Seiko,MARK,manual_check,3483.0,VERIFIED,2026-08-09
SBGH267,Grand Seiko,MARK,manual_check,11270.0,VERIFIED,2026-08-09
SBGH271,Grand Seiko,MARK,manual_check,4805.0,VERIFIED,2026-08-09
SBGH273,Grand Seiko,MARK,manual_check,4966.0,VERIFIED,2026-08-09
SBGH273,Grand Seiko,MSRP,watchbase,6300.0,VERIFIED,2026-08-13T12:05:36+00:00
SBGH273,Grand Seiko,MARK,engine_median,5115.0,DERIVED,2026-08-13T12:05:36.604874+00:00
SBGH273,Grand Seiko,MARK,engine_median,4218.29,DERIVED,2026-08-13T22:07:35.994213+00:00
SBGH273,Grand Seiko,MARK,engine_median,5115.0,DERIVED,2026-08-14T21:47:56.498486+00:00
SBGH273,Grand Seiko,MARK,engine_median,4218.29,DERIVED,2026-08-16T10:01:25.617322+00:00
SBGH273,Grand Seiko,MARK,engine_median,5115.0,DERIVED,2026-08-17T21:49:35.588367+00:00
SBGH277,Grand Seiko,MARK,manual_check,3097.0,VERIFIED,2026-08-09
SBGH279,Grand Seiko,MARK,manual_check,3634.0,VERIFIED,2026-08-09
SBGH281,Grand Seiko,MARK,manual_check,4098.0,VERIFIED,2026-08-09
SBGH283,Grand Seiko,MARK,engine_median,5144.26,DERIVED,2026-08-13T12:05:36.604874+00:00
SBGH289,Grand Seiko,MARK,manual_check,4334.0,VERIFIED,2026-08-09
SBGH289,Grand Seiko,MSRP,watchbase,6800.0,EST,2026-08-13T12:05:36+00:00
SBGH289,Grand Seiko,MARK,engine_median,7161.0,DERIVED,2026-08-13T12:05:36.604874+00:00
SBGH291,Grand Seiko,MARK,manual_check,4338.0,VERIFIED,2026-08-09
SBGH291,Grand Seiko,MARK,engine_median,8184.0,DERIVED,2026-08-13T12:05:36.604874+00:00
SBGH295,Grand Seiko,MARK,manual_check,5179.0,VERIFIED,2026-08-09
SBGH295,Grand Seiko,MARK,engine_median,6789.0,DERIVED,2026-08-13T12:05:36.604874+00:00
SBGH299,Grand Seiko,MARK,engine_median,6882.0,DERIVED,2026-08-13T12:05:36.604874+00:00
SBGH299,Grand Seiko,MARK,engine_median,4083.45,DERIVED,2026-08-16T10:01:25.617322+00:00
SBGH299,Grand Seiko,MARK,engine_median,6882.0,DERIVED,2026-08-16T21:41:16.998484+00:00
SBGH299,Grand Seiko,MARK,engine_median,4640.12,DERIVED,2026-08-19T21:47:49.086150+00:00
SBGH301,Grand Seiko,MARK,engine_median,4640.12,DERIVED,2026-08-19T21:47:49.086150+00:00
SBGH311,Grand Seiko,MARK,manual_check,4537.0,VERIFIED,2026-08-09
SBGH341,Grand Seiko,MARK,manual_check,6053.0,VERIFIED,2026-08-09
SBGH341,Grand Seiko,MARK,engine_median,7347.0,DERIVED,2026-08-13T12:05:36.604874+00:00
SBGH343,Grand Seiko,MARK,manual_check,5518.0,VERIFIED,2026-08-09
SBGH343,Grand Seiko,MARK,engine_median,7347.0,DERIVED,2026-08-13T12:05:36.604874+00:00
SBGH347,Grand Seiko,MARK,engine_median,6789.0,DERIVED,2026-08-13T12:05:36.604874+00:00
SBGH349,Grand Seiko,MARK,engine_median,4851.04,DERIVED,2026-08-13T12:05:36.604874+00:00
SBGH349,Grand Seiko,MARK,engine_median,7254.0,DERIVED,2026-08-14T21:47:56.498486+00:00
SBGH349,Grand Seiko,MARK,engine_median,4851.04,DERIVED,2026-08-16T10:01:25.617322+00:00
SBGH349,Grand Seiko,MARK,engine_median,7254.0,DERIVED,2026-08-18T21:46:17.264769+00:00
SBGH349,Grand Seiko,MARK,engine_median,4851.04,DERIVED,2026-08-19T21:47:49.086150+00:00
SBGH349,Grand Seiko,MARK,engine_median,7254.0,DERIVED,2026-08-20T04:37:33.725646+00:00
SBGH349,Grand Seiko,MARK,engine_median,4851.04,DERIVED,2026-08-21T21:45:15.687735+00:00
SBGH351,Grand Seiko,MARK,manual_check,5600.0,VERIFIED,2026-08-09
SBGH351,,MARK,seed_kb,6500.0,VERIFIED,2026-08-13T12:05:36+00:00
SBGH351,Grand Seiko,MARK,engine_median,6975.0,DERIVED,2026-08-13T12:05:36.604874+00:00
SBGH353,Grand Seiko,MARK,manual_check,5239.0,VERIFIED,2026-08-09
SBGH353,Grand Seiko,MARK,engine_median,6975.0,DERIVED,2026-08-13T12:05:36.604874+00:00
SBGH359,,MARK,engine_median,5481.65,DERIVED,2026-08-13T12:05:36.604874+00:00
SBGH368,Grand Seiko,MARK,engine_median,30504.0,DERIVED,2026-08-13T12:05:36.604874+00:00
SBGH375,Grand Seiko,MARK,engine_median,7307.19,DERIVED,2026-08-13T12:05:36.604874+00:00
SBGH376,Grand Seiko,MARK,engine_median,30504.0,DERIVED,2026-08-13T12:05:36.604874+00:00
SBGJ001,Grand Seiko,MARK,engine_median,2842.15,DERIVED,2026-08-21T21:45:15.687735+00:00
SBGJ013G,Grand Seiko,MARK,engine_median,48.52,DERIVED,2026-08-13T12:05:36.604874+00:00
SBGJ201,Grand Seiko,MARK,manual_check,3883.0,VERIFIED,2026-08-09
SBGJ211,,MARK,engine_median,3711.26,DERIVED,2026-08-16T06:20:51.808998+00:00
SBGJ229G,Grand Seiko,MARK,engine_median,93.53,DERIVED,2026-08-13T12:05:36.604874+00:00
SBGJ237,Grand Seiko,MARK,manual_check,4122.0,VERIFIED,2026-08-09
SBGJ237,Grand Seiko,MARK,engine_median,91.78,DERIVED,2026-08-13T12:05:36.604874+00:00
SBGJ237,Grand Seiko,MARK,engine_median,7068.0,DERIVED,2026-08-13T22:07:35.994213+00:00
SBGJ237,Grand Seiko,MARK,engine_median,91.78,DERIVED,2026-08-16T10:01:25.617322+00:00
SBGJ237,Grand Seiko,MARK,engine_median,4745.58,DERIVED,2026-08-19T21:47:49.086150+00:00
SBGJ237G,Grand Seiko,MARK,engine_median,245.52,DERIVED,2026-08-13T12:05:36.604874+00:00
SBGJ239,Grand Seiko,MARK,engine_median,6696.0,DERIVED,2026-08-13T12:05:36.604874+00:00
SBGJ249,Grand Seiko,MARK,manual_check,4867.0,VERIFIED,2026-08-09
SBGJ249,Grand Seiko,MSRP,watchbase,6300.0,VERIFIED,2026-08-13T12:05:36+00:00
SBGJ249,Grand Seiko,MARK,engine_median,7161.0,DERIVED,2026-08-13T12:05:36.604874+00:00
SBGJ251,Grand Seiko,MARK,manual_check,4664.0,VERIFIED,2026-08-09
SBGJ251,Grand Seiko,MARK,engine_median,7161.0,DERIVED,2026-08-13T12:05:36.604874+00:00
SBGJ255,Grand Seiko,MARK,engine_median,4150.48,DERIVED,2026-08-13T12:05:36.604874+00:00
SBGJ255,Grand Seiko,MARK,engine_median,7905.0,DERIVED,2026-08-14T21:47:56.498486+00:00
SBGJ255,Grand Seiko,MARK,engine_median,4150.48,DERIVED,2026-08-16T10:01:25.617322+00:00
SBGJ255,Grand Seiko,MARK,engine_median,7905.0,DERIVED,2026-08-20T04:37:33.725646+00:00
SBGJ259,Grand Seiko,MARK,manual_check,6021.0,VERIFIED,2026-08-09
SBGJ263,Grand Seiko,MARK,manual_check,4294.0,VERIFIED,2026-08-09
SBGJ263,Grand Seiko,MARK,engine_median,83.01,DERIVED,2026-08-13T12:05:36.604874+00:00
SBGJ263,Grand Seiko,MARK,engine_median,91.78,DERIVED,2026-08-13T22:07:35.994213+00:00
SBGJ263,Grand Seiko,MARK,engine_median,83.01,DERIVED,2026-08-13T22:07:39.029292+00:00
SBGJ263,Grand Seiko,MARK,engine_median,91.78,DERIVED,2026-08-15T21:41:53.174601+00:00
SBGJ263,Grand Seiko,MARK,engine_median,83.01,DERIVED,2026-08-15T21:42:06.738979+00:00
SBGJ263,Grand Seiko,MARK,engine_median,91.78,DERIVED,2026-08-16T06:20:51.808998+00:00
SBGJ263,Grand Seiko,MARK,engine_median,83.01,DERIVED,2026-08-16T10:01:25.617322+00:00
SBGJ263,Grand Seiko,MARK,engine_median,91.78,DERIVED,2026-08-18T21:46:17.264769+00:00
SBGJ263,Grand Seiko,MARK,engine_median,83.01,DERIVED,2026-08-18T21:46:57.536473+00:00
SBGJ263,Grand Seiko,MARK,engine_median,91.78,DERIVED,2026-08-19T21:47:49.086150+00:00
SBGJ265,Grand Seiko,MARK,manual_check,6000.0,VERIFIED,2026-08-09
SBGJ265,,MARK,seed_kb,5700.0,VERIFIED,2026-08-13T12:05:36+00:00
SBGJ265,Grand Seiko,MARK,engine_median,7347.0,DERIVED,2026-08-13T12:05:36.604874+00:00
SBGJ267,Grand Seiko,MARK,engine_median,6975.0,DERIVED,2026-08-13T12:05:36.604874+00:00
SBGJ267,Grand Seiko,MARK,engine_median,4903.76,DERIVED,2026-08-19T21:47:49.086150+00:00
SBGJ267,Grand Seiko,MARK,engine_median,6975.0,DERIVED,2026-08-20T04:37:33.725646+00:00
SBGJ267,Grand Seiko,MARK,engine_median,4903.76,DERIVED,2026-08-21T21:45:15.687735+00:00
SBGJ271,Grand Seiko,MARK,engine_median,7161.0,DERIVED,2026-08-13T12:05:36.604874+00:00
SBGJ273,Grand Seiko,MARK,manual_check,4983.0,VERIFIED,2026-08-09
SBGJ273,Grand Seiko,MARK,engine_median,7161.0,DERIVED,2026-08-13T12:05:36.604874+00:00
SBGJ275,Grand Seiko,MARK,manual_check,5730.0,VERIFIED,2026-08-09
SBGJ275,,MARK,engine_median,5572.21,DERIVED,2026-08-16T06:20:51.808998+00:00
SBGJ277,Grand Seiko,MARK,manual_check,5542.0,VERIFIED,2026-08-09
SBGJ277,Grand Seiko,MARK,engine_median,7068.0,DERIVED,2026-08-13T12:05:36.604874+00:00
SBGJ277,Grand Seiko,MARK,engine_median,4793.52,DERIVED,2026-08-19T21:47:49.086150+00:00
SBGJ277,Grand Seiko,MARK,engine_median,7068.0,DERIVED,2026-08-20T04:37:33.725646+00:00
SBGJ277,Grand Seiko,MARK,engine_median,4793.52,DERIVED,2026-08-21T21:45:15.687735+00:00
SBGJ279,Grand Seiko,MARK,engine_median,70.15,DERIVED,2026-08-13T12:05:36.604874+00:00
SBGK007,Grand Seiko,MARK,manual_check,4090.0,VERIFIED,2026-08-09
SBGK007,Grand Seiko,MARK,engine_median,4752.3,DERIVED,2026-08-19T21:47:49.086150+00:00
SBGK009,Grand Seiko,MARK,engine_median,3536.68,DERIVED,2026-08-13T12:05:36.604874+00:00
SBGK009J,Grand Seiko,MARK,engine_median,103.47,DERIVED,2026-08-13T12:05:36.604874+00:00
SBGK017,Grand Seiko,MARK,engine_median,6648.95,DERIVED,2026-08-13T12:05:36.604874+00:00
SBGK017,Grand Seiko,MARK,engine_median,8277.0,DERIVED,2026-08-14T21:47:56.498486+00:00
SBGK017,Grand Seiko,MARK,engine_median,6648.95,DERIVED,2026-08-16T10:01:25.617322+00:00
SBGK017,Grand Seiko,MARK,engine_median,8277.0,DERIVED,2026-08-18T21:46:17.264769+00:00
SBGK017,Grand Seiko,MARK,engine_median,6648.95,DERIVED,2026-08-19T21:47:49.086150+00:00
SBGK017,Grand Seiko,MARK,engine_median,8277.0,DERIVED,2026-08-20T04:37:33.725646+00:00
SBGK017,Grand Seiko,MARK,engine_median,6648.95,DERIVED,2026-08-21T21:45:15.687735+00:00
SBGM001,Grand Seiko,MARK,engine_median,2513.67,DERIVED,2026-08-13T12:05:36.604874+00:00
SBGM007J,Grand Seiko,MARK,engine_median,36.83,DERIVED,2026-08-13T12:05:36.604874+00:00
SBGM021,Grand Seiko,MARK,engine_median,2795.25,DERIVED,2026-08-18T21:46:17.264769+00:00
SBGM033G,Grand Seiko,MARK,engine_median,192.91,DERIVED,2026-08-13T12:05:36.604874+00:00
SBGM221,Grand Seiko,MARK,manual_check,3773.0,VERIFIED,2026-08-09
SBGM221,Grand Seiko,MSRP,watchbase,5400.0,VERIFIED,2026-08-13T12:05:36+00:00
SBGM221,Grand Seiko,MARK,engine_median,3785.43,DERIVED,2026-08-13T12:05:36.604874+00:00
SBGM221,Grand Seiko,MARK,engine_median,3917.17,DERIVED,2026-08-14T21:47:56.498486+00:00
SBGM221,Grand Seiko,MARK,engine_median,3785.43,DERIVED,2026-08-16T10:01:25.617322+00:00
SBGM239,Grand Seiko,MARK,engine_median,5022.0,DERIVED,2026-08-13T12:05:36.604874+00:00
SBGM245,Grand Seiko,MARK,manual_check,3827.0,VERIFIED,2026-08-09
SBGM245,Grand Seiko,MARK,engine_median,103.47,DERIVED,2026-08-13T12:05:36.604874+00:00
SBGM245,Grand Seiko,MARK,engine_median,5673.0,DERIVED,2026-08-14T21:47:56.498486+00:00
SBGM245,Grand Seiko,MARK,engine_median,103.47,DERIVED,2026-08-16T10:01:25.617322+00:00
SBGM245,Grand Seiko,MARK,engine_median,3796.46,DERIVED,2026-08-19T21:47:49.086150+00:00
SBGM247,Grand Seiko,MARK,manual_check,3489.0,VERIFIED,2026-08-09
SBGM247,Grand Seiko,MARK,engine_median,5673.0,DERIVED,2026-08-13T12:05:36.604874+00:00
SBGM247,Grand Seiko,MARK,engine_median,3796.46,DERIVED,2026-08-19T21:47:49.086150+00:00
SBGM247,Grand Seiko,MARK,engine_median,5673.0,DERIVED,2026-08-20T04:37:33.725646+00:00
SBGM247,Grand Seiko,MARK,engine_median,3796.46,DERIVED,2026-08-21T21:45:15.687735+00:00
SBGM253,Grand Seiko,MARK,manual_check,4837.0,VERIFIED,2026-08-09
SBGM253,Grand Seiko,MARK,engine_median,5208.0,DERIVED,2026-08-13T12:05:36.604874+00:00
SBGM255,Grand Seiko,MARK,manual_check,4539.0,VERIFIED,2026-08-09
SBGM255,Grand Seiko,MARK,engine_median,5022.0,DERIVED,2026-08-13T12:05:36.604874+00:00
SBGM257,Grand Seiko,MARK,engine_median,5022.0,DERIVED,2026-08-13T12:05:36.604874+00:00
SBGM257,Grand Seiko,MARK,engine_median,4369.6,DERIVED,2026-08-13T22:07:35.994213+00:00
SBGM257,Grand Seiko,MARK,engine_median,5022.0,DERIVED,2026-08-14T21:47:56.498486+00:00
SBGM257,Grand Seiko,MARK,engine_median,4369.6,DERIVED,2026-08-16T10:01:25.617322+00:00
SBGM257,Grand Seiko,MARK,engine_median,5022.0,DERIVED,2026-08-17T21:49:35.588367+00:00
SBGM257,Grand Seiko,MARK,engine_median,4369.6,DERIVED,2026-08-19T21:47:49.086150+00:00
SBGN001,,MARK,engine_median,2762.59,DERIVED,2026-08-13T12:05:36.604874+00:00
SBGN003,Grand Seiko,MARK,engine_median,2206.56,DERIVED,2026-08-14T21:47:56.498486+00:00
SBGN009,Grand Seiko,MARK,engine_median,2338.3,DERIVED,2026-08-13T12:05:36.604874+00:00
SBGN013,,MARK,engine_median,2097.13,DERIVED,2026-08-20T19:55:02.750956+00:00
SBGN017,Grand Seiko,MARK,engine_median,55.53,DERIVED,2026-08-13T12:05:36.604874+00:00
SBGN019,Grand Seiko,MARK,manual_check,2759.0,VERIFIED,2026-08-09
SBGN021,Grand Seiko,MARK,manual_check,2732.0,VERIFIED,2026-08-09
SBGN021,Grand Seiko,MARK,engine_median,2630.59,DERIVED,2026-08-13T12:05:36.604874+00:00
SBGN023,Grand Seiko,MARK,engine_median,5068.5,DERIVED,2026-08-13T12:05:36.604874+00:00
SBGN027,Grand Seiko,MARK,manual_check,2358.0,VERIFIED,2026-04
SBGN027,Grand Seiko,MSRP,watchbase,3700.0,VERIFIED,2026-08-13T12:05:36+00:00
SBGN027,Grand Seiko,MARK,engine_median,2338.3,DERIVED,2026-08-13T12:05:36.604874+00:00
SBGN027,Grand Seiko,MARK,engine_median,2273.17,DERIVED,2026-08-13T22:07:35.994213+00:00
SBGN027,Grand Seiko,MARK,engine_median,2338.3,DERIVED,2026-08-14T21:47:56.498486+00:00
SBGN027,Grand Seiko,MARK,engine_median,2273.17,DERIVED,2026-08-16T10:01:25.617322+00:00
SBGN027,Grand Seiko,MARK,engine_median,2338.3,DERIVED,2026-08-17T21:49:35.588367+00:00
SBGN029,Grand Seiko,MARK,manual_check,2647.0,VERIFIED,2026-08-09
SBGN029,Grand Seiko,MARK,engine_median,3441.0,DERIVED,2026-08-13T12:05:36.604874+00:00
SBGN029,Grand Seiko,MARK,engine_median,2455.22,DERIVED,2026-08-16T06:20:51.808998+00:00
SBGN031,,MARK,engine_median,1946.88,DERIVED,2026-08-13T12:05:36.604874+00:00
SBGP001,Grand Seiko,MARK,engine_median,2110.02,DERIVED,2026-08-13T12:05:36.604874+00:00
SBGP001,Grand Seiko,MARK,engine_median,2162.93,DERIVED,2026-08-20T19:55:02.750956+00:00
SBGP001,Grand Seiko,MARK,engine_median,2110.02,DERIVED,2026-08-20T19:55:05.809575+00:00
SBGP003,Grand Seiko,MARK,engine_median,2104.47,DERIVED,2026-08-13T12:05:36.604874+00:00
SBGP005,Grand Seiko,MARK,manual_check,2255.0,VERIFIED,2026-08-09
SBGP005,Grand Seiko,MARK,engine_median,1987.56,DERIVED,2026-08-13T12:05:36.604874+00:00
SBGP005,Grand Seiko,MARK,engine_median,2325.0,DERIVED,2026-08-19T21:47:49.086150+00:00
SBGP007,,MARK,engine_median,2708.22,DERIVED,2026-08-13T12:05:36.604874+00:00
SBGP009,Grand Seiko,MARK,manual_check,1866.0,VERIFIED,2026-08-09
SBGP009,Grand Seiko,MARK,engine_median,30.98,DERIVED,2026-08-13T12:05:36.604874+00:00
SBGP009,Grand Seiko,MARK,engine_median,87.69,DERIVED,2026-08-16T06:20:51.808998+00:00
SBGP009,Grand Seiko,MARK,engine_median,1584.46,DERIVED,2026-08-19T21:47:49.086150+00:00
SBGP011,Grand Seiko,MARK,manual_check,1790.0,VERIFIED,2026-08-09
SBGP011,Grand Seiko,MSRP,watchbase,2400.0,VERIFIED,2026-08-13T12:05:36+00:00
SBGP011,,MARK,engine_median,1348.7,DERIVED,2026-08-13T12:05:36.604874+00:00
SBGP011,Grand Seiko,MARK,engine_median,2168.24,DERIVED,2026-08-21T21:45:15.687735+00:00
SBGP013,Grand Seiko,MARK,manual_check,2076.0,VERIFIED,2026-08-09
SBGP013,Grand Seiko,MARK,engine_median,1987.56,DERIVED,2026-08-13T12:05:36.604874+00:00
SBGP013,Grand Seiko,MARK,engine_median,2315.5,DERIVED,2026-08-19T21:47:49.086150+00:00
SBGP015G,Grand Seiko,MARK,engine_median,83.01,DERIVED,2026-08-13T12:05:36.604874+00:00
SBGP017G,Grand Seiko,MARK,engine_median,68.98,DERIVED,2026-08-13T12:05:36.604874+00:00
SBGR002,Grand Seiko,MARK,engine_median,7307.19,DERIVED,2026-08-13T12:05:36.604874+00:00
SBGR015,Grand Seiko,MARK,engine_median,3812.07,DERIVED,2026-08-14T21:47:56.498486+00:00
SBGR031,,MARK,engine_median,1566.21,DERIVED,2026-08-13T12:05:36.604874+00:00
SBGR031,Grand Seiko,MARK,engine_median,1600.41,DERIVED,2026-08-14T21:47:56.498486+00:00
SBGR031,Grand Seiko,MARK,engine_median,1566.21,DERIVED,2026-08-16T10:01:25.617322+00:00
SBGR059,Grand Seiko,MARK,engine_median,1929.1,DERIVED,2026-08-13T12:05:36.604874+00:00
SBGR067,Grand Seiko,MARK,engine_median,1870.64,DERIVED,2026-08-13T12:05:36.604874+00:00
SBGR075,,MARK,engine_median,6025.46,DERIVED,2026-08-13T12:05:36.604874+00:00
SBGR075,,MARK,engine_median,6647.86,DERIVED,2026-08-14T21:47:56.498486+00:00
SBGR075,,MARK,engine_median,6025.46,DERIVED,2026-08-16T10:01:25.617322+00:00
SBGR101,Grand Seiko,MARK,engine_median,2759.51,DERIVED,2026-08-14T21:47:56.498486+00:00
SBGR261,Grand Seiko,MARK,manual_check,3023.0,VERIFIED,2026-08-09
SBGR261,Grand Seiko,MARK,engine_median,3356.63,DERIVED,2026-08-19T21:47:49.086150+00:00
SBGR307,Grand Seiko,MARK,manual_check,2798.0,VERIFIED,2026-08-09
SBGR311,Grand Seiko,MARK,engine_median,3918.62,DERIVED,2026-08-16T10:01:25.617322+00:00
SBGR315,Grand Seiko,MARK,manual_check,3049.0,VERIFIED,2026-08-09
SBGR315,,MARK,engine_median,2545.08,DERIVED,2026-08-13T12:05:36.604874+00:00
SBGR315,Grand Seiko,MARK,engine_median,3058.26,DERIVED,2026-08-19T21:47:49.086150+00:00
SBGR315,Grand Seiko,MARK,engine_median,2545.08,DERIVED,2026-08-20T19:55:02.750956+00:00
SBGR315,Grand Seiko,MARK,engine_median,3058.26,DERIVED,2026-08-20T21:48:50.588638+00:00
SBGR317,Grand Seiko,MARK,manual_check,3300.0,VERIFIED,2026-08-09
SBGR317,,MARK,engine_median,2967.58,DERIVED,2026-08-13T12:05:36.604874+00:00
SBGR317,Grand Seiko,MARK,engine_median,3730.17,DERIVED,2026-08-19T21:47:49.086150+00:00
SBGR317,Grand Seiko,MARK,engine_median,2967.58,DERIVED,2026-08-20T19:55:02.750956+00:00
SBGR317,Grand Seiko,MARK,engine_median,3730.17,DERIVED,2026-08-20T21:48:50.588638+00:00
SBGR321,Grand Seiko,MARK,manual_check,3623.0,VERIFIED,2026-05
SBGR321,Grand Seiko,MSRP,watchbase,5200.0,VERIFIED,2026-08-13T12:05:36+00:00
SBGR321,Grand Seiko,MARK,engine_median,4836.0,DERIVED,2026-08-13T12:05:36.604874+00:00
SBGR325,Grand Seiko,MARK,manual_check,3765.0,VERIFIED,2026-08-09
SBGR325,Grand Seiko,MARK,engine_median,3419.76,DERIVED,2026-08-13T12:05:36.604874+00:00
SBGR325,Grand Seiko,MARK,engine_median,3215.16,DERIVED,2026-08-13T22:07:35.994213+00:00
SBGR325,Grand Seiko,MARK,engine_median,3419.76,DERIVED,2026-08-14T21:47:56.498486+00:00
SBGT017,Grand Seiko,MARK,engine_median,1930.07,DERIVED,2026-08-14T21:47:56.498486+00:00
SBGT038,Grand Seiko,MARK,engine_median,1930.07,DERIVED,2026-08-14T21:47:56.498486+00:00
SBGT039,Grand Seiko,MARK,engine_median,1983.23,DERIVED,2026-08-14T21:47:56.498486+00:00
SBGV009,,MARK,engine_median,2273.17,DERIVED,2026-08-13T12:05:36.604874+00:00
SBGV011,,MARK,engine_median,2653.84,DERIVED,2026-08-13T12:05:36.604874+00:00
SBGV017J,Grand Seiko,MARK,engine_median,54.37,DERIVED,2026-08-13T12:05:36.604874+00:00
SBGV021,Grand Seiko,MARK,engine_median,1606.2,DERIVED,2026-08-13T12:05:36.604874+00:00
SBGV021,Grand Seiko,MARK,engine_median,1640.84,DERIVED,2026-08-21T21:45:15.687735+00:00
SBGV027,Grand Seiko,MARK,engine_median,2513.67,DERIVED,2026-08-13T12:05:36.604874+00:00
SBGV205,,MARK,engine_median,1783.74,DERIVED,2026-08-13T12:05:36.604874+00:00
SBGV221,,MARK,engine_median,1511.33,DERIVED,2026-08-20T19:55:02.750956+00:00
SBGV223,Grand Seiko,MARK,engine_median,1812.18,DERIVED,2026-08-13T12:05:36.604874+00:00
SBGV229J,Grand Seiko,MARK,engine_median,136.21,DERIVED,2026-08-13T12:05:36.604874+00:00
SBGV243J,Grand Seiko,MARK,engine_median,42.68,DERIVED,2026-08-13T12:05:36.604874+00:00
SBGV247J,Grand Seiko,MARK,engine_median,70.15,DERIVED,2026-08-13T12:05:36.604874+00:00
SBGW005,Grand Seiko,MARK,engine_median,15.78,DERIVED,2026-08-13T12:05:36.604874+00:00
SBGW007J,Grand Seiko,MARK,engine_median,48.52,DERIVED,2026-08-13T12:05:36.604874+00:00
SBGW008J,Grand Seiko,MARK,engine_median,1547.96,DERIVED,2026-08-13T12:05:36.604874+00:00
SBGW037,Grand Seiko,MARK,engine_median,7307.19,DERIVED,2026-08-13T12:05:36.604874+00:00
SBGW039,Grand Seiko,MARK,engine_median,19338.37,DERIVED,2026-08-21T21:45:15.687735+00:00
SBGW231,Grand Seiko,MARK,engine_median,2513.67,DERIVED,2026-08-13T12:05:36.604874+00:00
SBGW253,,MARK,engine_median,4850.34,DERIVED,2026-08-20T19:55:02.750956+00:00
SBGW258,Grand Seiko,MSRP,watchbase,26000.0,VERIFIED,2026-08-13T12:05:36+00:00
SBGW258,Grand Seiko,MARK,engine_median,12310.89,DERIVED,2026-08-13T12:05:36.604874+00:00
SBGW260,Grand Seiko,MARK,engine_median,26970.0,DERIVED,2026-08-13T12:05:36.604874+00:00
SBGW264,Grand Seiko,MARK,engine_median,22320.0,DERIVED,2026-08-13T12:05:36.604874+00:00
SBGW267,Grand Seiko,MARK,engine_median,3536.68,DERIVED,2026-08-13T12:05:36.604874+00:00
SBGW269,Grand Seiko,MARK,engine_median,3536.68,DERIVED,2026-08-13T12:05:36.604874+00:00
SBGW273,Grand Seiko,MARK,manual_check,4288.0,VERIFIED,2026-08-09
SBGW275,Grand Seiko,MARK,manual_check,5678.0,VERIFIED,2026-08-09
SBGW277,Grand Seiko,MARK,manual_check,5902.0,VERIFIED,2026-08-09
SBGW279,Grand Seiko,MARK,engine_median,4278.0,DERIVED,2026-08-13T12:05:36.604874+00:00
SBGW279G,Grand Seiko,MARK,engine_median,4603.5,DERIVED,2026-08-13T12:05:36.604874+00:00
SBGW281,Grand Seiko,MARK,engine_median,3216.45,DERIVED,2026-08-19T21:47:49.086150+00:00
SBGW283,Grand Seiko,MARK,engine_median,4743.0,DERIVED,2026-08-13T12:05:36.604874+00:00
SBGW283,Grand Seiko,MARK,engine_median,3216.45,DERIVED,2026-08-19T21:47:49.086150+00:00
SBGW283,Grand Seiko,MARK,engine_median,4743.0,DERIVED,2026-08-20T04:37:33.725646+00:00
SBGW283,Grand Seiko,MARK,engine_median,3216.45,DERIVED,2026-08-21T21:45:15.687735+00:00
SBGW285,Grand Seiko,MARK,engine_median,3216.45,DERIVED,2026-08-19T21:47:49.086150+00:00
SBGW287,Grand Seiko,MARK,engine_median,4743.0,DERIVED,2026-08-13T12:05:36.604874+00:00
SBGW289,Grand Seiko,MARK,manual_check,4493.0,VERIFIED,2026-08-09
SBGW289,Grand Seiko,MARK,engine_median,5022.0,DERIVED,2026-08-13T12:05:36.604874+00:00
SBGW291,Grand Seiko,MARK,manual_check,3356.0,VERIFIED,2026-08-09
SBGW291,Grand Seiko,MARK,engine_median,3156.71,DERIVED,2026-08-13T12:05:36.604874+00:00
SBGW291,Grand Seiko,MARK,engine_median,4929.0,DERIVED,2026-08-14T21:47:56.498486+00:00
SBGW291,Grand Seiko,MARK,engine_median,3156.71,DERIVED,2026-08-16T10:01:25.617322+00:00
SBGW291,Grand Seiko,MARK,engine_median,3480.09,DERIVED,2026-08-19T21:47:49.086150+00:00
SBGW293,Grand Seiko,MARK,engine_median,2922.88,DERIVED,2026-08-13T12:05:36.604874+00:00
SBGW293,Grand Seiko,MARK,engine_median,4929.0,DERIVED,2026-08-14T21:47:56.498486+00:00
SBGW293,Grand Seiko,MARK,engine_median,2922.88,DERIVED,2026-08-16T10:01:25.617322+00:00
SBGW293,Grand Seiko,MARK,engine_median,4929.0,DERIVED,2026-08-20T04:37:33.725646+00:00
SBGW293,Grand Seiko,MARK,engine_median,2922.88,DERIVED,2026-08-21T21:45:15.687735+00:00
SBGW297,Grand Seiko,MARK,manual_check,3712.0,VERIFIED,2026-08-09
SBGW297,Grand Seiko,MARK,engine_median,3390.54,DERIVED,2026-08-13T12:05:36.604874+00:00
SBGW297,Grand Seiko,MARK,engine_median,5487.0,DERIVED,2026-08-14T21:47:56.498486+00:00
SBGW297,Grand Seiko,MARK,engine_median,3390.54,DERIVED,2026-08-16T10:01:25.617322+00:00
SBGW297,Grand Seiko,MARK,engine_median,3691.0,DERIVED,2026-08-19T21:47:49.086150+00:00
SBGW299,Grand Seiko,MSRP,watchbase,5400.0,VERIFIED,2026-08-13T12:05:36+00:00
SBGW299,Grand Seiko,MARK,engine_median,5487.0,DERIVED,2026-08-13T12:05:36.604874+00:00
SBGW299,Grand Seiko,MARK,engine_median,3691.0,DERIVED,2026-08-19T21:47:49.086150+00:00
SBGW301,Grand Seiko,MARK,manual_check,3664.0,VERIFIED,2026-08-09
SBGW301,Grand Seiko,MARK,engine_median,4650.0,DERIVED,2026-08-13T12:05:36.604874+00:00
SBGW305,Grand Seiko,MARK,manual_check,4025.0,VERIFIED,2026-08-09
SBGW305,Grand Seiko,MARK,engine_median,5580.0,DERIVED,2026-08-13T12:05:36.604874+00:00
SBGW306,Grand Seiko,MARK,engine_median,13318.15,DERIVED,2026-08-13T12:05:36.604874+00:00
SBGW311,Grand Seiko,MARK,engine_median,5487.0,DERIVED,2026-08-13T12:05:36.604874+00:00
SBGW313,Grand Seiko,MARK,engine_median,5487.0,DERIVED,2026-08-13T12:05:36.604874+00:00
SBGW323,Grand Seiko,MARK,engine_median,5487.0,DERIVED,2026-08-13T12:05:36.604874+00:00
SBGX004,Grand Seiko,MARK,engine_median,1541.92,DERIVED,2026-08-14T21:47:56.498486+00:00
SBGX005,,MARK,engine_median,749.89,DERIVED,2026-08-13T22:07:35.994213+00:00
SBGX007,Grand Seiko,MARK,engine_median,1100.62,DERIVED,2026-08-14T21:47:56.498486+00:00
SBGX007,Grand Seiko,MARK,engine_median,1052.76,DERIVED,2026-08-16T06:20:51.808998+00:00
SBGX031,Grand Seiko,MARK,engine_median,1377.11,DERIVED,2026-08-14T21:47:56.498486+00:00
SBGX061,Grand Seiko,MARK,manual_check,1336.0,VERIFIED,2026-08-09
SBGX061,,MARK,engine_median,1076.78,DERIVED,2026-08-13T12:05:36.604874+00:00
SBGX063,,MARK,engine_median,1348.7,DERIVED,2026-08-13T12:05:36.604874+00:00
SBGX071,,MARK,engine_median,1448.74,DERIVED,2026-08-13T12:05:36.604874+00:00
SBGX073,Grand Seiko,MARK,engine_median,1578.35,DERIVED,2026-08-13T12:05:36.604874+00:00
SBGX083,,MARK,engine_median,1239.93,DERIVED,2026-08-13T12:05:36.604874+00:00
SBGX117,,MARK,engine_median,2545.08,DERIVED,2026-08-13T12:05:36.604874+00:00
SBGX261,Grand Seiko,MARK,manual_check,1791.0,VERIFIED,2026-08-09
SBGX261,Grand Seiko,MSRP,watchbase,2700.0,VERIFIED,2026-08-13T12:05:36+00:00
SBGX261,Grand Seiko,MARK,engine_median,2511.0,DERIVED,2026-08-13T12:05:36.604874+00:00
SBGX261,Grand Seiko,MARK,engine_median,2122.59,DERIVED,2026-08-19T21:47:49.086150+00:00
SBGX261,Grand Seiko,MARK,engine_median,1921.39,DERIVED,2026-08-20T19:55:02.750956+00:00
SBGX263,Grand Seiko,MARK,manual_check,1706.0,VERIFIED,2026-08-09
SBGX263,Grand Seiko,MARK,engine_median,2511.0,DERIVED,2026-08-13T12:05:36.604874+00:00
SBGX263,Grand Seiko,MARK,engine_median,1600.41,DERIVED,2026-08-16T06:20:51.808998+00:00
SBGX263,Grand Seiko,MARK,engine_median,2122.59,DERIVED,2026-08-19T21:47:49.086150+00:00
SBGX263,Grand Seiko,MARK,engine_median,1531.29,DERIVED,2026-08-20T19:55:02.750956+00:00
SBGX265,Grand Seiko,MARK,manual_check,1992.0,VERIFIED,2026-08-09
SBGX265,Grand Seiko,MSRP,watchbase,2700.0,VERIFIED,2026-08-13T12:05:36+00:00
SBGX265,Grand Seiko,MARK,engine_median,2511.0,DERIVED,2026-08-13T12:05:36.604874+00:00
SBGX265,Grand Seiko,MARK,engine_median,1930.07,DERIVED,2026-08-16T06:20:51.808998+00:00
SBGX265,Grand Seiko,MARK,engine_median,1797.77,DERIVED,2026-08-19T21:47:49.086150+00:00
SBGX295,Grand Seiko,MARK,engine_median,1766.07,DERIVED,2026-08-14T21:47:56.498486+00:00
SBGX339,,MARK,engine_median,2507.18,DERIVED,2026-08-20T19:55:02.750956+00:00
SBGX343,Grand Seiko,MARK,engine_median,2545.08,DERIVED,2026-08-13T12:05:36.604874+00:00
SBGX344,Grand Seiko,MARK,engine_median,2630.59,DERIVED,2026-08-13T12:05:36.604874+00:00
SBGX349,Grand Seiko,MARK,manual_check,2262.0,VERIFIED,2026-08-09
SBGX353,Grand Seiko,MARK,manual_check,2930.0,VERIFIED,2026-08-09
SBGX353,Grand Seiko,MARK,engine_median,3813.0,DERIVED,2026-08-13T12:05:36.604874+00:00
SBGX355,Grand Seiko,MARK,manual_check,3100.0,VERIFIED,2026-08-09
SBGX355,Grand Seiko,MSRP,watchbase,4100.0,VERIFIED,2026-08-13T12:05:36+00:00
SBGX355,Grand Seiko,MARK,engine_median,3156.71,DERIVED,2026-08-13T12:05:36.604874+00:00
SBGX355,Grand Seiko,MARK,engine_median,3252.02,DERIVED,2026-08-13T22:07:35.994213+00:00
SBGX355,Grand Seiko,MARK,engine_median,3156.71,DERIVED,2026-08-13T22:07:39.029292+00:00
SBGX357,Grand Seiko,MARK,engine_median,3813.0,DERIVED,2026-08-13T12:05:36.604874+00:00
SBGX359,Grand Seiko,MARK,engine_median,2976.0,DERIVED,2026-08-13T12:05:36.604874+00:00
SBGX361,Grand Seiko,MARK,engine_median,2976.0,DERIVED,2026-08-13T12:05:36.604874+00:00
SBGX363,Grand Seiko,MARK,engine_median,3348.0,DERIVED,2026-08-13T12:05:36.604874+00:00
SBGX365,Grand Seiko,MARK,engine_median,3348.0,DERIVED,2026-08-13T12:05:36.604874+00:00
SBGY007,Grand Seiko,MARK,manual_check,6122.0,VERIFIED,2026-08-09
SBGY007,Grand Seiko,MARK,engine_median,8277.0,DERIVED,2026-08-13T12:05:36.604874+00:00
SBGY008,Grand Seiko,MARK,engine_median,35340.0,DERIVED,2026-08-13T12:05:36.604874+00:00
SBGY009,Grand Seiko,MARK,engine_median,7533.0,DERIVED,2026-08-13T12:05:36.604874+00:00
SBGY011,Grand Seiko,MARK,engine_median,8184.0,DERIVED,2026-08-13T12:05:36.604874+00:00
SBGY013,Grand Seiko,MARK,engine_median,6713.26,DERIVED,2026-08-19T21:47:49.086150+00:00
SBGY035,Grand Seiko,MARK,manual_check,7443.0,VERIFIED,2026-08-09
SBHL001,Grand Seiko,MARK,engine_median,16.37,DERIVED,2026-08-13T12:05:36.604874+00:00
SBHP001J,Grand Seiko,MARK,engine_median,19.87,DERIVED,2026-08-13T12:05:36.604874+00:00
SBHP003,Grand Seiko,MARK,engine_median,50.28,DERIVED,2026-08-13T12:05:36.604874+00:00
SBHP015,Grand Seiko,MARK,engine_median,39.16,DERIVED,2026-08-13T12:05:36.604874+00:00
SBHR003J,Grand Seiko,MARK,engine_median,75.99,DERIVED,2026-08-13T12:05:36.604874+00:00
SBHS001,Grand Seiko,MARK,engine_median,100.54,DERIVED,2026-08-13T12:05:36.604874+00:00
SBHS003,Grand Seiko,MARK,engine_median,42.09,DERIVED,2026-08-13T12:05:36.604874+00:00
SBHV001J,Grand Seiko,MARK,engine_median,75.99,DERIVED,2026-08-13T12:05:36.604874+00:00
SBJG017,Grand Seiko,MARK,engine_median,319.76,DERIVED,2026-08-13T12:05:36.604874+00:00
SBJG019,Grand Seiko,MARK,engine_median,319.76,DERIVED,2026-08-13T12:05:36.604874+00:00
SBJG021,Grand Seiko,MARK,engine_median,319.76,DERIVED,2026-08-13T12:05:36.604874+00:00
SBLA003J,Grand Seiko,MARK,engine_median,36.83,DERIVED,2026-08-13T12:05:36.604874+00:00
SBLA005J,Grand Seiko,MARK,engine_median,36.83,DERIVED,2026-08-13T12:05:36.604874+00:00
SBLA041J,Grand Seiko,MARK,engine_median,46.77,DERIVED,2026-08-13T12:05:36.604874+00:00
SBLA051J,Grand Seiko,MARK,engine_median,77.16,DERIVED,2026-08-13T12:05:36.604874+00:00
SBLA099J,Grand Seiko,MARK,engine_median,18.13,DERIVED,2026-08-13T12:05:36.604874+00:00
SBLA111,Grand Seiko,MARK,engine_median,50.86,DERIVED,2026-08-13T12:05:36.604874+00:00
SBPA005J,Grand Seiko,MARK,engine_median,43.25,DERIVED,2026-08-13T12:05:36.604874+00:00
SBPB001J,Grand Seiko,MARK,engine_median,19.29,DERIVED,2026-08-13T12:05:36.604874+00:00
SBPB005J,Grand Seiko,MARK,engine_median,19.29,DERIVED,2026-08-13T12:05:36.604874+00:00
SBPC001,Grand Seiko,MARK,engine_median,21.63,DERIVED,2026-08-13T12:05:36.604874+00:00
SBPJ001J,Grand Seiko,MARK,engine_median,18.7,DERIVED,2026-08-13T12:05:36.604874+00:00
SBPJ015J,Grand Seiko,MARK,engine_median,18.7,DERIVED,2026-08-13T12:05:36.604874+00:00
SBPJ021J,Grand Seiko,MARK,engine_median,15.78,DERIVED,2026-08-13T12:05:36.604874+00:00
SBPJ037J,Grand Seiko,MARK,engine_median,39.16,DERIVED,2026-08-13T12:05:36.604874+00:00
SBPK001,Grand Seiko,MARK,engine_median,541.46,DERIVED,2026-08-13T12:05:36.604874+00:00
SBPK001,Grand Seiko,MARK,engine_median,395.58,DERIVED,2026-08-13T22:07:35.994213+00:00
SBPK005,Grand Seiko,MARK,engine_median,541.46,DERIVED,2026-08-13T12:05:36.604874+00:00
SBPK007,Grand Seiko,MARK,engine_median,50.28,DERIVED,2026-08-13T12:05:36.604874+00:00
SBPL007J,Grand Seiko,MARK,engine_median,15.78,DERIVED,2026-08-13T12:05:36.604874+00:00
SBPL030,Grand Seiko,MARK,engine_median,22.79,DERIVED,2026-08-13T12:05:36.604874+00:00
SBPM001,Grand Seiko,MARK,engine_median,39.16,DERIVED,2026-08-13T12:05:36.604874+00:00
SBPN001,Grand Seiko,MARK,engine_median,18.7,DERIVED,2026-08-13T12:05:36.604874+00:00
SBPN017,Grand Seiko,MARK,engine_median,19.87,DERIVED,2026-08-13T12:05:36.604874+00:00
SBPN025J,Grand Seiko,MARK,engine_median,18.7,DERIVED,2026-08-13T12:05:36.604874+00:00
SBPN031,Grand Seiko,MARK,engine_median,20.46,DERIVED,2026-08-13T12:05:36.604874+00:00
SBPN051,Grand Seiko,MARK,engine_median,18.7,DERIVED,2026-08-13T12:05:36.604874+00:00
SBPN055,Grand Seiko,MARK,engine_median,18.7,DERIVED,2026-08-13T12:05:36.604874+00:00
SBPN059,Grand Seiko,MARK,engine_median,18.7,DERIVED,2026-08-13T12:05:36.604874+00:00
SBPN061,Grand Seiko,MARK,engine_median,18.7,DERIVED,2026-08-13T12:05:36.604874+00:00
SBPN065,Grand Seiko,MARK,engine_median,18.7,DERIVED,2026-08-13T12:05:36.604874+00:00
SBPN067,Grand Seiko,MARK,engine_median,21.63,DERIVED,2026-08-13T12:05:36.604874+00:00
SBPN083G,Grand Seiko,MARK,engine_median,20.46,DERIVED,2026-08-13T12:05:36.604874+00:00
SBPN091J,Grand Seiko,MARK,engine_median,18.7,DERIVED,2026-08-13T12:05:36.604874+00:00
SBPN093J,Grand Seiko,MARK,engine_median,18.7,DERIVED,2026-08-13T12:05:36.604874+00:00
SBPR039,Grand Seiko,MARK,engine_median,19.87,DERIVED,2026-08-13T12:05:36.604874+00:00
SBPS043J,Grand Seiko,MARK,engine_median,20.46,DERIVED,2026-08-13T12:05:36.604874+00:00
SBPS049,Grand Seiko,MARK,engine_median,26.89,DERIVED,2026-08-13T12:05:36.604874+00:00
SBPS054,Grand Seiko,MARK,engine_median,21.63,DERIVED,2026-08-13T12:05:36.604874+00:00
SBPS057,Grand Seiko,MARK,engine_median,16.37,DERIVED,2026-08-13T12:05:36.604874+00:00
SBPT019,Grand Seiko,MARK,engine_median,43.25,DERIVED,2026-08-13T12:05:36.604874+00:00
SBPT025J,Grand Seiko,MARK,engine_median,19.29,DERIVED,2026-08-13T12:05:36.604874+00:00
SBPT031J,Grand Seiko,MARK,engine_median,15.2,DERIVED,2026-08-13T12:05:36.604874+00:00
SBPT035,Grand Seiko,MARK,engine_median,39.16,DERIVED,2026-08-13T12:05:36.604874+00:00
SBPX001,Grand Seiko,MARK,engine_median,16.95,DERIVED,2026-08-13T12:05:36.604874+00:00
SBPX002,Grand Seiko,MARK,engine_median,18.7,DERIVED,2026-08-13T12:05:36.604874+00:00
SBPX006,Grand Seiko,MARK,engine_median,18.7,DERIVED,2026-08-13T12:05:36.604874+00:00
SBPX007,Grand Seiko,MARK,engine_median,18.7,DERIVED,2026-08-13T12:05:36.604874+00:00
SBPX013,Grand Seiko,MARK,engine_median,37.41,DERIVED,2026-08-13T12:05:36.604874+00:00
SBPX019,Grand Seiko,MARK,engine_median,18.7,DERIVED,2026-08-13T12:05:36.604874+00:00
SBPX022,Grand Seiko,MARK,engine_median,20.46,DERIVED,2026-08-13T12:05:36.604874+00:00
SBPX027,Grand Seiko,MARK,engine_median,20.46,DERIVED,2026-08-13T12:05:36.604874+00:00
SBPX061J,Grand Seiko,MARK,engine_median,18.7,DERIVED,2026-08-13T12:05:36.604874+00:00
SBPX067,Grand Seiko,MARK,engine_median,18.7,DERIVED,2026-08-13T12:05:36.604874+00:00
SBPX071J,Grand Seiko,MARK,engine_median,18.7,DERIVED,2026-08-13T12:05:36.604874+00:00
SBPX073J,Grand Seiko,MARK,engine_median,39.16,DERIVED,2026-08-13T12:05:36.604874+00:00
SBPX079J,Grand Seiko,MARK,engine_median,15.78,DERIVED,2026-08-13T12:05:36.604874+00:00
SBPX117,Grand Seiko,MARK,engine_median,18.7,DERIVED,2026-08-13T12:05:36.604874+00:00
SBPX149J,Grand Seiko,MARK,engine_median,22.22,DERIVED,2026-08-13T12:05:36.604874+00:00
SBPY001J,Grand Seiko,MARK,engine_median,18.7,DERIVED,2026-08-13T12:05:36.604874+00:00
SBPY019,Grand Seiko,MARK,engine_median,18.7,DERIVED,2026-08-13T12:05:36.604874+00:00
SBPY053G,Grand Seiko,MARK,engine_median,20.46,DERIVED,2026-08-13T12:05:36.604874+00:00
SBPY055G,Grand Seiko,MARK,engine_median,18.7,DERIVED,2026-08-13T12:05:36.604874+00:00
SBPY085G,Grand Seiko,MARK,engine_median,39.16,DERIVED,2026-08-13T12:05:36.604874+00:00
SBPY109,Grand Seiko,MARK,engine_median,77.16,DERIVED,2026-08-13T12:05:36.604874+00:00
SBPY121G,Grand Seiko,MARK,engine_median,18.7,DERIVED,2026-08-13T12:05:36.604874+00:00
SBPY143,Grand Seiko,MARK,engine_median,21.05,DERIVED,2026-08-13T12:05:36.604874+00:00
SBPY147,Grand Seiko,MARK,engine_median,24.55,DERIVED,2026-08-13T12:05:36.604874+00:00
SBPY155,Grand Seiko,MARK,engine_median,22.79,DERIVED,2026-08-13T12:05:36.604874+00:00
SBPY156,Grand Seiko,MARK,engine_median,26.89,DERIVED,2026-08-13T12:05:36.604874+00:00
SBPY157,Grand Seiko,MARK,engine_median,26.89,DERIVED,2026-08-13T12:05:36.604874+00:00
SBPY169J,Grand Seiko,MARK,engine_median,18.7,DERIVED,2026-08-13T12:05:36.604874+00:00
SBQA001J,Grand Seiko,MARK,engine_median,18.7,DERIVED,2026-08-13T12:05:36.604874+00:00
SBQA171,Grand Seiko,MARK,engine_median,21.05,DERIVED,2026-08-13T12:05:36.604874+00:00
SBQC040,Grand Seiko,MARK,engine_median,18.7,DERIVED,2026-08-13T12:05:36.604874+00:00
SBQC070,Grand Seiko,MARK,engine_median,19.87,DERIVED,2026-08-13T12:05:36.604874+00:00
SBQC130,Grand Seiko,MARK,engine_median,21.05,DERIVED,2026-08-13T12:05:36.604874+00:00
SBQD221,Grand Seiko,MARK,engine_median,21.05,DERIVED,2026-08-13T12:05:36.604874+00:00
SBQD774,Grand Seiko,MARK,engine_median,18.7,DERIVED,2026-08-13T12:05:36.604874+00:00
SBQF614,Grand Seiko,MARK,engine_median,21.05,DERIVED,2026-08-13T12:05:36.604874+00:00
SBQK057J,Grand Seiko,MARK,engine_median,39.16,DERIVED,2026-08-13T12:05:36.604874+00:00
SBQK062J,Grand Seiko,MARK,engine_median,54.95,DERIVED,2026-08-13T12:05:36.604874+00:00
SBQK063J,Grand Seiko,MARK,engine_median,54.95,DERIVED,2026-08-13T12:05:36.604874+00:00
SBQK081,Grand Seiko,MARK,engine_median,39.16,DERIVED,2026-08-13T12:05:36.604874+00:00
SBQL009,Grand Seiko,MARK,engine_median,22.79,DERIVED,2026-08-13T12:05:36.604874+00:00
SBRA140,Grand Seiko,MARK,engine_median,19.29,DERIVED,2026-08-13T12:05:36.604874+00:00
SBSA015J,Grand Seiko,MARK,engine_median,421.74,DERIVED,2026-08-13T12:05:36.604874+00:00
SBSA021J,Grand Seiko,MARK,engine_median,20.46,DERIVED,2026-08-13T12:05:36.604874+00:00
SBSA028,Grand Seiko,MARK,engine_median,60.21,DERIVED,2026-08-13T12:05:36.604874+00:00
SBSA031J,Grand Seiko,MARK,engine_median,19.29,DERIVED,2026-08-13T12:05:36.604874+00:00
SBSA036,Grand Seiko,MARK,engine_median,19.29,DERIVED,2026-08-13T12:05:36.604874+00:00
SBSA038,Grand Seiko,MARK,engine_median,20.46,DERIVED,2026-08-13T12:05:36.604874+00:00
SBSA041J,Grand Seiko,MARK,engine_median,18.7,DERIVED,2026-08-13T12:05:36.604874+00:00
SBSA048,Grand Seiko,MARK,engine_median,22.22,DERIVED,2026-08-13T12:05:36.604874+00:00
SBSA050J,Grand Seiko,MARK,engine_median,18.13,DERIVED,2026-08-13T12:05:36.604874+00:00
SBSA057J,Grand Seiko,MARK,engine_median,33.91,DERIVED,2026-08-13T12:05:36.604874+00:00
SBSA069J,Grand Seiko,MARK,engine_median,102.89,DERIVED,2026-08-13T12:05:36.604874+00:00
SBSA072,Grand Seiko,MARK,engine_median,98.21,DERIVED,2026-08-13T12:05:36.604874+00:00
SBSA077J,Grand Seiko,MARK,engine_median,20.46,DERIVED,2026-08-13T12:05:36.604874+00:00
SBSA079J,Grand Seiko,MARK,engine_median,78.33,DERIVED,2026-08-13T12:05:36.604874+00:00
SBSA080J,Grand Seiko,MARK,engine_median,20.46,DERIVED,2026-08-13T12:05:36.604874+00:00
SBSA083J,Grand Seiko,MARK,engine_median,20.46,DERIVED,2026-08-13T12:05:36.604874+00:00
SBSA084J,Grand Seiko,MARK,engine_median,20.46,DERIVED,2026-08-13T12:05:36.604874+00:00
SBSA087,Grand Seiko,MARK,engine_median,427.8,DERIVED,2026-08-13T12:05:36.604874+00:00
SBSA087J,Grand Seiko,MARK,engine_median,35.07,DERIVED,2026-08-13T12:05:36.604874+00:00
SBSA089J,Grand Seiko,MARK,engine_median,36.24,DERIVED,2026-08-13T12:05:36.604874+00:00
SBSA091J,Grand Seiko,MARK,engine_median,35.07,DERIVED,2026-08-13T12:05:36.604874+00:00
SBSA092J,Grand Seiko,MARK,engine_median,45.6,DERIVED,2026-08-13T12:05:36.604874+00:00
SBSA093J,Grand Seiko,MARK,engine_median,20.46,DERIVED,2026-08-13T12:05:36.604874+00:00
SBSA095J,Grand Seiko,MARK,engine_median,47.35,DERIVED,2026-08-13T12:05:36.604874+00:00
SBSA097J,Grand Seiko,MARK,engine_median,47.35,DERIVED,2026-08-13T12:05:36.604874+00:00
SBSA098,Grand Seiko,MARK,engine_median,20.46,DERIVED,2026-08-13T12:05:36.604874+00:00
SBSA104,Grand Seiko,MARK,engine_median,20.46,DERIVED,2026-08-13T12:05:36.604874+00:00
SBSA105J,Grand Seiko,MARK,engine_median,20.46,DERIVED,2026-08-13T12:05:36.604874+00:00
SBSA111,Grand Seiko,MARK,engine_median,18.7,DERIVED,2026-08-13T12:05:36.604874+00:00
SBSA119,Grand Seiko,MARK,engine_median,20.46,DERIVED,2026-08-13T12:05:36.604874+00:00
SBSA121,Grand Seiko,MARK,engine_median,20.46,DERIVED,2026-08-13T12:05:36.604874+00:00
SBSA125J,Grand Seiko,MARK,engine_median,20.46,DERIVED,2026-08-13T12:05:36.604874+00:00
SBSA129,Grand Seiko,MARK,engine_median,19.29,DERIVED,2026-08-13T12:05:36.604874+00:00
SBSA131J,Grand Seiko,MARK,engine_median,39.16,DERIVED,2026-08-13T12:05:36.604874+00:00
SBSA147,Grand Seiko,MARK,engine_median,20.46,DERIVED,2026-08-13T12:05:36.604874+00:00
SBSA149,Grand Seiko,MARK,engine_median,20.46,DERIVED,2026-08-13T12:05:36.604874+00:00
SBSA151,Grand Seiko,MARK,engine_median,19.29,DERIVED,2026-08-13T12:05:36.604874+00:00
SBSA153,Grand Seiko,MARK,engine_median,20.46,DERIVED,2026-08-13T12:05:36.604874+00:00
SBSA157,Grand Seiko,MARK,engine_median,20.46,DERIVED,2026-08-13T12:05:36.604874+00:00
SBSA160,Grand Seiko,MARK,engine_median,54.95,DERIVED,2026-08-13T12:05:36.604874+00:00
SBSA161J,Grand Seiko,MARK,engine_median,20.46,DERIVED,2026-08-13T12:05:36.604874+00:00
SBSA165,Grand Seiko,MARK,engine_median,20.46,DERIVED,2026-08-13T12:05:36.604874+00:00
SBSA165,Grand Seiko,MARK,engine_median,54.95,DERIVED,2026-08-13T22:07:35.994213+00:00
SBSA165,Grand Seiko,MARK,engine_median,20.46,DERIVED,2026-08-15T21:41:53.174601+00:00
SBSA167,Grand Seiko,MARK,engine_median,53.78,DERIVED,2026-08-13T12:05:36.604874+00:00
SBSA169J,Grand Seiko,MARK,engine_median,19.29,DERIVED,2026-08-13T12:05:36.604874+00:00
SBSA171J,Grand Seiko,MARK,engine_median,21.63,DERIVED,2026-08-13T12:05:36.604874+00:00
SBSA177,Grand Seiko,MARK,engine_median,18.13,DERIVED,2026-08-13T12:05:36.604874+00:00
SBSA197,Grand Seiko,MARK,engine_median,18.13,DERIVED,2026-08-13T12:05:36.604874+00:00
SBSA199,Grand Seiko,MARK,engine_median,20.46,DERIVED,2026-08-13T12:05:36.604874+00:00
SBSA209,Grand Seiko,MARK,engine_median,18.13,DERIVED,2026-08-13T12:05:36.604874+00:00
SBSA209,Grand Seiko,MARK,engine_median,50.28,DERIVED,2026-08-13T22:07:35.994213+00:00
SBSA209,Grand Seiko,MARK,engine_median,18.13,DERIVED,2026-08-15T21:41:53.174601+00:00
SBSA212,Grand Seiko,MARK,engine_median,399.9,DERIVED,2026-08-13T12:05:36.604874+00:00
SBSA212J,Grand Seiko,MARK,engine_median,18.13,DERIVED,2026-08-13T12:05:36.604874+00:00
SBSA223,Grand Seiko,MARK,engine_median,37.41,DERIVED,2026-08-13T12:05:36.604874+00:00
SBSA225,Grand Seiko,MARK,engine_median,212.21,DERIVED,2026-08-16T21:41:16.998484+00:00
SBSA237,Grand Seiko,MARK,engine_median,617.39,DERIVED,2026-08-13T12:05:36.604874+00:00
SBSA239,Grand Seiko,MARK,engine_median,59.62,DERIVED,2026-08-13T12:05:36.604874+00:00
SBSA241,Grand Seiko,MARK,engine_median,19.29,DERIVED,2026-08-13T12:05:36.604874+00:00
SBSA253,Grand Seiko,MARK,engine_median,33.91,DERIVED,2026-08-13T12:05:36.604874+00:00
SBSA259,Grand Seiko,MARK,engine_median,18.13,DERIVED,2026-08-13T12:05:36.604874+00:00
SBSA269,Grand Seiko,MARK,engine_median,42.09,DERIVED,2026-08-13T12:05:36.604874+00:00
SBSA277,Grand Seiko,MARK,engine_median,18.13,DERIVED,2026-08-13T12:05:36.604874+00:00
SBSA281J,Grand Seiko,MARK,engine_median,53.78,DERIVED,2026-08-13T12:05:36.604874+00:00
SBSA283,Grand Seiko,MARK,engine_median,18.7,DERIVED,2026-08-13T12:05:36.604874+00:00
SBSA285,Grand Seiko,MARK,engine_median,56.7,DERIVED,2026-08-13T12:05:36.604874+00:00
SBSA287J,Grand Seiko,MARK,engine_median,45.6,DERIVED,2026-08-13T12:05:36.604874+00:00
SBSA293,Grand Seiko,MARK,engine_median,315.08,DERIVED,2026-08-13T12:05:36.604874+00:00
SBSA303,Grand Seiko,MARK,engine_median,31.56,DERIVED,2026-08-13T12:05:36.604874+00:00
SBSA307,Grand Seiko,MARK,engine_median,31.56,DERIVED,2026-08-13T12:05:36.604874+00:00
SBSA311,Grand Seiko,MARK,engine_median,19.87,DERIVED,2026-08-13T12:05:36.604874+00:00
SBSC001,Grand Seiko,MARK,engine_median,140.3,DERIVED,2026-08-13T12:05:36.604874+00:00
SBSC003,Grand Seiko,MARK,engine_median,326.31,DERIVED,2026-08-13T12:05:36.604874+00:00
SBSC003,Grand Seiko,MARK,engine_median,418.05,DERIVED,2026-08-19T21:47:49.086150+00:00
SBSC009,Grand Seiko,MARK,engine_median,36.24,DERIVED,2026-08-13T12:05:36.604874+00:00
SBSC015,Grand Seiko,MARK,engine_median,36.24,DERIVED,2026-08-13T12:05:36.604874+00:00
SBSC021,Grand Seiko,MARK,engine_median,385.82,DERIVED,2026-08-13T12:05:36.604874+00:00
SBSC023,Grand Seiko,MARK,engine_median,20.46,DERIVED,2026-08-13T12:05:36.604874+00:00
SBSS001,Grand Seiko,MARK,engine_median,21.05,DERIVED,2026-08-13T12:05:36.604874+00:00
SBTA020,Grand Seiko,MARK,engine_median,19.87,DERIVED,2026-08-13T12:05:36.604874+00:00
SBTA914,Grand Seiko,MARK,engine_median,21.05,DERIVED,2026-08-13T12:05:36.604874+00:00
SBTC003,Grand Seiko,MARK,engine_median,18.7,DERIVED,2026-08-13T12:05:36.604874+00:00
SBTH001,Grand Seiko,MARK,engine_median,19.29,DERIVED,2026-08-13T12:05:36.604874+00:00
SBTH007,Grand Seiko,MARK,engine_median,15.78,DERIVED,2026-08-13T12:05:36.604874+00:00
SBTK401,Grand Seiko,MARK,engine_median,19.29,DERIVED,2026-08-13T12:05:36.604874+00:00
SBTM001,Grand Seiko,MARK,engine_median,28.06,DERIVED,2026-08-13T12:05:36.604874+00:00
SBTM009,Grand Seiko,MARK,engine_median,64.3,DERIVED,2026-08-13T12:05:36.604874+00:00
SBTM017,Grand Seiko,MARK,engine_median,18.7,DERIVED,2026-08-13T12:05:36.604874+00:00
SBTM039,Grand Seiko,MARK,engine_median,19.87,DERIVED,2026-08-13T12:05:36.604874+00:00
SBTM041,Grand Seiko,MARK,engine_median,16.37,DERIVED,2026-08-13T12:05:36.604874+00:00
SBTM045,Grand Seiko,MARK,engine_median,16.37,DERIVED,2026-08-13T12:05:36.604874+00:00
SBTM053J,Grand Seiko,MARK,engine_median,16.37,DERIVED,2026-08-13T12:05:36.604874+00:00
SBTM063,Grand Seiko,MARK,engine_median,19.29,DERIVED,2026-08-13T12:05:36.604874+00:00
SBTM075,Grand Seiko,MARK,engine_median,18.7,DERIVED,2026-08-13T12:05:36.604874+00:00
SBTM083,Grand Seiko,MARK,engine_median,70.15,DERIVED,2026-08-13T12:05:36.604874+00:00
SBTM087,Grand Seiko,MARK,engine_median,18.7,DERIVED,2026-08-13T12:05:36.604874+00:00
SBTM125,Grand Seiko,MARK,engine_median,18.7,DERIVED,2026-08-13T12:05:36.604874+00:00
SBTM145J,Grand Seiko,MARK,engine_median,21.05,DERIVED,2026-08-13T12:05:36.604874+00:00
SBTM145J,Grand Seiko,MARK,engine_median,26.89,DERIVED,2026-08-13T22:07:35.994213+00:00
SBTM145J,Grand Seiko,MARK,engine_median,21.05,DERIVED,2026-08-15T21:41:53.174601+00:00
SBTM149,Grand Seiko,MARK,engine_median,18.7,DERIVED,2026-08-13T12:05:36.604874+00:00
SBTM159J,Grand Seiko,MARK,engine_median,18.7,DERIVED,2026-08-13T12:05:36.604874+00:00
SBTM163,Grand Seiko,MARK,engine_median,18.7,DERIVED,2026-08-13T12:05:36.604874+00:00
SBTM181J,Grand Seiko,MARK,engine_median,18.7,DERIVED,2026-08-13T12:05:36.604874+00:00
SBTM207J,Grand Seiko,MARK,engine_median,18.7,DERIVED,2026-08-13T12:05:36.604874+00:00
SBTM213,Grand Seiko,MARK,engine_median,28.06,DERIVED,2026-08-13T12:05:36.604874+00:00
SBTM219,Grand Seiko,MARK,engine_median,20.46,DERIVED,2026-08-13T12:05:36.604874+00:00
SBTM220,Grand Seiko,MARK,engine_median,18.7,DERIVED,2026-08-13T12:05:36.604874+00:00
SBTM229,Grand Seiko,MARK,engine_median,271.24,DERIVED,2026-08-13T12:05:36.604874+00:00
SBTM231J,Grand Seiko,MARK,engine_median,18.7,DERIVED,2026-08-13T12:05:36.604874+00:00
SBTM263J,Grand Seiko,MARK,engine_median,33.91,DERIVED,2026-08-13T12:05:36.604874+00:00
SBTM269J,Grand Seiko,MARK,engine_median,28.06,DERIVED,2026-08-13T12:05:36.604874+00:00
SBTM301,Grand Seiko,MARK,engine_median,39.16,DERIVED,2026-08-13T12:05:36.604874+00:00
SBTM309,Grand Seiko,MARK,engine_median,59.05,DERIVED,2026-08-13T12:05:36.604874+00:00
SBTM311,Grand Seiko,MARK,engine_median,125.1,DERIVED,2026-08-13T12:05:36.604874+00:00
SBTM314,Grand Seiko,MARK,engine_median,66.64,DERIVED,2026-08-13T12:05:36.604874+00:00
SBTM316,Grand Seiko,MARK,engine_median,97.04,DERIVED,2026-08-13T12:05:36.604874+00:00
SBTM333J,Grand Seiko,MARK,engine_median,18.13,DERIVED,2026-08-13T12:05:36.604874+00:00
SBTN010,Grand Seiko,MARK,engine_median,19.87,DERIVED,2026-08-13T12:05:36.604874+00:00
SBTN995,Grand Seiko,MARK,engine_median,18.7,DERIVED,2026-08-13T12:05:36.604874+00:00
SBTQ005,Grand Seiko,MARK,engine_median,16.37,DERIVED,2026-08-13T12:05:36.604874+00:00
SBTQ055,Grand Seiko,MARK,engine_median,18.7,DERIVED,2026-08-13T12:05:36.604874+00:00
SBTQ071,Grand Seiko,MARK,engine_median,93.01,DERIVED,2026-08-13T12:05:36.604874+00:00
SBTR017,Grand Seiko,MARK,engine_median,122.3,DERIVED,2026-08-18T21:46:17.264769+00:00
SBTR043,Grand Seiko,MARK,engine_median,178.78,DERIVED,2026-08-18T21:46:17.264769+00:00
SBTT009,Grand Seiko,MARK,engine_median,30.98,DERIVED,2026-08-13T12:05:36.604874+00:00
SBTW980,Grand Seiko,MARK,engine_median,19.87,DERIVED,2026-08-13T12:05:36.604874+00:00
SBTY001J,Grand Seiko,MARK,engine_median,18.7,DERIVED,2026-08-13T12:05:36.604874+00:00
SBTZ130,Grand Seiko,MARK,engine_median,21.05,DERIVED,2026-08-13T12:05:36.604874+00:00
SBVV017,Grand Seiko,MARK,engine_median,1519.9,DERIVED,2026-08-13T12:05:36.604874+00:00
SBVW005,Grand Seiko,MARK,engine_median,21.05,DERIVED,2026-08-13T12:05:36.604874+00:00
SBWH020,Grand Seiko,MARK,engine_median,19.87,DERIVED,2026-08-13T12:05:36.604874+00:00
SBXA007,Grand Seiko,MARK,engine_median,256.05,DERIVED,2026-08-13T12:05:36.604874+00:00
SBXA009,,MARK,engine_median,319.86,DERIVED,2026-08-13T22:07:35.994213+00:00
SBXB063,,MARK,engine_median,559.16,DERIVED,2026-08-20T21:48:50.588638+00:00
SBXB137,Grand Seiko,MARK,engine_median,1101.88,DERIVED,2026-08-13T12:05:36.604874+00:00
SBXB170,Grand Seiko,MARK,engine_median,1180.59,DERIVED,2026-08-13T12:05:36.604874+00:00
SBXC001,Grand Seiko,MARK,engine_median,648.29,DERIVED,2026-08-13T12:05:36.604874+00:00
SBXC004J,Grand Seiko,MARK,engine_median,176.54,DERIVED,2026-08-13T12:05:36.604874+00:00
SBXC006,Grand Seiko,MARK,engine_median,91.2,DERIVED,2026-08-13T12:05:36.604874+00:00
SBXC007,Grand Seiko,MARK,engine_median,139.71,DERIVED,2026-08-13T12:05:36.604874+00:00
SBXC013,Grand Seiko,MARK,engine_median,93.53,DERIVED,2026-08-13T12:05:36.604874+00:00
SBXC015,,MARK,engine_median,559.18,DERIVED,2026-08-13T22:07:35.994213+00:00
SBXC023,Grand Seiko,MARK,engine_median,226.23,DERIVED,2026-08-13T12:05:36.604874+00:00
SBXC023,Grand Seiko,MARK,engine_median,889.72,DERIVED,2026-08-13T22:07:35.994213+00:00
SBXC023,Grand Seiko,MARK,engine_median,226.23,DERIVED,2026-08-15T21:41:53.174601+00:00
SBXC029,Grand Seiko,MARK,engine_median,981.67,DERIVED,2026-08-13T22:07:35.994213+00:00
SBXC029J,Grand Seiko,MARK,engine_median,126.85,DERIVED,2026-08-13T12:05:36.604874+00:00
SBXC035,Grand Seiko,MARK,engine_median,1578.35,DERIVED,2026-08-13T12:05:36.604874+00:00
SBXC035J,Grand Seiko,MARK,engine_median,139.71,DERIVED,2026-08-13T12:05:36.604874+00:00
SBXC037,Grand Seiko,MARK,engine_median,143.22,DERIVED,2026-08-13T12:05:36.604874+00:00
SBXC037,Grand Seiko,MARK,engine_median,553.34,DERIVED,2026-08-13T22:07:35.994213+00:00
SBXC037,Grand Seiko,MARK,engine_median,143.22,DERIVED,2026-08-15T21:41:53.174601+00:00
SBXC041,Grand Seiko,MARK,engine_median,140.3,DERIVED,2026-08-13T12:05:36.604874+00:00
SBXC043,Grand Seiko,MARK,engine_median,759.95,DERIVED,2026-08-13T12:05:36.604874+00:00
SBXC045J,Grand Seiko,MARK,engine_median,71.32,DERIVED,2026-08-13T12:05:36.604874+00:00
SBXC055,,MARK,engine_median,542.3,DERIVED,2026-08-13T22:07:35.994213+00:00
SBXC057J,Grand Seiko,MARK,engine_median,155.5,DERIVED,2026-08-13T12:05:36.604874+00:00
SBXC059J,Grand Seiko,MARK,engine_median,159.0,DERIVED,2026-08-13T12:05:36.604874+00:00
SBXC063,Grand Seiko,MARK,engine_median,125.1,DERIVED,2026-08-13T12:05:36.604874+00:00
SBXC073,Grand Seiko,MARK,engine_median,1227.61,DERIVED,2026-08-13T12:05:36.604874+00:00
SBXC073J,Grand Seiko,MARK,engine_median,144.98,DERIVED,2026-08-13T12:05:36.604874+00:00
SBXC075,Grand Seiko,MARK,engine_median,236.16,DERIVED,2026-08-13T12:05:36.604874+00:00
SBXC075,Grand Seiko,MARK,engine_median,319.18,DERIVED,2026-08-13T22:07:35.994213+00:00
SBXC075,Grand Seiko,MARK,engine_median,236.16,DERIVED,2026-08-15T21:41:53.174601+00:00
SBXC079,Grand Seiko,MARK,engine_median,798.07,DERIVED,2026-08-13T12:05:36.604874+00:00
SBXC085,Grand Seiko,MARK,engine_median,188.82,DERIVED,2026-08-13T12:05:36.604874+00:00
SBXC087,Grand Seiko,MARK,engine_median,167.77,DERIVED,2026-08-13T12:05:36.604874+00:00
SBXC088,Grand Seiko,MARK,engine_median,229.74,DERIVED,2026-08-13T12:05:36.604874+00:00
SBXC089,Grand Seiko,MARK,engine_median,209.86,DERIVED,2026-08-13T12:05:36.604874+00:00
SBXC095,Grand Seiko,MARK,engine_median,235.0,DERIVED,2026-08-13T12:05:36.604874+00:00
SBXC097J,Grand Seiko,MARK,engine_median,154.32,DERIVED,2026-08-13T12:05:36.604874+00:00
SBXC101,Grand Seiko,MARK,engine_median,213.96,DERIVED,2026-08-13T12:05:36.604874+00:00
SBXC107,Grand Seiko,MARK,engine_median,19.29,DERIVED,2026-08-13T12:05:36.604874+00:00
SBXC117,Grand Seiko,MARK,engine_median,648.29,DERIVED,2026-08-13T12:05:36.604874+00:00
SBXC121,Grand Seiko,MARK,engine_median,155.5,DERIVED,2026-08-13T12:05:36.604874+00:00
SBXC125,Grand Seiko,MARK,engine_median,1040.54,DERIVED,2026-08-13T12:05:36.604874+00:00
SBXC129,Grand Seiko,MARK,engine_median,141.47,DERIVED,2026-08-13T12:05:36.604874+00:00
SBXC133,Grand Seiko,MARK,engine_median,252.53,DERIVED,2026-08-13T12:05:36.604874+00:00
SBXC135,Grand Seiko,MARK,engine_median,223.31,DERIVED,2026-08-13T12:05:36.604874+00:00
SBXC137,Grand Seiko,MARK,engine_median,252.53,DERIVED,2026-08-13T12:05:36.604874+00:00
SBXC139,Grand Seiko,MARK,engine_median,252.53,DERIVED,2026-08-13T12:05:36.604874+00:00
SBXC143,,MARK,engine_median,2536.2,DERIVED,2026-08-14T21:47:56.498486+00:00
SBXC151,Grand Seiko,MARK,engine_median,647.12,DERIVED,2026-08-13T12:05:36.604874+00:00
SBXC151,Grand Seiko,MARK,engine_median,967.24,DERIVED,2026-08-13T22:07:35.994213+00:00
SBXC151,Grand Seiko,MARK,engine_median,647.12,DERIVED,2026-08-15T21:41:53.174601+00:00
SBXC155,Grand Seiko,MARK,engine_median,155.5,DERIVED,2026-08-13T12:05:36.604874+00:00
SBXC156,Grand Seiko,MARK,engine_median,748.84,DERIVED,2026-08-13T12:05:36.604874+00:00
SBXC159,Grand Seiko,MARK,engine_median,166.02,DERIVED,2026-08-13T12:05:36.604874+00:00
SBXC165,Grand Seiko,MARK,engine_median,2046.01,DERIVED,2026-08-13T12:05:36.604874+00:00
SBXC165,Grand Seiko,MARK,engine_median,2001.27,DERIVED,2026-08-16T10:01:25.617322+00:00
SBXC165,Grand Seiko,MARK,engine_median,2046.01,DERIVED,2026-08-17T21:49:35.588367+00:00
SBXC165,Grand Seiko,MARK,engine_median,2001.27,DERIVED,2026-08-20T19:55:02.750956+00:00
SBXC165,Grand Seiko,MARK,engine_median,2046.01,DERIVED,2026-08-20T21:48:50.588638+00:00
SBXC167,Grand Seiko,MARK,engine_median,208.11,DERIVED,2026-08-13T12:05:36.604874+00:00
SBXC171,Grand Seiko,MARK,engine_median,141.47,DERIVED,2026-08-13T12:05:36.604874+00:00
SBXC173,Grand Seiko,MARK,engine_median,828.93,DERIVED,2026-08-13T12:05:36.604874+00:00
SBXC179,Grand Seiko,MARK,engine_median,851.15,DERIVED,2026-08-13T12:05:36.604874+00:00
SBXC181,,MARK,engine_median,1309.51,DERIVED,2026-08-13T12:05:36.604874+00:00
SBXC183,Grand Seiko,MARK,engine_median,748.84,DERIVED,2026-08-13T12:05:36.604874+00:00
SBXC185,Grand Seiko,MARK,engine_median,201.09,DERIVED,2026-08-13T12:05:36.604874+00:00
SBXD003,Grand Seiko,MARK,engine_median,470.58,DERIVED,2026-08-13T12:05:36.604874+00:00
SBXD009,Grand Seiko,MARK,engine_median,144.98,DERIVED,2026-08-13T12:05:36.604874+00:00
SBXD011,Grand Seiko,MARK,engine_median,91.78,DERIVED,2026-08-13T12:05:36.604874+00:00
SBXD013,Grand Seiko,MARK,engine_median,111.07,DERIVED,2026-08-13T12:05:36.604874+00:00
SBXD013,Grand Seiko,MARK,engine_median,641.22,DERIVED,2026-08-13T22:07:35.994213+00:00
SBXD013,Grand Seiko,MARK,engine_median,111.07,DERIVED,2026-08-15T21:41:53.174601+00:00
SBXD023,Grand Seiko,MARK,engine_median,169.53,DERIVED,2026-08-13T12:05:36.604874+00:00
SBXD029,Grand Seiko,MARK,engine_median,150.23,DERIVED,2026-08-13T12:05:36.604874+00:00
SBXD031,Grand Seiko,MARK,engine_median,567.04,DERIVED,2026-08-13T12:05:36.604874+00:00
SBXD039,,MARK,engine_median,1185.55,DERIVED,2026-08-13T12:05:36.604874+00:00
SBXY003,Grand Seiko,MARK,engine_median,74.83,DERIVED,2026-08-13T12:05:36.604874+00:00
SBXY019,Grand Seiko,MARK,engine_median,119.25,DERIVED,2026-08-13T12:05:36.604874+00:00
SBXY020,Grand Seiko,MARK,engine_median,151.99,DERIVED,2026-08-13T12:05:36.604874+00:00
SBXY025,Grand Seiko,MARK,engine_median,139.71,DERIVED,2026-08-13T12:05:36.604874+00:00
SBXY029,Grand Seiko,MARK,engine_median,125.1,DERIVED,2026-08-13T12:05:36.604874+00:00
SBXY031,Grand Seiko,MARK,engine_median,615.55,DERIVED,2026-08-13T12:05:36.604874+00:00
SBXY033,Grand Seiko,MARK,engine_median,615.55,DERIVED,2026-08-13T12:05:36.604874+00:00
SBXY034,Grand Seiko,MARK,engine_median,379.97,DERIVED,2026-08-13T12:05:36.604874+00:00
SBXY035,Grand Seiko,MARK,engine_median,615.55,DERIVED,2026-08-13T12:05:36.604874+00:00
SBXY037,Grand Seiko,MARK,engine_median,509.17,DERIVED,2026-08-13T12:05:36.604874+00:00
SBXY039,Grand Seiko,MARK,engine_median,1033.9,DERIVED,2026-08-13T12:05:36.604874+00:00
SBXY041,Grand Seiko,MARK,engine_median,509.17,DERIVED,2026-08-13T12:05:36.604874+00:00
SBXY045,Grand Seiko,MARK,engine_median,144.98,DERIVED,2026-08-13T12:05:36.604874+00:00
SBXY047,Grand Seiko,MARK,engine_median,87.69,DERIVED,2026-08-13T12:05:36.604874+00:00
SBXY049,Grand Seiko,MARK,engine_median,886.28,DERIVED,2026-08-13T12:05:36.604874+00:00
SBXY051,Grand Seiko,MARK,engine_median,886.28,DERIVED,2026-08-13T12:05:36.604874+00:00
SBXY053,Grand Seiko,MARK,engine_median,886.28,DERIVED,2026-08-13T12:05:36.604874+00:00
SBXY061,Grand Seiko,MARK,engine_median,738.65,DERIVED,2026-08-13T12:05:36.604874+00:00
SBXY061J,Grand Seiko,MARK,engine_median,499.22,DERIVED,2026-08-13T12:05:36.604874+00:00
SBXY063,Grand Seiko,MARK,engine_median,738.65,DERIVED,2026-08-13T12:05:36.604874+00:00
SBXY065,Grand Seiko,MARK,engine_median,738.65,DERIVED,2026-08-13T12:05:36.604874+00:00
SBXY067,Grand Seiko,MARK,engine_median,738.65,DERIVED,2026-08-13T12:05:36.604874+00:00
SBXY073,Grand Seiko,MARK,engine_median,144.98,DERIVED,2026-08-13T12:05:36.604874+00:00
SBXY081,Grand Seiko,MARK,engine_median,923.05,DERIVED,2026-08-13T12:05:36.604874+00:00
SBXY083,Grand Seiko,MARK,engine_median,923.05,DERIVED,2026-08-13T12:05:36.604874+00:00
SBXY085,Grand Seiko,MARK,engine_median,738.65,DERIVED,2026-08-13T12:05:36.604874+00:00
SBXY087,Grand Seiko,MARK,engine_median,534.89,DERIVED,2026-08-13T12:05:36.604874+00:00
SBXY089,Grand Seiko,MARK,engine_median,493.38,DERIVED,2026-08-13T12:05:36.604874+00:00
SBXY091,Grand Seiko,MARK,engine_median,493.38,DERIVED,2026-08-13T12:05:36.604874+00:00
SBXY095,Grand Seiko,MARK,engine_median,787.68,DERIVED,2026-08-13T12:05:36.604874+00:00
SBXY097,Grand Seiko,MARK,engine_median,787.68,DERIVED,2026-08-13T12:05:36.604874+00:00
SBXY101,,MARK,engine_median,630.39,DERIVED,2026-08-13T22:07:35.994213+00:00
SBYA001,Grand Seiko,MARK,engine_median,18.7,DERIVED,2026-08-13T12:05:36.604874+00:00
SCBS029,,MARK,engine_median,695.56,DERIVED,2026-08-13T22:07:35.994213+00:00
SCDB017,Grand Seiko,MARK,engine_median,18.7,DERIVED,2026-08-13T12:05:36.604874+00:00
SCDC001,Grand Seiko,MARK,engine_median,39.16,DERIVED,2026-08-13T12:05:36.604874+00:00
SCDC037J,Grand Seiko,MARK,engine_median,16.37,DERIVED,2026-08-13T12:05:36.604874+00:00
SCDC039,Grand Seiko,MARK,engine_median,18.7,DERIVED,2026-08-13T12:05:36.604874+00:00
SCDC045J,Grand Seiko,MARK,engine_median,21.05,DERIVED,2026-08-13T12:05:36.604874+00:00
SCDC063,Grand Seiko,MARK,engine_median,39.16,DERIVED,2026-08-13T12:05:36.604874+00:00
SCDC069,Grand Seiko,MARK,engine_median,18.7,DERIVED,2026-08-13T12:05:36.604874+00:00
SCDC075,Grand Seiko,MARK,engine_median,15.78,DERIVED,2026-08-13T12:05:36.604874+00:00
SCDC093,Grand Seiko,MARK,engine_median,20.46,DERIVED,2026-08-13T12:05:36.604874+00:00
SCDP002,Grand Seiko,MARK,engine_median,80.08,DERIVED,2026-08-13T12:05:36.604874+00:00
SCDP003,Grand Seiko,MARK,engine_median,38.59,DERIVED,2026-08-13T12:05:36.604874+00:00
SCDP019,Grand Seiko,MARK,engine_median,16.37,DERIVED,2026-08-13T12:05:36.604874+00:00
SCDP022J,Grand Seiko,MARK,engine_median,18.7,DERIVED,2026-08-13T12:05:36.604874+00:00
SCDP025J,Grand Seiko,MARK,engine_median,16.37,DERIVED,2026-08-13T12:05:36.604874+00:00
SCDQ005J,Grand Seiko,MARK,engine_median,16.37,DERIVED,2026-08-13T12:05:36.604874+00:00
SCDQ023J,Grand Seiko,MARK,engine_median,21.05,DERIVED,2026-08-13T12:05:36.604874+00:00
SCDS005,Grand Seiko,MARK,engine_median,21.05,DERIVED,2026-08-13T12:05:36.604874+00:00
SCDW004,Grand Seiko,MARK,engine_median,15.78,DERIVED,2026-08-13T12:05:36.604874+00:00
SCEB017,Grand Seiko,MARK,engine_median,22.79,DERIVED,2026-08-13T12:05:36.604874+00:00
SCEB035,Grand Seiko,MARK,engine_median,20.46,DERIVED,2026-08-13T12:05:36.604874+00:00
SCEC011,Grand Seiko,MARK,engine_median,18.7,DERIVED,2026-08-13T12:05:36.604874+00:00
SCED001,Grand Seiko,MARK,engine_median,39.16,DERIVED,2026-08-13T12:05:36.604874+00:00
SCED019,Grand Seiko,MARK,engine_median,20.46,DERIVED,2026-08-13T12:05:36.604874+00:00
SCED027,Grand Seiko,MARK,engine_median,28.64,DERIVED,2026-08-13T12:05:36.604874+00:00
SCED035J,Grand Seiko,MARK,engine_median,39.16,DERIVED,2026-08-13T12:05:36.604874+00:00
SCED037J,Grand Seiko,MARK,engine_median,33.91,DERIVED,2026-08-13T12:05:36.604874+00:00
SCED041J,Grand Seiko,MARK,engine_median,39.16,DERIVED,2026-08-13T12:05:36.604874+00:00
SCED053J,Grand Seiko,MARK,engine_median,102.89,DERIVED,2026-08-13T12:05:36.604874+00:00
SCED055J,Grand Seiko,MARK,engine_median,20.46,DERIVED,2026-08-13T12:05:36.604874+00:00
SCED057J,Grand Seiko,MARK,engine_median,20.46,DERIVED,2026-08-13T12:05:36.604874+00:00
SCES001,Grand Seiko,MARK,engine_median,15.78,DERIVED,2026-08-13T12:05:36.604874+00:00
SCFK001,Grand Seiko,MARK,engine_median,21.05,DERIVED,2026-08-13T12:05:36.604874+00:00
SCFK013J,Grand Seiko,MARK,engine_median,19.87,DERIVED,2026-08-13T12:05:36.604874+00:00
SCJC005,Grand Seiko,MARK,engine_median,19.29,DERIVED,2026-08-13T12:05:36.604874+00:00
SCJC019,Grand Seiko,MARK,engine_median,16.37,DERIVED,2026-08-13T12:05:36.604874+00:00
SCJC023,Grand Seiko,MARK,engine_median,39.16,DERIVED,2026-08-13T12:05:36.604874+00:00
SCJD001,Grand Seiko,MARK,engine_median,21.63,DERIVED,2026-08-13T12:05:36.604874+00:00
SCJE001,Grand Seiko,MARK,engine_median,18.7,DERIVED,2026-08-13T12:05:36.604874+00:00
SCJF005,Grand Seiko,MARK,engine_median,20.46,DERIVED,2026-08-13T12:05:36.604874+00:00
SCJF005,Grand Seiko,MARK,engine_median,19.26,DERIVED,2026-08-13T22:07:35.994213+00:00
SCJG001,Grand Seiko,MARK,engine_median,19.29,DERIVED,2026-08-13T12:05:36.604874+00:00
SCJK011,Grand Seiko,MARK,engine_median,102.89,DERIVED,2026-08-13T12:05:36.604874+00:00
SCJK012,Grand Seiko,MARK,engine_median,115.16,DERIVED,2026-08-13T12:05:36.604874+00:00
SCJL001,Grand Seiko,MARK,engine_median,20.46,DERIVED,2026-08-13T12:05:36.604874+00:00
SCJT001,Grand Seiko,MARK,engine_median,39.16,DERIVED,2026-08-13T12:05:36.604874+00:00
SCJV001,Grand Seiko,MARK,engine_median,16.37,DERIVED,2026-08-13T12:05:36.604874+00:00
SCJV005,Grand Seiko,MARK,engine_median,253.12,DERIVED,2026-08-13T12:05:36.604874+00:00
SCQC020,Grand Seiko,MARK,engine_median,19.87,DERIVED,2026-08-13T12:05:36.604874+00:00
SCQV001,Grand Seiko,MARK,engine_median,19.29,DERIVED,2026-08-13T12:05:36.604874+00:00
SCRB001,Grand Seiko,MARK,engine_median,19.29,DERIVED,2026-08-13T12:05:36.604874+00:00
SCRB039,Grand Seiko,MARK,engine_median,21.05,DERIVED,2026-08-13T12:05:36.604874+00:00
SCVE001J,Grand Seiko,MARK,engine_median,36.24,DERIVED,2026-08-13T12:05:36.604874+00:00
SCVE031,Grand Seiko,MARK,engine_median,114.58,DERIVED,2026-08-13T12:05:36.604874+00:00
SCVE035,Grand Seiko,MARK,engine_median,18.7,DERIVED,2026-08-13T12:05:36.604874+00:00
SCVE039,Grand Seiko,MARK,engine_median,129.77,DERIVED,2026-08-13T12:05:36.604874+00:00
SCVE055,Grand Seiko,MARK,engine_median,18.7,DERIVED,2026-08-13T12:05:36.604874+00:00
SCVE055,Grand Seiko,MARK,engine_median,28.64,DERIVED,2026-08-13T22:07:35.994213+00:00
SCVE055,Grand Seiko,MARK,engine_median,18.7,DERIVED,2026-08-15T21:41:53.174601+00:00
SCVE061,Grand Seiko,MARK,engine_median,18.13,DERIVED,2026-08-13T12:05:36.604874+00:00
SCVE062,Grand Seiko,MARK,engine_median,18.7,DERIVED,2026-08-13T12:05:36.604874+00:00
SCVS001J,Grand Seiko,MARK,engine_median,22.79,DERIVED,2026-08-13T12:05:36.604874+00:00
SCVS003J,Grand Seiko,MARK,engine_median,97.04,DERIVED,2026-08-13T12:05:36.604874+00:00
SCWA001,Grand Seiko,MARK,engine_median,21.05,DERIVED,2026-08-13T12:05:36.604874+00:00
SCWB001,Grand Seiko,MARK,engine_median,21.05,DERIVED,2026-08-13T12:05:36.604874+00:00
SCXP021,Grand Seiko,MARK,engine_median,18.7,DERIVED,2026-08-13T12:05:36.604874+00:00
SCXP041,Grand Seiko,MARK,engine_median,21.05,DERIVED,2026-08-13T12:05:36.604874+00:00
SCXP158,Grand Seiko,MARK,engine_median,75.99,DERIVED,2026-08-13T12:05:36.604874+00:00
SCXP159,Grand Seiko,MARK,engine_median,52.61,DERIVED,2026-08-13T12:05:36.604874+00:00
SCXP161,Grand Seiko,MARK,engine_median,35.07,DERIVED,2026-08-13T12:05:36.604874+00:00
SCXP165,Grand Seiko,MARK,engine_median,35.07,DERIVED,2026-08-13T12:05:36.604874+00:00
SCXP169,Grand Seiko,MARK,engine_median,20.46,DERIVED,2026-08-13T12:05:36.604874+00:00
SCXP172,Grand Seiko,MARK,engine_median,22.22,DERIVED,2026-08-13T12:05:36.604874+00:00
SCXP175,Grand Seiko,MARK,engine_median,35.07,DERIVED,2026-08-13T12:05:36.604874+00:00
SCXP177,Grand Seiko,MARK,engine_median,35.07,DERIVED,2026-08-13T12:05:36.604874+00:00
SCXP179,Grand Seiko,MARK,engine_median,35.07,DERIVED,2026-08-13T12:05:36.604874+00:00
SCXP181,Grand Seiko,MARK,engine_median,40.92,DERIVED,2026-08-13T12:05:36.604874+00:00
SCXP183,Grand Seiko,MARK,engine_median,20.46,DERIVED,2026-08-13T12:05:36.604874+00:00
SDBV001,Grand Seiko,MARK,engine_median,19.29,DERIVED,2026-08-13T12:05:36.604874+00:00
SDBV011,Grand Seiko,MARK,engine_median,39.16,DERIVED,2026-08-13T12:05:36.604874+00:00
SDBV015,Grand Seiko,MARK,engine_median,20.46,DERIVED,2026-08-13T12:05:36.604874+00:00
SDBV021,Grand Seiko,MARK,engine_median,20.46,DERIVED,2026-08-13T12:05:36.604874+00:00
SDBV023,Grand Seiko,MARK,engine_median,20.46,DERIVED,2026-08-13T12:05:36.604874+00:00
SDBY007,Grand Seiko,MARK,engine_median,20.46,DERIVED,2026-08-13T12:05:36.604874+00:00
SDBY009,Grand Seiko,MARK,engine_median,39.16,DERIVED,2026-08-13T12:05:36.604874+00:00
SDGA001J,Grand Seiko,MARK,engine_median,19.26,DERIVED,2026-08-13T22:07:35.994213+00:00
SDGA003J,Grand Seiko,MARK,engine_median,39.16,DERIVED,2026-08-13T12:05:36.604874+00:00
SDGA007J,Grand Seiko,MARK,engine_median,65.47,DERIVED,2026-08-13T12:05:36.604874+00:00
SDGC031J,Grand Seiko,MARK,engine_median,35.07,DERIVED,2026-08-13T12:05:36.604874+00:00
SDKA003,,MARK,engine_median,1804.24,DERIVED,2026-08-20T19:55:02.750956+00:00
SDKA005,Grand Seiko,MARK,engine_median,47.35,DERIVED,2026-08-13T12:05:36.604874+00:00
SDKA007,Grand Seiko,MARK,engine_median,1929.1,DERIVED,2026-08-13T12:05:36.604874+00:00
SDKA009,Grand Seiko,MARK,engine_median,94.7,DERIVED,2026-08-13T12:05:36.604874+00:00
SDKA013,Grand Seiko,MARK,engine_median,1870.64,DERIVED,2026-08-13T12:05:36.604874+00:00
SDKA017,Grand Seiko,MARK,engine_median,206.36,DERIVED,2026-08-13T12:05:36.604874+00:00
SDKA023,,MARK,engine_median,2448.61,DERIVED,2026-08-20T19:55:02.750956+00:00
SDKS001,Grand Seiko,MARK,engine_median,841.79,DERIVED,2026-08-13T12:05:36.604874+00:00
SDKS003,Grand Seiko,MARK,engine_median,1087.79,DERIVED,2026-08-13T22:07:35.994213+00:00
SDKS021,Grand Seiko,MARK,engine_median,648.29,DERIVED,2026-08-13T12:05:36.604874+00:00
SDKS027,Grand Seiko,MARK,engine_median,1169.15,DERIVED,2026-08-13T12:05:36.604874+00:00
SDKS031,,MARK,engine_median,1277.02,DERIVED,2026-08-20T19:55:02.750956+00:00
SDKV001,Grand Seiko,MARK,engine_median,4208.94,DERIVED,2026-08-13T12:05:36.604874+00:00
SFJ003,Grand Seiko,MARK,engine_median,860.25,DERIVED,2026-08-13T12:05:36.604874+00:00
SFJ005,Grand Seiko,MARK,engine_median,860.25,DERIVED,2026-08-13T12:05:36.604874+00:00
SFJ007,Grand Seiko,MARK,engine_median,706.8,DERIVED,2026-08-13T12:05:36.604874+00:00
SFJ009,Grand Seiko,MARK,engine_median,976.5,DERIVED,2026-08-13T12:05:36.604874+00:00
SFK003,Grand Seiko,MARK,engine_median,232.5,DERIVED,2026-08-13T12:05:36.604874+00:00
SFQE800,Grand Seiko,MARK,engine_median,32.74,DERIVED,2026-08-13T12:05:36.604874+00:00
SJE077,Grand Seiko,MARK,engine_median,3069.0,DERIVED,2026-08-13T12:05:36.604874+00:00
SJE085,Seiko,MARK,manual_check,1350.0,EST,2026-08
SJE085,Grand Seiko,MARK,engine_median,2697.0,DERIVED,2026-08-13T12:05:36.604874+00:00
SJE087,Grand Seiko,MARK,engine_median,3069.0,DERIVED,2026-08-13T12:05:36.604874+00:00
SJE089,Grand Seiko,MARK,engine_median,3069.0,DERIVED,2026-08-13T12:05:36.604874+00:00
SJE091,Grand Seiko,MARK,engine_median,3069.0,DERIVED,2026-08-13T12:05:36.604874+00:00
SJE097,Grand Seiko,MARK,engine_median,1999.5,DERIVED,2026-08-13T12:05:36.604874+00:00
SJE099,Grand Seiko,MARK,engine_median,2604.0,DERIVED,2026-08-13T12:05:36.604874+00:00
SJE099,Grand Seiko,MARK,engine_median,2185.5,DERIVED,2026-08-21T21:45:15.687735+00:00
SJE101,Grand Seiko,MARK,engine_median,2604.0,DERIVED,2026-08-13T12:05:36.604874+00:00
SJE103,Grand Seiko,MARK,engine_median,3069.0,DERIVED,2026-08-13T12:05:36.604874+00:00
SJE105,Grand Seiko,MARK,engine_median,3069.0,DERIVED,2026-08-13T12:05:36.604874+00:00
SJE107,Grand Seiko,MARK,engine_median,3069.0,DERIVED,2026-08-13T12:05:36.604874+00:00
SJE109,Grand Seiko,MARK,engine_median,2883.0,DERIVED,2026-08-13T12:05:36.604874+00:00
SJE111,Grand Seiko,MARK,engine_median,2883.0,DERIVED,2026-08-13T12:05:36.604874+00:00
SJE113,Grand Seiko,MARK,engine_median,2883.0,DERIVED,2026-08-13T12:05:36.604874+00:00
SJE115,Grand Seiko,MARK,engine_median,2883.0,DERIVED,2026-08-13T12:05:36.604874+00:00
SJE117,Grand Seiko,MARK,engine_median,2139.0,DERIVED,2026-08-13T12:05:36.604874+00:00
SJE119,Seiko,MSRP,watchbase,2800.0,VERIFIED,2026-08-13T12:05:36+00:00
SJE119,Grand Seiko,MARK,engine_median,2604.0,DERIVED,2026-08-13T12:05:36.604874+00:00
SJE121,Grand Seiko,MARK,engine_median,2883.0,DERIVED,2026-08-13T12:05:36.604874+00:00
SJWN540,Grand Seiko,MARK,engine_median,21.05,DERIVED,2026-08-13T12:05:36.604874+00:00
SKS203P,Grand Seiko,MARK,engine_median,26.89,DERIVED,2026-08-13T12:05:36.604874+00:00
SLA039,Grand Seiko,MARK,engine_median,3441.0,DERIVED,2026-08-13T12:05:36.604874+00:00
SLA043,Grand Seiko,MARK,engine_median,4557.0,DERIVED,2026-08-13T12:05:36.604874+00:00
SLA049,Grand Seiko,MARK,engine_median,2883.0,DERIVED,2026-08-13T12:05:36.604874+00:00
SLA051,Grand Seiko,MARK,engine_median,2697.0,DERIVED,2026-08-13T12:05:36.604874+00:00
SLA053,Grand Seiko,MARK,engine_median,2976.0,DERIVED,2026-08-13T12:05:36.604874+00:00
SLA055,Grand Seiko,MARK,engine_median,4278.0,DERIVED,2026-08-13T12:05:36.604874+00:00
SLA057,Grand Seiko,MARK,engine_median,3348.0,DERIVED,2026-08-13T12:05:36.604874+00:00
SLA061,Grand Seiko,MARK,engine_median,3069.0,DERIVED,2026-08-13T12:05:36.604874+00:00
SLA063,Grand Seiko,MARK,engine_median,2883.0,DERIVED,2026-08-13T12:05:36.604874+00:00
SLA065,Grand Seiko,MARK,engine_median,2697.0,DERIVED,2026-08-13T12:05:36.604874+00:00
SLA066,Grand Seiko,MARK,engine_median,2697.0,DERIVED,2026-08-13T12:05:36.604874+00:00
SLA067,Grand Seiko,MARK,engine_median,2697.0,DERIVED,2026-08-13T12:05:36.604874+00:00
SLA069,Grand Seiko,MARK,engine_median,2697.0,DERIVED,2026-08-13T12:05:36.604874+00:00
SLA073,Grand Seiko,MARK,engine_median,1953.0,DERIVED,2026-08-13T12:05:36.604874+00:00
SLA075,Grand Seiko,MARK,engine_median,2604.0,DERIVED,2026-08-13T12:05:36.604874+00:00
SLA077,Grand Seiko,MARK,engine_median,2697.0,DERIVED,2026-08-13T12:05:36.604874+00:00
SLA079,Grand Seiko,MARK,engine_median,2697.0,DERIVED,2026-08-13T12:05:36.604874+00:00
SLA083,Grand Seiko,MARK,engine_median,3069.0,DERIVED,2026-08-13T12:05:36.604874+00:00
SLA085,Grand Seiko,MARK,engine_median,3069.0,DERIVED,2026-08-13T12:05:36.604874+00:00
SLA087,Grand Seiko,MARK,engine_median,3069.0,DERIVED,2026-08-13T12:05:36.604874+00:00
SLA089,Grand Seiko,MARK,engine_median,3069.0,DERIVED,2026-08-13T12:05:36.604874+00:00
SLA093,Grand Seiko,MARK,engine_median,2976.0,DERIVED,2026-08-13T12:05:36.604874+00:00
SLA095,Grand Seiko,MARK,engine_median,2976.0,DERIVED,2026-08-13T12:05:36.604874+00:00
SLGA001,Grand Seiko,MARK,engine_median,10323.0,DERIVED,2026-08-13T12:05:36.604874+00:00
SLGA001G,Grand Seiko,MARK,engine_median,70.15,DERIVED,2026-08-13T12:05:36.604874+00:00
SLGA003,Grand Seiko,MARK,engine_median,70.15,DERIVED,2026-08-13T12:05:36.604874+00:00
SLGA007,Grand Seiko,MARK,manual_check,7810.0,VERIFIED,2026-08-09
SLGA008,Grand Seiko,MARK,engine_median,45570.0,DERIVED,2026-08-13T12:05:36.604874+00:00
SLGA009,Grand Seiko,MARK,manual_check,6646.0,VERIFIED,2026-08-09
SLGA009,Grand Seiko,MARK,engine_median,9114.0,DERIVED,2026-08-13T12:05:36.604874+00:00
SLGA009,Grand Seiko,MARK,engine_median,6199.61,DERIVED,2026-08-16T10:01:25.617322+00:00
SLGA009,Grand Seiko,MARK,engine_median,9114.0,DERIVED,2026-08-20T04:37:33.725646+00:00
SLGA009,Grand Seiko,MARK,engine_median,6199.61,DERIVED,2026-08-21T21:45:15.687735+00:00
SLGA015,Grand Seiko,MARK,manual_check,6817.0,VERIFIED,2026-08-09
SLGA015,Grand Seiko,MARK,engine_median,106.39,DERIVED,2026-08-13T12:05:36.604874+00:00
SLGA019,Grand Seiko,MARK,manual_check,7455.0,VERIFIED,2026-08-09
SLGA021,Grand Seiko,MARK,manual_check,7060.0,VERIFIED,2026-08-09
SLGA021,Grand Seiko,MARK,engine_median,6116.53,DERIVED,2026-08-13T12:05:36.604874+00:00
SLGA021,Grand Seiko,MARK,engine_median,9114.0,DERIVED,2026-08-14T21:47:56.498486+00:00
SLGA021,Grand Seiko,MARK,engine_median,6116.53,DERIVED,2026-08-16T10:01:25.617322+00:00
SLGA021,Grand Seiko,MARK,engine_median,9114.0,DERIVED,2026-08-18T21:46:17.264769+00:00
SLGA021,Grand Seiko,MARK,engine_median,6116.53,DERIVED,2026-08-19T21:47:49.086150+00:00
SLGA021,Grand Seiko,MARK,engine_median,9114.0,DERIVED,2026-08-20T04:37:33.725646+00:00
SLGA021,Grand Seiko,MARK,engine_median,6116.53,DERIVED,2026-08-21T21:45:15.687735+00:00
SLGA023,Grand Seiko,MARK,engine_median,11718.0,DERIVED,2026-08-13T12:05:36.604874+00:00
SLGA025,Grand Seiko,MARK,manual_check,8097.0,VERIFIED,2026-08-09
SLGA025,Grand Seiko,MSRP,watchbase,10500.0,VERIFIED,2026-08-13T12:05:36+00:00
SLGA025,Grand Seiko,MARK,engine_median,10230.0,DERIVED,2026-08-13T12:05:36.604874+00:00
SLGB003,Grand Seiko,MARK,manual_check,8776.0,VERIFIED,2026-08-09
SLGB003,Grand Seiko,MARK,engine_median,9207.0,DERIVED,2026-08-13T12:05:36.604874+00:00
SLGB005,Grand Seiko,MARK,manual_check,9504.0,VERIFIED,2026-08-09
SLGB005,Grand Seiko,MARK,engine_median,10323.0,DERIVED,2026-08-13T12:05:36.604874+00:00
SLGB007,Grand Seiko,MARK,engine_median,10602.0,DERIVED,2026-08-13T12:05:36.604874+00:00
SLGB009,Grand Seiko,MARK,engine_median,9486.0,DERIVED,2026-08-13T12:05:36.604874+00:00
SLGB011,Grand Seiko,MARK,engine_median,9486.0,DERIVED,2026-08-13T12:05:36.604874+00:00
SLGB013,Grand Seiko,MARK,engine_median,9486.0,DERIVED,2026-08-13T12:05:36.604874+00:00
SLGB015,Grand Seiko,MARK,engine_median,9486.0,DERIVED,2026-08-13T12:05:36.604874+00:00
SLGB023,Grand Seiko,MARK,engine_median,930.0,DERIVED,2026-08-13T12:05:36.604874+00:00
SLGB023,Grand Seiko,MARK,engine_median,11532.0,DERIVED,2026-08-19T21:47:49.086150+00:00
SLGB023,Grand Seiko,MARK,engine_median,930.0,DERIVED,2026-08-20T04:37:33.725646+00:00
SLGB025,Grand Seiko,MARK,engine_median,930.0,DERIVED,2026-08-13T12:05:36.604874+00:00
SLGB025,Grand Seiko,MARK,engine_median,11532.0,DERIVED,2026-08-19T21:47:49.086150+00:00
SLGB025,Grand Seiko,MARK,engine_median,930.0,DERIVED,2026-08-20T04:37:33.725646+00:00
SLGC001,Grand Seiko,MARK,manual_check,8794.0,VERIFIED,2026-04
SLGC001,Grand Seiko,MARK,manual_check,8794.0,VERIFIED,2026-04
SLGC001,Grand Seiko,MARK,manual_check,8794.0,VERIFIED,2026-04
SLGC001,Grand Seiko,MARK,manual_check,8794.0,VERIFIED,2026-04
SLGC001,Grand Seiko,MARK,manual_check,8794.0,VERIFIED,2026-04
SLGC001,Grand Seiko,MARK,manual_check,8794.0,VERIFIED,2026-04
SLGC001,Grand Seiko,MARK,manual_check,8794.0,VERIFIED,2026-04
SLGC001,Grand Seiko,MARK,manual_check,8794.0,VERIFIED,2026-04
SLGC001,Grand Seiko,MARK,manual_check,8794.0,VERIFIED,2026-04
SLGC001,Grand Seiko,MARK,manual_check,8794.0,VERIFIED,2026-04
SLGC001,Grand Seiko,MARK,manual_check,8794.0,VERIFIED,2026-04
SLGC001,Grand Seiko,MARK,manual_check,8794.0,VERIFIED,2026-04
SLGC001,Grand Seiko,MARK,manual_check,8794.0,VERIFIED,2026-04
SLGC001,Grand Seiko,MARK,manual_check,8794.0,VERIFIED,2026-04
SLGC001,Grand Seiko,MARK,manual_check,8566.0,VERIFIED,2026-08-09
SLGC001,Grand Seiko,MSRP,watchbase,13700.0,VERIFIED,2026-08-13T12:05:36+00:00
SLGC001,Grand Seiko,MARK,engine_median,9121.25,DERIVED,2026-08-13T12:05:36.604874+00:00
SLGC001,Grand Seiko,MARK,engine_median,9491.15,DERIVED,2026-08-19T21:47:49.086150+00:00
SLGC004,Grand Seiko,MARK,engine_median,12860.64,DERIVED,2026-08-13T12:05:36.604874+00:00
SLGC004,Grand Seiko,MARK,engine_median,12159.15,DERIVED,2026-08-13T22:07:35.994213+00:00
SLGC004,Grand Seiko,MARK,engine_median,12860.64,DERIVED,2026-08-16T21:41:16.998484+00:00
SLGC004,Grand Seiko,MARK,engine_median,12159.15,DERIVED,2026-08-19T21:47:49.086150+00:00
SLGC004,Grand Seiko,MARK,engine_median,12860.64,DERIVED,2026-08-20T04:37:33.725646+00:00
SLGC004,Grand Seiko,MARK,engine_median,12159.15,DERIVED,2026-08-20T19:55:02.750956+00:00
SLGC004,Grand Seiko,MARK,engine_median,12860.64,DERIVED,2026-08-21T21:45:15.687735+00:00
SLGC007,Grand Seiko,MARK,engine_median,13671.0,DERIVED,2026-08-13T12:05:36.604874+00:00
SLGC009,Grand Seiko,MARK,engine_median,10405.44,DERIVED,2026-08-13T12:05:36.604874+00:00
SLGC009,Grand Seiko,MARK,engine_median,15252.0,DERIVED,2026-08-14T21:47:56.498486+00:00
SLGC009,Grand Seiko,MARK,engine_median,10405.44,DERIVED,2026-08-16T10:01:25.617322+00:00
SLGC009,Grand Seiko,MARK,engine_median,15252.0,DERIVED,2026-08-20T04:37:33.725646+00:00
SLGC009,Grand Seiko,MARK,engine_median,10405.44,DERIVED,2026-08-21T21:45:15.687735+00:00
SLGH003,Grand Seiko,MARK,manual_check,5776.0,VERIFIED,2026-08-09
SLGH003,,MARK,seed_kb,7000.0,VERIFIED,2026-08-13T12:05:36+00:00
SLGH005,Grand Seiko,MARK,manual_check,6536.0,VERIFIED,2026-08-09
SLGH005,Grand Seiko,MARK,engine_median,6430.33,DERIVED,2026-08-13T12:05:36.604874+00:00
SLGH007,Grand Seiko,MARK,manual_check,39847.0,VERIFIED,2026-08-09
SLGH007,Grand Seiko,MARK,engine_median,54870.0,DERIVED,2026-08-13T12:05:36.604874+00:00
SLGH009,Grand Seiko,MARK,manual_check,5996.0,VERIFIED,2026-08-09
SLGH009,Grand Seiko,MARK,engine_median,9765.0,DERIVED,2026-08-13T12:05:36.604874+00:00
SLGH011,Grand Seiko,MARK,manual_check,6566.0,VERIFIED,2026-08-09
SLGH011,Grand Seiko,MARK,engine_median,7533.0,DERIVED,2026-08-13T12:05:36.604874+00:00
SLGH011,Grand Seiko,MARK,engine_median,8205.09,DERIVED,2026-08-19T21:47:49.086150+00:00
SLGH011,Grand Seiko,MARK,engine_median,7533.0,DERIVED,2026-08-20T04:37:33.725646+00:00
SLGH013,Grand Seiko,MARK,manual_check,6917.0,VERIFIED,2026-08-09
SLGH013,Grand Seiko,MSRP,watchbase,9500.0,VERIFIED,2026-08-13T12:05:36+00:00
SLGH013,Grand Seiko,MARK,engine_median,5862.31,DERIVED,2026-08-13T12:05:36.604874+00:00
SLGH013,Grand Seiko,MARK,engine_median,5465.86,DERIVED,2026-08-16T06:20:51.808998+00:00
SLGH013,Grand Seiko,MARK,engine_median,5862.31,DERIVED,2026-08-16T21:41:16.998484+00:00
SLGH013,Grand Seiko,MARK,engine_median,5465.86,DERIVED,2026-08-17T21:49:35.588367+00:00
SLGH013,Grand Seiko,MARK,engine_median,5862.31,DERIVED,2026-08-19T21:47:49.086150+00:00
SLGH015,Grand Seiko,MARK,engine_median,68.98,DERIVED,2026-08-13T12:05:36.604874+00:00
SLGH017,Grand Seiko,MARK,manual_check,7422.0,VERIFIED,2026-08-09
SLGH017,Grand Seiko,MARK,engine_median,77.75,DERIVED,2026-08-13T12:05:36.604874+00:00
SLGH020,,MARK,engine_median,28059.59,DERIVED,2026-08-13T12:05:36.604874+00:00
SLGH021,Grand Seiko,MARK,manual_check,8583.0,VERIFIED,2026-08-09
SLGH021,Grand Seiko,MARK,engine_median,9672.0,DERIVED,2026-08-13T12:05:36.604874+00:00
SLGH027,Grand Seiko,MARK,manual_check,8320.0,VERIFIED,2026-08-09
SLGH027,Grand Seiko,MARK,engine_median,9765.0,DERIVED,2026-08-13T12:05:36.604874+00:00
SLGH029,Grand Seiko,MARK,engine_median,10602.0,DERIVED,2026-08-13T12:05:36.604874+00:00
SLGH031,Grand Seiko,MARK,engine_median,9486.0,DERIVED,2026-08-13T12:05:36.604874+00:00
SLGH033,Grand Seiko,MARK,engine_median,9486.0,DERIVED,2026-08-13T12:05:36.604874+00:00
SLGH035,Grand Seiko,MARK,engine_median,9486.0,DERIVED,2026-08-13T12:05:36.604874+00:00
SLGW003,Grand Seiko,MARK,manual_check,8535.0,VERIFIED,2026-08-09
SLGW003,Grand Seiko,MARK,engine_median,8417.88,DERIVED,2026-08-13T12:05:36.604874+00:00
SLGW003,Grand Seiko,MARK,engine_median,8184.05,DERIVED,2026-08-16T06:20:51.808998+00:00
SLGW005,Grand Seiko,MARK,manual_check,8530.0,VERIFIED,2026-08-09
SLGW007,Grand Seiko,MARK,manual_check,7950.0,VERIFIED,2026-08-09
SLGW007,Grand Seiko,MARK,engine_median,9300.0,DERIVED,2026-08-13T12:05:36.604874+00:00
SND187P,Grand Seiko,MARK,engine_median,82.64,DERIVED,2026-08-13T12:05:36.604874+00:00
SND377R,Grand Seiko,MARK,engine_median,81.77,DERIVED,2026-08-13T12:05:36.604874+00:00
SND379R,Grand Seiko,MARK,engine_median,83.85,DERIVED,2026-08-13T12:05:36.604874+00:00
SNE599,Grand Seiko,MARK,engine_median,581.25,DERIVED,2026-08-13T12:05:36.604874+00:00
SNJJ010,Grand Seiko,MARK,engine_median,18.13,DERIVED,2026-08-13T12:05:36.604874+00:00
SNR025,Grand Seiko,MARK,engine_median,3068.07,DERIVED,2026-08-13T12:05:36.604874+00:00
SNR025,Grand Seiko,MARK,engine_median,4557.0,DERIVED,2026-08-19T21:47:49.086150+00:00
SNR025,Grand Seiko,MARK,engine_median,3068.07,DERIVED,2026-08-20T04:37:33.725646+00:00
SNR029,Grand Seiko,MARK,engine_median,4501.2,DERIVED,2026-08-13T12:05:36.604874+00:00
SNR033,Grand Seiko,MARK,engine_median,4296.6,DERIVED,2026-08-13T12:05:36.604874+00:00
SNR035,Grand Seiko,MARK,engine_median,5115.0,DERIVED,2026-08-13T12:05:36.604874+00:00
SNR051,Grand Seiko,MARK,engine_median,4557.0,DERIVED,2026-08-13T12:05:36.604874+00:00
SNR053,Seiko,MSRP,watchbase,6300.0,VERIFIED,2026-08-13T12:05:36+00:00
SNR053,Grand Seiko,MARK,engine_median,5580.0,DERIVED,2026-08-13T12:05:36.604874+00:00
SNR055,Seiko,MSRP,watchbase,6300.0,VERIFIED,2026-08-13T12:05:36+00:00
SNR055,Grand Seiko,MARK,engine_median,5580.0,DERIVED,2026-08-13T12:05:36.604874+00:00
SNR057,Grand Seiko,MARK,engine_median,6045.0,DERIVED,2026-08-13T12:05:36.604874+00:00
SNR058,Grand Seiko,MARK,engine_median,4650.0,DERIVED,2026-08-13T12:05:36.604874+00:00
SPA0012,Cartier,MARK,manual_check,3098.0,VERIFIED,2026-08-09
SPA0013,Cartier,MARK,manual_check,3867.0,VERIFIED,2026-08-09
SPA0026,Cartier,MARK,manual_check,4420.0,VERIFIED,2026-08-09
SPA0027,Cartier,MARK,manual_check,5778.0,VERIFIED,2026-08-09
SPB097,Grand Seiko,MARK,engine_median,1069.5,DERIVED,2026-08-13T12:05:36.604874+00:00
SPB103,Grand Seiko,MARK,engine_median,790.5,DERIVED,2026-08-13T12:05:36.604874+00:00
SPB105,Grand Seiko,MARK,engine_median,976.5,DERIVED,2026-08-13T12:05:36.604874+00:00
SPB113,Grand Seiko,MARK,engine_median,1023.0,DERIVED,2026-08-13T12:05:36.604874+00:00
SPB115,Grand Seiko,MARK,engine_median,1023.0,DERIVED,2026-08-13T12:05:36.604874+00:00
SPB117,Grand Seiko,MARK,engine_median,548.7,DERIVED,2026-08-13T12:05:36.604874+00:00
SPB121,Grand Seiko,MARK,engine_median,455.7,DERIVED,2026-08-13T12:05:36.604874+00:00
SPB140,Grand Seiko,MARK,engine_median,1302.0,DERIVED,2026-08-13T12:05:36.604874+00:00
SPB147,Grand Seiko,MARK,engine_median,930.0,DERIVED,2026-08-13T12:05:36.604874+00:00
SPB155,Grand Seiko,MARK,engine_median,674.25,DERIVED,2026-08-13T12:05:36.604874+00:00
SPB167,Grand Seiko,MARK,engine_median,930.0,DERIVED,2026-08-13T12:05:36.604874+00:00
SPB169,Grand Seiko,MARK,engine_median,930.0,DERIVED,2026-08-13T12:05:36.604874+00:00
SPB170,Grand Seiko,MARK,engine_median,930.0,DERIVED,2026-08-13T12:05:36.604874+00:00
SPB177,Grand Seiko,MARK,engine_median,837.0,DERIVED,2026-08-13T12:05:36.604874+00:00
SPB181,Grand Seiko,MARK,engine_median,790.5,DERIVED,2026-08-13T12:05:36.604874+00:00
SPB205,Grand Seiko,MARK,engine_median,1069.5,DERIVED,2026-08-13T12:05:36.604874+00:00
SPB210,Grand Seiko,MARK,engine_median,720.75,DERIVED,2026-08-13T12:05:36.604874+00:00
SPB217,Grand Seiko,MARK,engine_median,1302.0,DERIVED,2026-08-13T12:05:36.604874+00:00
SPB219,Grand Seiko,MARK,engine_median,1302.0,DERIVED,2026-08-13T12:05:36.604874+00:00
SPB221,Grand Seiko,MARK,engine_median,1302.0,DERIVED,2026-08-13T12:05:36.604874+00:00
SPB225,Grand Seiko,MARK,engine_median,1302.0,DERIVED,2026-08-13T12:05:36.604874+00:00
SPB233,Grand Seiko,MARK,engine_median,1209.0,DERIVED,2026-08-13T12:05:36.604874+00:00
SPB236,Grand Seiko,MARK,engine_median,1441.5,DERIVED,2026-08-13T12:05:36.604874+00:00
SPB240,Grand Seiko,MARK,engine_median,594.27,DERIVED,2026-08-13T12:05:36.604874+00:00
SPB249,Grand Seiko,MARK,engine_median,548.7,DERIVED,2026-08-13T12:05:36.604874+00:00
SPB249,Grand Seiko,MARK,engine_median,697.5,DERIVED,2026-08-17T21:49:35.588367+00:00
SPB253,Grand Seiko,MARK,engine_median,1116.0,DERIVED,2026-08-13T12:05:36.604874+00:00
SPB255,Grand Seiko,MARK,engine_median,1116.0,DERIVED,2026-08-13T12:05:36.604874+00:00
SPB257,Grand Seiko,MARK,engine_median,1209.0,DERIVED,2026-08-13T12:05:36.604874+00:00
SPB261,Grand Seiko,MARK,engine_median,1302.0,DERIVED,2026-08-13T12:05:36.604874+00:00
SPB263,Grand Seiko,MARK,engine_median,1302.0,DERIVED,2026-08-13T12:05:36.604874+00:00
SPB265,Grand Seiko,MARK,engine_median,1302.0,DERIVED,2026-08-13T12:05:36.604874+00:00
SPB269,Grand Seiko,MARK,engine_median,1441.5,DERIVED,2026-08-13T12:05:36.604874+00:00
SPB271,Grand Seiko,MARK,engine_median,1441.5,DERIVED,2026-08-13T12:05:36.604874+00:00
SPB279,Grand Seiko,MARK,engine_median,1581.0,DERIVED,2026-08-13T12:05:36.604874+00:00
SPB283,Grand Seiko,MARK,engine_median,1581.0,DERIVED,2026-08-13T12:05:36.604874+00:00
SPB285,Grand Seiko,MARK,engine_median,1581.0,DERIVED,2026-08-13T12:05:36.604874+00:00
SPB287,Grand Seiko,MARK,engine_median,1581.0,DERIVED,2026-08-13T12:05:36.604874+00:00
SPB288,Grand Seiko,MARK,engine_median,1209.0,DERIVED,2026-08-13T12:05:36.604874+00:00
SPB289,Grand Seiko,MARK,engine_median,734.7,DERIVED,2026-08-13T12:05:36.604874+00:00
SPB293,Grand Seiko,MARK,engine_median,1581.0,DERIVED,2026-08-13T12:05:36.604874+00:00
SPB297,Grand Seiko,MARK,engine_median,1162.5,DERIVED,2026-08-13T12:05:36.604874+00:00
SPB299,Grand Seiko,MARK,engine_median,1162.5,DERIVED,2026-08-13T12:05:36.604874+00:00
SPB301,Grand Seiko,MARK,engine_median,1255.5,DERIVED,2026-08-13T12:05:36.604874+00:00
SPB315,Grand Seiko,MARK,engine_median,1023.0,DERIVED,2026-08-13T12:05:36.604874+00:00
SPB315,Grand Seiko,MARK,engine_median,724.47,DERIVED,2026-08-21T21:45:15.687735+00:00
SPB317,Grand Seiko,MARK,engine_median,837.0,DERIVED,2026-08-13T12:05:36.604874+00:00
SPB319,Grand Seiko,MARK,engine_median,1581.0,DERIVED,2026-08-13T12:05:36.604874+00:00
SPB321,Grand Seiko,MARK,engine_median,1116.0,DERIVED,2026-08-13T12:05:36.604874+00:00
SPB323,Grand Seiko,MARK,engine_median,1116.0,DERIVED,2026-08-13T12:05:36.604874+00:00
SPB325,Grand Seiko,MARK,engine_median,976.5,DERIVED,2026-08-13T12:05:36.604874+00:00
SPB333,Grand Seiko,MARK,engine_median,882.57,DERIVED,2026-08-13T12:05:36.604874+00:00
SPB333,Grand Seiko,MARK,engine_median,1209.0,DERIVED,2026-08-13T22:07:35.994213+00:00
SPB335,Grand Seiko,MARK,engine_median,883.5,DERIVED,2026-08-13T12:05:36.604874+00:00
SPB349,Grand Seiko,MARK,engine_median,1395.0,DERIVED,2026-08-13T12:05:36.604874+00:00
SPB351,Grand Seiko,MARK,engine_median,1395.0,DERIVED,2026-08-13T12:05:36.604874+00:00
SPB353,Grand Seiko,MARK,engine_median,1395.0,DERIVED,2026-08-13T12:05:36.604874+00:00
SPB357,Grand Seiko,MARK,engine_median,1395.0,DERIVED,2026-08-13T12:05:36.604874+00:00
SPB365,Grand Seiko,MARK,engine_median,1674.0,DERIVED,2026-08-13T12:05:36.604874+00:00
SPB369,Grand Seiko,MARK,engine_median,1674.0,DERIVED,2026-08-13T12:05:36.604874+00:00
SPB371,Grand Seiko,MARK,engine_median,1674.0,DERIVED,2026-08-13T12:05:36.604874+00:00
SPB373,Grand Seiko,MARK,engine_median,1674.0,DERIVED,2026-08-13T12:05:36.604874+00:00
SPB375,Grand Seiko,MARK,engine_median,1116.0,DERIVED,2026-08-13T12:05:36.604874+00:00
SPB377,Grand Seiko,MARK,engine_median,1069.5,DERIVED,2026-08-13T12:05:36.604874+00:00
SPB379,Grand Seiko,MARK,engine_median,855.6,DERIVED,2026-08-13T12:05:36.604874+00:00
SPB379,Grand Seiko,MARK,engine_median,1069.5,DERIVED,2026-08-17T21:49:35.588367+00:00
SPB381,Grand Seiko,MARK,engine_median,1395.0,DERIVED,2026-08-13T12:05:36.604874+00:00
SPB383,Grand Seiko,MARK,engine_median,1395.0,DERIVED,2026-08-13T12:05:36.604874+00:00
SPB385,Grand Seiko,MARK,engine_median,1581.0,DERIVED,2026-08-13T12:05:36.604874+00:00
SPB389,Grand Seiko,MARK,engine_median,1860.0,DERIVED,2026-08-13T12:05:36.604874+00:00
SPB391,Grand Seiko,MARK,engine_median,1860.0,DERIVED,2026-08-13T12:05:36.604874+00:00
SPB395,Grand Seiko,MARK,engine_median,1720.5,DERIVED,2026-08-13T12:05:36.604874+00:00
SPB405,Grand Seiko,MARK,engine_median,1488.0,DERIVED,2026-08-13T12:05:36.604874+00:00
SPB413,Grand Seiko,MARK,engine_median,976.5,DERIVED,2026-08-13T12:05:36.604874+00:00
SPB417,Grand Seiko,MARK,engine_median,1116.0,DERIVED,2026-08-13T12:05:36.604874+00:00
SPB419,Grand Seiko,MARK,engine_median,1162.5,DERIVED,2026-08-13T12:05:36.604874+00:00
SPB421,Grand Seiko,MARK,engine_median,1162.5,DERIVED,2026-08-13T12:05:36.604874+00:00
SPB423,Grand Seiko,MARK,engine_median,1162.5,DERIVED,2026-08-13T12:05:36.604874+00:00
SPB433,Grand Seiko,MARK,engine_median,1162.5,DERIVED,2026-08-13T12:05:36.604874+00:00
SPB437,Grand Seiko,MARK,engine_median,1488.0,DERIVED,2026-08-13T12:05:36.604874+00:00
SPB439,Grand Seiko,MARK,engine_median,1488.0,DERIVED,2026-08-13T12:05:36.604874+00:00
SPB445,Grand Seiko,MARK,engine_median,1767.0,DERIVED,2026-08-13T12:05:36.604874+00:00
SPB447,Grand Seiko,MARK,engine_median,1627.5,DERIVED,2026-08-13T12:05:36.604874+00:00
SPB451,Grand Seiko,MARK,engine_median,1209.0,DERIVED,2026-08-13T12:05:36.604874+00:00
SPB453,Grand Seiko,MARK,engine_median,1036.95,DERIVED,2026-08-13T12:05:36.604874+00:00
SPB453,Grand Seiko,MARK,engine_median,1209.0,DERIVED,2026-08-20T04:37:33.725646+00:00
SPB457,Grand Seiko,MARK,engine_median,1767.0,DERIVED,2026-08-13T12:05:36.604874+00:00
SPB459,Grand Seiko,MARK,engine_median,1767.0,DERIVED,2026-08-13T12:05:36.604874+00:00
SPB463,Grand Seiko,MARK,engine_median,650.07,DERIVED,2026-08-13T12:05:36.604874+00:00
SPB465,Grand Seiko,MARK,engine_median,883.5,DERIVED,2026-08-13T12:05:36.604874+00:00
SPB467,Grand Seiko,MARK,engine_median,837.0,DERIVED,2026-08-13T12:05:36.604874+00:00
SPB469,Grand Seiko,MARK,engine_median,1046.25,DERIVED,2026-08-13T12:05:36.604874+00:00
SPB471,Grand Seiko,MARK,engine_median,1046.25,DERIVED,2026-08-13T12:05:36.604874+00:00
SPB475,Grand Seiko,MARK,engine_median,1488.0,DERIVED,2026-08-13T12:05:36.604874+00:00
SPB477,Grand Seiko,MARK,engine_median,1488.0,DERIVED,2026-08-13T12:05:36.604874+00:00
SPB478,Grand Seiko,MARK,engine_median,930.0,DERIVED,2026-08-13T12:05:36.604874+00:00
SPB480,Grand Seiko,MARK,engine_median,906.75,DERIVED,2026-08-13T12:05:36.604874+00:00
SPB480,Grand Seiko,MARK,engine_median,1092.75,DERIVED,2026-08-18T21:46:17.264769+00:00
SPB481,Grand Seiko,MARK,engine_median,1023.0,DERIVED,2026-08-13T12:05:36.604874+00:00
SPB483,Grand Seiko,MARK,engine_median,1023.0,DERIVED,2026-08-13T12:05:36.604874+00:00
SPB485,Grand Seiko,MARK,engine_median,1023.0,DERIVED,2026-08-13T12:05:36.604874+00:00
SPB495,Grand Seiko,MARK,engine_median,1302.0,DERIVED,2026-08-13T12:05:36.604874+00:00
SPB495,Grand Seiko,MARK,engine_median,930.0,DERIVED,2026-08-20T19:55:02.750956+00:00
SPB497,Grand Seiko,MARK,engine_median,1720.5,DERIVED,2026-08-13T12:05:36.604874+00:00
SPB499,Grand Seiko,MARK,engine_median,1534.5,DERIVED,2026-08-13T12:05:36.604874+00:00
SPB501,Grand Seiko,MARK,engine_median,1395.0,DERIVED,2026-08-13T12:05:36.604874+00:00
SPB503,Grand Seiko,MARK,engine_median,925.35,DERIVED,2026-08-13T12:05:36.604874+00:00
SPB505,Grand Seiko,MARK,engine_median,925.35,DERIVED,2026-08-13T12:05:36.604874+00:00
SPB507,Grand Seiko,MARK,engine_median,837.0,DERIVED,2026-08-13T12:05:36.604874+00:00
SPB513,Grand Seiko,MARK,engine_median,925.35,DERIVED,2026-08-13T12:05:36.604874+00:00
SPB515,Grand Seiko,MARK,engine_median,925.35,DERIVED,2026-08-13T12:05:36.604874+00:00
SPB519,Grand Seiko,MARK,engine_median,1581.0,DERIVED,2026-08-13T12:05:36.604874+00:00
SPB519,Grand Seiko,MARK,engine_median,1441.5,DERIVED,2026-08-21T21:45:15.687735+00:00
SPB521,Grand Seiko,MARK,engine_median,706.8,DERIVED,2026-08-13T12:05:36.604874+00:00
SPB523,Grand Seiko,MARK,engine_median,739.35,DERIVED,2026-08-13T12:05:36.604874+00:00
SPB524,Grand Seiko,MARK,engine_median,930.0,DERIVED,2026-08-13T12:05:36.604874+00:00
SPB525,Grand Seiko,MARK,engine_median,883.5,DERIVED,2026-08-13T12:05:36.604874+00:00
SPB527,Grand Seiko,MARK,engine_median,1046.25,DERIVED,2026-08-13T12:05:36.604874+00:00
SPB529,Grand Seiko,MARK,engine_median,976.5,DERIVED,2026-08-13T12:05:36.604874+00:00
SPB545,Grand Seiko,MARK,engine_median,1302.0,DERIVED,2026-08-13T12:05:36.604874+00:00
SPFW038,Grand Seiko,MARK,engine_median,21.01,DERIVED,2026-08-13T22:07:35.994213+00:00
SPN0006,Cartier,MARK,manual_check,4310.0,VERIFIED,2026-08-09
SPN0007,Cartier,MARK,manual_check,4807.0,VERIFIED,2026-08-09
SPN0012,Cartier,MARK,manual_check,3941.0,VERIFIED,2026-08-09
SPN0013,Cartier,MARK,manual_check,5106.0,VERIFIED,2026-08-09
SPN0015,Cartier,MARK,manual_check,5909.0,VERIFIED,2026-08-09
SPN0016,Cartier,MARK,manual_check,5860.0,VERIFIED,2026-08-09
SPN0019,Cartier,MARK,manual_check,3985.0,VERIFIED,2026-08-09
SPQM010,Grand Seiko,MARK,engine_median,21.05,DERIVED,2026-08-13T12:05:36.604874+00:00
SPSF020,Grand Seiko,MARK,engine_median,21.05,DERIVED,2026-08-13T12:05:36.604874+00:00
SQBR014J,Grand Seiko,MARK,engine_median,18.7,DERIVED,2026-08-13T12:05:36.604874+00:00
SQBR017,Grand Seiko,MARK,engine_median,21.05,DERIVED,2026-08-13T12:05:36.604874+00:00
SQBR019J,Grand Seiko,MARK,engine_median,33.91,DERIVED,2026-08-13T12:05:36.604874+00:00
SQWK024J,Grand Seiko,MARK,engine_median,19.29,DERIVED,2026-08-13T12:05:36.604874+00:00
SQWK029J,Grand Seiko,MARK,engine_median,33.91,DERIVED,2026-08-13T12:05:36.604874+00:00
SRBV005,Grand Seiko,MARK,engine_median,20.46,DERIVED,2026-08-13T12:05:36.604874+00:00
SRCZ001J,Grand Seiko,MARK,engine_median,19.29,DERIVED,2026-08-13T12:05:36.604874+00:00
SRE007,Grand Seiko,MARK,engine_median,534.75,DERIVED,2026-08-13T12:05:36.604874+00:00
SRE009,Grand Seiko,MARK,engine_median,553.35,DERIVED,2026-08-13T12:05:36.604874+00:00
SRE010,Grand Seiko,MARK,engine_median,581.25,DERIVED,2026-08-13T12:05:36.604874+00:00
SRE017,Grand Seiko,MARK,engine_median,534.75,DERIVED,2026-08-13T12:05:36.604874+00:00
SRE018,Grand Seiko,MARK,engine_median,581.25,DERIVED,2026-08-13T12:05:36.604874+00:00
SRE020,Grand Seiko,MARK,engine_median,581.25,DERIVED,2026-08-13T12:05:36.604874+00:00
SRE021,Grand Seiko,MARK,engine_median,288.3,DERIVED,2026-08-13T12:05:36.604874+00:00
SRE021,Grand Seiko,MARK,engine_median,358.05,DERIVED,2026-08-19T21:47:49.086150+00:00
SRE021,Grand Seiko,MARK,engine_median,288.3,DERIVED,2026-08-20T04:37:33.725646+00:00
SRE023,Grand Seiko,MARK,engine_median,288.3,DERIVED,2026-08-13T12:05:36.604874+00:00
SRE023,Grand Seiko,MARK,engine_median,358.05,DERIVED,2026-08-19T21:47:49.086150+00:00
SRE023,Grand Seiko,MARK,engine_median,288.3,DERIVED,2026-08-20T04:37:33.725646+00:00
SRE024,Grand Seiko,MARK,engine_median,325.5,DERIVED,2026-08-13T12:05:36.604874+00:00
SRJA011,Grand Seiko,MARK,engine_median,39.16,DERIVED,2026-08-13T12:05:36.604874+00:00
SRJA012,Grand Seiko,MARK,engine_median,20.46,DERIVED,2026-08-13T12:05:36.604874+00:00
SRJB012,Grand Seiko,MARK,engine_median,102.89,DERIVED,2026-08-13T12:05:36.604874+00:00
SRJB013,Grand Seiko,MARK,engine_median,20.46,DERIVED,2026-08-13T12:05:36.604874+00:00
SRN0030,Cartier,MARK,manual_check,2515.0,VERIFIED,2026-08-09
SRN0033,Cartier,MARK,manual_check,2790.0,VERIFIED,2026-08-09
SRN0034,Cartier,MARK,manual_check,2560.0,VERIFIED,2026-08-09
SRP839,Grand Seiko,MARK,engine_median,441.75,DERIVED,2026-08-13T12:05:36.604874+00:00
SRP841,Grand Seiko,MARK,engine_median,441.75,DERIVED,2026-08-13T12:05:36.604874+00:00
SRQ035,Grand Seiko,MARK,engine_median,2976.0,DERIVED,2026-08-13T12:05:36.604874+00:00
SRQ039,Grand Seiko,MARK,engine_median,2790.0,DERIVED,2026-08-13T12:05:36.604874+00:00
SRQ041,Grand Seiko,MARK,engine_median,2976.0,DERIVED,2026-08-13T12:05:36.604874+00:00
SRQ043,Grand Seiko,MARK,engine_median,2976.0,DERIVED,2026-08-13T12:05:36.604874+00:00
SRQ045,Grand Seiko,MARK,engine_median,2790.0,DERIVED,2026-08-13T12:05:36.604874+00:00
SRQ047,Grand Seiko,MARK,engine_median,2325.0,DERIVED,2026-08-13T12:05:36.604874+00:00
SRQ049,Grand Seiko,MARK,engine_median,2511.0,DERIVED,2026-08-13T12:05:36.604874+00:00
SRQ051,Grand Seiko,MARK,engine_median,2325.0,DERIVED,2026-08-13T12:05:36.604874+00:00
SRQ053,Grand Seiko,MARK,engine_median,2325.0,DERIVED,2026-08-13T12:05:36.604874+00:00
SRQ055,Grand Seiko,MARK,engine_median,2325.0,DERIVED,2026-08-13T12:05:36.604874+00:00
SRQ057,Grand Seiko,MARK,engine_median,2976.0,DERIVED,2026-08-13T12:05:36.604874+00:00
SRQ059,Grand Seiko,MARK,engine_median,2325.0,DERIVED,2026-08-13T12:05:36.604874+00:00
SRRA001,Grand Seiko,MARK,engine_median,102.89,DERIVED,2026-08-13T12:05:36.604874+00:00
SRRA002,Grand Seiko,MARK,engine_median,113.4,DERIVED,2026-08-13T12:05:36.604874+00:00
SRRA012,Grand Seiko,MARK,engine_median,28.06,DERIVED,2026-08-13T12:05:36.604874+00:00
SRRW002,Grand Seiko,MARK,engine_median,120.43,DERIVED,2026-08-13T12:05:36.604874+00:00
SRRW006,Grand Seiko,MARK,engine_median,86.52,DERIVED,2026-08-13T12:05:36.604874+00:00
SRRW008,Grand Seiko,MARK,engine_median,85.35,DERIVED,2026-08-13T12:05:36.604874+00:00
SRRX002,Grand Seiko,MARK,engine_median,114.58,DERIVED,2026-08-13T12:05:36.604874+00:00
SRRX004J,Grand Seiko,MARK,engine_median,95.87,DERIVED,2026-08-13T12:05:36.604874+00:00
SRRY001,Grand Seiko,MARK,engine_median,88.85,DERIVED,2026-08-13T12:05:36.604874+00:00
SRRY004,Grand Seiko,MARK,engine_median,28.64,DERIVED,2026-08-13T12:05:36.604874+00:00
SRRY009,Grand Seiko,MARK,engine_median,30.4,DERIVED,2026-08-13T12:05:36.604874+00:00
SRRY012,Grand Seiko,MARK,engine_median,42.68,DERIVED,2026-08-13T12:05:36.604874+00:00
SRRY013,Grand Seiko,MARK,engine_median,44.43,DERIVED,2026-08-13T12:05:36.604874+00:00
SRRY014,Grand Seiko,MARK,engine_median,53.2,DERIVED,2026-08-13T12:05:36.604874+00:00
SRRY016,Grand Seiko,MARK,engine_median,56.7,DERIVED,2026-08-13T12:05:36.604874+00:00
SRRY018,Grand Seiko,MARK,engine_median,51.44,DERIVED,2026-08-13T12:05:36.604874+00:00
SRRY022,Grand Seiko,MARK,engine_median,39.16,DERIVED,2026-08-13T12:05:36.604874+00:00
SRRY024,Grand Seiko,MARK,engine_median,260.13,DERIVED,2026-08-20T21:48:50.588638+00:00
SRRY025,Grand Seiko,MARK,engine_median,24.55,DERIVED,2026-08-13T12:05:36.604874+00:00
SRRY028,Grand Seiko,MARK,engine_median,125.1,DERIVED,2026-08-13T12:05:36.604874+00:00
SRRY045,Grand Seiko,MARK,engine_median,19.29,DERIVED,2026-08-13T12:05:36.604874+00:00
SRRY048,Grand Seiko,MARK,engine_median,185.9,DERIVED,2026-08-13T12:05:36.604874+00:00
SRRY052,Grand Seiko,MARK,engine_median,86.52,DERIVED,2026-08-13T12:05:36.604874+00:00
SRZ536,Grand Seiko,MARK,engine_median,534.75,DERIVED,2026-08-13T12:05:36.604874+00:00
SRZ540,Grand Seiko,MARK,engine_median,534.75,DERIVED,2026-08-13T12:05:36.604874+00:00
SRZ552,Grand Seiko,MARK,engine_median,553.35,DERIVED,2026-08-13T12:05:36.604874+00:00
SSA0009,Cartier,MARK,manual_check,6376.0,VERIFIED,2026-08-09
SSA0017,Cartier,MARK,manual_check,7291.0,VERIFIED,2026-08-09
SSA0018,Cartier,MARK,manual_check,7194.0,VERIFIED,2026-08-09
SSA0022,Cartier,MARK,manual_check,4246.0,VERIFIED,2026-08-09
SSA0023,Cartier,MARK,manual_check,4022.0,VERIFIED,2026-08-09
SSA0029,Cartier,MARK,manual_check,6796.0,VERIFIED,2026-08-09
SSA0030,Cartier,MARK,manual_check,6771.0,VERIFIED,2026-08-09
SSA0032,Cartier,MARK,manual_check,5694.0,VERIFIED,2026-08-09
SSA0037,Cartier,MARK,manual_check,7124.0,VERIFIED,2026-08-09
SSA0039,Cartier,MARK,manual_check,7568.0,VERIFIED,2026-08-09
SSA0046,Cartier,MARK,manual_check,7173.0,VERIFIED,2026-08-09
SSA0047,Cartier,MARK,manual_check,6834.0,VERIFIED,2026-08-09
SSA0048,Cartier,MARK,manual_check,7146.0,VERIFIED,2026-08-09
SSA0061,Cartier,MARK,manual_check,7166.0,VERIFIED,2026-08-09
SSA0062,Cartier,MARK,manual_check,7529.0,VERIFIED,2026-08-09
SSA0063,Cartier,MARK,manual_check,7203.0,VERIFIED,2026-08-09
SSA0065,Cartier,MARK,manual_check,7241.0,VERIFIED,2026-08-09
SSA0071,Cartier,MARK,manual_check,7568.0,VERIFIED,2026-08-09
SSA0076,Cartier,MARK,manual_check,8592.0,VERIFIED,2026-08-09
SSA0082,Cartier,MARK,manual_check,5872.0,VERIFIED,2026-08-09
SSA0085,Cartier,MARK,manual_check,4495.0,VERIFIED,2026-08-09
SSA0086,Cartier,MARK,manual_check,4382.0,VERIFIED,2026-08-09
SSA0089,Cartier,MARK,manual_check,10330.0,VERIFIED,2026-08-09
SSA0096,Cartier,MARK,manual_check,7952.0,VERIFIED,2026-08-09
SSA425,Grand Seiko,MARK,engine_median,442.68,DERIVED,2026-08-13T12:05:36.604874+00:00
SSA459,Grand Seiko,MARK,engine_median,553.35,DERIVED,2026-08-13T12:05:36.604874+00:00
SSA461,Grand Seiko,MARK,engine_median,664.95,DERIVED,2026-08-13T12:05:36.604874+00:00
SSA463,Grand Seiko,MARK,engine_median,553.35,DERIVED,2026-08-13T12:05:36.604874+00:00
SSA464,Grand Seiko,MARK,engine_median,604.5,DERIVED,2026-08-13T12:05:36.604874+00:00
SSA464,Grand Seiko,MARK,engine_median,417.57,DERIVED,2026-08-21T21:45:15.687735+00:00
SSB425,Grand Seiko,MARK,engine_median,246.45,DERIVED,2026-08-13T12:05:36.604874+00:00
SSB477,Grand Seiko,MARK,engine_median,418.5,DERIVED,2026-08-13T12:05:36.604874+00:00
SSB479,Grand Seiko,MARK,engine_median,418.5,DERIVED,2026-08-13T12:05:36.604874+00:00
SSB481,Grand Seiko,MARK,engine_median,418.5,DERIVED,2026-08-13T12:05:36.604874+00:00
SSBJ018J,Grand Seiko,MARK,engine_median,18.7,DERIVED,2026-08-13T12:05:36.604874+00:00
SSC143,Grand Seiko,MARK,engine_median,418.5,DERIVED,2026-08-13T12:05:36.604874+00:00
SSC813,Grand Seiko,MARK,engine_median,464.07,DERIVED,2026-08-21T21:45:15.687735+00:00
SSC815,Grand Seiko,MARK,engine_median,674.25,DERIVED,2026-08-13T12:05:36.604874+00:00
SSC911,Grand Seiko,MARK,engine_median,697.5,DERIVED,2026-08-13T12:05:36.604874+00:00
SSC913,Grand Seiko,MARK,engine_median,697.5,DERIVED,2026-08-13T12:05:36.604874+00:00
SSC917,Grand Seiko,MARK,engine_median,757.95,DERIVED,2026-08-13T12:05:36.604874+00:00
SSC929,Grand Seiko,MARK,engine_median,697.5,DERIVED,2026-08-13T12:05:36.604874+00:00
SSC931,Grand Seiko,MARK,engine_median,558.0,DERIVED,2026-08-13T12:05:36.604874+00:00
SSC933,Grand Seiko,MARK,engine_median,674.25,DERIVED,2026-08-13T12:05:36.604874+00:00
SSC941,Grand Seiko,MARK,engine_median,730.05,DERIVED,2026-08-13T12:05:36.604874+00:00
SSC945,Grand Seiko,MARK,engine_median,823.05,DERIVED,2026-08-13T12:05:36.604874+00:00
SSC947,Grand Seiko,MARK,engine_median,558.0,DERIVED,2026-08-13T12:05:36.604874+00:00
SSC957,Grand Seiko,MARK,engine_median,930.0,DERIVED,2026-08-13T12:05:36.604874+00:00
SSC961,Grand Seiko,MARK,engine_median,674.25,DERIVED,2026-08-13T12:05:36.604874+00:00
SSC963,Grand Seiko,MARK,engine_median,674.25,DERIVED,2026-08-13T12:05:36.604874+00:00
SSC965,Grand Seiko,MARK,engine_median,674.25,DERIVED,2026-08-13T12:05:36.604874+00:00
SSDA002J,Grand Seiko,MARK,engine_median,16.37,DERIVED,2026-08-13T12:05:36.604874+00:00
SSDA005J,Grand Seiko,MARK,engine_median,16.37,DERIVED,2026-08-13T12:05:36.604874+00:00
SSDA046,Grand Seiko,MARK,engine_median,20.46,DERIVED,2026-08-13T12:05:36.604874+00:00
SSDA075,Grand Seiko,MARK,engine_median,19.29,DERIVED,2026-08-13T12:05:36.604874+00:00
SSDE006,Grand Seiko,MARK,engine_median,25.72,DERIVED,2026-08-13T12:05:36.604874+00:00
SSDE008,Grand Seiko,MARK,engine_median,44.43,DERIVED,2026-08-13T12:05:36.604874+00:00
SSDE010,Grand Seiko,MARK,engine_median,18.7,DERIVED,2026-08-13T12:05:36.604874+00:00
SSDE012,Grand Seiko,MARK,engine_median,21.63,DERIVED,2026-08-13T12:05:36.604874+00:00
SSDF003,Grand Seiko,MARK,engine_median,12.86,DERIVED,2026-08-13T12:05:36.604874+00:00
SSDM021,Grand Seiko,MARK,engine_median,18.7,DERIVED,2026-08-13T12:05:36.604874+00:00
SSDM022,Grand Seiko,MARK,engine_median,21.05,DERIVED,2026-08-13T12:05:36.604874+00:00
SSDN002,Grand Seiko,MARK,engine_median,59.05,DERIVED,2026-08-13T12:05:36.604874+00:00
SSDN003,Grand Seiko,MARK,engine_median,38.59,DERIVED,2026-08-13T12:05:36.604874+00:00
SSDN013,Grand Seiko,MARK,engine_median,21.05,DERIVED,2026-08-13T12:05:36.604874+00:00
SSDT001,Grand Seiko,MARK,engine_median,18.7,DERIVED,2026-08-13T12:05:36.604874+00:00
SSDT019,Grand Seiko,MARK,engine_median,18.7,DERIVED,2026-08-13T12:05:36.604874+00:00
SSDT043,Grand Seiko,MARK,engine_median,20.46,DERIVED,2026-08-13T12:05:36.604874+00:00
SSDT047,Grand Seiko,MARK,engine_median,18.7,DERIVED,2026-08-13T12:05:36.604874+00:00
SSDT063,Grand Seiko,MARK,engine_median,20.46,DERIVED,2026-08-13T12:05:36.604874+00:00
SSDT064,Grand Seiko,MARK,engine_median,18.7,DERIVED,2026-08-13T12:05:36.604874+00:00
SSDV001,Grand Seiko,MARK,engine_median,15.78,DERIVED,2026-08-13T12:05:36.604874+00:00
SSDX004,Grand Seiko,MARK,engine_median,15.78,DERIVED,2026-08-13T12:05:36.604874+00:00
SSDX028J,Grand Seiko,MARK,engine_median,39.16,DERIVED,2026-08-13T12:05:36.604874+00:00
SSDX029,Grand Seiko,MARK,engine_median,39.16,DERIVED,2026-08-13T12:05:36.604874+00:00
SSDY005,Grand Seiko,MARK,engine_median,25.72,DERIVED,2026-08-13T12:05:36.604874+00:00
SSDY017,Grand Seiko,MARK,engine_median,18.7,DERIVED,2026-08-13T12:05:36.604874+00:00
SSDY023J,Grand Seiko,MARK,engine_median,25.72,DERIVED,2026-08-13T12:05:36.604874+00:00
SSDY031,Grand Seiko,MARK,engine_median,20.46,DERIVED,2026-08-13T12:05:36.604874+00:00
SSDY035,Grand Seiko,MARK,engine_median,20.46,DERIVED,2026-08-13T12:05:36.604874+00:00
SSDY047,Grand Seiko,MARK,engine_median,18.13,DERIVED,2026-08-13T12:05:36.604874+00:00
SSEA001,Grand Seiko,MARK,engine_median,12.86,DERIVED,2026-08-13T12:05:36.604874+00:00
SSEA008,Grand Seiko,MARK,engine_median,60.79,DERIVED,2026-08-13T12:05:36.604874+00:00
SSEA012,Grand Seiko,MARK,engine_median,47.35,DERIVED,2026-08-13T12:05:36.604874+00:00
SSEA016,Grand Seiko,MARK,engine_median,49.1,DERIVED,2026-08-13T12:05:36.604874+00:00
SSEF004,Grand Seiko,MARK,engine_median,21.05,DERIVED,2026-08-13T12:05:36.604874+00:00
SSEH001,Grand Seiko,MARK,engine_median,20.46,DERIVED,2026-08-13T12:05:36.604874+00:00
SSEH002,Grand Seiko,MARK,engine_median,19.29,DERIVED,2026-08-13T12:05:36.604874+00:00
SSEH006,Grand Seiko,MARK,engine_median,21.63,DERIVED,2026-08-13T12:05:36.604874+00:00
SSEH007,Grand Seiko,MARK,engine_median,33.91,DERIVED,2026-08-13T12:05:36.604874+00:00
SSEH008,Grand Seiko,MARK,engine_median,33.91,DERIVED,2026-08-13T12:05:36.604874+00:00
SSEH009,Grand Seiko,MARK,engine_median,33.91,DERIVED,2026-08-13T12:05:36.604874+00:00
SSEH010,Grand Seiko,MARK,engine_median,61.97,DERIVED,2026-08-13T12:05:36.604874+00:00
SSEH015,Grand Seiko,MARK,engine_median,29.23,DERIVED,2026-08-13T12:05:36.604874+00:00
SSEH016,Grand Seiko,MARK,engine_median,32.74,DERIVED,2026-08-13T12:05:36.604874+00:00
SSEH021J,Grand Seiko,MARK,engine_median,19.29,DERIVED,2026-08-13T12:05:36.604874+00:00
SSFX001,Grand Seiko,MARK,engine_median,18.7,DERIVED,2026-08-13T12:05:36.604874+00:00
SSGE001,Grand Seiko,MARK,engine_median,18.7,DERIVED,2026-08-13T12:05:36.604874+00:00
SSH024,Grand Seiko,MARK,engine_median,1860.0,DERIVED,2026-08-13T12:05:36.604874+00:00
SSH127,Grand Seiko,MARK,engine_median,2232.0,DERIVED,2026-08-13T12:05:36.604874+00:00
SSH137,Grand Seiko,MARK,engine_median,2697.0,DERIVED,2026-08-13T12:05:36.604874+00:00
SSH139,Grand Seiko,MARK,engine_median,2604.0,DERIVED,2026-08-13T12:05:36.604874+00:00
SSH151,Grand Seiko,MARK,engine_median,2511.0,DERIVED,2026-08-13T12:05:36.604874+00:00
SSH153,Grand Seiko,MARK,engine_median,2511.0,DERIVED,2026-08-13T12:05:36.604874+00:00
SSH155,Grand Seiko,MARK,engine_median,2697.0,DERIVED,2026-08-13T12:05:36.604874+00:00
SSH159,Grand Seiko,MARK,engine_median,1813.5,DERIVED,2026-08-13T12:05:36.604874+00:00
SSH161,Grand Seiko,MARK,engine_median,2325.0,DERIVED,2026-08-13T12:05:36.604874+00:00
SSH163,Grand Seiko,MARK,engine_median,1813.5,DERIVED,2026-08-13T12:05:36.604874+00:00
SSH165,Grand Seiko,MARK,engine_median,2046.0,DERIVED,2026-08-13T12:05:36.604874+00:00
SSH167,Grand Seiko,MARK,engine_median,2046.0,DERIVED,2026-08-13T12:05:36.604874+00:00
SSH177,Grand Seiko,MARK,engine_median,2883.0,DERIVED,2026-08-13T12:05:36.604874+00:00
SSH179,Grand Seiko,MARK,engine_median,3069.0,DERIVED,2026-08-13T12:05:36.604874+00:00
SSH180,Grand Seiko,MARK,engine_median,3069.0,DERIVED,2026-08-13T12:05:36.604874+00:00
SSH183,Grand Seiko,MARK,engine_median,2697.0,DERIVED,2026-08-13T12:05:36.604874+00:00
SSH185,Grand Seiko,MARK,engine_median,2883.0,DERIVED,2026-08-13T12:05:36.604874+00:00
SSH186,Grand Seiko,MARK,engine_median,3069.0,DERIVED,2026-08-13T12:05:36.604874+00:00
SSH187,Grand Seiko,MARK,engine_median,2697.0,DERIVED,2026-08-13T12:05:36.604874+00:00
SSJ013,Grand Seiko,MARK,engine_median,1860.0,DERIVED,2026-08-13T12:05:36.604874+00:00
SSJ014,Grand Seiko,MARK,engine_median,1953.0,DERIVED,2026-08-13T12:05:36.604874+00:00
SSJ015,Grand Seiko,MARK,engine_median,2046.0,DERIVED,2026-08-13T12:05:36.604874+00:00
SSJ017,Grand Seiko,MARK,engine_median,1105.77,DERIVED,2026-08-13T12:05:36.604874+00:00
SSJ023,Grand Seiko,MARK,engine_median,1813.5,DERIVED,2026-08-13T12:05:36.604874+00:00
SSJ025,Grand Seiko,MARK,engine_median,2232.0,DERIVED,2026-08-13T12:05:36.604874+00:00
SSJ026,Grand Seiko,MARK,engine_median,2232.0,DERIVED,2026-08-13T12:05:36.604874+00:00
SSJ029,Grand Seiko,MARK,engine_median,1859.07,DERIVED,2026-08-13T12:05:36.604874+00:00
SSJ029,Grand Seiko,MARK,engine_median,2418.0,DERIVED,2026-08-14T21:47:56.498486+00:00
SSJ037,Grand Seiko,MARK,engine_median,2232.0,DERIVED,2026-08-13T12:05:36.604874+00:00
SSJ039,Grand Seiko,MARK,engine_median,2232.0,DERIVED,2026-08-13T12:05:36.604874+00:00
SSK001,Grand Seiko,MARK,engine_median,460.35,DERIVED,2026-08-13T12:05:36.604874+00:00
SSK001,Grand Seiko,MARK,engine_median,362.7,DERIVED,2026-08-13T22:07:35.994213+00:00
SSK001,Grand Seiko,MARK,engine_median,460.35,DERIVED,2026-08-14T21:47:56.498486+00:00
SSK003,Grand Seiko,MARK,engine_median,460.35,DERIVED,2026-08-13T12:05:36.604874+00:00
SSK005,Grand Seiko,MARK,engine_median,362.7,DERIVED,2026-08-13T12:05:36.604874+00:00
SSK009,Grand Seiko,MARK,engine_median,483.6,DERIVED,2026-08-13T12:05:36.604874+00:00
SSK013,Grand Seiko,MARK,engine_median,604.5,DERIVED,2026-08-13T12:05:36.604874+00:00
SSK017,Grand Seiko,MARK,engine_median,362.7,DERIVED,2026-08-13T12:05:36.604874+00:00
SSK017,Grand Seiko,MARK,engine_median,460.35,DERIVED,2026-08-20T04:37:33.725646+00:00
SSK019,Grand Seiko,MARK,engine_median,460.35,DERIVED,2026-08-13T12:05:36.604874+00:00
SSK021,Grand Seiko,MARK,engine_median,362.7,DERIVED,2026-08-13T12:05:36.604874+00:00
SSK023,Grand Seiko,MARK,engine_median,418.5,DERIVED,2026-08-13T12:05:36.604874+00:00
SSK023,Grand Seiko,MARK,engine_median,325.5,DERIVED,2026-08-13T22:07:35.994213+00:00
SSK025,Grand Seiko,MARK,engine_median,316.2,DERIVED,2026-08-13T12:05:36.604874+00:00
SSK025,Grand Seiko,MARK,engine_median,404.55,DERIVED,2026-08-20T04:37:33.725646+00:00
SSK025,Grand Seiko,MARK,engine_median,316.2,DERIVED,2026-08-21T21:45:15.687735+00:00
SSK033,Grand Seiko,MARK,engine_median,460.35,DERIVED,2026-08-13T12:05:36.604874+00:00
SSK035,Grand Seiko,MARK,engine_median,460.35,DERIVED,2026-08-13T12:05:36.604874+00:00
SSK035,Grand Seiko,MARK,engine_median,362.7,DERIVED,2026-08-13T22:07:35.994213+00:00
SSK035,Grand Seiko,MARK,engine_median,460.35,DERIVED,2026-08-17T21:49:35.588367+00:00
SSK036,Grand Seiko,MARK,engine_median,344.1,DERIVED,2026-08-13T12:05:36.604874+00:00
SSK037,Grand Seiko,MARK,engine_median,581.25,DERIVED,2026-08-13T12:05:36.604874+00:00
SSK039,Grand Seiko,MARK,engine_median,581.25,DERIVED,2026-08-13T12:05:36.604874+00:00
SSK041,Grand Seiko,MARK,engine_median,581.25,DERIVED,2026-08-13T12:05:36.604874+00:00
SSK049,Grand Seiko,MARK,engine_median,581.25,DERIVED,2026-08-13T12:05:36.604874+00:00
SSLV005,Grand Seiko,MARK,engine_median,18.7,DERIVED,2026-08-13T12:05:36.604874+00:00
SSQR001,Grand Seiko,MARK,engine_median,70.15,DERIVED,2026-08-13T12:05:36.604874+00:00
SSQR004J,Grand Seiko,MARK,engine_median,151.99,DERIVED,2026-08-13T12:05:36.604874+00:00
SSQR005J,Grand Seiko,MARK,engine_median,81.25,DERIVED,2026-08-13T12:05:36.604874+00:00
SSQR007J,Grand Seiko,MARK,engine_median,279.43,DERIVED,2026-08-13T12:05:36.604874+00:00
SSQV004J,Grand Seiko,MARK,engine_median,19.29,DERIVED,2026-08-13T12:05:36.604874+00:00
SSQV010J,Grand Seiko,MARK,engine_median,111.07,DERIVED,2026-08-13T12:05:36.604874+00:00
SSQV013,Grand Seiko,MARK,engine_median,60.79,DERIVED,2026-08-13T12:05:36.604874+00:00
SSQV014J,Grand Seiko,MARK,engine_median,91.78,DERIVED,2026-08-13T12:05:36.604874+00:00
SSQV016,Grand Seiko,MARK,engine_median,81.25,DERIVED,2026-08-13T12:05:36.604874+00:00
SSQV018,Grand Seiko,MARK,engine_median,79.51,DERIVED,2026-08-13T12:05:36.604874+00:00
SSQV019,Grand Seiko,MARK,engine_median,357.18,DERIVED,2026-08-13T12:05:36.604874+00:00
SSQV020J,Grand Seiko,MARK,engine_median,25.72,DERIVED,2026-08-13T12:05:36.604874+00:00
SSQV022J,Grand Seiko,MARK,engine_median,15.2,DERIVED,2026-08-13T12:05:36.604874+00:00
SSQV022J,Grand Seiko,MARK,engine_median,73.66,DERIVED,2026-08-13T22:07:35.994213+00:00
SSQV022J,Grand Seiko,MARK,engine_median,15.2,DERIVED,2026-08-15T21:41:53.174601+00:00
SSQV024,Grand Seiko,MARK,engine_median,81.25,DERIVED,2026-08-13T12:05:36.604874+00:00
SSQV027J,Grand Seiko,MARK,engine_median,25.72,DERIVED,2026-08-13T12:05:36.604874+00:00
SSQV032J,Grand Seiko,MARK,engine_median,91.78,DERIVED,2026-08-13T12:05:36.604874+00:00
SSQV038,Grand Seiko,MARK,engine_median,97.62,DERIVED,2026-08-13T12:05:36.604874+00:00
SSQV040J,Grand Seiko,MARK,engine_median,20.46,DERIVED,2026-08-13T12:05:36.604874+00:00
SSQV043J,Grand Seiko,MARK,engine_median,91.78,DERIVED,2026-08-13T12:05:36.604874+00:00
SSQV047J,Grand Seiko,MARK,engine_median,95.29,DERIVED,2026-08-13T12:05:36.604874+00:00
SSQV048J,Grand Seiko,MARK,engine_median,111.07,DERIVED,2026-08-13T12:05:36.604874+00:00
SSQV058J,Grand Seiko,MARK,engine_median,88.27,DERIVED,2026-08-13T12:05:36.604874+00:00
SSQV060,Grand Seiko,MARK,engine_median,104.06,DERIVED,2026-08-13T12:05:36.604874+00:00
SSQV068,Grand Seiko,MARK,engine_median,56.7,DERIVED,2026-08-13T12:05:36.604874+00:00
SSQV076,Grand Seiko,MARK,engine_median,95.29,DERIVED,2026-08-13T12:05:36.604874+00:00
SSQV077J,Grand Seiko,MARK,engine_median,95.29,DERIVED,2026-08-13T12:05:36.604874+00:00
SSQV081J,Grand Seiko,MARK,engine_median,91.78,DERIVED,2026-08-13T12:05:36.604874+00:00
SSQV084J,Grand Seiko,MARK,engine_median,111.07,DERIVED,2026-08-13T12:05:36.604874+00:00
SSQV086J,Grand Seiko,MARK,engine_median,18.7,DERIVED,2026-08-13T12:05:36.604874+00:00
SSQV099,Grand Seiko,MARK,engine_median,105.81,DERIVED,2026-08-13T12:05:36.604874+00:00
SSQV108,Grand Seiko,MARK,engine_median,119.84,DERIVED,2026-08-13T12:05:36.604874+00:00
SSQV110J,Grand Seiko,MARK,engine_median,97.62,DERIVED,2026-08-13T12:05:36.604874+00:00
SSQV110J,Grand Seiko,MARK,engine_median,394.59,DERIVED,2026-08-20T19:55:02.750956+00:00
SSQW001,Grand Seiko,MARK,engine_median,42.68,DERIVED,2026-08-13T12:05:36.604874+00:00
SSQW004,Grand Seiko,MARK,engine_median,44.43,DERIVED,2026-08-13T12:05:36.604874+00:00
SSQW007,Grand Seiko,MARK,engine_median,132.12,DERIVED,2026-08-13T12:05:36.604874+00:00
SSQW010,Grand Seiko,MARK,engine_median,107.56,DERIVED,2026-08-13T12:05:36.604874+00:00
SSQW015,Grand Seiko,MARK,engine_median,77.75,DERIVED,2026-08-13T12:05:36.604874+00:00
SSQW019J,Grand Seiko,MARK,engine_median,97.62,DERIVED,2026-08-13T12:05:36.604874+00:00
SSQW025J,Grand Seiko,MARK,engine_median,284.11,DERIVED,2026-08-13T12:05:36.604874+00:00
SSQW031J,Grand Seiko,MARK,engine_median,67.23,DERIVED,2026-08-13T12:05:36.604874+00:00
SSQW034J,Grand Seiko,MARK,engine_median,85.35,DERIVED,2026-08-13T12:05:36.604874+00:00
SSQW035J,Grand Seiko,MARK,engine_median,79.51,DERIVED,2026-08-13T12:05:36.604874+00:00
SSQW037J,Grand Seiko,MARK,engine_median,95.29,DERIVED,2026-08-13T12:05:36.604874+00:00
SSQW038,Grand Seiko,MARK,engine_median,540.26,DERIVED,2026-08-13T12:05:36.604874+00:00
SSQW038J,Grand Seiko,MARK,engine_median,39.16,DERIVED,2026-08-13T12:05:36.604874+00:00
SSQW042,Grand Seiko,MARK,engine_median,279.43,DERIVED,2026-08-13T12:05:36.604874+00:00
SSQW044,Grand Seiko,MARK,engine_median,91.78,DERIVED,2026-08-13T12:05:36.604874+00:00
SSQW046,Grand Seiko,MARK,engine_median,52.61,DERIVED,2026-08-13T12:05:36.604874+00:00
SSQW049,Grand Seiko,MARK,engine_median,111.07,DERIVED,2026-08-13T12:05:36.604874+00:00
SSQW052,Grand Seiko,MARK,engine_median,95.29,DERIVED,2026-08-13T12:05:36.604874+00:00
SSQW054J,Grand Seiko,MARK,engine_median,54.95,DERIVED,2026-08-13T12:05:36.604874+00:00
SSQW055,Grand Seiko,MARK,engine_median,70.15,DERIVED,2026-08-13T12:05:36.604874+00:00
SSQW057J,Grand Seiko,MARK,engine_median,70.15,DERIVED,2026-08-13T12:05:36.604874+00:00
SSQW063J,Grand Seiko,MARK,engine_median,212.78,DERIVED,2026-08-13T12:05:36.604874+00:00
SSQW064,Grand Seiko,MARK,engine_median,114.58,DERIVED,2026-08-13T12:05:36.604874+00:00
SSQW066J,Grand Seiko,MARK,engine_median,92.36,DERIVED,2026-08-13T12:05:36.604874+00:00
SSQW068,Grand Seiko,MARK,engine_median,215.13,DERIVED,2026-08-13T12:05:36.604874+00:00
SSQW074J,Grand Seiko,MARK,engine_median,119.84,DERIVED,2026-08-13T12:05:36.604874+00:00
SSQW074J,Grand Seiko,MARK,engine_median,265.39,DERIVED,2026-08-13T22:07:35.994213+00:00
SSQW074J,Grand Seiko,MARK,engine_median,119.84,DERIVED,2026-08-15T21:41:53.174601+00:00
SSQW081J,Grand Seiko,MARK,engine_median,355.42,DERIVED,2026-08-13T12:05:36.604874+00:00
SSQW082J,Grand Seiko,MARK,engine_median,128.61,DERIVED,2026-08-13T12:05:36.604874+00:00
SSQW086,Grand Seiko,MARK,engine_median,442.87,DERIVED,2026-08-13T12:05:36.604874+00:00
SSQW086J,Grand Seiko,MARK,engine_median,107.56,DERIVED,2026-08-13T12:05:36.604874+00:00
SSQW089,Grand Seiko,MARK,engine_median,102.3,DERIVED,2026-08-13T12:05:36.604874+00:00
SSQW090,Grand Seiko,MARK,engine_median,104.06,DERIVED,2026-08-13T12:05:36.604874+00:00
SSQW091,Grand Seiko,MARK,engine_median,65.47,DERIVED,2026-08-13T12:05:36.604874+00:00
SSQW092,Grand Seiko,MARK,engine_median,72.48,DERIVED,2026-08-13T12:05:36.604874+00:00
SSQW096,Grand Seiko,MARK,engine_median,424.41,DERIVED,2026-08-13T12:05:36.604874+00:00
SSTP015,Grand Seiko,MARK,engine_median,19.29,DERIVED,2026-08-13T12:05:36.604874+00:00
SSVB007,Grand Seiko,MARK,engine_median,16.37,DERIVED,2026-08-13T12:05:36.604874+00:00
SSVB027,Grand Seiko,MARK,engine_median,15.78,DERIVED,2026-08-13T12:05:36.604874+00:00
SSVB099J,Grand Seiko,MARK,engine_median,15.2,DERIVED,2026-08-13T12:05:36.604874+00:00
SSVD001J,Grand Seiko,MARK,engine_median,18.7,DERIVED,2026-08-13T12:05:36.604874+00:00
SSVD015J,Grand Seiko,MARK,engine_median,21.05,DERIVED,2026-08-13T12:05:36.604874+00:00
SSVD019J,Grand Seiko,MARK,engine_median,32.74,DERIVED,2026-08-13T12:05:36.604874+00:00
SSVE019,Grand Seiko,MARK,engine_median,39.16,DERIVED,2026-08-13T12:05:36.604874+00:00
SSVE027,Grand Seiko,MARK,engine_median,43.25,DERIVED,2026-08-13T12:05:36.604874+00:00
SSVE034,Grand Seiko,MARK,engine_median,47.35,DERIVED,2026-08-13T12:05:36.604874+00:00
SSVE039,Grand Seiko,MARK,engine_median,23.38,DERIVED,2026-08-13T12:05:36.604874+00:00
SSVE045,Grand Seiko,MARK,engine_median,49.1,DERIVED,2026-08-13T12:05:36.604874+00:00
SSVE046,Grand Seiko,MARK,engine_median,29.82,DERIVED,2026-08-13T12:05:36.604874+00:00
SSVE047J,Grand Seiko,MARK,engine_median,15.78,DERIVED,2026-08-13T12:05:36.604874+00:00
SSVE052J,Grand Seiko,MARK,engine_median,39.16,DERIVED,2026-08-13T12:05:36.604874+00:00
SSVE054J,Grand Seiko,MARK,engine_median,114.58,DERIVED,2026-08-13T12:05:36.604874+00:00
SSVE055,Grand Seiko,MARK,engine_median,230.91,DERIVED,2026-08-13T12:05:36.604874+00:00
SSVE058,Grand Seiko,MARK,engine_median,42.68,DERIVED,2026-08-13T12:05:36.604874+00:00
SSVE065J,Grand Seiko,MARK,engine_median,39.16,DERIVED,2026-08-13T12:05:36.604874+00:00
SSVE066J,Grand Seiko,MARK,engine_median,75.99,DERIVED,2026-08-13T12:05:36.604874+00:00
SSVE068J,Grand Seiko,MARK,engine_median,49.69,DERIVED,2026-08-13T12:05:36.604874+00:00
SSVE068J,Grand Seiko,MARK,engine_median,78.33,DERIVED,2026-08-13T22:07:35.994213+00:00
SSVE068J,Grand Seiko,MARK,engine_median,49.69,DERIVED,2026-08-15T21:41:53.174601+00:00
SSVE068J,Grand Seiko,MARK,engine_median,78.33,DERIVED,2026-08-19T21:47:49.086150+00:00
SSVE070J,Grand Seiko,MARK,engine_median,140.3,DERIVED,2026-08-13T12:05:36.604874+00:00
SSVE071,Grand Seiko,MARK,engine_median,140.3,DERIVED,2026-08-13T12:05:36.604874+00:00
SSVE073J,Grand Seiko,MARK,engine_median,140.3,DERIVED,2026-08-13T12:05:36.604874+00:00
SSVE078J,Grand Seiko,MARK,engine_median,120.43,DERIVED,2026-08-13T12:05:36.604874+00:00
SSVE900J,Grand Seiko,MARK,engine_median,42.09,DERIVED,2026-08-13T12:05:36.604874+00:00
SSVH001J,Grand Seiko,MARK,engine_median,59.62,DERIVED,2026-08-13T12:05:36.604874+00:00
SSVH010J,Grand Seiko,MARK,engine_median,40.92,DERIVED,2026-08-13T12:05:36.604874+00:00
SSVH017J,Grand Seiko,MARK,engine_median,67.23,DERIVED,2026-08-13T12:05:36.604874+00:00
SSVH025,Grand Seiko,MARK,engine_median,61.97,DERIVED,2026-08-13T12:05:36.604874+00:00
SSVH028,Grand Seiko,MARK,engine_median,291.12,DERIVED,2026-08-13T12:05:36.604874+00:00
SSVH032,Grand Seiko,MARK,engine_median,88.27,DERIVED,2026-08-13T12:05:36.604874+00:00
SSVH037J,Grand Seiko,MARK,engine_median,77.75,DERIVED,2026-08-13T12:05:36.604874+00:00
SSVJ001,Grand Seiko,MARK,engine_median,52.61,DERIVED,2026-08-13T12:05:36.604874+00:00
SSVJ008J,Grand Seiko,MARK,engine_median,120.43,DERIVED,2026-08-13T12:05:36.604874+00:00
SSVK061J,Grand Seiko,MARK,engine_median,19.29,DERIVED,2026-08-13T12:05:36.604874+00:00
SSVK083J,Grand Seiko,MARK,engine_median,18.7,DERIVED,2026-08-13T12:05:36.604874+00:00
SSVK099J,Grand Seiko,MARK,engine_median,16.37,DERIVED,2026-08-13T12:05:36.604874+00:00
SSVK127J,Grand Seiko,MARK,engine_median,18.13,DERIVED,2026-08-13T12:05:36.604874+00:00
SSVK127J,Grand Seiko,MARK,engine_median,26.89,DERIVED,2026-08-13T22:07:35.994213+00:00
SSVK127J,Grand Seiko,MARK,engine_median,18.13,DERIVED,2026-08-15T21:41:53.174601+00:00
SSVM001J,Grand Seiko,MARK,engine_median,18.13,DERIVED,2026-08-13T12:05:36.604874+00:00
SSVM009J,Grand Seiko,MARK,engine_median,53.2,DERIVED,2026-08-13T12:05:36.604874+00:00
SSVM010J,Grand Seiko,MARK,engine_median,193.5,DERIVED,2026-08-13T12:05:36.604874+00:00
SSVM016,Grand Seiko,MARK,engine_median,67.23,DERIVED,2026-08-13T12:05:36.604874+00:00
SSVM034J,Grand Seiko,MARK,engine_median,93.53,DERIVED,2026-08-13T12:05:36.604874+00:00
SSVM037,Grand Seiko,MARK,engine_median,119.25,DERIVED,2026-08-13T12:05:36.604874+00:00
SSVM039,Grand Seiko,MARK,engine_median,75.99,DERIVED,2026-08-13T12:05:36.604874+00:00
SSVM054,Grand Seiko,MARK,engine_median,46.77,DERIVED,2026-08-13T12:05:36.604874+00:00
SSVN003J,Grand Seiko,MARK,engine_median,102.89,DERIVED,2026-08-13T12:05:36.604874+00:00
SSVN005J,Grand Seiko,MARK,engine_median,127.44,DERIVED,2026-08-13T12:05:36.604874+00:00
SSVN011,Grand Seiko,MARK,engine_median,15.78,DERIVED,2026-08-13T12:05:36.604874+00:00
SSVN017J,Grand Seiko,MARK,engine_median,28.06,DERIVED,2026-08-13T12:05:36.604874+00:00
SSVN018,Grand Seiko,MARK,engine_median,59.05,DERIVED,2026-08-13T12:05:36.604874+00:00
SSVN020J,Grand Seiko,MARK,engine_median,79.51,DERIVED,2026-08-13T12:05:36.604874+00:00
SSVN021,Grand Seiko,MARK,engine_median,32.74,DERIVED,2026-08-13T12:05:36.604874+00:00
SSVN026J,Grand Seiko,MARK,engine_median,25.72,DERIVED,2026-08-13T12:05:36.604874+00:00
SSVN028J,Grand Seiko,MARK,engine_median,71.32,DERIVED,2026-08-13T12:05:36.604874+00:00
SSVN030J,Grand Seiko,MARK,engine_median,40.33,DERIVED,2026-08-13T12:05:36.604874+00:00
SSVN032,Grand Seiko,MARK,engine_median,46.77,DERIVED,2026-08-13T12:05:36.604874+00:00
SSVN033,Grand Seiko,MARK,engine_median,30.4,DERIVED,2026-08-13T12:05:36.604874+00:00
SSVN034,Grand Seiko,MARK,engine_median,22.79,DERIVED,2026-08-13T12:05:36.604874+00:00
SSVN036J,Grand Seiko,MARK,engine_median,44.43,DERIVED,2026-08-13T12:05:36.604874+00:00
SSVN038J,Grand Seiko,MARK,engine_median,47.35,DERIVED,2026-08-13T12:05:36.604874+00:00
SSVR025J,Grand Seiko,MARK,engine_median,32.74,DERIVED,2026-08-13T12:05:36.604874+00:00
SSVR037J,Grand Seiko,MARK,engine_median,42.09,DERIVED,2026-08-13T12:05:36.604874+00:00
SSVR045J,Grand Seiko,MARK,engine_median,30.98,DERIVED,2026-08-13T12:05:36.604874+00:00
SSVR058J,Grand Seiko,MARK,engine_median,24.55,DERIVED,2026-08-13T12:05:36.604874+00:00
SSVR067J,Grand Seiko,MARK,engine_median,115.16,DERIVED,2026-08-13T12:05:36.604874+00:00
SSVR070J,Grand Seiko,MARK,engine_median,127.44,DERIVED,2026-08-13T12:05:36.604874+00:00
SSVR071J,Grand Seiko,MARK,engine_median,102.89,DERIVED,2026-08-13T12:05:36.604874+00:00
SSVR083J,Grand Seiko,MARK,engine_median,102.89,DERIVED,2026-08-13T12:05:36.604874+00:00
SSVR084J,Grand Seiko,MARK,engine_median,115.16,DERIVED,2026-08-13T12:05:36.604874+00:00
SSVR094J,Grand Seiko,MARK,engine_median,47.35,DERIVED,2026-08-13T12:05:36.604874+00:00
SSVR118J,Grand Seiko,MARK,engine_median,25.72,DERIVED,2026-08-13T12:05:36.604874+00:00
SSVR120J,Grand Seiko,MARK,engine_median,42.09,DERIVED,2026-08-13T12:05:36.604874+00:00
SSVR121J,Grand Seiko,MARK,engine_median,20.46,DERIVED,2026-08-13T12:05:36.604874+00:00
SSVR122J,Grand Seiko,MARK,engine_median,115.16,DERIVED,2026-08-13T12:05:36.604874+00:00
SSVR124J,Grand Seiko,MARK,engine_median,104.06,DERIVED,2026-08-13T12:05:36.604874+00:00
SSVR125J,Grand Seiko,MARK,engine_median,178.3,DERIVED,2026-08-13T12:05:36.604874+00:00
SSVR129J,Grand Seiko,MARK,engine_median,29.82,DERIVED,2026-08-13T12:05:36.604874+00:00
SSVR132J,Grand Seiko,MARK,engine_median,279.43,DERIVED,2026-08-13T12:05:36.604874+00:00
SSVR133J,Grand Seiko,MARK,engine_median,32.74,DERIVED,2026-08-13T12:05:36.604874+00:00
SSVR134J,Grand Seiko,MARK,engine_median,247.86,DERIVED,2026-08-13T12:05:36.604874+00:00
SSVR136J,Grand Seiko,MARK,engine_median,30.4,DERIVED,2026-08-13T12:05:36.604874+00:00
SSVR138,Grand Seiko,MARK,engine_median,36.83,DERIVED,2026-08-13T12:05:36.604874+00:00
SSVR139J,Grand Seiko,MARK,engine_median,19.29,DERIVED,2026-08-13T12:05:36.604874+00:00
SSVR140,Grand Seiko,MARK,engine_median,49.69,DERIVED,2026-08-13T12:05:36.604874+00:00
SSVR141J,Grand Seiko,MARK,engine_median,52.61,DERIVED,2026-08-13T12:05:36.604874+00:00
SSVS001J,Grand Seiko,MARK,engine_median,115.16,DERIVED,2026-08-13T12:05:36.604874+00:00
SSVS019J,Grand Seiko,MARK,engine_median,28.06,DERIVED,2026-08-13T12:05:36.604874+00:00
SSVS024J,Grand Seiko,MARK,engine_median,35.07,DERIVED,2026-08-13T12:05:36.604874+00:00
SSVS026J,Grand Seiko,MARK,engine_median,35.07,DERIVED,2026-08-13T12:05:36.604874+00:00
SSVS029J,Grand Seiko,MARK,engine_median,51.44,DERIVED,2026-08-13T12:05:36.604874+00:00
SSVS030J,Grand Seiko,MARK,engine_median,67.23,DERIVED,2026-08-13T12:05:36.604874+00:00
SSVS034J,Grand Seiko,MARK,engine_median,71.32,DERIVED,2026-08-13T12:05:36.604874+00:00
SSVS039,Grand Seiko,MARK,engine_median,22.79,DERIVED,2026-08-13T12:05:36.604874+00:00
SSVS040,Grand Seiko,MARK,engine_median,22.79,DERIVED,2026-08-13T12:05:36.604874+00:00
SSVV001,Grand Seiko,MARK,engine_median,46.77,DERIVED,2026-08-13T12:05:36.604874+00:00
SSVV014J,Grand Seiko,MARK,engine_median,19.29,DERIVED,2026-08-13T12:05:36.604874+00:00
SSVV015,Grand Seiko,MARK,engine_median,32.74,DERIVED,2026-08-13T12:05:36.604874+00:00
SSVV016,Grand Seiko,MARK,engine_median,34.49,DERIVED,2026-08-13T12:05:36.604874+00:00
SSVV020J,Grand Seiko,MARK,engine_median,216.29,DERIVED,2026-08-13T12:05:36.604874+00:00
SSVV026J,Grand Seiko,MARK,engine_median,51.44,DERIVED,2026-08-13T12:05:36.604874+00:00
SSVV032,Grand Seiko,MARK,engine_median,44.43,DERIVED,2026-08-13T12:05:36.604874+00:00
SSVV035J,Grand Seiko,MARK,engine_median,42.09,DERIVED,2026-08-13T12:05:36.604874+00:00
SSVV036J,Grand Seiko,MARK,engine_median,249.61,DERIVED,2026-08-13T12:05:36.604874+00:00
SSVV040,Grand Seiko,MARK,engine_median,35.07,DERIVED,2026-08-13T12:05:36.604874+00:00
SSVV043,Grand Seiko,MARK,engine_median,37.41,DERIVED,2026-08-13T12:05:36.604874+00:00
SSVV044,Grand Seiko,MARK,engine_median,40.33,DERIVED,2026-08-13T12:05:36.604874+00:00
SSVV046,Grand Seiko,MARK,engine_median,191.15,DERIVED,2026-08-13T12:05:36.604874+00:00
SSVV053,Grand Seiko,MARK,engine_median,40.92,DERIVED,2026-08-13T12:05:36.604874+00:00
SSVV054,Grand Seiko,MARK,engine_median,44.43,DERIVED,2026-08-13T12:05:36.604874+00:00
SSVV058,Grand Seiko,MARK,engine_median,45.6,DERIVED,2026-08-13T12:05:36.604874+00:00
SSVV069,Grand Seiko,MARK,engine_median,45.6,DERIVED,2026-08-13T12:05:36.604874+00:00
SSVV087J,Grand Seiko,MARK,engine_median,35.07,DERIVED,2026-08-13T12:05:36.604874+00:00
SSVV089J,Grand Seiko,MARK,engine_median,174.21,DERIVED,2026-08-13T12:05:36.604874+00:00
SSVW011J,Grand Seiko,MARK,engine_median,29.82,DERIVED,2026-08-13T12:05:36.604874+00:00
SSVW012J,Grand Seiko,MARK,engine_median,68.98,DERIVED,2026-08-13T12:05:36.604874+00:00
SSVW015J,Grand Seiko,MARK,engine_median,140.3,DERIVED,2026-08-13T12:05:36.604874+00:00
SSVW017,Grand Seiko,MARK,engine_median,36.83,DERIVED,2026-08-13T12:05:36.604874+00:00
SSVW020,Grand Seiko,MARK,engine_median,204.01,DERIVED,2026-08-13T12:05:36.604874+00:00
SSVW027,Grand Seiko,MARK,engine_median,254.29,DERIVED,2026-08-13T12:05:36.604874+00:00
SSVW029J,Grand Seiko,MARK,engine_median,28.06,DERIVED,2026-08-13T12:05:36.604874+00:00
SSVW030J,Grand Seiko,MARK,engine_median,49.69,DERIVED,2026-08-13T12:05:36.604874+00:00
SSVW036J,Grand Seiko,MARK,engine_median,36.83,DERIVED,2026-08-13T12:05:36.604874+00:00
SSVW037J,Grand Seiko,MARK,engine_median,20.46,DERIVED,2026-08-13T12:05:36.604874+00:00
SSVW037J,Grand Seiko,MARK,engine_median,21.63,DERIVED,2026-08-13T22:07:35.994213+00:00
SSVW037J,Grand Seiko,MARK,engine_median,20.46,DERIVED,2026-08-15T21:41:53.174601+00:00
SSVW042J,Grand Seiko,MARK,engine_median,44.43,DERIVED,2026-08-13T12:05:36.604874+00:00
SSVW051,Grand Seiko,MARK,engine_median,121.59,DERIVED,2026-08-13T12:05:36.604874+00:00
SSVW053,Grand Seiko,MARK,engine_median,46.77,DERIVED,2026-08-13T12:05:36.604874+00:00
SSVW054,Grand Seiko,MARK,engine_median,263.65,DERIVED,2026-08-13T12:05:36.604874+00:00
SSVW056,Grand Seiko,MARK,engine_median,77.75,DERIVED,2026-08-13T12:05:36.604874+00:00
SSVW057J,Grand Seiko,MARK,engine_median,121.59,DERIVED,2026-08-13T12:05:36.604874+00:00
SSVW058J,Grand Seiko,MARK,engine_median,54.95,DERIVED,2026-08-13T12:05:36.604874+00:00
SSVW063,Grand Seiko,MARK,engine_median,32.74,DERIVED,2026-08-13T12:05:36.604874+00:00
SSVW069,Grand Seiko,MARK,engine_median,59.05,DERIVED,2026-08-13T12:05:36.604874+00:00
SSVW080J,Grand Seiko,MARK,engine_median,32.74,DERIVED,2026-08-13T12:05:36.604874+00:00
SSVW081J,Grand Seiko,MARK,engine_median,59.62,DERIVED,2026-08-13T12:05:36.604874+00:00
SSVW082J,Grand Seiko,MARK,engine_median,53.2,DERIVED,2026-08-13T12:05:36.604874+00:00
SSVW091J,Grand Seiko,MARK,engine_median,35.07,DERIVED,2026-08-13T12:05:36.604874+00:00
SSVW098J,Grand Seiko,MARK,engine_median,51.44,DERIVED,2026-08-13T12:05:36.604874+00:00
SSVW102,Grand Seiko,MARK,engine_median,269.49,DERIVED,2026-08-13T12:05:36.604874+00:00
SSVW111J,Grand Seiko,MARK,engine_median,51.44,DERIVED,2026-08-13T12:05:36.604874+00:00
SSVW115J,Grand Seiko,MARK,engine_median,43.25,DERIVED,2026-08-13T12:05:36.604874+00:00
SSVW117J,Grand Seiko,MARK,engine_median,30.98,DERIVED,2026-08-13T12:05:36.604874+00:00
SSVW118J,Grand Seiko,MARK,engine_median,34.49,DERIVED,2026-08-13T12:05:36.604874+00:00
SSVW120,Grand Seiko,MARK,engine_median,36.83,DERIVED,2026-08-13T12:05:36.604874+00:00
SSVW123J,Grand Seiko,MARK,engine_median,272.42,DERIVED,2026-08-13T12:05:36.604874+00:00
SSVW126J,Grand Seiko,MARK,engine_median,262.47,DERIVED,2026-08-13T12:05:36.604874+00:00
SSVW128J,Grand Seiko,MARK,engine_median,216.29,DERIVED,2026-08-13T12:05:36.604874+00:00
SSVW130J,Grand Seiko,MARK,engine_median,36.83,DERIVED,2026-08-13T12:05:36.604874+00:00
SSVW146J,Grand Seiko,MARK,engine_median,272.42,DERIVED,2026-08-13T12:05:36.604874+00:00
SSVW148J,Grand Seiko,MARK,engine_median,36.83,DERIVED,2026-08-13T12:05:36.604874+00:00
SSVW150,Grand Seiko,MARK,engine_median,36.83,DERIVED,2026-08-13T12:05:36.604874+00:00
SSVW153,Grand Seiko,MARK,engine_median,34.49,DERIVED,2026-08-13T12:05:36.604874+00:00
SSVW154J,Grand Seiko,MARK,engine_median,19.29,DERIVED,2026-08-13T12:05:36.604874+00:00
SSVW156J,Grand Seiko,MARK,engine_median,236.75,DERIVED,2026-08-13T12:05:36.604874+00:00
SSVW157,Grand Seiko,MARK,engine_median,40.33,DERIVED,2026-08-13T12:05:36.604874+00:00
SSVW164,Grand Seiko,MARK,engine_median,35.07,DERIVED,2026-08-13T12:05:36.604874+00:00
SSVW165J,Grand Seiko,MARK,engine_median,32.74,DERIVED,2026-08-13T12:05:36.604874+00:00
SSVW175J,Grand Seiko,MARK,engine_median,90.02,DERIVED,2026-08-13T12:05:36.604874+00:00
SSVW177J,Grand Seiko,MARK,engine_median,63.71,DERIVED,2026-08-13T12:05:36.604874+00:00
SSVW177J,Grand Seiko,MARK,engine_median,154.32,DERIVED,2026-08-13T22:07:35.994213+00:00
SSVW177J,Grand Seiko,MARK,engine_median,63.71,DERIVED,2026-08-15T21:41:53.174601+00:00
SSVW178J,Grand Seiko,MARK,engine_median,81.25,DERIVED,2026-08-13T12:05:36.604874+00:00
SSVW179J,Grand Seiko,MARK,engine_median,39.16,DERIVED,2026-08-13T12:05:36.604874+00:00
SSVW180J,Grand Seiko,MARK,engine_median,279.43,DERIVED,2026-08-13T12:05:36.604874+00:00
SSVW187,Grand Seiko,MARK,engine_median,40.33,DERIVED,2026-08-13T12:05:36.604874+00:00
SSVW190,Grand Seiko,MARK,engine_median,44.43,DERIVED,2026-08-13T12:05:36.604874+00:00
SSVW191,Grand Seiko,MARK,engine_median,40.92,DERIVED,2026-08-13T12:05:36.604874+00:00
SSVW193J,Grand Seiko,MARK,engine_median,44.43,DERIVED,2026-08-13T12:05:36.604874+00:00
SSVW194,Grand Seiko,MARK,engine_median,49.69,DERIVED,2026-08-13T12:05:36.604874+00:00
SSVW204J,Grand Seiko,MARK,engine_median,262.47,DERIVED,2026-08-13T12:05:36.604874+00:00
SSVW205,Grand Seiko,MARK,engine_median,44.43,DERIVED,2026-08-13T12:05:36.604874+00:00
SSVW206J,Grand Seiko,MARK,engine_median,51.44,DERIVED,2026-08-13T12:05:36.604874+00:00
SSVW207J,Grand Seiko,MARK,engine_median,215.13,DERIVED,2026-08-13T12:05:36.604874+00:00
SSVW209J,Grand Seiko,MARK,engine_median,49.1,DERIVED,2026-08-13T12:05:36.604874+00:00
SSVW213J,Grand Seiko,MARK,engine_median,42.09,DERIVED,2026-08-13T12:05:36.604874+00:00
SSVW217J,Grand Seiko,MARK,engine_median,49.69,DERIVED,2026-08-13T12:05:36.604874+00:00
SSVW217J,Grand Seiko,MARK,engine_median,181.22,DERIVED,2026-08-13T22:07:35.994213+00:00
SSVW217J,Grand Seiko,MARK,engine_median,49.69,DERIVED,2026-08-15T21:41:53.174601+00:00
SSVW219J,Grand Seiko,MARK,engine_median,249.61,DERIVED,2026-08-13T12:05:36.604874+00:00
SSVW221J,Grand Seiko,MARK,engine_median,191.15,DERIVED,2026-08-13T12:05:36.604874+00:00
SSVW227J,Grand Seiko,MARK,engine_median,44.43,DERIVED,2026-08-13T12:05:36.604874+00:00
SSVW229J,Grand Seiko,MARK,engine_median,47.35,DERIVED,2026-08-13T12:05:36.604874+00:00
SSVW230J,Grand Seiko,MARK,engine_median,267.15,DERIVED,2026-08-13T12:05:36.604874+00:00
SSVW233,Grand Seiko,MARK,engine_median,159.0,DERIVED,2026-08-13T12:05:36.604874+00:00
SSVW234,Grand Seiko,MARK,engine_median,45.6,DERIVED,2026-08-13T12:05:36.604874+00:00
SSVW236J,Grand Seiko,MARK,engine_median,35.07,DERIVED,2026-08-13T12:05:36.604874+00:00
SSVW237J,Grand Seiko,MARK,engine_median,65.47,DERIVED,2026-08-13T12:05:36.604874+00:00
SSVX019J,Grand Seiko,MARK,engine_median,15.78,DERIVED,2026-08-13T12:05:36.604874+00:00
SSVX069J,Grand Seiko,MARK,engine_median,16.37,DERIVED,2026-08-13T12:05:36.604874+00:00
SSVX092J,Grand Seiko,MARK,engine_median,114.58,DERIVED,2026-08-13T12:05:36.604874+00:00
SSVY110J,Grand Seiko,MARK,engine_median,37.41,DERIVED,2026-08-13T12:05:36.604874+00:00
SSVY133,Grand Seiko,MARK,engine_median,166.02,DERIVED,2026-08-13T12:05:36.604874+00:00
SSWA001J,Grand Seiko,MARK,engine_median,95.29,DERIVED,2026-08-13T12:05:36.604874+00:00
SSWA004J,Grand Seiko,MARK,engine_median,77.16,DERIVED,2026-08-13T12:05:36.604874+00:00
SSWA011J,Grand Seiko,MARK,engine_median,53.78,DERIVED,2026-08-13T12:05:36.604874+00:00
SSWA012J,Grand Seiko,MARK,engine_median,147.9,DERIVED,2026-08-13T12:05:36.604874+00:00
SSWA014J,Grand Seiko,MARK,engine_median,37.41,DERIVED,2026-08-13T12:05:36.604874+00:00
SSWA016J,Grand Seiko,MARK,engine_median,37.41,DERIVED,2026-08-13T12:05:36.604874+00:00
SSWA017J,Grand Seiko,MARK,engine_median,32.74,DERIVED,2026-08-13T12:05:36.604874+00:00
SSWA018,Grand Seiko,MARK,engine_median,147.9,DERIVED,2026-08-13T12:05:36.604874+00:00
SSWG001,Grand Seiko,MARK,engine_median,18.7,DERIVED,2026-08-13T12:05:36.604874+00:00
SSWG002,Grand Seiko,MARK,engine_median,15.78,DERIVED,2026-08-13T12:05:36.604874+00:00
SSXV021,Grand Seiko,MARK,engine_median,19.87,DERIVED,2026-08-13T12:05:36.604874+00:00
STA0040,Cartier,MARK,manual_check,4135.0,VERIFIED,2026-08-09
STA0041,Cartier,MARK,manual_check,3078.0,VERIFIED,2026-08-09
STA0042,Cartier,MARK,manual_check,2746.0,VERIFIED,2026-08-09
STA0043,Cartier,MARK,manual_check,3229.0,VERIFIED,2026-08-09
STA0051,Cartier,MARK,manual_check,3483.0,VERIFIED,2026-08-09
STA0052,Cartier,MARK,manual_check,3619.0,VERIFIED,2026-08-09
STA0053,Cartier,MARK,manual_check,4257.0,VERIFIED,2026-08-09
STA0065,Cartier,MARK,manual_check,3242.0,VERIFIED,2026-08-09
STA0067,Cartier,MARK,manual_check,4581.0,VERIFIED,2026-08-09
STA0071,Cartier,MARK,manual_check,3160.0,VERIFIED,2026-08-09
STA0072,Cartier,MARK,manual_check,3469.0,VERIFIED,2026-08-09
STA0074,Cartier,MARK,manual_check,3937.0,VERIFIED,2026-08-09
STA0106,Cartier,MARK,manual_check,3817.0,VERIFIED,2026-08-09
STA0107,Cartier,MARK,manual_check,3516.0,VERIFIED,2026-08-09
STA0109,Cartier,MARK,manual_check,3268.0,VERIFIED,2026-08-09
STA0129,Cartier,MARK,manual_check,3515.0,VERIFIED,2026-08-09
STA0135,Cartier,MARK,manual_check,3198.0,VERIFIED,2026-08-09
STBC007,Grand Seiko,MARK,engine_median,18.7,DERIVED,2026-08-13T12:05:36.604874+00:00
STBC015,Grand Seiko,MARK,engine_median,18.13,DERIVED,2026-08-13T12:05:36.604874+00:00
STBF001J,Grand Seiko,MARK,engine_median,24.55,DERIVED,2026-08-13T12:05:36.604874+00:00
STBF003J,Grand Seiko,MARK,engine_median,24.55,DERIVED,2026-08-13T12:05:36.604874+00:00
STBF013,Grand Seiko,MARK,engine_median,33.91,DERIVED,2026-08-13T12:05:36.604874+00:00
STBF019,Grand Seiko,MARK,engine_median,37.41,DERIVED,2026-08-13T12:05:36.604874+00:00
STBF023,Grand Seiko,MARK,engine_median,37.41,DERIVED,2026-08-13T12:05:36.604874+00:00
STBQ003,Grand Seiko,MARK,engine_median,85.93,DERIVED,2026-08-13T12:05:36.604874+00:00
STBQ005,Grand Seiko,MARK,engine_median,85.93,DERIVED,2026-08-13T12:05:36.604874+00:00
STBR003J,Grand Seiko,MARK,engine_median,19.29,DERIVED,2026-08-13T12:05:36.604874+00:00
STBR013,Grand Seiko,MARK,engine_median,19.29,DERIVED,2026-08-13T12:05:36.604874+00:00
STBR023,Grand Seiko,MARK,engine_median,88.85,DERIVED,2026-08-13T12:05:36.604874+00:00
STBR026,Grand Seiko,MARK,engine_median,44.43,DERIVED,2026-08-13T12:05:36.604874+00:00
STGF013J,Grand Seiko,MARK,engine_median,15.78,DERIVED,2026-08-13T12:05:36.604874+00:00
STGF014,Grand Seiko,MARK,engine_median,46.77,DERIVED,2026-08-13T12:05:36.604874+00:00
STGF022,Grand Seiko,MARK,engine_median,39.16,DERIVED,2026-08-13T12:05:36.604874+00:00
STGF025J,Grand Seiko,MARK,engine_median,28.06,DERIVED,2026-08-13T12:05:36.604874+00:00
STGF025J,Grand Seiko,MARK,engine_median,28.64,DERIVED,2026-08-13T22:07:35.994213+00:00
STGF025J,Grand Seiko,MARK,engine_median,28.06,DERIVED,2026-08-13T22:07:39.029292+00:00
STGF025J,Grand Seiko,MARK,engine_median,28.64,DERIVED,2026-08-15T21:41:53.174601+00:00
STGF025J,Grand Seiko,MARK,engine_median,28.06,DERIVED,2026-08-15T21:42:06.738979+00:00
STGF025J,Grand Seiko,MARK,engine_median,28.64,DERIVED,2026-08-16T06:20:51.808998+00:00
STGF025J,Grand Seiko,MARK,engine_median,28.06,DERIVED,2026-08-16T10:01:25.617322+00:00
STGF025J,Grand Seiko,MARK,engine_median,28.64,DERIVED,2026-08-18T21:46:17.264769+00:00
STGF025J,Grand Seiko,MARK,engine_median,28.06,DERIVED,2026-08-18T21:46:57.536473+00:00
STGF025J,Grand Seiko,MARK,engine_median,28.64,DERIVED,2026-08-20T04:37:33.725646+00:00
STGF025J,Grand Seiko,MARK,engine_median,28.06,DERIVED,2026-08-20T04:37:50.698432+00:00
STGF025J,Grand Seiko,MARK,engine_median,28.64,DERIVED,2026-08-20T19:55:02.750956+00:00
STGF025J,Grand Seiko,MARK,engine_median,28.06,DERIVED,2026-08-20T19:55:05.809575+00:00
STGF025J,Grand Seiko,MARK,engine_median,28.64,DERIVED,2026-08-20T21:48:50.588638+00:00
STGF025J,Grand Seiko,MARK,engine_median,28.06,DERIVED,2026-08-20T21:48:58.880057+00:00
STGF025J,Grand Seiko,MARK,engine_median,28.64,DERIVED,2026-08-21T21:45:28.462956+00:00
STGF027J,Grand Seiko,MARK,engine_median,15.78,DERIVED,2026-08-13T12:05:36.604874+00:00
STGF029,Grand Seiko,MARK,engine_median,26.89,DERIVED,2026-08-13T12:05:36.604874+00:00
STGF043J,Grand Seiko,MARK,engine_median,24.55,DERIVED,2026-08-13T12:05:36.604874+00:00
STGF047J,Grand Seiko,MARK,engine_median,15.78,DERIVED,2026-08-13T12:05:36.604874+00:00
STGF053J,Grand Seiko,MARK,engine_median,39.16,DERIVED,2026-08-13T12:05:36.604874+00:00
STGF059J,Grand Seiko,MARK,engine_median,63.14,DERIVED,2026-08-13T12:05:36.604874+00:00
STGF065J,Grand Seiko,MARK,engine_median,19.87,DERIVED,2026-08-13T12:05:36.604874+00:00
STGF067,Grand Seiko,MARK,engine_median,979.48,DERIVED,2026-08-13T12:05:36.604874+00:00
STGF067,Grand Seiko,MARK,engine_median,824.13,DERIVED,2026-08-20T21:48:50.588638+00:00
STGF067,Grand Seiko,MARK,engine_median,979.48,DERIVED,2026-08-21T21:45:15.687735+00:00
STGF071,Grand Seiko,MARK,engine_median,1275.86,DERIVED,2026-08-13T12:05:36.604874+00:00
STGF075J,Grand Seiko,MARK,engine_median,68.98,DERIVED,2026-08-13T12:05:36.604874+00:00
STGF083J,Grand Seiko,MARK,engine_median,20.46,DERIVED,2026-08-13T12:05:36.604874+00:00
STGF089J,Grand Seiko,MARK,engine_median,18.13,DERIVED,2026-08-13T12:05:36.604874+00:00
STGF099,Grand Seiko,MARK,engine_median,18.13,DERIVED,2026-08-13T12:05:36.604874+00:00
STGF110J,Grand Seiko,MARK,engine_median,121.59,DERIVED,2026-08-13T12:05:36.604874+00:00
STGF253J,Grand Seiko,MARK,engine_median,35.07,DERIVED,2026-08-13T12:05:36.604874+00:00
STGF259J,Grand Seiko,MARK,engine_median,126.85,DERIVED,2026-08-13T12:05:36.604874+00:00
STGF265J,Grand Seiko,MARK,engine_median,1652.57,DERIVED,2026-08-19T21:47:49.086150+00:00
STGF267J,Grand Seiko,MARK,engine_median,2111.03,DERIVED,2026-08-19T21:47:49.086150+00:00
STGF274J,Grand Seiko,MARK,engine_median,3493.5,DERIVED,2026-08-19T21:47:49.086150+00:00
STGF275J,Grand Seiko,MARK,engine_median,2111.03,DERIVED,2026-08-19T21:47:49.086150+00:00
STGF277,Grand Seiko,MARK,engine_median,1023.01,DERIVED,2026-08-13T12:05:36.604874+00:00
STGF277J,Grand Seiko,MARK,engine_median,2701.32,DERIVED,2026-08-19T21:47:49.086150+00:00
STGF279J,Grand Seiko,MARK,engine_median,3691.0,DERIVED,2026-08-19T21:47:49.086150+00:00
STGF286,Grand Seiko,MARK,engine_median,3163.72,DERIVED,2026-08-19T21:47:49.086150+00:00
STGF303,Grand Seiko,MARK,engine_median,5144.26,DERIVED,2026-08-13T12:05:36.604874+00:00
STGF313J,Grand Seiko,MARK,engine_median,115.75,DERIVED,2026-08-13T12:05:36.604874+00:00
STGF317J,Grand Seiko,MARK,engine_median,25.14,DERIVED,2026-08-13T12:05:36.604874+00:00
STGF329J,Grand Seiko,MARK,engine_median,52.61,DERIVED,2026-08-13T12:05:36.604874+00:00
STGF336J,Grand Seiko,MARK,engine_median,29.23,DERIVED,2026-08-13T12:05:36.604874+00:00
STGF339J,Grand Seiko,MARK,engine_median,103.47,DERIVED,2026-08-13T12:05:36.604874+00:00
STGF345J,Grand Seiko,MARK,engine_median,83.01,DERIVED,2026-08-13T12:05:36.604874+00:00
STGF347J,Grand Seiko,MARK,engine_median,4851.04,DERIVED,2026-08-19T21:47:49.086150+00:00
STGF349J,Grand Seiko,MARK,engine_median,4851.04,DERIVED,2026-08-19T21:47:49.086150+00:00
STGF355J,Grand Seiko,MARK,engine_median,21.63,DERIVED,2026-08-13T12:05:36.604874+00:00
STGF355J,Grand Seiko,MARK,engine_median,206.36,DERIVED,2026-08-13T22:07:35.994213+00:00
STGF355J,Grand Seiko,MARK,engine_median,21.63,DERIVED,2026-08-15T21:41:53.174601+00:00
STGF359,Grand Seiko,MARK,manual_check,2080.0,VERIFIED,2026-08-09
STGF359,Grand Seiko,MARK,engine_median,2418.0,DERIVED,2026-08-13T12:05:36.604874+00:00
STGF371,Grand Seiko,MARK,engine_median,2315.5,DERIVED,2026-08-13T12:05:36.604874+00:00
STGF373,Grand Seiko,MARK,engine_median,2056.42,DERIVED,2026-08-19T21:47:49.086150+00:00
STGF374J,Grand Seiko,MARK,engine_median,3901.92,DERIVED,2026-08-19T21:47:49.086150+00:00
STGF375J,Grand Seiko,MARK,engine_median,2952.81,DERIVED,2026-08-19T21:47:49.086150+00:00
STGF379J,Grand Seiko,MARK,engine_median,4956.49,DERIVED,2026-08-19T21:47:49.086150+00:00
STGF381J,Grand Seiko,MARK,engine_median,2478.25,DERIVED,2026-08-19T21:47:49.086150+00:00
STGF383,Grand Seiko,MARK,engine_median,4165.56,DERIVED,2026-08-13T12:05:36.604874+00:00
STGF385,Grand Seiko,MARK,engine_median,5673.0,DERIVED,2026-08-13T12:05:36.604874+00:00
STGF385G,Grand Seiko,MARK,engine_median,3954.65,DERIVED,2026-08-19T21:47:49.086150+00:00
STGF387,Grand Seiko,MARK,engine_median,3906.0,DERIVED,2026-08-13T12:05:36.604874+00:00
STGF389,Grand Seiko,MARK,engine_median,3906.0,DERIVED,2026-08-13T12:05:36.604874+00:00
STGK007,Grand Seiko,MARK,engine_median,3849.2,DERIVED,2026-08-19T21:47:49.086150+00:00
STGK009,Grand Seiko,MARK,engine_median,3585.55,DERIVED,2026-08-19T21:47:49.086150+00:00
STGK009G,Grand Seiko,MARK,engine_median,96.45,DERIVED,2026-08-13T12:05:36.604874+00:00
STGK011G,Grand Seiko,MARK,engine_median,103.47,DERIVED,2026-08-13T12:05:36.604874+00:00
STGK013,Grand Seiko,MARK,engine_median,7434.74,DERIVED,2026-08-19T21:47:49.086150+00:00
STGK015,Grand Seiko,MARK,engine_median,4267.4,DERIVED,2026-08-13T12:05:36.604874+00:00
STGK019,Grand Seiko,MARK,engine_median,7635.72,DERIVED,2026-08-19T21:47:49.086150+00:00
STGK021,Grand Seiko,MARK,engine_median,9300.0,DERIVED,2026-08-13T12:05:36.604874+00:00
STGK021,Grand Seiko,MARK,engine_median,6274.71,DERIVED,2026-08-19T21:47:49.086150+00:00
STGK021,Grand Seiko,MARK,engine_median,9300.0,DERIVED,2026-08-20T04:37:33.725646+00:00
STGK021,Grand Seiko,MARK,engine_median,6274.71,DERIVED,2026-08-21T21:45:15.687735+00:00
STGK023,Grand Seiko,MARK,engine_median,5766.0,DERIVED,2026-08-13T12:05:36.604874+00:00
STGK031,Grand Seiko,MARK,engine_median,6138.0,DERIVED,2026-08-13T12:05:36.604874+00:00
STGK033,Grand Seiko,MARK,engine_median,6138.0,DERIVED,2026-08-13T12:05:36.604874+00:00
STGS007,Grand Seiko,MARK,engine_median,39.16,DERIVED,2026-08-13T12:05:36.604874+00:00
STPR018J,Grand Seiko,MARK,engine_median,39.16,DERIVED,2026-08-13T12:05:36.604874+00:00
STPR025,Grand Seiko,MARK,engine_median,18.13,DERIVED,2026-08-13T12:05:36.604874+00:00
STPR031J,Grand Seiko,MARK,engine_median,18.7,DERIVED,2026-08-13T12:05:36.604874+00:00
STPR053G,Grand Seiko,MARK,engine_median,20.46,DERIVED,2026-08-13T12:05:36.604874+00:00
STPR058,Grand Seiko,MARK,engine_median,20.46,DERIVED,2026-08-13T12:05:36.604874+00:00
STPR060,Grand Seiko,MARK,engine_median,20.46,DERIVED,2026-08-13T12:05:36.604874+00:00
STPR062,Grand Seiko,MARK,engine_median,21.63,DERIVED,2026-08-13T12:05:36.604874+00:00
STPR065,Grand Seiko,MARK,engine_median,20.46,DERIVED,2026-08-13T12:05:36.604874+00:00
STPR076,Grand Seiko,MARK,engine_median,20.46,DERIVED,2026-08-13T12:05:36.604874+00:00
STPS013,Grand Seiko,MARK,engine_median,39.16,DERIVED,2026-08-13T12:05:36.604874+00:00
STPS017J,Grand Seiko,MARK,engine_median,18.13,DERIVED,2026-08-13T12:05:36.604874+00:00
STPS023,Grand Seiko,MARK,engine_median,18.7,DERIVED,2026-08-13T12:05:36.604874+00:00
STPS027,Grand Seiko,MARK,engine_median,18.7,DERIVED,2026-08-13T12:05:36.604874+00:00
STPS029,Grand Seiko,MARK,engine_median,39.16,DERIVED,2026-08-13T12:05:36.604874+00:00
STPS031,Grand Seiko,MARK,engine_median,18.7,DERIVED,2026-08-13T12:05:36.604874+00:00
STPS043,Grand Seiko,MARK,engine_median,19.29,DERIVED,2026-08-13T12:05:36.604874+00:00
STPS060,Grand Seiko,MARK,engine_median,20.46,DERIVED,2026-08-13T12:05:36.604874+00:00
STPS074,Grand Seiko,MARK,engine_median,83.01,DERIVED,2026-08-13T12:05:36.604874+00:00
STPT024,Grand Seiko,MARK,engine_median,39.16,DERIVED,2026-08-13T12:05:36.604874+00:00
STPT037,Grand Seiko,MARK,engine_median,18.7,DERIVED,2026-08-13T12:05:36.604874+00:00
STPX011,Grand Seiko,MARK,engine_median,18.7,DERIVED,2026-08-13T12:05:36.604874+00:00
STPX013,Grand Seiko,MARK,engine_median,18.7,DERIVED,2026-08-13T12:05:36.604874+00:00
STPX014,Grand Seiko,MARK,engine_median,18.7,DERIVED,2026-08-13T12:05:36.604874+00:00
STPX016,Grand Seiko,MARK,engine_median,18.13,DERIVED,2026-08-13T12:05:36.604874+00:00
STPX023J,Grand Seiko,MARK,engine_median,25.72,DERIVED,2026-08-13T12:05:36.604874+00:00
STPX031J,Grand Seiko,MARK,engine_median,18.7,DERIVED,2026-08-13T12:05:36.604874+00:00
STPX041J,Grand Seiko,MARK,engine_median,19.29,DERIVED,2026-08-13T12:05:36.604874+00:00
STPX047J,Grand Seiko,MARK,engine_median,18.7,DERIVED,2026-08-13T12:05:36.604874+00:00
STPX069,Grand Seiko,MARK,engine_median,20.46,DERIVED,2026-08-13T12:05:36.604874+00:00
STPX093,Grand Seiko,MARK,engine_median,39.16,DERIVED,2026-08-13T12:05:36.604874+00:00
STPX096,Grand Seiko,MARK,engine_median,88.85,DERIVED,2026-08-13T12:05:36.604874+00:00
STPX099J,Grand Seiko,MARK,engine_median,22.22,DERIVED,2026-08-13T12:05:36.604874+00:00
STPX103,Grand Seiko,MARK,engine_median,29.23,DERIVED,2026-08-13T12:05:36.604874+00:00
STPX104,Grand Seiko,MARK,engine_median,56.12,DERIVED,2026-08-13T12:05:36.604874+00:00
STPX105,Grand Seiko,MARK,engine_median,57.29,DERIVED,2026-08-13T12:05:36.604874+00:00
STQK011J,Grand Seiko,MARK,engine_median,21.05,DERIVED,2026-08-13T12:05:36.604874+00:00
STRS001,Grand Seiko,MARK,engine_median,21.05,DERIVED,2026-08-13T12:05:36.604874+00:00
STTB036,Grand Seiko,MARK,engine_median,18.7,DERIVED,2026-08-13T12:05:36.604874+00:00
STXD002J,Grand Seiko,MARK,engine_median,91.2,DERIVED,2026-08-13T12:05:36.604874+00:00
STXD004J,Grand Seiko,MARK,engine_median,130.94,DERIVED,2026-08-13T12:05:36.604874+00:00
STXD007,Grand Seiko,MARK,engine_median,75.99,DERIVED,2026-08-13T12:05:36.604874+00:00
STXD011,Grand Seiko,MARK,engine_median,144.98,DERIVED,2026-08-13T12:05:36.604874+00:00
SUR394,Grand Seiko,MARK,engine_median,348.75,DERIVED,2026-08-13T12:05:36.604874+00:00
SUR579,Grand Seiko,MARK,engine_median,488.25,DERIVED,2026-08-13T12:05:36.604874+00:00
SUR581,Grand Seiko,MARK,engine_median,478.95,DERIVED,2026-08-13T12:05:36.604874+00:00
SUR582,Grand Seiko,MARK,engine_median,525.45,DERIVED,2026-08-13T12:05:36.604874+00:00
SUR595,Grand Seiko,MARK,engine_median,739.35,DERIVED,2026-08-13T12:05:36.604874+00:00
SUR597,Grand Seiko,MARK,engine_median,739.35,DERIVED,2026-08-13T12:05:36.604874+00:00
SUR604,Grand Seiko,MARK,engine_median,488.25,DERIVED,2026-08-13T12:05:36.604874+00:00
SUR605,Grand Seiko,MARK,engine_median,739.35,DERIVED,2026-08-13T12:05:36.604874+00:00
SUR607,Grand Seiko,MARK,engine_median,739.35,DERIVED,2026-08-13T12:05:36.604874+00:00
SUR608,Grand Seiko,MARK,engine_median,813.75,DERIVED,2026-08-13T12:05:36.604874+00:00
SUR618,Grand Seiko,MARK,engine_median,1069.5,DERIVED,2026-08-13T12:05:36.604874+00:00
SUR620,Grand Seiko,MARK,engine_median,1069.5,DERIVED,2026-08-13T12:05:36.604874+00:00
SUR622,Grand Seiko,MARK,engine_median,2743.5,DERIVED,2026-08-13T12:05:36.604874+00:00
SVAB003,Grand Seiko,MARK,engine_median,21.05,DERIVED,2026-08-13T12:05:36.604874+00:00
SVAE001,Grand Seiko,MARK,engine_median,18.7,DERIVED,2026-08-13T12:05:36.604874+00:00
SVAE007,Grand Seiko,MARK,engine_median,21.05,DERIVED,2026-08-13T12:05:36.604874+00:00
SVAE101J,Grand Seiko,MARK,engine_median,21.05,DERIVED,2026-08-13T12:05:36.604874+00:00
SVAF001,Grand Seiko,MARK,engine_median,28.06,DERIVED,2026-08-13T12:05:36.604874+00:00
SVAG101J,Grand Seiko,MARK,engine_median,32.74,DERIVED,2026-08-13T12:05:36.604874+00:00
SVAS007,Grand Seiko,MARK,engine_median,18.7,DERIVED,2026-08-13T12:05:36.604874+00:00
SVAX001,Grand Seiko,MARK,engine_median,21.05,DERIVED,2026-08-13T12:05:36.604874+00:00
SVAZ001J,Grand Seiko,MARK,engine_median,18.7,DERIVED,2026-08-13T12:05:36.604874+00:00
SVBR001J,Grand Seiko,MARK,engine_median,21.05,DERIVED,2026-08-13T12:05:36.604874+00:00
SVBR005J,Grand Seiko,MARK,engine_median,47.35,DERIVED,2026-08-13T12:05:36.604874+00:00
SVBR007,Grand Seiko,MARK,engine_median,52.61,DERIVED,2026-08-13T12:05:36.604874+00:00
SWCP001,Grand Seiko,MARK,engine_median,18.7,DERIVED,2026-08-13T12:05:36.604874+00:00
SWCP003,Grand Seiko,MARK,engine_median,26.89,DERIVED,2026-08-13T12:05:36.604874+00:00
SWCP007J,Grand Seiko,MARK,engine_median,92.36,DERIVED,2026-08-13T12:05:36.604874+00:00
SWCP009J,Grand Seiko,MARK,engine_median,15.78,DERIVED,2026-08-13T12:05:36.604874+00:00
SWCP009J,Grand Seiko,MARK,engine_median,54.95,DERIVED,2026-08-13T22:07:35.994213+00:00
SWCP009J,Grand Seiko,MARK,engine_median,15.78,DERIVED,2026-08-15T21:41:53.174601+00:00
SWCQ021,Grand Seiko,MARK,engine_median,114.58,DERIVED,2026-08-13T12:05:36.604874+00:00
SWCQ024J,Grand Seiko,MARK,engine_median,43.25,DERIVED,2026-08-13T12:05:36.604874+00:00
SWCQ031J,Grand Seiko,MARK,engine_median,18.13,DERIVED,2026-08-13T12:05:36.604874+00:00
SWCQ047,Grand Seiko,MARK,engine_median,520.68,DERIVED,2026-08-13T12:05:36.604874+00:00
SWCQ051J,Grand Seiko,MARK,engine_median,67.81,DERIVED,2026-08-13T12:05:36.604874+00:00
SWCQ091J,Grand Seiko,MARK,engine_median,47.35,DERIVED,2026-08-13T12:05:36.604874+00:00
SWCW001,Grand Seiko,MARK,engine_median,25.72,DERIVED,2026-08-13T12:05:36.604874+00:00
SWCW008J,Grand Seiko,MARK,engine_median,254.29,DERIVED,2026-08-13T12:05:36.604874+00:00
SWCW009,Grand Seiko,MARK,engine_median,20.46,DERIVED,2026-08-13T12:05:36.604874+00:00
SWCW013,Grand Seiko,MARK,engine_median,79.51,DERIVED,2026-08-13T12:05:36.604874+00:00
SWCW020,Grand Seiko,MARK,engine_median,330.28,DERIVED,2026-08-13T12:05:36.604874+00:00
SWCW026,Grand Seiko,MARK,engine_median,22.22,DERIVED,2026-08-13T12:05:36.604874+00:00
SWCW031,Grand Seiko,MARK,engine_median,279.43,DERIVED,2026-08-13T12:05:36.604874+00:00
SWCW036,Grand Seiko,MARK,engine_median,126.85,DERIVED,2026-08-13T12:05:36.604874+00:00
SWCW037,Grand Seiko,MARK,engine_median,91.78,DERIVED,2026-08-13T12:05:36.604874+00:00
SWCW038,Grand Seiko,MARK,engine_median,93.53,DERIVED,2026-08-13T12:05:36.604874+00:00
SWCW040,Grand Seiko,MARK,engine_median,101.71,DERIVED,2026-08-13T12:05:36.604874+00:00
SWCW043,Grand Seiko,MARK,engine_median,114.58,DERIVED,2026-08-13T12:05:36.604874+00:00
SWCW045,Grand Seiko,MARK,engine_median,114.58,DERIVED,2026-08-13T12:05:36.604874+00:00
SWCW056,Grand Seiko,MARK,engine_median,130.36,DERIVED,2026-08-13T12:05:36.604874+00:00
SWCW060,Grand Seiko,MARK,engine_median,151.99,DERIVED,2026-08-13T12:05:36.604874+00:00
SWCW063,Grand Seiko,MARK,engine_median,125.1,DERIVED,2026-08-13T12:05:36.604874+00:00
SWCW071,Grand Seiko,MARK,engine_median,40.33,DERIVED,2026-08-13T12:05:36.604874+00:00
SWCW073,Grand Seiko,MARK,engine_median,46.77,DERIVED,2026-08-13T12:05:36.604874+00:00
SWCW074,Grand Seiko,MARK,engine_median,249.61,DERIVED,2026-08-13T12:05:36.604874+00:00
SWCW079,Grand Seiko,MARK,engine_median,92.36,DERIVED,2026-08-13T12:05:36.604874+00:00
SWCW082,Grand Seiko,MARK,engine_median,118.08,DERIVED,2026-08-13T12:05:36.604874+00:00
SWCW083,Grand Seiko,MARK,engine_median,58.46,DERIVED,2026-08-13T12:05:36.604874+00:00
SWCW085,Grand Seiko,MARK,engine_median,559.44,DERIVED,2026-08-13T12:05:36.604874+00:00
SWCW086,Grand Seiko,MARK,engine_median,20.46,DERIVED,2026-08-13T12:05:36.604874+00:00
SWCW087,Grand Seiko,MARK,engine_median,134.45,DERIVED,2026-08-13T12:05:36.604874+00:00
SWCW100J,Grand Seiko,MARK,engine_median,111.07,DERIVED,2026-08-13T12:05:36.604874+00:00
SWCW108,Grand Seiko,MARK,engine_median,26.31,DERIVED,2026-08-13T12:05:36.604874+00:00
SWCW114J,Grand Seiko,MARK,engine_median,30.4,DERIVED,2026-08-13T12:05:36.604874+00:00
SWCW117,Grand Seiko,MARK,engine_median,431.19,DERIVED,2026-08-13T12:05:36.604874+00:00
SWCW121,Grand Seiko,MARK,engine_median,81.25,DERIVED,2026-08-13T12:05:36.604874+00:00
SWCW124,Grand Seiko,MARK,engine_median,90.02,DERIVED,2026-08-13T12:05:36.604874+00:00
SWCW126,Grand Seiko,MARK,engine_median,83.6,DERIVED,2026-08-13T12:05:36.604874+00:00
SWCW131,Grand Seiko,MARK,engine_median,81.25,DERIVED,2026-08-13T12:05:36.604874+00:00
SWCW134,Grand Seiko,MARK,engine_median,91.78,DERIVED,2026-08-13T12:05:36.604874+00:00
SWCW135,Grand Seiko,MARK,engine_median,88.27,DERIVED,2026-08-13T12:05:36.604874+00:00
SWCW136,Grand Seiko,MARK,engine_median,93.53,DERIVED,2026-08-13T12:05:36.604874+00:00
SWCW138,Grand Seiko,MARK,engine_median,93.53,DERIVED,2026-08-13T12:05:36.604874+00:00
SWCW145,Grand Seiko,MARK,engine_median,520.68,DERIVED,2026-08-13T12:05:36.604874+00:00
SWCW161,Grand Seiko,MARK,engine_median,142.63,DERIVED,2026-08-13T12:05:36.604874+00:00
SWCW162,Grand Seiko,MARK,engine_median,675.51,DERIVED,2026-08-13T12:05:36.604874+00:00
SWDB057J,Grand Seiko,MARK,engine_median,16.37,DERIVED,2026-08-13T12:05:36.604874+00:00
SWDB071J,Grand Seiko,MARK,engine_median,16.37,DERIVED,2026-08-13T12:05:36.604874+00:00
SWDF023J,Grand Seiko,MARK,engine_median,22.79,DERIVED,2026-08-13T12:05:36.604874+00:00
SWDH055,Grand Seiko,MARK,engine_median,20.46,DERIVED,2026-08-13T12:05:36.604874+00:00
SWDJ002,Grand Seiko,MARK,engine_median,15.78,DERIVED,2026-08-13T12:05:36.604874+00:00
SWDL117J,Grand Seiko,MARK,engine_median,16.37,DERIVED,2026-08-13T12:05:36.604874+00:00
SWDL130,Grand Seiko,MARK,engine_median,18.7,DERIVED,2026-08-13T12:05:36.604874+00:00
SWDL147J,Grand Seiko,MARK,engine_median,39.16,DERIVED,2026-08-13T12:05:36.604874+00:00
SWDL155J,Grand Seiko,MARK,engine_median,21.63,DERIVED,2026-08-13T12:05:36.604874+00:00
SWDQ003J,Grand Seiko,MARK,engine_median,18.7,DERIVED,2026-08-13T12:05:36.604874+00:00
SWDQ004J,Grand Seiko,MARK,engine_median,12.86,DERIVED,2026-08-13T12:05:36.604874+00:00
SWDT001,Grand Seiko,MARK,engine_median,22.22,DERIVED,2026-08-13T12:05:36.604874+00:00
SWDT007,Grand Seiko,MARK,engine_median,16.37,DERIVED,2026-08-13T12:05:36.604874+00:00
SWDT020,Grand Seiko,MARK,engine_median,58.46,DERIVED,2026-08-13T12:05:36.604874+00:00
SWDX099J,Grand Seiko,MARK,engine_median,18.7,DERIVED,2026-08-13T12:05:36.604874+00:00
SWDX137J,Grand Seiko,MARK,engine_median,18.13,DERIVED,2026-08-13T12:05:36.604874+00:00
SWDX149,Grand Seiko,MARK,engine_median,144.98,DERIVED,2026-08-13T12:05:36.604874+00:00
SWDZ043,Grand Seiko,MARK,engine_median,122.76,DERIVED,2026-08-13T12:05:36.604874+00:00
SWFA025J,Grand Seiko,MARK,engine_median,18.13,DERIVED,2026-08-13T12:05:36.604874+00:00
SWFA029J,Grand Seiko,MARK,engine_median,21.63,DERIVED,2026-08-13T12:05:36.604874+00:00
SWFA030J,Grand Seiko,MARK,engine_median,39.16,DERIVED,2026-08-13T12:05:36.604874+00:00
SWFA035J,Grand Seiko,MARK,engine_median,39.16,DERIVED,2026-08-13T12:05:36.604874+00:00
SWFA037J,Grand Seiko,MARK,engine_median,23.38,DERIVED,2026-08-13T12:05:36.604874+00:00
SWFA044J,Grand Seiko,MARK,engine_median,43.25,DERIVED,2026-08-13T12:05:36.604874+00:00
SWFA085J,Grand Seiko,MARK,engine_median,20.46,DERIVED,2026-08-13T12:05:36.604874+00:00
SWFA123,Grand Seiko,MARK,engine_median,39.16,DERIVED,2026-08-13T12:05:36.604874+00:00
SWFA125J,Grand Seiko,MARK,engine_median,26.31,DERIVED,2026-08-13T12:05:36.604874+00:00
SWFA133,Grand Seiko,MARK,engine_median,64.3,DERIVED,2026-08-13T12:05:36.604874+00:00
SWFA143J,Grand Seiko,MARK,engine_median,123.35,DERIVED,2026-08-13T12:05:36.604874+00:00
SWFA148J,Grand Seiko,MARK,engine_median,142.63,DERIVED,2026-08-13T12:05:36.604874+00:00
SWFA149J,Grand Seiko,MARK,engine_median,39.16,DERIVED,2026-08-13T12:05:36.604874+00:00
SWFA153J,Grand Seiko,MARK,engine_median,113.4,DERIVED,2026-08-13T12:05:36.604874+00:00
SWFA159J,Grand Seiko,MARK,engine_median,20.46,DERIVED,2026-08-13T12:05:36.604874+00:00
SWFA161J,Grand Seiko,MARK,engine_median,99.38,DERIVED,2026-08-13T12:05:36.604874+00:00
SWFA165,Grand Seiko,MARK,engine_median,76.78,DERIVED,2026-08-13T12:05:36.604874+00:00
SWFA165,Grand Seiko,MARK,engine_median,137.79,DERIVED,2026-08-16T06:20:51.808998+00:00
SWFA169J,Grand Seiko,MARK,engine_median,18.13,DERIVED,2026-08-13T12:05:36.604874+00:00
SWFA171J,Grand Seiko,MARK,engine_median,18.7,DERIVED,2026-08-13T12:05:36.604874+00:00
SWFA172J,Grand Seiko,MARK,engine_median,40.92,DERIVED,2026-08-13T12:05:36.604874+00:00
SWFA195,Grand Seiko,MARK,engine_median,64.3,DERIVED,2026-08-13T12:05:36.604874+00:00
SWFA196,Grand Seiko,MARK,engine_median,103.47,DERIVED,2026-08-13T12:05:36.604874+00:00
SWFA198,Grand Seiko,MARK,engine_median,135.04,DERIVED,2026-08-13T12:05:36.604874+00:00
SWFA202,Grand Seiko,MARK,engine_median,88.85,DERIVED,2026-08-13T12:05:36.604874+00:00
SWFA208,Grand Seiko,MARK,engine_median,25.72,DERIVED,2026-08-13T12:05:36.604874+00:00
SWFA212,Grand Seiko,MARK,engine_median,22.79,DERIVED,2026-08-13T12:05:36.604874+00:00
SWFH001J,Grand Seiko,MARK,engine_median,18.7,DERIVED,2026-08-13T12:05:36.604874+00:00
SWFH006J,Grand Seiko,MARK,engine_median,29.82,DERIVED,2026-08-13T12:05:36.604874+00:00
SWFH015J,Grand Seiko,MARK,engine_median,18.7,DERIVED,2026-08-13T12:05:36.604874+00:00
SWFH017J,Grand Seiko,MARK,engine_median,18.7,DERIVED,2026-08-13T12:05:36.604874+00:00
SWFH019,Grand Seiko,MARK,engine_median,338.46,DERIVED,2026-08-13T12:05:36.604874+00:00
SWFH023J,Grand Seiko,MARK,engine_median,20.46,DERIVED,2026-08-13T12:05:36.604874+00:00
SWFH024J,Grand Seiko,MARK,engine_median,28.64,DERIVED,2026-08-13T12:05:36.604874+00:00
SWFH033J,Grand Seiko,MARK,engine_median,20.46,DERIVED,2026-08-13T12:05:36.604874+00:00
SWFH037J,Grand Seiko,MARK,engine_median,134.45,DERIVED,2026-08-13T12:05:36.604874+00:00
SWFH038J,Grand Seiko,MARK,engine_median,39.16,DERIVED,2026-08-13T12:05:36.604874+00:00
SWFH043J,Grand Seiko,MARK,engine_median,20.46,DERIVED,2026-08-13T12:05:36.604874+00:00
SWFH044J,Grand Seiko,MARK,engine_median,115.16,DERIVED,2026-08-13T12:05:36.604874+00:00
SWFH049J,Grand Seiko,MARK,engine_median,88.85,DERIVED,2026-08-13T12:05:36.604874+00:00
SWFH050J,Grand Seiko,MARK,engine_median,20.46,DERIVED,2026-08-13T12:05:36.604874+00:00
SWFH051,Grand Seiko,MARK,engine_median,88.85,DERIVED,2026-08-13T12:05:36.604874+00:00
SWFH061J,Grand Seiko,MARK,engine_median,18.7,DERIVED,2026-08-13T12:05:36.604874+00:00
SWFH063J,Grand Seiko,MARK,engine_median,18.7,DERIVED,2026-08-13T12:05:36.604874+00:00
SWFH066,Grand Seiko,MARK,engine_median,20.46,DERIVED,2026-08-13T12:05:36.604874+00:00
SWFH069,Grand Seiko,MARK,engine_median,20.46,DERIVED,2026-08-13T12:05:36.604874+00:00
SWFH072J,Grand Seiko,MARK,engine_median,39.16,DERIVED,2026-08-13T12:05:36.604874+00:00
SWFH083J,Grand Seiko,MARK,engine_median,102.89,DERIVED,2026-08-13T12:05:36.604874+00:00
SWFH088,Grand Seiko,MARK,engine_median,58.46,DERIVED,2026-08-13T12:05:36.604874+00:00
SWFH112J,Grand Seiko,MARK,engine_median,20.46,DERIVED,2026-08-13T12:05:36.604874+00:00
SWFH114J,Grand Seiko,MARK,engine_median,20.46,DERIVED,2026-08-13T12:05:36.604874+00:00
SWFH119J,Grand Seiko,MARK,engine_median,20.46,DERIVED,2026-08-13T12:05:36.604874+00:00
SWFH126,Grand Seiko,MARK,engine_median,115.16,DERIVED,2026-08-13T12:05:36.604874+00:00
SWFH128,Grand Seiko,MARK,engine_median,115.16,DERIVED,2026-08-13T12:05:36.604874+00:00
SWFH134,Grand Seiko,MARK,engine_median,115.16,DERIVED,2026-08-13T12:05:36.604874+00:00
SWFH136,Grand Seiko,MARK,engine_median,115.16,DERIVED,2026-08-13T12:05:36.604874+00:00
SWFH137,Grand Seiko,MARK,engine_median,18.13,DERIVED,2026-08-13T12:05:36.604874+00:00
SWFH148,Grand Seiko,MARK,engine_median,113.4,DERIVED,2026-08-13T12:05:36.604874+00:00
SWFJ003J,Grand Seiko,MARK,engine_median,25.72,DERIVED,2026-08-13T12:05:36.604874+00:00
SWFJ007J,Grand Seiko,MARK,engine_median,24.55,DERIVED,2026-08-13T12:05:36.604874+00:00
SWFT008J,Grand Seiko,MARK,engine_median,39.16,DERIVED,2026-08-13T12:05:36.604874+00:00
SWFT011,Grand Seiko,MARK,engine_median,20.46,DERIVED,2026-08-13T12:05:36.604874+00:00
SWFT013J,Grand Seiko,MARK,engine_median,20.46,DERIVED,2026-08-13T12:05:36.604874+00:00
SWFZ029,Grand Seiko,MARK,engine_median,21.05,DERIVED,2026-08-13T12:05:36.604874+00:00
SWPX008J,Grand Seiko,MARK,engine_median,102.89,DERIVED,2026-08-13T12:05:36.604874+00:00
SWQQ005,Grand Seiko,MARK,engine_median,40.92,DERIVED,2026-08-13T12:05:36.604874+00:00
SWQQ006,Grand Seiko,MARK,engine_median,40.92,DERIVED,2026-08-13T12:05:36.604874+00:00
SZEC015,Grand Seiko,MARK,engine_median,45.01,DERIVED,2026-08-13T12:05:36.604874+00:00
SZEC017,Grand Seiko,MARK,engine_median,35.07,DERIVED,2026-08-13T12:05:36.604874+00:00
SZEC023,Grand Seiko,MARK,engine_median,77.16,DERIVED,2026-08-13T12:05:36.604874+00:00
SZEC027,Grand Seiko,MARK,engine_median,36.24,DERIVED,2026-08-13T12:05:36.604874+00:00
SZEC035,Grand Seiko,MARK,engine_median,48.52,DERIVED,2026-08-13T12:05:36.604874+00:00
SZEC040,Grand Seiko,MARK,engine_median,140.3,DERIVED,2026-08-13T12:05:36.604874+00:00
SZEL014,Grand Seiko,MARK,engine_median,52.02,DERIVED,2026-08-13T12:05:36.604874+00:00
SZER017,Grand Seiko,MARK,engine_median,18.7,DERIVED,2026-08-13T12:05:36.604874+00:00
SZER034,Grand Seiko,MARK,engine_median,39.16,DERIVED,2026-08-13T12:05:36.604874+00:00
SZER035,Grand Seiko,MARK,engine_median,51.44,DERIVED,2026-08-13T12:05:36.604874+00:00
SZER045,Grand Seiko,MARK,engine_median,54.37,DERIVED,2026-08-13T12:05:36.604874+00:00
SZER048,Grand Seiko,MARK,engine_median,18.7,DERIVED,2026-08-13T12:05:36.604874+00:00
SZER050,Grand Seiko,MARK,engine_median,127.44,DERIVED,2026-08-13T12:05:36.604874+00:00
SZER054,Grand Seiko,MARK,engine_median,127.44,DERIVED,2026-08-13T12:05:36.604874+00:00
SZER055,Grand Seiko,MARK,engine_median,90.02,DERIVED,2026-08-13T12:05:36.604874+00:00
SZER056,Grand Seiko,MARK,engine_median,88.85,DERIVED,2026-08-13T12:05:36.604874+00:00
SZER057,Grand Seiko,MARK,engine_median,127.44,DERIVED,2026-08-13T12:05:36.604874+00:00
SZER063,Grand Seiko,MARK,engine_median,43.25,DERIVED,2026-08-13T12:05:36.604874+00:00
SZER066,Grand Seiko,MARK,engine_median,127.44,DERIVED,2026-08-13T12:05:36.604874+00:00
SZER067,Grand Seiko,MARK,engine_median,191.15,DERIVED,2026-08-13T12:05:36.604874+00:00
SZER068,Grand Seiko,MARK,engine_median,102.3,DERIVED,2026-08-13T12:05:36.604874+00:00
SZER070,Grand Seiko,MARK,engine_median,115.16,DERIVED,2026-08-13T12:05:36.604874+00:00
SZER071,Grand Seiko,MARK,engine_median,115.16,DERIVED,2026-08-13T12:05:36.604874+00:00
SZER072,Grand Seiko,MARK,engine_median,203.43,DERIVED,2026-08-13T12:05:36.604874+00:00
SZER075,Grand Seiko,MARK,engine_median,34.49,DERIVED,2026-08-13T12:05:36.604874+00:00
SZER085,Grand Seiko,MARK,engine_median,127.44,DERIVED,2026-08-13T12:05:36.604874+00:00
SZER086,Grand Seiko,MARK,engine_median,140.3,DERIVED,2026-08-13T12:05:36.604874+00:00
SZER087,Grand Seiko,MARK,engine_median,140.3,DERIVED,2026-08-13T12:05:36.604874+00:00
SZER088,Grand Seiko,MARK,engine_median,216.29,DERIVED,2026-08-13T12:05:36.604874+00:00
SZER092,Grand Seiko,MARK,engine_median,115.16,DERIVED,2026-08-13T12:05:36.604874+00:00
SZER094,Grand Seiko,MARK,engine_median,46.77,DERIVED,2026-08-13T12:05:36.604874+00:00
SZER099,Grand Seiko,MARK,engine_median,140.3,DERIVED,2026-08-13T12:05:36.604874+00:00
SZER108,Grand Seiko,MARK,engine_median,102.89,DERIVED,2026-08-13T12:05:36.604874+00:00
SZER109,Grand Seiko,MARK,engine_median,113.4,DERIVED,2026-08-13T12:05:36.604874+00:00
SZER110,Grand Seiko,MARK,engine_median,19.87,DERIVED,2026-08-13T12:05:36.604874+00:00
SZER118,Grand Seiko,MARK,engine_median,17.54,DERIVED,2026-08-13T12:05:36.604874+00:00
SZET003,Grand Seiko,MARK,engine_median,102.89,DERIVED,2026-08-13T12:05:36.604874+00:00
SZEV009,Grand Seiko,MARK,engine_median,140.3,DERIVED,2026-08-13T12:05:36.604874+00:00
SZEV011,Grand Seiko,MARK,engine_median,19.87,DERIVED,2026-08-13T12:05:36.604874+00:00
SZEV014,Grand Seiko,MARK,engine_median,33.91,DERIVED,2026-08-13T12:05:36.604874+00:00
SZEV017,Grand Seiko,MARK,engine_median,249.61,DERIVED,2026-08-13T12:05:36.604874+00:00
SZEZ001,Grand Seiko,MARK,engine_median,39.16,DERIVED,2026-08-13T12:05:36.604874+00:00
SZFG002,Grand Seiko,MARK,engine_median,61.97,DERIVED,2026-08-13T12:05:36.604874+00:00
SZGM002,Grand Seiko,MARK,engine_median,206.94,DERIVED,2026-08-13T12:05:36.604874+00:00
SZLJ169,Grand Seiko,MARK,engine_median,20.46,DERIVED,2026-08-13T12:05:36.604874+00:00
SZLJ181,Grand Seiko,MARK,engine_median,42.09,DERIVED,2026-08-13T12:05:36.604874+00:00
SZLJ183,Grand Seiko,MARK,engine_median,54.37,DERIVED,2026-08-13T12:05:36.604874+00:00
SZLJ185,Grand Seiko,MARK,engine_median,34.49,DERIVED,2026-08-13T12:05:36.604874+00:00
SZLJ187,Grand Seiko,MARK,engine_median,45.01,DERIVED,2026-08-13T12:05:36.604874+00:00
SZLJ188,Grand Seiko,MARK,engine_median,166.6,DERIVED,2026-08-13T12:05:36.604874+00:00
SZLJ191,Grand Seiko,MARK,engine_median,25.72,DERIVED,2026-08-13T12:05:36.604874+00:00
SZLJ192,Grand Seiko,MARK,engine_median,38.0,DERIVED,2026-08-13T12:05:36.604874+00:00
SZLJ200,Grand Seiko,MARK,engine_median,55.53,DERIVED,2026-08-13T12:05:36.604874+00:00
SZLJ202,Grand Seiko,MARK,engine_median,72.48,DERIVED,2026-08-13T12:05:36.604874+00:00
SZLJ203,Grand Seiko,MARK,engine_median,88.85,DERIVED,2026-08-13T12:05:36.604874+00:00
SZLJ206,Grand Seiko,MARK,engine_median,48.52,DERIVED,2026-08-13T12:05:36.604874+00:00
SZLJ215,Grand Seiko,MARK,engine_median,50.28,DERIVED,2026-08-13T12:05:36.604874+00:00
SZLJ228,Grand Seiko,MARK,engine_median,54.37,DERIVED,2026-08-13T12:05:36.604874+00:00
SZLJ234,Grand Seiko,MARK,engine_median,48.52,DERIVED,2026-08-13T12:05:36.604874+00:00
SZLJ235,Grand Seiko,MARK,engine_median,52.61,DERIVED,2026-08-13T12:05:36.604874+00:00
SZLJ240,Grand Seiko,MARK,engine_median,75.41,DERIVED,2026-08-13T12:05:36.604874+00:00
SZLJ241,Grand Seiko,MARK,engine_median,59.05,DERIVED,2026-08-13T12:05:36.604874+00:00
SZLJ242,Grand Seiko,MARK,engine_median,68.98,DERIVED,2026-08-13T12:05:36.604874+00:00
SZLJ246,Grand Seiko,MARK,engine_median,64.89,DERIVED,2026-08-13T12:05:36.604874+00:00
SZLJ250,Grand Seiko,MARK,engine_median,63.14,DERIVED,2026-08-13T12:05:36.604874+00:00
SZLJ251,Grand Seiko,MARK,engine_median,102.89,DERIVED,2026-08-13T12:05:36.604874+00:00
SZLJ262,Grand Seiko,MARK,engine_median,19.87,DERIVED,2026-08-13T12:05:36.604874+00:00
SZLJ267,Grand Seiko,MARK,engine_median,67.81,DERIVED,2026-08-13T12:05:36.604874+00:00
SZLJ271,Grand Seiko,MARK,engine_median,43.25,DERIVED,2026-08-13T12:05:36.604874+00:00
SZPH019,Grand Seiko,MARK,engine_median,102.89,DERIVED,2026-08-13T12:05:36.604874+00:00
SZPH021,Grand Seiko,MARK,engine_median,127.44,DERIVED,2026-08-13T12:05:36.604874+00:00
SZPH022,Grand Seiko,MARK,engine_median,57.29,DERIVED,2026-08-13T12:05:36.604874+00:00
SZPH029,Grand Seiko,MARK,engine_median,88.85,DERIVED,2026-08-13T12:05:36.604874+00:00
SZPH030,Grand Seiko,MARK,engine_median,121.59,DERIVED,2026-08-13T12:05:36.604874+00:00
SZPH031,Grand Seiko,MARK,engine_median,68.98,DERIVED,2026-08-13T12:05:36.604874+00:00
SZPH033,Grand Seiko,MARK,engine_median,68.98,DERIVED,2026-08-13T12:05:36.604874+00:00
SZPW083,Grand Seiko,MARK,engine_median,140.3,DERIVED,2026-08-13T12:05:36.604874+00:00
SZPW085,Grand Seiko,MARK,engine_median,126.27,DERIVED,2026-08-13T12:05:36.604874+00:00
SZPW088,Grand Seiko,MARK,engine_median,145.56,DERIVED,2026-08-13T12:05:36.604874+00:00
SZPW090,Grand Seiko,MARK,engine_median,64.89,DERIVED,2026-08-13T12:05:36.604874+00:00
SZPW093,Grand Seiko,MARK,engine_median,140.3,DERIVED,2026-08-13T12:05:36.604874+00:00
SZPW096,Grand Seiko,MARK,engine_median,50.86,DERIVED,2026-08-13T12:05:36.604874+00:00
SZPW105,Grand Seiko,MARK,engine_median,70.74,DERIVED,2026-08-13T12:05:36.604874+00:00
SZPW106,Grand Seiko,MARK,engine_median,17.54,DERIVED,2026-08-13T12:05:36.604874+00:00
SZQV011,Grand Seiko,MARK,engine_median,77.16,DERIVED,2026-08-13T12:05:36.604874+00:00
SZQV012,Grand Seiko,MARK,engine_median,77.16,DERIVED,2026-08-13T12:05:36.604874+00:00
SZQV013,Grand Seiko,MARK,engine_median,48.52,DERIVED,2026-08-13T12:05:36.604874+00:00
SZQV016,Grand Seiko,MARK,engine_median,19.87,DERIVED,2026-08-13T12:05:36.604874+00:00
SZQV022,Grand Seiko,MARK,engine_median,140.3,DERIVED,2026-08-13T12:05:36.604874+00:00
SZQV030,Grand Seiko,MARK,engine_median,68.98,DERIVED,2026-08-13T12:05:36.604874+00:00
SZQV033,Grand Seiko,MARK,engine_median,52.02,DERIVED,2026-08-13T12:05:36.604874+00:00
SZSB017J,Grand Seiko,MARK,engine_median,173.04,DERIVED,2026-08-13T12:05:36.604874+00:00
SZSB018J,Grand Seiko,MARK,engine_median,173.04,DERIVED,2026-08-13T12:05:36.604874+00:00
SZSB024,Grand Seiko,MARK,engine_median,165.44,DERIVED,2026-08-13T12:05:36.604874+00:00
SZSB030,Grand Seiko,MARK,engine_median,260.14,DERIVED,2026-08-13T12:05:36.604874+00:00
SZSB033,Grand Seiko,MARK,engine_median,157.84,DERIVED,2026-08-13T12:05:36.604874+00:00
SZSF002,Grand Seiko,MARK,engine_median,145.56,DERIVED,2026-08-13T12:05:36.604874+00:00
SZSF006,Grand Seiko,MARK,engine_median,138.54,DERIVED,2026-08-13T12:05:36.604874+00:00
SZSF007,Grand Seiko,MARK,engine_median,115.75,DERIVED,2026-08-13T12:05:36.604874+00:00
SZSF008,Grand Seiko,MARK,engine_median,115.75,DERIVED,2026-08-13T12:05:36.604874+00:00
SZSF009,Grand Seiko,MARK,engine_median,115.75,DERIVED,2026-08-13T12:05:36.604874+00:00
SZSF010,Grand Seiko,MARK,engine_median,118.67,DERIVED,2026-08-13T12:05:36.604874+00:00
SZTR007,Grand Seiko,MARK,engine_median,64.3,DERIVED,2026-08-13T12:05:36.604874+00:00
SZTR012,Grand Seiko,MARK,engine_median,29.23,DERIVED,2026-08-13T12:05:36.604874+00:00
SZTR014,Grand Seiko,MARK,engine_median,279.43,DERIVED,2026-08-13T12:05:36.604874+00:00
TRANSAMGG,Franck Muller,MSRP,watchbase,7200.0,VERIFIED,2026-08-13T12:05:36+00:00
U10340,Breitling,MARK,manual_check,4714.0,VERIFIED,2026-08-09
U10380101A1U1,Breitling,MARK,engine_median,4170.98,DERIVED,2026-08-13T12:05:36.604874+00:00
U17327211A1U1,Breitling,MARK,engine_median,465.0,DERIVED,2026-08-13T12:05:36.604874+00:00
U17356,Breitling,MARK,manual_check,8113.0,VERIFIED,2026-08-09
U17356531L1P1,Breitling,MARK,engine_median,465.0,DERIVED,2026-08-13T12:05:36.604874+00:00
U17356531L1U1,Breitling,MARK,engine_median,14740.5,DERIVED,2026-08-13T12:05:36.604874+00:00
U17375,Breitling,MARK,manual_check,4737.0,VERIFIED,2026-08-09
U77310,Breitling,MARK,manual_check,4446.0,VERIFIED,2026-08-09
U77310591A1U1,Breitling,MARK,engine_median,4728.6,DERIVED,2026-08-13T12:05:36.604874+00:00
UB0134101B1U1,Breitling,MARK,engine_median,13857.0,DERIVED,2026-08-13T12:05:36.604874+00:00
UB0136,Breitling,MARK,manual_check,7695.0,VERIFIED,2026-08-09
UB01391A1B1P1,,MARK,engine_median,7014.9,DERIVED,2026-08-13T12:05:36.604874+00:00
V13317101B1X1,Breitling,MARK,engine_median,2630.59,DERIVED,2026-08-13T12:05:36.604874+00:00
V13375101C1X1,Breitling,MARK,engine_median,2842.69,DERIVED,2026-08-13T12:05:36.604874+00:00
V13375101C1X2,Breitling,MARK,engine_median,6696.0,DERIVED,2026-08-13T12:05:36.604874+00:00
V323952A1L1X2,Breitling,MARK,engine_median,3346.33,DERIVED,2026-08-13T12:05:36.604874+00:00
V45SCDTMCBLCAMO,Franck Muller,MSRP,watchbase,12000.0,VERIFIED,2026-08-13T12:05:36+00:00
V45SCDTMCTTCAMO,Franck Muller,MSRP,watchbase,12000.0,VERIFIED,2026-08-13T12:05:36+00:00
V45SCDTYACHTING5NBL,Franck Muller,MSRP,watchbase,24760.0,VERIFIED,2026-08-13T12:05:36+00:00
W1000653,,MARK,engine_median,1286.07,DERIVED,2026-08-13T12:05:36.604874+00:00
W1002154,,MARK,engine_median,1461.44,DERIVED,2026-08-13T12:05:36.604874+00:00
W1002653,Cartier,MARK,engine_median,2396.76,DERIVED,2026-08-13T12:05:36.604874+00:00
W1002753,,MARK,engine_median,2630.59,DERIVED,2026-08-13T12:05:36.604874+00:00
W1003053,,MARK,engine_median,2162.93,DERIVED,2026-08-13T12:05:36.604874+00:00
W1003153,Cartier,MARK,engine_median,2442.37,DERIVED,2026-08-13T12:05:36.604874+00:00
W1003154,Cartier,MARK,engine_median,2674.82,DERIVED,2026-08-13T12:05:36.604874+00:00
W1005554,Cartier,MARK,engine_median,2721.17,DERIVED,2026-08-13T12:05:36.604874+00:00
W1005654,,MARK,engine_median,3215.16,DERIVED,2026-08-13T12:05:36.604874+00:00
W1006554,,MARK,engine_median,1227.61,DERIVED,2026-08-13T12:05:36.604874+00:00
W1007065,,MARK,engine_median,1461.44,DERIVED,2026-08-13T12:05:36.604874+00:00
W1008095,,MARK,engine_median,7950.22,DERIVED,2026-08-13T12:05:36.604874+00:00
W1008254,,MARK,engine_median,2864.42,DERIVED,2026-08-13T12:05:36.604874+00:00
W1008354,Cartier,MARK,engine_median,2609.65,DERIVED,2026-08-13T12:05:36.604874+00:00
W1008354,Cartier,MARK,engine_median,2618.86,DERIVED,2026-08-16T10:01:25.617322+00:00
W1009754,,MARK,engine_median,1227.61,DERIVED,2026-08-13T12:05:36.604874+00:00
W1009854,,MARK,engine_median,1286.07,DERIVED,2026-08-13T12:05:36.604874+00:00
W1009954,,MARK,engine_median,1052.24,DERIVED,2026-08-13T12:05:36.604874+00:00
W1010844,,MARK,engine_median,2104.47,DERIVED,2026-08-13T12:05:36.604874+00:00
W1011455,,MARK,engine_median,1461.44,DERIVED,2026-08-13T12:05:36.604874+00:00
W1011554,,MARK,engine_median,1227.61,DERIVED,2026-08-13T12:05:36.604874+00:00
W1013654,Cartier,MARK,engine_median,2665.42,DERIVED,2026-08-13T12:05:36.604874+00:00
W1013754,Cartier,MARK,engine_median,3613.36,DERIVED,2026-08-13T12:05:36.604874+00:00
W1013954,,MARK,engine_median,2630.59,DERIVED,2026-08-13T12:05:36.604874+00:00
W1014054,,MARK,engine_median,1849.39,DERIVED,2026-08-13T12:05:36.604874+00:00
W1014154,Cartier,MARK,engine_median,3055.75,DERIVED,2026-08-13T12:05:36.604874+00:00
W1014354,Cartier,MARK,engine_median,2206.56,DERIVED,2026-08-14T21:47:56.498486+00:00
W1014945,,MARK,engine_median,1695.27,DERIVED,2026-08-13T12:05:36.604874+00:00
W1016055,,MARK,engine_median,6914.93,DERIVED,2026-08-21T21:45:15.687735+00:00
W1016230,Cartier,MARK,engine_median,2776.93,DERIVED,2026-08-13T12:05:36.604874+00:00
W1016830,Cartier,MARK,engine_median,3858.2,DERIVED,2026-08-13T12:05:36.604874+00:00
W1506051,Cartier,MARK,engine_median,8810.36,DERIVED,2026-08-13T12:05:36.604874+00:00
W1509551,Cartier,MARK,engine_median,19516.62,DERIVED,2026-08-13T12:05:36.604874+00:00
W1509751,,MARK,engine_median,10522.35,DERIVED,2026-08-13T12:05:36.604874+00:00
W1510956,Cartier,MARK,engine_median,7137.51,DERIVED,2026-08-13T12:05:36.604874+00:00
W1511556,,MARK,engine_median,3799.74,DERIVED,2026-08-13T12:05:36.604874+00:00
W1516856,Cartier,MARK,engine_median,8651.71,DERIVED,2026-08-13T12:05:36.604874+00:00
W1516856,Cartier,MARK,engine_median,8476.34,DERIVED,2026-08-13T22:07:35.994213+00:00
W1516856,Cartier,MARK,engine_median,8651.71,DERIVED,2026-08-16T21:41:16.998484+00:00
W1516856,Cartier,MARK,engine_median,8476.34,DERIVED,2026-08-19T21:47:49.086150+00:00
W1516856,Cartier,MARK,engine_median,8651.71,DERIVED,2026-08-20T04:37:33.725646+00:00
W1516856,Cartier,MARK,engine_median,8476.34,DERIVED,2026-08-20T19:55:02.750956+00:00
W1516856,Cartier,MARK,engine_median,8651.71,DERIVED,2026-08-21T21:45:15.687735+00:00
W1516956,,MARK,engine_median,10522.35,DERIVED,2026-08-13T12:05:36.604874+00:00
W1523656,,MARK,engine_median,3177.96,DERIVED,2026-08-13T12:05:36.604874+00:00
W1529856,Cartier,MARK,manual_check,8456.0,VERIFIED,2026-08-09
W1529856,Cartier,MSRP,watchbase,8000.0,VERIFIED,2026-08-13T12:05:36+00:00
W1529856,,MARK,engine_median,6605.7,DERIVED,2026-08-13T12:05:36.604874+00:00
W1556252,Cartier,MARK,engine_median,7149.35,DERIVED,2026-08-13T12:05:36.604874+00:00
W20011C4,,MARK,engine_median,4030.24,DERIVED,2026-08-20T19:55:02.750956+00:00
W20012C4,,MARK,engine_median,3840.7,DERIVED,2026-08-13T22:07:35.994213+00:00
W20055D6,,MARK,engine_median,5846.18,DERIVED,2026-08-20T19:55:02.750956+00:00
W2600951,Cartier,MARK,engine_median,6313.41,DERIVED,2026-08-13T12:05:36.604874+00:00
W2601556,Cartier,MARK,engine_median,5056.57,DERIVED,2026-08-13T12:05:36.604874+00:00
W2601556,Cartier,MARK,engine_median,5553.46,DERIVED,2026-08-13T22:07:35.994213+00:00
W2601556,Cartier,MARK,engine_median,5056.57,DERIVED,2026-08-15T21:41:53.174601+00:00
W2601556,Cartier,MARK,engine_median,5553.46,DERIVED,2026-08-16T06:20:51.808998+00:00
W2607056,Cartier,MARK,engine_median,5261.18,DERIVED,2026-08-13T12:05:36.604874+00:00
W2607456,Cartier,MARK,manual_check,5265.0,VERIFIED,2026-08-09
W2609956,Cartier,MARK,engine_median,10230.06,DERIVED,2026-08-13T12:05:36.604874+00:00
W2PA0007,Cartier,MARK,engine_median,4840.12,DERIVED,2026-08-13T12:05:36.604874+00:00
W2PA0008,Cartier,MARK,engine_median,4676.6,DERIVED,2026-08-13T12:05:36.604874+00:00
W2PN0006,Cartier,MARK,manual_check,7162.0,VERIFIED,2026-08-09
W2PN0007,Cartier,MARK,manual_check,9038.0,VERIFIED,2026-08-09
W2PN0012,Cartier,MARK,engine_median,10037.12,DERIVED,2026-08-13T12:05:36.604874+00:00
W2PN0016,Cartier,MSRP,watchbase,12400.0,VERIFIED,2026-08-13T12:05:36+00:00
W2PN0016,Cartier,MARK,engine_median,9367.97,DERIVED,2026-08-13T12:05:36.604874+00:00
W2PN0018,Cartier,MARK,manual_check,8933.0,VERIFIED,2026-08-09
W2PN0019,Cartier,MARK,manual_check,9801.0,VERIFIED,2026-08-09
W2SA0009,Cartier,MARK,manual_check,9202.0,VERIFIED,2026-08-09
W2SA0009,Cartier,MARK,engine_median,12031.1,DERIVED,2026-08-13T12:05:36.604874+00:00
W2SA0011,Cartier,MARK,manual_check,5113.0,VERIFIED,2026-08-09
W2SA0012,Cartier,MARK,manual_check,4747.0,VERIFIED,2026-08-09
W2SA0016,Cartier,MARK,manual_check,9371.0,VERIFIED,2026-08-09
W2SA0017,Cartier,MARK,manual_check,6314.0,VERIFIED,2026-08-09
W2SA0017,,MARK,engine_median,6416.96,DERIVED,2026-08-13T12:05:36.604874+00:00
W2SA0030,Cartier,MSRP,watchbase,14200.0,VERIFIED,2026-08-13T12:05:36+00:00
W2SA0030,Cartier,MARK,engine_median,12198.98,DERIVED,2026-08-13T12:05:36.604874+00:00
W2SA0033,Cartier,MARK,manual_check,9077.0,VERIFIED,2026-08-09
W2SA0033,Cartier,MARK,engine_median,9758.31,DERIVED,2026-08-13T12:05:36.604874+00:00
W2SA0034,Cartier,MARK,engine_median,8810.36,DERIVED,2026-08-13T12:05:36.604874+00:00
W2SA0038,Cartier,MARK,engine_median,5854.98,DERIVED,2026-08-13T12:05:36.604874+00:00
W2SA0046,Cartier,MSRP,watchbase,7350.0,VERIFIED,2026-08-13T12:05:36+00:00
W2SA0046,Cartier,MARK,engine_median,6133.8,DERIVED,2026-08-13T12:05:36.604874+00:00
W30X7651,Cartier,MARK,engine_median,11574.58,DERIVED,2026-08-13T12:05:36.604874+00:00
W31015M7,,MARK,engine_median,1681.04,DERIVED,2026-08-13T22:07:35.994213+00:00
W3107099,Cartier,MARK,engine_median,1578.35,DERIVED,2026-08-13T12:05:36.604874+00:00
W3108199,Cartier,MARK,engine_median,1753.73,DERIVED,2026-08-13T12:05:36.604874+00:00
W3108299,Cartier,MARK,engine_median,1667.56,DERIVED,2026-08-13T12:05:36.604874+00:00
W3140007,Cartier,MARK,engine_median,1636.81,DERIVED,2026-08-13T12:05:36.604874+00:00
W3140023,,MARK,engine_median,1566.21,DERIVED,2026-08-13T12:05:36.604874+00:00
W3140026,Cartier,MARK,engine_median,1519.9,DERIVED,2026-08-13T12:05:36.604874+00:00
W3SA0007,Cartier,MARK,manual_check,12495.0,VERIFIED,2026-08-09
W4BB0008,Cartier,MARK,engine_median,3036.0,DERIVED,2026-08-14T21:47:56.498486+00:00
W4BB0021,Cartier,MARK,manual_check,5282.0,VERIFIED,2026-08-09
W4BB0021,Cartier,MSRP,watchbase,8800.0,VERIFIED,2026-08-13T12:05:36+00:00
W4BB0021,Cartier,MARK,engine_median,6858.69,DERIVED,2026-08-13T12:05:36.604874+00:00
W4BB0023,Cartier,MARK,manual_check,7376.0,VERIFIED,2026-08-09
W4BB0023,Cartier,MARK,engine_median,5553.46,DERIVED,2026-08-13T12:05:36.604874+00:00
W4BB0028,Cartier,MARK,manual_check,6905.0,VERIFIED,2026-08-09
W4BB0030,Cartier,MARK,engine_median,8643.07,DERIVED,2026-08-13T12:05:36.604874+00:00
W4PN0007,Cartier,MARK,manual_check,7715.0,VERIFIED,2026-08-09
W4SA0005,Cartier,MARK,manual_check,9427.0,VERIFIED,2026-08-09
W4SA0006,Cartier,MARK,manual_check,9406.0,VERIFIED,2026-08-09
W4TA0008,Cartier,MARK,manual_check,5120.0,VERIFIED,2026-08-09
W4TA0008,Cartier,MSRP,watchbase,8000.0,VERIFIED,2026-08-13T12:05:36+00:00
W4TA0008,Cartier,MARK,engine_median,4513.13,DERIVED,2026-08-13T12:05:36.604874+00:00
W4TA0008,Cartier,MARK,engine_median,4242.96,DERIVED,2026-08-16T06:20:51.808998+00:00
W4TA0008,Cartier,MARK,engine_median,4513.13,DERIVED,2026-08-16T21:41:16.998484+00:00
W4TA0009,Cartier,MARK,manual_check,5824.0,VERIFIED,2026-08-09
W4TA0016,Cartier,MARK,manual_check,4805.0,VERIFIED,2026-08-09
W4TA0016,Cartier,MSRP,watchbase,6800.0,VERIFIED,2026-08-13T12:05:36+00:00
W4TA0029,Cartier,MARK,engine_median,7973.93,DERIVED,2026-08-13T12:05:36.604874+00:00
W5000156,Cartier,MARK,engine_median,7695.13,DERIVED,2026-08-13T12:05:36.604874+00:00
W51007Q4,Cartier,MARK,manual_check,4047.0,VERIFIED,2026-08-09
W51008Q3,,MARK,seed_kb,2300.0,EST,2026-08-13T12:05:36+00:00
W51008Q3,,MARK,engine_median,2273.17,DERIVED,2026-08-13T12:05:36.604874+00:00
W51008Q3,,MARK,engine_median,2545.08,DERIVED,2026-08-20T19:55:02.750956+00:00
W5200000,Cartier,MARK,engine_median,2107.79,DERIVED,2026-08-13T12:05:36.604874+00:00
W5200004,,MARK,engine_median,4508.81,DERIVED,2026-08-16T06:20:51.808998+00:00
W5200005,,MARK,engine_median,2266.59,DERIVED,2026-08-13T12:05:36.604874+00:00
W5200013,Cartier,MARK,engine_median,2562.9,DERIVED,2026-08-13T12:05:36.604874+00:00
W5200017,,MARK,engine_median,7950.22,DERIVED,2026-08-13T12:05:36.604874+00:00
W5200018,,MARK,engine_median,7442.34,DERIVED,2026-08-21T21:45:15.687735+00:00
W5200028,Cartier,MARK,engine_median,2572.13,DERIVED,2026-08-13T12:05:36.604874+00:00
W5200028,Cartier,MARK,engine_median,3274.96,DERIVED,2026-08-14T21:47:56.498486+00:00
W5310046,,MARK,engine_median,4033.57,DERIVED,2026-08-13T12:05:36.604874+00:00
W62053V3,,MARK,engine_median,3315.38,DERIVED,2026-08-13T22:07:35.994213+00:00
W6300856,,MARK,engine_median,9002.46,DERIVED,2026-08-13T12:05:36.604874+00:00
W6301455,Cartier,MARK,engine_median,2219.31,DERIVED,2026-08-13T12:05:36.604874+00:00
W6800151,Cartier,MARK,engine_median,3232.7,DERIVED,2026-08-13T12:05:36.604874+00:00
W69010Z4,Cartier,MARK,manual_check,3232.0,VERIFIED,2026-08-09
W6920002,,MARK,engine_median,3854.5,DERIVED,2026-08-20T19:55:02.750956+00:00
W6920071,,MARK,engine_median,3858.2,DERIVED,2026-08-13T12:05:36.604874+00:00
W6920097,Cartier,MARK,manual_check,7090.0,VERIFIED,2026-08-09
W6920100,Cartier,MARK,engine_median,3624.37,DERIVED,2026-08-13T12:05:36.604874+00:00
W7100054,Cartier,MARK,engine_median,5085.8,DERIVED,2026-08-13T12:05:36.604874+00:00
W7100056,Cartier,MARK,engine_median,2899.01,DERIVED,2026-08-13T12:05:36.604874+00:00
W7100056,Cartier,MARK,engine_median,2536.2,DERIVED,2026-08-14T21:47:56.498486+00:00
W7100056,Cartier,MARK,engine_median,2899.01,DERIVED,2026-08-15T21:41:53.174601+00:00
WA203751,Cartier,MARK,engine_median,17771.07,DERIVED,2026-08-13T12:05:36.604874+00:00
WAR201C,,MARK,engine_median,1239.93,DERIVED,2026-08-13T12:05:36.604874+00:00
WAR201D,TAG Heuer,MARK,engine_median,1219.9,DERIVED,2026-08-13T12:05:36.604874+00:00
WATA0043,Cartier,MARK,engine_median,2805.96,DERIVED,2026-08-13T12:05:36.604874+00:00
WBN0210,TAG Heuer,MARK,engine_median,1578.35,DERIVED,2026-08-13T12:05:36.604874+00:00
WBN2010,TAG Heuer,MARK,engine_median,2562.9,DERIVED,2026-08-13T12:05:36.604874+00:00
WBN2010,TAG Heuer,MARK,engine_median,1754.6,DERIVED,2026-08-16T10:01:25.617322+00:00
WBN2012,TAG Heuer,MARK,engine_median,2115.24,DERIVED,2026-08-13T12:05:36.604874+00:00
WBN2013,TAG Heuer,MARK,engine_median,2674.82,DERIVED,2026-08-13T12:05:36.604874+00:00
WDA2110,TAG Heuer,MARK,engine_median,2562.9,DERIVED,2026-08-13T12:05:36.604874+00:00
WDA2111,TAG Heuer,MARK,engine_median,2747.5,DERIVED,2026-08-13T12:05:36.604874+00:00
WDA2112,TAG Heuer,MARK,engine_median,2786.75,DERIVED,2026-08-13T12:05:36.604874+00:00
WDA2113,TAG Heuer,MARK,engine_median,2786.75,DERIVED,2026-08-13T12:05:36.604874+00:00
WDA2115,TAG Heuer,MARK,engine_median,2786.75,DERIVED,2026-08-13T12:05:36.604874+00:00
WE100231,Cartier,MARK,engine_median,6022.27,DERIVED,2026-08-13T12:05:36.604874+00:00
WE110004,Cartier,MARK,manual_check,4217.0,VERIFIED,2026-08-09
WE110004,Cartier,MARK,engine_median,4208.94,DERIVED,2026-08-13T12:05:36.604874+00:00
WE110006,Cartier,MARK,engine_median,3332.08,DERIVED,2026-08-13T12:05:36.604874+00:00
WE801331,Cartier,MARK,engine_median,3507.45,DERIVED,2026-08-13T12:05:36.604874+00:00
WE902063,Cartier,MARK,manual_check,6906.0,VERIFIED,2026-08-09
WE902073,Cartier,MARK,manual_check,4038.0,VERIFIED,2026-08-09
WE902073,Cartier,MARK,engine_median,3098.25,DERIVED,2026-08-13T12:05:36.604874+00:00
WF100013,Cartier,MARK,engine_median,10890.26,DERIVED,2026-08-14T21:47:56.498486+00:00
WG200246,,MARK,engine_median,4770.13,DERIVED,2026-08-13T12:05:36.604874+00:00
WG600007,Cartier,MARK,engine_median,6979.83,DERIVED,2026-08-13T12:05:36.604874+00:00
WGBA0007,,MARK,engine_median,7950.22,DERIVED,2026-08-13T12:05:36.604874+00:00
WGBA0025,Cartier,MARK,engine_median,18680.18,DERIVED,2026-08-13T12:05:36.604874+00:00
WGBA0040,Cartier,MARK,engine_median,7806.65,DERIVED,2026-08-13T12:05:36.604874+00:00
WGBA0042,Cartier,MARK,engine_median,11598.45,DERIVED,2026-08-13T12:05:36.604874+00:00
WGBA0050,Cartier,MARK,engine_median,14944.15,DERIVED,2026-08-13T12:05:36.604874+00:00
WGBA0075,Cartier,MARK,engine_median,8085.46,DERIVED,2026-08-13T12:05:36.604874+00:00
WGBA0078,Cartier,MARK,engine_median,14944.15,DERIVED,2026-08-13T12:05:36.604874+00:00
WGBA0079,Cartier,MARK,engine_median,14944.15,DERIVED,2026-08-13T12:05:36.604874+00:00
WGBA0080,Cartier,MARK,engine_median,14944.15,DERIVED,2026-08-13T12:05:36.604874+00:00
WGBB0030,Cartier,MARK,manual_check,9766.0,VERIFIED,2026-08-09
WGBB0035,,MARK,engine_median,9353.2,DERIVED,2026-08-13T12:05:36.604874+00:00
WGBB0036,Cartier,MARK,manual_check,10733.0,VERIFIED,2026-08-09
WGBL0005,Cartier,MARK,manual_check,6067.0,VERIFIED,2026-08-09
WGPA0018,Cartier,MARK,engine_median,7014.9,DERIVED,2026-08-13T12:05:36.604874+00:00
WGPN0048,Cartier,MARK,engine_median,21077.95,DERIVED,2026-08-13T12:05:36.604874+00:00
WGPN0059,Cartier,MARK,engine_median,23502.62,DERIVED,2026-08-13T12:05:36.604874+00:00
WGPN0060,Cartier,MARK,engine_median,23502.62,DERIVED,2026-08-13T12:05:36.604874+00:00
WGRN0012,Cartier,MARK,engine_median,6108.81,DERIVED,2026-08-13T12:05:36.604874+00:00
WGSA0019,Cartier,MARK,manual_check,16470.0,VERIFIED,2026-08-09
WGSA0021,Cartier,MARK,manual_check,9894.0,VERIFIED,2026-08-09
WGSA0028,Cartier,MARK,manual_check,13436.0,VERIFIED,2026-08-09
WGSA0029,Cartier,MARK,manual_check,29371.0,VERIFIED,2026-08-09
WGSA0029,Cartier,MARK,engine_median,36828.21,DERIVED,2026-08-13T12:05:36.604874+00:00
WGSA0029,Cartier,MARK,engine_median,34410.0,DERIVED,2026-08-18T21:46:17.264769+00:00
WGSA0029,Cartier,MARK,engine_median,36828.21,DERIVED,2026-08-19T21:47:49.086150+00:00
WGSA0029,Cartier,MARK,engine_median,34410.0,DERIVED,2026-08-20T04:37:33.725646+00:00
WGSA0030,,MARK,engine_median,29172.33,DERIVED,2026-08-20T19:55:02.750956+00:00
WGSA0098,,MARK,engine_median,12931.85,DERIVED,2026-08-13T12:05:36.604874+00:00
WGSA0107,Cartier,MARK,engine_median,27211.74,DERIVED,2026-08-13T12:05:36.604874+00:00
WGSA0111,Cartier,MARK,engine_median,15613.3,DERIVED,2026-08-13T12:05:36.604874+00:00
WGTA0010,Cartier,MARK,manual_check,9823.0,VERIFIED,2026-08-09
WGTA0010,Cartier,MARK,engine_median,11751.3,DERIVED,2026-08-13T12:05:36.604874+00:00
WGTA0011,Cartier,MARK,manual_check,11636.0,VERIFIED,2026-08-09
WGTA0059,Cartier,MSRP,watchbase,10200.0,VERIFIED,2026-08-13T12:05:36+00:00
WGTA0059,Cartier,MARK,engine_median,10315.92,DERIVED,2026-08-13T12:05:36.604874+00:00
WGTA0075,Cartier,MARK,engine_median,21629.27,DERIVED,2026-08-13T12:05:36.604874+00:00
WGTA0093,Cartier,MARK,engine_median,10522.35,DERIVED,2026-08-13T12:05:36.604874+00:00
WGTA0134,Cartier,MARK,engine_median,11223.84,DERIVED,2026-08-13T12:05:36.604874+00:00
WGTA0191,Cartier,MSRP,watchbase,14800.0,VERIFIED,2026-08-13T12:05:36+00:00
WGTA0191,Cartier,MARK,engine_median,12267.58,DERIVED,2026-08-13T12:05:36.604874+00:00
WGTA0211,Cartier,MARK,engine_median,13271.3,DERIVED,2026-08-13T12:05:36.604874+00:00
WGTA0235,,MARK,engine_median,100916.47,DERIVED,2026-08-16T06:20:51.808998+00:00
WGTA0281,Cartier,MARK,engine_median,12310.89,DERIVED,2026-08-13T12:05:36.604874+00:00
WGTA0295,Cartier,MARK,engine_median,16617.0,DERIVED,2026-08-13T12:05:36.604874+00:00
WGTA0297,Cartier,MARK,engine_median,18568.67,DERIVED,2026-08-13T12:05:36.604874+00:00
WGTA0299,Cartier,MARK,engine_median,10483.21,DERIVED,2026-08-13T12:05:36.604874+00:00
WGTA0303,Cartier,MSRP,watchbase,21000.0,VERIFIED,2026-08-13T12:05:36+00:00
WGTA0303,Cartier,MARK,engine_median,16449.72,DERIVED,2026-08-13T12:05:36.604874+00:00
WGTA0343,Cartier,MSRP,watchbase,13100.0,VERIFIED,2026-08-13T12:05:36+00:00
WGTA0343,Cartier,MARK,engine_median,11709.96,DERIVED,2026-08-13T12:05:36.604874+00:00
WGTA0344,Cartier,MARK,engine_median,21189.47,DERIVED,2026-08-13T12:05:36.604874+00:00
WGTA0346,Cartier,MSRP,watchbase,16400.0,VERIFIED,2026-08-13T12:05:36+00:00
WGTA0346,Cartier,MARK,engine_median,14944.15,DERIVED,2026-08-13T12:05:36.604874+00:00
WGTA0349,Cartier,MARK,engine_median,23390.7,DERIVED,2026-08-13T12:05:36.604874+00:00
WGTA0352,Cartier,MARK,engine_median,7918.17,DERIVED,2026-08-13T12:05:36.604874+00:00
WGTA0353,Cartier,MARK,engine_median,8252.74,DERIVED,2026-08-13T12:05:36.604874+00:00
WGTA0357,Cartier,MARK,manual_check,13224.0,VERIFIED,2026-08-09
WGTA0357,Cartier,MSRP,watchbase,16400.0,VERIFIED,2026-08-13T12:05:36+00:00
WGTA0357,Cartier,MARK,engine_median,14944.15,DERIVED,2026-08-13T12:05:36.604874+00:00
WGTA0405,Cartier,MARK,engine_median,19516.62,DERIVED,2026-08-13T12:05:36.604874+00:00
WHPA0010,Cartier,MARK,engine_median,43647.71,DERIVED,2026-08-13T12:05:36.604874+00:00
WHSA0015,Cartier,MARK,manual_check,20846.0,VERIFIED,2026-08-09
WHSA0016,Cartier,MARK,manual_check,43529.0,VERIFIED,2026-08-09
WHTA0025,,MARK,engine_median,29696.4,DERIVED,2026-08-13T12:05:36.604874+00:00
WJ11891G,,MARK,engine_median,6841.17,DERIVED,2026-08-13T12:05:36.604874+00:00
WJ124021,Cartier,MARK,engine_median,4192.86,DERIVED,2026-08-18T21:46:17.264769+00:00
WJBA0031,Cartier,MARK,engine_median,11907.79,DERIVED,2026-08-13T12:05:36.604874+00:00
WJBA0042,Cartier,MARK,engine_median,23950.28,DERIVED,2026-08-13T12:05:36.604874+00:00
WJBA0045,Cartier,MARK,engine_median,23782.41,DERIVED,2026-08-13T12:05:36.604874+00:00
WJBB0033,Cartier,MARK,manual_check,10584.0,VERIFIED,2026-08-09
WJBL0006,Cartier,MARK,manual_check,6814.0,VERIFIED,2026-08-09
WJPN0087,Cartier,MARK,engine_median,27825.12,DERIVED,2026-08-13T12:05:36.604874+00:00
WJSA0017,Cartier,MARK,manual_check,12719.0,VERIFIED,2026-08-09
WJTA0022,Cartier,MARK,engine_median,22193.19,DERIVED,2026-08-13T12:05:36.604874+00:00
WSBB0002,,MARK,engine_median,2924.35,DERIVED,2026-08-14T21:47:56.498486+00:00
WSBB0003,,MARK,engine_median,2924.35,DERIVED,2026-08-14T21:47:56.498486+00:00
WSBB0025,Cartier,MARK,engine_median,3858.2,DERIVED,2026-08-13T12:05:36.604874+00:00
WSBB0026,Cartier,MARK,manual_check,3808.0,VERIFIED,2026-08-09
WSBB0027,Cartier,MARK,manual_check,4503.0,VERIFIED,2026-08-09
WSBB0028,Cartier,MARK,manual_check,3892.0,VERIFIED,2026-08-09
WSBB0030,Cartier,MARK,manual_check,4024.0,VERIFIED,2026-08-09
WSBB0039,Cartier,MARK,manual_check,4549.0,VERIFIED,2026-08-09
WSBB0040,Cartier,MARK,manual_check,5114.0,VERIFIED,2026-08-09
WSBB0044,Cartier,MARK,manual_check,4416.0,VERIFIED,2026-08-09
WSBB0044,Cartier,MSRP,watchbase,6800.0,VERIFIED,2026-08-13T12:05:36+00:00
WSBB0046,Cartier,MARK,manual_check,4460.0,VERIFIED,2026-08-09
WSBB0048,Cartier,MARK,manual_check,4353.0,VERIFIED,2026-08-09
WSBB0049,Cartier,MARK,manual_check,5095.0,VERIFIED,2026-08-09
WSBB0060,Cartier,MARK,manual_check,5207.0,VERIFIED,2026-08-09
WSBB0061,Cartier,MARK,manual_check,5498.0,VERIFIED,2026-08-09
WSBB0062,Cartier,MARK,manual_check,4957.0,VERIFIED,2026-08-09
WSBB0062,Cartier,MSRP,watchbase,7050.0,VERIFIED,2026-08-13T12:05:36+00:00
WSBB0062,Cartier,MARK,engine_median,5341.98,DERIVED,2026-08-13T12:05:36.604874+00:00
WSBB0068,Cartier,MARK,manual_check,5494.0,VERIFIED,2026-08-09
WSBB0068,Cartier,MARK,engine_median,3971.26,DERIVED,2026-08-14T21:47:56.498486+00:00
WSBB0073,Cartier,MARK,engine_median,4617.08,DERIVED,2026-08-13T12:05:36.604874+00:00
WSCA0010,Cartier,MARK,engine_median,3776.35,DERIVED,2026-08-13T12:05:36.604874+00:00
WSCL0005,Cartier,MARK,engine_median,2371.38,DERIVED,2026-08-14T21:47:56.498486+00:00
WSPA0009,Cartier,MARK,engine_median,3039.79,DERIVED,2026-08-13T12:05:36.604874+00:00
WSPA0010,Cartier,MARK,engine_median,2772.27,DERIVED,2026-08-14T21:47:56.498486+00:00
WSPA0012,Cartier,MARK,manual_check,3098.0,VERIFIED,2026-08-09
WSPA0012,Cartier,MSRP,watchbase,6250.0,VERIFIED,2026-08-13T12:05:36+00:00
WSPA0012,Cartier,MARK,engine_median,2338.3,DERIVED,2026-08-13T12:05:36.604874+00:00
WSPA0013,Cartier,MARK,manual_check,3867.0,VERIFIED,2026-08-09
WSPA0013,Cartier,MSRP,watchbase,6750.0,VERIFIED,2026-08-13T12:05:36+00:00
WSPA0013,,MARK,engine_median,2708.22,DERIVED,2026-08-13T12:05:36.604874+00:00
WSPA0013,,MARK,engine_median,2871.36,DERIVED,2026-08-20T19:55:02.750956+00:00
WSPA0018,Cartier,MARK,engine_median,4208.94,DERIVED,2026-08-13T12:05:36.604874+00:00
WSPA0021,Cartier,MARK,engine_median,2981.33,DERIVED,2026-08-13T12:05:36.604874+00:00
WSPA0026,Cartier,MARK,manual_check,4420.0,VERIFIED,2026-08-09
WSPA0026,Cartier,MARK,engine_median,3519.14,DERIVED,2026-08-13T12:05:36.604874+00:00
WSPA0026,Cartier,MARK,engine_median,3682.82,DERIVED,2026-08-19T21:47:49.086150+00:00
WSPA0027,Cartier,MARK,manual_check,5778.0,VERIFIED,2026-08-09
WSPA0027,Cartier,MSRP,watchbase,10400.0,VERIFIED,2026-08-13T12:05:36+00:00
WSPA0027,,MARK,engine_median,5209.74,DERIVED,2026-08-13T12:05:36.604874+00:00
WSPA0027,Cartier,MARK,engine_median,4795.93,DERIVED,2026-08-16T10:01:25.617322+00:00
WSPA0030,Cartier,MARK,engine_median,4735.06,DERIVED,2026-08-13T12:05:36.604874+00:00
WSPA0031,Cartier,MARK,engine_median,4208.94,DERIVED,2026-08-13T12:05:36.604874+00:00
WSPA0038,Cartier,MARK,engine_median,4501.23,DERIVED,2026-08-13T12:05:36.604874+00:00
WSPA0045,Cartier,MARK,engine_median,4653.22,DERIVED,2026-08-13T12:05:36.604874+00:00
WSPN0006,Cartier,MARK,manual_check,4310.0,VERIFIED,2026-08-09
WSPN0006,Cartier,MSRP,watchbase,4300.0,VERIFIED,2026-08-13T12:05:36+00:00
WSPN0006,Cartier,MARK,engine_median,4033.57,DERIVED,2026-08-13T12:05:36.604874+00:00
WSPN0006,Cartier,MARK,engine_median,4386.51,DERIVED,2026-08-21T21:45:15.687735+00:00
WSPN0007,Cartier,MARK,manual_check,4807.0,VERIFIED,2026-08-09
WSPN0007,Cartier,MSRP,watchbase,5900.0,VERIFIED,2026-08-13T12:05:36+00:00
WSPN0007,Cartier,MARK,engine_median,4907.03,DERIVED,2026-08-13T12:05:36.604874+00:00
WSPN0010,Cartier,MARK,engine_median,5263.82,DERIVED,2026-08-15T21:41:53.174601+00:00
WSPN0012,Cartier,MARK,manual_check,3941.0,VERIFIED,2026-08-09
WSPN0012,Cartier,MARK,engine_median,3959.08,DERIVED,2026-08-13T12:05:36.604874+00:00
WSPN0013,Cartier,MARK,manual_check,5106.0,VERIFIED,2026-08-09
WSPN0013,Cartier,MARK,engine_median,4325.86,DERIVED,2026-08-13T12:05:36.604874+00:00
WSPN0015,Cartier,MARK,manual_check,5909.0,VERIFIED,2026-08-09
WSPN0015,Cartier,MSRP,watchbase,6250.0,VERIFIED,2026-08-13T12:05:36+00:00
WSPN0015,Cartier,MARK,engine_median,5230.46,DERIVED,2026-08-13T12:05:36.604874+00:00
WSPN0016,Cartier,MARK,manual_check,5860.0,VERIFIED,2026-08-09
WSPN0016,Cartier,MSRP,watchbase,6950.0,VERIFIED,2026-08-13T12:05:36+00:00
WSPN0016,Cartier,MARK,engine_median,5854.98,DERIVED,2026-08-13T12:05:36.604874+00:00
WSPN0019,Cartier,MARK,manual_check,3985.0,VERIFIED,2026-08-09
WSRN0030,Cartier,MARK,manual_check,2515.0,VERIFIED,2026-08-09
WSRN0030,Cartier,MARK,engine_median,2928.27,DERIVED,2026-08-13T12:05:36.604874+00:00
WSRN0033,Cartier,MARK,manual_check,2790.0,VERIFIED,2026-08-09
WSRN0034,Cartier,MARK,manual_check,2560.0,VERIFIED,2026-08-09
WSSA0009,Cartier,MARK,manual_check,6376.0,VERIFIED,2026-08-09
WSSA0017,Cartier,MARK,manual_check,7291.0,VERIFIED,2026-08-09
WSSA0018,Cartier,MARK,manual_check,7194.0,VERIFIED,2026-08-09
WSSA0018,,MARK,seed_kb,6784.0,VERIFIED,2026-08-13T12:05:36+00:00
WSSA0018,Cartier,MARK,engine_median,6722.61,DERIVED,2026-08-13T12:05:36.604874+00:00
WSSA0022,Cartier,MARK,manual_check,4246.0,VERIFIED,2026-08-09
WSSA0022,Cartier,MARK,engine_median,3799.74,DERIVED,2026-08-13T12:05:36.604874+00:00
WSSA0023,Cartier,MARK,manual_check,4022.0,VERIFIED,2026-08-09
WSSA0029,Cartier,MARK,manual_check,6796.0,VERIFIED,2026-08-09
WSSA0029,Cartier,MARK,engine_median,6722.61,DERIVED,2026-08-13T12:05:36.604874+00:00
WSSA0029,Cartier,MARK,engine_median,6326.53,DERIVED,2026-08-20T19:55:02.750956+00:00
WSSA0029,Cartier,MARK,engine_median,6722.61,DERIVED,2026-08-21T21:45:15.687735+00:00
WSSA0030,Cartier,MARK,manual_check,6771.0,VERIFIED,2026-08-09
WSSA0030,Cartier,MARK,engine_median,6722.61,DERIVED,2026-08-13T12:05:36.604874+00:00
WSSA0032,Cartier,MARK,manual_check,5694.0,VERIFIED,2026-08-09
WSSA0037,Cartier,MARK,manual_check,7124.0,VERIFIED,2026-08-09
WSSA0039,Cartier,MARK,manual_check,7568.0,VERIFIED,2026-08-09
WSSA0039,,MARK,engine_median,6369.76,DERIVED,2026-08-16T06:20:51.808998+00:00
WSSA0046,Cartier,MARK,manual_check,7173.0,VERIFIED,2026-08-09
WSSA0046,Cartier,MSRP,watchbase,8550.0,VERIFIED,2026-08-13T12:05:36+00:00
WSSA0046,Cartier,MARK,engine_median,6211.4,DERIVED,2026-08-13T12:05:36.604874+00:00
WSSA0046,Cartier,MARK,engine_median,7249.02,DERIVED,2026-08-14T21:47:56.498486+00:00
WSSA0046,Cartier,MARK,engine_median,6211.4,DERIVED,2026-08-14T21:48:08.178665+00:00
WSSA0046,Cartier,MARK,engine_median,7249.02,DERIVED,2026-08-16T21:41:19.436645+00:00
WSSA0046,Cartier,MARK,engine_median,6211.4,DERIVED,2026-08-17T21:49:35.588367+00:00
WSSA0047,Cartier,MARK,manual_check,6834.0,VERIFIED,2026-08-09
WSSA0048,Cartier,MARK,manual_check,7146.0,VERIFIED,2026-08-09
WSSA0061,Cartier,MARK,manual_check,7166.0,VERIFIED,2026-08-09
WSSA0061,Cartier,MSRP,watchbase,8400.0,VERIFIED,2026-08-13T12:05:36+00:00
WSSA0061,Cartier,MARK,engine_median,7081.75,DERIVED,2026-08-13T12:05:36.604874+00:00
WSSA0062,Cartier,MARK,manual_check,7529.0,VERIFIED,2026-08-09
WSSA0062,Cartier,MSRP,watchbase,8050.0,VERIFIED,2026-08-13T12:05:36+00:00
WSSA0062,Cartier,MARK,engine_median,7014.9,DERIVED,2026-08-13T12:05:36.604874+00:00
WSSA0063,Cartier,MARK,manual_check,7203.0,VERIFIED,2026-08-09
WSSA0063,Cartier,MARK,engine_median,7249.02,DERIVED,2026-08-13T12:05:36.604874+00:00
WSSA0065,Cartier,MARK,manual_check,7241.0,VERIFIED,2026-08-09
WSSA0065,Cartier,MARK,engine_median,6313.41,DERIVED,2026-08-19T21:47:49.086150+00:00
WSSA0071,Cartier,MARK,manual_check,7568.0,VERIFIED,2026-08-09
WSSA0076,Cartier,MARK,manual_check,8592.0,VERIFIED,2026-08-09
WSSA0082,Cartier,MARK,manual_check,5872.0,VERIFIED,2026-08-09
WSSA0082,Cartier,MARK,engine_median,5670.38,DERIVED,2026-08-13T12:05:36.604874+00:00
WSSA0083,Cartier,MSRP,watchbase,14700.0,VERIFIED,2026-08-13T12:05:36+00:00
WSSA0083,Cartier,MARK,engine_median,12758.57,DERIVED,2026-08-13T12:05:36.604874+00:00
WSSA0085,Cartier,MARK,manual_check,4495.0,VERIFIED,2026-08-09
WSSA0085,Cartier,MSRP,watchbase,5100.0,VERIFIED,2026-08-13T12:05:36+00:00
WSSA0085,Cartier,MARK,engine_median,4449.79,DERIVED,2026-08-13T12:05:36.604874+00:00
WSSA0086,Cartier,MARK,manual_check,4382.0,VERIFIED,2026-08-09
WSSA0086,Cartier,MSRP,watchbase,4800.0,VERIFIED,2026-08-13T12:05:36+00:00
WSSA0086,Cartier,MARK,engine_median,4042.46,DERIVED,2026-08-13T12:05:36.604874+00:00
WSSA0089,Cartier,MARK,manual_check,10330.0,VERIFIED,2026-08-09
WSSA0096,Cartier,MARK,manual_check,7952.0,VERIFIED,2026-08-09
WSSA0096,Cartier,MSRP,watchbase,8050.0,VERIFIED,2026-08-13T12:05:36+00:00
WSSA0096,Cartier,MARK,engine_median,7834.21,DERIVED,2026-08-13T12:05:36.604874+00:00
WSTA0016,Cartier,MARK,engine_median,2339.48,DERIVED,2026-08-15T21:41:53.174601+00:00
WSTA0017,Cartier,MARK,engine_median,3390.54,DERIVED,2026-08-13T12:05:36.604874+00:00
WSTA0030,,MARK,engine_median,2673.32,DERIVED,2026-08-13T22:07:35.994213+00:00
WSTA0030,,MARK,engine_median,2153.38,DERIVED,2026-08-14T21:47:56.498486+00:00
WSTA0040,Cartier,MARK,manual_check,4135.0,VERIFIED,2026-08-09
WSTA0040,,MARK,engine_median,4442.77,DERIVED,2026-08-13T12:05:36.604874+00:00
WSTA0040,,MARK,engine_median,4249.29,DERIVED,2026-08-16T21:41:16.998484+00:00
WSTA0040,,MARK,engine_median,4442.77,DERIVED,2026-08-17T21:49:35.588367+00:00
WSTA0041,Cartier,MARK,manual_check,3078.0,VERIFIED,2026-08-09
WSTA0041,,MARK,seed_kb,3205.0,VERIFIED,2026-08-13T12:05:36+00:00
WSTA0041,Cartier,MSRP,watchbase,3900.0,VERIFIED,2026-08-13T12:05:36+00:00
WSTA0041,Cartier,MARK,engine_median,3156.71,DERIVED,2026-08-13T12:05:36.604874+00:00
WSTA0041,Cartier,MARK,engine_median,3215.16,DERIVED,2026-08-13T22:07:35.994213+00:00
WSTA0041,Cartier,MARK,engine_median,3156.71,DERIVED,2026-08-13T22:07:39.029292+00:00
WSTA0041,Cartier,MARK,engine_median,3215.16,DERIVED,2026-08-15T21:41:53.174601+00:00
WSTA0041,Cartier,MARK,engine_median,3156.71,DERIVED,2026-08-15T21:42:06.738979+00:00
WSTA0041,Cartier,MARK,engine_median,3215.16,DERIVED,2026-08-16T06:20:51.808998+00:00
WSTA0041,Cartier,MARK,engine_median,3156.71,DERIVED,2026-08-16T10:01:25.617322+00:00
WSTA0041,Cartier,MARK,engine_median,3215.16,DERIVED,2026-08-17T21:49:35.588367+00:00
WSTA0041,Cartier,MARK,engine_median,3156.71,DERIVED,2026-08-17T21:49:50.832444+00:00
WSTA0041,Cartier,MARK,engine_median,2981.33,DERIVED,2026-08-21T21:45:15.687735+00:00
WSTA0042,Cartier,MARK,manual_check,2746.0,VERIFIED,2026-08-09
WSTA0042,Cartier,MARK,engine_median,2455.22,DERIVED,2026-08-13T12:05:36.604874+00:00
WSTA0043,Cartier,MARK,manual_check,3229.0,VERIFIED,2026-08-09
WSTA0043,Cartier,MARK,engine_median,2689.05,DERIVED,2026-08-13T12:05:36.604874+00:00
WSTA0043,Cartier,MARK,engine_median,2759.51,DERIVED,2026-08-14T21:47:56.498486+00:00
WSTA0043,Cartier,MARK,engine_median,2689.05,DERIVED,2026-08-15T21:41:53.174601+00:00
WSTA0044,Cartier,MARK,engine_median,3516.07,DERIVED,2026-08-21T21:45:15.687735+00:00
WSTA0051,Cartier,MARK,manual_check,3483.0,VERIFIED,2026-08-09
WSTA0051,Cartier,MSRP,watchbase,3900.0,VERIFIED,2026-08-13T12:05:36+00:00
WSTA0051,Cartier,MARK,engine_median,3098.25,DERIVED,2026-08-13T12:05:36.604874+00:00
WSTA0051,Cartier,MARK,engine_median,3036.0,DERIVED,2026-08-14T21:47:56.498486+00:00
WSTA0052,Cartier,MARK,manual_check,3619.0,VERIFIED,2026-08-09
WSTA0052,Cartier,MARK,engine_median,3390.54,DERIVED,2026-08-13T12:05:36.604874+00:00
WSTA0053,Cartier,MARK,manual_check,4257.0,VERIFIED,2026-08-09
WSTA0053,Cartier,MARK,engine_median,4929.0,DERIVED,2026-08-13T12:05:36.604874+00:00
WSTA0059,Cartier,MARK,engine_median,2835.19,DERIVED,2026-08-13T12:05:36.604874+00:00
WSTA0065,Cartier,MARK,manual_check,3242.0,VERIFIED,2026-08-09
WSTA0065,Cartier,MSRP,watchbase,3700.0,VERIFIED,2026-08-13T12:05:36+00:00
WSTA0065,Cartier,MARK,engine_median,3332.08,DERIVED,2026-08-13T12:05:36.604874+00:00
WSTA0065,Cartier,MARK,engine_median,3565.91,DERIVED,2026-08-13T22:07:35.994213+00:00
WSTA0065,Cartier,MARK,engine_median,3332.08,DERIVED,2026-08-15T21:41:53.174601+00:00
WSTA0067,Cartier,MARK,manual_check,4581.0,VERIFIED,2026-08-09
WSTA0067,Cartier,MSRP,watchbase,6750.0,VERIFIED,2026-08-13T12:05:36+00:00
WSTA0067,Cartier,MARK,engine_median,5743.47,DERIVED,2026-08-13T12:05:36.604874+00:00
WSTA0071,Cartier,MARK,manual_check,3160.0,VERIFIED,2026-08-09
WSTA0072,Cartier,MARK,manual_check,3469.0,VERIFIED,2026-08-09
WSTA0072,Cartier,MARK,engine_median,3098.25,DERIVED,2026-08-13T12:05:36.604874+00:00
WSTA0074,Cartier,MARK,manual_check,3937.0,VERIFIED,2026-08-09
WSTA0074,Cartier,MARK,engine_median,3624.37,DERIVED,2026-08-13T12:05:36.604874+00:00
WSTA0082,Cartier,MARK,engine_median,2835.19,DERIVED,2026-08-13T12:05:36.604874+00:00
WSTA0086,Cartier,MARK,engine_median,4170.98,DERIVED,2026-08-13T12:05:36.604874+00:00
WSTA0106,Cartier,MARK,manual_check,3817.0,VERIFIED,2026-08-09
WSTA0106,Cartier,MARK,engine_median,3332.08,DERIVED,2026-08-13T12:05:36.604874+00:00
WSTA0107,Cartier,MARK,manual_check,3516.0,VERIFIED,2026-08-09
WSTA0108,Cartier,MARK,engine_median,3682.07,DERIVED,2026-08-13T12:05:36.604874+00:00
WSTA0109,Cartier,MARK,manual_check,3268.0,VERIFIED,2026-08-09
WSTA0122,Cartier,MSRP,watchbase,4400.0,VERIFIED,2026-08-13T12:05:36+00:00
WSTA0122,Cartier,MARK,engine_median,3791.8,DERIVED,2026-08-13T12:05:36.604874+00:00
WSTA0129,Cartier,MARK,manual_check,3515.0,VERIFIED,2026-08-09
WSTA0129,Cartier,MSRP,watchbase,4300.0,VERIFIED,2026-08-13T12:05:36+00:00
WSTA0129,Cartier,MARK,engine_median,3724.88,DERIVED,2026-08-13T12:05:36.604874+00:00
WSTA0135,Cartier,MARK,manual_check,3198.0,VERIFIED,2026-08-09
WSTA0135,Cartier,MSRP,watchbase,3300.0,VERIFIED,2026-08-13T12:05:36+00:00
WSTA0135,Cartier,MARK,engine_median,3161.4,DERIVED,2026-08-13T12:05:36.604874+00:00
WSTA0136,Cartier,MARK,engine_median,3215.16,DERIVED,2026-08-13T12:05:36.604874+00:00
WT000550,Cartier,MARK,engine_median,3892.17,DERIVED,2026-08-13T12:05:36.604874+00:00
WT000830,Cartier,MARK,engine_median,2221.39,DERIVED,2026-08-19T21:47:49.086150+00:00
WT200006,Cartier,MARK,engine_median,9937.78,DERIVED,2026-08-13T12:05:36.604874+00:00
X82310,Breitling,MARK,manual_check,2069.0,VERIFIED,2026-08-09
X82310,,MARK,engine_median,1653.59,DERIVED,2026-08-14T21:47:56.498486+00:00
X823105C1M1S1,Breitling,MARK,engine_median,465.0,DERIVED,2026-08-13T12:05:36.604874+00:00
X823109C1B1S1,Breitling,MARK,engine_median,465.0,DERIVED,2026-08-13T12:05:36.604874+00:00
X82310A41B1S1,Breitling,MSRP,watchbase,3700.0,VERIFIED,2026-08-13T12:05:36+00:00
X82310A41B1S1,Breitling,MARK,engine_median,2339.07,DERIVED,2026-08-13T12:05:36.604874+00:00
X82310A51B1S2,Breitling,MARK,engine_median,3441.0,DERIVED,2026-08-13T12:05:36.604874+00:00
X82310D31B1S1,Breitling,MARK,engine_median,1723.52,DERIVED,2026-08-13T12:05:36.604874+00:00
X82310D31B1S1,Breitling,MARK,engine_median,2045.07,DERIVED,2026-08-14T21:47:56.498486+00:00
X82310D51B1S2,Breitling,MARK,engine_median,3441.0,DERIVED,2026-08-13T12:05:36.604874+00:00
X82310D91B1S1,Breitling,MARK,engine_median,2715.6,DERIVED,2026-08-13T12:05:36.604874+00:00
X82310E51B1S1,Breitling,MARK,engine_median,465.0,DERIVED,2026-08-13T12:05:36.604874+00:00
X82310E51B1S2,Breitling,MSRP,watchbase,3700.0,VERIFIED,2026-08-13T12:05:36+00:00
X82310E51B1S2,Breitling,MARK,engine_median,2450.99,DERIVED,2026-08-13T12:05:36.604874+00:00
X83310,Breitling,MARK,manual_check,2098.0,VERIFIED,2026-08-09
X83310281B1S1,Breitling,MARK,engine_median,3301.5,DERIVED,2026-08-13T12:05:36.604874+00:00
X83310D41B1S1,Breitling,MARK,engine_median,3301.5,DERIVED,2026-08-13T12:05:36.604874+00:00
X83310F61B1S1,Breitling,MSRP,watchbase,3550.0,VERIFIED,2026-08-13T12:05:36+00:00
X83310F61B1S1,Breitling,MARK,engine_median,3301.5,DERIVED,2026-08-13T12:05:36.604874+00:00
Y23380,Breitling,MARK,manual_check,3640.0,VERIFIED,2026-08-09
Y233801A1B1A1,Breitling,MARK,engine_median,465.0,DERIVED,2026-08-13T12:05:36.604874+00:00
Y24310,Breitling,MARK,manual_check,3375.0,VERIFIED,2026-08-09
YB0445,Breitling,MARK,manual_check,5566.0,VERIFIED,2026-08-09
YB04451A1B1A1,Breitling,MARK,engine_median,465.0,DERIVED,2026-08-13T12:05:36.604874+00:00
YB04451A1B1X1,Breitling,MARK,engine_median,10695.0,DERIVED,2026-08-13T12:05:36.604874+00:00
