ref,mark_usd,mark_source,confidence,n_sources,spread_pct,as_of,msrp_usd
00011,1653.59,engine_median,DERIVED,1,0.0,2026-09-06T23:07:09.964344+00:00,
03.3100.360021.M3100,5800.0,manual_check,EST,1,0.0,2026-08-09,
03.3100.360069.M3100,7000.0,manual_check,EST,1,0.0,2026-08-09,
03.9300.362078.I001,8000.0,manual_check,EST,1,0.0,2026-08-09,
04.30.44.52.01.001,7431.0,manual_check,VERIFIED,1,0.0,2026-08-09,
04.33.44.52.03.001,7291.0,manual_check,VERIFIED,1,0.0,2026-08-09,
04.93.44.52.03.002,10759.0,manual_check,VERIFIED,1,0.0,2026-08-09,
10.20.42.50.01.001,12931.0,manual_check,VERIFIED,1,0.0,2026-08-09,
10.22.42.20.01.002,5818.0,manual_check,VERIFIED,1,0.0,2026-08-09,
10.22.42.20.01.004,7874.0,manual_check,VERIFIED,1,0.0,2026-08-09,
10.22.42.20.03.002,5771.0,manual_check,VERIFIED,1,0.0,2026-08-09,
10.30.42.20.01.001,4339.0,manual_check,VERIFIED,1,0.0,2026-08-09,
10.30.42.20.01.010,5537.0,manual_check,VERIFIED,1,0.0,2026-08-09,
10.30.42.20.03.001,4420.0,manual_check,VERIFIED,1,0.0,2026-08-09,
10.30.42.20.03.002,6948.0,manual_check,VERIFIED,1,0.0,2026-08-09,
10.30.42.20.03.003,4856.0,manual_check,VERIFIED,1,0.0,2026-08-09,
10.30.42.20.04.001,4422.0,manual_check,VERIFIED,1,0.0,2026-08-09,
10.30.42.20.06.001,4016.0,manual_check,VERIFIED,1,0.0,2026-08-09,
10.30.42.20.06.002,5594.0,manual_check,VERIFIED,1,0.0,2026-08-09,
10.30.42.20.10.001,4942.0,manual_check,VERIFIED,1,0.0,2026-08-09,
10.30.42.50.01.001,5627.0,manual_check,VERIFIED,1,0.0,2026-08-09,
10.30.42.50.01.002,6493.0,manual_check,VERIFIED,1,0.0,2026-08-09,
10.30.42.50.01.004,9567.0,manual_check,VERIFIED,1,0.0,2026-08-09,
10.30.42.50.04.001,7473.0,manual_check,VERIFIED,1,0.0,2026-08-09,
10.30.44.51.01.001,5457.0,manual_check,VERIFIED,1,0.0,2026-08-09,
10.32.42.20.01.001,4417.0,manual_check,VERIFIED,1,0.0,2026-08-09,
10.32.42.20.01.003,5286.0,manual_check,VERIFIED,1,0.0,2026-08-09,
10.32.42.20.03.001,4191.0,manual_check,VERIFIED,1,0.0,2026-08-09,
10.32.42.20.03.002,4829.0,manual_check,VERIFIED,1,0.0,2026-08-09,
10.32.42.20.04.001,4266.0,manual_check,VERIFIED,1,0.0,2026-08-09,
10.32.42.20.06.001,4016.0,manual_check,VERIFIED,1,0.0,2026-08-09,
10.32.42.20.10.001,4619.0,manual_check,VERIFIED,1,0.0,2026-08-09,
10.32.42.50.01.001,5344.0,manual_check,VERIFIED,1,0.0,2026-08-09,
10.32.42.50.01.002,5918.0,manual_check,VERIFIED,1,0.0,2026-08-09,
10.32.42.50.02.001,15051.0,manual_check,VERIFIED,1,0.0,2026-08-09,
10.32.42.50.04.001,7268.0,manual_check,VERIFIED,1,0.0,2026-08-09,
10.32.44.51.01.001,5510.0,manual_check,VERIFIED,1,0.0,2026-08-09,
10.90.42.20.01.001,7672.0,manual_check,VERIFIED,1,0.0,2026-08-09,
10.92.42.20.01.001,6982.0,manual_check,VERIFIED,1,0.0,2026-08-09,
10.92.44.20.01.001,5546.0,manual_check,VERIFIED,1,0.0,2026-08-09,
10.92.44.20.01.003,6494.0,manual_check,VERIFIED,1,0.0,2026-08-09,
10.92.44.50.01.001,11323.0,manual_check,VERIFIED,1,0.0,2026-08-09,
1002,4783.99,engine_median,DERIVED,1,0.0,2026-09-06T23:07:09.964344+00:00,
1003,3711.26,engine_median,DERIVED,1,0.0,2026-09-06T23:07:09.964344+00:00,
1007,4220.51,engine_median,DERIVED,1,0.0,2026-09-06T23:07:09.964344+00:00,
101.029,30280.98,engine_median,DERIVED,1,0.0,2026-09-06T23:07:09.964344+00:00,
1016,19754.9,engine_median,DERIVED,1,0.0,2026-09-06T23:07:09.964344+00:00,
1019,26441.63,engine_median,DERIVED,1,0.0,2026-09-06T23:07:09.964344+00:00,
1024,3868.82,engine_median,DERIVED,1,0.0,2026-09-06T23:07:09.964344+00:00,
1025,2464.5,engine_median,DERIVED,1,0.0,2026-09-06T23:07:09.964344+00:00,
10625,3346.33,engine_median,DERIVED,1,0.0,2026-09-06T23:07:09.964344+00:00,
10631,2954.61,engine_median,DERIVED,1,0.0,2026-09-06T23:07:09.964344+00:00,
11.10.39.30.01.001,6991.0,manual_check,VERIFIED,1,0.0,2026-08-09,
11.30.40.30.01.001,15192.0,manual_check,VERIFIED,1,0.0,2026-08-09,
11.30.42.30.01.005,4741.0,manual_check,VERIFIED,1,0.0,2026-08-09,
11.30.42.30.01.006,5478.0,manual_check,VERIFIED,1,0.0,2026-08-09,
11.30.42.30.13.001,5937.0,manual_check,VERIFIED,1,0.0,2026-08-09,
11.32.40.30.01.001,4834.0,manual_check,VERIFIED,1,0.0,2026-08-09,
11.33.42.30.01.001,4744.0,manual_check,VERIFIED,1,0.0,2026-08-09,
11.92.44.30.01.001,8249.0,manual_check,VERIFIED,1,0.0,2026-08-09,
11.92.44.51.01.003,7046.0,manual_check,VERIFIED,1,0.0,2026-08-09,
11.92.44.51.01.005,8475.0,manual_check,VERIFIED,1,0.0,2026-08-09,
11.92.44.51.01.007,7662.0,manual_check,VERIFIED,1,0.0,2026-08-09,
1100S000GB734,27793.0,manual_check,VERIFIED,1,0.0,2026-08-09,
1100S000RB430,24878.0,manual_check,VERIFIED,1,0.0,2026-08-09,
111.15.26.60.55.001,1754.6,engine_median,DERIVED,1,0.0,2026-09-06T23:07:09.964344+00:00,
111.20.36.20.58.001,2461.25,engine_median,DERIVED,1,0.0,2026-09-06T23:07:09.964344+00:00,
1110U000GB086,11453.0,manual_check,VERIFIED,1,0.0,2026-08-09,
1110U000PB,18063.36,engine_median,DERIVED,1,0.0,2026-09-06T23:07:09.964344+00:00,
1110U000RB085,12234.0,manual_check,VERIFIED,1,0.0,2026-08-09,
114060,10721.0,manual_check,VERIFIED,2,5.4,2026-08-09,
114200,5696.0,manual_check,VERIFIED,2,6.6,2026-08-09,
114210GR,4783.99,engine_median,DERIVED,1,0.0,2026-09-06T23:07:09.964344+00:00,
114270,6422.0,manual_check,VERIFIED,2,1.2,2026-08-09,
114300,7190.27,engine_median,DERIVED,1,0.0,2026-09-06T23:07:09.964344+00:00,
114854,877.31,engine_median,DERIVED,1,0.0,2026-09-06T23:07:09.964344+00:00,
116000,6430.33,engine_median,DERIVED,1,0.0,2026-09-06T23:07:09.964344+00:00,
11610LN,10237.44,engine_median,DERIVED,1,0.0,2026-09-06T23:07:09.964344+00:00,
116138,13737.5,engine_median,DERIVED,1,0.0,2026-09-06T23:07:09.964344+00:00,
116139,13186.14,engine_median,DERIVED,1,0.0,2026-09-06T23:07:09.964344+00:00,
116185BBRZB,45065.4,engine_median,DERIVED,1,0.0,2026-09-06T23:07:09.964344+00:00,
116200,6952.0,manual_check,VERIFIED,2,10.4,2026-08-09,
116231,10814.64,engine_median,DERIVED,1,0.0,2026-09-06T23:07:09.964344+00:00,
116233,10112.0,manual_check,VERIFIED,2,20.2,2026-08-09,
116233G,9825.79,engine_median,DERIVED,1,0.0,2026-09-06T23:07:09.964344+00:00,
116234,9159.0,manual_check,VERIFIED,2,11.7,2026-08-09,
116234GBKHC,9831.49,engine_median,DERIVED,1,0.0,2026-09-06T23:07:09.964344+00:00,
116243NGBK,16376.33,engine_median,DERIVED,1,0.0,2026-09-06T23:07:09.964344+00:00,
116244,12555.0,engine_median,DERIVED,1,0.0,2026-09-06T23:07:09.964344+00:00,
116261,8476.34,engine_median,DERIVED,1,0.0,2026-09-06T23:07:09.964344+00:00,
116263,10726.5,engine_median,DERIVED,1,0.0,2026-09-06T23:07:09.964344+00:00,
116264,7909.0,manual_check,VERIFIED,2,2.6,2026-08-09,
116300,7656.89,engine_median,DERIVED,1,0.0,2026-09-06T23:07:09.964344+00:00,
116333,11578.0,manual_check,VERIFIED,2,6.2,2026-08-09,
116334,9494.0,manual_check,VERIFIED,2,1.3,2026-08-09,
116400,8750.0,manual_check,VERIFIED,2,2.0,2026-08-09,9300.0
116400GV,10575.0,manual_check,VERIFIED,2,1.5,2026-08-09,
116500,27561.0,manual_check,VERIFIED,2,6.5,2026-08-09,
116500LN,25349.7,engine_median,DERIVED,1,0.0,2026-09-06T23:07:09.964344+00:00,
116500LNWH,28059.59,engine_median,DERIVED,1,0.0,2026-09-06T23:07:09.964344+00:00,
116503,20119.0,manual_check,VERIFIED,2,4.4,2026-08-09,
116503NG,22213.84,engine_median,DERIVED,1,0.0,2026-09-06T23:07:09.964344+00:00,
116503NGBS,24351.81,engine_median,DERIVED,1,0.0,2026-09-06T23:07:09.964344+00:00,
116505,44599.0,manual_check,VERIFIED,2,3.1,2026-08-09,
116505GBK,47137.98,engine_median,DERIVED,1,0.0,2026-09-06T23:07:09.964344+00:00,
116506,130360.17,engine_median,DERIVED,1,0.0,2026-09-06T23:07:09.964344+00:00,
116506A,92281.6,engine_median,DERIVED,1,0.0,2026-09-06T23:07:09.964344+00:00,
116508,61334.0,manual_check,VERIFIED,2,7.0,2026-08-09,
116509,41739.0,manual_check,VERIFIED,2,10.6,2026-08-09,
116509G,37120.49,engine_median,DERIVED,1,0.0,2026-09-06T23:07:09.964344+00:00,
116509NGBK,41441.04,engine_median,DERIVED,1,0.0,2026-09-06T23:07:09.964344+00:00,
116515,37177.0,manual_check,VERIFIED,2,12.6,2026-08-09,
116515LN,35116.8,engine_median,DERIVED,1,0.0,2026-09-06T23:07:09.964344+00:00,
116515LNA,38688.22,engine_median,DERIVED,1,0.0,2026-09-06T23:07:09.964344+00:00,
116515LNBK,38900.79,engine_median,DERIVED,1,0.0,2026-09-06T23:07:09.964344+00:00,
116515LNG,40452.57,engine_median,DERIVED,1,0.0,2026-09-06T23:07:09.964344+00:00,
116515LNPB,38156.79,engine_median,DERIVED,1,0.0,2026-09-06T23:07:09.964344+00:00,
116518,41049.0,manual_check,VERIFIED,1,0.0,2026-08-09,
116518LN,40881.68,engine_median,DERIVED,1,0.0,2026-09-06T23:07:09.964344+00:00,
116518LNCH,42248.81,engine_median,DERIVED,1,0.0,2026-09-06T23:07:09.964344+00:00,
116518LNG,39751.08,engine_median,DERIVED,1,0.0,2026-09-06T23:07:09.964344+00:00,
116518LNNG,40218.74,engine_median,DERIVED,1,0.0,2026-09-06T23:07:09.964344+00:00,
116519,38115.0,manual_check,VERIFIED,2,65.6,2026-08-09,
116519LN,33081.16,engine_median,DERIVED,1,0.0,2026-09-06T23:07:09.964344+00:00,
116520,20635.49,engine_median,DERIVED,1,0.0,2026-09-06T23:07:09.964344+00:00,
116523,16835.75,engine_median,DERIVED,1,0.0,2026-09-06T23:07:09.964344+00:00,
116523G,16804.07,engine_median,DERIVED,1,0.0,2026-09-06T23:07:09.964344+00:00,
116523GWH,17430.95,engine_median,DERIVED,1,0.0,2026-09-06T23:07:09.964344+00:00,
116528,39166.51,engine_median,DERIVED,1,0.0,2026-09-06T23:07:09.964344+00:00,
116528CH,39676.26,engine_median,DERIVED,1,0.0,2026-09-06T23:07:09.964344+00:00,
116528G,38676.75,engine_median,DERIVED,1,0.0,2026-09-06T23:07:09.964344+00:00,
116528GBK,37093.93,engine_median,DERIVED,1,0.0,2026-09-06T23:07:09.964344+00:00,
116528GR,39219.65,engine_median,DERIVED,1,0.0,2026-09-06T23:07:09.964344+00:00,
116576TBR,175372.43,engine_median,DERIVED,1,0.0,2026-09-06T23:07:09.964344+00:00,
116588TBR,166338.09,engine_median,DERIVED,1,0.0,2026-09-06T23:07:09.964344+00:00,
116589BR,85560.49,engine_median,DERIVED,1,0.0,2026-09-06T23:07:09.964344+00:00,
116595RBOW,424082.43,engine_median,DERIVED,1,0.0,2026-09-06T23:07:09.964344+00:00,
116598SACO,110798.03,engine_median,DERIVED,1,0.0,2026-09-06T23:07:09.964344+00:00,
116599RBR,70148.97,engine_median,DERIVED,1,0.0,2026-09-06T23:07:09.964344+00:00,
116600,13109.0,manual_check,VERIFIED,2,21.2,2026-08-09,
116610,11129.0,manual_check,VERIFIED,2,0.3,2026-08-09,
116610LN,10059.74,engine_median,DERIVED,1,0.0,2026-09-06T23:07:09.964344+00:00,
116610LV,18663.0,manual_check,VERIFIED,2,1.8,2026-08-09,
116613LB,12860.64,engine_median,DERIVED,1,0.0,2026-09-06T23:07:09.964344+00:00,
116613LN,11983.78,engine_median,DERIVED,1,0.0,2026-09-06T23:07:09.964344+00:00,
116613LNBK,12648.07,engine_median,DERIVED,1,0.0,2026-09-06T23:07:09.964344+00:00,
116618LB,32948.0,manual_check,VERIFIED,2,1.6,2026-08-09,
116618LN,31584.0,manual_check,VERIFIED,2,20.5,2026-08-09,
116619,39122.0,manual_check,VERIFIED,1,0.0,2026-08-09,
116619GLB,49243.57,engine_median,DERIVED,1,0.0,2026-09-06T23:07:09.964344+00:00,
116619LB,38289.64,engine_median,DERIVED,1,0.0,2026-09-06T23:07:09.964344+00:00,
116621,12100.7,engine_median,DERIVED,1,0.0,2026-09-06T23:07:09.964344+00:00,
116622,12143.0,manual_check,VERIFIED,2,6.2,2026-08-09,
116660,11000.0,manual_check,VERIFIED,2,4.5,2026-06,12950.0
116680,15999.0,manual_check,VERIFIED,2,3.3,2026-08-09,20300.0
116681,20108.0,manual_check,VERIFIED,2,411.3,2026-08-09,
116688,37912.0,manual_check,VERIFIED,1,0.0,2026-08-09,
116689,28783.0,manual_check,VERIFIED,2,19.6,2026-08-09,
116695SATS,92362.81,engine_median,DERIVED,1,0.0,2026-09-06T23:07:09.964344+00:00,
116710,12077.0,manual_check,VERIFIED,1,0.0,2026-08-09,
116710BLNR,13737.5,engine_median,DERIVED,1,0.0,2026-09-06T23:07:09.964344+00:00,
116710LN,11537.6,engine_median,DERIVED,1,0.0,2026-09-06T23:07:09.964344+00:00,
116711CHNR,17244.95,engine_median,DERIVED,1,0.0,2026-09-06T23:07:09.964344+00:00,
116713LN,13163.0,manual_check,VERIFIED,2,7.6,2026-08-09,
116718,37515.0,manual_check,VERIFIED,1,0.0,2026-08-09,
116718LN,36126.72,engine_median,DERIVED,1,0.0,2026-09-06T23:07:09.964344+00:00,
116718LNGRE,40813.94,engine_median,DERIVED,1,0.0,2026-09-06T23:07:09.964344+00:00,
116719,31856.0,manual_check,VERIFIED,1,0.0,2026-08-09,
116719BLRO,37093.93,engine_median,DERIVED,1,0.0,2026-09-06T23:07:09.964344+00:00,
116758SARU,103523.42,engine_median,DERIVED,1,0.0,2026-09-06T23:07:09.964344+00:00,
116900,6982.0,manual_check,VERIFIED,2,0.9,2026-08-09,
117.025,33980.0,manual_check,VERIFIED,1,0.0,2026-08-09,
118205,31567.04,engine_median,DERIVED,1,0.0,2026-09-06T23:07:09.964344+00:00,
118205FA,34845.86,engine_median,DERIVED,1,0.0,2026-09-06T23:07:09.964344+00:00,
118206,31757.52,engine_median,DERIVED,1,0.0,2026-09-06T23:07:09.964344+00:00,
118208,22596.0,manual_check,VERIFIED,1,0.0,2026-08-09,
118209,22684.36,engine_median,DERIVED,1,0.0,2026-09-06T23:07:09.964344+00:00,
118235,29295.0,engine_median,DERIVED,1,0.0,2026-09-06T23:07:09.964344+00:00,
118235FA,37093.93,engine_median,DERIVED,1,0.0,2026-09-06T23:07:09.964344+00:00,
118238ACH,26199.58,engine_median,DERIVED,1,0.0,2026-09-06T23:07:09.964344+00:00,
118238DIA,41876.81,engine_median,DERIVED,1,0.0,2026-09-06T23:07:09.964344+00:00,
118238NGR,30397.89,engine_median,DERIVED,1,0.0,2026-09-06T23:07:09.964344+00:00,
118239,23382.99,engine_median,DERIVED,1,0.0,2026-09-06T23:07:09.964344+00:00,
118239A,26773.53,engine_median,DERIVED,1,0.0,2026-09-06T23:07:09.964344+00:00,
118239ASVO,24339.57,engine_median,DERIVED,1,0.0,2026-09-06T23:07:09.964344+00:00,
118348ZEA,45553.88,engine_median,DERIVED,1,0.0,2026-09-06T23:07:09.964344+00:00,
118389,31567.04,engine_median,DERIVED,1,0.0,2026-09-06T23:07:09.964344+00:00,
118399BR,44533.97,engine_median,DERIVED,1,0.0,2026-09-06T23:07:09.964344+00:00,
119901,6897.99,engine_median,DERIVED,1,0.0,2026-09-06T23:07:09.964344+00:00,
12.30.36.20.01.001,2947.0,manual_check,VERIFIED,1,0.0,2026-08-09,
12.30.36.20.01.002,3050.0,manual_check,VERIFIED,1,0.0,2026-08-09,
12.30.41.20.01.002,3148.0,manual_check,VERIFIED,1,0.0,2026-08-09,
12.30.41.20.01.003,3364.0,manual_check,VERIFIED,1,0.0,2026-08-09,
12.30.41.20.01.005,4787.0,manual_check,VERIFIED,1,0.0,2026-08-09,
12.30.41.20.03.001,3315.0,manual_check,VERIFIED,1,0.0,2026-08-09,
12.30.41.61.01.001,2573.0,manual_check,VERIFIED,1,0.0,2026-08-09,
12.30.44.50.01.001,4019.0,manual_check,VERIFIED,1,0.0,2026-08-09,
12.32.41.20.04.001,5492.0,manual_check,VERIFIED,1,0.0,2026-08-09,
12000201,12159.15,engine_median,DERIVED,1,0.0,2026-09-06T23:07:09.964344+00:00,
1205F000RB622,10288.52,engine_median,DERIVED,1,0.0,2026-09-06T23:07:09.964344+00:00,
1205V100AB590,13616.0,manual_check,VERIFIED,2,9.0,2026-08-09,
1205V100AB591,13219.0,manual_check,VERIFIED,1,0.0,2026-08-09,
12081,1219.9,engine_median,DERIVED,1,0.0,2026-09-06T23:07:09.964344+00:00,
121.32.44.52.01.001,4276.76,engine_median,DERIVED,1,0.0,2026-09-06T23:07:09.964344+00:00,
1225V200RH031,44497.89,engine_median,DERIVED,1,0.0,2026-09-06T23:07:09.964344+00:00,
123.10.24.60.02.002,1169.15,engine_median,DERIVED,1,0.0,2026-09-06T23:07:09.964344+00:00,
123.10.24.60.51.001,1317.95,engine_median,DERIVED,1,0.0,2026-09-06T23:07:09.964344+00:00,
123.10.24.60.55.002,1286.71,engine_median,DERIVED,1,0.0,2026-09-06T23:07:09.964344+00:00,
123.10.27.20.57.001,2536.2,engine_median,DERIVED,1,0.0,2026-09-06T23:07:09.964344+00:00,
123.10.27.60.57.001,1636.81,engine_median,DERIVED,1,0.0,2026-09-06T23:07:09.964344+00:00,
123.10.35.20.01.001,2553.95,engine_median,DERIVED,1,0.0,2026-09-06T23:07:09.964344+00:00,
123.10.35.20.02.001,1519.9,engine_median,DERIVED,1,0.0,2026-09-06T23:07:09.964344+00:00,
123.10.35.20.52.001,1753.73,engine_median,DERIVED,1,0.0,2026-09-06T23:07:09.964344+00:00,
123.10.38.21.01.001,2513.67,engine_median,DERIVED,1,0.0,2026-09-06T23:07:09.964344+00:00,
123.10.38.21.52.001,8091.0,engine_median,DERIVED,1,0.0,2026-09-06T23:07:09.964344+00:00,
123.13.35.60.52.001,2106.62,engine_median,DERIVED,1,0.0,2026-09-06T23:07:09.964344+00:00,
123.15.24.60.01.001,2748.75,engine_median,DERIVED,1,0.0,2026-09-06T23:07:09.964344+00:00,
123.15.24.60.03.001,2106.62,engine_median,DERIVED,1,0.0,2026-09-06T23:07:09.964344+00:00,
123.15.24.60.05.001,2911.07,engine_median,DERIVED,1,0.0,2026-09-06T23:07:09.964344+00:00,
123.15.24.60.05.003,1531.29,engine_median,DERIVED,1,0.0,2026-09-06T23:07:09.964344+00:00,
123.15.24.60.55.001,1377.11,engine_median,DERIVED,1,0.0,2026-09-06T23:07:09.964344+00:00,
123.15.24.60.55.005,1894.9,engine_median,DERIVED,1,0.0,2026-09-06T23:07:09.964344+00:00,
123.15.24.60.57.001,2775.8,engine_median,DERIVED,1,0.0,2026-09-06T23:07:09.964344+00:00,
123.15.27.20.57.002,3887.53,engine_median,DERIVED,1,0.0,2026-09-06T23:07:09.964344+00:00,
123.15.27.20.57.003,3776.14,engine_median,DERIVED,1,0.0,2026-09-06T23:07:09.964344+00:00,
123.15.27.60.52.001,2261.76,engine_median,DERIVED,1,0.0,2026-09-06T23:07:09.964344+00:00,
123.15.35.20.02.001,4329.69,engine_median,DERIVED,1,0.0,2026-09-06T23:07:09.964344+00:00,
123.18.35.20.56.001,6800.97,engine_median,DERIVED,1,0.0,2026-09-06T23:07:09.964344+00:00,
123.20.24.60.55.001,2047.04,engine_median,DERIVED,1,0.0,2026-09-06T23:07:09.964344+00:00,
123.20.24.60.55.005,1583.86,engine_median,DERIVED,1,0.0,2026-09-06T23:07:09.964344+00:00,
123.20.24.60.55.006,1548.33,engine_median,DERIVED,1,0.0,2026-09-06T23:07:09.964344+00:00,
123.20.24.60.57.002,1169.15,engine_median,DERIVED,1,0.0,2026-09-06T23:07:09.964344+00:00,
123.20.24.60.63.002,2046.01,engine_median,DERIVED,1,0.0,2026-09-06T23:07:09.964344+00:00,
123.20.27.20.57.003,5032.15,engine_median,DERIVED,1,0.0,2026-09-06T23:07:09.964344+00:00,
123.25.24.60.55.011,5827.82,engine_median,DERIVED,1,0.0,2026-09-06T23:07:09.964344+00:00,
123.25.24.60.58.001,5318.86,engine_median,DERIVED,1,0.0,2026-09-06T23:07:09.964344+00:00,
123.25.24.60.58.002,2856.96,engine_median,DERIVED,1,0.0,2026-09-06T23:07:09.964344+00:00,
123.25.38.22.02.001,4393.21,engine_median,DERIVED,1,0.0,2026-09-06T23:07:09.964344+00:00,
123.55.24.60.55.011,19962.71,engine_median,DERIVED,1,0.0,2026-09-06T23:07:09.964344+00:00,
123.55.27.20.55.003,27769.35,engine_median,DERIVED,1,0.0,2026-09-06T23:07:09.964344+00:00,
123.55.27.20.55.004,28717.31,engine_median,DERIVED,1,0.0,2026-09-06T23:07:09.964344+00:00,
123.55.27.60.55.011,23280.63,engine_median,DERIVED,1,0.0,2026-09-06T23:07:09.964344+00:00,
123.55.31.20.55.008,29999.83,engine_median,DERIVED,1,0.0,2026-09-06T23:07:09.964344+00:00,
123.55.31.20.55.009,27769.35,engine_median,DERIVED,1,0.0,2026-09-06T23:07:09.964344+00:00,
12300,935.68,engine_median,DERIVED,1,0.0,2026-09-06T23:07:09.964344+00:00,
124060,12194.0,manual_check,VERIFIED,2,4.3,2026-08-09,9200.0
124200,7906.0,manual_check,VERIFIED,2,0.5,2026-08-09,6400.0
124270,7956.0,manual_check,VERIFIED,3,8.8,2026-08-09,7900.0
124273,10510.0,manual_check,VERIFIED,2,3.1,2026-08-09,12700.0
124300,7950.22,engine_median,DERIVED,1,0.0,2026-09-06T23:07:09.964344+00:00,6150.0
124300TU,25987.01,engine_median,DERIVED,1,0.0,2026-09-06T23:07:09.964344+00:00,
124300YO,15145.8,engine_median,DERIVED,1,0.0,2026-09-06T23:07:09.964344+00:00,
12503,256773.0,engine_median,DERIVED,1,0.0,2026-09-06T23:07:09.964344+00:00,
126000,9396.0,manual_check,VERIFIED,2,5.1,2026-08-09,6750.0
126003,12802.18,engine_median,DERIVED,1,0.0,2026-09-06T23:07:09.964344+00:00,8450.0
126067,38197.0,manual_check,VERIFIED,2,14.1,2026-08-09,29100.0
126200,9044.0,manual_check,VERIFIED,2,9.0,2026-08-09,8150.0
126201,14926.0,manual_check,VERIFIED,2,23.3,2026-08-09,
126203,12560.0,manual_check,VERIFIED,2,29.4,2026-08-09,
126231,16263.0,manual_check,VERIFIED,2,17.7,2026-08-09,15100.0
126231G,16376.33,engine_median,DERIVED,1,0.0,2026-09-06T23:07:09.964344+00:00,
126233,15217.0,manual_check,VERIFIED,2,3.2,2026-08-09,14750.0
126233GCHF,15305.23,engine_median,DERIVED,1,0.0,2026-09-06T23:07:09.964344+00:00,
126233NG,17521.82,engine_median,DERIVED,1,0.0,2026-09-06T23:07:09.964344+00:00,
126234,12488.0,manual_check,VERIFIED,2,7.8,2026-08-09,9350.0
126234G,10054.69,engine_median,DERIVED,1,0.0,2026-09-06T23:07:09.964344+00:00,
126234NG,12860.64,engine_median,DERIVED,1,0.0,2026-09-06T23:07:09.964344+00:00,
126281RBR,22281.0,manual_check,VERIFIED,2,25.1,2026-08-09,
126283RBR,22358.0,manual_check,VERIFIED,2,30.3,2026-08-09,27100.0
126284RBR,19277.0,manual_check,VERIFIED,2,18.6,2026-08-09,26000.0
126300,9982.0,manual_check,VERIFIED,2,8.6,2026-08-09,8550.0
126301,13483.0,manual_check,VERIFIED,1,0.0,2026-08-09,
126301NGOWH,13710.93,engine_median,DERIVED,1,0.0,2026-09-06T23:07:09.964344+00:00,
126303,12634.0,manual_check,VERIFIED,2,16.9,2026-08-09,
126331,17111.0,manual_check,VERIFIED,2,15.8,2026-08-09,17050.0
126331NG,18918.97,engine_median,DERIVED,1,0.0,2026-09-06T23:07:09.964344+00:00,
126333,15666.0,manual_check,VERIFIED,2,4.2,2026-08-09,17350.0
126333G,13737.5,engine_median,DERIVED,1,0.0,2026-09-06T23:07:09.964344+00:00,
126333NG,17696.67,engine_median,DERIVED,1,0.0,2026-09-06T23:07:09.964344+00:00,
126334,14527.0,manual_check,VERIFIED,3,9.6,2026-08-09,11650.0
126334G,12509.9,engine_median,DERIVED,1,0.0,2026-09-06T23:07:09.964344+00:00,
126334GBL,14486.23,engine_median,DERIVED,1,0.0,2026-09-06T23:07:09.964344+00:00,
126334NG,12743.73,engine_median,DERIVED,1,0.0,2026-09-06T23:07:09.964344+00:00,
126500,31997.0,manual_check,VERIFIED,1,0.0,2026-08-09,
126500LN,33905.34,engine_median,DERIVED,1,0.0,2026-09-06T23:07:09.964344+00:00,16900.0
126500LNBK,28803.6,engine_median,DERIVED,1,0.0,2026-09-06T23:07:09.964344+00:00,
126500LNWH,34117.91,engine_median,DERIVED,1,0.0,2026-09-06T23:07:09.964344+00:00,
126503,25325.0,manual_check,VERIFIED,2,8.8,2026-08-09,24000.0
126503G,26539.7,engine_median,DERIVED,1,0.0,2026-09-06T23:07:09.964344+00:00,
126503GBK,27062.19,engine_median,DERIVED,1,0.0,2026-09-06T23:07:09.964344+00:00,
126505,54091.0,manual_check,VERIFIED,2,5.1,2026-08-09,56400.0
126506,117275.0,manual_check,VERIFIED,2,3.4,2026-08-09,84600.0
126506A,125780.4,engine_median,DERIVED,1,0.0,2026-09-06T23:07:09.964344+00:00,
126508,67696.0,manual_check,VERIFIED,2,16.6,2026-08-09,52100.0
126509,50690.0,manual_check,VERIFIED,2,9.0,2026-08-09,50500.0
126509GBK,49341.67,engine_median,DERIVED,1,0.0,2026-09-06T23:07:09.964344+00:00,
126515,46232.0,manual_check,VERIFIED,2,4.8,2026-08-09,
126515LN,48638.94,engine_median,DERIVED,1,0.0,2026-09-06T23:07:09.964344+00:00,44800.0
126515LNCB,47066.97,engine_median,DERIVED,1,0.0,2026-09-06T23:07:09.964344+00:00,
126515LNG,43512.53,engine_median,DERIVED,1,0.0,2026-09-06T23:07:09.964344+00:00,
126515LNGBK,45065.4,engine_median,DERIVED,1,0.0,2026-09-06T23:07:09.964344+00:00,
126518,59947.0,manual_check,VERIFIED,1,0.0,2026-08-09,
126518LN,50181.75,engine_median,DERIVED,1,0.0,2026-09-06T23:07:09.964344+00:00,44800.0
126518LNBK,48785.43,engine_median,DERIVED,1,0.0,2026-09-06T23:07:09.964344+00:00,
126518LNCH,49848.29,engine_median,DERIVED,1,0.0,2026-09-06T23:07:09.964344+00:00,
126518LNG,49316.86,engine_median,DERIVED,1,0.0,2026-09-06T23:07:09.964344+00:00,
126518LNWH,44098.19,engine_median,DERIVED,1,0.0,2026-09-06T23:07:09.964344+00:00,
126519,49250.0,manual_check,VERIFIED,1,0.0,2026-08-09,
126519LN,52053.33,engine_median,DERIVED,1,0.0,2026-09-06T23:07:09.964344+00:00,44800.0
126519LNG,43843.11,engine_median,DERIVED,1,0.0,2026-09-06T23:07:09.964344+00:00,
126519LNGBK,44002.54,engine_median,DERIVED,1,0.0,2026-09-06T23:07:09.964344+00:00,
126525LN,187063.93,engine_median,DERIVED,1,0.0,2026-09-06T23:07:09.964344+00:00,
126528LN,194735.94,engine_median,DERIVED,1,0.0,2026-09-06T23:07:09.964344+00:00,51400.0
126529LN,210771.0,manual_check,VERIFIED,1,0.0,2026-08-09,
126576TBR,227984.16,engine_median,DERIVED,1,0.0,2026-09-06T23:07:09.964344+00:00,
126579RBR,85435.0,manual_check,VERIFIED,2,15.2,2026-08-09,
126589RBR,74928.0,manual_check,VERIFIED,2,11.4,2026-08-09,
126600,11850.0,manual_check,VERIFIED,2,6.7,2026-08-09,14550.0
126603,15358.0,manual_check,VERIFIED,2,5.9,2026-08-09,16050.0
126610,13720.0,manual_check,VERIFIED,1,0.0,2026-08-09,
126610LN,12276.07,engine_median,DERIVED,1,0.0,2026-09-06T23:07:09.964344+00:00,11350.0
126610LV,14441.0,manual_check,VERIFIED,2,7.8,2026-08-09,10950.0
126613LB,16718.0,manual_check,VERIFIED,2,9.9,2026-08-09,19450.0
126613LN,15733.0,manual_check,VERIFIED,2,8.1,2026-08-09,19450.0
126618LB,39121.0,manual_check,VERIFIED,2,4.2,2026-08-09,
126618LN,37536.0,manual_check,VERIFIED,2,1.5,2026-08-09,
126619LB,33933.0,manual_check,VERIFIED,2,3.7,2026-08-09,46600.0
126621,15659.0,manual_check,VERIFIED,2,3.8,2026-08-09,19300.0
126622,13822.0,manual_check,VERIFIED,2,5.6,2026-08-09,13200.0
126655,28108.0,manual_check,VERIFIED,2,41.1,2026-08-09,32100.0
126660,11800.0,manual_check,VERIFIED,2,17.3,2026-08-08,13950.0
126680,28683.0,manual_check,VERIFIED,2,19.9,2026-08-09,20300.0
126710BLNR,17118.0,manual_check,VERIFIED,2,1.7,2026-08-09,11800.0
126710BLRO,21868.0,manual_check,VERIFIED,2,0.2,2026-08-09,
126710GRNR,20248.0,manual_check,VERIFIED,2,5.4,2026-08-09,11800.0
126711CHNR,18534.0,manual_check,VERIFIED,2,1.6,2026-08-09,17400.0
126713,20933.0,manual_check,VERIFIED,1,0.0,2026-08-09,
126713GRNR,20226.29,engine_median,DERIVED,1,0.0,2026-09-06T23:07:09.964344+00:00,20450.0
126715,39040.0,manual_check,VERIFIED,1,0.0,2026-08-09,
126715CHNR,39166.51,engine_median,DERIVED,1,0.0,2026-09-06T23:07:09.964344+00:00,
126718,44535.0,manual_check,VERIFIED,1,0.0,2026-08-07,50800.0
126718GRNR,46181.41,engine_median,DERIVED,1,0.0,2026-09-06T23:07:09.964344+00:00,52800.0
126719,48561.0,manual_check,VERIFIED,1,0.0,2026-08-09,
126719BLNR,15666.6,engine_median,DERIVED,1,0.0,2026-09-06T23:07:09.964344+00:00,
126719BLRO,39049.59,engine_median,DERIVED,1,0.0,2026-09-06T23:07:09.964344+00:00,
126720,16438.0,manual_check,VERIFIED,1,0.0,2026-08-09,
126720VTNR,14816.31,engine_median,DERIVED,1,0.0,2026-09-06T23:07:09.964344+00:00,12300.0
126729VTNR,47827.0,manual_check,VERIFIED,2,10.0,2026-08-09,46750.0
126900,8325.0,manual_check,VERIFIED,2,7.0,2026-08-09,8150.0
12703,1344.52,engine_median,DERIVED,1,0.0,2026-09-06T23:07:09.964344+00:00,
127234,19644.0,manual_check,VERIFIED,2,9.3,2026-08-09,14450.0
127235,48406.0,manual_check,VERIFIED,2,0.3,2026-08-09,49400.0
127285TBR,692677.0,manual_check,VERIFIED,1,0.0,2026-08-09,
127334,25565.0,manual_check,VERIFIED,2,12.7,2026-08-09,16450.0
127335,56774.0,manual_check,VERIFIED,1,0.0,2026-08-09,
128155RBR,54365.46,engine_median,DERIVED,1,0.0,2026-09-06T23:07:09.964344+00:00,
128235,48955.0,manual_check,VERIFIED,2,1.5,2026-08-09,
128236,61518.0,manual_check,VERIFIED,1,0.0,2026-08-09,
128238,48495.0,manual_check,VERIFIED,2,8.2,2026-08-09,40250.0
128239,37072.0,manual_check,VERIFIED,1,0.0,2026-08-09,
128239NA,40302.78,engine_median,DERIVED,1,0.0,2026-09-06T23:07:09.964344+00:00,
128239NAWH,39315.31,engine_median,DERIVED,1,0.0,2026-09-06T23:07:09.964344+00:00,
128345,69219.0,manual_check,VERIFIED,1,0.0,2026-08-09,
128348,68618.0,manual_check,VERIFIED,1,0.0,2026-08-09,
128348RBR,60051.77,engine_median,DERIVED,1,0.0,2026-09-06T23:07:09.964344+00:00,
128349,73257.0,manual_check,VERIFIED,1,0.0,2026-08-09,
128349RBR,47350.56,engine_median,DERIVED,1,0.0,2026-09-06T23:07:09.964344+00:00,
128349RBRBL,45596.83,engine_median,DERIVED,1,0.0,2026-09-06T23:07:09.964344+00:00,
128396TBR,86074.0,manual_check,VERIFIED,2,13.3,2026-08-09,
12983603J,3627.0,engine_median,DERIVED,1,0.0,2026-09-06T23:07:09.964344+00:00,
13.30.42.40.01.001,3160.0,manual_check,VERIFIED,1,0.0,2026-08-09,
130.23.39.21.02.001,5584.67,engine_median,DERIVED,1,0.0,2026-09-06T23:07:09.964344+00:00,
130.23.39.21.03.001,5584.67,engine_median,DERIVED,1,0.0,2026-09-06T23:07:09.964344+00:00,11000.0
130.23.41.22.06.001,13950.0,engine_median,DERIVED,1,0.0,2026-09-06T23:07:09.964344+00:00,15000.0
130.23.41.22.11.001,13950.0,engine_median,DERIVED,1,0.0,2026-09-06T23:07:09.964344+00:00,14100.0
130.30.39.21.02.001,5300.07,engine_median,DERIVED,1,0.0,2026-09-06T23:07:09.964344+00:00,
130.33.39.21.02.001,6704.71,engine_median,DERIVED,1,0.0,2026-09-06T23:07:09.964344+00:00,
130.33.39.21.03.001,6596.03,engine_median,DERIVED,1,0.0,2026-09-06T23:07:09.964344+00:00,7900.0
130.33.41.22.02.001,9672.0,engine_median,DERIVED,1,0.0,2026-09-06T23:07:09.964344+00:00,
130.33.41.22.06.001,6162.38,engine_median,DERIVED,1,0.0,2026-09-06T23:07:09.964344+00:00,
130.33.41.22.10.001,9672.0,engine_median,DERIVED,1,0.0,2026-09-06T23:07:09.964344+00:00,
130.53.41.22.03.001,33573.0,engine_median,DERIVED,1,0.0,2026-09-06T23:07:09.964344+00:00,
130.53.41.22.99.002,40641.0,engine_median,DERIVED,1,0.0,2026-09-06T23:07:09.964344+00:00,
131.10.25.60.02.001,3069.0,engine_median,DERIVED,1,0.0,2026-09-06T23:07:09.964344+00:00,
131.10.25.60.02.002,2883.0,engine_median,DERIVED,1,0.0,2026-09-06T23:07:09.964344+00:00,
131.10.25.60.52.001,3813.0,engine_median,DERIVED,1,0.0,2026-09-06T23:07:09.964344+00:00,
131.10.25.60.55.001,4185.0,engine_median,DERIVED,1,0.0,2026-09-06T23:07:09.964344+00:00,
131.10.25.60.56.001,1647.64,engine_median,DERIVED,1,0.0,2026-09-06T23:07:09.964344+00:00,
131.10.28.60.01.001,2628.07,engine_median,DERIVED,1,0.0,2026-09-06T23:07:09.964344+00:00,
131.10.28.60.02.001,3255.0,engine_median,DERIVED,1,0.0,2026-09-06T23:07:09.964344+00:00,
131.10.28.60.02.002,2976.0,engine_median,DERIVED,1,0.0,2026-09-06T23:07:09.964344+00:00,
131.10.28.60.03.001,3348.0,engine_median,DERIVED,1,0.0,2026-09-06T23:07:09.964344+00:00,
131.10.28.60.03.002,2976.0,engine_median,DERIVED,1,0.0,2026-09-06T23:07:09.964344+00:00,
131.10.28.60.05.001,3627.0,engine_median,DERIVED,1,0.0,2026-09-06T23:07:09.964344+00:00,
131.10.28.60.06.001,3255.0,engine_median,DERIVED,1,0.0,2026-09-06T23:07:09.964344+00:00,
131.10.28.60.11.001,3348.0,engine_median,DERIVED,1,0.0,2026-09-06T23:07:09.964344+00:00,
131.10.28.60.52.001,4092.0,engine_median,DERIVED,1,0.0,2026-09-06T23:07:09.964344+00:00,
131.10.28.60.55.001,4464.0,engine_median,DERIVED,1,0.0,2026-09-06T23:07:09.964344+00:00,
131.10.28.60.56.001,4092.0,engine_median,DERIVED,1,0.0,2026-09-06T23:07:09.964344+00:00,
131.10.28.60.60.001,4185.0,engine_median,DERIVED,1,0.0,2026-09-06T23:07:09.964344+00:00,
131.10.28.60.60.002,4185.0,engine_median,DERIVED,1,0.0,2026-09-06T23:07:09.964344+00:00,
131.10.29.20.02.001,3223.03,engine_median,DERIVED,1,0.0,2026-09-06T23:07:09.964344+00:00,
131.10.29.20.52.001,7905.0,engine_median,DERIVED,1,0.0,2026-09-06T23:07:09.964344+00:00,
131.10.29.20.53.001,9672.0,engine_median,DERIVED,1,0.0,2026-09-06T23:07:09.964344+00:00,
131.10.29.20.55.001,3878.0,manual_check,VERIFIED,2,113.4,2026-08-08,8300.0
131.10.34.20.02.001,7440.0,engine_median,DERIVED,1,0.0,2026-09-06T23:07:09.964344+00:00,
131.10.34.20.53.001,8742.0,engine_median,DERIVED,1,0.0,2026-09-06T23:07:09.964344+00:00,
131.10.36.20.01.001,6882.0,engine_median,DERIVED,1,0.0,2026-09-06T23:07:09.964344+00:00,6600.0
131.10.36.20.02.001,2953.51,engine_median,DERIVED,1,0.0,2026-09-06T23:07:09.964344+00:00,6600.0
131.10.36.20.06.001,2953.51,engine_median,DERIVED,1,0.0,2026-09-06T23:07:09.964344+00:00,6600.0
131.10.36.60.01.001,2095.0,manual_check,VERIFIED,2,38.0,2026-05,3300.0
131.10.39.20.01.001,6882.0,engine_median,DERIVED,1,0.0,2026-09-06T23:07:09.964344+00:00,
131.10.39.20.02.001,6882.0,engine_median,DERIVED,1,0.0,2026-09-06T23:07:09.964344+00:00,
131.10.39.20.06.001,6882.0,engine_median,DERIVED,1,0.0,2026-09-06T23:07:09.964344+00:00,
131.13.34.20.02.001,7161.0,engine_median,DERIVED,1,0.0,2026-09-06T23:07:09.964344+00:00,
131.13.34.20.53.001,8463.0,engine_median,DERIVED,1,0.0,2026-09-06T23:07:09.964344+00:00,
131.13.39.20.01.001,6696.0,engine_median,DERIVED,1,0.0,2026-09-06T23:07:09.964344+00:00,
131.15.25.60.52.001,3990.58,engine_median,DERIVED,1,0.0,2026-09-06T23:07:09.964344+00:00,
131.15.25.60.53.001,8277.0,engine_median,DERIVED,1,0.0,2026-09-06T23:07:09.964344+00:00,
131.15.25.60.53.002,7719.0,engine_median,DERIVED,1,0.0,2026-09-06T23:07:09.964344+00:00,
131.15.25.60.55.001,6882.0,engine_median,DERIVED,1,0.0,2026-09-06T23:07:09.964344+00:00,
131.15.25.60.55.002,7626.0,engine_median,DERIVED,1,0.0,2026-09-06T23:07:09.964344+00:00,
131.15.25.60.56.001,4731.93,engine_median,DERIVED,1,0.0,2026-09-06T23:07:09.964344+00:00,
131.15.25.60.99.001,8835.0,engine_median,DERIVED,1,0.0,2026-09-06T23:07:09.964344+00:00,
131.15.28.60.01.001,5952.0,engine_median,DERIVED,1,0.0,2026-09-06T23:07:09.964344+00:00,
131.15.28.60.02.001,5952.0,engine_median,DERIVED,1,0.0,2026-09-06T23:07:09.964344+00:00,
131.15.28.60.11.001,5952.0,engine_median,DERIVED,1,0.0,2026-09-06T23:07:09.964344+00:00,
131.15.28.60.55.001,7533.0,engine_median,DERIVED,1,0.0,2026-09-06T23:07:09.964344+00:00,
131.15.28.60.56.001,4458.72,engine_median,DERIVED,1,0.0,2026-09-06T23:07:09.964344+00:00,
131.15.28.60.60.001,7905.0,engine_median,DERIVED,1,0.0,2026-09-06T23:07:09.964344+00:00,
131.15.28.60.99.001,6491.2,engine_median,DERIVED,1,0.0,2026-09-06T23:07:09.964344+00:00,
131.15.29.20.52.001,6287.13,engine_median,DERIVED,1,0.0,2026-09-06T23:07:09.964344+00:00,
131.15.29.20.53.001,13020.0,engine_median,DERIVED,1,0.0,2026-09-06T23:07:09.964344+00:00,
131.15.29.20.55.001,11625.0,engine_median,DERIVED,1,0.0,2026-09-06T23:07:09.964344+00:00,
131.15.29.20.60.001,12183.0,engine_median,DERIVED,1,0.0,2026-09-06T23:07:09.964344+00:00,
131.15.29.20.99.001,13578.0,engine_median,DERIVED,1,0.0,2026-09-06T23:07:09.964344+00:00,
131.18.29.20.60.001,11904.0,engine_median,DERIVED,1,0.0,2026-09-06T23:07:09.964344+00:00,
131.18.36.20.61.001,12648.0,engine_median,DERIVED,1,0.0,2026-09-06T23:07:09.964344+00:00,
131.20.25.60.02.001,5394.0,engine_median,DERIVED,1,0.0,2026-09-06T23:07:09.964344+00:00,
131.20.25.60.02.002,5394.0,engine_median,DERIVED,1,0.0,2026-09-06T23:07:09.964344+00:00,
131.20.25.60.05.001,2338.3,engine_median,DERIVED,1,0.0,2026-09-06T23:07:09.964344+00:00,
131.20.25.60.05.002,5859.0,engine_median,DERIVED,1,0.0,2026-09-06T23:07:09.964344+00:00,
131.20.25.60.53.001,4427.21,engine_median,DERIVED,1,0.0,2026-09-06T23:07:09.964344+00:00,
131.20.25.60.53.002,7905.0,engine_median,DERIVED,1,0.0,2026-09-06T23:07:09.964344+00:00,
131.20.25.60.55.001,6789.0,engine_median,DERIVED,1,0.0,2026-09-06T23:07:09.964344+00:00,
131.20.25.60.55.002,4913.16,engine_median,DERIVED,1,0.0,2026-09-06T23:07:09.964344+00:00,
131.20.25.60.63.001,6231.0,engine_median,DERIVED,1,0.0,2026-09-06T23:07:09.964344+00:00,
131.20.28.60.02.001,5766.0,engine_median,DERIVED,1,0.0,2026-09-06T23:07:09.964344+00:00,
131.20.28.60.05.001,6231.0,engine_median,DERIVED,1,0.0,2026-09-06T23:07:09.964344+00:00,
131.20.28.60.05.002,6231.0,engine_median,DERIVED,1,0.0,2026-09-06T23:07:09.964344+00:00,
131.20.28.60.52.001,6789.0,engine_median,DERIVED,1,0.0,2026-09-06T23:07:09.964344+00:00,
131.20.28.60.55.001,7068.0,engine_median,DERIVED,1,0.0,2026-09-06T23:07:09.964344+00:00,
131.20.29.20.02.002,10416.0,engine_median,DERIVED,1,0.0,2026-09-06T23:07:09.964344+00:00,
131.20.29.20.05.002,10788.0,engine_median,DERIVED,1,0.0,2026-09-06T23:07:09.964344+00:00,
131.20.29.20.13.001,4784.36,engine_median,DERIVED,1,0.0,2026-09-06T23:07:09.964344+00:00,
131.20.29.20.52.001,11625.0,engine_median,DERIVED,1,0.0,2026-09-06T23:07:09.964344+00:00,
131.20.29.20.52.002,11625.0,engine_median,DERIVED,1,0.0,2026-09-06T23:07:09.964344+00:00,
131.20.29.20.53.001,13299.0,engine_median,DERIVED,1,0.0,2026-09-06T23:07:09.964344+00:00,
131.20.29.20.53.002,13671.0,engine_median,DERIVED,1,0.0,2026-09-06T23:07:09.964344+00:00,
131.20.29.20.55.001,11904.0,engine_median,DERIVED,1,0.0,2026-09-06T23:07:09.964344+00:00,
131.20.29.20.55.002,11904.0,engine_median,DERIVED,1,0.0,2026-09-06T23:07:09.964344+00:00,
131.20.29.20.58.001,11625.0,engine_median,DERIVED,1,0.0,2026-09-06T23:07:09.964344+00:00,
131.20.34.20.63.001,13578.0,engine_median,DERIVED,1,0.0,2026-09-06T23:07:09.964344+00:00,
131.20.36.20.02.001,4282.5,engine_median,DERIVED,1,0.0,2026-09-06T23:07:09.964344+00:00,11800.0
131.20.36.20.02.002,4271.77,engine_median,DERIVED,1,0.0,2026-09-06T23:07:09.964344+00:00,11800.0
131.20.36.20.08.001,4672.83,engine_median,DERIVED,1,0.0,2026-09-06T23:07:09.964344+00:00,9400.0
131.20.36.20.13.001,4282.5,engine_median,DERIVED,1,0.0,2026-09-06T23:07:09.964344+00:00,
131.20.36.20.52.001,5224.22,engine_median,DERIVED,1,0.0,2026-09-06T23:07:09.964344+00:00,
131.20.36.20.58.001,4895.88,engine_median,DERIVED,1,0.0,2026-09-06T23:07:09.964344+00:00,12000.0
131.20.36.60.02.001,6696.0,engine_median,DERIVED,1,0.0,2026-09-06T23:07:09.964344+00:00,
131.20.36.60.02.002,6882.0,engine_median,DERIVED,1,0.0,2026-09-06T23:07:09.964344+00:00,
131.20.39.20.02.001,12090.0,engine_median,DERIVED,1,0.0,2026-09-06T23:07:09.964344+00:00,
131.20.39.20.08.001,11718.0,engine_median,DERIVED,1,0.0,2026-09-06T23:07:09.964344+00:00,
131.20.39.20.13.001,4561.32,engine_median,DERIVED,1,0.0,2026-09-06T23:07:09.964344+00:00,10300.0
131.20.39.20.52.001,14136.0,engine_median,DERIVED,1,0.0,2026-09-06T23:07:09.964344+00:00,
131.20.39.20.52.002,14136.0,engine_median,DERIVED,1,0.0,2026-09-06T23:07:09.964344+00:00,
131.20.39.20.58.001,14136.0,engine_median,DERIVED,1,0.0,2026-09-06T23:07:09.964344+00:00,
131.23.29.20.99.001,12462.0,engine_median,DERIVED,1,0.0,2026-09-06T23:07:09.964344+00:00,
131.23.29.20.99.002,12462.0,engine_median,DERIVED,1,0.0,2026-09-06T23:07:09.964344+00:00,
131.23.29.20.99.003,6826.94,engine_median,DERIVED,1,0.0,2026-09-06T23:07:09.964344+00:00,
131.23.34.20.63.001,10230.0,engine_median,DERIVED,1,0.0,2026-09-06T23:07:09.964344+00:00,
131.23.39.20.02.001,4170.98,engine_median,DERIVED,1,0.0,2026-09-06T23:07:09.964344+00:00,10300.0
131.23.39.20.02.002,4170.98,engine_median,DERIVED,1,0.0,2026-09-06T23:07:09.964344+00:00,8900.0
131.23.39.20.08.001,4835.67,engine_median,DERIVED,1,0.0,2026-09-06T23:07:09.964344+00:00,
131.23.39.20.13.001,3669.13,engine_median,DERIVED,1,0.0,2026-09-06T23:07:09.964344+00:00,10300.0
131.23.39.20.52.001,5174.69,engine_median,DERIVED,1,0.0,2026-09-06T23:07:09.964344+00:00,
131.23.39.20.58.001,4541.41,engine_median,DERIVED,1,0.0,2026-09-06T23:07:09.964344+00:00,
131.23.41.21.11.001,10788.0,engine_median,DERIVED,1,0.0,2026-09-06T23:07:09.964344+00:00,
131.25.25.60.55.001,9858.0,engine_median,DERIVED,1,0.0,2026-09-06T23:07:09.964344+00:00,
131.25.25.60.55.002,9858.0,engine_median,DERIVED,1,0.0,2026-09-06T23:07:09.964344+00:00,
131.25.25.60.60.001,10044.0,engine_median,DERIVED,1,0.0,2026-09-06T23:07:09.964344+00:00,
131.25.25.60.60.002,10323.0,engine_median,DERIVED,1,0.0,2026-09-06T23:07:09.964344+00:00,
131.25.25.60.99.001,11718.0,engine_median,DERIVED,1,0.0,2026-09-06T23:07:09.964344+00:00,
131.25.25.60.99.002,11718.0,engine_median,DERIVED,1,0.0,2026-09-06T23:07:09.964344+00:00,
131.25.28.60.55.001,10788.0,engine_median,DERIVED,1,0.0,2026-09-06T23:07:09.964344+00:00,
131.25.28.60.55.002,10788.0,engine_median,DERIVED,1,0.0,2026-09-06T23:07:09.964344+00:00,
131.25.28.60.55.003,11811.0,engine_median,DERIVED,1,0.0,2026-09-06T23:07:09.964344+00:00,
131.25.28.60.58.001,10416.0,engine_median,DERIVED,1,0.0,2026-09-06T23:07:09.964344+00:00,
131.25.28.60.60.001,11439.0,engine_median,DERIVED,1,0.0,2026-09-06T23:07:09.964344+00:00,
131.25.28.60.63.001,10416.0,engine_median,DERIVED,1,0.0,2026-09-06T23:07:09.964344+00:00,
131.25.28.60.99.001,12648.0,engine_median,DERIVED,1,0.0,2026-09-06T23:07:09.964344+00:00,
131.25.28.60.99.002,12276.0,engine_median,DERIVED,1,0.0,2026-09-06T23:07:09.964344+00:00,
131.25.29.20.52.001,15252.0,engine_median,DERIVED,1,0.0,2026-09-06T23:07:09.964344+00:00,
131.25.29.20.52.002,15252.0,engine_median,DERIVED,1,0.0,2026-09-06T23:07:09.964344+00:00,
131.25.29.20.52.003,16368.0,engine_median,DERIVED,1,0.0,2026-09-06T23:07:09.964344+00:00,
131.25.29.20.53.001,17298.0,engine_median,DERIVED,1,0.0,2026-09-06T23:07:09.964344+00:00,
131.25.29.20.53.002,16833.0,engine_median,DERIVED,1,0.0,2026-09-06T23:07:09.964344+00:00,
131.25.29.20.55.001,15624.0,engine_median,DERIVED,1,0.0,2026-09-06T23:07:09.964344+00:00,
131.25.29.20.55.002,15624.0,engine_median,DERIVED,1,0.0,2026-09-06T23:07:09.964344+00:00,
131.25.29.20.58.002,16368.0,engine_median,DERIVED,1,0.0,2026-09-06T23:07:09.964344+00:00,
131.25.29.20.63.001,15252.0,engine_median,DERIVED,1,0.0,2026-09-06T23:07:09.964344+00:00,
131.25.29.20.99.001,17298.0,engine_median,DERIVED,1,0.0,2026-09-06T23:07:09.964344+00:00,
131.25.29.20.99.002,17298.0,engine_median,DERIVED,1,0.0,2026-09-06T23:07:09.964344+00:00,
131.25.34.20.55.001,19809.0,engine_median,DERIVED,1,0.0,2026-09-06T23:07:09.964344+00:00,
131.25.39.20.52.001,22971.0,engine_median,DERIVED,1,0.0,2026-09-06T23:07:09.964344+00:00,
131.25.39.20.52.002,22971.0,engine_median,DERIVED,1,0.0,2026-09-06T23:07:09.964344+00:00,
131.28.29.20.52.001,14043.0,engine_median,DERIVED,1,0.0,2026-09-06T23:07:09.964344+00:00,
131.28.29.20.58.001,14043.0,engine_median,DERIVED,1,0.0,2026-09-06T23:07:09.964344+00:00,
131.28.29.20.99.001,16368.0,engine_median,DERIVED,1,0.0,2026-09-06T23:07:09.964344+00:00,
131.28.29.20.99.002,16368.0,engine_median,DERIVED,1,0.0,2026-09-06T23:07:09.964344+00:00,
131.28.29.20.99.003,16368.0,engine_median,DERIVED,1,0.0,2026-09-06T23:07:09.964344+00:00,
131.28.34.20.55.001,17763.0,engine_median,DERIVED,1,0.0,2026-09-06T23:07:09.964344+00:00,
131.28.36.20.53.001,16368.0,engine_median,DERIVED,1,0.0,2026-09-06T23:07:09.964344+00:00,
131.28.36.20.63.001,16368.0,engine_median,DERIVED,1,0.0,2026-09-06T23:07:09.964344+00:00,
131.30.41.21.01.001,7626.0,engine_median,DERIVED,1,0.0,2026-09-06T23:07:09.964344+00:00,7400.0
131.30.41.21.04.001,7626.0,engine_median,DERIVED,1,0.0,2026-09-06T23:07:09.964344+00:00,
131.30.41.21.99.000,5378.09,engine_median,DERIVED,1,0.0,2026-09-06T23:07:09.964344+00:00,
131.30.41.21.99.001,10137.0,engine_median,DERIVED,1,0.0,2026-09-06T23:07:09.964344+00:00,
131.30.41.21.99.002,10137.0,engine_median,DERIVED,1,0.0,2026-09-06T23:07:09.964344+00:00,
131.30.41.21.99.003,9765.0,engine_median,DERIVED,1,0.0,2026-09-06T23:07:09.964344+00:00,
131.33.41.21.01.001,5702.15,engine_median,DERIVED,1,0.0,2026-09-06T23:07:09.964344+00:00,
131.33.41.21.04.001,7440.0,engine_median,DERIVED,1,0.0,2026-09-06T23:07:09.964344+00:00,
131.33.41.21.06.001,7440.0,engine_median,DERIVED,1,0.0,2026-09-06T23:07:09.964344+00:00,
131.50.29.20.55.001,30318.0,engine_median,DERIVED,1,0.0,2026-09-06T23:07:09.964344+00:00,
131.50.29.20.55.002,30318.0,engine_median,DERIVED,1,0.0,2026-09-06T23:07:09.964344+00:00,
131.50.29.20.58.001,29760.0,engine_median,DERIVED,1,0.0,2026-09-06T23:07:09.964344+00:00,
131.50.39.20.02.001,43989.0,engine_median,DERIVED,1,0.0,2026-09-06T23:07:09.964344+00:00,
131.50.41.21.99.001,47151.0,engine_median,DERIVED,1,0.0,2026-09-06T23:07:09.964344+00:00,
131.50.41.21.99.002,47151.0,engine_median,DERIVED,1,0.0,2026-09-06T23:07:09.964344+00:00,
131.53.29.20.52.001,16368.0,engine_median,DERIVED,1,0.0,2026-09-06T23:07:09.964344+00:00,
131.53.29.20.52.002,16368.0,engine_median,DERIVED,1,0.0,2026-09-06T23:07:09.964344+00:00,
131.53.29.20.53.001,18600.0,engine_median,DERIVED,1,0.0,2026-09-06T23:07:09.964344+00:00,
131.53.29.20.53.003,18600.0,engine_median,DERIVED,1,0.0,2026-09-06T23:07:09.964344+00:00,
131.53.29.20.55.001,16833.0,engine_median,DERIVED,1,0.0,2026-09-06T23:07:09.964344+00:00,
131.53.29.20.55.002,16833.0,engine_median,DERIVED,1,0.0,2026-09-06T23:07:09.964344+00:00,
131.53.29.20.99.001,20925.0,engine_median,DERIVED,1,0.0,2026-09-06T23:07:09.964344+00:00,
131.53.29.20.99.002,20925.0,engine_median,DERIVED,1,0.0,2026-09-06T23:07:09.964344+00:00,
131.53.29.20.99.003,20925.0,engine_median,DERIVED,1,0.0,2026-09-06T23:07:09.964344+00:00,
131.53.39.20.03.001,25575.0,engine_median,DERIVED,1,0.0,2026-09-06T23:07:09.964344+00:00,
131.55.25.60.52.001,26412.0,engine_median,DERIVED,1,0.0,2026-09-06T23:07:09.964344+00:00,
131.55.25.60.55.001,25110.0,engine_median,DERIVED,1,0.0,2026-09-06T23:07:09.964344+00:00,
131.55.25.60.55.002,25110.0,engine_median,DERIVED,1,0.0,2026-09-06T23:07:09.964344+00:00,
131.55.25.60.55.003,28365.0,engine_median,DERIVED,1,0.0,2026-09-06T23:07:09.964344+00:00,
131.55.25.60.99.002,26505.0,engine_median,DERIVED,1,0.0,2026-09-06T23:07:09.964344+00:00,
131.55.25.60.99.003,28086.0,engine_median,DERIVED,1,0.0,2026-09-06T23:07:09.964344+00:00,
131.55.28.60.55.001,27621.0,engine_median,DERIVED,1,0.0,2026-09-06T23:07:09.964344+00:00,
131.55.28.60.55.003,36735.0,engine_median,DERIVED,1,0.0,2026-09-06T23:07:09.964344+00:00,
131.55.28.60.55.007,36735.0,engine_median,DERIVED,1,0.0,2026-09-06T23:07:09.964344+00:00,
131.55.28.60.58.001,30597.0,engine_median,DERIVED,1,0.0,2026-09-06T23:07:09.964344+00:00,
131.55.28.60.60.001,28923.0,engine_median,DERIVED,1,0.0,2026-09-06T23:07:09.964344+00:00,
131.55.28.60.99.005,30597.0,engine_median,DERIVED,1,0.0,2026-09-06T23:07:09.964344+00:00,
131.55.28.60.99.006,28923.0,engine_median,DERIVED,1,0.0,2026-09-06T23:07:09.964344+00:00,
131.55.29.20.53.003,35712.0,engine_median,DERIVED,1,0.0,2026-09-06T23:07:09.964344+00:00,
131.55.29.20.55.001,36177.0,engine_median,DERIVED,1,0.0,2026-09-06T23:07:09.964344+00:00,
131.55.29.20.55.002,34131.0,engine_median,DERIVED,1,0.0,2026-09-06T23:07:09.964344+00:00,
131.55.29.20.55.003,38316.0,engine_median,DERIVED,1,0.0,2026-09-06T23:07:09.964344+00:00,
131.55.29.20.60.001,37944.0,engine_median,DERIVED,1,0.0,2026-09-06T23:07:09.964344+00:00,
131.55.29.20.99.005,35340.0,engine_median,DERIVED,1,0.0,2026-09-06T23:07:09.964344+00:00,
131.55.29.20.99.006,37479.0,engine_median,DERIVED,1,0.0,2026-09-06T23:07:09.964344+00:00,
131.55.34.20.61.001,44175.0,engine_median,DERIVED,1,0.0,2026-09-06T23:07:09.964344+00:00,
131.58.29.20.52.001,20274.0,engine_median,DERIVED,1,0.0,2026-09-06T23:07:09.964344+00:00,
131.58.29.20.52.002,21483.0,engine_median,DERIVED,1,0.0,2026-09-06T23:07:09.964344+00:00,
131.58.29.20.53.001,22413.0,engine_median,DERIVED,1,0.0,2026-09-06T23:07:09.964344+00:00,
131.58.29.20.53.003,23808.0,engine_median,DERIVED,1,0.0,2026-09-06T23:07:09.964344+00:00,
131.58.29.20.55.002,22041.0,engine_median,DERIVED,1,0.0,2026-09-06T23:07:09.964344+00:00,
131.58.29.20.55.003,23529.0,engine_median,DERIVED,1,0.0,2026-09-06T23:07:09.964344+00:00,
131.58.29.20.58.001,20274.0,engine_median,DERIVED,1,0.0,2026-09-06T23:07:09.964344+00:00,
131.58.29.20.60.002,23157.0,engine_median,DERIVED,1,0.0,2026-09-06T23:07:09.964344+00:00,
131.58.29.20.99.004,24738.0,engine_median,DERIVED,1,0.0,2026-09-06T23:07:09.964344+00:00,
131.58.29.20.99.005,24738.0,engine_median,DERIVED,1,0.0,2026-09-06T23:07:09.964344+00:00,
131.58.29.20.99.006,24738.0,engine_median,DERIVED,1,0.0,2026-09-06T23:07:09.964344+00:00,
131.58.34.20.61.001,29946.0,engine_median,DERIVED,1,0.0,2026-09-06T23:07:09.964344+00:00,
1312.30,1438.0,manual_check,VERIFIED,1,0.0,2026-08-09,
134300,10206.0,manual_check,VERIFIED,2,7.1,2026-08-09,7050.0
134303,15108.83,engine_median,DERIVED,1,0.0,2026-09-06T23:07:09.964344+00:00,9650.0
135836,16338.19,engine_median,DERIVED,1,0.0,2026-09-06T23:07:09.964344+00:00,
135837,17286.15,engine_median,DERIVED,1,0.0,2026-09-06T23:07:09.964344+00:00,
136.029,41926.0,manual_check,VERIFIED,2,8.7,2026-08-09,63000.0
136.032,41700.0,manual_check,VERIFIED,1,0.0,2026-08-09,
136143,17989.59,engine_median,DERIVED,1,0.0,2026-09-06T23:07:09.964344+00:00,
136660,14299.0,manual_check,VERIFIED,2,16.7,2026-08-09,15880.0
136668LB,58435.0,manual_check,VERIFIED,2,5.8,2026-08-09,
1368430,8844.0,manual_check,VERIFIED,1,0.0,2026-08-09,
1368471,7728.0,manual_check,VERIFIED,1,0.0,2026-08-09,
1368480,8206.0,manual_check,VERIFIED,1,0.0,2026-08-09,
137558,17732.24,engine_median,DERIVED,1,0.0,2026-09-06T23:07:09.964344+00:00,
139.025,35575.0,manual_check,VERIFIED,1,0.0,2026-08-09,
139.032,33168.0,manual_check,VERIFIED,1,0.0,2026-08-09,
140.029,59620.0,manual_check,VERIFIED,2,0.7,2026-08-09,
140.032,57767.0,manual_check,VERIFIED,1,0.0,2026-08-09,
140.13.39.21.01.001,11346.0,engine_median,DERIVED,1,0.0,2026-09-06T23:07:09.964344+00:00,
140.13.39.21.02.001,10137.0,engine_median,DERIVED,1,0.0,2026-09-06T23:07:09.964344+00:00,
140.13.39.21.03.001,10137.0,engine_median,DERIVED,1,0.0,2026-09-06T23:07:09.964344+00:00,
140.13.39.21.10.001,10137.0,engine_median,DERIVED,1,0.0,2026-09-06T23:07:09.964344+00:00,
140.50.39.21.99.001,54963.0,engine_median,DERIVED,1,0.0,2026-09-06T23:07:09.964344+00:00,
140.53.39.21.99.001,35247.0,engine_median,DERIVED,1,0.0,2026-09-06T23:07:09.964344+00:00,
140.53.39.21.99.002,35247.0,engine_median,DERIVED,1,0.0,2026-09-06T23:07:09.964344+00:00,
140.53.39.21.99.004,40920.0,engine_median,DERIVED,1,0.0,2026-09-06T23:07:09.964344+00:00,
140.93.39.21.99.001,53754.0,engine_median,DERIVED,1,0.0,2026-09-06T23:07:09.964344+00:00,
14000,4541.41,engine_median,DERIVED,1,0.0,2026-09-06T23:07:09.964344+00:00,
14010,5070.71,engine_median,DERIVED,1,0.0,2026-09-06T23:07:09.964344+00:00,
14060,9525.0,manual_check,VERIFIED,2,0.5,2026-08-09,
14060M,9505.0,manual_check,VERIFIED,2,3.4,2026-08-09,
14238CH,15836.66,engine_median,DERIVED,1,0.0,2026-09-06T23:07:09.964344+00:00,
14270,5700.0,manual_check,EST,2,38.5,2026,
143117,13717.4,engine_median,DERIVED,1,0.0,2026-09-06T23:07:09.964344+00:00,
143118,13940.44,engine_median,DERIVED,1,0.0,2026-09-06T23:07:09.964344+00:00,
145.029,93343.0,manual_check,VERIFIED,1,0.0,2026-08-09,
145.032,125550.0,engine_median,DERIVED,1,0.0,2026-09-06T23:07:09.964344+00:00,
145927,13828.92,engine_median,DERIVED,1,0.0,2026-09-06T23:07:09.964344+00:00,
1465.71,1315.0,manual_check,VERIFIED,1,0.0,2026-08-09,
14790ST,25429.0,engine_median,DERIVED,1,0.0,2026-09-06T23:07:09.964344+00:00,
148.038,85651.0,manual_check,VERIFIED,1,0.0,2026-08-09,
15.30.40.20.01.001,4302.0,manual_check,VERIFIED,1,0.0,2026-08-09,
15.30.40.20.03.001,4246.0,manual_check,VERIFIED,1,0.0,2026-08-09,
15.30.40.20.03.002,5714.0,manual_check,VERIFIED,1,0.0,2026-08-09,
15.30.44.21.01.001,4285.0,manual_check,VERIFIED,1,0.0,2026-08-09,
15.30.44.21.01.002,4550.0,manual_check,VERIFIED,1,0.0,2026-08-09,
15.30.44.21.03.001,4102.0,manual_check,VERIFIED,1,0.0,2026-08-09,
15.30.44.21.04.001,4731.0,manual_check,VERIFIED,1,0.0,2026-08-09,
15.30.44.22.01.001,5145.0,manual_check,VERIFIED,1,0.0,2026-08-09,
15.30.46.51.01.001,5261.0,manual_check,VERIFIED,1,0.0,2026-08-09,
15.30.46.51.03.001,5526.0,manual_check,VERIFIED,1,0.0,2026-08-09,
15.32.44.21.01.001,4533.0,manual_check,VERIFIED,1,0.0,2026-08-09,
1500,3800.0,manual_check,EST,2,23.1,2026-07,
15000,4318.32,engine_median,DERIVED,1,0.0,2026-09-06T23:07:09.964344+00:00,
15018,7333.76,engine_median,DERIVED,1,0.0,2026-09-06T23:07:09.964344+00:00,
1502.30,1320.0,manual_check,VERIFIED,1,0.0,2026-08-09,
1502.40,1575.0,manual_check,VERIFIED,1,0.0,2026-08-09,
1505,6802.33,engine_median,DERIVED,1,0.0,2026-09-06T23:07:09.964344+00:00,
15050SA,22131.77,engine_median,DERIVED,1,0.0,2026-09-06T23:07:09.964344+00:00,
15053,4570.88,engine_median,DERIVED,1,0.0,2026-09-06T23:07:09.964344+00:00,
15116PT,10054.69,engine_median,DERIVED,1,0.0,2026-09-06T23:07:09.964344+00:00,
1512.30,1109.0,manual_check,VERIFIED,1,0.0,2026-08-09,
1512.40,1134.0,manual_check,VERIFIED,1,0.0,2026-08-09,
15182OR.ZZ.A102CR.01,9072.6,engine_median,DERIVED,1,0.0,2026-09-06T23:07:09.964344+00:00,
15200,5282.44,engine_median,DERIVED,1,0.0,2026-09-06T23:07:09.964344+00:00,
15200BLTA,4844.66,engine_median,DERIVED,1,0.0,2026-09-06T23:07:09.964344+00:00,
15210,4315.2,engine_median,DERIVED,1,0.0,2026-09-06T23:07:09.964344+00:00,
15210BC,19327.0,manual_check,VERIFIED,2,53.7,2026-08-09,34400.0
15210CR,17938.0,manual_check,VERIFIED,2,16.7,2026-08-09,
15210OR,20091.0,manual_check,VERIFIED,2,8.1,2026-08-09,
15210QT,21509.0,manual_check,VERIFIED,1,0.0,2026-08-09,
15210ST,18006.0,manual_check,VERIFIED,2,0.7,2026-08-09,
15210WHTA,4825.4,engine_median,DERIVED,1,0.0,2026-09-06T23:07:09.964344+00:00,
15212NB,60668.0,manual_check,VERIFIED,1,0.0,2026-08-09,
152301,16430.11,engine_median,DERIVED,1,0.0,2026-09-06T23:07:09.964344+00:00,
15300ST,38601.34,engine_median,DERIVED,1,0.0,2026-09-06T23:07:09.964344+00:00,
15300ST.OO.1220ST.01,33583.5,engine_median,DERIVED,1,0.0,2026-09-06T23:07:09.964344+00:00,
15335OR.OO.A092CR.01,14668.51,engine_median,DERIVED,1,0.0,2026-09-06T23:07:09.964344+00:00,
15400OR,64887.8,engine_median,DERIVED,1,0.0,2026-09-06T23:07:09.964344+00:00,
15400ST,33203.85,engine_median,DERIVED,1,0.0,2026-09-06T23:07:09.964344+00:00,
15407OR,207555.0,manual_check,VERIFIED,1,0.0,2026-08-09,
15407ST,146144.0,manual_check,VERIFIED,2,8.6,2026-08-09,
15416CE,245912.0,manual_check,VERIFIED,2,7.0,2026-08-09,
15450ST,42381.67,engine_median,DERIVED,1,0.0,2026-09-06T23:07:09.964344+00:00,
15450ST.OO.1256.ST.02,36828.21,engine_median,DERIVED,1,0.0,2026-09-06T23:07:09.964344+00:00,
15450ST.OO.1256ST.01,32736.19,engine_median,DERIVED,1,0.0,2026-09-06T23:07:09.964344+00:00,
15451ST.ZZ.1256ST.02,40920.23,engine_median,DERIVED,1,0.0,2026-09-06T23:07:09.964344+00:00,
15467BC,156778.41,engine_median,DERIVED,1,0.0,2026-09-06T23:07:09.964344+00:00,
15467OR,118643.0,manual_check,VERIFIED,1,0.0,2026-08-09,
15500OR,51790.0,manual_check,VERIFIED,1,0.0,2026-08-09,
15500ST,41258.0,manual_check,VERIFIED,2,11.8,2026-08-09,
15503BC,68395.25,engine_median,DERIVED,1,0.0,2026-09-06T23:07:09.964344+00:00,
15505,6603.12,engine_median,DERIVED,1,0.0,2026-09-06T23:07:09.964344+00:00,
15510BC,97450.0,manual_check,VERIFIED,2,11.1,2026-08-09,
15510OR,64860.0,manual_check,VERIFIED,2,26.2,2026-08-09,58400.0
15510ST,46408.0,manual_check,VERIFIED,2,9.5,2026-08-09,31900.0
15550BA,93956.0,manual_check,VERIFIED,1,0.0,2026-08-09,
15550SR,44147.0,manual_check,VERIFIED,1,0.0,2026-08-09,
15550ST,45215.0,manual_check,VERIFIED,2,8.9,2026-08-09,
15551BC.ZZ.D405CR.01,80854.55,engine_median,DERIVED,1,0.0,2026-09-06T23:07:09.964344+00:00,
15551OR,89490.0,manual_check,VERIFIED,1,0.0,2026-08-09,
15551ST,51200.0,manual_check,VERIFIED,1,0.0,2026-08-09,
15600TI,43488.0,manual_check,VERIFIED,1,0.0,2026-08-09,
15605SK,31431.0,manual_check,VERIFIED,1,0.0,2026-08-09,
1561.61,1020.0,manual_check,VERIFIED,1,0.0,2026-08-09,
1561.71,1169.0,manual_check,VERIFIED,1,0.0,2026-08-09,
15613,1591.84,engine_median,DERIVED,1,0.0,2026-09-06T23:07:09.964344+00:00,
1562.30,1045.0,manual_check,VERIFIED,1,0.0,2026-08-09,
15633,1169.15,engine_median,DERIVED,1,0.0,2026-09-06T23:07:09.964344+00:00,
15707CE.OO.A002CA.01,29295.0,engine_median,DERIVED,1,0.0,2026-09-06T23:07:09.964344+00:00,
1572.30,1003.0,manual_check,VERIFIED,1,0.0,2026-08-09,
15720CN,35229.0,manual_check,VERIFIED,2,22.3,2026-08-09,
15720ST,25094.0,manual_check,VERIFIED,1,0.0,2026-08-09,
1600,7865.19,engine_median,DERIVED,1,0.0,2026-09-06T23:07:09.964344+00:00,
1601,4946.0,manual_check,VERIFIED,2,7.2,2026-07,
16013,6045.0,engine_median,DERIVED,2,28.9,2026-09-06T23:07:09.964344+00:00,
16014,5701.0,manual_check,VERIFIED,2,9.5,2026-05,
16018,23250.0,engine_median,DERIVED,1,0.0,2026-09-06T23:07:09.964344+00:00,
1603,4840.0,manual_check,EST,2,51.5,2026-07,
16030,5718.25,engine_median,DERIVED,1,0.0,2026-09-06T23:07:09.964344+00:00,
1607,11591.04,engine_median,DERIVED,1,0.0,2026-09-06T23:07:09.964344+00:00,
16200,5950.0,manual_check,EST,2,19.7,2026-07,
16202BA,125941.0,manual_check,VERIFIED,1,0.0,2026-08-09,
16202BC,107943.0,manual_check,VERIFIED,1,0.0,2026-08-09,
16202OR,116555.0,manual_check,VERIFIED,1,0.0,2026-08-09,
16202PT,163680.94,engine_median,DERIVED,1,0.0,2026-09-06T23:07:09.964344+00:00,
16202ST,79513.0,manual_check,VERIFIED,1,0.0,2026-08-09,
16203,8396.63,engine_median,DERIVED,1,0.0,2026-09-06T23:07:09.964344+00:00,
16220,5880.0,manual_check,EST,2,17.3,2026-07,
16233,6073.59,engine_median,DERIVED,1,0.0,2026-09-06T23:07:09.964344+00:00,
16233CHB,7014.9,engine_median,DERIVED,1,0.0,2026-09-06T23:07:09.964344+00:00,
16233CHPC,6961.76,engine_median,DERIVED,1,0.0,2026-09-06T23:07:09.964344+00:00,
16233G,7869.15,engine_median,DERIVED,1,0.0,2026-09-06T23:07:09.964344+00:00,
16233GCHHC,7588.85,engine_median,DERIVED,1,0.0,2026-09-06T23:07:09.964344+00:00,
16233NG,9937.78,engine_median,DERIVED,1,0.0,2026-09-06T23:07:09.964344+00:00,
16233NRPK,7174.33,engine_median,DERIVED,1,0.0,2026-09-06T23:07:09.964344+00:00,
16234,6696.04,engine_median,DERIVED,1,0.0,2026-09-06T23:07:09.964344+00:00,
16234BKB,7386.9,engine_median,DERIVED,1,0.0,2026-09-06T23:07:09.964344+00:00,
16234GBK,7392.21,engine_median,DERIVED,1,0.0,2026-09-06T23:07:09.964344+00:00,
16234GBL,7546.33,engine_median,DERIVED,1,0.0,2026-09-06T23:07:09.964344+00:00,
16234SVB,7023.36,engine_median,DERIVED,1,0.0,2026-09-06T23:07:09.964344+00:00,
16234SVR,7381.59,engine_median,DERIVED,1,0.0,2026-09-06T23:07:09.964344+00:00,
16238,21044.69,engine_median,DERIVED,1,0.0,2026-09-06T23:07:09.964344+00:00,
16238G,21141.66,engine_median,DERIVED,1,0.0,2026-09-06T23:07:09.964344+00:00,
1625,7337.44,engine_median,DERIVED,1,0.0,2026-09-06T23:07:09.964344+00:00,
16250,7554.41,engine_median,DERIVED,1,0.0,2026-09-06T23:07:09.964344+00:00,
16258,33463.24,engine_median,DERIVED,1,0.0,2026-09-06T23:07:09.964344+00:00,
16264,5977.31,engine_median,DERIVED,1,0.0,2026-09-06T23:07:09.964344+00:00,
16518WHA,26996.73,engine_median,DERIVED,1,0.0,2026-09-06T23:07:09.964344+00:00,
16519,29111.83,engine_median,DERIVED,1,0.0,2026-09-06T23:07:09.964344+00:00,
16519NA,33463.24,engine_median,DERIVED,1,0.0,2026-09-06T23:07:09.964344+00:00,
16520,28092.0,manual_check,VERIFIED,2,0.1,2026,
16523,16368.09,engine_median,DERIVED,1,0.0,2026-09-06T23:07:09.964344+00:00,
16523G,18004.9,engine_median,DERIVED,1,0.0,2026-09-06T23:07:09.964344+00:00,
16528,58457.48,engine_median,DERIVED,1,0.0,2026-09-06T23:07:09.964344+00:00,
16528G,38676.75,engine_median,DERIVED,1,0.0,2026-09-06T23:07:09.964344+00:00,
1655,28527.25,engine_median,DERIVED,1,0.0,2026-09-06T23:07:09.964344+00:00,
16550,21000.0,manual_check,EST,2,81.4,2022,
16570,8104.0,manual_check,VERIFIED,3,21.4,2026-08-09,
16600,9019.0,manual_check,VERIFIED,3,5.7,2026-08-09,
16610,9276.0,manual_check,VERIFIED,3,762.1,2026-08-09,
16610LV,13708.0,manual_check,VERIFIED,2,4.7,2026-08-09,
16613,10670.0,manual_check,VERIFIED,2,1.9,2026-08-09,
16613LB,11155.04,engine_median,DERIVED,1,0.0,2026-09-06T23:07:09.964344+00:00,
16618,27210.0,manual_check,VERIFIED,2,3.1,2026-08-09,
16618SGCH,32311.05,engine_median,DERIVED,1,0.0,2026-09-06T23:07:09.964344+00:00,
16622,8922.0,manual_check,VERIFIED,2,5.6,2026-08-09,
16623,11106.92,engine_median,DERIVED,1,0.0,2026-09-06T23:07:09.964344+00:00,
16623NC,14082.93,engine_median,DERIVED,1,0.0,2026-09-06T23:07:09.964344+00:00,
16628,22681.5,engine_median,DERIVED,1,0.0,2026-09-06T23:07:09.964344+00:00,
1665,15315.86,engine_median,DERIVED,1,0.0,2026-09-06T23:07:09.964344+00:00,
16660,14700.0,manual_check,EST,2,7.7,2023,
16700,12408.0,manual_check,VERIFIED,2,12.6,2026-08-09,
16710,13051.0,manual_check,VERIFIED,2,7.3,2026-08-09,
16713,11960.0,manual_check,VERIFIED,2,36.4,2026-08-09,
16713RG,14322.08,engine_median,DERIVED,1,0.0,2026-09-06T23:07:09.964344+00:00,
16713RGCH,15145.8,engine_median,DERIVED,1,0.0,2026-09-06T23:07:09.964344+00:00,
16718,36126.72,engine_median,DERIVED,1,0.0,2026-09-06T23:07:09.964344+00:00,
16718RG,35951.34,engine_median,DERIVED,1,0.0,2026-09-06T23:07:09.964344+00:00,
1675,18001.51,engine_median,DERIVED,1,0.0,2026-09-06T23:07:09.964344+00:00,
16750,13624.5,engine_median,DERIVED,1,0.0,2026-09-06T23:07:09.964344+00:00,
1675M,26539.7,engine_median,DERIVED,1,0.0,2026-09-06T23:07:09.964344+00:00,
16760,12031.1,engine_median,DERIVED,1,0.0,2026-09-06T23:07:09.964344+00:00,
1680,17420.33,engine_median,DERIVED,1,0.0,2026-09-06T23:07:09.964344+00:00,
16800,10090.5,engine_median,DERIVED,1,0.0,2026-09-06T23:07:09.964344+00:00,
168000,10520.22,engine_median,DERIVED,1,0.0,2026-09-06T23:07:09.964344+00:00,
16803,10520.36,engine_median,DERIVED,1,0.0,2026-09-06T23:07:09.964344+00:00,
16808,37120.49,engine_median,DERIVED,1,0.0,2026-09-06T23:07:09.964344+00:00,
168622,6547.24,engine_median,DERIVED,1,0.0,2026-09-06T23:07:09.964344+00:00,
168623,7675.84,engine_median,DERIVED,1,0.0,2026-09-06T23:07:09.964344+00:00,
169622,5483.95,engine_median,DERIVED,1,0.0,2026-09-06T23:07:09.964344+00:00,
17013,6313.41,engine_median,DERIVED,1,0.0,2026-09-06T23:07:09.964344+00:00,
171289,13000.0,dealer_crawl,EST,1,0.0,2026-08-13T12:05:50+00:00,
1750300,9002.46,engine_median,DERIVED,1,0.0,2026-09-06T23:07:09.964344+00:00,
176200,4092.03,engine_median,DERIVED,1,0.0,2026-09-06T23:07:09.964344+00:00,
176234,5112.0,manual_check,VERIFIED,1,0.0,2026-08-09,
177200,5085.8,engine_median,DERIVED,1,0.0,2026-09-06T23:07:09.964344+00:00,
177200SVP,4984.83,engine_median,DERIVED,1,0.0,2026-09-06T23:07:09.964344+00:00,
178158,38921.71,engine_median,DERIVED,1,0.0,2026-09-06T23:07:09.964344+00:00,
178240,6430.33,engine_median,DERIVED,1,0.0,2026-09-06T23:07:09.964344+00:00,
178240PKR,6270.89,engine_median,DERIVED,1,0.0,2026-09-06T23:07:09.964344+00:00,
178274NG,12977.56,engine_median,DERIVED,1,0.0,2026-09-06T23:07:09.964344+00:00,
178341,12267.58,engine_median,DERIVED,1,0.0,2026-09-06T23:07:09.964344+00:00,
178343,10594.74,engine_median,DERIVED,1,0.0,2026-09-06T23:07:09.964344+00:00,
178344,8953.38,engine_median,DERIVED,1,0.0,2026-09-06T23:07:09.964344+00:00,
178344NRWHS,10256.63,engine_median,DERIVED,1,0.0,2026-09-06T23:07:09.964344+00:00,
178384,13238.04,engine_median,DERIVED,1,0.0,2026-09-06T23:07:09.964344+00:00,
179138,26065.4,engine_median,DERIVED,1,0.0,2026-09-06T23:07:09.964344+00:00,
179160,4366.74,engine_median,DERIVED,1,0.0,2026-09-06T23:07:09.964344+00:00,
179168,12167.0,manual_check,VERIFIED,1,0.0,2026-08-09,
179171,8354.29,engine_median,DERIVED,2,13.1,2026-09-06T23:07:09.964344+00:00,
179171GPK,9502.0,engine_median,DERIVED,1,0.0,2026-09-06T23:07:09.964344+00:00,
179171GSVHC,9874.0,engine_median,DERIVED,1,0.0,2026-09-06T23:07:09.964344+00:00,
179173,6691.42,engine_median,DERIVED,2,49.7,2026-09-06T23:07:09.964344+00:00,
179173BR,10661.09,engine_median,DERIVED,1,0.0,2026-09-06T23:07:09.964344+00:00,
179173GLPS,12116.64,engine_median,DERIVED,1,0.0,2026-09-06T23:07:09.964344+00:00,
179173GMET,11585.21,engine_median,DERIVED,1,0.0,2026-09-06T23:07:09.964344+00:00,
179173MRCH,8630.33,engine_median,DERIVED,1,0.0,2026-09-06T23:07:09.964344+00:00,
179173NGS,9470.12,engine_median,DERIVED,1,0.0,2026-09-06T23:07:09.964344+00:00,
179173NR,8281.87,engine_median,DERIVED,1,0.0,2026-09-06T23:07:09.964344+00:00,
179174,6435.24,engine_median,DERIVED,1,0.0,2026-09-06T23:07:09.964344+00:00,
179174GBKC,7333.76,engine_median,DERIVED,1,0.0,2026-09-06T23:07:09.964344+00:00,
179174GSV,7167.31,engine_median,DERIVED,1,0.0,2026-09-06T23:07:09.964344+00:00,
179174NG,7812.64,engine_median,DERIVED,1,0.0,2026-09-06T23:07:09.964344+00:00,
179174NGBKS,8928.06,engine_median,DERIVED,1,0.0,2026-09-06T23:07:09.964344+00:00,
179174NGS,6695.67,engine_median,DERIVED,1,0.0,2026-09-06T23:07:09.964344+00:00,
179174NR,7527.84,engine_median,DERIVED,1,0.0,2026-09-06T23:07:09.964344+00:00,
179175FG,20991.55,engine_median,DERIVED,1,0.0,2026-09-06T23:07:09.964344+00:00,
180.032,136290.0,manual_check,VERIFIED,1,0.0,2026-08-09,
18028,13737.5,engine_median,DERIVED,1,0.0,2026-09-06T23:07:09.964344+00:00,
1803,13179.5,engine_median,DERIVED,1,0.0,2026-09-06T23:07:09.964344+00:00,
18038,18998.68,engine_median,DERIVED,1,0.0,2026-09-06T23:07:09.964344+00:00,
18038A,20167.83,engine_median,DERIVED,1,0.0,2026-09-06T23:07:09.964344+00:00,
18039,30225.0,engine_median,DERIVED,1,0.0,2026-09-06T23:07:09.964344+00:00,
18039A,22681.5,engine_median,DERIVED,1,0.0,2026-09-06T23:07:09.964344+00:00,
18078,18998.68,engine_median,DERIVED,1,0.0,2026-09-06T23:07:09.964344+00:00,
182.086,46254.0,manual_check,VERIFIED,1,0.0,2026-08-09,
18206,35340.0,engine_median,DERIVED,1,0.0,2026-09-06T23:07:09.964344+00:00,
18238,18998.68,engine_median,DERIVED,1,0.0,2026-09-06T23:07:09.964344+00:00,
18238A,20167.83,engine_median,DERIVED,1,0.0,2026-09-06T23:07:09.964344+00:00,
18238ABK,25405.63,engine_median,DERIVED,1,0.0,2026-09-06T23:07:09.964344+00:00,
18238FG,36562.49,engine_median,DERIVED,1,0.0,2026-09-06T23:07:09.964344+00:00,
18238G,21629.27,engine_median,DERIVED,1,0.0,2026-09-06T23:07:09.964344+00:00,
18238NGE,31843.2,engine_median,DERIVED,1,0.0,2026-09-06T23:07:09.964344+00:00,
18239,40455.0,engine_median,DERIVED,1,0.0,2026-09-06T23:07:09.964344+00:00,
18239A,18998.68,engine_median,DERIVED,1,0.0,2026-09-06T23:07:09.964344+00:00,
18248,19758.63,engine_median,DERIVED,1,0.0,2026-09-06T23:07:09.964344+00:00,
18248A,18981.98,engine_median,DERIVED,1,0.0,2026-09-06T23:07:09.964344+00:00,
18249,57660.0,engine_median,DERIVED,1,0.0,2026-09-06T23:07:09.964344+00:00,
18348A,20460.12,engine_median,DERIVED,1,0.0,2026-09-06T23:07:09.964344+00:00,
18378,33945.0,engine_median,DERIVED,1,0.0,2026-09-06T23:07:09.964344+00:00,
187903,3028.55,engine_median,DERIVED,1,0.0,2026-09-06T23:07:09.964344+00:00,
18938,1461.33,engine_median,DERIVED,1,0.0,2026-09-06T23:07:09.964344+00:00,
18946AHC,44002.54,engine_median,DERIVED,1,0.0,2026-09-06T23:07:09.964344+00:00,
19018,22785.0,engine_median,DERIVED,1,0.0,2026-09-06T23:07:09.964344+00:00,
191.021,31274.75,engine_median,DERIVED,1,0.0,2026-09-06T23:07:09.964344+00:00,
191.028,40296.0,manual_check,VERIFIED,1,0.0,2026-08-09,
191.032,33249.0,manual_check,VERIFIED,1,0.0,2026-08-09,
191.039,29971.0,manual_check,VERIFIED,1,0.0,2026-08-09,
191919,3549.0,dealer_crawl,EST,1,0.0,2026-09-06T23:07:08+00:00,
192.029,40373.0,manual_check,VERIFIED,1,0.0,2026-08-09,
192.032,35690.0,manual_check,VERIFIED,1,0.0,2026-08-09,
20.10.38.20.01.001,4266.0,manual_check,VERIFIED,1,0.0,2026-08-09,
20.10.38.20.03.001,4513.0,manual_check,VERIFIED,1,0.0,2026-08-09,
20.10.40.20.01.001,3290.0,manual_check,VERIFIED,1,0.0,2026-08-09,
20.10.40.20.03.001,3377.0,manual_check,VERIFIED,1,0.0,2026-08-09,
20.10.41.21.01.001,3947.0,manual_check,VERIFIED,1,0.0,2026-08-09,
20.10.41.21.01.002,5263.0,manual_check,VERIFIED,1,0.0,2026-08-09,
20.10.41.21.02.001,4459.0,manual_check,VERIFIED,1,0.0,2026-08-09,
20.10.41.21.03.001,4389.0,manual_check,VERIFIED,1,0.0,2026-08-09,
20.10.41.21.03.002,4441.0,manual_check,VERIFIED,1,0.0,2026-08-09,
20.10.41.21.03.004,4630.0,manual_check,VERIFIED,1,0.0,2026-08-09,
20.10.41.21.03.006,6003.0,manual_check,VERIFIED,1,0.0,2026-08-09,
20.10.41.21.06.001,4330.0,manual_check,VERIFIED,1,0.0,2026-08-09,
20.10.41.21.10.001,4552.0,manual_check,VERIFIED,1,0.0,2026-08-09,
20.10.43.22.03.001,7072.0,manual_check,VERIFIED,1,0.0,2026-08-09,
20.12.41.21.02.002,4540.0,manual_check,VERIFIED,1,0.0,2026-08-09,
20.12.41.21.03.002,4084.0,manual_check,VERIFIED,1,0.0,2026-08-09,
20.12.43.22.03.001,6736.0,manual_check,VERIFIED,1,0.0,2026-08-09,
20023,2206.56,engine_median,DERIVED,1,0.0,2026-09-06T23:07:09.964344+00:00,
20060,2118.0,dealer_crawl,EST,1,0.0,2026-09-02T23:25:52+00:00,
201.027,16629.0,manual_check,VERIFIED,1,0.0,2026-08-09,
201.033,15662.0,manual_check,VERIFIED,1,0.0,2026-08-09,
20300,2106.62,engine_median,DERIVED,1,0.0,2026-09-06T23:07:09.964344+00:00,
20447,2071.79,engine_median,DERIVED,1,0.0,2026-09-06T23:07:09.964344+00:00,
205.086,23673.0,manual_check,VERIFIED,1,0.0,2026-08-09,
20521,1116.0,engine_median,DERIVED,1,0.0,2026-09-06T23:07:09.964344+00:00,
2067RKY99W,22213.84,engine_median,DERIVED,1,0.0,2026-09-06T23:07:09.964344+00:00,
21.10.42.50.01.001,4361.0,manual_check,VERIFIED,1,0.0,2026-08-09,
210.20.44.51.01.001,17298.0,engine_median,DERIVED,1,0.0,2026-09-06T23:07:09.964344+00:00,
210.20.44.51.03.001,11067.0,engine_median,DERIVED,1,0.0,2026-09-06T23:07:09.964344+00:00,
210.22.42.20.01.001,5588.99,engine_median,DERIVED,1,0.0,2026-09-06T23:07:09.964344+00:00,
210.22.42.20.01.002,5818.0,manual_check,VERIFIED,2,50.3,2026-08-09,
210.22.42.20.01.004,7874.0,manual_check,VERIFIED,2,12.2,2026-08-09,
210.22.42.20.03.001,4774.66,engine_median,DERIVED,1,0.0,2026-09-06T23:07:09.964344+00:00,
210.22.42.20.03.002,5771.0,manual_check,VERIFIED,2,8.6,2026-08-09,9600.0
210.22.44.51.03.001,13020.0,engine_median,DERIVED,1,0.0,2026-09-06T23:07:09.964344+00:00,
210.30.42.20.01.001,4339.0,manual_check,VERIFIED,2,6.8,2026-08-09,6700.0
210.30.42.20.01.002,7440.0,engine_median,DERIVED,1,0.0,2026-09-06T23:07:09.964344+00:00,
210.30.42.20.01.010,5537.0,manual_check,VERIFIED,2,22.6,2026-08-09,7300.0
210.30.42.20.01.018,6789.0,engine_median,DERIVED,1,0.0,2026-09-06T23:07:09.964344+00:00,7300.0
210.30.42.20.03.001,4420.0,manual_check,VERIFIED,2,1.0,2026-08-09,6700.0
210.30.42.20.03.002,6948.0,manual_check,VERIFIED,2,25.8,2026-08-09,
210.30.42.20.03.003,4856.0,manual_check,VERIFIED,2,36.0,2026-08-09,
210.30.42.20.04.001,4422.0,manual_check,VERIFIED,2,3.8,2026-08-09,6700.0
210.30.42.20.04.002,6789.0,engine_median,DERIVED,1,0.0,2026-09-06T23:07:09.964344+00:00,
210.30.42.20.06.001,4016.0,manual_check,VERIFIED,2,4.2,2026-08-09,
210.30.42.20.06.002,5594.0,manual_check,VERIFIED,2,21.4,2026-08-09,7300.0
210.30.42.20.10,4942.0,manual_check,VERIFIED,1,0.0,2026-08-09,
210.30.42.20.10.001,4942.0,manual_check,VERIFIED,2,26.1,2026-08-09,6700.0
210.30.44.51.01.001,5457.0,manual_check,VERIFIED,2,18.3,2026-08-09,9600.0
210.30.44.51.03.001,8928.0,engine_median,DERIVED,1,0.0,2026-09-06T23:07:09.964344+00:00,
210.30.44.51.03.002,5590.41,engine_median,DERIVED,1,0.0,2026-09-06T23:07:09.964344+00:00,13400.0
210.30.44.51.06.001,8928.0,engine_median,DERIVED,1,0.0,2026-09-06T23:07:09.964344+00:00,
210.32.42.20.01.001,4417.0,manual_check,VERIFIED,2,3.1,2026-08-09,
210.32.42.20.01.003,5286.0,manual_check,VERIFIED,2,21.4,2026-08-09,6900.0
210.32.42.20.01.005,6417.0,engine_median,DERIVED,1,0.0,2026-09-06T23:07:09.964344+00:00,
210.32.42.20.01.006,6417.0,engine_median,DERIVED,1,0.0,2026-09-06T23:07:09.964344+00:00,6900.0
210.32.42.20.03.001,4191.0,manual_check,VERIFIED,2,39.8,2026-08-09,6300.0
210.32.42.20.03.002,4829.0,manual_check,VERIFIED,2,29.0,2026-08-09,
210.32.42.20.04.001,4266.0,manual_check,VERIFIED,2,0.6,2026-08-09,6300.0
210.32.42.20.04.002,6417.0,engine_median,DERIVED,1,0.0,2026-09-06T23:07:09.964344+00:00,
210.32.42.20.06.001,4016.0,manual_check,VERIFIED,2,4.8,2026-08-09,
210.32.42.20.06.002,6417.0,engine_median,DERIVED,1,0.0,2026-09-06T23:07:09.964344+00:00,6900.0
210.32.42.20.10,4619.0,manual_check,VERIFIED,1,0.0,2026-08-09,
210.32.42.20.10.001,4619.0,manual_check,VERIFIED,2,26.8,2026-08-09,6300.0
210.32.44.51.01.001,5510.0,manual_check,VERIFIED,2,5.8,2026-08-09,
210.32.44.51.01.002,8742.0,engine_median,DERIVED,1,0.0,2026-09-06T23:07:09.964344+00:00,
210.52.42.20.04.001,930.0,engine_median,DERIVED,1,0.0,2026-09-06T23:07:09.964344+00:00,
210.55.42.20.99.001,175212.0,engine_median,DERIVED,1,0.0,2026-09-06T23:07:09.964344+00:00,
210.60.42.20.99.001,12555.0,engine_median,DERIVED,1,0.0,2026-09-06T23:07:09.964344+00:00,
210.60.44.51.03.001,25389.0,engine_median,DERIVED,1,0.0,2026-09-06T23:07:09.964344+00:00,
210.62.42.20.01.002,930.0,engine_median,DERIVED,1,0.0,2026-09-06T23:07:09.964344+00:00,
210.62.42.20.01.003,930.0,engine_median,DERIVED,1,0.0,2026-09-06T23:07:09.964344+00:00,
210.62.42.20.10.001,30690.0,engine_median,DERIVED,1,0.0,2026-09-06T23:07:09.964344+00:00,
210.90.42.20.01.001,7672.0,manual_check,VERIFIED,2,4.1,2026-08-09,9700.0
210.90.42.20.01.003,30969.0,engine_median,DERIVED,1,0.0,2026-09-06T23:07:09.964344+00:00,
210.90.42.20.10.001,8953.0,manual_check,VERIFIED,2,29.8,2026-04,12500.0
210.92.42.20.01.001,6982.0,manual_check,VERIFIED,1,0.0,2026-08-09,
210.92.42.20.01.003,15438.0,engine_median,DERIVED,1,0.0,2026-09-06T23:07:09.964344+00:00,
210.92.42.20.10.001,10695.0,engine_median,DERIVED,1,0.0,2026-09-06T23:07:09.964344+00:00,11700.0
210.92.44.20.01.0,6494.0,manual_check,VERIFIED,1,0.0,2026-08-09,
210.92.44.20.01.001,5546.0,manual_check,VERIFIED,2,9.0,2026-08-09,
210.92.44.20.01.002,6928.5,engine_median,DERIVED,1,0.0,2026-09-06T23:07:09.964344+00:00,
210.92.44.20.01.003,6494.0,manual_check,VERIFIED,2,19.5,2026-08-09,
211.026,14173.0,manual_check,VERIFIED,1,0.0,2026-08-09,
211.027,14846.93,engine_median,DERIVED,1,0.0,2026-09-06T23:07:09.964344+00:00,
211.032,14607.0,manual_check,VERIFIED,1,0.0,2026-08-09,
212.30.36.20.01.001,2947.0,manual_check,VERIFIED,1,0.0,2026-08-09,
212.30.36.20.01.002,3050.0,manual_check,VERIFIED,2,11.0,2026-08-09,
212.30.36.20.03.001,2412.21,engine_median,DERIVED,1,0.0,2026-09-06T23:07:09.964344+00:00,
212.30.36.61.01.001,2435.19,engine_median,DERIVED,1,0.0,2026-09-06T23:07:09.964344+00:00,
212.30.41.20.01.002,3148.0,manual_check,VERIFIED,1,0.0,2026-08-09,
212.30.41.20.01.003,3364.0,manual_check,VERIFIED,1,0.0,2026-08-09,
212.30.41.20.01.005,4787.0,manual_check,VERIFIED,1,0.0,2026-08-09,
212.30.41.20.03.001,3315.0,manual_check,VERIFIED,2,18.4,2026-08-09,
212.30.41.20.04.001,3020.05,engine_median,DERIVED,1,0.0,2026-09-06T23:07:09.964344+00:00,
212.30.41.61.01.001,2573.0,manual_check,VERIFIED,1,0.0,2026-08-09,
212.30.42.50.03.001,4488.49,engine_median,DERIVED,1,0.0,2026-09-06T23:07:09.964344+00:00,
212.30.44.50.01.001,4019.0,manual_check,VERIFIED,2,25.6,2026-08-09,
212.30.44.52.01.001,3682.07,engine_median,DERIVED,1,0.0,2026-09-06T23:07:09.964344+00:00,
212.30.44.52.03.001,3682.07,engine_median,DERIVED,1,0.0,2026-09-06T23:07:09.964344+00:00,
212.32.41.20.04.001,5492.0,manual_check,VERIFIED,1,0.0,2026-08-09,
213.30.42.40.01.001,3160.0,manual_check,VERIFIED,1,0.0,2026-08-09,
214270,7506.0,manual_check,VERIFIED,2,0.3,2026-08-09,
215.23.40.20.04.001,9579.0,engine_median,DERIVED,1,0.0,2026-09-06T23:07:09.964344+00:00,9800.0
215.30.40.,4246.0,manual_check,VERIFIED,1,0.0,2026-08-09,
215.30.40.20.01.001,4302.0,manual_check,VERIFIED,2,72.9,2026-08-09,
215.30.40.20.03.0,5714.0,manual_check,VERIFIED,1,0.0,2026-08-09,
215.30.40.20.03.001,4246.0,manual_check,VERIFIED,2,49.9,2026-08-09,7400.0
215.30.40.20.03.002,5714.0,manual_check,VERIFIED,2,26.7,2026-08-09,8300.0
215.30.40.20.04.001,4505.55,engine_median,DERIVED,1,0.0,2026-09-06T23:07:09.964344+00:00,7400.0
215.30.44.,4731.0,manual_check,VERIFIED,1,0.0,2026-08-09,
215.30.44.21.01.001,4285.0,manual_check,VERIFIED,2,3.5,2026-08-09,7600.0
215.30.44.21.01.002,4550.0,manual_check,VERIFIED,2,0.6,2026-08-09,7400.0
215.30.44.21.03.001,4102.0,manual_check,VERIFIED,2,55.2,2026-08-09,7100.0
215.30.44.21.04.001,4731.0,manual_check,VERIFIED,2,6.7,2026-08-09,7040.0
215.30.44.22.01.001,5145.0,manual_check,VERIFIED,2,17.4,2026-08-09,9800.0
215.30.46.21.03.001,13299.0,engine_median,DERIVED,1,0.0,2026-09-06T23:07:09.964344+00:00,
215.30.46.21.03.002,13578.0,engine_median,DERIVED,1,0.0,2026-09-06T23:07:09.964344+00:00,
215.30.46.21.04.001,13299.0,engine_median,DERIVED,1,0.0,2026-09-06T23:07:09.964344+00:00,
215.30.46.51.01.001,5261.0,manual_check,VERIFIED,2,34.3,2026-08-09,8900.0
215.30.46.51.01.002,4559.69,engine_median,DERIVED,1,0.0,2026-09-06T23:07:09.964344+00:00,8900.0
215.30.46.51.03.001,5526.0,manual_check,VERIFIED,2,1.0,2026-08-09,9100.0
215.30.46.51.99.001,6099.49,engine_median,DERIVED,1,0.0,2026-09-06T23:07:09.964344+00:00,
215.32.43.21.04.001,4822.74,engine_median,DERIVED,1,0.0,2026-09-06T23:07:09.964344+00:00,
215.32.44.,4533.0,manual_check,VERIFIED,1,0.0,2026-08-09,
215.32.44.21.01.001,4533.0,manual_check,VERIFIED,2,4.7,2026-08-09,7600.0
215.32.44.21.01.002,5672.07,engine_median,DERIVED,1,0.0,2026-09-06T23:07:09.964344+00:00,8000.0
215.32.44.21.04.001,5513.75,engine_median,DERIVED,1,0.0,2026-09-06T23:07:09.964344+00:00,7600.0
215.32.44.21.06.001,7440.0,engine_median,DERIVED,1,0.0,2026-09-06T23:07:09.964344+00:00,7600.0
215.32.44.21.09.001,5951.0,manual_check,VERIFIED,2,32.8,2025-12,7900.0
215.32.46.21.03.001,12927.0,engine_median,DERIVED,1,0.0,2026-09-06T23:07:09.964344+00:00,13900.0
215.32.46.21.04.001,10137.0,engine_median,DERIVED,1,0.0,2026-09-06T23:07:09.964344+00:00,13900.0
215.32.46.21.06.001,8369.07,engine_median,DERIVED,1,0.0,2026-09-06T23:07:09.964344+00:00,13900.0
215.32.46.51.01.001,6427.47,engine_median,DERIVED,1,0.0,2026-09-06T23:07:09.964344+00:00,
215.32.46.51.01.004,9393.0,engine_median,DERIVED,1,0.0,2026-09-06T23:07:09.964344+00:00,10900.0
215.32.46.51.06.001,9393.0,engine_median,DERIVED,1,0.0,2026-09-06T23:07:09.964344+00:00,9500.0
215.32.46.51.09.001,10137.0,engine_median,DERIVED,1,0.0,2026-09-06T23:07:09.964344+00:00,
215.33.40.20.04.001,4388.79,engine_median,DERIVED,1,0.0,2026-09-06T23:07:09.964344+00:00,
215.33.44.21.01.001,3179.56,engine_median,DERIVED,1,0.0,2026-09-06T23:07:09.964344+00:00,
215.33.44.21.03.001,4297.62,engine_median,DERIVED,1,0.0,2026-09-06T23:07:09.964344+00:00,7600.0
215.33.44.22.01.001,6995.81,engine_median,DERIVED,1,0.0,2026-09-06T23:07:09.964344+00:00,8300.0
215.33.46.51.01.001,6427.47,engine_median,DERIVED,1,0.0,2026-09-06T23:07:09.964344+00:00,
215.63.46.51.01.001,24180.0,engine_median,DERIVED,1,0.0,2026-09-06T23:07:09.964344+00:00,
215.90.44.21.99.001,6789.82,engine_median,DERIVED,1,0.0,2026-09-06T23:07:09.964344+00:00,
215.92.44.21.99.001,5952.0,engine_median,DERIVED,1,0.0,2026-09-06T23:07:09.964344+00:00,11900.0
215.92.46.21.01.001,14229.0,engine_median,DERIVED,1,0.0,2026-09-06T23:07:09.964344+00:00,
215.92.46.22.01.002,5819.69,engine_median,DERIVED,1,0.0,2026-09-06T23:07:09.964344+00:00,12300.0
215.92.46.22.01.003,5046.6,engine_median,DERIVED,1,0.0,2026-09-06T23:07:09.964344+00:00,
215.92.46.22.01.006,15531.0,engine_median,DERIVED,1,0.0,2026-09-06T23:07:09.964344+00:00,
215.92.46.22.01.007,15531.0,engine_median,DERIVED,1,0.0,2026-09-06T23:07:09.964344+00:00,
215.92.46.22.99.002,23250.0,engine_median,DERIVED,1,0.0,2026-09-06T23:07:09.964344+00:00,
215.92.46.51.01.001,6430.33,engine_median,DERIVED,1,0.0,2026-09-06T23:07:09.964344+00:00,
215.92.46.51.01.003,13950.0,engine_median,DERIVED,1,0.0,2026-09-06T23:07:09.964344+00:00,13300.0
215.92.46.51.99.001,6379.28,engine_median,DERIVED,1,0.0,2026-09-06T23:07:09.964344+00:00,11900.0
216570,8861.0,manual_check,VERIFIED,3,4.5,2026-08-09,
217.30.42.21.01.001,6518.91,engine_median,DERIVED,1,0.0,2026-09-06T23:07:09.964344+00:00,9200.0
217.30.42.21.01.002,8556.0,engine_median,DERIVED,1,0.0,2026-09-06T23:07:09.964344+00:00,
217.30.42.21.01.003,8835.0,engine_median,DERIVED,1,0.0,2026-09-06T23:07:09.964344+00:00,9500.0
217.32.42.21.01.001,7998.0,engine_median,DERIVED,1,0.0,2026-09-06T23:07:09.964344+00:00,
217.32.42.21.01.002,7998.0,engine_median,DERIVED,1,0.0,2026-09-06T23:07:09.964344+00:00,8600.0
217.32.42.21.01.003,6975.0,engine_median,DERIVED,1,0.0,2026-09-06T23:07:09.964344+00:00,8900.0
217.32.42.21.01.004,8277.0,engine_median,DERIVED,1,0.0,2026-09-06T23:07:09.964344+00:00,
218206,50692.0,manual_check,VERIFIED,2,20.3,2026-08-09,
218238,34316.0,manual_check,VERIFIED,1,0.0,2026-08-09,
218239,32859.0,manual_check,VERIFIED,2,6.4,2026-08-09,
219.026,14494.0,manual_check,VERIFIED,1,0.0,2026-08-09,
219.032,15210.0,manual_check,VERIFIED,1,0.0,2026-08-09,
219.043,15881.0,manual_check,VERIFIED,1,0.0,2026-08-09,
220.028,23266.08,engine_median,DERIVED,1,0.0,2026-09-06T23:07:09.964344+00:00,
220.10.28.60.51.001,1657.54,engine_median,DERIVED,1,0.0,2026-09-06T23:07:09.964344+00:00,
220.10.28.60.53.001,3441.0,engine_median,DERIVED,1,0.0,2026-09-06T23:07:09.964344+00:00,
220.10.28.60.54.001,2910.36,engine_median,DERIVED,1,0.0,2026-09-06T23:07:09.964344+00:00,
220.10.30.20.01.001,4745.29,engine_median,DERIVED,1,0.0,2026-09-06T23:07:09.964344+00:00,
220.10.30.20.02.001,6603.0,engine_median,DERIVED,1,0.0,2026-09-06T23:07:09.964344+00:00,
220.10.30.20.03.001,6603.0,engine_median,DERIVED,1,0.0,2026-09-06T23:07:09.964344+00:00,
220.10.30.20.09.001,4745.29,engine_median,DERIVED,1,0.0,2026-09-06T23:07:09.964344+00:00,
220.10.30.20.10.002,6603.0,engine_median,DERIVED,1,0.0,2026-09-06T23:07:09.964344+00:00,
220.10.30.20.55.001,5528.71,engine_median,DERIVED,1,0.0,2026-09-06T23:07:09.964344+00:00,
220.10.30.20.60.001,5304.88,engine_median,DERIVED,1,0.0,2026-09-06T23:07:09.964344+00:00,
220.10.34.20.01.001,6882.0,engine_median,DERIVED,1,0.0,2026-09-06T23:07:09.964344+00:00,
220.10.34.20.02.001,3905.92,engine_median,DERIVED,1,0.0,2026-09-06T23:07:09.964344+00:00,7400.0
220.10.34.20.02.002,3497.66,engine_median,DERIVED,1,0.0,2026-09-06T23:07:09.964344+00:00,
220.10.34.20.03.001,6603.0,engine_median,DERIVED,1,0.0,2026-09-06T23:07:09.964344+00:00,
220.10.34.20.03.002,6882.0,engine_median,DERIVED,1,0.0,2026-09-06T23:07:09.964344+00:00,7400.0
220.10.34.20.09.001,6882.0,engine_median,DERIVED,1,0.0,2026-09-06T23:07:09.964344+00:00,7400.0
220.10.34.20.10.001,6882.0,engine_median,DERIVED,1,0.0,2026-09-06T23:07:09.964344+00:00,7400.0
220.10.34.20.10.002,6882.0,engine_median,DERIVED,1,0.0,2026-09-06T23:07:09.964344+00:00,7400.0
220.10.34.20.10.003,6882.0,engine_median,DERIVED,1,0.0,2026-09-06T23:07:09.964344+00:00,7400.0
220.10.34.20.55.001,4969.12,engine_median,DERIVED,1,0.0,2026-09-06T23:07:09.964344+00:00,
220.10.34.20.63.001,3334.55,engine_median,DERIVED,1,0.0,2026-09-06T23:07:09.964344+00:00,6600.0
220.10.38.20.01.001,4266.0,manual_check,VERIFIED,1,0.0,2026-08-09,
220.10.38.20.01.004,5191.0,manual_check,VERIFIED,2,4.8,2025-12,7400.0
220.10.38.20.02.002,6603.0,engine_median,DERIVED,1,0.0,2026-09-06T23:07:09.964344+00:00,
220.10.38.20.03.001,4513.0,manual_check,VERIFIED,1,0.0,2026-08-09,
220.10.38.20.03.002,5634.55,engine_median,DERIVED,1,0.0,2026-09-06T23:07:09.964344+00:00,
220.10.38.20.03.003,5025.09,engine_median,DERIVED,1,0.0,2026-09-06T23:07:09.964344+00:00,7400.0
220.10.38.20.03.004,7254.0,engine_median,DERIVED,1,0.0,2026-09-06T23:07:09.964344+00:00,
220.10.38.20.03.005,6882.0,engine_median,DERIVED,1,0.0,2026-09-06T23:07:09.964344+00:00,
220.10.38.20.09.001,5007.41,engine_median,DERIVED,1,0.0,2026-09-06T23:07:09.964344+00:00,7400.0
220.10.38.20.10.001,7161.0,engine_median,DERIVED,1,0.0,2026-09-06T23:07:09.964344+00:00,
220.10.38.20.10.002,5025.09,engine_median,DERIVED,1,0.0,2026-09-06T23:07:09.964344+00:00,7400.0
220.10.38.20.10.003,6603.0,engine_median,DERIVED,1,0.0,2026-09-06T23:07:09.964344+00:00,
220.10.38.20.10.004,6882.0,engine_median,DERIVED,1,0.0,2026-09-06T23:07:09.964344+00:00,
220.10.38.20.10.005,6882.0,engine_median,DERIVED,1,0.0,2026-09-06T23:07:09.964344+00:00,
220.10.38.20.12.001,6882.0,engine_median,DERIVED,1,0.0,2026-09-06T23:07:09.964344+00:00,
220.10.38.20.13.003,5025.09,engine_median,DERIVED,1,0.0,2026-09-06T23:07:09.964344+00:00,7400.0
220.10.38.20.55.001,8277.0,engine_median,DERIVED,1,0.0,2026-09-06T23:07:09.964344+00:00,
220.10.40.20.01.001,3290.0,manual_check,VERIFIED,1,0.0,2026-08-09,
220.10.40.20.03.001,3377.0,manual_check,VERIFIED,1,0.0,2026-08-09,
220.10.40.20.06.001,3166.02,engine_median,DERIVED,1,0.0,2026-09-06T23:07:09.964344+00:00,
220.10.41.21.01.001,3947.0,manual_check,VERIFIED,2,12.3,2026-08-09,7100.0
220.10.41.21.01.002,5263.0,manual_check,VERIFIED,2,2.5,2026-08-09,6500.0
220.10.41.21.02.001,4459.0,manual_check,VERIFIED,2,17.5,2026-08-09,
220.10.41.21.03.001,4389.0,manual_check,VERIFIED,2,35.0,2026-08-09,
220.10.41.21.03.002,4441.0,manual_check,VERIFIED,2,48.7,2026-08-09,
220.10.41.21.03.004,4630.0,manual_check,VERIFIED,2,0.6,2026-08-09,7100.0
220.10.41.21.03.005,4814.0,manual_check,VERIFIED,2,43.0,2026-07,
220.10.41.21.03.006,6003.0,manual_check,VERIFIED,2,14.6,2026-08-09,7400.0
220.10.41.21.06.001,4330.0,manual_check,VERIFIED,2,52.5,2026-08-09,
220.10.41.21.10.001,4552.0,manual_check,VERIFIED,2,45.1,2026-08-09,7100.0
220.10.43.22,7072.0,manual_check,VERIFIED,1,0.0,2026-08-09,
220.10.43.22.03.001,7072.0,manual_check,VERIFIED,1,0.0,2026-08-09,
220.10.43.22.03.002,10602.0,engine_median,DERIVED,1,0.0,2026-09-06T23:07:09.964344+00:00,
220.12.38.20.10.001,6324.0,engine_median,DERIVED,1,0.0,2026-09-06T23:07:09.964344+00:00,
220.12.40.20.06.001,2925.18,engine_median,DERIVED,1,0.0,2026-09-06T23:07:09.964344+00:00,
220.12.41.21.01.001,6324.0,engine_median,DERIVED,1,0.0,2026-09-06T23:07:09.964344+00:00,
220.12.41.21.01.002,4090.74,engine_median,DERIVED,1,0.0,2026-09-06T23:07:09.964344+00:00,
220.12.41.21.02.002,4540.0,manual_check,VERIFIED,2,8.5,2026-08-09,
220.12.41.21.02.005,5066.59,engine_median,DERIVED,1,0.0,2026-09-06T23:07:09.964344+00:00,
220.12.41.21.03.002,4084.0,manual_check,VERIFIED,1,0.0,2026-08-09,
220.12.41.21.03.007,3565.91,engine_median,DERIVED,1,0.0,2026-09-06T23:07:09.964344+00:00,
220.12.41.21.03.008,4908.92,engine_median,DERIVED,1,0.0,2026-09-06T23:07:09.964344+00:00,
220.12.41.21.03.009,6603.0,engine_median,DERIVED,1,0.0,2026-09-06T23:07:09.964344+00:00,
220.12.41.21.06.001,5022.0,engine_median,DERIVED,1,0.0,2026-09-06T23:07:09.964344+00:00,
220.12.43.22,6736.0,manual_check,VERIFIED,1,0.0,2026-08-09,
220.12.43.22.03.001,6736.0,manual_check,VERIFIED,1,0.0,2026-08-09,
220.12.43.22.03.002,10416.0,engine_median,DERIVED,1,0.0,2026-09-06T23:07:09.964344+00:00,
220.13.38.20.09.001,6789.0,engine_median,DERIVED,1,0.0,2026-09-06T23:07:09.964344+00:00,
220.13.38.20.60.001,6758.88,engine_median,DERIVED,1,0.0,2026-09-06T23:07:09.964344+00:00,
220.13.41.21.03.003,6231.0,engine_median,DERIVED,1,0.0,2026-09-06T23:07:09.964344+00:00,
220.15.30.20.56.001,13299.0,engine_median,DERIVED,1,0.0,2026-09-06T23:07:09.964344+00:00,
220.15.34.20.55.001,14787.0,engine_median,DERIVED,1,0.0,2026-09-06T23:07:09.964344+00:00,
220.15.38.20.57.001,7527.84,engine_median,DERIVED,1,0.0,2026-09-06T23:07:09.964344+00:00,
220.20.30.20.02.001,11346.0,engine_median,DERIVED,1,0.0,2026-09-06T23:07:09.964344+00:00,
220.20.30.20.10.002,11346.0,engine_median,DERIVED,1,0.0,2026-09-06T23:07:09.964344+00:00,
220.20.30.20.63.001,12090.0,engine_median,DERIVED,1,0.0,2026-09-06T23:07:09.964344+00:00,13000.0
220.20.34.20.08.001,12927.0,engine_median,DERIVED,1,0.0,2026-09-06T23:07:09.964344+00:00,
220.20.34.20.10.001,12927.0,engine_median,DERIVED,1,0.0,2026-09-06T23:07:09.964344+00:00,
220.20.34.20.10.002,12927.0,engine_median,DERIVED,1,0.0,2026-09-06T23:07:09.964344+00:00,
220.20.34.20.52.001,6579.89,engine_median,DERIVED,1,0.0,2026-09-06T23:07:09.964344+00:00,
220.20.34.20.53.001,6572.05,engine_median,DERIVED,1,0.0,2026-09-06T23:07:09.964344+00:00,
220.20.34.20.59.001,8353.11,engine_median,DERIVED,1,0.0,2026-09-06T23:07:09.964344+00:00,
220.20.38.20.02.002,13950.0,engine_median,DERIVED,1,0.0,2026-09-06T23:07:09.964344+00:00,
220.20.38.20.09.001,13950.0,engine_median,DERIVED,1,0.0,2026-09-06T23:07:09.964344+00:00,
220.20.38.20.10.002,13950.0,engine_median,DERIVED,1,0.0,2026-09-06T23:07:09.964344+00:00,
220.20.38.20.55.001,7137.51,engine_median,DERIVED,1,0.0,2026-09-06T23:07:09.964344+00:00,
220.20.38.20.56.002,6970.22,engine_median,DERIVED,1,0.0,2026-09-06T23:07:09.964344+00:00,
220.20.41.21.01.001,14601.0,engine_median,DERIVED,1,0.0,2026-09-06T23:07:09.964344+00:00,
220.20.41.21.02.001,8730.0,manual_check,VERIFIED,2,60.9,2026-08-08,15100.0
220.20.41.21.06.001,14043.0,engine_median,DERIVED,1,0.0,2026-09-06T23:07:09.964344+00:00,
220.23.38.20.59.001,12276.0,engine_median,DERIVED,1,0.0,2026-09-06T23:07:09.964344+00:00,
220.23.38.20.60.001,12648.0,engine_median,DERIVED,1,0.0,2026-09-06T23:07:09.964344+00:00,
220.25.30.20.55.001,19158.0,engine_median,DERIVED,1,0.0,2026-09-06T23:07:09.964344+00:00,
220.30.43.22.10.001,11439.0,engine_median,DERIVED,1,0.0,2026-09-06T23:07:09.964344+00:00,
220.32.38.20.03.001,7254.0,engine_median,DERIVED,1,0.0,2026-09-06T23:07:09.964344+00:00,
220.32.41.21.03.001,7254.0,engine_median,DERIVED,1,0.0,2026-09-06T23:07:09.964344+00:00,
220.32.43.22.10.001,11253.0,engine_median,DERIVED,1,0.0,2026-09-06T23:07:09.964344+00:00,
220.50.30.20.08.001,34131.0,engine_median,DERIVED,1,0.0,2026-09-06T23:07:09.964344+00:00,
220.50.30.20.09.001,34131.0,engine_median,DERIVED,1,0.0,2026-09-06T23:07:09.964344+00:00,
220.50.34.20.02.001,36735.0,engine_median,DERIVED,1,0.0,2026-09-06T23:07:09.964344+00:00,
220.50.34.20.08.001,36735.0,engine_median,DERIVED,1,0.0,2026-09-06T23:07:09.964344+00:00,
220.50.34.20.09.001,36735.0,engine_median,DERIVED,1,0.0,2026-09-06T23:07:09.964344+00:00,
220.50.38.20.03.001,39246.0,engine_median,DERIVED,1,0.0,2026-09-06T23:07:09.964344+00:00,
220.50.38.20.08.001,39246.0,engine_median,DERIVED,1,0.0,2026-09-06T23:07:09.964344+00:00,
220.50.38.20.10.001,39246.0,engine_median,DERIVED,1,0.0,2026-09-06T23:07:09.964344+00:00,
220.50.41.21.10.001,43245.0,engine_median,DERIVED,1,0.0,2026-09-06T23:07:09.964344+00:00,
220.50.43.22.02.001,52917.0,engine_median,DERIVED,1,0.0,2026-09-06T23:07:09.964344+00:00,
220.52.41.21.03.001,24273.0,engine_median,DERIVED,1,0.0,2026-09-06T23:07:09.964344+00:00,
220.52.41.21.10.001,24645.0,engine_median,DERIVED,1,0.0,2026-09-06T23:07:09.964344+00:00,
220.53.34.20.10.001,19251.0,engine_median,DERIVED,1,0.0,2026-09-06T23:07:09.964344+00:00,
220.53.38.20.10.001,20925.0,engine_median,DERIVED,1,0.0,2026-09-06T23:07:09.964344+00:00,
220.55.30.20.55.001,42315.0,engine_median,DERIVED,1,0.0,2026-09-06T23:07:09.964344+00:00,
220.55.30.20.60.001,41943.0,engine_median,DERIVED,1,0.0,2026-09-06T23:07:09.964344+00:00,
220.55.30.20.61.001,41943.0,engine_median,DERIVED,1,0.0,2026-09-06T23:07:09.964344+00:00,
220.55.34.20.60.001,46779.0,engine_median,DERIVED,1,0.0,2026-09-06T23:07:09.964344+00:00,
220.55.34.20.99.001,26654.13,engine_median,DERIVED,1,0.0,2026-09-06T23:07:09.964344+00:00,
220.55.38.20.09.001,45477.0,engine_median,DERIVED,1,0.0,2026-09-06T23:07:09.964344+00:00,
220.55.38.20.99.001,53754.0,engine_median,DERIVED,1,0.0,2026-09-06T23:07:09.964344+00:00,
220.58.38.20.55.002,34596.0,engine_median,DERIVED,1,0.0,2026-09-06T23:07:09.964344+00:00,
220.92.41.21.03.002,53754.0,engine_median,DERIVED,1,0.0,2026-09-06T23:07:09.964344+00:00,
220.92.43.22.99.001,13020.0,engine_median,DERIVED,1,0.0,2026-09-06T23:07:09.964344+00:00,
2200.50,3356.0,manual_check,VERIFIED,1,0.0,2026-08-09,
2201.50,3747.0,manual_check,VERIFIED,1,0.0,2026-08-09,
2201.51,3487.0,manual_check,VERIFIED,1,0.0,2026-08-09,
22013,483507.0,engine_median,DERIVED,1,0.0,2026-09-06T23:07:09.964344+00:00,
2208.50,3263.0,manual_check,VERIFIED,1,0.0,2026-08-09,
2209.50,3134.0,manual_check,VERIFIED,1,0.0,2026-08-09,
221.10.42.40.01.001,2483.03,engine_median,DERIVED,1,0.0,2026-09-06T23:07:09.964344+00:00,
2210.50,4003.0,manual_check,VERIFIED,1,0.0,2026-08-09,
222.30.46.20.01.001,4013.36,engine_median,DERIVED,1,0.0,2026-09-06T23:07:09.964344+00:00,
222.32.38.50.01.001,2196.83,engine_median,DERIVED,1,0.0,2026-09-06T23:07:09.964344+00:00,
2220.80,3402.0,manual_check,VERIFIED,1,0.0,2026-08-09,
2221.80,2597.0,manual_check,VERIFIED,1,0.0,2026-08-09,
222180,2884.0,dealer_crawl,EST,1,0.0,2026-08-18T21:46:30+00:00,
2222.80,2932.0,manual_check,VERIFIED,1,0.0,2026-08-09,
2225.80,2886.0,manual_check,VERIFIED,1,0.0,2026-08-09,
2226.80,4692.0,manual_check,VERIFIED,1,0.0,2026-08-09,
2234.50,2973.0,manual_check,VERIFIED,1,0.0,2026-08-09,
224270,8563.0,manual_check,VERIFIED,2,2.6,2026-08-09,8350.0
2252.50,2890.0,manual_check,VERIFIED,1,0.0,2026-08-09,
2254.50,3394.0,manual_check,VERIFIED,1,0.0,2026-08-09,
2255.80,2745.0,manual_check,VERIFIED,1,0.0,2026-08-09,
2262.50,2234.0,manual_check,VERIFIED,1,0.0,2026-08-09,
2263.80,1745.0,manual_check,VERIFIED,1,0.0,2026-08-09,
2264.50,2454.0,manual_check,VERIFIED,1,0.0,2026-08-09,
2265.80,2130.0,manual_check,VERIFIED,1,0.0,2026-08-09,
226570,10932.0,manual_check,VERIFIED,3,38.7,2026-08-09,10600.0
226627,24586.0,manual_check,VERIFIED,2,7.8,2026-08-09,15250.0
226658,32435.0,manual_check,VERIFIED,2,1.8,2026-08-09,36300.0
226659,27340.0,manual_check,VERIFIED,2,7.3,2026-08-09,
226668TBR,96454.84,engine_median,DERIVED,1,0.0,2026-09-06T23:07:09.964344+00:00,
226679TBRBK,73337.57,engine_median,DERIVED,1,0.0,2026-09-06T23:07:09.964344+00:00,
227.32.55.21.03.001,14973.0,engine_median,DERIVED,1,0.0,2026-09-06T23:07:09.964344+00:00,14300.0
228206,65366.08,engine_median,DERIVED,1,0.0,2026-09-06T23:07:09.964344+00:00,
228235,52047.0,manual_check,VERIFIED,2,21.7,2026-08-09,
228236,77939.0,manual_check,VERIFIED,1,0.0,2026-08-09,
228236A,78917.6,engine_median,DERIVED,1,0.0,2026-09-06T23:07:09.964344+00:00,
228238,49893.0,manual_check,VERIFIED,2,9.8,2026-08-09,48150.0
228238A,47818.22,engine_median,DERIVED,1,0.0,2026-09-06T23:07:09.964344+00:00,52000.0
228238ABK,58351.19,engine_median,DERIVED,1,0.0,2026-09-06T23:07:09.964344+00:00,
228239,43126.0,manual_check,VERIFIED,2,0.9,2026-08-09,
228345RBR,69653.0,manual_check,VERIFIED,2,3.6,2026-08-09,
228348,68584.0,manual_check,VERIFIED,1,0.0,2026-08-09,
228348RBR,68979.82,engine_median,DERIVED,1,0.0,2026-09-06T23:07:09.964344+00:00,75450.0
228349,60902.0,manual_check,VERIFIED,1,0.0,2026-08-09,
228349RBR,71902.7,engine_median,DERIVED,1,0.0,2026-09-06T23:07:09.964344+00:00,
228349RBRBK,47722.56,engine_median,DERIVED,1,0.0,2026-09-06T23:07:09.964344+00:00,
228349RBRBL,54737.46,engine_median,DERIVED,1,0.0,2026-09-06T23:07:09.964344+00:00,
228396,112499.0,manual_check,VERIFIED,1,0.0,2026-08-09,
228396TBR,87101.64,engine_median,DERIVED,1,0.0,2026-09-06T23:07:09.964344+00:00,
228396TBRBD,90237.09,engine_median,DERIVED,1,0.0,2026-09-06T23:07:09.964344+00:00,
228398TBR,95795.0,manual_check,VERIFIED,2,8.1,2026-08-09,
2298.80,2857.0,manual_check,VERIFIED,1,0.0,2026-08-09,
23.30.40.40.06.001,3102.0,manual_check,VERIFIED,1,0.0,2026-08-09,
2300V100AB170,22682.0,manual_check,VERIFIED,2,7.7,2026-08-09,
2305V100AB078,18632.0,manual_check,VERIFIED,1,0.0,2026-08-09,
2305V100AB170,21233.0,manual_check,VERIFIED,1,0.0,2026-08-09,
2305V100RB077,41044.0,manual_check,VERIFIED,1,0.0,2026-08-09,
231.10.30.60.06.001,1344.52,engine_median,DERIVED,1,0.0,2026-09-06T23:07:09.964344+00:00,
231.10.30.60.56.001,1541.92,engine_median,DERIVED,1,0.0,2026-09-06T23:07:09.964344+00:00,
231.10.39.21.01.001,3368.0,manual_check,VERIFIED,1,0.0,2026-08-09,
231.10.39.21.02.001,3212.0,manual_check,VERIFIED,2,31.3,2026-08-09,
231.10.39.21.03.001,4616.0,manual_check,VERIFIED,1,0.0,2026-08-09,
231.10.39.21.03.002,3892.0,manual_check,VERIFIED,1,0.0,2026-08-09,
231.10.39.21.06.001,3207.0,manual_check,VERIFIED,1,0.0,2026-08-09,
231.10.39.21.54.001,2455.22,engine_median,DERIVED,1,0.0,2026-09-06T23:07:09.964344+00:00,
231.10.39.60.02.001,2214.0,manual_check,VERIFIED,1,0.0,2026-08-09,
231.10.39.60.06.001,2270.0,manual_check,VERIFIED,2,14.6,2026-08-09,
231.10.39.61.02.001,2224.0,manual_check,VERIFIED,1,0.0,2026-08-09,
231.10.39.61.06.001,2445.0,manual_check,VERIFIED,1,0.0,2026-08-09,
231.10.39.61.09.001,2046.01,engine_median,DERIVED,1,0.0,2026-09-06T23:07:09.964344+00:00,
231.10.42.21.01.003,3782.0,manual_check,VERIFIED,1,0.0,2026-08-09,
231.10.42.21.02.001,3140.0,manual_check,VERIFIED,1,0.0,2026-08-09,
231.10.42.21.03.001,3252.02,engine_median,DERIVED,1,0.0,2026-09-06T23:07:09.964344+00:00,
231.10.42.21.03.003,4073.0,manual_check,VERIFIED,1,0.0,2026-08-09,
231.10.42.21.03.004,5508.0,manual_check,VERIFIED,2,9.7,2026-08-09,
231.10.42.21.06.001,3580.0,manual_check,VERIFIED,2,6.9,2026-08-09,
231.10.43.22.01.001,3039.79,engine_median,DERIVED,1,0.0,2026-09-06T23:07:09.964344+00:00,
231.10.43.22.01.002,4329.69,engine_median,DERIVED,1,0.0,2026-09-06T23:07:09.964344+00:00,
231.10.43.52.06.001,3098.25,engine_median,DERIVED,1,0.0,2026-09-06T23:07:09.964344+00:00,
231.10.44.50.04.001,2496.14,engine_median,DERIVED,1,0.0,2026-09-06T23:07:09.964344+00:00,
231.10.44.52.04.001,2759.51,engine_median,DERIVED,1,0.0,2026-09-06T23:07:09.964344+00:00,
231.15.39.21.51.001,3870.77,engine_median,DERIVED,1,0.0,2026-09-06T23:07:09.964344+00:00,
231.18.30.20.55.001,4541.41,engine_median,DERIVED,1,0.0,2026-09-06T23:07:09.964344+00:00,
231.23.39.21.06.001,4840.99,engine_median,DERIVED,1,0.0,2026-09-06T23:07:09.964344+00:00,
231.90.43.22.04.001,4384.31,engine_median,DERIVED,1,0.0,2026-09-06T23:07:09.964344+00:00,
232.021,18789.0,manual_check,VERIFIED,1,0.0,2026-08-09,
232.026,25002.0,manual_check,VERIFIED,1,0.0,2026-08-09,
232.032,18767.0,manual_check,VERIFIED,1,0.0,2026-08-09,
232.18.38.20.01.001,5558.39,engine_median,DERIVED,1,0.0,2026-09-06T23:07:09.964344+00:00,
232.30.38.20.01.001,2627.58,engine_median,DERIVED,1,0.0,2026-09-06T23:07:09.964344+00:00,
232.30.42.21.01.001,3946.0,manual_check,VERIFIED,2,33.7,2026-08-09,
232.30.42.21.01.003,3896.0,manual_check,VERIFIED,1,0.0,2026-08-09,
232.30.44.22.01.001,4412.0,manual_check,VERIFIED,1,0.0,2026-08-09,
232.30.44.22.03.001,4135.0,manual_check,VERIFIED,1,0.0,2026-08-09,
232.30.46.21.01.001,3827.0,manual_check,VERIFIED,1,0.0,2026-08-09,
232.30.46.51.01.001,4290.0,manual_check,VERIFIED,1,0.0,2026-08-09,
232.32.42.21.01.003,3179.56,engine_median,DERIVED,1,0.0,2026-09-06T23:07:09.964344+00:00,
232.90.38.20.03.001,3326.19,engine_median,DERIVED,1,0.0,2026-09-06T23:07:09.964344+00:00,
232.90.44.22.03.001,4017.4,engine_median,DERIVED,1,0.0,2026-09-06T23:07:09.964344+00:00,
232.90.46.21.03.001,3507.45,engine_median,DERIVED,1,0.0,2026-09-06T23:07:09.964344+00:00,
233.20.41.21.01.001,3507.45,engine_median,DERIVED,1,0.0,2026-09-06T23:07:09.964344+00:00,
233.30.41.21.01.001,3939.0,manual_check,VERIFIED,2,6.8,2026-08-09,6800.0
233.32.41.21.01.001,11625.0,engine_median,DERIVED,1,0.0,2026-09-06T23:07:09.964344+00:00,
233.32.41.21.01.002,4147.87,engine_median,DERIVED,1,0.0,2026-09-06T23:07:09.964344+00:00,
233.60.41.21.03.001,5487.0,engine_median,DERIVED,1,0.0,2026-09-06T23:07:09.964344+00:00,
233.62.41.21.03.001,4325.86,engine_median,DERIVED,1,0.0,2026-09-06T23:07:09.964344+00:00,
234.026,24387.0,manual_check,VERIFIED,1,0.0,2026-08-09,
234.032,26304.0,manual_check,VERIFIED,1,0.0,2026-08-09,
234.10.39.20.01.001,5468.0,manual_check,VERIFIED,1,0.0,2026-08-09,
234.30.41.21.01.001,4691.0,manual_check,VERIFIED,2,16.3,2026-08-09,
234.30.41.21.03.001,4652.0,manual_check,VERIFIED,2,59.9,2026-08-09,8000.0
234.30.41.21.03.002,5245.0,manual_check,VERIFIED,2,47.2,2026-08-09,
234.32.41.21.01.001,7068.0,engine_median,DERIVED,1,0.0,2026-09-06T23:07:09.964344+00:00,
234.32.41.21.03.001,7068.0,engine_median,DERIVED,1,0.0,2026-09-06T23:07:09.964344+00:00,
234.92.41.21.10.001,14601.0,engine_median,DERIVED,1,0.0,2026-09-06T23:07:09.964344+00:00,
234.93.41.21.99.001,53940.0,engine_median,DERIVED,1,0.0,2026-09-06T23:07:09.964344+00:00,
234.93.41.21.99.002,60822.0,engine_median,DERIVED,1,0.0,2026-09-06T23:07:09.964344+00:00,
235.026,20187.0,manual_check,VERIFIED,1,0.0,2026-08-09,
235.032,18768.0,manual_check,VERIFIED,1,0.0,2026-08-09,
235.10.38.20.06.001,5766.0,engine_median,DERIVED,1,0.0,2026-09-06T23:07:09.964344+00:00,
235.10.38.20.13.001,6324.0,engine_median,DERIVED,1,0.0,2026-09-06T23:07:09.964344+00:00,6800.0
235.12.38.20.06.001,5394.0,engine_median,DERIVED,1,0.0,2026-09-06T23:07:09.964344+00:00,
235.12.38.20.13.001,5952.0,engine_median,DERIVED,1,0.0,2026-09-06T23:07:09.964344+00:00,
236.050,36535.92,engine_median,DERIVED,1,0.0,2026-09-06T23:07:09.964344+00:00,
238.026,32278.0,manual_check,VERIFIED,1,0.0,2026-08-09,
238.032,35538.0,manual_check,VERIFIED,2,28.0,2026-08-09,
24.10.37.20.02.001,1775.0,manual_check,VERIFIED,1,0.0,2026-08-09,
24.30.38.50.01.001,4217.0,manual_check,VERIFIED,1,0.0,2026-08-09,
24.30.38.50.03.002,4454.0,manual_check,VERIFIED,1,0.0,2026-08-09,
24141,1715.41,engine_median,DERIVED,1,0.0,2026-09-06T23:07:09.964344+00:00,
2501.31,1596.0,manual_check,VERIFIED,1,0.0,2026-08-09,
2501.81,1799.0,manual_check,VERIFIED,1,0.0,2026-08-09,
2503.30,2891.0,manual_check,VERIFIED,1,0.0,2026-08-09,
2503.33,3094.0,manual_check,VERIFIED,1,0.0,2026-08-09,
2503.50,2941.0,manual_check,VERIFIED,1,0.0,2026-08-09,
2504.30,2641.0,manual_check,VERIFIED,1,0.0,2026-08-09,
2504.50,3236.0,manual_check,VERIFIED,1,0.0,2026-08-09,
2511.21,1201.0,manual_check,VERIFIED,1,0.0,2026-08-09,
2511.31,1173.0,manual_check,VERIFIED,1,0.0,2026-08-09,
2511.81,1238.0,manual_check,VERIFIED,1,0.0,2026-08-09,
25155000R9585,6678.0,manual_check,VERIFIED,1,0.0,2026-08-09,
25162,3690.52,engine_median,DERIVED,1,0.0,2026-09-06T23:07:09.964344+00:00,
2517.30,2016.0,manual_check,VERIFIED,1,0.0,2026-08-09,
2517.50,2288.0,manual_check,VERIFIED,1,0.0,2026-08-09,
2518.30,1985.0,manual_check,VERIFIED,1,0.0,2026-08-09,
2518.50,2038.0,manual_check,VERIFIED,1,0.0,2026-08-09,
2518.80,2100.0,manual_check,VERIFIED,1,0.0,2026-08-09,
2531.80,2930.0,manual_check,VERIFIED,1,0.0,2026-08-09,
2535.80,3354.0,manual_check,VERIFIED,1,0.0,2026-08-09,
25407N,3811.0,manual_check,VERIFIED,1,0.0,2026-08-09,
2541.80,2494.0,manual_check,VERIFIED,1,0.0,2026-08-09,
2542G257NU,4537.0,manual_check,VERIFIED,1,0.0,2026-08-09,
2543C1A7NU,5004.0,manual_check,VERIFIED,1,0.0,2026-08-09,
2551.80,2365.0,manual_check,VERIFIED,1,0.0,2026-08-09,
25558,5845.75,engine_median,DERIVED,1,0.0,2026-09-06T23:07:09.964344+00:00,
25558000RB156,8963.0,manual_check,VERIFIED,1,0.0,2026-08-09,
25600TB,3434.0,manual_check,VERIFIED,2,5.9,2026-08-09,
25600TN,3248.0,manual_check,VERIFIED,2,27.9,2026-08-09,
2561.80,2095.0,manual_check,VERIFIED,1,0.0,2026-08-09,
25610TNL,3557.0,manual_check,VERIFIED,2,4.9,2026-08-09,
2562.80,1745.0,manual_check,VERIFIED,1,0.0,2026-08-09,
25707B,3322.0,manual_check,VERIFIED,1,0.0,2026-08-09,
25707KN,2994.0,manual_check,VERIFIED,1,0.0,2026-08-09,
2571.31,708.0,manual_check,VERIFIED,1,0.0,2026-08-09,
257121,837.0,dealer_crawl,EST,1,0.0,2026-08-18T21:46:30+00:00,
257131,1081.0,dealer_crawl,EST,1,0.0,2026-08-16T06:20:59+00:00,
25717N,3377.0,manual_check,VERIFIED,1,0.0,2026-08-09,
2574,5208.03,engine_median,DERIVED,1,0.0,2026-09-06T23:07:09.964344+00:00,
2577.50,1594.0,manual_check,VERIFIED,1,0.0,2026-08-09,
25807KN,3480.0,manual_check,VERIFIED,2,9.9,2026-08-09,
25827KN,3600.0,manual_check,VERIFIED,2,10.0,2026-08-09,5990.0
25870BC,31859.33,engine_median,DERIVED,1,0.0,2026-09-06T23:07:09.964344+00:00,
2588422,7617.0,manual_check,VERIFIED,1,0.0,2026-08-09,
25914,6854.67,engine_median,DERIVED,1,0.0,2026-09-06T23:07:09.964344+00:00,
25918OR,144150.0,engine_median,DERIVED,1,0.0,2026-09-06T23:07:09.964344+00:00,
25978BC,115282.04,engine_median,DERIVED,1,0.0,2026-09-06T23:07:09.964344+00:00,
2599.80,2779.0,manual_check,VERIFIED,1,0.0,2026-08-09,
26.30.40.50.01.001,3265.0,manual_check,VERIFIED,1,0.0,2026-08-09,
26.30.40.50.01.002,3586.0,manual_check,VERIFIED,1,0.0,2026-08-09,
26.30.40.50.02.001,3357.0,manual_check,VERIFIED,1,0.0,2026-08-09,
26.30.40.50.03.001,3348.0,manual_check,VERIFIED,1,0.0,2026-08-09,
26.30.40.50.06.001,3468.0,manual_check,VERIFIED,1,0.0,2026-08-09,
26020ST.OO.D001IN.01.A,19437.0,engine_median,DERIVED,1,0.0,2026-09-06T23:07:09.964344+00:00,
26022BC,51150.0,engine_median,DERIVED,1,0.0,2026-09-06T23:07:09.964344+00:00,
26041TI,88350.0,engine_median,DERIVED,1,0.0,2026-09-06T23:07:09.964344+00:00,
26170ST.OO.D091CR.01,18600.0,engine_median,DERIVED,1,0.0,2026-09-06T23:07:09.964344+00:00,
26231OR,63578.0,manual_check,VERIFIED,1,0.0,2026-08-09,
26231ST,32177.0,manual_check,VERIFIED,2,3.6,2026-08-09,
26237ST,27475.02,engine_median,DERIVED,1,0.0,2026-09-06T23:07:09.964344+00:00,
26238CE,84312.0,manual_check,VERIFIED,1,0.0,2026-08-09,
26238OK,48221.0,manual_check,VERIFIED,1,0.0,2026-08-09,
26238OR,80413.0,manual_check,VERIFIED,1,0.0,2026-08-09,
26238ST,39158.0,manual_check,VERIFIED,2,9.9,2026-08-09,
26238TI,35842.0,manual_check,VERIFIED,1,0.0,2026-08-09,
26239BC,95321.0,manual_check,VERIFIED,1,0.0,2026-08-09,
26239OR,85112.0,manual_check,VERIFIED,2,56.6,2026-08-09,
26240BA,120848.0,manual_check,VERIFIED,2,13.7,2026-08-09,
26240BC,128743.0,manual_check,VERIFIED,2,31.1,2026-08-09,
26240CE,113969.0,manual_check,VERIFIED,2,5.3,2026-08-09,
26240OR,83082.0,manual_check,VERIFIED,1,0.0,2026-08-09,
26240ST,53230.0,manual_check,VERIFIED,2,11.3,2026-08-09,
26242OR,148556.69,engine_median,DERIVED,1,0.0,2026-09-06T23:07:09.964344+00:00,
26267FS.ZZ.D002CA.02,16668.76,engine_median,DERIVED,1,0.0,2026-09-06T23:07:09.964344+00:00,
26320OR,55015.0,manual_check,VERIFIED,1,0.0,2026-08-09,
26325,572.88,engine_median,DERIVED,1,0.0,2026-09-06T23:07:09.964344+00:00,
26331OR.OO.1220OR.01,79744.21,engine_median,DERIVED,1,0.0,2026-09-06T23:07:09.964344+00:00,
26331ST.OO.1220ST.02,42485.82,engine_median,DERIVED,1,0.0,2026-09-06T23:07:09.964344+00:00,
26359,2046.0,engine_median,DERIVED,1,0.0,2026-09-06T23:07:09.964344+00:00,
26393BC,25738.0,manual_check,VERIFIED,2,33.4,2026-08-09,49700.0
26393CR,23380.0,manual_check,VERIFIED,2,5.2,2026-08-09,
26393NB,27472.0,manual_check,VERIFIED,1,0.0,2026-08-09,
26393NR,30853.0,manual_check,VERIFIED,2,16.0,2026-08-09,
26393OR,31098.0,manual_check,VERIFIED,2,4.9,2026-08-09,
26393QT,27403.0,manual_check,VERIFIED,1,0.0,2026-08-09,
26393ST,23037.0,manual_check,VERIFIED,2,8.9,2026-08-09,39700.0
26394BC,62613.0,manual_check,VERIFIED,1,0.0,2026-08-09,
26394OR,57455.0,manual_check,VERIFIED,1,0.0,2026-08-09,
2639W1A0U,6200.0,manual_check,VERIFIED,1,0.0,2026-08-09,
26400IO,18423.18,engine_median,DERIVED,1,0.0,2026-09-06T23:07:09.964344+00:00,
26400RO,30056.0,manual_check,VERIFIED,1,0.0,2026-08-09,
26400SO,21096.41,engine_median,DERIVED,1,0.0,2026-09-06T23:07:09.964344+00:00,
26400SO.OO.A002CA.01,21855.0,engine_median,DERIVED,1,0.0,2026-09-06T23:07:09.964344+00:00,
26401RO,27475.02,engine_median,DERIVED,1,0.0,2026-09-06T23:07:09.964344+00:00,
26405CE.OO.A002CA.02,26505.0,engine_median,DERIVED,1,0.0,2026-09-06T23:07:09.964344+00:00,
26405CG.OO.A004CA.01,27211.96,engine_median,DERIVED,1,0.0,2026-09-06T23:07:09.964344+00:00,
26420CD,55438.75,engine_median,DERIVED,1,0.0,2026-09-06T23:07:09.964344+00:00,
26420CE,45744.0,manual_check,VERIFIED,2,30.7,2026-08-09,
26420IO,33386.0,manual_check,VERIFIED,1,0.0,2026-08-09,
26420OI,55061.0,manual_check,VERIFIED,1,0.0,2026-08-09,
26420RO,42832.0,manual_check,VERIFIED,1,0.0,2026-08-09,
26420SO,30842.0,manual_check,VERIFIED,2,21.2,2026-08-09,52000.0
26420ST,35275.0,manual_check,VERIFIED,1,0.0,2026-08-09,
26420TI,28102.0,manual_check,VERIFIED,2,10.3,2026-08-09,
26470ST.OO.A027CA.01,19530.0,engine_median,DERIVED,1,0.0,2026-09-06T23:07:09.964344+00:00,
26470ST.OO.A801CR.01,21390.0,engine_median,DERIVED,1,0.0,2026-09-06T23:07:09.964344+00:00,
26574ST,108085.0,manual_check,VERIFIED,1,0.0,2026-08-09,
26586IP,181350.0,engine_median,DERIVED,1,0.0,2026-09-06T23:07:09.964344+00:00,
26595SR,20635.49,engine_median,DERIVED,1,0.0,2026-09-06T23:07:09.964344+00:00,
26612TI.OO.D002CA.01,156684.09,engine_median,DERIVED,1,0.0,2026-09-06T23:07:09.964344+00:00,
26670ST,156835.2,engine_median,DERIVED,1,0.0,2026-09-06T23:07:09.964344+00:00,
26715OR,84533.0,manual_check,VERIFIED,1,0.0,2026-08-09,
26715ST,46710.0,manual_check,VERIFIED,2,16.1,2026-08-09,
268621,14947.0,manual_check,VERIFIED,2,15.8,2026-08-09,
268622,11731.0,manual_check,VERIFIED,2,1.1,2026-08-09,12500.0
268655,22604.0,manual_check,VERIFIED,2,54.9,2026-08-09,31000.0
27.10.43.50.01.001,3594.0,manual_check,VERIFIED,1,0.0,2026-08-09,
276200,7026.0,manual_check,VERIFIED,2,2.2,2026-08-09,
277200,8779.0,manual_check,VERIFIED,2,18.0,2026-08-09,
278240,8538.0,manual_check,VERIFIED,2,30.4,2026-08-09,7700.0
278241,12128.0,manual_check,VERIFIED,1,0.0,2026-08-09,
278243,15320.0,manual_check,VERIFIED,1,0.0,2026-08-09,
278271,16165.0,manual_check,VERIFIED,2,11.9,2026-08-09,13300.0
278271NG,20353.04,engine_median,DERIVED,1,0.0,2026-09-06T23:07:09.964344+00:00,
278273,16607.0,manual_check,VERIFIED,2,20.1,2026-08-09,
278273NG,19962.71,engine_median,DERIVED,1,0.0,2026-09-06T23:07:09.964344+00:00,16000.0
278274,12354.0,manual_check,VERIFIED,2,9.2,2026-08-09,9550.0
278275,37422.0,manual_check,VERIFIED,1,0.0,2026-08-09,
278278,40547.0,manual_check,VERIFIED,1,0.0,2026-08-09,
278285RBR,42828.0,manual_check,VERIFIED,1,0.0,2026-08-09,
278289RBR,39055.0,manual_check,VERIFIED,2,35.2,2026-08-09,
278341RBR,17849.0,manual_check,VERIFIED,2,12.7,2026-08-09,
278343RBR,16530.0,manual_check,VERIFIED,2,16.1,2026-08-09,
278344RBR,14865.0,manual_check,VERIFIED,2,22.3,2026-08-09,26000.0
278381RBR,22100.0,manual_check,VERIFIED,1,0.0,2026-08-09,
278383RBR,23942.0,manual_check,VERIFIED,1,0.0,2026-08-09,
278384RBR,19307.0,manual_check,VERIFIED,2,9.8,2026-08-09,
279135RBR,34558.0,manual_check,VERIFIED,1,0.0,2026-08-09,
279138RBR,37241.0,manual_check,VERIFIED,1,0.0,2026-08-09,
279160,7066.0,manual_check,VERIFIED,2,34.3,2026-08-09,
279161,10449.0,manual_check,VERIFIED,2,11.5,2026-08-09,
279163,9462.0,manual_check,VERIFIED,1,0.0,2026-08-09,
279171,14475.0,manual_check,VERIFIED,2,15.0,2026-08-09,15600.0
279171GCB,14773.8,engine_median,DERIVED,1,0.0,2026-09-06T23:07:09.964344+00:00,
279171NG,17732.24,engine_median,DERIVED,1,0.0,2026-09-06T23:07:09.964344+00:00,
279173,13583.0,manual_check,VERIFIED,2,25.8,2026-08-09,12050.0
279173GCH,14773.8,engine_median,DERIVED,1,0.0,2026-09-06T23:07:09.964344+00:00,
279173GST,15039.51,engine_median,DERIVED,1,0.0,2026-09-06T23:07:09.964344+00:00,
279173NG,17564.96,engine_median,DERIVED,1,0.0,2026-09-06T23:07:09.964344+00:00,
279174,10692.0,manual_check,VERIFIED,2,0.7,2026-08-09,
279174NG,10480.19,engine_median,DERIVED,1,0.0,2026-09-06T23:07:09.964344+00:00,
279175,31109.0,manual_check,VERIFIED,1,0.0,2026-08-09,
279178,23103.0,manual_check,VERIFIED,2,1.8,2026-08-09,
279381RBR,20013.0,manual_check,VERIFIED,2,7.3,2026-08-09,
279383RBR,17949.0,manual_check,VERIFIED,2,4.0,2026-08-09,
279384RBR,16874.0,manual_check,VERIFIED,2,9.1,2026-08-09,
28300,1824.0,manual_check,VERIFIED,2,14574.0,2026-08-09,
28303,2695.0,manual_check,VERIFIED,2,1.4,2026-08-09,
28320,2102.0,manual_check,VERIFIED,1,0.0,2026-08-09,
28323,3860.0,manual_check,VERIFIED,2,39.8,2026-08-09,
2836C1A0,2763.0,manual_check,VERIFIED,1,0.0,2026-08-09,
28400,1860.0,manual_check,VERIFIED,2,16.3,2026-08-09,2725.0
28403,2855.0,manual_check,VERIFIED,2,2.8,2026-08-09,4050.0
2840D1A0,3034.0,manual_check,VERIFIED,1,0.0,2026-08-09,
28500,1853.0,manual_check,VERIFIED,2,10.0,2026-08-09,
28503,2478.0,manual_check,VERIFIED,2,44.1,2026-08-09,
28600,2145.0,manual_check,VERIFIED,2,2.7,2026-08-09,
28603,2814.0,manual_check,VERIFIED,2,24.9,2026-08-09,3900.0
2869,1581.0,engine_median,DERIVED,1,0.0,2026-09-06T23:07:09.964344+00:00,
29.30.44.51.01.001,6007.0,manual_check,VERIFIED,1,0.0,2026-08-09,
29.30.44.51.01.003,8588.0,manual_check,VERIFIED,1,0.0,2026-08-09,
29.30.44.51.04.001,6197.0,manual_check,VERIFIED,1,0.0,2026-08-09,
2940,6975.0,engine_median,DERIVED,1,0.0,2026-09-06T23:07:09.964344+00:00,
30282,7279.82,engine_median,DERIVED,1,0.0,2026-09-06T23:07:09.964344+00:00,
304.30.43.52.01.001,17949.0,engine_median,DERIVED,1,0.0,2026-09-06T23:07:09.964344+00:00,19300.0
304.30.43.52.06.001,17949.0,engine_median,DERIVED,1,0.0,2026-09-06T23:07:09.964344+00:00,
304.30.44.52.01.001,7431.0,manual_check,VERIFIED,2,62.7,2026-08-09,
304.33.44.52.01.001,5590.41,engine_median,DERIVED,1,0.0,2026-09-06T23:07:09.964344+00:00,
304.33.44.52.03.001,7291.0,manual_check,VERIFIED,2,2.0,2026-08-09,
304.93.44.52.03.001,14601.0,engine_median,DERIVED,1,0.0,2026-09-06T23:07:09.964344+00:00,
304.93.44.52.03.002,10759.0,manual_check,VERIFIED,2,13.8,2026-08-09,
3065,23017.5,engine_median,DERIVED,1,0.0,2026-09-06T23:07:09.964344+00:00,
31.10.39.21.01.001,3368.0,manual_check,VERIFIED,1,0.0,2026-08-09,
31.10.39.21.02.001,3212.0,manual_check,VERIFIED,1,0.0,2026-08-09,
31.10.39.21.03.001,4616.0,manual_check,VERIFIED,1,0.0,2026-08-09,
31.10.39.21.03.002,3892.0,manual_check,VERIFIED,1,0.0,2026-08-09,
31.10.39.21.06.001,3207.0,manual_check,VERIFIED,1,0.0,2026-08-09,
31.10.39.60.02.001,2214.0,manual_check,VERIFIED,1,0.0,2026-08-09,
31.10.39.60.06.001,2270.0,manual_check,VERIFIED,1,0.0,2026-08-09,
31.10.39.61.02.001,2224.0,manual_check,VERIFIED,1,0.0,2026-08-09,
31.10.39.61.06.001,2445.0,manual_check,VERIFIED,1,0.0,2026-08-09,
31.10.42.21.01.003,3782.0,manual_check,VERIFIED,1,0.0,2026-08-09,
31.10.42.21.02.001,3140.0,manual_check,VERIFIED,1,0.0,2026-08-09,
31.10.42.21.03.003,4073.0,manual_check,VERIFIED,1,0.0,2026-08-09,
31.10.42.21.03.004,5508.0,manual_check,VERIFIED,1,0.0,2026-08-09,
31.10.42.21.06.001,3580.0,manual_check,VERIFIED,1,0.0,2026-08-09,
310.20.42.50.01.001,12931.0,manual_check,VERIFIED,1,0.0,2026-08-09,
310.20.42.50.02.001,19623.0,engine_median,DERIVED,1,0.0,2026-09-06T23:07:09.964344+00:00,21100.0
310.20.42.50.99.001,19623.0,engine_median,DERIVED,1,0.0,2026-09-06T23:07:09.964344+00:00,
310.23.42.50.02.001,12183.0,engine_median,DERIVED,1,0.0,2026-09-06T23:07:09.964344+00:00,
310.23.42.50.99.001,12183.0,engine_median,DERIVED,1,0.0,2026-09-06T23:07:09.964344+00:00,
310.30.40.50.0,6945.0,manual_check,VERIFIED,1,0.0,2026-08-09,
310.30.40.50.06.001,6975.0,manual_check,VERIFIED,2,18.7,2026-06,8900.0
310.30.42.50.0,7473.0,manual_check,VERIFIED,1,0.0,2026-08-09,
310.30.42.50.01.001,5627.0,manual_check,VERIFIED,2,2.5,2026-08-09,7000.0
310.30.42.50.01.002,6493.0,manual_check,VERIFIED,2,1.7,2026-08-09,
310.30.42.50.01.004,9567.0,manual_check,VERIFIED,2,16.9,2026-08-09,11000.0
310.30.42.50.04.001,7473.0,manual_check,VERIFIED,2,0.8,2026-08-09,
310.32.,7268.0,manual_check,VERIFIED,1,0.0,2026-08-09,
310.32.40.50.06.001,7905.0,engine_median,DERIVED,1,0.0,2026-09-06T23:07:09.964344+00:00,
310.32.40.50.06.002,7905.0,engine_median,DERIVED,1,0.0,2026-09-06T23:07:09.964344+00:00,
310.32.42.50.01.001,5344.0,manual_check,VERIFIED,2,28.8,2026-08-09,7400.0
310.32.42.50.01.002,5918.0,manual_check,VERIFIED,2,35.1,2026-08-09,
310.32.42.50.02.001,15051.0,manual_check,VERIFIED,3,11.9,2026-08-09,
310.32.42.50.04.001,7268.0,manual_check,VERIFIED,2,4.2,2026-08-09,8700.0
310.32.42.50.04.002,8091.0,engine_median,DERIVED,1,0.0,2026-09-06T23:07:09.964344+00:00,
310.55.42.50.02.001,66774.0,engine_median,DERIVED,1,0.0,2026-09-06T23:07:09.964344+00:00,
310.55.42.50.13.001,53475.0,engine_median,DERIVED,1,0.0,2026-09-06T23:07:09.964344+00:00,
310.60.42.50.01.001,31155.0,engine_median,DERIVED,1,0.0,2026-09-06T23:07:09.964344+00:00,
310.60.42.50.01.002,45849.0,engine_median,DERIVED,1,0.0,2026-09-06T23:07:09.964344+00:00,49300.0
310.60.42.50.02.001,61659.0,engine_median,DERIVED,1,0.0,2026-09-06T23:07:09.964344+00:00,
310.60.42.50.10.002,47988.0,engine_median,DERIVED,1,0.0,2026-09-06T23:07:09.964344+00:00,
310.60.42.50.99.001,34410.0,engine_median,DERIVED,1,0.0,2026-09-06T23:07:09.964344+00:00,
310.60.42.50.99.002,36177.0,engine_median,DERIVED,1,0.0,2026-09-06T23:07:09.964344+00:00,
310.63.42.50.01.001,15315.86,engine_median,DERIVED,1,0.0,2026-09-06T23:07:09.964344+00:00,
310.63.42.50.02.001,41292.0,engine_median,DERIVED,1,0.0,2026-09-06T23:07:09.964344+00:00,
310.92.44.50.01.001,11323.0,manual_check,VERIFIED,2,32.2,2026-08-09,
310.92.44.50.06.001,15252.0,engine_median,DERIVED,1,0.0,2026-09-06T23:07:09.964344+00:00,
310.92.44.50.06.002,15252.0,engine_median,DERIVED,1,0.0,2026-09-06T23:07:09.964344+00:00,
310.92.44.51.01.001,14973.0,engine_median,DERIVED,1,0.0,2026-09-06T23:07:09.964344+00:00,
310.92.44.51.01.002,14601.0,engine_median,DERIVED,1,0.0,2026-09-06T23:07:09.964344+00:00,16100.0
310.92.44.51.01.003,14973.0,engine_median,DERIVED,1,0.0,2026-09-06T23:07:09.964344+00:00,
310.92.44.51.01.004,14601.0,engine_median,DERIVED,1,0.0,2026-09-06T23:07:09.964344+00:00,
310.92.44.51.01.005,14973.0,engine_median,DERIVED,1,0.0,2026-09-06T23:07:09.964344+00:00,16100.0
31039,5728.84,engine_median,DERIVED,1,0.0,2026-09-06T23:07:09.964344+00:00,
311.10.39.30.01.001,6991.0,manual_check,VERIFIED,2,20.8,2026-08-09,
311.30.40.30.01.001,15192.0,manual_check,VERIFIED,2,15.5,2026-08-09,17300.0
311.30.42.30.01.003,5155.36,engine_median,DERIVED,1,0.0,2026-09-06T23:07:09.964344+00:00,
311.30.42.30.01.005,4741.0,manual_check,VERIFIED,2,8.2,2026-08-09,
311.30.42.30.01.006,5478.0,manual_check,VERIFIED,2,17.1,2026-08-09,5899.0
311.30.42.30.13.001,5937.0,manual_check,VERIFIED,1,0.0,2026-08-09,
311.30.44.32.01.001,10695.0,engine_median,DERIVED,1,0.0,2026-09-06T23:07:09.964344+00:00,
311.32.40.30.01.001,4834.0,manual_check,VERIFIED,1,0.0,2026-08-09,
311.33.40.30.02.001,5553.46,engine_median,DERIVED,1,0.0,2026-09-06T23:07:09.964344+00:00,
311.33.42.30.01.001,4744.0,manual_check,VERIFIED,2,20.9,2026-08-09,
311.50.39.30.01.001,49691.24,engine_median,DERIVED,1,0.0,2026-09-06T23:07:09.964344+00:00,81000.0
311.63.44.51.06.001,9765.0,engine_median,DERIVED,1,0.0,2026-09-06T23:07:09.964344+00:00,
311.92,8475.0,manual_check,VERIFIED,1,0.0,2026-08-09,
311.92.44.30.01.001,8249.0,manual_check,VERIFIED,2,9.3,2026-08-09,
311.92.44.30.01.002,8277.0,engine_median,DERIVED,1,0.0,2026-09-06T23:07:09.964344+00:00,
311.92.44.51.01.003,7046.0,manual_check,VERIFIED,2,13.7,2026-08-09,12000.0
311.92.44.51.01.005,8475.0,manual_check,VERIFIED,1,0.0,2026-08-09,
311.92.44.51.01.007,7662.0,manual_check,VERIFIED,1,0.0,2026-08-09,
311.93.44.51.03.001,4501.23,engine_median,DERIVED,1,0.0,2026-09-06T23:07:09.964344+00:00,
311.93.44.51.04.002,11904.0,engine_median,DERIVED,1,0.0,2026-09-06T23:07:09.964344+00:00,
311.93.44.51.99.001,5728.84,engine_median,DERIVED,1,0.0,2026-09-06T23:07:09.964344+00:00,
311.93.44.51.99.002,14136.0,engine_median,DERIVED,1,0.0,2026-09-06T23:07:09.964344+00:00,
3110V000AB425,16859.0,manual_check,VERIFIED,1,0.0,2026-08-09,
3110V000AB426,16992.0,manual_check,VERIFIED,1,0.0,2026-08-09,
3116,8895.07,engine_median,DERIVED,1,0.0,2026-09-06T23:07:09.964344+00:00,
31160,7333.76,engine_median,DERIVED,1,0.0,2026-09-06T23:07:09.964344+00:00,
318.92.45.79.03.001,4371.0,engine_median,DERIVED,1,0.0,2026-09-06T23:07:09.964344+00:00,
31885,6494.41,engine_median,DERIVED,1,0.0,2026-09-06T23:07:09.964344+00:00,
32.10.41.51.01.001,6111.0,manual_check,VERIFIED,1,0.0,2026-08-09,
32.10.41.51.01.002,7734.0,manual_check,VERIFIED,1,0.0,2026-08-09,
32.10.41.51.03.001,6997.0,manual_check,VERIFIED,1,0.0,2026-08-09,
32.10.41.51.10.001,6690.0,manual_check,VERIFIED,1,0.0,2026-08-09,
32.30.42.21.01.001,3946.0,manual_check,VERIFIED,1,0.0,2026-08-09,
32.30.42.21.01.003,3896.0,manual_check,VERIFIED,1,0.0,2026-08-09,
32.30.44.22.01.001,4412.0,manual_check,VERIFIED,1,0.0,2026-08-09,
32.30.44.22.03.001,4135.0,manual_check,VERIFIED,1,0.0,2026-08-09,
32.30.46.21.01.001,3827.0,manual_check,VERIFIED,1,0.0,2026-08-09,
32.30.46.51.01.001,4290.0,manual_check,VERIFIED,1,0.0,2026-08-09,
32011202,13211.39,engine_median,DERIVED,1,0.0,2026-09-06T23:07:09.964344+00:00,
3203,2196.6,engine_median,DERIVED,1,0.0,2026-09-06T23:07:09.964344+00:00,
321.10.42.50.01.001,4361.0,manual_check,VERIFIED,2,35.6,2026-08-09,
321.10.42.50.02.001,3273.62,engine_median,DERIVED,1,0.0,2026-09-06T23:07:09.964344+00:00,
321.30.44.50.01.001,3036.0,engine_median,DERIVED,1,0.0,2026-09-06T23:07:09.964344+00:00,
3210.50,2374.0,manual_check,VERIFIED,1,0.0,2026-08-09,
3210.51,2834.0,manual_check,VERIFIED,1,0.0,2026-08-09,
3210.52,2943.0,manual_check,VERIFIED,1,0.0,2026-08-09,
3211.30,2236.0,manual_check,VERIFIED,1,0.0,2026-08-09,
3211.31,2803.0,manual_check,VERIFIED,1,0.0,2026-08-09,
3212.80,2618.0,manual_check,VERIFIED,1,0.0,2026-08-09,
3220.50,2650.0,manual_check,VERIFIED,1,0.0,2026-08-09,
3221.30,2503.0,manual_check,VERIFIED,1,0.0,2026-08-09,
323.21.40.40.01.001,3215.16,engine_median,DERIVED,1,0.0,2026-09-06T23:07:09.964344+00:00,
323.30.40.40.01.001,3036.0,engine_median,DERIVED,1,0.0,2026-09-06T23:07:09.964344+00:00,
323.30.40.40.02.001,4088.81,engine_median,DERIVED,1,0.0,2026-09-06T23:07:09.964344+00:00,
323.30.40.40.06.001,3102.0,manual_check,VERIFIED,2,20.8,2026-08-09,
324.15.38.50.03.001,11439.0,engine_median,DERIVED,1,0.0,2026-09-06T23:07:09.964344+00:00,
324.15.38.50.05.001,12183.0,engine_median,DERIVED,1,0.0,2026-09-06T23:07:09.964344+00:00,
324.15.38.50.60.001,12927.0,engine_median,DERIVED,1,0.0,2026-09-06T23:07:09.964344+00:00,
324.20.38.50.02.001,10881.0,engine_median,DERIVED,1,0.0,2026-09-06T23:07:09.964344+00:00,
324.20.38.50.02.002,10881.0,engine_median,DERIVED,1,0.0,2026-09-06T23:07:09.964344+00:00,
324.23.38.50.02.001,8091.0,engine_median,DERIVED,1,0.0,2026-09-06T23:07:09.964344+00:00,
324.23.38.50.02.002,6015.09,engine_median,DERIVED,1,0.0,2026-09-06T23:07:09.964344+00:00,
324.28.38.50.02.002,12276.0,engine_median,DERIVED,1,0.0,2026-09-06T23:07:09.964344+00:00,
324.30.38.40.04.001,2483.03,engine_median,DERIVED,1,0.0,2026-09-06T23:07:09.964344+00:00,
324.30.38.50.01.001,4217.0,manual_check,VERIFIED,2,16.4,2026-08-09,
324.30.38.50.01.002,6045.0,engine_median,DERIVED,1,0.0,2026-09-06T23:07:09.964344+00:00,
324.30.38.50.02.003,6231.0,engine_median,DERIVED,1,0.0,2026-09-06T23:07:09.964344+00:00,
324.30.38.50.03.001,3273.71,engine_median,DERIVED,1,0.0,2026-09-06T23:07:09.964344+00:00,
324.30.38.50.03.002,4454.0,manual_check,VERIFIED,1,0.0,2026-08-09,
324.30.38.50.04.001,6603.0,engine_median,DERIVED,1,0.0,2026-09-06T23:07:09.964344+00:00,
324.30.38.50.06.001,3381.4,engine_median,DERIVED,1,0.0,2026-09-06T23:07:09.964344+00:00,
324.32.38.50.02.001,5487.0,engine_median,DERIVED,1,0.0,2026-09-06T23:07:09.964344+00:00,
324.38.38.50.03.001,9207.0,engine_median,DERIVED,1,0.0,2026-09-06T23:07:09.964344+00:00,
324.38.38.50.55.001,10416.0,engine_median,DERIVED,1,0.0,2026-09-06T23:07:09.964344+00:00,
324.58.38.50.60.001,35619.0,engine_median,DERIVED,1,0.0,2026-09-06T23:07:09.964344+00:00,
324.58.38.50.63.001,37758.0,engine_median,DERIVED,1,0.0,2026-09-06T23:07:09.964344+00:00,
324.68.38.50.02.003,24459.0,engine_median,DERIVED,1,0.0,2026-09-06T23:07:09.964344+00:00,
324.68.38.50.02.004,24459.0,engine_median,DERIVED,1,0.0,2026-09-06T23:07:09.964344+00:00,
325.92.43.79.01.001,2455.22,engine_median,DERIVED,1,0.0,2026-09-06T23:07:09.964344+00:00,
32571,7864.39,engine_median,DERIVED,1,0.0,2026-09-06T23:07:09.964344+00:00,
326.30.40.50.01.001,3265.0,manual_check,VERIFIED,2,11.4,2026-08-09,
326.30.40.50.01.002,3586.0,manual_check,VERIFIED,2,20.3,2026-08-09,
326.30.40.50.02.001,3357.0,manual_check,VERIFIED,2,21.9,2026-08-09,
326.30.40.50.03.001,3348.0,manual_check,VERIFIED,2,10.1,2026-08-09,
326.30.40.50.06.001,3468.0,manual_check,VERIFIED,2,11.9,2026-08-09,
326235,36119.0,manual_check,VERIFIED,1,0.0,2026-08-09,
326238,32603.0,manual_check,VERIFIED,2,13.8,2026-08-09,
326933,17368.0,manual_check,VERIFIED,2,39.8,2026-08-09,
326934,18491.0,manual_check,VERIFIED,2,9.1,2026-08-09,
326935,39930.0,manual_check,VERIFIED,2,1.7,2026-08-09,
326938,39541.0,manual_check,VERIFIED,2,1.1,2026-08-09,
326939,35805.0,engine_median,DERIVED,1,0.0,2026-09-06T23:07:09.964344+00:00,
327.10.43.50.01.001,3594.0,manual_check,VERIFIED,1,0.0,2026-08-09,5150.0
327.10.43.50.06.001,3445.41,engine_median,DERIVED,1,0.0,2026-09-06T23:07:09.964344+00:00,
329.30,8588.0,manual_check,VERIFIED,1,0.0,2026-08-09,
329.30.43.51.02.001,9951.0,engine_median,DERIVED,1,0.0,2026-09-06T23:07:09.964344+00:00,
329.30.43.51.02.002,9951.0,engine_median,DERIVED,1,0.0,2026-09-06T23:07:09.964344+00:00,
329.30.43.51.03.001,9951.0,engine_median,DERIVED,1,0.0,2026-09-06T23:07:09.964344+00:00,
329.30.44.51.01.001,6007.0,manual_check,VERIFIED,2,12.9,2026-08-09,
329.30.44.51.01.003,8588.0,manual_check,VERIFIED,2,41.9,2026-08-09,
329.30.44.51.04.001,6197.0,manual_check,VERIFIED,2,62.1,2026-08-09,
329.32.44.51.06.001,6184.5,engine_median,DERIVED,1,0.0,2026-09-06T23:07:09.964344+00:00,
329.33.43.51.02.001,4488.49,engine_median,DERIVED,1,0.0,2026-09-06T23:07:09.964344+00:00,
329.33.44.51.04.001,9672.0,engine_median,DERIVED,1,0.0,2026-09-06T23:07:09.964344+00:00,
33.30.41.21.01.001,3939.0,manual_check,VERIFIED,1,0.0,2026-08-09,
330.026,38763.0,manual_check,VERIFIED,1,0.0,2026-08-09,
330.032,36916.0,manual_check,VERIFIED,1,0.0,2026-08-09,
33051,5208.03,engine_median,DERIVED,1,0.0,2026-09-06T23:07:09.964344+00:00,
33084,6079.58,engine_median,DERIVED,1,0.0,2026-09-06T23:07:09.964344+00:00,
33093,7424.1,engine_median,DERIVED,1,0.0,2026-09-06T23:07:09.964344+00:00,
331.10.42.51.01.002,4242.96,engine_median,DERIVED,1,0.0,2026-09-06T23:07:09.964344+00:00,
331.20.42.51.01.002,7439.07,engine_median,DERIVED,1,0.0,2026-09-06T23:07:09.964344+00:00,
331.20.42.51.02.001,6901.46,engine_median,DERIVED,1,0.0,2026-09-06T23:07:09.964344+00:00,
331.90.42.51.04.001,4331.7,engine_median,DERIVED,1,0.0,2026-09-06T23:07:09.964344+00:00,
33114,13152.93,engine_median,DERIVED,1,0.0,2026-09-06T23:07:09.964344+00:00,
33155000R9588,13966.0,manual_check,VERIFIED,1,0.0,2026-08-09,
332.10.41.51.01.001,6111.0,manual_check,VERIFIED,2,20.2,2026-08-09,10700.0
332.10.41.51.01.002,7734.0,manual_check,VERIFIED,2,5.3,2026-08-09,
332.10.41.51.03.001,6997.0,manual_check,VERIFIED,2,42.2,2026-08-09,
332.10.41.51.10.001,6690.0,manual_check,VERIFIED,1,0.0,2026-08-09,
332.10.41.51.11.001,9951.0,engine_median,DERIVED,1,0.0,2026-09-06T23:07:09.964344+00:00,10700.0
332.12.41.51.01.001,9579.0,engine_median,DERIVED,1,0.0,2026-09-06T23:07:09.964344+00:00,
332.12.41.51.03.001,9579.0,engine_median,DERIVED,1,0.0,2026-09-06T23:07:09.964344+00:00,
332.12.41.51.10.001,9579.0,engine_median,DERIVED,1,0.0,2026-09-06T23:07:09.964344+00:00,
332.12.41.51.11.001,9579.0,engine_median,DERIVED,1,0.0,2026-09-06T23:07:09.964344+00:00,
336235,42329.0,manual_check,VERIFIED,1,0.0,2026-08-09,
336238,45272.0,manual_check,VERIFIED,2,31.5,2026-08-09,51400.0
336239,39082.0,manual_check,VERIFIED,2,5.4,2026-08-09,
336259TBR,195300.0,engine_median,DERIVED,1,0.0,2026-09-06T23:07:09.964344+00:00,
336933,22042.0,manual_check,VERIFIED,2,5.6,2026-08-09,
336934,23587.0,manual_check,VERIFIED,2,8.5,2026-08-09,17750.0
336935,60757.0,manual_check,VERIFIED,1,0.0,2026-08-09,
336938,61663.0,manual_check,VERIFIED,2,10.3,2026-08-09,57200.0
3372,11059.34,engine_median,DERIVED,1,0.0,2026-09-06T23:07:09.964344+00:00,
34.10.39.20.01.001,5468.0,manual_check,VERIFIED,1,0.0,2026-08-09,
34.30.41.21.01.001,4691.0,manual_check,VERIFIED,1,0.0,2026-08-09,
34.30.41.21.03.001,4652.0,manual_check,VERIFIED,1,0.0,2026-08-09,
34.30.41.21.03.002,5245.0,manual_check,VERIFIED,1,0.0,2026-08-09,
34041,4214.15,engine_median,DERIVED,1,0.0,2026-09-06T23:07:09.964344+00:00,
343.506,11691.5,engine_median,DERIVED,1,0.0,2026-09-06T23:07:09.964344+00:00,
3467J,18135.0,engine_median,DERIVED,1,0.0,2026-09-06T23:07:09.964344+00:00,
3468410,7019.0,manual_check,VERIFIED,1,0.0,2026-08-09,
3468430,7038.0,manual_check,VERIFIED,1,0.0,2026-08-09,
34980,4303.8,engine_median,DERIVED,1,0.0,2026-09-06T23:07:09.964344+00:00,
3506.61,4634.0,manual_check,VERIFIED,1,0.0,2026-08-09,
3510.50,2978.0,manual_check,VERIFIED,1,0.0,2026-08-09,
3513.30,2315.0,manual_check,VERIFIED,1,0.0,2026-08-09,
3513.50,2128.0,manual_check,VERIFIED,1,0.0,2026-08-09,
3519.50,3001.0,manual_check,VERIFIED,1,0.0,2026-08-09,
3520.50,2663.0,manual_check,VERIFIED,1,0.0,2026-08-09,
3520.53,3385.0,manual_check,VERIFIED,1,0.0,2026-08-09,
35200,1696.0,manual_check,VERIFIED,2,16.0,2026-08-09,
3523.30,2329.0,manual_check,VERIFIED,1,0.0,2026-08-09,
3523.80,2644.0,manual_check,VERIFIED,1,0.0,2026-08-09,
3537,10522.35,engine_median,DERIVED,1,0.0,2026-09-06T23:07:09.964344+00:00,
3539.50,3737.0,manual_check,VERIFIED,1,0.0,2026-08-09,
35401,1662.0,dealer_crawl,EST,1,0.0,2026-08-24T21:51:03+00:00,
35500,2063.0,manual_check,VERIFIED,1,0.0,2026-08-09,
3559.32,5973.0,manual_check,VERIFIED,1,0.0,2026-08-09,
3570,14029.79,engine_median,DERIVED,1,0.0,2026-09-06T23:07:09.964344+00:00,
3570.50,4455.0,manual_check,VERIFIED,1,0.0,2026-08-09,
3572.50,4279.0,manual_check,VERIFIED,1,0.0,2026-08-09,
3573.50,5039.0,manual_check,VERIFIED,1,0.0,2026-08-09,
3575.20,5274.0,manual_check,VERIFIED,1,0.0,2026-08-09,
3577.50,7128.0,manual_check,VERIFIED,1,0.0,2026-08-09,
35791,24180.0,engine_median,DERIVED,1,0.0,2026-09-06T23:07:09.964344+00:00,
35800,2053.0,manual_check,VERIFIED,1,0.0,2026-08-09,
3590,5068.5,engine_median,DERIVED,1,0.0,2026-09-06T23:07:09.964344+00:00,
3594.50,3752.0,manual_check,VERIFIED,1,0.0,2026-08-09,
3595,7365.65,engine_median,DERIVED,1,0.0,2026-09-06T23:07:09.964344+00:00,
35983,5702.16,engine_median,DERIVED,1,0.0,2026-09-06T23:07:09.964344+00:00,
36284,5313.52,engine_median,DERIVED,1,0.0,2026-09-06T23:07:09.964344+00:00,
363.068,44249.0,manual_check,VERIFIED,2,20.9,2026-08-09,
363.179,56126.0,manual_check,VERIFIED,2,18.5,2026-08-09,
36339,5250.47,engine_median,DERIVED,1,0.0,2026-09-06T23:07:09.964344+00:00,
36340,7067.25,engine_median,DERIVED,1,0.0,2026-09-06T23:07:09.964344+00:00,
36511,5160.1,engine_median,DERIVED,1,0.0,2026-09-06T23:07:09.964344+00:00,
366001,1929.1,engine_median,DERIVED,1,0.0,2026-09-06T23:07:09.964344+00:00,
36841,4055.23,engine_median,DERIVED,1,0.0,2026-09-06T23:07:09.964344+00:00,
37010,12743.73,engine_median,DERIVED,1,0.0,2026-09-06T23:07:09.964344+00:00,
37121A001,121591.55,engine_median,DERIVED,1,0.0,2026-09-06T23:07:09.964344+00:00,
37209,5223.87,engine_median,DERIVED,1,0.0,2026-09-06T23:07:09.964344+00:00,
37231,5218.56,engine_median,DERIVED,1,0.0,2026-09-06T23:07:09.964344+00:00,
3754,26305.87,engine_median,DERIVED,1,0.0,2026-09-06T23:07:09.964344+00:00,
37591,20167.83,engine_median,DERIVED,1,0.0,2026-09-06T23:07:09.964344+00:00,
3796R001,24917.63,engine_median,DERIVED,1,0.0,2026-09-06T23:07:09.964344+00:00,
37989,7811.25,engine_median,DERIVED,1,0.0,2026-09-06T23:07:09.964344+00:00,
380.027,16091.0,manual_check,VERIFIED,1,0.0,2026-08-09,
380.032,15254.49,engine_median,DERIVED,1,0.0,2026-09-06T23:07:09.964344+00:00,
3804,3801.58,engine_median,DERIVED,1,0.0,2026-09-06T23:07:09.964344+00:00,
3806,3705.89,engine_median,DERIVED,1,0.0,2026-09-06T23:07:09.964344+00:00,
3807,4774.66,engine_median,DERIVED,1,0.0,2026-09-06T23:07:09.964344+00:00,
381.029,22670.0,manual_check,VERIFIED,1,0.0,2026-08-09,
381.031,22703.0,manual_check,VERIFIED,1,0.0,2026-08-09,
3810BR929Z,13269.84,engine_median,DERIVED,1,0.0,2026-09-06T23:07:09.964344+00:00,
3820BBP29W,12743.73,engine_median,DERIVED,1,0.0,2026-09-06T23:07:09.964344+00:00,
38224,3422.31,engine_median,DERIVED,1,0.0,2026-09-06T23:07:09.964344+00:00,
38274,2635.8,engine_median,DERIVED,1,0.0,2026-09-06T23:07:09.964344+00:00,
38338,4700.2,engine_median,DERIVED,1,0.0,2026-09-06T23:07:09.964344+00:00,
384.026,25086.0,manual_check,VERIFIED,1,0.0,2026-08-09,
384.029,24522.0,manual_check,VERIFIED,1,0.0,2026-08-09,
384.031,26673.0,manual_check,VERIFIED,1,0.0,2026-08-09,
384.032,23930.0,manual_check,VERIFIED,1,0.0,2026-08-09,
3853,6722.61,engine_median,DERIVED,1,0.0,2026-09-06T23:07:09.964344+00:00,
386.026,18360.36,engine_median,DERIVED,1,0.0,2026-09-06T23:07:09.964344+00:00,
38700,4485.18,engine_median,DERIVED,1,0.0,2026-09-06T23:07:09.964344+00:00,
38718,3453.51,engine_median,DERIVED,1,0.0,2026-09-06T23:07:09.964344+00:00,
38719,3347.22,engine_median,DERIVED,1,0.0,2026-09-06T23:07:09.964344+00:00,
38726,4756.21,engine_median,DERIVED,1,0.0,2026-09-06T23:07:09.964344+00:00,
38802,2088.43,engine_median,DERIVED,1,0.0,2026-09-06T23:07:09.964344+00:00,
38876,4356.94,engine_median,DERIVED,1,0.0,2026-09-06T23:07:09.964344+00:00,
38883,6371.6,engine_median,DERIVED,1,0.0,2026-09-06T23:07:09.964344+00:00,
389848J,23911.0,manual_check,VERIFIED,1,0.0,2026-08-09,
39002JA,41387.89,engine_median,DERIVED,1,0.0,2026-09-06T23:07:09.964344+00:00,
39030,1380.92,engine_median,DERIVED,1,0.0,2026-09-06T23:07:09.964344+00:00,
3918420,14428.0,manual_check,VERIFIED,1,0.0,2026-08-09,
39198,18396.76,engine_median,DERIVED,1,0.0,2026-09-06T23:07:09.964344+00:00,
39217,3878.66,engine_median,DERIVED,1,0.0,2026-09-06T23:07:09.964344+00:00,
39707,3134.65,engine_median,DERIVED,1,0.0,2026-09-06T23:07:09.964344+00:00,
39708,4097.28,engine_median,DERIVED,1,0.0,2026-09-06T23:07:09.964344+00:00,
39783,1567.62,engine_median,DERIVED,1,0.0,2026-09-06T23:07:09.964344+00:00,
397848J,7523.0,manual_check,VERIFIED,1,0.0,2026-08-09,
39789,3257.58,engine_median,DERIVED,1,0.0,2026-09-06T23:07:09.964344+00:00,
39875,5738.67,engine_median,DERIVED,1,0.0,2026-09-06T23:07:09.964344+00:00,
39959,3852.78,engine_median,DERIVED,1,0.0,2026-09-06T23:07:09.964344+00:00,
4000E000AB439,15037.0,manual_check,VERIFIED,2,4.7,2026-08-09,
4000E000AB548,16061.0,manual_check,VERIFIED,1,0.0,2026-08-09,
4000E000RB065,28770.0,manual_check,VERIFIED,1,0.0,2026-08-09,
4000E000RB438,26473.0,manual_check,VERIFIED,1,0.0,2026-08-09,
4000S000RB123,19397.0,manual_check,VERIFIED,1,0.0,2026-08-09,
4000U000RB110,20672.0,manual_check,VERIFIED,1,0.0,2026-08-09,
4000U000RB516,25469.0,manual_check,VERIFIED,2,23.1,2026-08-09,
4000V210AB911,44876.0,manual_check,VERIFIED,1,0.0,2026-08-09,
4010T000GB740,25742.0,manual_check,VERIFIED,1,0.0,2026-08-09,
4010T000RB344,28995.0,manual_check,VERIFIED,1,0.0,2026-08-09,
4014,7833.68,engine_median,DERIVED,1,0.0,2026-09-06T23:07:09.964344+00:00,
4020T000GB655,34383.0,manual_check,VERIFIED,1,0.0,2026-08-09,
4020T000RB654,34964.0,manual_check,VERIFIED,1,0.0,2026-08-09,
40221,3491.08,engine_median,DERIVED,1,0.0,2026-09-06T23:07:09.964344+00:00,
40271,5898.1,engine_median,DERIVED,1,0.0,2026-09-06T23:07:09.964344+00:00,
40272,2868.94,engine_median,DERIVED,1,0.0,2026-09-06T23:07:09.964344+00:00,
403.035,70184.26,engine_median,DERIVED,1,0.0,2026-09-06T23:07:09.964344+00:00,
40392,2635.84,engine_median,DERIVED,1,0.0,2026-09-06T23:07:09.964344+00:00,
404.032,66056.95,engine_median,DERIVED,1,0.0,2026-09-06T23:07:09.964344+00:00,
40419,7758.11,engine_median,DERIVED,1,0.0,2026-09-06T23:07:09.964344+00:00,
40422,3440.75,engine_median,DERIVED,1,0.0,2026-09-06T23:07:09.964344+00:00,
405.031,69977.0,manual_check,VERIFIED,2,6.2,2026-08-09,
405.035,73838.0,manual_check,VERIFIED,2,16.9,2026-08-09,
40671,4356.94,engine_median,DERIVED,1,0.0,2026-09-06T23:07:09.964344+00:00,
4072,37120.49,engine_median,DERIVED,1,0.0,2026-09-06T23:07:09.964344+00:00,
4082,3709.39,engine_median,DERIVED,1,0.0,2026-09-06T23:07:09.964344+00:00,
40822,8448.97,engine_median,DERIVED,1,0.0,2026-09-06T23:07:09.964344+00:00,
40823,3984.94,engine_median,DERIVED,1,0.0,2026-09-06T23:07:09.964344+00:00,
4083,5144.26,engine_median,DERIVED,1,0.0,2026-09-06T23:07:09.964344+00:00,
40830,2705.52,engine_median,DERIVED,1,0.0,2026-09-06T23:07:09.964344+00:00,
4084,4772.26,engine_median,DERIVED,1,0.0,2026-09-06T23:07:09.964344+00:00,
40899,3192.68,engine_median,DERIVED,1,0.0,2026-09-06T23:07:09.964344+00:00,
41128IVPC,5739.46,engine_median,DERIVED,1,0.0,2026-09-06T23:07:09.964344+00:00,
41128SVB,5208.03,engine_median,DERIVED,1,0.0,2026-09-06T23:07:09.964344+00:00,
41128SVR,5303.69,engine_median,DERIVED,1,0.0,2026-09-06T23:07:09.964344+00:00,
41128WH,4984.83,engine_median,DERIVED,1,0.0,2026-09-06T23:07:09.964344+00:00,
41145,4616.92,engine_median,DERIVED,1,0.0,2026-09-06T23:07:09.964344+00:00,
41146,6588.96,engine_median,DERIVED,1,0.0,2026-09-06T23:07:09.964344+00:00,
413.25.22.60.08.001,1578.35,engine_median,DERIVED,1,0.0,2026-09-06T23:07:09.964344+00:00,
41339,4719.12,engine_median,DERIVED,1,0.0,2026-09-06T23:07:09.964344+00:00,
41358,5473.75,engine_median,DERIVED,1,0.0,2026-09-06T23:07:09.964344+00:00,
413813J,14046.0,manual_check,VERIFIED,1,0.0,2026-08-09,
414.026,55693.0,manual_check,VERIFIED,1,0.0,2026-08-09,
414.028,49125.0,manual_check,VERIFIED,1,0.0,2026-08-09,
414.031,48336.0,manual_check,VERIFIED,1,0.0,2026-08-09,
414.032,45764.0,manual_check,VERIFIED,1,0.0,2026-08-09,
4148120,12404.0,manual_check,VERIFIED,1,0.0,2026-08-09,
4200H222AB934,51270.0,manual_check,VERIFIED,2,10.1,2026-08-09,
4200H222JB935,70159.0,manual_check,VERIFIED,1,0.0,2026-08-09,
42050423A,12189.04,engine_median,DERIVED,1,0.0,2026-09-06T23:07:09.964344+00:00,
42100,11574.58,engine_median,DERIVED,1,0.0,2026-09-06T23:07:09.964344+00:00,
42105,2815.79,engine_median,DERIVED,1,0.0,2026-09-06T23:07:09.964344+00:00,
42171,8835.0,engine_median,DERIVED,1,0.0,2026-09-06T23:07:09.964344+00:00,
4220,2918.3,engine_median,DERIVED,1,0.0,2026-09-06T23:07:09.964344+00:00,
4233,8396.63,engine_median,DERIVED,1,0.0,2026-09-06T23:07:09.964344+00:00,
424.10.27.60.52.002,2229.66,engine_median,DERIVED,1,0.0,2026-09-06T23:07:09.964344+00:00,
424.10.27.60.55.001,1169.15,engine_median,DERIVED,1,0.0,2026-09-06T23:07:09.964344+00:00,
424.10.33.20.01.001,1371.32,engine_median,DERIVED,1,0.0,2026-09-06T23:07:09.964344+00:00,
424.10.33.20.05.001,1461.44,engine_median,DERIVED,1,0.0,2026-09-06T23:07:09.964344+00:00,
424.10.33.20.52.001,1863.52,engine_median,DERIVED,1,0.0,2026-09-06T23:07:09.964344+00:00,
424.10.37.20.01.001,1636.81,engine_median,DERIVED,1,0.0,2026-09-06T23:07:09.964344+00:00,
424.10.37.20.02.001,1775.0,manual_check,VERIFIED,2,32.0,2026-08-09,
424.10.37.20.04.001,1636.81,engine_median,DERIVED,1,0.0,2026-09-06T23:07:09.964344+00:00,
424.10.40.20.02.005,1712.24,engine_median,DERIVED,1,0.0,2026-09-06T23:07:09.964344+00:00,
424.10.40.20.03.001,1572.03,engine_median,DERIVED,1,0.0,2026-09-06T23:07:09.964344+00:00,
424.13.27.60.51.001,997.58,engine_median,DERIVED,1,0.0,2026-09-06T23:07:09.964344+00:00,
424.13.27.60.52.002,2976.0,engine_median,DERIVED,1,0.0,2026-09-06T23:07:09.964344+00:00,
424.13.40.20.01.001,1578.35,engine_median,DERIVED,1,0.0,2026-09-06T23:07:09.964344+00:00,
424.15.24.60.52.001,7626.0,engine_median,DERIVED,1,0.0,2026-09-06T23:07:09.964344+00:00,
424.18.27.60.51.001,2111.92,engine_median,DERIVED,1,0.0,2026-09-06T23:07:09.964344+00:00,
424.18.27.60.52.001,2159.55,engine_median,DERIVED,1,0.0,2026-09-06T23:07:09.964344+00:00,
424.18.27.60.55.001,2212.48,engine_median,DERIVED,1,0.0,2026-09-06T23:07:09.964344+00:00,
424.20.27.60.58.004,2387.15,engine_median,DERIVED,1,0.0,2026-09-06T23:07:09.964344+00:00,
424.20.37.20.02.001,2932.34,engine_median,DERIVED,1,0.0,2026-09-06T23:07:09.964344+00:00,
424.20.37.20.02.002,2911.07,engine_median,DERIVED,1,0.0,2026-09-06T23:07:09.964344+00:00,
424.20.37.20.03.001,2932.34,engine_median,DERIVED,1,0.0,2026-09-06T23:07:09.964344+00:00,
424.20.37.20.03.002,2840.73,engine_median,DERIVED,1,0.0,2026-09-06T23:07:09.964344+00:00,
424.20.37.20.08.001,2953.51,engine_median,DERIVED,1,0.0,2026-09-06T23:07:09.964344+00:00,
424.20.37.20.13.001,2770.39,engine_median,DERIVED,1,0.0,2026-09-06T23:07:09.964344+00:00,
424.20.37.20.58.002,3105.44,engine_median,DERIVED,1,0.0,2026-09-06T23:07:09.964344+00:00,
424.23.27.60.52.001,1583.86,engine_median,DERIVED,1,0.0,2026-09-06T23:07:09.964344+00:00,
424.23.40.21.08.001,5377.2,engine_median,DERIVED,1,0.0,2026-09-06T23:07:09.964344+00:00,
424.25.24.60.55.001,4242.35,engine_median,DERIVED,1,0.0,2026-09-06T23:07:09.964344+00:00,
424.25.27.60.58.001,5341.98,engine_median,DERIVED,1,0.0,2026-09-06T23:07:09.964344+00:00,
424.55.33.20.55.008,12698.53,engine_median,DERIVED,1,0.0,2026-09-06T23:07:09.964344+00:00,
424.55.37.20.52.001,15334.48,engine_median,DERIVED,1,0.0,2026-09-06T23:07:09.964344+00:00,
424.57.37.20.55.001,9925.59,engine_median,DERIVED,1,0.0,2026-09-06T23:07:09.964344+00:00,
424.57.37.20.55.002,11040.83,engine_median,DERIVED,1,0.0,2026-09-06T23:07:09.964344+00:00,
424.57.37.20.55.003,9925.59,engine_median,DERIVED,1,0.0,2026-09-06T23:07:09.964344+00:00,
424.58.27.60.55.002,5672.05,engine_median,DERIVED,1,0.0,2026-09-06T23:07:09.964344+00:00,
42438CHBK,7836.13,engine_median,DERIVED,1,0.0,2026-09-06T23:07:09.964344+00:00,
425.35.34.20.55.002,13020.0,engine_median,DERIVED,1,0.0,2026-09-06T23:07:09.964344+00:00,
428.15.26.60.04.001,5208.0,engine_median,DERIVED,1,0.0,2026-09-06T23:07:09.964344+00:00,
428.15.26.60.04.002,5208.0,engine_median,DERIVED,1,0.0,2026-09-06T23:07:09.964344+00:00,
428.17.26.60.04.001,3770.29,engine_median,DERIVED,1,0.0,2026-09-06T23:07:09.964344+00:00,
428.17.26.60.04.002,3967.59,engine_median,DERIVED,1,0.0,2026-09-06T23:07:09.964344+00:00,
428.17.26.60.04.003,3770.29,engine_median,DERIVED,1,0.0,2026-09-06T23:07:09.964344+00:00,
428.17.26.60.04.004,4929.0,engine_median,DERIVED,1,0.0,2026-09-06T23:07:09.964344+00:00,
428.17.26.60.04.005,5022.0,engine_median,DERIVED,1,0.0,2026-09-06T23:07:09.964344+00:00,
428.17.26.60.04.006,5022.0,engine_median,DERIVED,1,0.0,2026-09-06T23:07:09.964344+00:00,
428.17.26.60.04.007,5022.0,engine_median,DERIVED,1,0.0,2026-09-06T23:07:09.964344+00:00,
428.17.36.60.04.001,5115.0,engine_median,DERIVED,1,0.0,2026-09-06T23:07:09.964344+00:00,
428.17.36.60.05.001,4342.96,engine_median,DERIVED,1,0.0,2026-09-06T23:07:09.964344+00:00,
428.17.39.60.01.001,2052.04,engine_median,DERIVED,1,0.0,2026-09-06T23:07:09.964344+00:00,
428.17.39.60.02.001,2143.68,engine_median,DERIVED,1,0.0,2026-09-06T23:07:09.964344+00:00,
428.18.26.60.04.001,4929.0,engine_median,DERIVED,1,0.0,2026-09-06T23:07:09.964344+00:00,
428.18.26.60.04.003,4929.0,engine_median,DERIVED,1,0.0,2026-09-06T23:07:09.964344+00:00,
428.18.36.60.03.001,5115.0,engine_median,DERIVED,1,0.0,2026-09-06T23:07:09.964344+00:00,
428.18.36.60.03.002,2330.84,engine_median,DERIVED,1,0.0,2026-09-06T23:07:09.964344+00:00,
428.18.36.60.04.002,1519.9,engine_median,DERIVED,1,0.0,2026-09-06T23:07:09.964344+00:00,
428.18.39.60.04.001,2832.7,engine_median,DERIVED,1,0.0,2026-09-06T23:07:09.964344+00:00,
428.57.26.60.04.001,9207.0,engine_median,DERIVED,1,0.0,2026-09-06T23:07:09.964344+00:00,
428.57.26.60.04.002,9207.0,engine_median,DERIVED,1,0.0,2026-09-06T23:07:09.964344+00:00,
428.57.26.60.04.003,9207.0,engine_median,DERIVED,1,0.0,2026-09-06T23:07:09.964344+00:00,
428.57.26.60.04.004,9765.0,engine_median,DERIVED,1,0.0,2026-09-06T23:07:09.964344+00:00,
428.57.26.60.04.005,9858.0,engine_median,DERIVED,1,0.0,2026-09-06T23:07:09.964344+00:00,
428.57.26.60.99.001,10509.0,engine_median,DERIVED,1,0.0,2026-09-06T23:07:09.964344+00:00,
428.58.26.60.04.003,9858.0,engine_median,DERIVED,1,0.0,2026-09-06T23:07:09.964344+00:00,
4300V000RB509,77525.0,manual_check,VERIFIED,2,8.0,2026-08-09,
4300V120GB945,86730.0,manual_check,VERIFIED,1,0.0,2026-08-09,
4300V120RB064,70102.0,manual_check,VERIFIED,2,32.7,2026-08-09,
4300V120RB509,93935.0,manual_check,VERIFIED,1,0.0,2026-08-09,
4300V120RB547,127585.0,manual_check,VERIFIED,1,0.0,2026-08-09,
43044,4230.09,engine_median,DERIVED,1,0.0,2026-09-06T23:07:09.964344+00:00,
43075000R9737,13945.0,manual_check,VERIFIED,1,0.0,2026-08-09,
431.10.42.51.02.001,2759.51,engine_median,DERIVED,1,0.0,2026-09-06T23:07:09.964344+00:00,
431.13.41.22.02.001,4073.78,engine_median,DERIVED,1,0.0,2026-09-06T23:07:09.964344+00:00,
4313,47746.56,engine_median,DERIVED,1,0.0,2026-09-06T23:07:09.964344+00:00,
43175000R9687,36536.0,manual_check,VERIFIED,1,0.0,2026-08-09,
43221,3682.72,engine_median,DERIVED,1,0.0,2026-09-06T23:07:09.964344+00:00,
433.10.41.22.02.001,4276.76,engine_median,DERIVED,1,0.0,2026-09-06T23:07:09.964344+00:00,
433.13.41.21.02.001,2759.51,engine_median,DERIVED,1,0.0,2026-09-06T23:07:09.964344+00:00,
433.13.41.21.10.001,2640.52,engine_median,DERIVED,1,0.0,2026-09-06T23:07:09.964344+00:00,8200.0
433.33.41.21.03.001,2627.58,engine_median,DERIVED,1,0.0,2026-09-06T23:07:09.964344+00:00,
433.33.41.22.03.001,3624.37,engine_median,DERIVED,1,0.0,2026-09-06T23:07:09.964344+00:00,
434.10.28.60.03.001,1933.84,engine_median,DERIVED,1,0.0,2026-09-06T23:07:09.964344+00:00,
434.10.28.60.05.001,3348.0,engine_median,DERIVED,1,0.0,2026-09-06T23:07:09.964344+00:00,
434.10.28.60.10.001,1578.35,engine_median,DERIVED,1,0.0,2026-09-06T23:07:09.964344+00:00,
434.10.30.60.03.001,3069.0,engine_median,DERIVED,1,0.0,2026-09-06T23:07:09.964344+00:00,
434.10.30.60.05.001,2395.03,engine_median,DERIVED,1,0.0,2026-09-06T23:07:09.964344+00:00,
434.10.34.20.03.001,4929.0,engine_median,DERIVED,1,0.0,2026-09-06T23:07:09.964344+00:00,
434.10.34.20.05.001,5208.0,engine_median,DERIVED,1,0.0,2026-09-06T23:07:09.964344+00:00,
434.10.34.20.07.001,2553.89,engine_median,DERIVED,1,0.0,2026-09-06T23:07:09.964344+00:00,
434.10.40.20.01.001,3178.45,engine_median,DERIVED,1,0.0,2026-09-06T23:07:09.964344+00:00,5500.0
434.10.40.20.02.001,2909.17,engine_median,DERIVED,1,0.0,2026-09-06T23:07:09.964344+00:00,5200.0
434.10.40.20.06.001,5115.0,engine_median,DERIVED,1,0.0,2026-09-06T23:07:09.964344+00:00,5200.0
434.10.40.20.10.001,2694.63,engine_median,DERIVED,1,0.0,2026-09-06T23:07:09.964344+00:00,
434.10.41.20.03.001,5766.0,engine_median,DERIVED,1,0.0,2026-09-06T23:07:09.964344+00:00,
434.10.41.20.10.001,5766.0,engine_median,DERIVED,1,0.0,2026-09-06T23:07:09.964344+00:00,
434.10.41.21.03.001,6324.0,engine_median,DERIVED,1,0.0,2026-09-06T23:07:09.964344+00:00,
434.10.41.21.10.001,3849.95,engine_median,DERIVED,1,0.0,2026-09-06T23:07:09.964344+00:00,
434.13.28.60.53.001,1604.03,engine_median,DERIVED,1,0.0,2026-09-06T23:07:09.964344+00:00,
434.13.28.60.53.002,1631.7,engine_median,DERIVED,1,0.0,2026-09-06T23:07:09.964344+00:00,
434.13.28.60.55.001,1637.01,engine_median,DERIVED,1,0.0,2026-09-06T23:07:09.964344+00:00,
434.13.28.60.60.001,3348.0,engine_median,DERIVED,1,0.0,2026-09-06T23:07:09.964344+00:00,
434.13.30.60.51.001,1578.55,engine_median,DERIVED,1,0.0,2026-09-06T23:07:09.964344+00:00,
434.13.30.60.53.001,988.96,engine_median,DERIVED,1,0.0,2026-09-06T23:07:09.964344+00:00,
434.13.30.60.60.001,1611.61,engine_median,DERIVED,1,0.0,2026-09-06T23:07:09.964344+00:00,
434.13.34.20.53.001,5115.0,engine_median,DERIVED,1,0.0,2026-09-06T23:07:09.964344+00:00,
434.13.34.20.57.001,2776.93,engine_median,DERIVED,1,0.0,2026-09-06T23:07:09.964344+00:00,
434.13.40.20.01.001,4743.0,engine_median,DERIVED,1,0.0,2026-09-06T23:07:09.964344+00:00,
434.13.40.20.03.001,4743.0,engine_median,DERIVED,1,0.0,2026-09-06T23:07:09.964344+00:00,
434.13.41.20.02.001,5394.0,engine_median,DERIVED,1,0.0,2026-09-06T23:07:09.964344+00:00,
434.13.41.20.11.001,5394.0,engine_median,DERIVED,1,0.0,2026-09-06T23:07:09.964344+00:00,
434.15.30.60.52.001,7719.0,engine_median,DERIVED,1,0.0,2026-09-06T23:07:09.964344+00:00,
434.15.30.60.55.001,8091.0,engine_median,DERIVED,1,0.0,2026-09-06T23:07:09.964344+00:00,
434.15.34.20.55.001,10602.0,engine_median,DERIVED,1,0.0,2026-09-06T23:07:09.964344+00:00,
434.15.34.20.60.001,10230.0,engine_median,DERIVED,1,0.0,2026-09-06T23:07:09.964344+00:00,
434.20.30.60.05.001,1996.27,engine_median,DERIVED,1,0.0,2026-09-06T23:07:09.964344+00:00,
434.20.34.20.02.001,9114.0,engine_median,DERIVED,1,0.0,2026-09-06T23:07:09.964344+00:00,
434.20.34.20.05.001,6468.36,engine_median,DERIVED,1,0.0,2026-09-06T23:07:09.964344+00:00,
434.20.34.20.05.002,9486.0,engine_median,DERIVED,1,0.0,2026-09-06T23:07:09.964344+00:00,
434.20.34.20.10.001,7812.0,engine_median,DERIVED,1,0.0,2026-09-06T23:07:09.964344+00:00,
434.20.42.22.02.001,11625.0,engine_median,DERIVED,1,0.0,2026-09-06T23:07:09.964344+00:00,
434.20.42.22.10.001,11625.0,engine_median,DERIVED,1,0.0,2026-09-06T23:07:09.964344+00:00,
434.23.28.60.52.001,4659.31,engine_median,DERIVED,1,0.0,2026-09-06T23:07:09.964344+00:00,
434.23.30.60.52.001,5487.0,engine_median,DERIVED,1,0.0,2026-09-06T23:07:09.964344+00:00,
434.23.40.20.06.001,7533.0,engine_median,DERIVED,1,0.0,2026-09-06T23:07:09.964344+00:00,
434.23.42.22.02.001,9579.0,engine_median,DERIVED,1,0.0,2026-09-06T23:07:09.964344+00:00,
434.23.42.22.10.001,9579.0,engine_median,DERIVED,1,0.0,2026-09-06T23:07:09.964344+00:00,
434.25.28.60.55.001,10788.0,engine_median,DERIVED,1,0.0,2026-09-06T23:07:09.964344+00:00,
434.25.30.60.52.002,11346.0,engine_median,DERIVED,1,0.0,2026-09-06T23:07:09.964344+00:00,
434.25.34.20.58.001,13950.0,engine_median,DERIVED,1,0.0,2026-09-06T23:07:09.964344+00:00,
434.53.40.20.02.002,14322.0,engine_median,DERIVED,1,0.0,2026-09-06T23:07:09.964344+00:00,
434.53.41.20.02.001,15345.0,engine_median,DERIVED,1,0.0,2026-09-06T23:07:09.964344+00:00,
43450,4389.52,engine_median,DERIVED,1,0.0,2026-09-06T23:07:09.964344+00:00,
43451,3789.01,engine_median,DERIVED,1,0.0,2026-09-06T23:07:09.964344+00:00,
435.13.40.21.02.001,7440.0,engine_median,DERIVED,1,0.0,2026-09-06T23:07:09.964344+00:00,
435.13.40.21.03.001,7440.0,engine_median,DERIVED,1,0.0,2026-09-06T23:07:09.964344+00:00,
435.13.40.21.03.002,8091.0,engine_median,DERIVED,1,0.0,2026-09-06T23:07:09.964344+00:00,
435.13.40.22.01.001,8742.0,engine_median,DERIVED,1,0.0,2026-09-06T23:07:09.964344+00:00,
435.13.40.22.06.001,8742.0,engine_median,DERIVED,1,0.0,2026-09-06T23:07:09.964344+00:00,
435.18.40.21.02.001,5875.66,engine_median,DERIVED,1,0.0,2026-09-06T23:07:09.964344+00:00,
435.18.40.22.11.001,14787.0,engine_median,DERIVED,1,0.0,2026-09-06T23:07:09.964344+00:00,
435.53.40.21.09.001,17856.0,engine_median,DERIVED,1,0.0,2026-09-06T23:07:09.964344+00:00,
435.53.40.21.11.002,22134.0,engine_median,DERIVED,1,0.0,2026-09-06T23:07:09.964344+00:00,
435.53.40.22.02.001,22971.0,engine_median,DERIVED,1,0.0,2026-09-06T23:07:09.964344+00:00,
435.53.40.22.03.001,21576.0,engine_median,DERIVED,1,0.0,2026-09-06T23:07:09.964344+00:00,
43804,3612.94,engine_median,DERIVED,1,0.0,2026-09-06T23:07:09.964344+00:00,
43807,4224.78,engine_median,DERIVED,1,0.0,2026-09-06T23:07:09.964344+00:00,
4400E000AB437,14221.0,manual_check,VERIFIED,2,8.1,2026-08-09,15900.0
4400E000RB436,25180.0,manual_check,VERIFIED,1,0.0,2026-08-09,
44304,10149.55,engine_median,DERIVED,1,0.0,2026-09-06T23:07:09.964344+00:00,
44475,1646.64,engine_median,DERIVED,1,0.0,2026-09-06T23:07:09.964344+00:00,
44489,6004.38,engine_median,DERIVED,1,0.0,2026-09-06T23:07:09.964344+00:00,
44490,4958.16,engine_median,DERIVED,1,0.0,2026-09-06T23:07:09.964344+00:00,
44750,7651.82,engine_median,DERIVED,1,0.0,2026-09-06T23:07:09.964344+00:00,
44831,2476.37,engine_median,DERIVED,1,0.0,2026-09-06T23:07:09.964344+00:00,
44843,10096.41,engine_median,DERIVED,1,0.0,2026-09-06T23:07:09.964344+00:00,
44945,3608.15,engine_median,DERIVED,1,0.0,2026-09-06T23:07:09.964344+00:00,
4500V000RB127,36502.0,manual_check,VERIFIED,1,0.0,2026-08-09,
4500V110AB126,20806.0,manual_check,VERIFIED,2,14.0,2026-08-09,
4500V110AB128,27352.0,manual_check,VERIFIED,2,13.9,2026-08-09,
4500V110AB483,23921.0,manual_check,VERIFIED,2,16.9,2026-08-09,
4500V110RB705,54066.0,manual_check,VERIFIED,2,6.6,2026-08-09,
45135,2513.57,engine_median,DERIVED,1,0.0,2026-09-06T23:07:09.964344+00:00,
45136,4322.61,engine_median,DERIVED,1,0.0,2026-09-06T23:07:09.964344+00:00,
45142,15889.0,engine_median,DERIVED,1,0.0,2026-09-06T23:07:09.964344+00:00,
45178,15304.43,engine_median,DERIVED,1,0.0,2026-09-06T23:07:09.964344+00:00,
4520V210AB128,31916.0,manual_check,VERIFIED,2,4.0,2026-08-09,
4520V210AB483,26915.0,manual_check,VERIFIED,2,1.2,2026-08-09,
4520V210RB705,57519.0,manual_check,VERIFIED,2,0.4,2026-08-09,
4520V210RB967,61724.0,manual_check,VERIFIED,2,0.6,2026-08-09,68000.0
45319,7704.96,engine_median,DERIVED,1,0.0,2026-09-06T23:07:09.964344+00:00,
45438,6323.24,engine_median,DERIVED,1,0.0,2026-09-06T23:07:09.964344+00:00,
45731,3084.43,engine_median,DERIVED,1,0.0,2026-09-06T23:07:09.964344+00:00,
45732,1987.45,engine_median,DERIVED,1,0.0,2026-09-06T23:07:09.964344+00:00,
4600E000AB442,10721.0,manual_check,VERIFIED,1,0.0,2026-08-09,
4600E000AB487,11045.0,manual_check,VERIFIED,1,0.0,2026-08-09,
4600E000RB441,17619.0,manual_check,VERIFIED,2,25.6,2026-08-09,
4600E000RB576,17444.0,manual_check,VERIFIED,1,0.0,2026-08-09,
4600E000RH,17420.33,engine_median,DERIVED,1,0.0,2026-09-06T23:07:09.964344+00:00,
4600E110AB487,12845.0,manual_check,VERIFIED,1,0.0,2026-08-09,
4600V200AB980,23787.0,manual_check,VERIFIED,2,16.7,2026-08-09,
4600V200RB979,42825.03,engine_median,DERIVED,1,0.0,2026-09-06T23:07:09.964344+00:00,
4605V200RB978,51189.3,engine_median,DERIVED,1,0.0,2026-09-06T23:07:09.964344+00:00,
46245,1586.51,engine_median,DERIVED,1,0.0,2026-09-06T23:07:09.964344+00:00,
46343,3932.29,engine_median,DERIVED,1,0.0,2026-09-06T23:07:09.964344+00:00,
482389,270.92,engine_median,DERIVED,1,0.0,2026-09-06T23:07:09.964344+00:00,
49101200A,14512.0,manual_check,VERIFIED,1,0.0,2026-08-09,
49140423A87,11106.92,engine_median,DERIVED,1,0.0,2026-09-06T23:07:09.964344+00:00,
4946G001,36872.5,engine_median,DERIVED,1,0.0,2026-09-06T23:07:09.964344+00:00,
4946R,45529.0,manual_check,VERIFIED,1,0.0,2026-08-09,
49471A,34034.0,manual_check,VERIFIED,1,0.0,2026-08-09,
49471A001,30690.18,engine_median,DERIVED,1,0.0,2026-09-06T23:07:09.964344+00:00,52440.0
4947R,43251.0,manual_check,VERIFIED,1,0.0,2026-08-09,
4962200R01,22798.42,engine_median,DERIVED,1,0.0,2026-09-06T23:07:09.964344+00:00,
4968G,26346.0,manual_check,VERIFIED,1,0.0,2026-08-09,
4968G010,21044.69,engine_median,DERIVED,1,0.0,2026-09-06T23:07:09.964344+00:00,
4997200G,23737.0,manual_check,VERIFIED,1,0.0,2026-08-09,
4997200G00,18998.68,engine_median,DERIVED,1,0.0,2026-09-06T23:07:09.964344+00:00,
4997200R,25479.0,manual_check,VERIFIED,1,0.0,2026-08-09,
5000H000AB582,30696.0,manual_check,VERIFIED,2,4.0,2026-08-09,
5000H000RB059,36593.0,manual_check,VERIFIED,1,0.0,2026-08-09,
5000R,35340.0,engine_median,DERIVED,1,0.0,2026-09-06T23:07:09.964344+00:00,
5000T000PB975,125550.0,engine_median,DERIVED,1,0.0,2026-09-06T23:07:09.964344+00:00,
500715,10600.0,dealer_crawl,EST,1,0.0,2026-08-23T21:43:17+00:00,
501370,467.66,engine_median,DERIVED,1,0.0,2026-09-06T23:07:09.964344+00:00,
5022R001,13737.5,engine_median,DERIVED,1,0.0,2026-09-06T23:07:09.964344+00:00,
5026,15836.66,engine_median,DERIVED,1,0.0,2026-09-06T23:07:09.964344+00:00,
50505,13258.0,manual_check,VERIFIED,2,13.8,2026-08-09,
50509,10260.0,manual_check,VERIFIED,1,0.0,2026-08-09,
50515,14414.0,manual_check,VERIFIED,1,0.0,2026-08-09,
50519,12823.0,manual_check,VERIFIED,2,30.6,2026-08-09,
50529,15624.0,engine_median,DERIVED,1,0.0,2026-09-06T23:07:09.964344+00:00,
50535,25264.0,manual_check,VERIFIED,2,12.4,2026-08-09,
5064A001,33978.59,engine_median,DERIVED,1,0.0,2026-09-06T23:07:09.964344+00:00,
5065J001,75590.4,engine_median,DERIVED,1,0.0,2026-09-06T23:07:09.964344+00:00,
5066A001,39751.08,engine_median,DERIVED,1,0.0,2026-09-06T23:07:09.964344+00:00,
5096J,29004.25,engine_median,DERIVED,1,0.0,2026-09-06T23:07:09.964344+00:00,
51000,1222.0,manual_check,VERIFIED,2,44794.2,2026-08-09,
51003,1429.0,manual_check,VERIFIED,1,0.0,2026-08-09,
5100G001,30690.18,engine_median,DERIVED,1,0.0,2026-09-06T23:07:09.964344+00:00,
511.93.38.20.99.002,51429.0,engine_median,DERIVED,1,0.0,2026-09-06T23:07:09.964344+00:00,
5110J001,30355.39,engine_median,DERIVED,1,0.0,2026-09-06T23:07:09.964344+00:00,
51128GRR,5287.74,engine_median,DERIVED,1,0.0,2026-09-06T23:07:09.964344+00:00,
51148CH,5835.12,engine_median,DERIVED,1,0.0,2026-09-06T23:07:09.964344+00:00,
5115,6270.89,engine_median,DERIVED,1,0.0,2026-09-06T23:07:09.964344+00:00,
51169SV,5781.98,engine_median,DERIVED,1,0.0,2026-09-06T23:07:09.964344+00:00,
51201G001,25335.04,engine_median,DERIVED,1,0.0,2026-09-06T23:07:09.964344+00:00,
5131R,89834.0,manual_check,VERIFIED,1,0.0,2026-08-09,
5147G,37703.0,manual_check,VERIFIED,1,0.0,2026-08-09,
5157BB119V,10523.67,engine_median,DERIVED,1,0.0,2026-09-06T23:07:09.964344+00:00,
516.53.39.50.02.001,9505.84,engine_median,DERIVED,1,0.0,2026-09-06T23:07:09.964344+00:00,
5164A,85605.0,manual_check,VERIFIED,1,0.0,2026-08-09,
5164A001,90035.83,engine_median,DERIVED,1,0.0,2026-09-06T23:07:09.964344+00:00,
5164G,149966.0,manual_check,VERIFIED,1,0.0,2026-08-09,
5164R,119042.0,manual_check,VERIFIED,1,0.0,2026-08-09,
51671A,65912.0,manual_check,VERIFIED,1,0.0,2026-08-09,
51671A001,65472.37,engine_median,DERIVED,1,0.0,2026-09-06T23:07:09.964344+00:00,
5167A,69842.0,manual_check,VERIFIED,1,0.0,2026-08-09,
5167A001,74241.0,engine_median,DERIVED,1,0.0,2026-09-06T23:07:09.964344+00:00,
5167R,100512.0,manual_check,VERIFIED,1,0.0,2026-08-09,
5167R001,87686.21,engine_median,DERIVED,1,0.0,2026-09-06T23:07:09.964344+00:00,
5168G,94943.0,manual_check,VERIFIED,1,0.0,2026-08-09,
5168G010,86517.06,engine_median,DERIVED,1,0.0,2026-09-06T23:07:09.964344+00:00,
5172G,56091.0,manual_check,VERIFIED,1,0.0,2026-08-09,
51801R,79314.0,manual_check,VERIFIED,1,0.0,2026-08-09,
5196G,19881.0,manual_check,VERIFIED,1,0.0,2026-08-09,
5196J,21597.0,manual_check,VERIFIED,1,0.0,2026-08-09,
5196P,32649.0,manual_check,VERIFIED,1,0.0,2026-08-09,
5196R,23629.0,manual_check,VERIFIED,1,0.0,2026-08-09,
5197BA1598,7891.76,engine_median,DERIVED,1,0.0,2026-09-06T23:07:09.964344+00:00,
5204G001,169526.69,engine_median,DERIVED,1,0.0,2026-09-06T23:07:09.964344+00:00,
5204P010,200509.14,engine_median,DERIVED,1,0.0,2026-09-06T23:07:09.964344+00:00,
5204P011,212200.64,engine_median,DERIVED,1,0.0,2026-09-06T23:07:09.964344+00:00,
5204R001,157835.19,engine_median,DERIVED,1,0.0,2026-09-06T23:07:09.964344+00:00,
5205G,41336.0,manual_check,VERIFIED,1,0.0,2026-08-09,
5205G013,40803.32,engine_median,DERIVED,1,0.0,2026-09-06T23:07:09.964344+00:00,
5205R,48210.0,manual_check,VERIFIED,1,0.0,2026-08-09,
5212A,31774.0,manual_check,VERIFIED,1,0.0,2026-08-09,
5212A001,26825.2,engine_median,DERIVED,1,0.0,2026-09-06T23:07:09.964344+00:00,41038.0
522.20.42.30.01.001,5904.21,engine_median,DERIVED,1,0.0,2026-09-06T23:07:09.964344+00:00,
522.20.42.30.06.001,6786.8,engine_median,DERIVED,1,0.0,2026-09-06T23:07:09.964344+00:00,
522.21.42.20.04.001,7346.07,engine_median,DERIVED,1,0.0,2026-09-06T23:07:09.964344+00:00,
522.30.38.50.04.001,7000.0,seed_kb,VERIFIED,2,31.6,2026-09-06T23:06:51+00:00,6800.0
522.30.38.50.04.002,6324.0,engine_median,DERIVED,1,0.0,2026-09-06T23:07:09.964344+00:00,
522.30.42.30.06.001,5916.7,engine_median,DERIVED,1,0.0,2026-09-06T23:07:09.964344+00:00,
522.30.43.51.02.001,5050.73,engine_median,DERIVED,1,0.0,2026-09-06T23:07:09.964344+00:00,
522.32.40.20.01.001,3066.54,engine_median,DERIVED,1,0.0,2026-09-06T23:07:09.964344+00:00,6700.0
522.32.40.20.01.002,2953.51,engine_median,DERIVED,1,0.0,2026-09-06T23:07:09.964344+00:00,
522.32.40.20.01.003,4719.81,engine_median,DERIVED,1,0.0,2026-09-06T23:07:09.964344+00:00,6700.0
522.32.40.20.01.004,2953.51,engine_median,DERIVED,1,0.0,2026-09-06T23:07:09.964344+00:00,6700.0
522.32.40.20.01.005,3066.54,engine_median,DERIVED,1,0.0,2026-09-06T23:07:09.964344+00:00,6700.0
522.33.40.20.04.004,6882.0,engine_median,DERIVED,1,0.0,2026-09-06T23:07:09.964344+00:00,
522.53.37.20.04.001,21390.0,engine_median,DERIVED,1,0.0,2026-09-06T23:07:09.964344+00:00,
522.53.41.21.03.001,13269.84,engine_median,DERIVED,1,0.0,2026-09-06T23:07:09.964344+00:00,
522.62.43.51.02.001,36270.0,engine_median,DERIVED,1,0.0,2026-09-06T23:07:09.964344+00:00,
522.92.39.21.99.001,13299.0,engine_median,DERIVED,1,0.0,2026-09-06T23:07:09.964344+00:00,
522.92.44.20.04.001,9765.0,engine_median,DERIVED,1,0.0,2026-09-06T23:07:09.964344+00:00,10500.0
522.92.44.20.04.002,9765.0,engine_median,DERIVED,1,0.0,2026-09-06T23:07:09.964344+00:00,
5224R,44364.0,manual_check,VERIFIED,1,0.0,2026-08-09,
5226G,34598.0,manual_check,VERIFIED,1,0.0,2026-08-09,
5227G,27820.0,manual_check,VERIFIED,1,0.0,2026-08-09,
5227J,27042.0,manual_check,VERIFIED,1,0.0,2026-08-09,
5227R,27440.0,manual_check,VERIFIED,1,0.0,2026-08-09,
5230G,33779.0,manual_check,VERIFIED,1,0.0,2026-08-09,
5230P,56057.0,manual_check,VERIFIED,1,0.0,2026-08-09,
5230R,39813.0,manual_check,VERIFIED,1,0.0,2026-08-09,
5230R001,33780.06,engine_median,DERIVED,1,0.0,2026-09-06T23:07:09.964344+00:00,
5231G,98186.0,manual_check,VERIFIED,1,0.0,2026-08-09,
523550R,39395.0,manual_check,VERIFIED,1,0.0,2026-08-09,
5236P,85070.0,manual_check,VERIFIED,1,0.0,2026-08-09,
5241,17537.24,engine_median,DERIVED,1,0.0,2026-09-06T23:07:09.964344+00:00,
52416,13276.52,engine_median,DERIVED,1,0.0,2026-09-06T23:07:09.964344+00:00,
52506,38466.0,manual_check,VERIFIED,2,9.7,2026-08-09,
52508,29134.0,manual_check,VERIFIED,2,47.1,2026-08-09,27500.0
52509,23157.0,manual_check,VERIFIED,2,21.7,2026-08-09,
5261R,162283.0,manual_check,VERIFIED,1,0.0,2026-08-09,
5267200A,65352.0,manual_check,VERIFIED,1,0.0,2026-08-09,
5267200A00,58419.34,engine_median,DERIVED,1,0.0,2026-09-06T23:07:09.964344+00:00,
5268200R,107552.0,manual_check,VERIFIED,1,0.0,2026-08-09,
5269R,68057.0,manual_check,VERIFIED,1,0.0,2026-08-09,
52701R,152240.0,manual_check,VERIFIED,1,0.0,2026-08-09,
52701R001,132581.8,engine_median,DERIVED,1,0.0,2026-09-06T23:07:09.964344+00:00,
5270J,137464.0,manual_check,VERIFIED,1,0.0,2026-08-09,
5270P,160770.0,manual_check,VERIFIED,1,0.0,2026-08-09,
5271P,274180.0,manual_check,VERIFIED,1,0.0,2026-08-09,
529550,362.79,engine_median,DERIVED,1,0.0,2026-09-06T23:07:09.964344+00:00,
5297G,26180.0,manual_check,VERIFIED,1,0.0,2026-08-09,
53000,1467.0,manual_check,VERIFIED,1,0.0,2026-08-09,
53003,1558.0,manual_check,VERIFIED,1,0.0,2026-08-09,
53020,2370.0,manual_check,VERIFIED,1,0.0,2026-08-09,
53023,2995.0,manual_check,VERIFIED,1,0.0,2026-08-09,
5320G,61840.0,manual_check,VERIFIED,1,0.0,2026-08-09,
5326G,67939.0,manual_check,VERIFIED,1,0.0,2026-08-09,
5327G,64703.0,manual_check,VERIFIED,1,0.0,2026-08-09,
5327G001,68979.82,engine_median,DERIVED,1,0.0,2026-09-06T23:07:09.964344+00:00,
5327R,64096.0,manual_check,VERIFIED,1,0.0,2026-08-09,
5330G,71501.0,manual_check,VERIFIED,1,0.0,2026-08-09,
5370P,178586.0,manual_check,VERIFIED,1,0.0,2026-08-09,
5396G,39530.0,manual_check,VERIFIED,1,0.0,2026-08-09,
5396G012,132698.47,engine_median,DERIVED,1,0.0,2026-09-06T23:07:09.964344+00:00,
5396R,42853.0,manual_check,VERIFIED,1,0.0,2026-08-09,
5460BA12A,35647.72,engine_median,DERIVED,1,0.0,2026-09-06T23:07:09.964344+00:00,
5500,3971.01,engine_median,DERIVED,1,0.0,2026-09-06T23:07:09.964344+00:00,
55000,1375.0,manual_check,VERIFIED,1,0.0,2026-08-09,
55003,1272.0,manual_check,VERIFIED,2,24.1,2026-08-09,
5500V000RB074,36885.0,manual_check,VERIFIED,1,0.0,2026-08-09,
5500V110AB075,22609.0,manual_check,VERIFIED,2,10.7,2026-08-09,
5500V110AB148,28440.0,manual_check,VERIFIED,1,0.0,2026-08-09,
5500V110AB481,25916.0,manual_check,VERIFIED,1,0.0,2026-08-09,
5500V110AB686,32261.0,manual_check,VERIFIED,2,13.9,2026-08-09,
55020,2566.0,manual_check,VERIFIED,1,0.0,2026-08-09,
55023,3100.0,manual_check,VERIFIED,1,0.0,2026-08-09,
5512,43550.82,engine_median,DERIVED,1,0.0,2026-09-06T23:07:09.964344+00:00,
5513,13152.93,engine_median,DERIVED,1,0.0,2026-09-06T23:07:09.964344+00:00,
5520P,133854.0,manual_check,VERIFIED,1,0.0,2026-08-09,
5520V210AB148,36429.0,manual_check,VERIFIED,2,16.4,2026-08-09,
5520V210AB481,26305.87,engine_median,DERIVED,1,0.0,2026-09-06T23:07:09.964344+00:00,
5520V210AB686,33633.0,manual_check,VERIFIED,2,13.5,2026-08-09,
5524G,37513.0,manual_check,VERIFIED,1,0.0,2026-08-09,
5524G001,27969.93,engine_median,DERIVED,1,0.0,2026-09-06T23:07:09.964344+00:00,
5524R,36640.0,manual_check,VERIFIED,1,0.0,2026-08-09,
554425,514.43,engine_median,DERIVED,1,0.0,2026-09-06T23:07:09.964344+00:00,
557051,1870.64,engine_median,DERIVED,1,0.0,2026-09-06T23:07:09.964344+00:00,
56000,1635.0,manual_check,VERIFIED,1,0.0,2026-08-09,
56003,1783.0,manual_check,VERIFIED,2,22.0,2026-08-09,
56303SA,19065.0,engine_median,DERIVED,1,0.0,2026-09-06T23:07:09.964344+00:00,
567032,384.64,engine_median,DERIVED,1,0.0,2026-09-06T23:07:09.964344+00:00,
5700,5192.83,engine_median,DERIVED,1,0.0,2026-09-06T23:07:09.964344+00:00,
57000,1646.64,engine_median,DERIVED,1,0.0,2026-09-06T23:07:09.964344+00:00,
57003,2338.3,engine_median,DERIVED,1,0.0,2026-09-06T23:07:09.964344+00:00,
57100,1759.0,manual_check,VERIFIED,1,0.0,2026-08-09,
57103,2239.0,manual_check,VERIFIED,1,0.0,2026-08-09,
57111A,120099.0,manual_check,VERIFIED,1,0.0,2026-08-09,35000.0
57111A001,116030.25,engine_median,DERIVED,1,0.0,2026-09-06T23:07:09.964344+00:00,
57111A011,248444.27,engine_median,DERIVED,1,0.0,2026-09-06T23:07:09.964344+00:00,
57111R,193421.0,manual_check,VERIFIED,1,0.0,2026-08-09,
57111R001,249984.0,engine_median,DERIVED,1,0.0,2026-09-06T23:07:09.964344+00:00,
57121A,114245.0,manual_check,VERIFIED,1,0.0,2026-08-09,
57121A001,116330.38,engine_median,DERIVED,1,0.0,2026-09-06T23:07:09.964344+00:00,
57121R,250011.0,manual_check,VERIFIED,1,0.0,2026-08-09,
5712G,80898.0,manual_check,VERIFIED,1,0.0,2026-08-09,
5712G001,67365.83,engine_median,DERIVED,1,0.0,2026-09-06T23:07:09.964344+00:00,
5712GR001,84805.98,engine_median,DERIVED,1,0.0,2026-09-06T23:07:09.964344+00:00,
5712R,110084.0,manual_check,VERIFIED,1,0.0,2026-08-09,
57261A,123597.0,manual_check,VERIFIED,1,0.0,2026-08-09,
57261A014,118960.3,engine_median,DERIVED,1,0.0,2026-09-06T23:07:09.964344+00:00,
5726A,75966.0,manual_check,VERIFIED,1,0.0,2026-08-09,
5726A001,75590.4,engine_median,DERIVED,1,0.0,2026-09-06T23:07:09.964344+00:00,
5738P,41850.0,manual_check,VERIFIED,1,0.0,2026-08-09,
5738P001,41387.89,engine_median,DERIVED,1,0.0,2026-09-06T23:07:09.964344+00:00,
5738R,32452.0,manual_check,VERIFIED,1,0.0,2026-08-09,
57401G,241787.0,manual_check,VERIFIED,1,0.0,2026-08-09,
58101G001,324384.0,engine_median,DERIVED,1,0.0,2026-09-06T23:07:09.964344+00:00,
58111G,171790.0,manual_check,VERIFIED,1,0.0,2026-08-09,
58211A,85675.0,manual_check,VERIFIED,1,0.0,2026-08-09,
58211AR,90374.0,manual_check,VERIFIED,1,0.0,2026-08-09,
58211AR001,79502.17,engine_median,DERIVED,1,0.0,2026-09-06T23:07:09.964344+00:00,
5822P,160534.0,manual_check,VERIFIED,1,0.0,2026-08-09,
590002,1230.62,engine_median,DERIVED,1,0.0,2026-09-06T23:07:09.964344+00:00,
590003,1169.15,engine_median,DERIVED,1,0.0,2026-09-06T23:07:09.964344+00:00,
590004,1169.15,engine_median,DERIVED,1,0.0,2026-09-06T23:07:09.964344+00:00,
590005,2689.05,engine_median,DERIVED,1,0.0,2026-09-06T23:07:09.964344+00:00,
59051A,45970.0,manual_check,VERIFIED,1,0.0,2026-08-09,
5905P,58419.0,manual_check,VERIFIED,1,0.0,2026-08-09,
5905R,62622.0,manual_check,VERIFIED,1,0.0,2026-08-09,
5924G,57705.0,manual_check,VERIFIED,1,0.0,2026-08-09,
5924G001,49688.86,engine_median,DERIVED,1,0.0,2026-09-06T23:07:09.964344+00:00,76000.0
5930G,49055.0,manual_check,VERIFIED,1,0.0,2026-08-09,
5930P,77726.0,manual_check,VERIFIED,1,0.0,2026-08-09,
593329,170.06,engine_median,DERIVED,1,0.0,2026-09-06T23:07:09.964344+00:00,
5935A,52201.0,manual_check,VERIFIED,1,0.0,2026-08-09,
596001G,43420.0,manual_check,VERIFIED,1,0.0,2026-08-09,
5961R,133238.0,manual_check,VERIFIED,1,0.0,2026-08-09,
5968A,137843.0,manual_check,VERIFIED,1,0.0,2026-08-09,
5968G,117851.0,manual_check,VERIFIED,1,0.0,2026-08-09,
5968G010,119837.83,engine_median,DERIVED,1,0.0,2026-09-06T23:07:09.964344+00:00,88898.0
5968R,145090.0,manual_check,VERIFIED,1,0.0,2026-08-09,
5968R001,127750.47,engine_median,DERIVED,1,0.0,2026-09-06T23:07:09.964344+00:00,
59801AR,115716.0,manual_check,VERIFIED,1,0.0,2026-08-09,
59801AR001,100175.35,engine_median,DERIVED,1,0.0,2026-09-06T23:07:09.964344+00:00,
59801R,208323.0,manual_check,VERIFIED,1,0.0,2026-08-09,
598060G,173909.0,manual_check,VERIFIED,1,0.0,2026-08-09,
5980R,122014.0,manual_check,VERIFIED,1,0.0,2026-08-09,
5980R001,114153.31,engine_median,DERIVED,1,0.0,2026-09-06T23:07:09.964344+00:00,
59901A,126881.0,manual_check,VERIFIED,1,0.0,2026-08-09,63000.0
59901R,265147.0,manual_check,VERIFIED,1,0.0,2026-08-09,
6000T000RB,55671.07,engine_median,DERIVED,1,0.0,2026-09-06T23:07:09.964344+00:00,
6000V110AB544,80858.0,manual_check,VERIFIED,1,0.0,2026-08-09,
6007G,27098.0,manual_check,VERIFIED,1,0.0,2026-08-09,
6007G011,24259.85,engine_median,DERIVED,1,0.0,2026-09-06T23:07:09.964344+00:00,
6028,9464.25,engine_median,DERIVED,1,0.0,2026-09-06T23:07:09.964344+00:00,
6119G,27541.0,manual_check,VERIFIED,1,0.0,2026-08-09,
6119G001,25429.0,engine_median,DERIVED,1,0.0,2026-09-06T23:07:09.964344+00:00,37510.0
6119R,28249.0,manual_check,VERIFIED,1,0.0,2026-08-09,
6119R001,28452.8,engine_median,DERIVED,1,0.0,2026-09-06T23:07:09.964344+00:00,
6196P,49142.0,manual_check,VERIFIED,1,0.0,2026-08-09,
6239,77887.5,engine_median,DERIVED,1,0.0,2026-09-06T23:07:09.964344+00:00,
6246,63937.5,engine_median,DERIVED,1,0.0,2026-09-06T23:07:09.964344+00:00,
6263,97650.0,engine_median,DERIVED,1,0.0,2026-09-06T23:07:09.964344+00:00,
6265,71610.0,engine_median,DERIVED,1,0.0,2026-09-06T23:07:09.964344+00:00,
6282,4240.83,engine_median,DERIVED,1,0.0,2026-09-06T23:07:09.964344+00:00,
6284,4772.26,engine_median,DERIVED,1,0.0,2026-09-06T23:07:09.964344+00:00,
631881,280.6,engine_median,DERIVED,1,0.0,2026-09-06T23:07:09.964344+00:00,
6418,4396.38,engine_median,DERIVED,1,0.0,2026-09-06T23:07:09.964344+00:00,
6420,4225.16,engine_median,DERIVED,1,0.0,2026-09-06T23:07:09.964344+00:00,
6422,6802.33,engine_median,DERIVED,1,0.0,2026-09-06T23:07:09.964344+00:00,
6424,6270.89,engine_median,DERIVED,1,0.0,2026-09-06T23:07:09.964344+00:00,
6426,3165.23,engine_median,DERIVED,1,0.0,2026-09-06T23:07:09.964344+00:00,
64262,10522.35,engine_median,DERIVED,1,0.0,2026-09-06T23:07:09.964344+00:00,
6466,2971.55,engine_median,DERIVED,1,0.0,2026-09-06T23:07:09.964344+00:00,
6512,10230.0,engine_median,DERIVED,1,0.0,2026-09-06T23:07:09.964344+00:00,
6519,2550.88,engine_median,DERIVED,1,0.0,2026-09-06T23:07:09.964344+00:00,
6564,8414.07,engine_median,DERIVED,1,0.0,2026-09-06T23:07:09.964344+00:00,
66001,2285.45,engine_median,DERIVED,1,0.0,2026-09-06T23:07:09.964344+00:00,
6605,41899.81,engine_median,DERIVED,1,0.0,2026-09-06T23:07:09.964344+00:00,
6618,2380.82,engine_median,DERIVED,1,0.0,2026-09-06T23:07:09.964344+00:00,
66218,8439.14,engine_median,DERIVED,1,0.0,2026-09-06T23:07:09.964344+00:00,
6622,10522.35,engine_median,DERIVED,1,0.0,2026-09-06T23:07:09.964344+00:00,
6634,8417.25,engine_median,DERIVED,1,0.0,2026-09-06T23:07:09.964344+00:00,
66819,7333.76,engine_median,DERIVED,1,0.0,2026-09-06T23:07:09.964344+00:00,
66912OR,8810.36,engine_median,DERIVED,1,0.0,2026-09-06T23:07:09.964344+00:00,
6694,3709.39,engine_median,DERIVED,1,0.0,2026-09-06T23:07:09.964344+00:00,
67029BC,19771.47,engine_median,DERIVED,1,0.0,2026-09-06T23:07:09.964344+00:00,
6718,2646.03,engine_median,DERIVED,1,0.0,2026-09-06T23:07:09.964344+00:00,
67180,3055.75,engine_median,DERIVED,1,0.0,2026-09-06T23:07:09.964344+00:00,
67180PK,3155.63,engine_median,DERIVED,1,0.0,2026-09-06T23:07:09.964344+00:00,
672780,748.26,engine_median,DERIVED,1,0.0,2026-09-06T23:07:09.964344+00:00,
674275,262.53,engine_median,DERIVED,1,0.0,2026-09-06T23:07:09.964344+00:00,
67480,3613.36,engine_median,DERIVED,1,0.0,2026-09-06T23:07:09.964344+00:00,
67540SK.ZZ.A010CA.01,19962.71,engine_median,DERIVED,1,0.0,2026-09-06T23:07:09.964344+00:00,
67600ST.OO.D080VS.01,12713.69,engine_median,DERIVED,1,0.0,2026-09-06T23:07:09.964344+00:00,
67630OR,80276.0,manual_check,VERIFIED,1,0.0,2026-08-09,
67650ST,23115.0,manual_check,VERIFIED,2,7.2,2026-08-09,
67651OR,44881.0,manual_check,VERIFIED,1,0.0,2026-08-09,
67651SR,36227.0,manual_check,VERIFIED,1,0.0,2026-08-09,
67651ST,28311.0,manual_check,VERIFIED,1,0.0,2026-08-09,
681006,2620.87,engine_median,DERIVED,1,0.0,2026-09-06T23:07:09.964344+00:00,
68273,5860.12,engine_median,DERIVED,1,0.0,2026-09-06T23:07:09.964344+00:00,
68273GCHHC,6914.93,engine_median,DERIVED,1,0.0,2026-09-06T23:07:09.964344+00:00,
68274,6371.87,engine_median,DERIVED,1,0.0,2026-09-06T23:07:09.964344+00:00,
68278,15055.68,engine_median,DERIVED,1,0.0,2026-09-06T23:07:09.964344+00:00,
68278G,17537.24,engine_median,DERIVED,1,0.0,2026-09-06T23:07:09.964344+00:00,
68279BIC,11925.32,engine_median,DERIVED,1,0.0,2026-09-06T23:07:09.964344+00:00,
68623,8362.98,engine_median,DERIVED,1,0.0,2026-09-06T23:07:09.964344+00:00,
689203,175.37,engine_median,DERIVED,1,0.0,2026-09-06T23:07:09.964344+00:00,
690002,1477.38,engine_median,DERIVED,1,0.0,2026-09-06T23:07:09.964344+00:00,
690006,2853.84,engine_median,DERIVED,1,0.0,2026-09-06T23:07:09.964344+00:00,
69163,5531.21,engine_median,DERIVED,1,0.0,2026-09-06T23:07:09.964344+00:00,
69166,10206.68,engine_median,DERIVED,1,0.0,2026-09-06T23:07:09.964344+00:00,
6917,4240.83,engine_median,DERIVED,1,0.0,2026-09-06T23:07:09.964344+00:00,
69173,4874.69,engine_median,DERIVED,1,0.0,2026-09-06T23:07:09.964344+00:00,
69173CHHT,5188.79,engine_median,DERIVED,1,0.0,2026-09-06T23:07:09.964344+00:00,
69173G,6270.89,engine_median,DERIVED,1,0.0,2026-09-06T23:07:09.964344+00:00,
69173GBK,6752.57,engine_median,DERIVED,1,0.0,2026-09-06T23:07:09.964344+00:00,
69173GGRPC,6270.89,engine_median,DERIVED,1,0.0,2026-09-06T23:07:09.964344+00:00,
69173GRG,6632.27,engine_median,DERIVED,1,0.0,2026-09-06T23:07:09.964344+00:00,
69173NR,6365.35,engine_median,DERIVED,1,0.0,2026-09-06T23:07:09.964344+00:00,
69174,4208.94,engine_median,DERIVED,1,0.0,2026-09-06T23:07:09.964344+00:00,
69174GPK,5516.26,engine_median,DERIVED,1,0.0,2026-09-06T23:07:09.964344+00:00,
69174GSV,5208.03,engine_median,DERIVED,1,0.0,2026-09-06T23:07:09.964344+00:00,
69174IVR,4320.54,engine_median,DERIVED,1,0.0,2026-09-06T23:07:09.964344+00:00,
69174NA,4506.54,engine_median,DERIVED,1,0.0,2026-09-06T23:07:09.964344+00:00,
69174SVB,4636.41,engine_median,DERIVED,1,0.0,2026-09-06T23:07:09.964344+00:00,
69178,9060.91,engine_median,DERIVED,1,0.0,2026-09-06T23:07:09.964344+00:00,
69178G,12068.09,engine_median,DERIVED,1,0.0,2026-09-06T23:07:09.964344+00:00,
69188BKB,12648.07,engine_median,DERIVED,1,0.0,2026-09-06T23:07:09.964344+00:00,
69190,2759.51,engine_median,DERIVED,1,0.0,2026-09-06T23:07:09.964344+00:00,
69198GDIAR,17430.95,engine_median,DERIVED,1,0.0,2026-09-06T23:07:09.964344+00:00,
692717,438.43,engine_median,DERIVED,1,0.0,2026-09-06T23:07:09.964344+00:00,
692900,438.43,engine_median,DERIVED,1,0.0,2026-09-06T23:07:09.964344+00:00,
693830,116.92,engine_median,DERIVED,1,0.0,2026-09-06T23:07:09.964344+00:00,
7008420,5063.0,manual_check,VERIFIED,1,0.0,2026-08-09,
70101G,62761.0,manual_check,VERIFIED,1,0.0,2026-08-09,
70101R,103671.0,manual_check,VERIFIED,1,0.0,2026-08-09,
7010G,44299.0,manual_check,VERIFIED,1,0.0,2026-08-09,
7010R,66841.0,manual_check,VERIFIED,1,0.0,2026-08-09,
70150,2484.0,manual_check,VERIFIED,1,0.0,2026-08-09,
70330B,3573.0,manual_check,VERIFIED,1,0.0,2026-08-09,
70330N,3119.0,manual_check,VERIFIED,1,0.0,2026-08-09,
71181200A,93743.0,manual_check,VERIFIED,1,0.0,2026-08-09,
71181200A0,90024.51,engine_median,DERIVED,1,0.0,2026-09-06T23:07:09.964344+00:00,
71181200R,158410.0,manual_check,VERIFIED,1,0.0,2026-08-09,
71181300R,194650.0,manual_check,VERIFIED,1,0.0,2026-08-09,
71181A,72616.0,manual_check,VERIFIED,1,0.0,2026-08-09,
71181R,109695.0,manual_check,VERIFIED,1,0.0,2026-08-09,
7121200G,28548.0,manual_check,VERIFIED,1,0.0,2026-08-09,
71281G,121239.0,manual_check,VERIFIED,1,0.0,2026-08-09,
7130R,39596.0,manual_check,VERIFIED,1,0.0,2026-08-09,
7200200R,23023.0,manual_check,VERIFIED,1,0.0,2026-08-09,
7200200R00,20460.12,engine_median,DERIVED,1,0.0,2026-09-06T23:07:09.964344+00:00,
7200R001,31567.04,engine_median,DERIVED,1,0.0,2026-09-06T23:07:09.964344+00:00,
720366,329.55,engine_median,DERIVED,1,0.0,2026-09-06T23:07:09.964344+00:00,
7234G,29714.0,manual_check,VERIFIED,1,0.0,2026-08-09,
7234R,32701.0,manual_check,VERIFIED,1,0.0,2026-08-09,
7234R001,28059.59,engine_median,DERIVED,1,0.0,2026-09-06T23:07:09.964344+00:00,
73001200A,22980.0,manual_check,VERIFIED,1,0.0,2026-08-09,
73001200A0,18360.36,engine_median,DERIVED,1,0.0,2026-09-06T23:07:09.964344+00:00,
73001200R,43599.0,manual_check,VERIFIED,1,0.0,2026-08-09,
73001200R0,35542.14,engine_median,DERIVED,1,0.0,2026-09-06T23:07:09.964344+00:00,
739230,302.81,engine_median,DERIVED,1,0.0,2026-09-06T23:07:09.964344+00:00,
747722,265.61,engine_median,DERIVED,1,0.0,2026-09-06T23:07:09.964344+00:00,
75190,3849.95,engine_median,DERIVED,1,0.0,2026-09-06T23:07:09.964344+00:00,
752100,244.35,engine_median,DERIVED,1,0.0,2026-09-06T23:07:09.964344+00:00,
752545,361.44,engine_median,DERIVED,1,0.0,2026-09-06T23:07:09.964344+00:00,
760.032,111987.0,manual_check,VERIFIED,1,0.0,2026-08-09,
760610,1158.46,engine_median,DERIVED,1,0.0,2026-09-06T23:07:09.964344+00:00,
76080,3497.66,engine_median,DERIVED,1,0.0,2026-09-06T23:07:09.964344+00:00,
76080BKBB,2954.76,engine_median,DERIVED,1,0.0,2026-09-06T23:07:09.964344+00:00,
76100,11020.5,engine_median,DERIVED,1,0.0,2026-09-06T23:07:09.964344+00:00,
761549,514.43,engine_median,DERIVED,1,0.0,2026-09-06T23:07:09.964344+00:00,
76183,3390.54,engine_median,DERIVED,1,0.0,2026-09-06T23:07:09.964344+00:00,
76200,2424.2,engine_median,DERIVED,1,0.0,2026-09-06T23:07:09.964344+00:00,
76214,3507.0,dealer_crawl,EST,1,0.0,2026-08-27T00:53:31+00:00,
7700V110AB172,23479.0,manual_check,VERIFIED,1,0.0,2026-08-09,
77080,4442.77,engine_median,DERIVED,1,0.0,2026-09-06T23:07:09.964344+00:00,
77080BL,3709.39,engine_median,DERIVED,1,0.0,2026-09-06T23:07:09.964344+00:00,
77350CB,69781.0,manual_check,VERIFIED,1,0.0,2026-08-09,
77350CE,55861.0,manual_check,VERIFIED,1,0.0,2026-08-09,
77350SR,33488.0,manual_check,VERIFIED,1,0.0,2026-08-09,
77350ST,30596.0,manual_check,VERIFIED,1,0.0,2026-08-09,
77351ST,38929.0,manual_check,VERIFIED,1,0.0,2026-08-09,
77410BC,60211.2,engine_median,DERIVED,1,0.0,2026-09-06T23:07:09.964344+00:00,
77410OR,24542.0,manual_check,VERIFIED,2,3.9,2026-08-09,
77450SR,36249.0,manual_check,VERIFIED,1,0.0,2026-08-09,
77450ST,33739.0,manual_check,VERIFIED,1,0.0,2026-08-09,
77451OR,79530.0,manual_check,VERIFIED,2,10.8,2026-08-09,
77451ST,53696.0,manual_check,VERIFIED,2,14.8,2026-08-09,
77483,6270.89,engine_median,DERIVED,1,0.0,2026-09-06T23:07:09.964344+00:00,
77600TI,36521.0,manual_check,VERIFIED,1,0.0,2026-08-09,
78094,12568.35,engine_median,DERIVED,1,0.0,2026-09-06T23:07:09.964344+00:00,
78240,5112.83,engine_median,DERIVED,1,0.0,2026-09-06T23:07:09.964344+00:00,
78266,37120.49,engine_median,DERIVED,1,0.0,2026-09-06T23:07:09.964344+00:00,
78273NRD,7950.22,engine_median,DERIVED,1,0.0,2026-09-06T23:07:09.964344+00:00,
79000,4134.0,manual_check,VERIFIED,2,10.2,2026-08-09,
79000B,3888.0,manual_check,VERIFIED,2,16.7,2026-08-09,4150.0
79000N,3432.0,manual_check,VERIFIED,2,21.3,2026-08-09,
7900V000RB336,39071.0,manual_check,VERIFIED,1,0.0,2026-08-09,
7900V110AB333,24062.0,manual_check,VERIFIED,1,0.0,2026-08-09,
7900V110AB334,29100.0,manual_check,VERIFIED,1,0.0,2026-08-09,
7900V110AB546,24145.0,manual_check,VERIFIED,2,5.9,2026-08-09,
79010SG,3144.0,manual_check,VERIFIED,2,20603.1,2026-08-09,
79012M,3599.0,manual_check,VERIFIED,2,29.2,2026-08-09,
79018V,20971.5,engine_median,DERIVED,1,0.0,2026-09-06T23:07:09.964344+00:00,
79030B,2946.0,manual_check,VERIFIED,2,66.5,2026-08-09,
79030N,2919.0,manual_check,VERIFIED,1,0.0,2026-08-09,
79160,3741.28,engine_median,DERIVED,1,0.0,2026-09-06T23:07:09.964344+00:00,
79163,4728.6,engine_median,DERIVED,1,0.0,2026-09-06T23:07:09.964344+00:00,
79173,5261.18,engine_median,DERIVED,1,0.0,2026-09-06T23:07:09.964344+00:00,
79173GBK,6796.34,engine_median,DERIVED,1,0.0,2026-09-06T23:07:09.964344+00:00,
79173GHT,6153.98,engine_median,DERIVED,1,0.0,2026-09-06T23:07:09.964344+00:00,
79173GRDG,6858.48,engine_median,DERIVED,1,0.0,2026-09-06T23:07:09.964344+00:00,
79173NRD,5341.98,engine_median,DERIVED,1,0.0,2026-09-06T23:07:09.964344+00:00,
79173OPG,8810.36,engine_median,DERIVED,1,0.0,2026-09-06T23:07:09.964344+00:00,
79174,4501.23,engine_median,DERIVED,1,0.0,2026-09-06T23:07:09.964344+00:00,
79174BKB,4479.97,engine_median,DERIVED,1,0.0,2026-09-06T23:07:09.964344+00:00,
79174GBLG,6366.55,engine_median,DERIVED,1,0.0,2026-09-06T23:07:09.964344+00:00,
79174GSVC,5603.46,engine_median,DERIVED,1,0.0,2026-09-06T23:07:09.964344+00:00,
79174NGPKS,7385.3,engine_median,DERIVED,1,0.0,2026-09-06T23:07:09.964344+00:00,
79174NR,4968.89,engine_median,DERIVED,1,0.0,2026-09-06T23:07:09.964344+00:00,
79190,2797.44,engine_median,DERIVED,1,0.0,2026-09-06T23:07:09.964344+00:00,
7920V210AB334,38036.0,manual_check,VERIFIED,1,0.0,2026-08-09,
7920V210AB546,32154.0,manual_check,VERIFIED,2,22.2,2026-08-09,35200.0
79210CNU,3293.0,manual_check,VERIFIED,2,2.3,2026-08-09,
79230B,2659.0,manual_check,VERIFIED,1,0.0,2026-08-09,
79230DK,2589.0,manual_check,VERIFIED,2,16.5,2026-08-09,
79230N,2620.0,manual_check,VERIFIED,1,0.0,2026-08-09,
79230R,2582.0,manual_check,VERIFIED,1,0.0,2026-08-09,
79240,3212.14,engine_median,DERIVED,1,0.0,2026-09-06T23:07:09.964344+00:00,
79240SVB,3801.58,engine_median,DERIVED,1,0.0,2026-09-06T23:07:09.964344+00:00,
79250BA,2786.0,manual_check,VERIFIED,2,12.5,2026-08-09,
79250BB,3507.45,engine_median,DERIVED,1,0.0,2026-09-06T23:07:09.964344+00:00,
79260,4492.0,dealer_crawl,EST,1,0.0,2026-08-30T23:31:01+00:00,
7930V210TH072,71517.0,engine_median,DERIVED,1,0.0,2026-09-06T23:07:09.964344+00:00,
7930V210TH074,57660.0,engine_median,DERIVED,1,0.0,2026-09-06T23:07:09.964344+00:00,
7930V210TH075,59520.0,engine_median,DERIVED,1,0.0,2026-09-06T23:07:09.964344+00:00,
79310N,9009.0,manual_check,VERIFIED,2,10.5,2026-08-09,
7934,9718.5,engine_median,DERIVED,1,0.0,2026-09-06T23:07:09.964344+00:00,
79350,2805.96,engine_median,DERIVED,1,0.0,2026-09-06T23:07:09.964344+00:00,
793600DK,4653.22,engine_median,DERIVED,1,0.0,2026-09-06T23:07:09.964344+00:00,
79360B,4382.0,manual_check,VERIFIED,1,0.0,2026-08-09,
79360N,5120.0,manual_check,VERIFIED,3,29.3,2026-08-09,5450.0
79363BA,10483.21,engine_median,DERIVED,1,0.0,2026-09-06T23:07:09.964344+00:00,
79363N,4319.0,manual_check,VERIFIED,2,83.6,2026-08-09,
79377KN,8059.0,manual_check,VERIFIED,1,0.0,2026-08-09,
7939A1A0NU,4359.0,manual_check,VERIFIED,1,0.0,2026-08-09,
7939A1A0RU,4114.0,manual_check,VERIFIED,1,0.0,2026-08-09,
7939G1A0NRU,4182.0,manual_check,VERIFIED,1,0.0,2026-08-09,
7941A1A0NU,3925.0,manual_check,VERIFIED,1,0.0,2026-08-09,
7941A1A0RU,3276.0,manual_check,VERIFIED,1,0.0,2026-08-09,
7943A1A0NU,3663.0,manual_check,VERIFIED,1,0.0,2026-08-09,
79470,3001.0,manual_check,VERIFIED,3,46.4,2026-08-09,
79500,2438.0,manual_check,VERIFIED,2,17939.3,2026-08-09,
79540,2188.0,manual_check,VERIFIED,2,6.9,2026-08-09,
79580,1972.0,manual_check,VERIFIED,2,12.4,2026-08-09,
79600,3006.0,manual_check,VERIFIED,2,42.3,2026-08-09,
79603,3275.0,manual_check,VERIFIED,2,94.5,2026-08-09,4600.0
79613,9625.5,engine_median,DERIVED,1,0.0,2026-09-06T23:07:09.964344+00:00,
79640,3089.0,manual_check,VERIFIED,2,42.3,2026-08-09,
79643,6579.75,engine_median,DERIVED,1,0.0,2026-09-06T23:07:09.964344+00:00,
79653,4919.0,manual_check,VERIFIED,2,103.2,2026-08-09,5000.0
79660,2976.0,manual_check,VERIFIED,3,52.0,2026-08-09,
79663,3534.0,manual_check,VERIFIED,2,90.8,2026-08-09,
79673,10206.75,engine_median,DERIVED,1,0.0,2026-09-06T23:07:09.964344+00:00,
79680,3025.0,manual_check,VERIFIED,2,53.0,2026-08-09,
79683,3830.0,manual_check,VERIFIED,2,80.9,2026-08-09,5375.0
79733N,3331.0,manual_check,VERIFIED,2,8.8,2026-08-09,
79830RB,3093.0,manual_check,VERIFIED,2,12.0,2026-08-09,
79833MN,3700.0,manual_check,VERIFIED,2,11.8,2026-08-09,
79930,3185.0,manual_check,VERIFIED,2,13.9,2026-08-09,
79950,2555.0,manual_check,VERIFIED,3,8.7,2026-08-09,
80298NG,24339.57,engine_median,DERIVED,1,0.0,2026-09-06T23:07:09.964344+00:00,
80319NG,16941.06,engine_median,DERIVED,1,0.0,2026-09-06T23:07:09.964344+00:00,
80319NR,14926.34,engine_median,DERIVED,1,0.0,2026-09-06T23:07:09.964344+00:00,
81003,2433.96,engine_median,DERIVED,1,0.0,2026-09-06T23:07:09.964344+00:00,
81004,2396.76,engine_median,DERIVED,1,0.0,2026-09-06T23:07:09.964344+00:00,
81006,2104.47,engine_median,DERIVED,1,0.0,2026-09-06T23:07:09.964344+00:00,
81015000RB282,9464.0,manual_check,VERIFIED,1,0.0,2026-08-09,
81180000G9117,12422.0,manual_check,VERIFIED,1,0.0,2026-08-09,
81180000J9118,12076.0,manual_check,VERIFIED,1,0.0,2026-08-09,
81180000R9159,12427.0,manual_check,VERIFIED,1,0.0,2026-08-09,
81180000R9162,10964.0,manual_check,VERIFIED,1,0.0,2026-08-09,
81180000RB518,13626.0,manual_check,VERIFIED,1,0.0,2026-08-09,
81315,28850.16,engine_median,DERIVED,1,0.0,2026-09-06T23:07:09.964344+00:00,
815851,233.83,engine_median,DERIVED,1,0.0,2026-09-06T23:07:09.964344+00:00,
81924,3144.05,engine_median,DERIVED,1,0.0,2026-09-06T23:07:09.964344+00:00,
82035000GB735,29359.0,manual_check,VERIFIED,1,0.0,2026-08-09,
82035000R9359,25641.0,manual_check,VERIFIED,1,0.0,2026-08-09,
82172000G9383,14923.0,manual_check,VERIFIED,1,0.0,2026-08-09,
82172000P9811,18939.0,manual_check,VERIFIED,1,0.0,2026-08-09,
82172000R9382,14017.0,manual_check,VERIFIED,1,0.0,2026-08-09,
82172000R9888,16624.0,manual_check,VERIFIED,1,0.0,2026-08-09,
82172000RB402,16231.0,manual_check,VERIFIED,1,0.0,2026-08-09,
83570,13679.05,engine_median,DERIVED,1,0.0,2026-09-06T23:07:09.964344+00:00,
85180,10113.15,engine_median,DERIVED,1,0.0,2026-09-06T23:07:09.964344+00:00,
85180000G92,11531.81,engine_median,DERIVED,1,0.0,2026-09-06T23:07:09.964344+00:00,
85180000G9230,12178.0,manual_check,VERIFIED,1,0.0,2026-08-09,
85180000J9231,16450.0,manual_check,VERIFIED,1,0.0,2026-08-09,
85180000R9166,13798.0,manual_check,VERIFIED,1,0.0,2026-08-09,
85180000R9248,14796.0,manual_check,VERIFIED,1,0.0,2026-08-09,
85180000RB515,18629.0,manual_check,VERIFIED,1,0.0,2026-08-09,
86050,14880.0,engine_median,DERIVED,1,0.0,2026-09-06T23:07:09.964344+00:00,
86060000R9640,18900.0,manual_check,VERIFIED,1,0.0,2026-08-09,
86122000P93,31567.04,engine_median,DERIVED,1,0.0,2026-09-06T23:07:09.964344+00:00,
86285,66854.1,engine_median,DERIVED,1,0.0,2026-09-06T23:07:09.964344+00:00,
86349SAFUBL,63289.22,engine_median,DERIVED,1,0.0,2026-09-06T23:07:09.964344+00:00,
8648,1743.1,engine_median,DERIVED,1,0.0,2026-09-06T23:07:09.964344+00:00,
87172,10405.44,engine_median,DERIVED,1,0.0,2026-09-06T23:07:09.964344+00:00,
87172000G9301,12849.0,manual_check,VERIFIED,1,0.0,2026-08-09,
87172000R9302,14200.0,manual_check,VERIFIED,1,0.0,2026-08-09,
881001,2864.42,engine_median,DERIVED,1,0.0,2026-09-06T23:07:09.964344+00:00,
881003,2455.22,engine_median,DERIVED,1,0.0,2026-09-06T23:07:09.964344+00:00,
88928BB,53475.0,engine_median,DERIVED,1,0.0,2026-09-06T23:07:09.964344+00:00,
89190PB,1518.56,engine_median,DERIVED,1,0.0,2026-09-06T23:07:09.964344+00:00,
90100,1611.61,engine_median,DERIVED,1,0.0,2026-09-06T23:07:09.964344+00:00,
9028181,11234.0,manual_check,VERIFIED,1,0.0,2026-08-09,
902843J,11143.0,manual_check,VERIFIED,1,0.0,2026-08-09,
90500,11113.5,engine_median,DERIVED,1,0.0,2026-09-06T23:07:09.964344+00:00,
906863J,8252.0,manual_check,VERIFIED,1,0.0,2026-08-09,
906868J,7865.0,manual_check,VERIFIED,1,0.0,2026-08-09,
9088180,21912.0,manual_check,VERIFIED,1,0.0,2026-08-09,
909010,16204.0,manual_check,VERIFIED,1,0.0,2026-08-09,
91001,9294.74,engine_median,DERIVED,1,0.0,2026-09-06T23:07:09.964344+00:00,
91003,21629.27,engine_median,DERIVED,1,0.0,2026-09-06T23:07:09.964344+00:00,
91350,1488.0,manual_check,VERIFIED,2,69.7,2026-08-09,
91351,2154.0,manual_check,VERIFIED,3,14.4,2026-08-09,
91450,1462.0,manual_check,VERIFIED,2,20.5,2026-08-09,
91451,1854.0,manual_check,VERIFIED,1,0.0,2026-08-09,
91550,1584.0,manual_check,VERIFIED,2,23.2,2026-08-09,
91551,2309.0,manual_check,VERIFIED,1,0.0,2026-08-09,
91560,2167.0,manual_check,VERIFIED,2,8.2,2026-08-09,2800.0
91650,1632.0,manual_check,VERIFIED,1,0.0,2026-08-09,
91651,2465.0,manual_check,VERIFIED,1,0.0,2026-08-09,
92084,5115.0,engine_median,DERIVED,1,0.0,2026-09-06T23:07:09.964344+00:00,
92413,502107.0,engine_median,DERIVED,1,0.0,2026-09-06T23:07:09.964344+00:00,
92414,1659.72,engine_median,DERIVED,2,17.6,2026-09-06T23:07:09.964344+00:00,
93150,13877.74,engine_median,DERIVED,1,0.0,2026-09-06T23:07:09.964344+00:00,
94010,12555.0,engine_median,DERIVED,1,0.0,2026-09-06T23:07:09.964344+00:00,
94210,10352.34,engine_median,DERIVED,1,0.0,2026-09-06T23:07:09.964344+00:00,
9659,5303.69,engine_median,DERIVED,1,0.0,2026-09-06T23:07:09.964344+00:00,
9919,7393.5,engine_median,DERIVED,1,0.0,2026-09-06T23:07:09.964344+00:00,
A10310121Q1P1,465.0,engine_median,DERIVED,1,0.0,2026-09-06T23:07:09.964344+00:00,
A10320101A1A1,5079.0,engine_median,DERIVED,1,0.0,2026-09-06T23:07:09.964344+00:00,
A10320101C1A1,4211.07,engine_median,DERIVED,1,0.0,2026-09-06T23:07:09.964344+00:00,
A103703A1Q1W1,3533.07,engine_median,DERIVED,1,0.0,2026-09-06T23:07:09.964344+00:00,
A10380101A4A1,4003.7,engine_median,DERIVED,1,0.0,2026-09-06T23:07:09.964344+00:00,
A10380591A1A1,3887.53,engine_median,DERIVED,1,0.0,2026-09-06T23:07:09.964344+00:00,
A10380611A1P1,465.0,engine_median,DERIVED,1,0.0,2026-09-06T23:07:09.964344+00:00,
A10390361L1A1,3669.13,engine_median,DERIVED,1,0.0,2026-09-06T23:07:09.964344+00:00,
A10390361L1S1,3437.44,engine_median,DERIVED,1,0.0,2026-09-06T23:07:09.964344+00:00,
A11022,3085.83,engine_median,DERIVED,1,0.0,2026-09-06T23:07:09.964344+00:00,
A12022,3975.11,engine_median,DERIVED,1,0.0,2026-09-06T23:07:09.964344+00:00,
A12023,3027.61,engine_median,DERIVED,1,0.0,2026-09-06T23:07:09.964344+00:00,
A13050,2041.72,engine_median,DERIVED,1,0.0,2026-09-06T23:07:09.964344+00:00,
A13313161C1A1,5058.9,engine_median,DERIVED,1,0.0,2026-09-06T23:07:09.964344+00:00,
A13315351B1A1,2786.75,engine_median,DERIVED,1,0.0,2026-09-06T23:07:09.964344+00:00,7350.0
A1331535B1A1,3215.16,engine_median,DERIVED,1,0.0,2026-09-06T23:07:09.964344+00:00,
A13317101B1A1,2536.2,engine_median,DERIVED,1,0.0,2026-09-06T23:07:09.964344+00:00,
A13340,2226.84,engine_median,DERIVED,1,0.0,2026-09-06T23:07:09.964344+00:00,
A13341,2371.38,engine_median,DERIVED,1,0.0,2026-09-06T23:07:09.964344+00:00,
A13352,2759.51,engine_median,DERIVED,1,0.0,2026-09-06T23:07:09.964344+00:00,
A13356,1930.07,engine_median,DERIVED,1,0.0,2026-09-06T23:07:09.964344+00:00,
A13362,2759.51,engine_median,DERIVED,1,0.0,2026-09-06T23:07:09.964344+00:00,
A1338111A808,2536.2,engine_median,DERIVED,1,0.0,2026-09-06T23:07:09.964344+00:00,
A13385101B1A1,2829.91,engine_median,DERIVED,1,0.0,2026-09-06T23:07:09.964344+00:00,5000.0
A15285,1640.84,engine_median,DERIVED,1,0.0,2026-09-06T23:07:09.964344+00:00,
A15316,1139.92,engine_median,DERIVED,1,0.0,2026-09-06T23:07:09.964344+00:00,
A15991,280.6,engine_median,DERIVED,1,0.0,2026-09-06T23:07:09.964344+00:00,
A17318101B1A1,2171.2,engine_median,DERIVED,1,0.0,2026-09-06T23:07:09.964344+00:00,4700.0
A17319101I1A1,2371.38,engine_median,DERIVED,1,0.0,2026-09-06T23:07:09.964344+00:00,
A17326,3335.0,manual_check,VERIFIED,2,9.4,2026-08-09,
A17327,3640.0,manual_check,VERIFIED,1,0.0,2026-08-09,
A17327211G1A1,465.0,engine_median,DERIVED,1,0.0,2026-09-06T23:07:09.964344+00:00,
A17327211G1P1,465.0,engine_median,DERIVED,1,0.0,2026-09-06T23:07:09.964344+00:00,
A17327361L1A1,3750.0,manual_check,EST,2,14.4,2026-06,5300.0
A17327361L1P1,465.0,engine_median,DERIVED,1,0.0,2026-09-06T23:07:09.964344+00:00,
A17327381B1A1,3750.0,manual_check,EST,2,14.4,2026-06,5750.0
A17327381B1P1,5301.0,engine_median,DERIVED,1,0.0,2026-09-06T23:07:09.964344+00:00,
A17328,2876.0,manual_check,VERIFIED,2,9.7,2026-08-09,
A17328101B1A1,2954.61,engine_median,DERIVED,1,0.0,2026-09-06T23:07:09.964344+00:00,5200.0
A17328101C1X1,3394.2,engine_median,DERIVED,1,0.0,2026-09-06T23:07:09.964344+00:00,
A17328101L1A1,2640.52,engine_median,DERIVED,1,0.0,2026-09-06T23:07:09.964344+00:00,
A17328101L1X1,4557.0,engine_median,DERIVED,1,0.0,2026-09-06T23:07:09.964344+00:00,
A17329,3969.0,manual_check,VERIFIED,2,17.1,2026-08-09,
A17329161C1A1,465.0,engine_median,DERIVED,1,0.0,2026-09-06T23:07:09.964344+00:00,
A17329171C1A1,3837.89,engine_median,DERIVED,1,0.0,2026-09-06T23:07:09.964344+00:00,5600.0
A17329371L1P1,3402.28,engine_median,DERIVED,1,0.0,2026-09-06T23:07:09.964344+00:00,5850.0
A17331101I1A1,2171.2,engine_median,DERIVED,1,0.0,2026-09-06T23:07:09.964344+00:00,
A17356,7067.0,manual_check,VERIFIED,1,0.0,2026-08-09,
A17356531C1A1,11160.0,engine_median,DERIVED,1,0.0,2026-09-06T23:07:09.964344+00:00,
A17375,3183.0,manual_check,VERIFIED,2,26.3,2026-08-09,
A173751C1B1A1,4673.97,engine_median,DERIVED,1,0.0,2026-09-06T23:07:09.964344+00:00,
A173751C1B1S1,4493.95,engine_median,DERIVED,1,0.0,2026-09-06T23:07:09.964344+00:00,
A17375211B1A1,4484.83,engine_median,DERIVED,1,0.0,2026-09-06T23:07:09.964344+00:00,
A17375211B2S2,5301.0,engine_median,DERIVED,1,0.0,2026-09-06T23:07:09.964344+00:00,
A17375E71C1A1,3899.3,engine_median,DERIVED,1,0.0,2026-09-06T23:07:09.964344+00:00,
A17375E71G1A1,465.0,engine_median,DERIVED,1,0.0,2026-09-06T23:07:09.964344+00:00,
A17375E71G1S1,5301.0,engine_median,DERIVED,1,0.0,2026-09-06T23:07:09.964344+00:00,
A17376,3160.0,manual_check,VERIFIED,2,10.1,2026-08-09,5700.0
A17376211B1A1,3515.87,engine_median,DERIVED,1,0.0,2026-09-06T23:07:09.964344+00:00,
A17376211B1S1,465.0,engine_median,DERIVED,1,0.0,2026-09-06T23:07:09.964344+00:00,
A17376211C1A1,3386.66,engine_median,DERIVED,1,0.0,2026-09-06T23:07:09.964344+00:00,
A17376211C1S1,4340.47,engine_median,DERIVED,1,0.0,2026-09-06T23:07:09.964344+00:00,
A17376211L2A1,2850.0,seed_kb,EST,1,0.0,2026-09-06T23:06:51+00:00,
A17376211L2S1,3494.49,engine_median,DERIVED,1,0.0,2026-09-06T23:07:09.964344+00:00,
A17376211L2S2,465.0,engine_median,DERIVED,1,0.0,2026-09-06T23:07:09.964344+00:00,
A17376A31L1A1,5487.0,engine_median,DERIVED,1,0.0,2026-09-06T23:07:09.964344+00:00,
A17376A31L1S1,5301.0,engine_median,DERIVED,1,0.0,2026-09-06T23:07:09.964344+00:00,
A17377,3133.0,manual_check,VERIFIED,2,45.2,2026-08-09,
A17377211A1A1,2999.98,engine_median,DERIVED,1,0.0,2026-09-06T23:07:09.964344+00:00,
A17377211A1S1,2999.98,engine_median,DERIVED,1,0.0,2026-09-06T23:07:09.964344+00:00,
A17377211C1A1,3986.16,engine_median,DERIVED,1,0.0,2026-09-06T23:07:09.964344+00:00,
A17377211C1S1,465.0,engine_median,DERIVED,1,0.0,2026-09-06T23:07:09.964344+00:00,
A17377211O1S1,465.0,engine_median,DERIVED,1,0.0,2026-09-06T23:07:09.964344+00:00,
A17378211B1A1,2759.56,engine_median,DERIVED,1,0.0,2026-09-06T23:07:09.964344+00:00,
A17378211B1S1,2786.75,engine_median,DERIVED,1,0.0,2026-09-06T23:07:09.964344+00:00,5700.0
A17378E71C1S1,5301.0,engine_median,DERIVED,1,0.0,2026-09-06T23:07:09.964344+00:00,
A17388,1918.0,manual_check,VERIFIED,2,28.8,2026-08-09,
A17395,2671.0,manual_check,VERIFIED,2,46.9,2026-08-09,
A17395361L1A1,2640.52,engine_median,DERIVED,1,0.0,2026-09-06T23:07:09.964344+00:00,
A20457,227.98,engine_median,DERIVED,1,0.0,2026-09-06T23:07:09.964344+00:00,
A22322,7424.1,engine_median,DERIVED,1,0.0,2026-09-06T23:07:09.964344+00:00,
A23310121G1X1,3952.5,engine_median,DERIVED,1,0.0,2026-09-06T23:07:09.964344+00:00,
A23311,4517.0,manual_check,VERIFIED,1,0.0,2026-08-09,
A23340,3923.0,manual_check,VERIFIED,1,0.0,2026-08-09,
A233801A1C1X1,465.0,engine_median,DERIVED,1,0.0,2026-09-06T23:07:09.964344+00:00,
A233802A1L1A1,5905.5,engine_median,DERIVED,1,0.0,2026-09-06T23:07:09.964344+00:00,
A233802A1L1X1,465.0,engine_median,DERIVED,1,0.0,2026-09-06T23:07:09.964344+00:00,
A233803A1B1A1,465.0,engine_median,DERIVED,1,0.0,2026-09-06T23:07:09.964344+00:00,
A24315101B1A1,465.0,engine_median,DERIVED,1,0.0,2026-09-06T23:07:09.964344+00:00,
A24315101B1X1,5012.05,engine_median,DERIVED,1,0.0,2026-09-06T23:07:09.964344+00:00,
A24315101B1X2,465.0,engine_median,DERIVED,1,0.0,2026-09-06T23:07:09.964344+00:00,
A24315101C1A1,4858.12,engine_median,DERIVED,1,0.0,2026-09-06T23:07:09.964344+00:00,
A25363,3524.0,manual_check,VERIFIED,1,0.0,2026-08-09,
A32310,4004.0,manual_check,VERIFIED,1,0.0,2026-08-09,
A32310171C1A1,4308.7,engine_median,DERIVED,1,0.0,2026-09-06T23:07:09.964344+00:00,
A32310171C1P1,465.0,engine_median,DERIVED,1,0.0,2026-09-06T23:07:09.964344+00:00,
A32310211G1A1,6370.5,engine_median,DERIVED,1,0.0,2026-09-06T23:07:09.964344+00:00,
A32310251B1A1,465.0,engine_median,DERIVED,1,0.0,2026-09-06T23:07:09.964344+00:00,
A32310251B1P1,5998.5,engine_median,DERIVED,1,0.0,2026-09-06T23:07:09.964344+00:00,
A32320101B1A1,5440.5,engine_median,DERIVED,1,0.0,2026-09-06T23:07:09.964344+00:00,
A32320101C1A1,5440.5,engine_median,DERIVED,1,0.0,2026-09-06T23:07:09.964344+00:00,
A3239011,2674.82,engine_median,DERIVED,1,0.0,2026-09-06T23:07:09.964344+00:00,
A32397101B1A1,2429.87,engine_median,DERIVED,1,0.0,2026-09-06T23:07:09.964344+00:00,
A32398,4160.0,manual_check,VERIFIED,2,2.8,2026-08-09,
A32398101A1A1,465.0,engine_median,DERIVED,1,0.0,2026-09-06T23:07:09.964344+00:00,6700.0
A32398101B1A1,6231.0,engine_median,DERIVED,1,0.0,2026-09-06T23:07:09.964344+00:00,
A32398101C1A1,6231.0,engine_median,DERIVED,1,0.0,2026-09-06T23:07:09.964344+00:00,
A32398A11L1A1,6231.0,engine_median,DERIVED,1,0.0,2026-09-06T23:07:09.964344+00:00,
A32398B61K1A1,6417.0,engine_median,DERIVED,1,0.0,2026-09-06T23:07:09.964344+00:00,
A35340,3098.25,engine_median,DERIVED,1,0.0,2026-09-06T23:07:09.964344+00:00,
A39022,3390.54,engine_median,DERIVED,1,0.0,2026-09-06T23:07:09.964344+00:00,
A41315,3969.26,engine_median,DERIVED,1,0.0,2026-09-06T23:07:09.964344+00:00,
A4136012,2759.51,engine_median,DERIVED,1,0.0,2026-09-06T23:07:09.964344+00:00,
A4435910,2212.48,engine_median,DERIVED,1,0.0,2026-09-06T23:07:09.964344+00:00,
A68362,1653.59,engine_median,DERIVED,1,0.0,2026-09-06T23:07:09.964344+00:00,
A71356LA,2206.56,engine_median,DERIVED,1,0.0,2026-09-06T23:07:09.964344+00:00,
A72310,2630.59,engine_median,DERIVED,1,0.0,2026-09-06T23:07:09.964344+00:00,
A72310101B1A1,3199.89,engine_median,DERIVED,1,0.0,2026-09-06T23:07:09.964344+00:00,
A73380,1541.92,engine_median,DERIVED,1,0.0,2026-09-06T23:07:09.964344+00:00,
A7338811,1723.52,engine_median,DERIVED,1,0.0,2026-09-06T23:07:09.964344+00:00,
A77310,2862.0,manual_check,VERIFIED,1,0.0,2026-08-09,
A77310101B1A1,2101.33,engine_median,DERIVED,1,0.0,2026-09-06T23:07:09.964344+00:00,
A77320,3136.0,manual_check,VERIFIED,1,0.0,2026-08-09,
A77320171C1A1,3411.35,engine_median,DERIVED,1,0.0,2026-09-06T23:07:09.964344+00:00,
A77320D91K1A1,4836.0,engine_median,DERIVED,1,0.0,2026-09-06T23:07:09.964344+00:00,
A77320E61A2A1,3600.3,engine_median,DERIVED,1,0.0,2026-09-06T23:07:09.964344+00:00,
AB011012,2455.22,engine_median,DERIVED,1,0.0,2026-09-06T23:07:09.964344+00:00,
AB011511,2829.91,engine_median,DERIVED,1,0.0,2026-09-06T23:07:09.964344+00:00,
AB01181A1Q1X2,4738.27,engine_median,DERIVED,1,0.0,2026-09-06T23:07:09.964344+00:00,
AB0118221C1P1,7328.4,engine_median,DERIVED,1,0.0,2026-09-06T23:07:09.964344+00:00,
AB0134101B2A1,4339.65,engine_median,DERIVED,1,0.0,2026-09-06T23:07:09.964344+00:00,
AB0134101B3A1,4676.6,engine_median,DERIVED,1,0.0,2026-09-06T23:07:09.964344+00:00,
AB0134101C1A1,8974.5,engine_median,DERIVED,1,0.0,2026-09-06T23:07:09.964344+00:00,
AB0134101C1S1,465.0,engine_median,DERIVED,1,0.0,2026-09-06T23:07:09.964344+00:00,
AB0134101G1A1,8974.5,engine_median,DERIVED,1,0.0,2026-09-06T23:07:09.964344+00:00,
AB0134101G1S2,8649.0,engine_median,DERIVED,1,0.0,2026-09-06T23:07:09.964344+00:00,
AB0134101K1A1,5266.49,engine_median,DERIVED,1,0.0,2026-09-06T23:07:09.964344+00:00,
AB0134101K1S1,8649.0,engine_median,DERIVED,1,0.0,2026-09-06T23:07:09.964344+00:00,
AB0134101L2S1,465.0,engine_median,DERIVED,1,0.0,2026-09-06T23:07:09.964344+00:00,
AB01342B1B1A1,8928.0,engine_median,DERIVED,1,0.0,2026-09-06T23:07:09.964344+00:00,
AB01342B1B1S1,8556.0,engine_median,DERIVED,1,0.0,2026-09-06T23:07:09.964344+00:00,
AB01342B1C1S1,8556.0,engine_median,DERIVED,1,0.0,2026-09-06T23:07:09.964344+00:00,
AB01342B1C4S1,8556.0,engine_median,DERIVED,1,0.0,2026-09-06T23:07:09.964344+00:00,
AB01342B1C7S1,8556.0,engine_median,DERIVED,1,0.0,2026-09-06T23:07:09.964344+00:00,
AB01342B1CCA1,8928.0,engine_median,DERIVED,1,0.0,2026-09-06T23:07:09.964344+00:00,
AB01342B1K1A1,8928.0,engine_median,DERIVED,1,0.0,2026-09-06T23:07:09.964344+00:00,
AB01342B1K1S1,8556.0,engine_median,DERIVED,1,0.0,2026-09-06T23:07:09.964344+00:00,
AB01342B1K5A1,8928.0,engine_median,DERIVED,1,0.0,2026-09-06T23:07:09.964344+00:00,
AB01342B1K5S1,8556.0,engine_median,DERIVED,1,0.0,2026-09-06T23:07:09.964344+00:00,
AB01342B1L1A1,8928.0,engine_median,DERIVED,1,0.0,2026-09-06T23:07:09.964344+00:00,
AB01342B1L2A1,8928.0,engine_median,DERIVED,1,0.0,2026-09-06T23:07:09.964344+00:00,
AB01342B1L3S1,8556.0,engine_median,DERIVED,1,0.0,2026-09-06T23:07:09.964344+00:00,
AB01342B1L4S1,8556.0,engine_median,DERIVED,1,0.0,2026-09-06T23:07:09.964344+00:00,
AB01342B1L5S1,8556.0,engine_median,DERIVED,1,0.0,2026-09-06T23:07:09.964344+00:00,
AB0136,5305.0,manual_check,VERIFIED,1,0.0,2026-08-09,
AB0136161C1A1,465.0,engine_median,DERIVED,1,0.0,2026-09-06T23:07:09.964344+00:00,
AB0136161C1S1,9904.5,engine_median,DERIVED,1,0.0,2026-09-06T23:07:09.964344+00:00,
AB01361C1K1A1,930.0,engine_median,DERIVED,1,0.0,2026-09-06T23:07:09.964344+00:00,
AB0136251B1A1,10276.5,engine_median,DERIVED,1,0.0,2026-09-06T23:07:09.964344+00:00,
AB0136251B1A2,6230.07,engine_median,DERIVED,1,0.0,2026-09-06T23:07:09.964344+00:00,
AB0136251B1S1,465.0,engine_median,DERIVED,1,0.0,2026-09-06T23:07:09.964344+00:00,
AB0137,6013.0,manual_check,VERIFIED,1,0.0,2026-08-09,
AB0137211B1A1,9951.0,engine_median,DERIVED,1,0.0,2026-09-06T23:07:09.964344+00:00,
AB0137211B1P1,9579.0,engine_median,DERIVED,1,0.0,2026-09-06T23:07:09.964344+00:00,
AB0137211C1P1,465.0,engine_median,DERIVED,1,0.0,2026-09-06T23:07:09.964344+00:00,
AB0137241L1A1,465.0,engine_median,DERIVED,1,0.0,2026-09-06T23:07:09.964344+00:00,
AB0138,6176.0,manual_check,VERIFIED,1,0.0,2026-08-09,
AB01381E1G1P1,8183.07,engine_median,DERIVED,1,0.0,2026-09-06T23:07:09.964344+00:00,
AB01381G1B1P1,5647.66,engine_median,DERIVED,1,0.0,2026-09-06T23:07:09.964344+00:00,
AB0138211B1A1,5723.86,engine_median,DERIVED,1,0.0,2026-09-06T23:07:09.964344+00:00,
AB0138211B1P1,465.0,engine_median,DERIVED,1,0.0,2026-09-06T23:07:09.964344+00:00,
AB0138241C1P1,9579.0,engine_median,DERIVED,1,0.0,2026-09-06T23:07:09.964344+00:00,
AB0138241G1A1,465.0,engine_median,DERIVED,1,0.0,2026-09-06T23:07:09.964344+00:00,
AB0138241K1A1,465.0,engine_median,DERIVED,1,0.0,2026-09-06T23:07:09.964344+00:00,
AB0139,6405.0,manual_check,VERIFIED,1,0.0,2026-08-09,
AB0139211B1A1,9951.0,engine_median,DERIVED,1,0.0,2026-09-06T23:07:09.964344+00:00,
AB0139211B1P1,9579.0,engine_median,DERIVED,1,0.0,2026-09-06T23:07:09.964344+00:00,
AB0139211G1A1,465.0,engine_median,DERIVED,1,0.0,2026-09-06T23:07:09.964344+00:00,
AB0139211G1P1,5084.65,engine_median,DERIVED,1,0.0,2026-09-06T23:07:09.964344+00:00,
AB0139211L1A1,465.0,engine_median,DERIVED,1,0.0,2026-09-06T23:07:09.964344+00:00,
AB0139211L1P1,9579.0,engine_median,DERIVED,1,0.0,2026-09-06T23:07:09.964344+00:00,
AB0139241C1A1,9951.0,engine_median,DERIVED,1,0.0,2026-09-06T23:07:09.964344+00:00,
AB0139241C2A1,6081.59,engine_median,DERIVED,1,0.0,2026-09-06T23:07:09.964344+00:00,
AB0145,5451.0,manual_check,VERIFIED,1,0.0,2026-08-09,
AB0145171C1P1,465.0,engine_median,DERIVED,1,0.0,2026-09-06T23:07:09.964344+00:00,
AB0145211G1P1,465.0,engine_median,DERIVED,1,0.0,2026-09-06T23:07:09.964344+00:00,
AB0145221B1P1,9067.5,engine_median,DERIVED,1,0.0,2026-09-06T23:07:09.964344+00:00,
AB0146101B1A1,6975.0,engine_median,DERIVED,1,0.0,2026-09-06T23:07:09.964344+00:00,
AB0146101B1X1,6649.5,engine_median,DERIVED,1,0.0,2026-09-06T23:07:09.964344+00:00,
AB0146101C1X1,6649.5,engine_median,DERIVED,1,0.0,2026-09-06T23:07:09.964344+00:00,
AB0147,4363.0,manual_check,VERIFIED,1,0.0,2026-08-09,
AB0147101A1A1,3905.92,engine_median,DERIVED,1,0.0,2026-09-06T23:07:09.964344+00:00,7450.0
AB0147101A1X1,4345.0,manual_check,EST,2,53.0,2026-07,7150.0
AB0147101B1A1,4750.47,engine_median,DERIVED,1,0.0,2026-09-06T23:07:09.964344+00:00,7450.0
AB0147101B1X1,3793.99,engine_median,DERIVED,1,0.0,2026-09-06T23:07:09.964344+00:00,7150.0
AB0147101C1X1,465.0,engine_median,DERIVED,1,0.0,2026-09-06T23:07:09.964344+00:00,
AB0147101L1A1,6928.5,engine_median,DERIVED,1,0.0,2026-09-06T23:07:09.964344+00:00,7450.0
AB0147101L1X1,3793.99,engine_median,DERIVED,1,0.0,2026-09-06T23:07:09.964344+00:00,7150.0
AB01471A1C1A1,4541.41,engine_median,DERIVED,1,0.0,2026-09-06T23:07:09.964344+00:00,
AB0156161C1A1,8928.0,engine_median,DERIVED,1,0.0,2026-09-06T23:07:09.964344+00:00,
AB0156361L1A1,8928.0,engine_median,DERIVED,1,0.0,2026-09-06T23:07:09.964344+00:00,
AB0158101A1A1,9207.0,engine_median,DERIVED,1,0.0,2026-09-06T23:07:09.964344+00:00,
AB0158101C1A1,6267.36,engine_median,DERIVED,1,0.0,2026-09-06T23:07:09.964344+00:00,
AB0158101L1A1,930.0,engine_median,DERIVED,1,0.0,2026-09-06T23:07:09.964344+00:00,
AB0162121G1S1,3360.79,engine_median,DERIVED,2,7.1,2026-09-06T23:07:09.964344+00:00,
AB0176,4516.0,manual_check,VERIFIED,1,0.0,2026-08-09,
AB01761A1K1X1,7114.5,engine_median,DERIVED,1,0.0,2026-09-06T23:07:09.964344+00:00,
AB01762A1L1A1,4382.62,engine_median,DERIVED,1,0.0,2026-09-06T23:07:09.964344+00:00,
AB01762A1L1X1,7114.5,engine_median,DERIVED,1,0.0,2026-09-06T23:07:09.964344+00:00,
AB01763A1C1A1,4465.5,engine_median,DERIVED,1,0.0,2026-09-06T23:07:09.964344+00:00,
AB01764A1C1X1,7114.5,engine_median,DERIVED,1,0.0,2026-09-06T23:07:09.964344+00:00,
AB01765A1B1X1,7114.5,engine_median,DERIVED,1,0.0,2026-09-06T23:07:09.964344+00:00,
AB01766A1A1X1,7114.5,engine_median,DERIVED,1,0.0,2026-09-06T23:07:09.964344+00:00,
AB01767A1C1X1,7486.5,engine_median,DERIVED,1,0.0,2026-09-06T23:07:09.964344+00:00,
AB01768A1A1X1,7486.5,engine_median,DERIVED,1,0.0,2026-09-06T23:07:09.964344+00:00,
AB01771A1B1X1,465.0,engine_median,DERIVED,1,0.0,2026-09-06T23:07:09.964344+00:00,
AB01771A1L1X1,7486.5,engine_median,DERIVED,1,0.0,2026-09-06T23:07:09.964344+00:00,
AB01772A1G1X1,7486.5,engine_median,DERIVED,1,0.0,2026-09-06T23:07:09.964344+00:00,
AB01774A1B1X1,7337.0,engine_median,DERIVED,1,0.0,2026-09-06T23:07:09.964344+00:00,
AB0178121G1X1,9515.08,engine_median,DERIVED,1,0.0,2026-09-06T23:07:09.964344+00:00,
AB04451A1C1A1,465.0,engine_median,DERIVED,1,0.0,2026-09-06T23:07:09.964344+00:00,
AB04451A1C1X1,10509.0,engine_median,DERIVED,1,0.0,2026-09-06T23:07:09.964344+00:00,
AB04452A1L1A1,465.0,engine_median,DERIVED,1,0.0,2026-09-06T23:07:09.964344+00:00,
AB04453A1B1A1,465.0,engine_median,DERIVED,1,0.0,2026-09-06T23:07:09.964344+00:00,
AB0920,5036.0,manual_check,VERIFIED,1,0.0,2026-08-09,
AB1510,6753.0,manual_check,VERIFIED,1,0.0,2026-08-09,
AB2010121B1A1,3122.94,engine_median,DERIVED,1,0.0,2026-09-06T23:07:09.964344+00:00,
AB2010161C1A1,3276.8,engine_median,DERIVED,1,0.0,2026-09-06T23:07:09.964344+00:00,
AB2010161C1S1,2506.95,engine_median,DERIVED,1,0.0,2026-09-06T23:07:09.964344+00:00,5800.0
AB20108A1C1S1,3704.46,engine_median,DERIVED,1,0.0,2026-09-06T23:07:09.964344+00:00,
AB2020121B1S1,2450.99,engine_median,DERIVED,1,0.0,2026-09-06T23:07:09.964344+00:00,5400.0
AB2020121L1A1,2730.78,engine_median,DERIVED,1,0.0,2026-09-06T23:07:09.964344+00:00,5150.0
AB202016,3813.0,engine_median,DERIVED,1,0.0,2026-09-06T23:07:09.964344+00:00,
AB2020161C1A1,2436.31,engine_median,DERIVED,1,0.0,2026-09-06T23:07:09.964344+00:00,5150.0
AB2020161C1S1,2536.2,engine_median,DERIVED,1,0.0,2026-09-06T23:07:09.964344+00:00,
AB2040101B1X1,2212.48,engine_median,DERIVED,1,0.0,2026-09-06T23:07:09.964344+00:00,
AB2510,8286.0,manual_check,VERIFIED,1,0.0,2026-08-09,
AB3110241B1A1,6324.0,engine_median,DERIVED,1,0.0,2026-09-06T23:07:09.964344+00:00,
AB3110241B1S1,6045.0,engine_median,DERIVED,1,0.0,2026-09-06T23:07:09.964344+00:00,
AB3110361L1A1,6324.0,engine_median,DERIVED,1,0.0,2026-09-06T23:07:09.964344+00:00,
AB3110361L1S1,6045.0,engine_median,DERIVED,1,0.0,2026-09-06T23:07:09.964344+00:00,
AB3111161C1S1,6045.0,engine_median,DERIVED,1,0.0,2026-09-06T23:07:09.964344+00:00,
AB3111241B1A1,6324.0,engine_median,DERIVED,1,0.0,2026-09-06T23:07:09.964344+00:00,
AB3111241B1S1,6045.0,engine_median,DERIVED,1,0.0,2026-09-06T23:07:09.964344+00:00,
AB3111361L1A1,4307.8,engine_median,DERIVED,1,0.0,2026-09-06T23:07:09.964344+00:00,
AB3111361L1S1,6045.0,engine_median,DERIVED,1,0.0,2026-09-06T23:07:09.964344+00:00,
AB3112241B1S1,4073.78,engine_median,DERIVED,1,0.0,2026-09-06T23:07:09.964344+00:00,6500.0
AB3112361L1A1,4352.9,engine_median,DERIVED,1,0.0,2026-09-06T23:07:09.964344+00:00,
AB3113171L1A1,465.0,engine_median,DERIVED,1,0.0,2026-09-06T23:07:09.964344+00:00,
AB3113171L1X1,465.0,engine_median,DERIVED,1,0.0,2026-09-06T23:07:09.964344+00:00,
AB3114101A1A1,5529.04,engine_median,DERIVED,1,0.0,2026-09-06T23:07:09.964344+00:00,
AB3114101C1A1,5529.04,engine_median,DERIVED,1,0.0,2026-09-06T23:07:09.964344+00:00,7200.0
B52345,2206.56,engine_median,DERIVED,1,0.0,2026-09-06T23:07:09.964344+00:00,
BAL750,29.82,engine_median,DERIVED,1,0.0,2026-09-06T23:07:09.964344+00:00,
BAL751,29.82,engine_median,DERIVED,1,0.0,2026-09-06T23:07:09.964344+00:00,
BAL756,29.82,engine_median,DERIVED,1,0.0,2026-09-06T23:07:09.964344+00:00,
BAL758,29.82,engine_median,DERIVED,1,0.0,2026-09-06T23:07:09.964344+00:00,
BAM155,23.38,engine_median,DERIVED,1,0.0,2026-09-06T23:07:09.964344+00:00,
BAM156,32.74,engine_median,DERIVED,1,0.0,2026-09-06T23:07:09.964344+00:00,
BAM161,39.16,engine_median,DERIVED,1,0.0,2026-09-06T23:07:09.964344+00:00,
BAM162,47.35,engine_median,DERIVED,1,0.0,2026-09-06T23:07:09.964344+00:00,
BAM163,23.38,engine_median,DERIVED,1,0.0,2026-09-06T23:07:09.964344+00:00,
BAR697,29.82,engine_median,DERIVED,1,0.0,2026-09-06T23:07:09.964344+00:00,
BAR698,60.79,engine_median,DERIVED,1,0.0,2026-09-06T23:07:09.964344+00:00,
E10379351B1E1,7068.0,engine_median,DERIVED,1,0.0,2026-09-06T23:07:09.964344+00:00,
E10379351B1S1,465.0,engine_median,DERIVED,1,0.0,2026-09-06T23:07:09.964344+00:00,
E10379D31L1E1,465.0,engine_median,DERIVED,1,0.0,2026-09-06T23:07:09.964344+00:00,
E10379D31L1S1,3402.28,engine_median,DERIVED,1,0.0,2026-09-06T23:07:09.964344+00:00,6900.0
E17369241,4185.0,engine_median,DERIVED,1,0.0,2026-09-06T23:07:09.964344+00:00,
E7336009,2510.07,engine_median,DERIVED,1,0.0,2026-09-06T23:07:09.964344+00:00,
E79363,2928.0,manual_check,VERIFIED,1,0.0,2026-08-09,
E823106A1B7S1,4278.0,engine_median,DERIVED,1,0.0,2026-09-06T23:07:09.964344+00:00,
E823107A1O1S1,3953.9,engine_median,DERIVED,1,0.0,2026-09-06T23:07:09.964344+00:00,
E823108A1B1S1,3953.9,engine_median,DERIVED,1,0.0,2026-09-06T23:07:09.964344+00:00,
EB0134101M1E1,12369.0,engine_median,DERIVED,1,0.0,2026-09-06T23:07:09.964344+00:00,
EB0136,7449.0,manual_check,VERIFIED,1,0.0,2026-08-09,
EB0136251M1E1,8281.87,engine_median,DERIVED,1,0.0,2026-09-06T23:07:09.964344+00:00,13400.0
EB0136251M1S1,6099.49,engine_median,DERIVED,1,0.0,2026-09-06T23:07:09.964344+00:00,11900.0
EB01381A1B1X1,10695.0,engine_median,DERIVED,1,0.0,2026-09-06T23:07:09.964344+00:00,
EB0148101C1E1,4801.25,engine_median,DERIVED,1,0.0,2026-09-06T23:07:09.964344+00:00,10200.0
EB0148101C1X1,4329.69,engine_median,DERIVED,1,0.0,2026-09-06T23:07:09.964344+00:00,
EB7010,3599.0,manual_check,VERIFIED,1,0.0,2026-08-09,
G10380591C1G1,6579.89,engine_median,DERIVED,1,0.0,2026-09-06T23:07:09.964344+00:00,
G10380591C1S1,11718.0,engine_median,DERIVED,1,0.0,2026-09-06T23:07:09.964344+00:00,
G10380BB1K1G1,7795.5,engine_median,DERIVED,1,0.0,2026-09-06T23:07:09.964344+00:00,
GBB0030,9766.0,manual_check,VERIFIED,1,0.0,2026-08-09,
GBB0036,10733.0,manual_check,VERIFIED,1,0.0,2026-08-09,
GBL0005,6067.0,manual_check,VERIFIED,1,0.0,2026-08-09,
GSA0019,16470.0,manual_check,VERIFIED,1,0.0,2026-08-09,
GSA0021,9894.0,manual_check,VERIFIED,1,0.0,2026-08-09,
GSA0028,13436.0,manual_check,VERIFIED,1,0.0,2026-08-09,
GSA0029,29371.0,manual_check,VERIFIED,1,0.0,2026-08-09,
GTA0010,9823.0,manual_check,VERIFIED,1,0.0,2026-08-09,
GTA0011,11636.0,manual_check,VERIFIED,1,0.0,2026-08-09,
GTA0357,13224.0,manual_check,VERIFIED,1,0.0,2026-08-09,
H37511131,390.11,engine_median,DERIVED,1,0.0,2026-09-06T23:07:09.964344+00:00,
H64475131,700.77,engine_median,DERIVED,1,0.0,2026-09-06T23:07:09.964344+00:00,
H64475140,700.77,engine_median,DERIVED,1,0.0,2026-09-06T23:07:09.964344+00:00,
H64475160,700.9,engine_median,DERIVED,1,0.0,2026-09-06T23:07:09.964344+00:00,
H77785733,884.14,engine_median,DERIVED,1,0.0,2026-09-06T23:07:09.964344+00:00,
HAB001,2511.0,engine_median,DERIVED,1,0.0,2026-09-06T23:07:09.964344+00:00,
HAB001J,1787.9,engine_median,DERIVED,1,0.0,2026-09-06T23:07:09.964344+00:00,
HAB002,2511.0,engine_median,DERIVED,1,0.0,2026-09-06T23:07:09.964344+00:00,
HAB002J,1787.9,engine_median,DERIVED,1,0.0,2026-09-06T23:07:09.964344+00:00,
HAB003,2418.0,engine_median,DERIVED,1,0.0,2026-09-06T23:07:09.964344+00:00,
HAB003J,1724.04,engine_median,DERIVED,1,0.0,2026-09-06T23:07:09.964344+00:00,
HAB004,2697.0,engine_median,DERIVED,1,0.0,2026-09-06T23:07:09.964344+00:00,
HAB004J,1870.17,engine_median,DERIVED,1,0.0,2026-09-06T23:07:09.964344+00:00,
HAB005,2697.0,engine_median,DERIVED,1,0.0,2026-09-06T23:07:09.964344+00:00,
HAB005J,1870.17,engine_median,DERIVED,1,0.0,2026-09-06T23:07:09.964344+00:00,
HAB006,2697.0,engine_median,DERIVED,1,0.0,2026-09-06T23:07:09.964344+00:00,
HAB006J,2077.97,engine_median,DERIVED,1,0.0,2026-09-06T23:07:09.964344+00:00,
HAB011,2697.0,engine_median,DERIVED,1,0.0,2026-09-06T23:07:09.964344+00:00,
HAB011J,1871.12,engine_median,DERIVED,1,0.0,2026-09-06T23:07:09.964344+00:00,
HAC002J,738.65,engine_median,DERIVED,1,0.0,2026-09-06T23:07:09.964344+00:00,
HAC003J,1091.66,engine_median,DERIVED,1,0.0,2026-09-06T23:07:09.964344+00:00,
HAD001J,787.68,engine_median,DERIVED,1,0.0,2026-09-06T23:07:09.964344+00:00,
HAD003J,1164.43,engine_median,DERIVED,1,0.0,2026-09-06T23:07:09.964344+00:00,
HBB001J,510.04,engine_median,DERIVED,1,0.0,2026-09-06T23:07:09.964344+00:00,
HBB002,697.5,engine_median,DERIVED,1,0.0,2026-09-06T23:07:09.964344+00:00,
HBB002J,649.42,engine_median,DERIVED,1,0.0,2026-09-06T23:07:09.964344+00:00,
HBC001,1581.0,engine_median,DERIVED,1,0.0,2026-09-06T23:07:09.964344+00:00,
HBC001J,1436.7,engine_median,DERIVED,1,0.0,2026-09-06T23:07:09.964344+00:00,
HBC002,1581.0,engine_median,DERIVED,1,0.0,2026-09-06T23:07:09.964344+00:00,
HBC002J,1436.7,engine_median,DERIVED,1,0.0,2026-09-06T23:07:09.964344+00:00,
HBC003,925.35,engine_median,DERIVED,1,0.0,2026-09-06T23:07:09.964344+00:00,
HBC003J,871.73,engine_median,DERIVED,1,0.0,2026-09-06T23:07:09.964344+00:00,
HBC004,883.5,engine_median,DERIVED,1,0.0,2026-09-06T23:07:09.964344+00:00,
HBC004J,837.94,engine_median,DERIVED,1,0.0,2026-09-06T23:07:09.964344+00:00,
HBC005,1302.0,engine_median,DERIVED,1,0.0,2026-09-06T23:07:09.964344+00:00,
HBC005J,1146.24,engine_median,DERIVED,1,0.0,2026-09-06T23:07:09.964344+00:00,
HBC006,837.0,engine_median,DERIVED,1,0.0,2026-09-06T23:07:09.964344+00:00,
HBC006J,788.97,engine_median,DERIVED,1,0.0,2026-09-06T23:07:09.964344+00:00,
HBC007,1069.5,engine_median,DERIVED,1,0.0,2026-09-06T23:07:09.964344+00:00,
HBC008J,1026.15,engine_median,DERIVED,1,0.0,2026-09-06T23:07:09.964344+00:00,
HBC009J,1026.15,engine_median,DERIVED,1,0.0,2026-09-06T23:07:09.964344+00:00,
HBC011J,1181.17,engine_median,DERIVED,1,0.0,2026-09-06T23:07:09.964344+00:00,
HBD001,2325.0,engine_median,DERIVED,1,0.0,2026-09-06T23:07:09.964344+00:00,
HBD002,2232.0,engine_median,DERIVED,1,0.0,2026-09-06T23:07:09.964344+00:00,
HBF001,3348.0,engine_median,DERIVED,1,0.0,2026-09-06T23:07:09.964344+00:00,
HBJ001P,614.4,engine_median,DERIVED,1,0.0,2026-09-06T23:07:09.964344+00:00,
HBJ002P,614.4,engine_median,DERIVED,1,0.0,2026-09-06T23:07:09.964344+00:00,
HBJ003P,614.4,engine_median,DERIVED,1,0.0,2026-09-06T23:07:09.964344+00:00,
HBJ004P,614.4,engine_median,DERIVED,1,0.0,2026-09-06T23:07:09.964344+00:00,
HBJ005,697.5,engine_median,DERIVED,1,0.0,2026-09-06T23:07:09.964344+00:00,
HBJ005P,669.64,engine_median,DERIVED,1,0.0,2026-09-06T23:07:09.964344+00:00,
HCB001,441.75,engine_median,DERIVED,1,0.0,2026-09-06T23:07:09.964344+00:00,
HCB001J,333.44,engine_median,DERIVED,1,0.0,2026-09-06T23:07:09.964344+00:00,
HCB002,441.75,engine_median,DERIVED,1,0.0,2026-09-06T23:07:09.964344+00:00,
HCB002J,333.44,engine_median,DERIVED,1,0.0,2026-09-06T23:07:09.964344+00:00,
HCB003,441.75,engine_median,DERIVED,1,0.0,2026-09-06T23:07:09.964344+00:00,
HCB003J,333.44,engine_median,DERIVED,1,0.0,2026-09-06T23:07:09.964344+00:00,
HCB006,581.25,engine_median,DERIVED,1,0.0,2026-09-06T23:07:09.964344+00:00,
HCB006J,490.16,engine_median,DERIVED,1,0.0,2026-09-06T23:07:09.964344+00:00,
HCB007J,559.66,engine_median,DERIVED,1,0.0,2026-09-06T23:07:09.964344+00:00,
HCB008J,454.42,engine_median,DERIVED,1,0.0,2026-09-06T23:07:09.964344+00:00,
HCC001,883.5,engine_median,DERIVED,1,0.0,2026-09-06T23:07:09.964344+00:00,
HCC001J,883.57,engine_median,DERIVED,1,0.0,2026-09-06T23:07:09.964344+00:00,
HCC002,883.5,engine_median,DERIVED,1,0.0,2026-09-06T23:07:09.964344+00:00,
HCC002J,883.57,engine_median,DERIVED,1,0.0,2026-09-06T23:07:09.964344+00:00,
HCC003,883.5,engine_median,DERIVED,1,0.0,2026-09-06T23:07:09.964344+00:00,
HCC003J,868.83,engine_median,DERIVED,1,0.0,2026-09-06T23:07:09.964344+00:00,
HCC005,1302.0,engine_median,DERIVED,1,0.0,2026-09-06T23:07:09.964344+00:00,
HCC005J,1068.18,engine_median,DERIVED,1,0.0,2026-09-06T23:07:09.964344+00:00,
HCC006,1534.5,engine_median,DERIVED,1,0.0,2026-09-06T23:07:09.964344+00:00,
HCC006J,1245.11,engine_median,DERIVED,1,0.0,2026-09-06T23:07:09.964344+00:00,
HCC007,1581.0,engine_median,DERIVED,1,0.0,2026-09-06T23:07:09.964344+00:00,
HCC007J,1404.77,engine_median,DERIVED,1,0.0,2026-09-06T23:07:09.964344+00:00,
HDB001,418.5,engine_median,DERIVED,1,0.0,2026-09-06T23:07:09.964344+00:00,
HDB001J,301.17,engine_median,DERIVED,1,0.0,2026-09-06T23:07:09.964344+00:00,
HDB002,418.5,engine_median,DERIVED,1,0.0,2026-09-06T23:07:09.964344+00:00,
HDB002J,301.17,engine_median,DERIVED,1,0.0,2026-09-06T23:07:09.964344+00:00,
HDB003,418.5,engine_median,DERIVED,1,0.0,2026-09-06T23:07:09.964344+00:00,
HDB003J,431.84,engine_median,DERIVED,1,0.0,2026-09-06T23:07:09.964344+00:00,
HDB006,372.0,engine_median,DERIVED,1,0.0,2026-09-06T23:07:09.964344+00:00,
HDB006J,278.14,engine_median,DERIVED,1,0.0,2026-09-06T23:07:09.964344+00:00,
HDB007,372.0,engine_median,DERIVED,1,0.0,2026-09-06T23:07:09.964344+00:00,
HDB007J,278.14,engine_median,DERIVED,1,0.0,2026-09-06T23:07:09.964344+00:00,
HDB008,358.05,engine_median,DERIVED,1,0.0,2026-09-06T23:07:09.964344+00:00,
HDB008J,357.75,engine_median,DERIVED,1,0.0,2026-09-06T23:07:09.964344+00:00,
HDB009,358.05,engine_median,DERIVED,1,0.0,2026-09-06T23:07:09.964344+00:00,
HDB009J,261.79,engine_median,DERIVED,1,0.0,2026-09-06T23:07:09.964344+00:00,
HDB010J,276.95,engine_median,DERIVED,1,0.0,2026-09-06T23:07:09.964344+00:00,
HDB011,427.8,engine_median,DERIVED,1,0.0,2026-09-06T23:07:09.964344+00:00,
HDB012,465.0,engine_median,DERIVED,1,0.0,2026-09-06T23:07:09.964344+00:00,
HEA001J,332.87,engine_median,DERIVED,1,0.0,2026-09-06T23:07:09.964344+00:00,
HEA002J,348.97,engine_median,DERIVED,1,0.0,2026-09-06T23:07:09.964344+00:00,
HEA003J,472.46,engine_median,DERIVED,1,0.0,2026-09-06T23:07:09.964344+00:00,
HEA004J,472.46,engine_median,DERIVED,1,0.0,2026-09-06T23:07:09.964344+00:00,
HEA005J,565.73,engine_median,DERIVED,1,0.0,2026-09-06T23:07:09.964344+00:00,
HEC001J,391.93,engine_median,DERIVED,1,0.0,2026-09-06T23:07:09.964344+00:00,
HEE005J,571.82,engine_median,DERIVED,1,0.0,2026-09-06T23:07:09.964344+00:00,
HEE006J,571.82,engine_median,DERIVED,1,0.0,2026-09-06T23:07:09.964344+00:00,
HEE007J,774.86,engine_median,DERIVED,1,0.0,2026-09-06T23:07:09.964344+00:00,
HEG001J,352.82,engine_median,DERIVED,1,0.0,2026-09-06T23:07:09.964344+00:00,
HEG002J,371.07,engine_median,DERIVED,1,0.0,2026-09-06T23:07:09.964344+00:00,
HEG003J,371.07,engine_median,DERIVED,1,0.0,2026-09-06T23:07:09.964344+00:00,
HEG004J,565.73,engine_median,DERIVED,1,0.0,2026-09-06T23:07:09.964344+00:00,
HFB001J,190.98,engine_median,DERIVED,1,0.0,2026-09-06T23:07:09.964344+00:00,
HFB002J,190.98,engine_median,DERIVED,1,0.0,2026-09-06T23:07:09.964344+00:00,
HFB003J,192.84,engine_median,DERIVED,1,0.0,2026-09-06T23:07:09.964344+00:00,
HFB004J,201.22,engine_median,DERIVED,1,0.0,2026-09-06T23:07:09.964344+00:00,
HFB007J,192.84,engine_median,DERIVED,1,0.0,2026-09-06T23:07:09.964344+00:00,
HFB008J,192.84,engine_median,DERIVED,1,0.0,2026-09-06T23:07:09.964344+00:00,
HFB009J,201.79,engine_median,DERIVED,1,0.0,2026-09-06T23:07:09.964344+00:00,
HFB010J,201.22,engine_median,DERIVED,1,0.0,2026-09-06T23:07:09.964344+00:00,
HFE001J,234.52,engine_median,DERIVED,1,0.0,2026-09-06T23:07:09.964344+00:00,
HFE002J,250.88,engine_median,DERIVED,1,0.0,2026-09-06T23:07:09.964344+00:00,
HFE003J,234.52,engine_median,DERIVED,1,0.0,2026-09-06T23:07:09.964344+00:00,
HFE004J,250.88,engine_median,DERIVED,1,0.0,2026-09-06T23:07:09.964344+00:00,
HFH001P,154.26,engine_median,DERIVED,1,0.0,2026-09-06T23:07:09.964344+00:00,
HFH002P,176.3,engine_median,DERIVED,1,0.0,2026-09-06T23:07:09.964344+00:00,
HFL001P,566.71,engine_median,DERIVED,1,0.0,2026-09-06T23:07:09.964344+00:00,
HFL002,511.5,engine_median,DERIVED,1,0.0,2026-09-06T23:07:09.964344+00:00,
HFL002P,354.95,engine_median,DERIVED,1,0.0,2026-09-06T23:07:09.964344+00:00,
HFL003,544.05,engine_median,DERIVED,1,0.0,2026-09-06T23:07:09.964344+00:00,
HFL003P,376.46,engine_median,DERIVED,1,0.0,2026-09-06T23:07:09.964344+00:00,
HKF001,3580.5,engine_median,DERIVED,1,0.0,2026-09-06T23:07:09.964344+00:00,
HKF002,3580.5,engine_median,DERIVED,1,0.0,2026-09-06T23:07:09.964344+00:00,
HKF003,3580.5,engine_median,DERIVED,1,0.0,2026-09-06T23:07:09.964344+00:00,
HKF004,3069.0,engine_median,DERIVED,1,0.0,2026-09-06T23:07:09.964344+00:00,
HSA0015,20846.0,manual_check,VERIFIED,1,0.0,2026-08-09,
HSA0016,43529.0,manual_check,VERIFIED,1,0.0,2026-08-09,
I19320251B1S1,465.0,engine_median,DERIVED,1,0.0,2026-09-06T23:07:09.964344+00:00,
IW323603,3415.16,engine_median,DERIVED,1,0.0,2026-09-06T23:07:09.964344+00:00,
IW323902,4835.18,engine_median,DERIVED,1,0.0,2026-09-06T23:07:09.964344+00:00,
IW324008,2561.82,engine_median,DERIVED,1,0.0,2026-09-06T23:07:09.964344+00:00,
IW325502,2265.41,engine_median,DERIVED,1,0.0,2026-09-06T23:07:09.964344+00:00,
IW326504,2385.07,engine_median,DERIVED,1,0.0,2026-09-06T23:07:09.964344+00:00,
IW326802,3034.51,engine_median,DERIVED,2,15.3,2026-09-06T23:07:09.964344+00:00,
IW326906,5726.53,engine_median,DERIVED,1,0.0,2026-09-06T23:07:09.964344+00:00,
IW327004,2759.51,engine_median,DERIVED,1,0.0,2026-09-06T23:07:09.964344+00:00,
IW327006,2835.19,engine_median,DERIVED,1,0.0,2026-09-06T23:07:09.964344+00:00,
IW327016,3215.16,engine_median,DERIVED,1,0.0,2026-09-06T23:07:09.964344+00:00,
IW327017,2689.05,engine_median,DERIVED,1,0.0,2026-09-06T23:07:09.964344+00:00,
IW328106,6435.24,engine_median,DERIVED,1,0.0,2026-09-06T23:07:09.964344+00:00,8900.0
IW328201,4878.39,engine_median,DERIVED,1,0.0,2026-09-06T23:07:09.964344+00:00,
IW328202,4384.31,engine_median,DERIVED,1,0.0,2026-09-06T23:07:09.964344+00:00,
IW328203,4603.5,engine_median,DERIVED,1,0.0,2026-09-06T23:07:09.964344+00:00,
IW328205,3624.37,engine_median,DERIVED,1,0.0,2026-09-06T23:07:09.964344+00:00,
IW328206,5673.0,engine_median,DERIVED,1,0.0,2026-09-06T23:07:09.964344+00:00,
IW328208,4395.09,engine_median,DERIVED,1,0.0,2026-09-06T23:07:09.964344+00:00,
IW328210,5522.11,engine_median,DERIVED,1,0.0,2026-09-06T23:07:09.964344+00:00,6100.0
IW328801,3906.0,engine_median,DERIVED,2,15.2,2026-09-06T23:07:09.964344+00:00,
IW328802,4276.76,engine_median,DERIVED,1,0.0,2026-09-06T23:07:09.964344+00:00,
IW328903,8332.71,engine_median,DERIVED,1,0.0,2026-09-06T23:07:09.964344+00:00,11700.0
IW328908,20088.0,engine_median,DERIVED,1,0.0,2026-09-06T23:07:09.964344+00:00,
IW329301,5377.55,engine_median,DERIVED,1,0.0,2026-09-06T23:07:09.964344+00:00,9200.0
IW350804,6866.36,engine_median,DERIVED,1,0.0,2026-09-06T23:07:09.964344+00:00,
IW351320,1519.9,engine_median,DERIVED,1,0.0,2026-09-06T23:07:09.964344+00:00,
IW352101,6015.28,engine_median,DERIVED,1,0.0,2026-09-06T23:07:09.964344+00:00,
IW353603,3197.65,engine_median,DERIVED,1,0.0,2026-09-06T23:07:09.964344+00:00,
IW354805,2424.2,engine_median,DERIVED,1,0.0,2026-09-06T23:07:09.964344+00:00,
IW356502,3738.03,engine_median,DERIVED,1,0.0,2026-09-06T23:07:09.964344+00:00,5200.0
IW356504,6126.49,engine_median,DERIVED,1,0.0,2026-09-06T23:07:09.964344+00:00,
IW356505,5324.13,engine_median,DERIVED,1,0.0,2026-09-06T23:07:09.964344+00:00,
IW356506,2259.72,engine_median,DERIVED,1,0.0,2026-09-06T23:07:09.964344+00:00,
IW356511,7672.5,engine_median,DERIVED,1,0.0,2026-09-06T23:07:09.964344+00:00,
IW356527,2864.42,engine_median,DERIVED,1,0.0,2026-09-06T23:07:09.964344+00:00,
IW357411,2721.17,engine_median,DERIVED,1,0.0,2026-09-06T23:07:09.964344+00:00,
IW357417,4519.32,engine_median,DERIVED,1,0.0,2026-09-06T23:07:09.964344+00:00,
IW358102,3500.85,engine_median,DERIVED,1,0.0,2026-09-06T23:07:09.964344+00:00,
IW358303,3687.08,engine_median,DERIVED,2,46.5,2026-09-06T23:07:09.964344+00:00,
IW358304,4067.74,engine_median,DERIVED,1,0.0,2026-09-06T23:07:09.964344+00:00,
IW358305,3585.24,engine_median,DERIVED,1,0.0,2026-09-06T23:07:09.964344+00:00,
IW370607,2741.5,engine_median,DERIVED,1,0.0,2026-09-06T23:07:09.964344+00:00,
IW370628,3440.07,engine_median,DERIVED,1,0.0,2026-09-06T23:07:09.964344+00:00,
IW370706,2215.54,engine_median,DERIVED,1,0.0,2026-09-06T23:07:09.964344+00:00,
IW371222,9002.46,engine_median,DERIVED,1,0.0,2026-09-06T23:07:09.964344+00:00,
IW371447,3166.02,engine_median,DERIVED,1,0.0,2026-09-06T23:07:09.964344+00:00,
IW371491,3507.45,engine_median,DERIVED,1,0.0,2026-09-06T23:07:09.964344+00:00,
IW371604,4727.49,engine_median,DERIVED,1,0.0,2026-09-06T23:07:09.964344+00:00,
IW371605,4968.89,engine_median,DERIVED,1,0.0,2026-09-06T23:07:09.964344+00:00,
IW371606,6323.32,engine_median,DERIVED,1,0.0,2026-09-06T23:07:09.964344+00:00,8900.0
IW371615,6323.32,engine_median,DERIVED,1,0.0,2026-09-06T23:07:09.964344+00:00,8400.0
IW371620,6323.32,engine_median,DERIVED,1,0.0,2026-09-06T23:07:09.964344+00:00,8900.0
IW371928,2358.36,engine_median,DERIVED,1,0.0,2026-09-06T23:07:09.964344+00:00,
IW372501,2922.88,engine_median,DERIVED,1,0.0,2026-09-06T23:07:09.964344+00:00,
IW372504,3525.4,engine_median,DERIVED,1,0.0,2026-09-06T23:07:09.964344+00:00,
IW376803,5487.0,engine_median,DERIVED,1,0.0,2026-09-06T23:07:09.964344+00:00,
IW377701,2759.51,engine_median,DERIVED,1,0.0,2026-09-06T23:07:09.964344+00:00,
IW377709,2496.14,engine_median,DERIVED,1,0.0,2026-09-06T23:07:09.964344+00:00,
IW377710,3219.86,engine_median,DERIVED,1,0.0,2026-09-06T23:07:09.964344+00:00,
IW377719,2893.65,engine_median,DERIVED,1,0.0,2026-09-06T23:07:09.964344+00:00,
IW378001,4189.05,engine_median,DERIVED,1,0.0,2026-09-06T23:07:09.964344+00:00,
IW378002,5875.66,engine_median,DERIVED,1,0.0,2026-09-06T23:07:09.964344+00:00,8700.0
IW378004,4910.43,engine_median,DERIVED,1,0.0,2026-09-06T23:07:09.964344+00:00,
IW378901,3975.11,engine_median,DERIVED,1,0.0,2026-09-06T23:07:09.964344+00:00,
IW387901,3741.46,engine_median,DERIVED,1,0.0,2026-09-06T23:07:09.964344+00:00,
IW388104,6045.0,engine_median,DERIVED,1,0.0,2026-09-06T23:07:09.964344+00:00,
IW388106,10576.17,engine_median,DERIVED,1,0.0,2026-09-06T23:07:09.964344+00:00,12600.0
IW388111,4946.48,engine_median,DERIVED,1,0.0,2026-09-06T23:07:09.964344+00:00,7500.0
IW388308,15556.49,engine_median,DERIVED,1,0.0,2026-09-06T23:07:09.964344+00:00,
IW389105,8841.46,engine_median,DERIVED,1,0.0,2026-09-06T23:07:09.964344+00:00,12900.0
IW389401,7442.49,engine_median,DERIVED,1,0.0,2026-09-06T23:07:09.964344+00:00,9700.0
IW389402,8790.17,engine_median,DERIVED,1,0.0,2026-09-06T23:07:09.964344+00:00,
IW389409,9345.09,engine_median,DERIVED,1,0.0,2026-09-06T23:07:09.964344+00:00,13500.0
IW391036,4382.62,engine_median,DERIVED,1,0.0,2026-09-06T23:07:09.964344+00:00,
IW391037,3609.84,engine_median,DERIVED,1,0.0,2026-09-06T23:07:09.964344+00:00,
IW391404,3154.56,engine_median,DERIVED,1,0.0,2026-09-06T23:07:09.964344+00:00,
IW391405,4878.39,engine_median,DERIVED,1,0.0,2026-09-06T23:07:09.964344+00:00,
IW442101,3223.03,engine_median,DERIVED,1,0.0,2026-09-06T23:07:09.964344+00:00,
IW442102,3892.17,engine_median,DERIVED,1,0.0,2026-09-06T23:07:09.964344+00:00,
IW451502,4092.03,engine_median,DERIVED,1,0.0,2026-09-06T23:07:09.964344+00:00,
IW458101,2143.68,engine_median,DERIVED,1,0.0,2026-09-06T23:07:09.964344+00:00,
IW458104,3063.17,engine_median,DERIVED,1,0.0,2026-09-06T23:07:09.964344+00:00,
IW458312,1636.81,engine_median,DERIVED,1,0.0,2026-09-06T23:07:09.964344+00:00,
IW458603,3460.68,engine_median,DERIVED,1,0.0,2026-09-06T23:07:09.964344+00:00,
IW459306,3089.23,engine_median,DERIVED,1,0.0,2026-09-06T23:07:09.964344+00:00,
IW459805,10470.71,engine_median,DERIVED,1,0.0,2026-09-06T23:07:09.964344+00:00,
IW500413,20460.0,engine_median,DERIVED,1,0.0,2026-09-06T23:07:09.964344+00:00,
IW500505,5875.66,engine_median,DERIVED,1,0.0,2026-09-06T23:07:09.964344+00:00,
IW501902,4502.79,engine_median,DERIVED,1,0.0,2026-09-06T23:07:09.964344+00:00,
IW501903,6035.85,engine_median,DERIVED,1,0.0,2026-09-06T23:07:09.964344+00:00,
IW506201,25181.38,engine_median,DERIVED,1,0.0,2026-09-06T23:07:09.964344+00:00,
IW510116,4393.21,engine_median,DERIVED,1,0.0,2026-09-06T23:07:09.964344+00:00,
IW510202,3443.15,engine_median,DERIVED,1,0.0,2026-09-06T23:07:09.964344+00:00,
IW657601,6022.27,engine_median,DERIVED,1,0.0,2026-09-06T23:07:09.964344+00:00,
JBB0033,10584.0,manual_check,VERIFIED,1,0.0,2026-08-09,
JBL0006,6814.0,manual_check,VERIFIED,1,0.0,2026-08-09,
JSA0017,12719.0,manual_check,VERIFIED,1,0.0,2026-08-09,
LB19211A1C1P1,4650.0,engine_median,DERIVED,1,0.0,2026-09-06T23:07:09.964344+00:00,
M173152A1L1X1,3627.0,engine_median,DERIVED,1,0.0,2026-09-06T23:07:09.964344+00:00,
M17368D71C1S1,2283.11,engine_median,DERIVED,1,0.0,2026-09-06T23:07:09.964344+00:00,
M17368D71C1S2,2339.07,engine_median,DERIVED,1,0.0,2026-09-06T23:07:09.964344+00:00,
M18206,41472.52,engine_median,DERIVED,1,0.0,2026-09-06T23:07:09.964344+00:00,
M20751,1052.24,engine_median,DERIVED,1,0.0,2026-09-06T23:07:09.964344+00:00,
M55203,1405.9,engine_median,DERIVED,1,0.0,2026-09-06T23:07:09.964344+00:00,
M57211,1399.47,engine_median,DERIVED,1,0.0,2026-09-06T23:07:09.964344+00:00,
M57231,1307.32,engine_median,DERIVED,1,0.0,2026-09-06T23:07:09.964344+00:00,
M59614,1870.64,engine_median,DERIVED,1,0.0,2026-09-06T23:07:09.964344+00:00,
M7939G1A0NRU,3928.0,seed_kb,VERIFIED,1,0.0,2026-09-06T23:06:51+00:00,
M80211,409.2,engine_median,DERIVED,1,0.0,2026-09-06T23:07:09.964344+00:00,
M83500,379.97,engine_median,DERIVED,1,0.0,2026-09-06T23:07:09.964344+00:00,
MB20301A,3098.25,engine_median,DERIVED,1,0.0,2026-09-06T23:07:09.964344+00:00,
N17375,3753.0,manual_check,VERIFIED,1,0.0,2026-08-09,
N17375201L1S1,4586.59,engine_median,DERIVED,1,0.0,2026-09-06T23:07:09.964344+00:00,6700.0
N17376,3895.0,manual_check,VERIFIED,1,0.0,2026-08-09,
N17376201Q1S1,6324.0,engine_median,DERIVED,1,0.0,2026-09-06T23:07:09.964344+00:00,6800.0
P32398,5412.0,manual_check,VERIFIED,1,0.0,2026-08-09,
P32398101C1S1,8137.5,engine_median,DERIVED,1,0.0,2026-09-06T23:07:09.964344+00:00,
P323982A1F1S1,465.0,engine_median,DERIVED,1,0.0,2026-09-06T23:07:09.964344+00:00,
P64484,1344.52,engine_median,DERIVED,1,0.0,2026-09-06T23:07:09.964344+00:00,
P75450,1462.17,engine_median,DERIVED,1,0.0,2026-09-06T23:07:09.964344+00:00,
PAM01084,3902.0,manual_check,VERIFIED,1,0.0,2026-08-09,
PAM01085,4171.0,manual_check,VERIFIED,1,0.0,2026-08-09,6800.0
PAM01086,3909.0,manual_check,VERIFIED,1,0.0,2026-08-09,5900.0
PAM01087,4447.0,manual_check,VERIFIED,1,0.0,2026-08-09,5900.0
PAM01109,6161.0,manual_check,VERIFIED,1,0.0,2026-08-09,
PAM01110,7471.0,manual_check,VERIFIED,1,0.0,2026-08-09,
PAM01124,5538.0,manual_check,VERIFIED,1,0.0,2026-08-09,
PAM01218,7196.0,manual_check,VERIFIED,1,0.0,2026-08-09,
PAM01232,9643.0,manual_check,VERIFIED,1,0.0,2026-08-09,
PAM01314,6000.0,seed_kb,EST,1,0.0,2026-09-06T23:06:51+00:00,9500.0
PAM01350,4927.0,manual_check,VERIFIED,1,0.0,2026-08-09,
PAM01360,7101.0,manual_check,VERIFIED,1,0.0,2026-08-09,
PAM01370,5327.0,manual_check,VERIFIED,1,0.0,2026-08-09,
PAM01371,5575.0,manual_check,VERIFIED,1,0.0,2026-08-09,
PAM01372,5702.0,manual_check,VERIFIED,1,0.0,2026-08-09,
PAM01383,3850.0,manual_check,VERIFIED,1,0.0,2026-08-09,
PAM01384,4234.0,manual_check,VERIFIED,1,0.0,2026-08-09,
PAM233,6458.0,manual_check,VERIFIED,1,0.0,2026-08-09,
PAM422,5483.0,manual_check,VERIFIED,1,0.0,2026-08-09,
PAM914,4989.0,manual_check,VERIFIED,1,0.0,2026-08-09,
PAM915,4884.0,manual_check,VERIFIED,1,0.0,2026-08-09,
PB0134101C1S1,11160.0,engine_median,DERIVED,1,0.0,2026-09-06T23:07:09.964344+00:00,
PB0134101C1S2,6647.88,engine_median,DERIVED,1,0.0,2026-09-06T23:07:09.964344+00:00,12200.0
PB0136,7667.0,manual_check,VERIFIED,1,0.0,2026-08-09,
PB0158101C1A1,930.0,engine_median,DERIVED,1,0.0,2026-09-06T23:07:09.964344+00:00,
PB0178121B1X1,14851.24,engine_median,DERIVED,1,0.0,2026-09-06T23:07:09.964344+00:00,
PB1920251C1A1,930.0,engine_median,DERIVED,1,0.0,2026-09-06T23:07:09.964344+00:00,
PB1920251C1P1,930.0,engine_median,DERIVED,1,0.0,2026-09-06T23:07:09.964344+00:00,
PB1921251B1P1,930.0,engine_median,DERIVED,1,0.0,2026-09-06T23:07:09.964344+00:00,
Q1252520,9236.29,engine_median,DERIVED,1,0.0,2026-09-06T23:07:09.964344+00:00,
Q1288420,4778.52,engine_median,DERIVED,1,0.0,2026-09-06T23:07:09.964344+00:00,
Q1308470,20033.19,engine_median,DERIVED,1,0.0,2026-09-06T23:07:09.964344+00:00,
Q1368420,5594.88,engine_median,DERIVED,1,0.0,2026-09-06T23:07:09.964344+00:00,
Q1368480,9233.17,engine_median,DERIVED,1,0.0,2026-09-06T23:07:09.964344+00:00,
Q1372520,13430.06,engine_median,DERIVED,1,0.0,2026-09-06T23:07:09.964344+00:00,20000.0
Q1378420,4611.55,engine_median,DERIVED,1,0.0,2026-09-06T23:07:09.964344+00:00,
Q1628120,4514.95,engine_median,DERIVED,1,0.0,2026-09-06T23:07:09.964344+00:00,
Q1658420,22213.84,engine_median,DERIVED,1,0.0,2026-09-06T23:07:09.964344+00:00,
Q2438520,4676.6,engine_median,DERIVED,1,0.0,2026-09-06T23:07:09.964344+00:00,
Q2508410,4737.44,engine_median,DERIVED,1,0.0,2026-09-06T23:07:09.964344+00:00,
Q2515120,5553.46,engine_median,DERIVED,1,0.0,2026-09-06T23:07:09.964344+00:00,
Q2518140,4835.18,engine_median,DERIVED,1,0.0,2026-09-06T23:07:09.964344+00:00,
Q2538420,4999.68,engine_median,DERIVED,1,0.0,2026-09-06T23:07:09.964344+00:00,
Q2578480,11988.78,engine_median,DERIVED,1,0.0,2026-09-06T23:07:09.964344+00:00,
Q2588422,9925.59,engine_median,DERIVED,1,0.0,2026-09-06T23:07:09.964344+00:00,
Q2608442,6691.42,engine_median,DERIVED,1,0.0,2026-09-06T23:07:09.964344+00:00,
Q2618130,4394.03,engine_median,DERIVED,1,0.0,2026-09-06T23:07:09.964344+00:00,
Q2618420,2647.86,engine_median,DERIVED,1,0.0,2026-09-06T23:07:09.964344+00:00,
Q2668143,11584.62,engine_median,DERIVED,1,0.0,2026-09-06T23:07:09.964344+00:00,
Q2668432,8921.88,engine_median,DERIVED,1,0.0,2026-09-06T23:07:09.964344+00:00,
Q2668443,9925.59,engine_median,DERIVED,1,0.0,2026-09-06T23:07:09.964344+00:00,
Q2702521,9353.2,engine_median,DERIVED,1,0.0,2026-09-06T23:07:09.964344+00:00,
Q2708410,6134.22,engine_median,DERIVED,1,0.0,2026-09-06T23:07:09.964344+00:00,
Q2718110,6664.16,engine_median,DERIVED,1,0.0,2026-09-06T23:07:09.964344+00:00,
Q2718170,8442.37,engine_median,DERIVED,1,0.0,2026-09-06T23:07:09.964344+00:00,
Q2782560,17420.33,engine_median,DERIVED,1,0.0,2026-09-06T23:07:09.964344+00:00,
Q3264520,3969.26,engine_median,DERIVED,1,0.0,2026-09-06T23:07:09.964344+00:00,
Q3342520,14386.53,engine_median,DERIVED,1,0.0,2026-09-06T23:07:09.964344+00:00,
Q3348420,9479.5,engine_median,DERIVED,1,0.0,2026-09-06T23:07:09.964344+00:00,
Q3442430,18289.85,engine_median,DERIVED,1,0.0,2026-09-06T23:07:09.964344+00:00,
Q3448111,7307.19,engine_median,DERIVED,1,0.0,2026-09-06T23:07:09.964344+00:00,
Q3448132,15501.77,engine_median,DERIVED,1,0.0,2026-09-06T23:07:09.964344+00:00,
Q3448411,9913.76,engine_median,DERIVED,1,0.0,2026-09-06T23:07:09.964344+00:00,
Q3468110,9646.79,engine_median,DERIVED,1,0.0,2026-09-06T23:07:09.964344+00:00,
Q3468190,5174.69,engine_median,DERIVED,1,0.0,2026-09-06T23:07:09.964344+00:00,
Q3468430,9925.59,engine_median,DERIVED,1,0.0,2026-09-06T23:07:09.964344+00:00,
Q3572430,14386.53,engine_median,DERIVED,1,0.0,2026-09-06T23:07:09.964344+00:00,
Q3578430,11040.83,engine_median,DERIVED,1,0.0,2026-09-06T23:07:09.964344+00:00,
Q3658110,6133.8,engine_median,DERIVED,1,0.0,2026-09-06T23:07:09.964344+00:00,
Q3788570,10522.35,engine_median,DERIVED,1,0.0,2026-09-06T23:07:09.964344+00:00,
Q3828420,4618.14,engine_median,DERIVED,1,0.0,2026-09-06T23:07:09.964344+00:00,
Q3848422,8773.03,engine_median,DERIVED,1,0.0,2026-09-06T23:07:09.964344+00:00,
Q3858520,7969.76,engine_median,DERIVED,1,0.0,2026-09-06T23:07:09.964344+00:00,
Q3858523,8281.87,engine_median,DERIVED,1,0.0,2026-09-06T23:07:09.964344+00:00,11400.0
Q3868520,6196.5,engine_median,DERIVED,1,0.0,2026-09-06T23:07:09.964344+00:00,
Q3878120,5025.09,engine_median,DERIVED,1,0.0,2026-09-06T23:07:09.964344+00:00,
Q3878160,6412.6,engine_median,DERIVED,1,0.0,2026-09-06T23:07:09.964344+00:00,
Q3878520,4327.39,engine_median,DERIVED,1,0.0,2026-09-06T23:07:09.964344+00:00,
Q4008520,6722.61,engine_median,DERIVED,1,0.0,2026-09-06T23:07:09.964344+00:00,
Q4138480,14549.24,engine_median,DERIVED,1,0.0,2026-09-06T23:07:09.964344+00:00,19600.0
Q6043420,23250.0,engine_median,DERIVED,1,0.0,2026-09-06T23:07:09.964344+00:00,
Q9008170,4851.97,engine_median,DERIVED,1,0.0,2026-09-06T23:07:09.964344+00:00,
Q9028170,6725.99,engine_median,DERIVED,1,0.0,2026-09-06T23:07:09.964344+00:00,
Q9028180,8476.34,engine_median,DERIVED,1,0.0,2026-09-06T23:07:09.964344+00:00,
Q9028471,7905.0,engine_median,DERIVED,1,0.0,2026-09-06T23:07:09.964344+00:00,
R10310121Q1P1,930.0,engine_median,DERIVED,1,0.0,2026-09-06T23:07:09.964344+00:00,
R233801A1B1R1,930.0,engine_median,DERIVED,1,0.0,2026-09-06T23:07:09.964344+00:00,
R233801A1B1X1,20320.5,engine_median,DERIVED,1,0.0,2026-09-06T23:07:09.964344+00:00,
R32310251L1P1,930.0,engine_median,DERIVED,1,0.0,2026-09-06T23:07:09.964344+00:00,18900.0
RB0134,16500.0,manual_check,VERIFIED,1,0.0,2026-08-09,
RB01344A1L1S1,930.0,engine_median,DERIVED,1,0.0,2026-09-06T23:07:09.964344+00:00,
RB01347A1F1S1,930.0,engine_median,DERIVED,1,0.0,2026-09-06T23:07:09.964344+00:00,
RB0136,20812.0,manual_check,VERIFIED,2,52.9,2026-08-09,
RB01366A1K1S1,4650.0,engine_median,DERIVED,1,0.0,2026-09-06T23:07:09.964344+00:00,
RB0137,15581.0,manual_check,VERIFIED,1,0.0,2026-08-09,
RB0138,14099.0,manual_check,VERIFIED,1,0.0,2026-08-09,
RB0138211B1P1,21111.0,engine_median,DERIVED,1,0.0,2026-09-06T23:07:09.964344+00:00,
RB0139211G1P1,465.0,engine_median,DERIVED,1,0.0,2026-09-06T23:07:09.964344+00:00,
RB0145,12763.0,manual_check,VERIFIED,1,0.0,2026-08-09,
RB0145371G1R1,930.0,engine_median,DERIVED,1,0.0,2026-09-06T23:07:09.964344+00:00,
RB0178131B1X1,37803.17,engine_median,DERIVED,1,0.0,2026-09-06T23:07:09.964344+00:00,
RB1510251B1P1,465.0,engine_median,DERIVED,1,0.0,2026-09-06T23:07:09.964344+00:00,
RB2510371G1P1,465.0,engine_median,DERIVED,1,0.0,2026-09-06T23:07:09.964344+00:00,
RGR320P,5430.7,engine_median,DERIVED,1,0.0,2026-09-06T23:07:09.964344+00:00,
S17328101B1X1,465.0,engine_median,DERIVED,1,0.0,2026-09-06T23:07:09.964344+00:00,
S32320101B1X1,465.0,engine_median,DERIVED,1,0.0,2026-09-06T23:07:09.964344+00:00,
SAAA990,19.87,engine_median,DERIVED,1,0.0,2026-09-06T23:07:09.964344+00:00,
SAAK001,19.87,engine_median,DERIVED,1,0.0,2026-09-06T23:07:09.964344+00:00,
SAAP010,18.7,engine_median,DERIVED,1,0.0,2026-09-06T23:07:09.964344+00:00,
SAAP024,18.7,engine_median,DERIVED,1,0.0,2026-09-06T23:07:09.964344+00:00,
SAAP066,18.7,engine_median,DERIVED,1,0.0,2026-09-06T23:07:09.964344+00:00,
SAAP868,18.7,engine_median,DERIVED,1,0.0,2026-09-06T23:07:09.964344+00:00,
SAAP874,18.7,engine_median,DERIVED,1,0.0,2026-09-06T23:07:09.964344+00:00,
SAAP944,18.7,engine_median,DERIVED,1,0.0,2026-09-06T23:07:09.964344+00:00,
SAAT980,19.87,engine_median,DERIVED,1,0.0,2026-09-06T23:07:09.964344+00:00,
SAAY005,19.87,engine_median,DERIVED,1,0.0,2026-09-06T23:07:09.964344+00:00,
SABP001,19.87,engine_median,DERIVED,1,0.0,2026-09-06T23:07:09.964344+00:00,
SABQ002,21.05,engine_median,DERIVED,1,0.0,2026-09-06T23:07:09.964344+00:00,
SABR014,19.87,engine_median,DERIVED,1,0.0,2026-09-06T23:07:09.964344+00:00,
SABR021,18.7,engine_median,DERIVED,1,0.0,2026-09-06T23:07:09.964344+00:00,
SABR043,21.05,engine_median,DERIVED,1,0.0,2026-09-06T23:07:09.964344+00:00,
SABW002,19.87,engine_median,DERIVED,1,0.0,2026-09-06T23:07:09.964344+00:00,
SACA001,18.7,engine_median,DERIVED,1,0.0,2026-09-06T23:07:09.964344+00:00,
SACJ002J,18.7,engine_median,DERIVED,1,0.0,2026-09-06T23:07:09.964344+00:00,
SACK001,19.29,engine_median,DERIVED,1,0.0,2026-09-06T23:07:09.964344+00:00,
SACK005J,18.7,engine_median,DERIVED,1,0.0,2026-09-06T23:07:09.964344+00:00,
SACK015J,18.7,engine_median,DERIVED,1,0.0,2026-09-06T23:07:09.964344+00:00,
SACK029J,53.78,engine_median,DERIVED,1,0.0,2026-09-06T23:07:09.964344+00:00,
SACK031,47.35,engine_median,DERIVED,1,0.0,2026-09-06T23:07:09.964344+00:00,
SACK035,19.87,engine_median,DERIVED,1,0.0,2026-09-06T23:07:09.964344+00:00,
SACK038,39.16,engine_median,DERIVED,1,0.0,2026-09-06T23:07:09.964344+00:00,
SACL004J,24.55,engine_median,DERIVED,1,0.0,2026-09-06T23:07:09.964344+00:00,
SACL009J,38.59,engine_median,DERIVED,1,0.0,2026-09-06T23:07:09.964344+00:00,
SACM079J,18.7,engine_median,DERIVED,1,0.0,2026-09-06T23:07:09.964344+00:00,
SACM092,39.16,engine_median,DERIVED,1,0.0,2026-09-06T23:07:09.964344+00:00,
SACM107,39.16,engine_median,DERIVED,1,0.0,2026-09-06T23:07:09.964344+00:00,
SACM159,18.7,engine_median,DERIVED,1,0.0,2026-09-06T23:07:09.964344+00:00,
SACM167J,20.46,engine_median,DERIVED,1,0.0,2026-09-06T23:07:09.964344+00:00,
SACQ002,21.05,engine_median,DERIVED,1,0.0,2026-09-06T23:07:09.964344+00:00,
SACQ007,19.87,engine_median,DERIVED,1,0.0,2026-09-06T23:07:09.964344+00:00,
SACR002,19.87,engine_median,DERIVED,1,0.0,2026-09-06T23:07:09.964344+00:00,
SACS015,21.05,engine_median,DERIVED,1,0.0,2026-09-06T23:07:09.964344+00:00,
SACV004,15.78,engine_median,DERIVED,1,0.0,2026-09-06T23:07:09.964344+00:00,
SACX006,18.7,engine_median,DERIVED,1,0.0,2026-09-06T23:07:09.964344+00:00,
SACX016,18.7,engine_median,DERIVED,1,0.0,2026-09-06T23:07:09.964344+00:00,
SACX023,21.05,engine_median,DERIVED,1,0.0,2026-09-06T23:07:09.964344+00:00,
SACX088,18.7,engine_median,DERIVED,1,0.0,2026-09-06T23:07:09.964344+00:00,
SADA011,114.58,engine_median,DERIVED,1,0.0,2026-09-06T23:07:09.964344+00:00,
SADA017,84.17,engine_median,DERIVED,1,0.0,2026-09-06T23:07:09.964344+00:00,
SADA021,139.71,engine_median,DERIVED,1,0.0,2026-09-06T23:07:09.964344+00:00,
SADA025,420.31,engine_median,DERIVED,1,0.0,2026-09-06T23:07:09.964344+00:00,
SADA037,26.31,engine_median,DERIVED,1,0.0,2026-09-06T23:07:09.964344+00:00,
SADA039,624.08,engine_median,DERIVED,1,0.0,2026-09-06T23:07:09.964344+00:00,
SADB001,19.87,engine_median,DERIVED,1,0.0,2026-09-06T23:07:09.964344+00:00,
SADL011J,38.59,engine_median,DERIVED,1,0.0,2026-09-06T23:07:09.964344+00:00,
SADM001,166.02,engine_median,DERIVED,1,0.0,2026-09-06T23:07:09.964344+00:00,
SADM007,105.81,engine_median,DERIVED,1,0.0,2026-09-06T23:07:09.964344+00:00,
SADN001J,18.7,engine_median,DERIVED,1,0.0,2026-09-06T23:07:09.964344+00:00,
SADQ005,18.7,engine_median,DERIVED,1,0.0,2026-09-06T23:07:09.964344+00:00,
SADQ011J,19.87,engine_median,DERIVED,1,0.0,2026-09-06T23:07:09.964344+00:00,
SADR003J,18.7,engine_median,DERIVED,1,0.0,2026-09-06T23:07:09.964344+00:00,
SADR004J,15.78,engine_median,DERIVED,1,0.0,2026-09-06T23:07:09.964344+00:00,
SADR017,70.15,engine_median,DERIVED,1,0.0,2026-09-06T23:07:09.964344+00:00,
SADR018J,102.89,engine_median,DERIVED,1,0.0,2026-09-06T23:07:09.964344+00:00,
SADT007,56.7,engine_median,DERIVED,1,0.0,2026-09-06T23:07:09.964344+00:00,
SADV006J,18.7,engine_median,DERIVED,1,0.0,2026-09-06T23:07:09.964344+00:00,
SADV023,19.29,engine_median,DERIVED,1,0.0,2026-09-06T23:07:09.964344+00:00,
SADV031,18.7,engine_median,DERIVED,1,0.0,2026-09-06T23:07:09.964344+00:00,
SADW006,18.7,engine_median,DERIVED,1,0.0,2026-09-06T23:07:09.964344+00:00,
SADX001,15.78,engine_median,DERIVED,1,0.0,2026-09-06T23:07:09.964344+00:00,
SADX005,19.29,engine_median,DERIVED,1,0.0,2026-09-06T23:07:09.964344+00:00,
SADX048,19.29,engine_median,DERIVED,1,0.0,2026-09-06T23:07:09.964344+00:00,
SADY001,15.78,engine_median,DERIVED,1,0.0,2026-09-06T23:07:09.964344+00:00,
SADZ001,16.37,engine_median,DERIVED,1,0.0,2026-09-06T23:07:09.964344+00:00,
SADZ017,16.37,engine_median,DERIVED,1,0.0,2026-09-06T23:07:09.964344+00:00,
SADZ037,102.89,engine_median,DERIVED,1,0.0,2026-09-06T23:07:09.964344+00:00,
SADZ049,19.29,engine_median,DERIVED,1,0.0,2026-09-06T23:07:09.964344+00:00,
SADZ091J,18.13,engine_median,DERIVED,1,0.0,2026-09-06T23:07:09.964344+00:00,
SADZ123,18.13,engine_median,DERIVED,1,0.0,2026-09-06T23:07:09.964344+00:00,
SADZ126,20.46,engine_median,DERIVED,1,0.0,2026-09-06T23:07:09.964344+00:00,
SADZ131,139.71,engine_median,DERIVED,1,0.0,2026-09-06T23:07:09.964344+00:00,
SADZ143,63.14,engine_median,DERIVED,1,0.0,2026-09-06T23:07:09.964344+00:00,
SADZ163,126.85,engine_median,DERIVED,1,0.0,2026-09-06T23:07:09.964344+00:00,
SADZ165,130.36,engine_median,DERIVED,1,0.0,2026-09-06T23:07:09.964344+00:00,
SADZ180J,19.29,engine_median,DERIVED,1,0.0,2026-09-06T23:07:09.964344+00:00,
SADZ185,520.68,engine_median,DERIVED,1,0.0,2026-09-06T23:07:09.964344+00:00,
SADZ187,520.68,engine_median,DERIVED,1,0.0,2026-09-06T23:07:09.964344+00:00,
SADZ188,520.68,engine_median,DERIVED,1,0.0,2026-09-06T23:07:09.964344+00:00,
SADZ197,520.68,engine_median,DERIVED,1,0.0,2026-09-06T23:07:09.964344+00:00,
SADZ200,520.68,engine_median,DERIVED,1,0.0,2026-09-06T23:07:09.964344+00:00,
SADZ201,579.32,engine_median,DERIVED,1,0.0,2026-09-06T23:07:09.964344+00:00,
SADZ202,677.9,engine_median,DERIVED,1,0.0,2026-09-06T23:07:09.964344+00:00,
SAEA001,88.85,engine_median,DERIVED,1,0.0,2026-09-06T23:07:09.964344+00:00,
SAEA009,70.15,engine_median,DERIVED,1,0.0,2026-09-06T23:07:09.964344+00:00,
SAEC013J,18.7,engine_median,DERIVED,1,0.0,2026-09-06T23:07:09.964344+00:00,
SAEC015J,19.29,engine_median,DERIVED,1,0.0,2026-09-06T23:07:09.964344+00:00,
SAEC017,49.1,engine_median,DERIVED,1,0.0,2026-09-06T23:07:09.964344+00:00,
SAEN001J,19.87,engine_median,DERIVED,1,0.0,2026-09-06T23:07:09.964344+00:00,
SAEQ980,21.05,engine_median,DERIVED,1,0.0,2026-09-06T23:07:09.964344+00:00,
SAFS058,19.87,engine_median,DERIVED,1,0.0,2026-09-06T23:07:09.964344+00:00,
SAGA009,481.69,engine_median,DERIVED,1,0.0,2026-09-06T23:07:09.964344+00:00,
SAGA061J,66.64,engine_median,DERIVED,1,0.0,2026-09-06T23:07:09.964344+00:00,
SAGA111,52.61,engine_median,DERIVED,1,0.0,2026-09-06T23:07:09.964344+00:00,
SAGA157,107.56,engine_median,DERIVED,1,0.0,2026-09-06T23:07:09.964344+00:00,
SAGA173,34.49,engine_median,DERIVED,1,0.0,2026-09-06T23:07:09.964344+00:00,
SAGA174,51.44,engine_median,DERIVED,1,0.0,2026-09-06T23:07:09.964344+00:00,
SAGA177J,68.98,engine_median,DERIVED,1,0.0,2026-09-06T23:07:09.964344+00:00,
SAGA195,40.33,engine_median,DERIVED,1,0.0,2026-09-06T23:07:09.964344+00:00,
SAGA205,368.87,engine_median,DERIVED,1,0.0,2026-09-06T23:07:09.964344+00:00,
SAGA207,368.87,engine_median,DERIVED,1,0.0,2026-09-06T23:07:09.964344+00:00,
SAGA209,420.31,engine_median,DERIVED,1,0.0,2026-09-06T23:07:09.964344+00:00,
SAGA211,420.31,engine_median,DERIVED,1,0.0,2026-09-06T23:07:09.964344+00:00,
SAGA214,603.59,engine_median,DERIVED,1,0.0,2026-09-06T23:07:09.964344+00:00,
SAGA217,896.45,engine_median,DERIVED,1,0.0,2026-09-06T23:07:09.964344+00:00,
SAGA246,205.77,engine_median,DERIVED,1,0.0,2026-09-06T23:07:09.964344+00:00,
SAGA259J,73.66,engine_median,DERIVED,1,0.0,2026-09-06T23:07:09.964344+00:00,
SAGA263,40.33,engine_median,DERIVED,1,0.0,2026-09-06T23:07:09.964344+00:00,
SAGA265,424.41,engine_median,DERIVED,1,0.0,2026-09-06T23:07:09.964344+00:00,
SAGA270,79.51,engine_median,DERIVED,1,0.0,2026-09-06T23:07:09.964344+00:00,
SAGA281,105.81,engine_median,DERIVED,1,0.0,2026-09-06T23:07:09.964344+00:00,
SAGA295,295.09,engine_median,DERIVED,1,0.0,2026-09-06T23:07:09.964344+00:00,
SAGA307,121.59,engine_median,DERIVED,1,0.0,2026-09-06T23:07:09.964344+00:00,
SAGC001J,52.61,engine_median,DERIVED,1,0.0,2026-09-06T23:07:09.964344+00:00,
SAGD001,21.05,engine_median,DERIVED,1,0.0,2026-09-06T23:07:09.964344+00:00,
SAGG003J,29.82,engine_median,DERIVED,1,0.0,2026-09-06T23:07:09.964344+00:00,
SAGG009J,19.29,engine_median,DERIVED,1,0.0,2026-09-06T23:07:09.964344+00:00,
SAGG017J,93.53,engine_median,DERIVED,1,0.0,2026-09-06T23:07:09.964344+00:00,
SAGH015J,39.16,engine_median,DERIVED,1,0.0,2026-09-06T23:07:09.964344+00:00,
SAGJ011J,166.02,engine_median,DERIVED,1,0.0,2026-09-06T23:07:09.964344+00:00,
SAGV005J,19.29,engine_median,DERIVED,1,0.0,2026-09-06T23:07:09.964344+00:00,
SAGV007J,79.51,engine_median,DERIVED,1,0.0,2026-09-06T23:07:09.964344+00:00,
SAGV015J,102.89,engine_median,DERIVED,1,0.0,2026-09-06T23:07:09.964344+00:00,
SAGZ045J,42.09,engine_median,DERIVED,1,0.0,2026-09-06T23:07:09.964344+00:00,
SAGZ059J,220.38,engine_median,DERIVED,1,0.0,2026-09-06T23:07:09.964344+00:00,
SAGZ061J,258.38,engine_median,DERIVED,1,0.0,2026-09-06T23:07:09.964344+00:00,
SAGZ065J,51.44,engine_median,DERIVED,1,0.0,2026-09-06T23:07:09.964344+00:00,
SAGZ079J,39.16,engine_median,DERIVED,1,0.0,2026-09-06T23:07:09.964344+00:00,
SAGZ095J,77.16,engine_median,DERIVED,1,0.0,2026-09-06T23:07:09.964344+00:00,
SAGZ098J,123.93,engine_median,DERIVED,1,0.0,2026-09-06T23:07:09.964344+00:00,
SAGZ100,144.98,engine_median,DERIVED,1,0.0,2026-09-06T23:07:09.964344+00:00,
SAHF006,21.05,engine_median,DERIVED,1,0.0,2026-09-06T23:07:09.964344+00:00,
SAHS001,18.7,engine_median,DERIVED,1,0.0,2026-09-06T23:07:09.964344+00:00,
SAJC001,19.87,engine_median,DERIVED,1,0.0,2026-09-06T23:07:09.964344+00:00,
SAJY001,18.7,engine_median,DERIVED,1,0.0,2026-09-06T23:07:09.964344+00:00,
SAKX002,19.87,engine_median,DERIVED,1,0.0,2026-09-06T23:07:09.964344+00:00,
SAKY007,19.87,engine_median,DERIVED,1,0.0,2026-09-06T23:07:09.964344+00:00,
SAPP001J,21.05,engine_median,DERIVED,1,0.0,2026-09-06T23:07:09.964344+00:00,
SAPQ002J,18.7,engine_median,DERIVED,1,0.0,2026-09-06T23:07:09.964344+00:00,
SAQC020,19.87,engine_median,DERIVED,1,0.0,2026-09-06T23:07:09.964344+00:00,
SAQD010,18.7,engine_median,DERIVED,1,0.0,2026-09-06T23:07:09.964344+00:00,
SAQD020,19.87,engine_median,DERIVED,1,0.0,2026-09-06T23:07:09.964344+00:00,
SAQD030,21.05,engine_median,DERIVED,1,0.0,2026-09-06T23:07:09.964344+00:00,
SARA015J,44.43,engine_median,DERIVED,1,0.0,2026-09-06T23:07:09.964344+00:00,
SARB001J,18.7,engine_median,DERIVED,1,0.0,2026-09-06T23:07:09.964344+00:00,
SARB007J,36.24,engine_median,DERIVED,1,0.0,2026-09-06T23:07:09.964344+00:00,
SARB013J,21.05,engine_median,DERIVED,1,0.0,2026-09-06T23:07:09.964344+00:00,
SARB017,863.87,engine_median,DERIVED,1,0.0,2026-09-06T23:07:09.964344+00:00,
SARB017J,20.46,engine_median,DERIVED,1,0.0,2026-09-06T23:07:09.964344+00:00,
SARB021J,52.61,engine_median,DERIVED,1,0.0,2026-09-06T23:07:09.964344+00:00,
SARB033,603.57,engine_median,DERIVED,1,0.0,2026-09-06T23:07:09.964344+00:00,
SARB059J,19.87,engine_median,DERIVED,1,0.0,2026-09-06T23:07:09.964344+00:00,
SARB065J,21.05,engine_median,DERIVED,1,0.0,2026-09-06T23:07:09.964344+00:00,
SARB066J,78.33,engine_median,DERIVED,1,0.0,2026-09-06T23:07:09.964344+00:00,
SARB068J,115.75,engine_median,DERIVED,1,0.0,2026-09-06T23:07:09.964344+00:00,
SARC013J,19.87,engine_median,DERIVED,1,0.0,2026-09-06T23:07:09.964344+00:00,
SARC017J,24.55,engine_median,DERIVED,1,0.0,2026-09-06T23:07:09.964344+00:00,
SARD015,1582.15,engine_median,DERIVED,1,0.0,2026-09-06T23:07:09.964344+00:00,
SARF007J,39.16,engine_median,DERIVED,1,0.0,2026-09-06T23:07:09.964344+00:00,
SARF011J,158.42,engine_median,DERIVED,1,0.0,2026-09-06T23:07:09.964344+00:00,
SARF015J,192.32,engine_median,DERIVED,1,0.0,2026-09-06T23:07:09.964344+00:00,
SARF023,444.87,engine_median,DERIVED,1,0.0,2026-09-06T23:07:09.964344+00:00,
SARG009J,19.87,engine_median,DERIVED,1,0.0,2026-09-06T23:07:09.964344+00:00,
SARG013J,258.97,engine_median,DERIVED,1,0.0,2026-09-06T23:07:09.964344+00:00,
SARH001,18.13,engine_median,DERIVED,1,0.0,2026-09-06T23:07:09.964344+00:00,
SARJ005,246.69,engine_median,DERIVED,1,0.0,2026-09-06T23:07:09.964344+00:00,
SARJ007,19.87,engine_median,DERIVED,1,0.0,2026-09-06T23:07:09.964344+00:00,
SARJ010,892.14,engine_median,DERIVED,1,0.0,2026-09-06T23:07:09.964344+00:00,
SARR005J,104.06,engine_median,DERIVED,1,0.0,2026-09-06T23:07:09.964344+00:00,
SART001,47.35,engine_median,DERIVED,1,0.0,2026-09-06T23:07:09.964344+00:00,
SART003,16.95,engine_median,DERIVED,1,0.0,2026-09-06T23:07:09.964344+00:00,
SARV001,15.78,engine_median,DERIVED,1,0.0,2026-09-06T23:07:09.964344+00:00,
SARV004,20.46,engine_median,DERIVED,1,0.0,2026-09-06T23:07:09.964344+00:00,
SARV006,20.46,engine_median,DERIVED,1,0.0,2026-09-06T23:07:09.964344+00:00,
SARW021,53.78,engine_median,DERIVED,1,0.0,2026-09-06T23:07:09.964344+00:00,
SARW029,66.64,engine_median,DERIVED,1,0.0,2026-09-06T23:07:09.964344+00:00,
SARW061,1843.1,engine_median,DERIVED,1,0.0,2026-09-06T23:07:09.964344+00:00,
SARW065,51.44,engine_median,DERIVED,1,0.0,2026-09-06T23:07:09.964344+00:00,
SARX001J,156.08,engine_median,DERIVED,1,0.0,2026-09-06T23:07:09.964344+00:00,
SARX013J,208.69,engine_median,DERIVED,1,0.0,2026-09-06T23:07:09.964344+00:00,
SARX021J,53.2,engine_median,DERIVED,1,0.0,2026-09-06T23:07:09.964344+00:00,
SARX033,279.43,engine_median,DERIVED,1,0.0,2026-09-06T23:07:09.964344+00:00,
SARX037,350.75,engine_median,DERIVED,1,0.0,2026-09-06T23:07:09.964344+00:00,
SARX043,248.44,engine_median,DERIVED,1,0.0,2026-09-06T23:07:09.964344+00:00,
SARX071J,35.07,engine_median,DERIVED,1,0.0,2026-09-06T23:07:09.964344+00:00,
SARX075,279.43,engine_median,DERIVED,1,0.0,2026-09-06T23:07:09.964344+00:00,
SARX083,572.88,engine_median,DERIVED,1,0.0,2026-09-06T23:07:09.964344+00:00,
SARX085,805.5,engine_median,DERIVED,1,0.0,2026-09-06T23:07:09.964344+00:00,
SARX085J,112.24,engine_median,DERIVED,1,0.0,2026-09-06T23:07:09.964344+00:00,
SARX097,370.47,engine_median,DERIVED,1,0.0,2026-09-06T23:07:09.964344+00:00,
SARX105,118.08,engine_median,DERIVED,1,0.0,2026-09-06T23:07:09.964344+00:00,
SARX115,174.21,engine_median,DERIVED,1,0.0,2026-09-06T23:07:09.964344+00:00,
SARX119,104.06,engine_median,DERIVED,1,0.0,2026-09-06T23:07:09.964344+00:00,
SARX121,395.76,engine_median,DERIVED,1,0.0,2026-09-06T23:07:09.964344+00:00,
SARX126,769.04,engine_median,DERIVED,1,0.0,2026-09-06T23:07:09.964344+00:00,
SARX132,91.2,engine_median,DERIVED,1,0.0,2026-09-06T23:07:09.964344+00:00,
SARX135,101.71,engine_median,DERIVED,1,0.0,2026-09-06T23:07:09.964344+00:00,
SARY001,26.89,engine_median,DERIVED,1,0.0,2026-09-06T23:07:09.964344+00:00,
SARY005,20.46,engine_median,DERIVED,1,0.0,2026-09-06T23:07:09.964344+00:00,
SARY023J,22.79,engine_median,DERIVED,1,0.0,2026-09-06T23:07:09.964344+00:00,
SARY024J,24.55,engine_median,DERIVED,1,0.0,2026-09-06T23:07:09.964344+00:00,
SARY052J,127.44,engine_median,DERIVED,1,0.0,2026-09-06T23:07:09.964344+00:00,
SARY056,42.68,engine_median,DERIVED,1,0.0,2026-09-06T23:07:09.964344+00:00,
SARY062,56.7,engine_median,DERIVED,1,0.0,2026-09-06T23:07:09.964344+00:00,
SARY064,51.44,engine_median,DERIVED,1,0.0,2026-09-06T23:07:09.964344+00:00,
SARY073,21.05,engine_median,DERIVED,1,0.0,2026-09-06T23:07:09.964344+00:00,
SARY093,339.48,engine_median,DERIVED,1,0.0,2026-09-06T23:07:09.964344+00:00,
SARY105,191.15,engine_median,DERIVED,1,0.0,2026-09-06T23:07:09.964344+00:00,
SARY123,288.65,engine_median,DERIVED,1,0.0,2026-09-06T23:07:09.964344+00:00,
SARY147,30.98,engine_median,DERIVED,1,0.0,2026-09-06T23:07:09.964344+00:00,
SARY161,285.94,engine_median,DERIVED,1,0.0,2026-09-06T23:07:09.964344+00:00,
SARY163J,21.05,engine_median,DERIVED,1,0.0,2026-09-06T23:07:09.964344+00:00,
SARY169,159.59,engine_median,DERIVED,1,0.0,2026-09-06T23:07:09.964344+00:00,
SARY174,42.09,engine_median,DERIVED,1,0.0,2026-09-06T23:07:09.964344+00:00,
SARY177,191.15,engine_median,DERIVED,1,0.0,2026-09-06T23:07:09.964344+00:00,
SARY192,20.46,engine_median,DERIVED,1,0.0,2026-09-06T23:07:09.964344+00:00,
SARY205,176.54,engine_median,DERIVED,1,0.0,2026-09-06T23:07:09.964344+00:00,
SARY208,109.9,engine_median,DERIVED,1,0.0,2026-09-06T23:07:09.964344+00:00,
SARY209,226.82,engine_median,DERIVED,1,0.0,2026-09-06T23:07:09.964344+00:00,
SARY217,18.7,engine_median,DERIVED,1,0.0,2026-09-06T23:07:09.964344+00:00,
SARY219,30.4,engine_median,DERIVED,1,0.0,2026-09-06T23:07:09.964344+00:00,
SARY229,378.38,engine_median,DERIVED,1,0.0,2026-09-06T23:07:09.964344+00:00,
SARY231,20.46,engine_median,DERIVED,1,0.0,2026-09-06T23:07:09.964344+00:00,
SARY235,56.7,engine_median,DERIVED,1,0.0,2026-09-06T23:07:09.964344+00:00,
SARY237,339.48,engine_median,DERIVED,1,0.0,2026-09-06T23:07:09.964344+00:00,
SARY241,339.48,engine_median,DERIVED,1,0.0,2026-09-06T23:07:09.964344+00:00,
SARY243,339.48,engine_median,DERIVED,1,0.0,2026-09-06T23:07:09.964344+00:00,
SARY245,74.24,engine_median,DERIVED,1,0.0,2026-09-06T23:07:09.964344+00:00,
SARY251,21.05,engine_median,DERIVED,1,0.0,2026-09-06T23:07:09.964344+00:00,
SARY255,88.27,engine_median,DERIVED,1,0.0,2026-09-06T23:07:09.964344+00:00,
SARY262,63.14,engine_median,DERIVED,1,0.0,2026-09-06T23:07:09.964344+00:00,
SARY264,61.97,engine_median,DERIVED,1,0.0,2026-09-06T23:07:09.964344+00:00,
SARY265,57.29,engine_median,DERIVED,1,0.0,2026-09-06T23:07:09.964344+00:00,
SARZ001,18.7,engine_median,DERIVED,1,0.0,2026-09-06T23:07:09.964344+00:00,
SARZ002,39.16,engine_median,DERIVED,1,0.0,2026-09-06T23:07:09.964344+00:00,
SARZ005J,20.46,engine_median,DERIVED,1,0.0,2026-09-06T23:07:09.964344+00:00,
SARZ006,20.46,engine_median,DERIVED,1,0.0,2026-09-06T23:07:09.964344+00:00,
SARZ007,39.16,engine_median,DERIVED,1,0.0,2026-09-06T23:07:09.964344+00:00,
SARZ008,18.13,engine_median,DERIVED,1,0.0,2026-09-06T23:07:09.964344+00:00,
SARZ010,39.16,engine_median,DERIVED,1,0.0,2026-09-06T23:07:09.964344+00:00,
SARZ015,18.7,engine_median,DERIVED,1,0.0,2026-09-06T23:07:09.964344+00:00,
SARZ021,18.7,engine_median,DERIVED,1,0.0,2026-09-06T23:07:09.964344+00:00,
SARZ027,39.16,engine_median,DERIVED,1,0.0,2026-09-06T23:07:09.964344+00:00,
SARZ033,18.7,engine_median,DERIVED,1,0.0,2026-09-06T23:07:09.964344+00:00,
SARZ039,18.13,engine_median,DERIVED,1,0.0,2026-09-06T23:07:09.964344+00:00,
SARZ045,77.16,engine_median,DERIVED,1,0.0,2026-09-06T23:07:09.964344+00:00,
SAST009,382.9,engine_median,DERIVED,1,0.0,2026-09-06T23:07:09.964344+00:00,
SAST011G,155.5,engine_median,DERIVED,1,0.0,2026-09-06T23:07:09.964344+00:00,
SAST017,287.61,engine_median,DERIVED,1,0.0,2026-09-06T23:07:09.964344+00:00,
SAST019,955.19,engine_median,DERIVED,1,0.0,2026-09-06T23:07:09.964344+00:00,
SAST023G,77.75,engine_median,DERIVED,1,0.0,2026-09-06T23:07:09.964344+00:00,
SATF001J,21.05,engine_median,DERIVED,1,0.0,2026-09-06T23:07:09.964344+00:00,
SAVJ001J,19.87,engine_median,DERIVED,1,0.0,2026-09-06T23:07:09.964344+00:00,
SAWG002,21.05,engine_median,DERIVED,1,0.0,2026-09-06T23:07:09.964344+00:00,
SAWK001,19.87,engine_median,DERIVED,1,0.0,2026-09-06T23:07:09.964344+00:00,
SAWY001,21.05,engine_median,DERIVED,1,0.0,2026-09-06T23:07:09.964344+00:00,
SAWZ001,19.87,engine_median,DERIVED,1,0.0,2026-09-06T23:07:09.964344+00:00,
SAZA005,19.29,engine_median,DERIVED,1,0.0,2026-09-06T23:07:09.964344+00:00,
SAZN974,18.7,engine_median,DERIVED,1,0.0,2026-09-06T23:07:09.964344+00:00,
SB0146101B1X1,465.0,engine_median,DERIVED,1,0.0,2026-09-06T23:07:09.964344+00:00,
SB0146101L1X1,4435.55,engine_median,DERIVED,1,0.0,2026-09-06T23:07:09.964344+00:00,9550.0
SB0147101B1X1,5900.0,manual_check,EST,2,13.3,2025-10,9850.0
SB0147101I1X1,4488.49,engine_median,DERIVED,1,0.0,2026-09-06T23:07:09.964344+00:00,
SB0147101I1X2,4488.49,engine_median,DERIVED,1,0.0,2026-09-06T23:07:09.964344+00:00,9650.0
SB01473A1B1X1,9486.0,engine_median,DERIVED,1,0.0,2026-09-06T23:07:09.964344+00:00,
SB0445,7442.0,manual_check,VERIFIED,1,0.0,2026-08-09,
SB04451A1B1X1,465.0,engine_median,DERIVED,1,0.0,2026-09-06T23:07:09.964344+00:00,
SB04452A1C1X1,465.0,engine_median,DERIVED,1,0.0,2026-09-06T23:07:09.964344+00:00,
SBB0026,3808.0,manual_check,VERIFIED,1,0.0,2026-08-09,
SBB0027,4503.0,manual_check,VERIFIED,1,0.0,2026-08-09,
SBB0028,3892.0,manual_check,VERIFIED,1,0.0,2026-08-09,
SBB0030,4024.0,manual_check,VERIFIED,1,0.0,2026-08-09,
SBB0039,4549.0,manual_check,VERIFIED,1,0.0,2026-08-09,
SBB0040,5114.0,manual_check,VERIFIED,1,0.0,2026-08-09,
SBB0044,4416.0,manual_check,VERIFIED,1,0.0,2026-08-09,
SBB0046,4460.0,manual_check,VERIFIED,1,0.0,2026-08-09,
SBB0048,4353.0,manual_check,VERIFIED,1,0.0,2026-08-09,
SBB0049,5095.0,manual_check,VERIFIED,1,0.0,2026-08-09,
SBB0060,5207.0,manual_check,VERIFIED,1,0.0,2026-08-09,
SBB0061,5498.0,manual_check,VERIFIED,1,0.0,2026-08-09,
SBB0062,4957.0,manual_check,VERIFIED,1,0.0,2026-08-09,
SBB0068,5494.0,manual_check,VERIFIED,1,0.0,2026-08-09,
SBBC007,18.7,engine_median,DERIVED,1,0.0,2026-09-06T23:07:09.964344+00:00,
SBBC009,19.29,engine_median,DERIVED,1,0.0,2026-09-06T23:07:09.964344+00:00,
SBBC035,19.29,engine_median,DERIVED,1,0.0,2026-09-06T23:07:09.964344+00:00,
SBBC045,18.7,engine_median,DERIVED,1,0.0,2026-09-06T23:07:09.964344+00:00,
SBBN007J,15.78,engine_median,DERIVED,1,0.0,2026-09-06T23:07:09.964344+00:00,
SBBN011J,121.59,engine_median,DERIVED,1,0.0,2026-09-06T23:07:09.964344+00:00,
SBBN015J,125.1,engine_median,DERIVED,1,0.0,2026-09-06T23:07:09.964344+00:00,
SBBN017J,154.32,engine_median,DERIVED,1,0.0,2026-09-06T23:07:09.964344+00:00,
SBBN021J,52.61,engine_median,DERIVED,1,0.0,2026-09-06T23:07:09.964344+00:00,
SBBN023J,164.85,engine_median,DERIVED,1,0.0,2026-09-06T23:07:09.964344+00:00,
SBBN031J,66.06,engine_median,DERIVED,1,0.0,2026-09-06T23:07:09.964344+00:00,
SBBN040,68.98,engine_median,DERIVED,1,0.0,2026-09-06T23:07:09.964344+00:00,
SBBN042,328.53,engine_median,DERIVED,1,0.0,2026-09-06T23:07:09.964344+00:00,
SBBN047,1379.65,engine_median,DERIVED,1,0.0,2026-09-06T23:07:09.964344+00:00,
SBBN049,144.98,engine_median,DERIVED,1,0.0,2026-09-06T23:07:09.964344+00:00,
SBBN051J,295.8,engine_median,DERIVED,1,0.0,2026-09-06T23:07:09.964344+00:00,
SBBP005,21.05,engine_median,DERIVED,1,0.0,2026-09-06T23:07:09.964344+00:00,
SBBP029,21.05,engine_median,DERIVED,1,0.0,2026-09-06T23:07:09.964344+00:00,
SBBP071J,15.78,engine_median,DERIVED,1,0.0,2026-09-06T23:07:09.964344+00:00,
SBBT019,21.05,engine_median,DERIVED,1,0.0,2026-09-06T23:07:09.964344+00:00,
SBBT029,21.05,engine_median,DERIVED,1,0.0,2026-09-06T23:07:09.964344+00:00,
SBC018J,21.05,engine_median,DERIVED,1,0.0,2026-09-06T23:07:09.964344+00:00,
SBCA001J,16.37,engine_median,DERIVED,1,0.0,2026-09-06T23:07:09.964344+00:00,
SBCB001J,19.29,engine_median,DERIVED,1,0.0,2026-09-06T23:07:09.964344+00:00,
SBCB007J,18.7,engine_median,DERIVED,1,0.0,2026-09-06T23:07:09.964344+00:00,
SBCC001,21.05,engine_median,DERIVED,1,0.0,2026-09-06T23:07:09.964344+00:00,
SBCD001,39.16,engine_median,DERIVED,1,0.0,2026-09-06T23:07:09.964344+00:00,
SBCF001,21.05,engine_median,DERIVED,1,0.0,2026-09-06T23:07:09.964344+00:00,
SBCJ019J,19.87,engine_median,DERIVED,1,0.0,2026-09-06T23:07:09.964344+00:00,
SBCL001J,18.7,engine_median,DERIVED,1,0.0,2026-09-06T23:07:09.964344+00:00,
SBCN003J,49.1,engine_median,DERIVED,1,0.0,2026-09-06T23:07:09.964344+00:00,
SBCR001,21.05,engine_median,DERIVED,1,0.0,2026-09-06T23:07:09.964344+00:00,
SBCW019J,21.05,engine_median,DERIVED,1,0.0,2026-09-06T23:07:09.964344+00:00,
SBCZ005J,39.16,engine_median,DERIVED,1,0.0,2026-09-06T23:07:09.964344+00:00,
SBCZ011J,19.29,engine_median,DERIVED,1,0.0,2026-09-06T23:07:09.964344+00:00,
SBCZ021,30.4,engine_median,DERIVED,1,0.0,2026-09-06T23:07:09.964344+00:00,
SBDA001J,22.22,engine_median,DERIVED,1,0.0,2026-09-06T23:07:09.964344+00:00,
SBDB001J,16.37,engine_median,DERIVED,1,0.0,2026-09-06T23:07:09.964344+00:00,
SBDB007J,346.07,engine_median,DERIVED,1,0.0,2026-09-06T23:07:09.964344+00:00,
SBDB008J,161.35,engine_median,DERIVED,1,0.0,2026-09-06T23:07:09.964344+00:00,
SBDB011J,1312.37,engine_median,DERIVED,1,0.0,2026-09-06T23:07:09.964344+00:00,
SBDB017J,113.4,engine_median,DERIVED,1,0.0,2026-09-06T23:07:09.964344+00:00,
SBDB018J,1124.72,engine_median,DERIVED,1,0.0,2026-09-06T23:07:09.964344+00:00,
SBDB023,177.71,engine_median,DERIVED,1,0.0,2026-09-06T23:07:09.964344+00:00,
SBDB029,1489.5,engine_median,DERIVED,1,0.0,2026-09-06T23:07:09.964344+00:00,
SBDB031J,128.61,engine_median,DERIVED,1,0.0,2026-09-06T23:07:09.964344+00:00,
SBDB033J,25.72,engine_median,DERIVED,1,0.0,2026-09-06T23:07:09.964344+00:00,
SBDB035J,121.59,engine_median,DERIVED,1,0.0,2026-09-06T23:07:09.964344+00:00,
SBDB037J,98.21,engine_median,DERIVED,1,0.0,2026-09-06T23:07:09.964344+00:00,
SBDB039J,128.61,engine_median,DERIVED,1,0.0,2026-09-06T23:07:09.964344+00:00,
SBDC001J,23.38,engine_median,DERIVED,1,0.0,2026-09-06T23:07:09.964344+00:00,
SBDC005J,35.07,engine_median,DERIVED,1,0.0,2026-09-06T23:07:09.964344+00:00,
SBDC013J,19.29,engine_median,DERIVED,1,0.0,2026-09-06T23:07:09.964344+00:00,
SBDC027J,70.15,engine_median,DERIVED,1,0.0,2026-09-06T23:07:09.964344+00:00,
SBDC037J,88.85,engine_median,DERIVED,1,0.0,2026-09-06T23:07:09.964344+00:00,
SBDC041J,85.35,engine_median,DERIVED,1,0.0,2026-09-06T23:07:09.964344+00:00,
SBDC053,22.22,engine_median,DERIVED,1,0.0,2026-09-06T23:07:09.964344+00:00,
SBDC055,78.92,engine_median,DERIVED,1,0.0,2026-09-06T23:07:09.964344+00:00,
SBDC059J,122.76,engine_median,DERIVED,1,0.0,2026-09-06T23:07:09.964344+00:00,
SBDC061,391.81,engine_median,DERIVED,1,0.0,2026-09-06T23:07:09.964344+00:00,
SBDC063,84.17,engine_median,DERIVED,1,0.0,2026-09-06T23:07:09.964344+00:00,
SBDC085J,130.94,engine_median,DERIVED,1,0.0,2026-09-06T23:07:09.964344+00:00,
SBDC087,43.25,engine_median,DERIVED,1,0.0,2026-09-06T23:07:09.964344+00:00,
SBDC101,696.57,engine_median,DERIVED,1,0.0,2026-09-06T23:07:09.964344+00:00,
SBDC107,78.33,engine_median,DERIVED,1,0.0,2026-09-06T23:07:09.964344+00:00,
SBDC119,701.49,engine_median,DERIVED,1,0.0,2026-09-06T23:07:09.964344+00:00,
SBDC133J,88.85,engine_median,DERIVED,1,0.0,2026-09-06T23:07:09.964344+00:00,
SBDC137,20.46,engine_median,DERIVED,1,0.0,2026-09-06T23:07:09.964344+00:00,
SBDC138,141.47,engine_median,DERIVED,1,0.0,2026-09-06T23:07:09.964344+00:00,
SBDC141,24.55,engine_median,DERIVED,1,0.0,2026-09-06T23:07:09.964344+00:00,
SBDC143,250.2,engine_median,DERIVED,1,0.0,2026-09-06T23:07:09.964344+00:00,
SBDC145,51.44,engine_median,DERIVED,1,0.0,2026-09-06T23:07:09.964344+00:00,
SBDC153,82.43,engine_median,DERIVED,1,0.0,2026-09-06T23:07:09.964344+00:00,
SBDC159,672.13,engine_median,DERIVED,1,0.0,2026-09-06T23:07:09.964344+00:00,
SBDC175,126.85,engine_median,DERIVED,1,0.0,2026-09-06T23:07:09.964344+00:00,
SBDC177,594.31,engine_median,DERIVED,1,0.0,2026-09-06T23:07:09.964344+00:00,
SBDC181,188.82,engine_median,DERIVED,1,0.0,2026-09-06T23:07:09.964344+00:00,
SBDC183,32.74,engine_median,DERIVED,1,0.0,2026-09-06T23:07:09.964344+00:00,
SBDC185,75.99,engine_median,DERIVED,1,0.0,2026-09-06T23:07:09.964344+00:00,
SBDC187,928.61,engine_median,DERIVED,1,0.0,2026-09-06T23:07:09.964344+00:00,
SBDC191,624.33,engine_median,DERIVED,1,0.0,2026-09-06T23:07:09.964344+00:00,
SBDC193,162.51,engine_median,DERIVED,1,0.0,2026-09-06T23:07:09.964344+00:00,
SBDC195,21.05,engine_median,DERIVED,1,0.0,2026-09-06T23:07:09.964344+00:00,
SBDC199,329.7,engine_median,DERIVED,1,0.0,2026-09-06T23:07:09.964344+00:00,
SBDC201,134.45,engine_median,DERIVED,1,0.0,2026-09-06T23:07:09.964344+00:00,
SBDC203,709.49,engine_median,DERIVED,1,0.0,2026-09-06T23:07:09.964344+00:00,
SBDC205,1048.02,engine_median,DERIVED,1,0.0,2026-09-06T23:07:09.964344+00:00,
SBDC207,38.59,engine_median,DERIVED,1,0.0,2026-09-06T23:07:09.964344+00:00,
SBDC211,641.22,engine_median,DERIVED,1,0.0,2026-09-06T23:07:09.964344+00:00,
SBDC215,276.51,engine_median,DERIVED,1,0.0,2026-09-06T23:07:09.964344+00:00,
SBDC219,68.98,engine_median,DERIVED,1,0.0,2026-09-06T23:07:09.964344+00:00,
SBDE007J,30.98,engine_median,DERIVED,1,0.0,2026-09-06T23:07:09.964344+00:00,
SBDE009J,30.98,engine_median,DERIVED,1,0.0,2026-09-06T23:07:09.964344+00:00,
SBDF001J,21.05,engine_median,DERIVED,1,0.0,2026-09-06T23:07:09.964344+00:00,
SBDF003J,24.55,engine_median,DERIVED,1,0.0,2026-09-06T23:07:09.964344+00:00,
SBDF007J,24.55,engine_median,DERIVED,1,0.0,2026-09-06T23:07:09.964344+00:00,
SBDF009J,24.55,engine_median,DERIVED,1,0.0,2026-09-06T23:07:09.964344+00:00,
SBDF011,24.55,engine_median,DERIVED,1,0.0,2026-09-06T23:07:09.964344+00:00,
SBDF021J,24.55,engine_median,DERIVED,1,0.0,2026-09-06T23:07:09.964344+00:00,
SBDF025J,24.55,engine_median,DERIVED,1,0.0,2026-09-06T23:07:09.964344+00:00,
SBDF029,24.55,engine_median,DERIVED,1,0.0,2026-09-06T23:07:09.964344+00:00,
SBDF031,30.98,engine_median,DERIVED,1,0.0,2026-09-06T23:07:09.964344+00:00,
SBDG001J,24.55,engine_median,DERIVED,1,0.0,2026-09-06T23:07:09.964344+00:00,
SBDG003,24.55,engine_median,DERIVED,1,0.0,2026-09-06T23:07:09.964344+00:00,
SBDH001J,21.05,engine_median,DERIVED,1,0.0,2026-09-06T23:07:09.964344+00:00,
SBDH007J,30.98,engine_median,DERIVED,1,0.0,2026-09-06T23:07:09.964344+00:00,
SBDH009J,30.98,engine_median,DERIVED,1,0.0,2026-09-06T23:07:09.964344+00:00,
SBDH015J,30.98,engine_median,DERIVED,1,0.0,2026-09-06T23:07:09.964344+00:00,
SBDH021,52.02,engine_median,DERIVED,1,0.0,2026-09-06T23:07:09.964344+00:00,
SBDJ001,18.7,engine_median,DERIVED,1,0.0,2026-09-06T23:07:09.964344+00:00,
SBDJ009J,25.72,engine_median,DERIVED,1,0.0,2026-09-06T23:07:09.964344+00:00,
SBDJ017,18.7,engine_median,DERIVED,1,0.0,2026-09-06T23:07:09.964344+00:00,
SBDJ019,71.32,engine_median,DERIVED,1,0.0,2026-09-06T23:07:09.964344+00:00,
SBDJ027J,45.6,engine_median,DERIVED,1,0.0,2026-09-06T23:07:09.964344+00:00,
SBDJ028J,63.14,engine_median,DERIVED,1,0.0,2026-09-06T23:07:09.964344+00:00,
SBDJ029J,60.79,engine_median,DERIVED,1,0.0,2026-09-06T23:07:09.964344+00:00,
SBDJ047,18.13,engine_median,DERIVED,1,0.0,2026-09-06T23:07:09.964344+00:00,
SBDJ055,20.46,engine_median,DERIVED,1,0.0,2026-09-06T23:07:09.964344+00:00,
SBDJ059,29.82,engine_median,DERIVED,1,0.0,2026-09-06T23:07:09.964344+00:00,
SBDJ061,319.76,engine_median,DERIVED,1,0.0,2026-09-06T23:07:09.964344+00:00,
SBDJ063,319.76,engine_median,DERIVED,1,0.0,2026-09-06T23:07:09.964344+00:00,
SBDJ065,16.95,engine_median,DERIVED,1,0.0,2026-09-06T23:07:09.964344+00:00,
SBDL005J,18.7,engine_median,DERIVED,1,0.0,2026-09-06T23:07:09.964344+00:00,
SBDL007J,18.7,engine_median,DERIVED,1,0.0,2026-09-06T23:07:09.964344+00:00,
SBDL011J,18.13,engine_median,DERIVED,1,0.0,2026-09-06T23:07:09.964344+00:00,
SBDL021J,24.55,engine_median,DERIVED,1,0.0,2026-09-06T23:07:09.964344+00:00,
SBDL022,68.98,engine_median,DERIVED,1,0.0,2026-09-06T23:07:09.964344+00:00,
SBDL023,50.86,engine_median,DERIVED,1,0.0,2026-09-06T23:07:09.964344+00:00,
SBDL025,19.87,engine_median,DERIVED,1,0.0,2026-09-06T23:07:09.964344+00:00,
SBDL029J,18.7,engine_median,DERIVED,1,0.0,2026-09-06T23:07:09.964344+00:00,
SBDL031,21.05,engine_median,DERIVED,1,0.0,2026-09-06T23:07:09.964344+00:00,
SBDL033,54.95,engine_median,DERIVED,1,0.0,2026-09-06T23:07:09.964344+00:00,
SBDL037J,36.24,engine_median,DERIVED,1,0.0,2026-09-06T23:07:09.964344+00:00,
SBDL038J,58.46,engine_median,DERIVED,1,0.0,2026-09-06T23:07:09.964344+00:00,
SBDL049,90.61,engine_median,DERIVED,1,0.0,2026-09-06T23:07:09.964344+00:00,
SBDL055,20.46,engine_median,DERIVED,1,0.0,2026-09-06T23:07:09.964344+00:00,
SBDL057,117.5,engine_median,DERIVED,1,0.0,2026-09-06T23:07:09.964344+00:00,
SBDL063,91.78,engine_median,DERIVED,1,0.0,2026-09-06T23:07:09.964344+00:00,
SBDL065,118.67,engine_median,DERIVED,1,0.0,2026-09-06T23:07:09.964344+00:00,
SBDL083J,26.89,engine_median,DERIVED,1,0.0,2026-09-06T23:07:09.964344+00:00,
SBDL087,982.93,engine_median,DERIVED,1,0.0,2026-09-06T23:07:09.964344+00:00,
SBDL089,378.45,engine_median,DERIVED,1,0.0,2026-09-06T23:07:09.964344+00:00,
SBDL093,79.51,engine_median,DERIVED,1,0.0,2026-09-06T23:07:09.964344+00:00,
SBDL097,505.54,engine_median,DERIVED,1,0.0,2026-09-06T23:07:09.964344+00:00,
SBDL099,462.59,engine_median,DERIVED,1,0.0,2026-09-06T23:07:09.964344+00:00,
SBDL103,92.36,engine_median,DERIVED,1,0.0,2026-09-06T23:07:09.964344+00:00,
SBDL104,216.29,engine_median,DERIVED,1,0.0,2026-09-06T23:07:09.964344+00:00,
SBDL105,516.95,engine_median,DERIVED,1,0.0,2026-09-06T23:07:09.964344+00:00,
SBDL111,578.24,engine_median,DERIVED,1,0.0,2026-09-06T23:07:09.964344+00:00,
SBDL113,590.49,engine_median,DERIVED,1,0.0,2026-09-06T23:07:09.964344+00:00,
SBDL117,578.24,engine_median,DERIVED,1,0.0,2026-09-06T23:07:09.964344+00:00,
SBDL119,43.84,engine_median,DERIVED,1,0.0,2026-09-06T23:07:09.964344+00:00,
SBDL121,329.7,engine_median,DERIVED,1,0.0,2026-09-06T23:07:09.964344+00:00,
SBDL125,442.87,engine_median,DERIVED,1,0.0,2026-09-06T23:07:09.964344+00:00,
SBDL127,442.87,engine_median,DERIVED,1,0.0,2026-09-06T23:07:09.964344+00:00,
SBDL129,442.87,engine_median,DERIVED,1,0.0,2026-09-06T23:07:09.964344+00:00,
SBDM007,87.69,engine_median,DERIVED,1,0.0,2026-09-06T23:07:09.964344+00:00,
SBDN015J,28.06,engine_median,DERIVED,1,0.0,2026-09-06T23:07:09.964344+00:00,
SBDN021J,18.7,engine_median,DERIVED,1,0.0,2026-09-06T23:07:09.964344+00:00,
SBDN051,57.29,engine_median,DERIVED,1,0.0,2026-09-06T23:07:09.964344+00:00,
SBDN069,19.87,engine_median,DERIVED,1,0.0,2026-09-06T23:07:09.964344+00:00,
SBDN080,105.22,engine_median,DERIVED,1,0.0,2026-09-06T23:07:09.964344+00:00,
SBDN081,23.38,engine_median,DERIVED,1,0.0,2026-09-06T23:07:09.964344+00:00,
SBDP001J,15.78,engine_median,DERIVED,1,0.0,2026-09-06T23:07:09.964344+00:00,
SBDP013,39.16,engine_median,DERIVED,1,0.0,2026-09-06T23:07:09.964344+00:00,
SBDP021J,19.29,engine_median,DERIVED,1,0.0,2026-09-06T23:07:09.964344+00:00,
SBDW005J,18.7,engine_median,DERIVED,1,0.0,2026-09-06T23:07:09.964344+00:00,
SBDX001,59.62,engine_median,DERIVED,1,0.0,2026-09-06T23:07:09.964344+00:00,
SBDX005,2046.01,engine_median,DERIVED,1,0.0,2026-09-06T23:07:09.964344+00:00,
SBDX012,86.52,engine_median,DERIVED,1,0.0,2026-09-06T23:07:09.964344+00:00,
SBDX014,37.36,engine_median,DERIVED,1,0.0,2026-09-06T23:07:09.964344+00:00,
SBDX016J,328.53,engine_median,DERIVED,1,0.0,2026-09-06T23:07:09.964344+00:00,
SBDX019,109.31,engine_median,DERIVED,1,0.0,2026-09-06T23:07:09.964344+00:00,
SBDX063,2109.64,engine_median,DERIVED,1,0.0,2026-09-06T23:07:09.964344+00:00,
SBDY001J,19.29,engine_median,DERIVED,1,0.0,2026-09-06T23:07:09.964344+00:00,
SBDY015,79.51,engine_median,DERIVED,1,0.0,2026-09-06T23:07:09.964344+00:00,
SBDY023,77.75,engine_median,DERIVED,1,0.0,2026-09-06T23:07:09.964344+00:00,
SBDY027,26.31,engine_median,DERIVED,1,0.0,2026-09-06T23:07:09.964344+00:00,
SBDY033J,39.16,engine_median,DERIVED,1,0.0,2026-09-06T23:07:09.964344+00:00,
SBDY035J,71.32,engine_median,DERIVED,1,0.0,2026-09-06T23:07:09.964344+00:00,
SBDY037,40.92,engine_median,DERIVED,1,0.0,2026-09-06T23:07:09.964344+00:00,
SBDY039J,30.98,engine_median,DERIVED,1,0.0,2026-09-06T23:07:09.964344+00:00,
SBDY053,26.31,engine_median,DERIVED,1,0.0,2026-09-06T23:07:09.964344+00:00,
SBDY059,77.75,engine_median,DERIVED,1,0.0,2026-09-06T23:07:09.964344+00:00,
SBDY061,77.75,engine_median,DERIVED,1,0.0,2026-09-06T23:07:09.964344+00:00,
SBDY079J,73.07,engine_median,DERIVED,1,0.0,2026-09-06T23:07:09.964344+00:00,
SBDY083,21.63,engine_median,DERIVED,1,0.0,2026-09-06T23:07:09.964344+00:00,
SBDY087,23.38,engine_median,DERIVED,1,0.0,2026-09-06T23:07:09.964344+00:00,
SBDY111,39.16,engine_median,DERIVED,1,0.0,2026-09-06T23:07:09.964344+00:00,
SBDY115,490.35,engine_median,DERIVED,1,0.0,2026-09-06T23:07:09.964344+00:00,
SBDY121,20.46,engine_median,DERIVED,1,0.0,2026-09-06T23:07:09.964344+00:00,
SBDY127,40.92,engine_median,DERIVED,1,0.0,2026-09-06T23:07:09.964344+00:00,
SBDY129,37.41,engine_median,DERIVED,1,0.0,2026-09-06T23:07:09.964344+00:00,
SBDY131,373.59,engine_median,DERIVED,1,0.0,2026-09-06T23:07:09.964344+00:00,
SBDY137,111.66,engine_median,DERIVED,1,0.0,2026-09-06T23:07:09.964344+00:00,
SBEA001,21.05,engine_median,DERIVED,1,0.0,2026-09-06T23:07:09.964344+00:00,
SBEB001J,33.91,engine_median,DERIVED,1,0.0,2026-09-06T23:07:09.964344+00:00,
SBEB005J,33.91,engine_median,DERIVED,1,0.0,2026-09-06T23:07:09.964344+00:00,
SBEB011J,20.46,engine_median,DERIVED,1,0.0,2026-09-06T23:07:09.964344+00:00,
SBEB013J,18.7,engine_median,DERIVED,1,0.0,2026-09-06T23:07:09.964344+00:00,
SBEB015J,64.3,engine_median,DERIVED,1,0.0,2026-09-06T23:07:09.964344+00:00,
SBEB021,121.59,engine_median,DERIVED,1,0.0,2026-09-06T23:07:09.964344+00:00,
SBEB023,74.24,engine_median,DERIVED,1,0.0,2026-09-06T23:07:09.964344+00:00,
SBEB025J,74.24,engine_median,DERIVED,1,0.0,2026-09-06T23:07:09.964344+00:00,
SBEB031,54.95,engine_median,DERIVED,1,0.0,2026-09-06T23:07:09.964344+00:00,
SBEB033,54.95,engine_median,DERIVED,1,0.0,2026-09-06T23:07:09.964344+00:00,
SBEB035J,20.46,engine_median,DERIVED,1,0.0,2026-09-06T23:07:09.964344+00:00,
SBEB037J,121.59,engine_median,DERIVED,1,0.0,2026-09-06T23:07:09.964344+00:00,
SBEB039J,120.43,engine_median,DERIVED,1,0.0,2026-09-06T23:07:09.964344+00:00,
SBEB041J,122.76,engine_median,DERIVED,1,0.0,2026-09-06T23:07:09.964344+00:00,
SBEC001,1642.66,engine_median,DERIVED,1,0.0,2026-09-06T23:07:09.964344+00:00,
SBEC009,1164.46,engine_median,DERIVED,1,0.0,2026-09-06T23:07:09.964344+00:00,
SBEC011,1157.46,engine_median,DERIVED,1,0.0,2026-09-06T23:07:09.964344+00:00,
SBEC017,1379.65,engine_median,DERIVED,1,0.0,2026-09-06T23:07:09.964344+00:00,
SBEC023,2400.65,engine_median,DERIVED,1,0.0,2026-09-06T23:07:09.964344+00:00,
SBED009,102.3,engine_median,DERIVED,1,0.0,2026-09-06T23:07:09.964344+00:00,
SBED013,122.76,engine_median,DERIVED,1,0.0,2026-09-06T23:07:09.964344+00:00,
SBED015,185.9,engine_median,DERIVED,1,0.0,2026-09-06T23:07:09.964344+00:00,
SBEE001J,54.37,engine_median,DERIVED,1,0.0,2026-09-06T23:07:09.964344+00:00,
SBEF005J,30.98,engine_median,DERIVED,1,0.0,2026-09-06T23:07:09.964344+00:00,
SBEF007J,30.98,engine_median,DERIVED,1,0.0,2026-09-06T23:07:09.964344+00:00,
SBEF009,30.98,engine_median,DERIVED,1,0.0,2026-09-06T23:07:09.964344+00:00,
SBEF019,41.51,engine_median,DERIVED,1,0.0,2026-09-06T23:07:09.964344+00:00,
SBEF021,41.51,engine_median,DERIVED,1,0.0,2026-09-06T23:07:09.964344+00:00,
SBEF029J,57.87,engine_median,DERIVED,1,0.0,2026-09-06T23:07:09.964344+00:00,
SBEF031J,57.87,engine_median,DERIVED,1,0.0,2026-09-06T23:07:09.964344+00:00,
SBEF033J,20.46,engine_median,DERIVED,1,0.0,2026-09-06T23:07:09.964344+00:00,
SBEF039J,57.87,engine_median,DERIVED,1,0.0,2026-09-06T23:07:09.964344+00:00,
SBEF041,20.46,engine_median,DERIVED,1,0.0,2026-09-06T23:07:09.964344+00:00,
SBEF043,62.55,engine_median,DERIVED,1,0.0,2026-09-06T23:07:09.964344+00:00,
SBEF047,44.43,engine_median,DERIVED,1,0.0,2026-09-06T23:07:09.964344+00:00,
SBEF050,44.43,engine_median,DERIVED,1,0.0,2026-09-06T23:07:09.964344+00:00,
SBEF051,44.43,engine_median,DERIVED,1,0.0,2026-09-06T23:07:09.964344+00:00,
SBEF055,44.43,engine_median,DERIVED,1,0.0,2026-09-06T23:07:09.964344+00:00,
SBEF057J,18.13,engine_median,DERIVED,1,0.0,2026-09-06T23:07:09.964344+00:00,
SBEF059J,44.43,engine_median,DERIVED,1,0.0,2026-09-06T23:07:09.964344+00:00,
SBEF061,20.46,engine_median,DERIVED,1,0.0,2026-09-06T23:07:09.964344+00:00,
SBEG001J,21.05,engine_median,DERIVED,1,0.0,2026-09-06T23:07:09.964344+00:00,
SBEG003J,36.24,engine_median,DERIVED,1,0.0,2026-09-06T23:07:09.964344+00:00,
SBEG005J,32.74,engine_median,DERIVED,1,0.0,2026-09-06T23:07:09.964344+00:00,
SBEG015J,20.46,engine_median,DERIVED,1,0.0,2026-09-06T23:07:09.964344+00:00,
SBEH001,63.71,engine_median,DERIVED,1,0.0,2026-09-06T23:07:09.964344+00:00,
SBEH005,63.71,engine_median,DERIVED,1,0.0,2026-09-06T23:07:09.964344+00:00,
SBEH007,65.47,engine_median,DERIVED,1,0.0,2026-09-06T23:07:09.964344+00:00,
SBEH011,63.71,engine_median,DERIVED,1,0.0,2026-09-06T23:07:09.964344+00:00,
SBEH015,68.39,engine_median,DERIVED,1,0.0,2026-09-06T23:07:09.964344+00:00,
SBEJ001J,187.06,engine_median,DERIVED,1,0.0,2026-09-06T23:07:09.964344+00:00,
SBEJ009,133.29,engine_median,DERIVED,1,0.0,2026-09-06T23:07:09.964344+00:00,
SBEJ011,931.75,engine_median,DERIVED,1,0.0,2026-09-06T23:07:09.964344+00:00,
SBEJ013,1371.32,engine_median,DERIVED,1,0.0,2026-09-06T23:07:09.964344+00:00,
SBEJ015,67.81,engine_median,DERIVED,1,0.0,2026-09-06T23:07:09.964344+00:00,
SBEJ017,63.14,engine_median,DERIVED,1,0.0,2026-09-06T23:07:09.964344+00:00,
SBEJ021,993.78,engine_median,DERIVED,1,0.0,2026-09-06T23:07:09.964344+00:00,
SBEJ023,748.84,engine_median,DERIVED,1,0.0,2026-09-06T23:07:09.964344+00:00,
SBEJ027,567.04,engine_median,DERIVED,1,0.0,2026-09-06T23:07:09.964344+00:00,
SBEJ029,1173.35,engine_median,DERIVED,1,0.0,2026-09-06T23:07:09.964344+00:00,
SBEK001,19.29,engine_median,DERIVED,1,0.0,2026-09-06T23:07:09.964344+00:00,
SBEK003,41.51,engine_median,DERIVED,1,0.0,2026-09-06T23:07:09.964344+00:00,
SBEK005,43.25,engine_median,DERIVED,1,0.0,2026-09-06T23:07:09.964344+00:00,
SBEL003,41.51,engine_median,DERIVED,1,0.0,2026-09-06T23:07:09.964344+00:00,
SBEL005,43.25,engine_median,DERIVED,1,0.0,2026-09-06T23:07:09.964344+00:00,
SBEL007,41.51,engine_median,DERIVED,1,0.0,2026-09-06T23:07:09.964344+00:00,
SBEL009,47.93,engine_median,DERIVED,1,0.0,2026-09-06T23:07:09.964344+00:00,
SBEM001,52.02,engine_median,DERIVED,1,0.0,2026-09-06T23:07:09.964344+00:00,
SBEM003,20.46,engine_median,DERIVED,1,0.0,2026-09-06T23:07:09.964344+00:00,
SBEM005,52.02,engine_median,DERIVED,1,0.0,2026-09-06T23:07:09.964344+00:00,
SBEM007,44.43,engine_median,DERIVED,1,0.0,2026-09-06T23:07:09.964344+00:00,
SBEN001,66.64,engine_median,DERIVED,1,0.0,2026-09-06T23:07:09.964344+00:00,
SBEN003,113.4,engine_median,DERIVED,1,0.0,2026-09-06T23:07:09.964344+00:00,
SBEN005,1297.76,engine_median,DERIVED,1,0.0,2026-09-06T23:07:09.964344+00:00,
SBEP001J,20.46,engine_median,DERIVED,1,0.0,2026-09-06T23:07:09.964344+00:00,
SBEP003J,20.46,engine_median,DERIVED,1,0.0,2026-09-06T23:07:09.964344+00:00,
SBEP005J,72.48,engine_median,DERIVED,1,0.0,2026-09-06T23:07:09.964344+00:00,
SBEP017,63.71,engine_median,DERIVED,1,0.0,2026-09-06T23:07:09.964344+00:00,
SBEP021,56.7,engine_median,DERIVED,1,0.0,2026-09-06T23:07:09.964344+00:00,
SBEQ001,19.29,engine_median,DERIVED,1,0.0,2026-09-06T23:07:09.964344+00:00,
SBEQ005,19.29,engine_median,DERIVED,1,0.0,2026-09-06T23:07:09.964344+00:00,
SBEQ011,28.64,engine_median,DERIVED,1,0.0,2026-09-06T23:07:09.964344+00:00,
SBER001,279.43,engine_median,DERIVED,1,0.0,2026-09-06T23:07:09.964344+00:00,
SBER003,541.46,engine_median,DERIVED,1,0.0,2026-09-06T23:07:09.964344+00:00,
SBER005,28.64,engine_median,DERIVED,1,0.0,2026-09-06T23:07:09.964344+00:00,
SBER007,44.43,engine_median,DERIVED,1,0.0,2026-09-06T23:07:09.964344+00:00,
SBET001J,21.05,engine_median,DERIVED,1,0.0,2026-09-06T23:07:09.964344+00:00,
SBEX011,2975.81,engine_median,DERIVED,1,0.0,2026-09-06T23:07:09.964344+00:00,
SBFG001J,18.7,engine_median,DERIVED,1,0.0,2026-09-06T23:07:09.964344+00:00,
SBFG003J,18.7,engine_median,DERIVED,1,0.0,2026-09-06T23:07:09.964344+00:00,
SBGA001G,49.69,engine_median,DERIVED,1,0.0,2026-09-06T23:07:09.964344+00:00,
SBGA003,2142.99,engine_median,DERIVED,1,0.0,2026-09-06T23:07:09.964344+00:00,
SBGA005J,81.84,engine_median,DERIVED,1,0.0,2026-09-06T23:07:09.964344+00:00,
SBGA011,3156.71,engine_median,DERIVED,1,0.0,2026-09-06T23:07:09.964344+00:00,
SBGA015,2091.33,engine_median,DERIVED,1,0.0,2026-09-06T23:07:09.964344+00:00,
SBGA015J,36.83,engine_median,DERIVED,1,0.0,2026-09-06T23:07:09.964344+00:00,
SBGA025,2222.5,engine_median,DERIVED,1,0.0,2026-09-06T23:07:09.964344+00:00,
SBGA029G,87.69,engine_median,DERIVED,1,0.0,2026-09-06T23:07:09.964344+00:00,
SBGA031G,135.62,engine_median,DERIVED,1,0.0,2026-09-06T23:07:09.964344+00:00,
SBGA070,478.18,engine_median,DERIVED,1,0.0,2026-09-06T23:07:09.964344+00:00,
SBGA073J,104.06,engine_median,DERIVED,1,0.0,2026-09-06T23:07:09.964344+00:00,
SBGA079,2396.76,engine_median,DERIVED,1,0.0,2026-09-06T23:07:09.964344+00:00,
SBGA079J,55.53,engine_median,DERIVED,1,0.0,2026-09-06T23:07:09.964344+00:00,
SBGA083,1876.9,engine_median,DERIVED,1,0.0,2026-09-06T23:07:09.964344+00:00,
SBGA117,198.76,engine_median,DERIVED,1,0.0,2026-09-06T23:07:09.964344+00:00,
SBGA129,4612.3,engine_median,DERIVED,1,0.0,2026-09-06T23:07:09.964344+00:00,
SBGA149,2046.01,engine_median,DERIVED,1,0.0,2026-09-06T23:07:09.964344+00:00,
SBGA203,4172.43,engine_median,DERIVED,1,0.0,2026-09-06T23:07:09.964344+00:00,
SBGA211,4611.0,manual_check,VERIFIED,2,5.4,2026-08-09,
SBGA225,2573.42,engine_median,DERIVED,1,0.0,2026-09-06T23:07:09.964344+00:00,
SBGA225J,36.83,engine_median,DERIVED,1,0.0,2026-09-06T23:07:09.964344+00:00,
SBGA227,2514.93,engine_median,DERIVED,1,0.0,2026-09-06T23:07:09.964344+00:00,
SBGA229,3769.0,manual_check,VERIFIED,2,22.1,2026-08-09,
SBGA229G,243.77,engine_median,DERIVED,1,0.0,2026-09-06T23:07:09.964344+00:00,
SBGA231G,320.35,engine_median,DERIVED,1,0.0,2026-09-06T23:07:09.964344+00:00,
SBGA279,2520.05,engine_median,DERIVED,1,0.0,2026-09-06T23:07:09.964344+00:00,
SBGA293G,192.91,engine_median,DERIVED,1,0.0,2026-09-06T23:07:09.964344+00:00,
SBGA301,2545.08,engine_median,DERIVED,1,0.0,2026-09-06T23:07:09.964344+00:00,
SBGA361J,29.23,engine_median,DERIVED,1,0.0,2026-09-06T23:07:09.964344+00:00,
SBGA365,15.78,engine_median,DERIVED,1,0.0,2026-09-06T23:07:09.964344+00:00,
SBGA371,4092.03,engine_median,DERIVED,1,0.0,2026-09-06T23:07:09.964344+00:00,
SBGA373,3262.0,manual_check,VERIFIED,2,17343.9,2026-08-09,
SBGA375,3555.0,manual_check,VERIFIED,2,46.5,2026-08-09,
SBGA401,3842.0,manual_check,VERIFIED,1,0.0,2026-08-09,
SBGA403,8137.5,engine_median,DERIVED,1,0.0,2026-09-06T23:07:09.964344+00:00,
SBGA403G,135.62,engine_median,DERIVED,1,0.0,2026-09-06T23:07:09.964344+00:00,
SBGA407,4152.0,manual_check,VERIFIED,2,15.0,2026-08-09,
SBGA413,5623.0,manual_check,VERIFIED,2,5.9,2026-08-09,
SBGA415,5034.0,manual_check,VERIFIED,2,33.0,2026-08-09,
SBGA427,5394.0,engine_median,DERIVED,1,0.0,2026-09-06T23:07:09.964344+00:00,
SBGA427G,263.06,engine_median,DERIVED,1,0.0,2026-09-06T23:07:09.964344+00:00,
SBGA429,4182.0,manual_check,VERIFIED,2,29.0,2026-08-09,
SBGA437,3263.03,engine_median,DERIVED,1,0.0,2026-09-06T23:07:09.964344+00:00,
SBGA439,3527.0,manual_check,VERIFIED,2,7.9,2026-08-09,
SBGA443,36.83,engine_median,DERIVED,1,0.0,2026-09-06T23:07:09.964344+00:00,
SBGA445,4676.6,engine_median,DERIVED,1,0.0,2026-09-06T23:07:09.964344+00:00,
SBGA451G,74.24,engine_median,DERIVED,1,0.0,2026-09-06T23:07:09.964344+00:00,
SBGA461G,49.69,engine_median,DERIVED,1,0.0,2026-09-06T23:07:09.964344+00:00,
SBGA463,4809.0,manual_check,VERIFIED,2,3217.0,2026-08-09,
SBGA465,4001.0,manual_check,VERIFIED,2,0.5,2026-08-09,
SBGA465G,4929.0,engine_median,DERIVED,1,0.0,2026-09-06T23:07:09.964344+00:00,
SBGA467,3192.0,manual_check,VERIFIED,2,4.4,2026-08-09,
SBGA469,4589.03,engine_median,DERIVED,1,0.0,2026-09-06T23:07:09.964344+00:00,
SBGA481,10323.0,engine_median,DERIVED,1,0.0,2026-09-06T23:07:09.964344+00:00,
SBGA481G,100.54,engine_median,DERIVED,1,0.0,2026-09-06T23:07:09.964344+00:00,
SBGA489,3775.8,engine_median,DERIVED,1,0.0,2026-09-06T23:07:09.964344+00:00,
SBGA493,5580.0,engine_median,DERIVED,1,0.0,2026-09-06T23:07:09.964344+00:00,
SBGA497,5805.0,manual_check,VERIFIED,1,0.0,2026-08-09,
SBGA499,5394.0,engine_median,DERIVED,1,0.0,2026-09-06T23:07:09.964344+00:00,
SBGA521,11697.38,engine_median,DERIVED,1,0.0,2026-09-06T23:07:09.964344+00:00,
SBGC001J,35.07,engine_median,DERIVED,1,0.0,2026-09-06T23:07:09.964344+00:00,
SBGC005G,106.39,engine_median,DERIVED,1,0.0,2026-09-06T23:07:09.964344+00:00,
SBGC201,4549.0,manual_check,VERIFIED,2,1599.0,2026-08-09,8700.0
SBGC203,4564.0,manual_check,VERIFIED,2,6.7,2026-08-09,
SBGC205,3741.28,engine_median,DERIVED,1,0.0,2026-09-06T23:07:09.964344+00:00,
SBGC219G,87.69,engine_median,DERIVED,1,0.0,2026-09-06T23:07:09.964344+00:00,
SBGC221,6396.0,manual_check,VERIFIED,2,0.6,2026-08-09,
SBGC221G,87.69,engine_median,DERIVED,1,0.0,2026-09-06T23:07:09.964344+00:00,
SBGC240,9161.0,manual_check,VERIFIED,2,3321.6,2026-08-09,
SBGC242,16833.0,engine_median,DERIVED,1,0.0,2026-09-06T23:07:09.964344+00:00,
SBGC244,6547.24,engine_median,DERIVED,1,0.0,2026-09-06T23:07:09.964344+00:00,
SBGC244G,390.5,engine_median,DERIVED,1,0.0,2026-09-06T23:07:09.964344+00:00,
SBGC247,10230.0,engine_median,DERIVED,1,0.0,2026-09-06T23:07:09.964344+00:00,11000.0
SBGC247G,283.52,engine_median,DERIVED,1,0.0,2026-09-06T23:07:09.964344+00:00,
SBGC249,11532.0,engine_median,DERIVED,1,0.0,2026-09-06T23:07:09.964344+00:00,
SBGC251,7526.0,manual_check,VERIFIED,2,9579.7,2026-08-09,
SBGC253,7384.98,engine_median,DERIVED,1,0.0,2026-09-06T23:07:09.964344+00:00,12000.0
SBGC261,6664.16,engine_median,DERIVED,1,0.0,2026-09-06T23:07:09.964344+00:00,
SBGD202,22769.19,engine_median,DERIVED,1,0.0,2026-09-06T23:07:09.964344+00:00,
SBGE209,3099.8,engine_median,DERIVED,1,0.0,2026-09-06T23:07:09.964344+00:00,
SBGE248,8789.11,engine_median,DERIVED,1,0.0,2026-09-06T23:07:09.964344+00:00,
SBGE253,3847.0,manual_check,VERIFIED,2,66.8,2026-08-09,
SBGE255,5301.0,engine_median,DERIVED,1,0.0,2026-09-06T23:07:09.964344+00:00,
SBGE255G,4271.02,engine_median,DERIVED,1,0.0,2026-09-06T23:07:09.964344+00:00,
SBGE257,4071.0,manual_check,VERIFIED,2,7.3,2026-08-09,6300.0
SBGE263,6062.0,manual_check,VERIFIED,1,0.0,2026-08-09,
SBGE269,6045.0,engine_median,DERIVED,1,0.0,2026-09-06T23:07:09.964344+00:00,
SBGE271,6045.0,engine_median,DERIVED,1,0.0,2026-09-06T23:07:09.964344+00:00,
SBGE277,4334.0,manual_check,VERIFIED,2,45.9,2026-08-09,5800.0
SBGE279,4300.79,engine_median,DERIVED,1,0.0,2026-09-06T23:07:09.964344+00:00,
SBGE281,3532.82,engine_median,DERIVED,1,0.0,2026-09-06T23:07:09.964344+00:00,
SBGE283,8277.0,engine_median,DERIVED,1,0.0,2026-09-06T23:07:09.964344+00:00,
SBGE285,6221.0,manual_check,VERIFIED,2,33.0,2026-08-09,
SBGE289,5378.09,engine_median,DERIVED,1,0.0,2026-09-06T23:07:09.964344+00:00,
SBGE295,5104.0,manual_check,VERIFIED,2,23.4,2026-08-09,
SBGE305,5181.0,manual_check,VERIFIED,2,16.7,2026-08-09,
SBGE307,6460.51,engine_median,DERIVED,1,0.0,2026-09-06T23:07:09.964344+00:00,11500.0
SBGE307G,7329.28,engine_median,DERIVED,1,0.0,2026-09-06T23:07:09.964344+00:00,
SBGF001,19.87,engine_median,DERIVED,1,0.0,2026-09-06T23:07:09.964344+00:00,
SBGF009,70.15,engine_median,DERIVED,1,0.0,2026-09-06T23:07:09.964344+00:00,
SBGF013J,14.03,engine_median,DERIVED,1,0.0,2026-09-06T23:07:09.964344+00:00,
SBGF014,165.44,engine_median,DERIVED,1,0.0,2026-09-06T23:07:09.964344+00:00,
SBGF017,23.38,engine_median,DERIVED,1,0.0,2026-09-06T23:07:09.964344+00:00,
SBGF017J,45.01,engine_median,DERIVED,1,0.0,2026-09-06T23:07:09.964344+00:00,
SBGF027J,15.78,engine_median,DERIVED,1,0.0,2026-09-06T23:07:09.964344+00:00,
SBGH001,2850.0,seed_kb,VERIFIED,2,35.1,2026-09-06T23:06:51+00:00,
SBGH005J,77.16,engine_median,DERIVED,1,0.0,2026-09-06T23:07:09.964344+00:00,
SBGH039,2913.71,engine_median,DERIVED,1,0.0,2026-09-06T23:07:09.964344+00:00,
SBGH201,3416.0,manual_check,VERIFIED,1,0.0,2026-08-09,
SBGH205,3023.0,manual_check,VERIFIED,2,10.3,2026-08-09,
SBGH213,3876.0,manual_check,VERIFIED,1,0.0,2026-08-09,
SBGH219,11856.43,engine_median,DERIVED,1,0.0,2026-09-06T23:07:09.964344+00:00,
SBGH255,4843.0,manual_check,VERIFIED,2,21.8,2026-08-09,
SBGH263,3483.0,manual_check,VERIFIED,1,0.0,2026-08-09,
SBGH267,11270.0,manual_check,VERIFIED,1,0.0,2026-08-09,
SBGH271,4805.0,manual_check,VERIFIED,1,0.0,2026-08-09,
SBGH273,4966.0,manual_check,VERIFIED,2,17.7,2026-08-09,6300.0
SBGH277,3097.0,manual_check,VERIFIED,1,0.0,2026-08-09,
SBGH279,3634.0,manual_check,VERIFIED,1,0.0,2026-08-09,
SBGH281,4098.0,manual_check,VERIFIED,1,0.0,2026-08-09,
SBGH283,5144.26,engine_median,DERIVED,1,0.0,2026-09-06T23:07:09.964344+00:00,
SBGH289,4334.0,manual_check,VERIFIED,2,65.2,2026-08-09,6800.0
SBGH291,4338.0,manual_check,VERIFIED,2,88.7,2026-08-09,
SBGH295,5179.0,manual_check,VERIFIED,2,31.1,2026-08-09,
SBGH299,4631.39,engine_median,DERIVED,1,0.0,2026-09-06T23:07:09.964344+00:00,
SBGH301,4631.39,engine_median,DERIVED,1,0.0,2026-09-06T23:07:09.964344+00:00,
SBGH311,4537.0,manual_check,VERIFIED,2,35.3,2026-08-09,
SBGH341,6053.0,manual_check,VERIFIED,2,1.4,2026-08-09,
SBGH343,5518.0,manual_check,VERIFIED,2,33.1,2026-08-09,
SBGH347,6789.0,engine_median,DERIVED,1,0.0,2026-09-06T23:07:09.964344+00:00,
SBGH349,7254.0,engine_median,DERIVED,1,0.0,2026-09-06T23:07:09.964344+00:00,
SBGH351,5600.0,manual_check,VERIFIED,3,24.6,2026-08-09,
SBGH353,5239.0,manual_check,VERIFIED,2,33.1,2026-08-09,
SBGH359,5481.65,engine_median,DERIVED,1,0.0,2026-09-06T23:07:09.964344+00:00,
SBGH368,30504.0,engine_median,DERIVED,1,0.0,2026-09-06T23:07:09.964344+00:00,
SBGH375,7293.43,engine_median,DERIVED,1,0.0,2026-09-06T23:07:09.964344+00:00,
SBGH376,30504.0,engine_median,DERIVED,1,0.0,2026-09-06T23:07:09.964344+00:00,
SBGJ001,2842.15,engine_median,DERIVED,1,0.0,2026-09-06T23:07:09.964344+00:00,
SBGJ013G,48.52,engine_median,DERIVED,1,0.0,2026-09-06T23:07:09.964344+00:00,
SBGJ201,3883.0,manual_check,VERIFIED,1,0.0,2026-08-09,
SBGJ211,3711.26,engine_median,DERIVED,1,0.0,2026-09-06T23:07:09.964344+00:00,
SBGJ217,4889.03,engine_median,DERIVED,1,0.0,2026-09-06T23:07:09.964344+00:00,
SBGJ229G,93.53,engine_median,DERIVED,1,0.0,2026-09-06T23:07:09.964344+00:00,
SBGJ237,4122.0,manual_check,VERIFIED,2,14.9,2026-08-09,
SBGJ237G,245.52,engine_median,DERIVED,1,0.0,2026-09-06T23:07:09.964344+00:00,
SBGJ239,6696.0,engine_median,DERIVED,1,0.0,2026-09-06T23:07:09.964344+00:00,
SBGJ249,4867.0,manual_check,VERIFIED,2,47.1,2026-08-09,6300.0
SBGJ251,4664.0,manual_check,VERIFIED,2,2.5,2026-08-09,
SBGJ255,7905.0,engine_median,DERIVED,1,0.0,2026-09-06T23:07:09.964344+00:00,
SBGJ259,6021.0,manual_check,VERIFIED,1,0.0,2026-08-09,
SBGJ263,4294.0,manual_check,VERIFIED,2,4578.6,2026-08-09,
SBGJ265,6000.0,manual_check,VERIFIED,3,28.9,2026-08-09,
SBGJ267,4903.76,engine_median,DERIVED,1,0.0,2026-09-06T23:07:09.964344+00:00,
SBGJ271,5021.07,engine_median,DERIVED,1,0.0,2026-09-06T23:07:09.964344+00:00,
SBGJ273,4983.0,manual_check,VERIFIED,2,43.7,2026-08-09,
SBGJ275,5730.0,manual_check,VERIFIED,2,28.2,2026-08-09,
SBGJ277,5542.0,manual_check,VERIFIED,2,15.6,2026-08-09,
SBGJ279,70.15,engine_median,DERIVED,1,0.0,2026-09-06T23:07:09.964344+00:00,
SBGK007,4090.0,manual_check,VERIFIED,2,16.2,2026-08-09,
SBGK009,3536.68,engine_median,DERIVED,1,0.0,2026-09-06T23:07:09.964344+00:00,
SBGK009J,103.47,engine_median,DERIVED,1,0.0,2026-09-06T23:07:09.964344+00:00,
SBGK017,8277.0,engine_median,DERIVED,1,0.0,2026-09-06T23:07:09.964344+00:00,
SBGM001,2513.67,engine_median,DERIVED,1,0.0,2026-09-06T23:07:09.964344+00:00,
SBGM007J,36.83,engine_median,DERIVED,1,0.0,2026-09-06T23:07:09.964344+00:00,
SBGM009,2953.51,engine_median,DERIVED,1,0.0,2026-09-06T23:07:09.964344+00:00,
SBGM021,2795.25,engine_median,DERIVED,1,0.0,2026-09-06T23:07:09.964344+00:00,
SBGM031,3500.85,engine_median,DERIVED,1,0.0,2026-09-06T23:07:09.964344+00:00,
SBGM033G,192.91,engine_median,DERIVED,1,0.0,2026-09-06T23:07:09.964344+00:00,
SBGM221,3773.0,manual_check,VERIFIED,2,6.5,2026-08-09,5400.0
SBGM239,5022.0,engine_median,DERIVED,1,0.0,2026-09-06T23:07:09.964344+00:00,
SBGM245,3827.0,manual_check,VERIFIED,2,1.0,2026-08-09,
SBGM247,3489.0,manual_check,VERIFIED,2,27.1,2026-08-09,
SBGM253,4837.0,manual_check,VERIFIED,2,7.7,2026-08-09,
SBGM255,4539.0,manual_check,VERIFIED,2,10.6,2026-08-09,
SBGM257,4027.52,engine_median,DERIVED,1,0.0,2026-09-06T23:07:09.964344+00:00,
SBGN001,2681.42,engine_median,DERIVED,1,0.0,2026-09-06T23:07:09.964344+00:00,
SBGN003,2186.02,engine_median,DERIVED,1,0.0,2026-09-06T23:07:09.964344+00:00,
SBGN009,2338.3,engine_median,DERIVED,1,0.0,2026-09-06T23:07:09.964344+00:00,
SBGN013,1819.93,engine_median,DERIVED,1,0.0,2026-09-06T23:07:09.964344+00:00,
SBGN017,55.53,engine_median,DERIVED,1,0.0,2026-09-06T23:07:09.964344+00:00,
SBGN019,2759.0,manual_check,VERIFIED,1,0.0,2026-08-09,
SBGN021,2732.0,manual_check,VERIFIED,2,3.9,2026-08-09,
SBGN023,5068.5,engine_median,DERIVED,1,0.0,2026-09-06T23:07:09.964344+00:00,
SBGN027,2358.0,manual_check,VERIFIED,2,0.8,2026-04,3700.0
SBGN029,2647.0,manual_check,VERIFIED,2,9.1,2026-08-09,
SBGN031,1946.88,engine_median,DERIVED,1,0.0,2026-09-06T23:07:09.964344+00:00,
SBGP001,2162.93,engine_median,DERIVED,1,0.0,2026-09-06T23:07:09.964344+00:00,
SBGP003,2104.47,engine_median,DERIVED,1,0.0,2026-09-06T23:07:09.964344+00:00,
SBGP005,2255.0,manual_check,VERIFIED,2,5.2,2026-08-09,
SBGP007,2708.22,engine_median,DERIVED,1,0.0,2026-09-06T23:07:09.964344+00:00,
SBGP009,1866.0,manual_check,VERIFIED,2,17.8,2026-08-09,
SBGP011,1790.0,manual_check,VERIFIED,2,21.1,2026-08-09,2400.0
SBGP013,2076.0,manual_check,VERIFIED,2,11.3,2026-08-09,
SBGP015G,83.01,engine_median,DERIVED,1,0.0,2026-09-06T23:07:09.964344+00:00,
SBGP017G,68.98,engine_median,DERIVED,1,0.0,2026-09-06T23:07:09.964344+00:00,
SBGR002,7307.19,engine_median,DERIVED,1,0.0,2026-09-06T23:07:09.964344+00:00,
SBGR015,3812.07,engine_median,DERIVED,1,0.0,2026-09-06T23:07:09.964344+00:00,
SBGR031,1600.41,engine_median,DERIVED,1,0.0,2026-09-06T23:07:09.964344+00:00,
SBGR059,1929.1,engine_median,DERIVED,1,0.0,2026-09-06T23:07:09.964344+00:00,
SBGR067,1870.64,engine_median,DERIVED,1,0.0,2026-09-06T23:07:09.964344+00:00,
SBGR075,6127.44,engine_median,DERIVED,1,0.0,2026-09-06T23:07:09.964344+00:00,
SBGR095,3792.59,engine_median,DERIVED,1,0.0,2026-09-06T23:07:09.964344+00:00,
SBGR101,2759.51,engine_median,DERIVED,1,0.0,2026-09-06T23:07:09.964344+00:00,
SBGR261,3023.0,manual_check,VERIFIED,2,10.8,2026-08-09,
SBGR307,2798.0,manual_check,VERIFIED,1,0.0,2026-08-09,
SBGR311,4242.9,engine_median,DERIVED,1,0.0,2026-09-06T23:07:09.964344+00:00,
SBGR315,3049.0,manual_check,VERIFIED,2,0.3,2026-08-09,
SBGR317,3300.0,manual_check,VERIFIED,2,12.8,2026-08-09,
SBGR321,3623.0,manual_check,VERIFIED,2,33.5,2026-05,5200.0
SBGR325,3765.0,manual_check,VERIFIED,2,10.1,2026-08-09,
SBGT017,1930.07,engine_median,DERIVED,1,0.0,2026-09-06T23:07:09.964344+00:00,
SBGT033,2620.87,engine_median,DERIVED,1,0.0,2026-09-06T23:07:09.964344+00:00,
SBGT035,1284.85,engine_median,DERIVED,1,0.0,2026-09-06T23:07:09.964344+00:00,
SBGT038,1930.07,engine_median,DERIVED,1,0.0,2026-09-06T23:07:09.964344+00:00,
SBGT039,1983.23,engine_median,DERIVED,1,0.0,2026-09-06T23:07:09.964344+00:00,
SBGT241,2842.95,engine_median,DERIVED,1,0.0,2026-09-06T23:07:09.964344+00:00,
SBGV009,2358.36,engine_median,DERIVED,1,0.0,2026-09-06T23:07:09.964344+00:00,
SBGV011,2466.05,engine_median,DERIVED,1,0.0,2026-09-06T23:07:09.964344+00:00,
SBGV017J,54.37,engine_median,DERIVED,1,0.0,2026-09-06T23:07:09.964344+00:00,
SBGV021,1640.84,engine_median,DERIVED,1,0.0,2026-09-06T23:07:09.964344+00:00,
SBGV027,2513.67,engine_median,DERIVED,1,0.0,2026-09-06T23:07:09.964344+00:00,
SBGV205,1783.74,engine_median,DERIVED,1,0.0,2026-09-06T23:07:09.964344+00:00,
SBGV207,1604.55,engine_median,DERIVED,1,0.0,2026-09-06T23:07:09.964344+00:00,
SBGV221,1511.33,engine_median,DERIVED,1,0.0,2026-09-06T23:07:09.964344+00:00,
SBGV223,1812.18,engine_median,DERIVED,1,0.0,2026-09-06T23:07:09.964344+00:00,
SBGV229J,136.21,engine_median,DERIVED,1,0.0,2026-09-06T23:07:09.964344+00:00,
SBGV243J,42.68,engine_median,DERIVED,1,0.0,2026-09-06T23:07:09.964344+00:00,
SBGV247J,70.15,engine_median,DERIVED,1,0.0,2026-09-06T23:07:09.964344+00:00,
SBGW005,15.78,engine_median,DERIVED,1,0.0,2026-09-06T23:07:09.964344+00:00,
SBGW007J,48.52,engine_median,DERIVED,1,0.0,2026-09-06T23:07:09.964344+00:00,
SBGW008J,1547.96,engine_median,DERIVED,1,0.0,2026-09-06T23:07:09.964344+00:00,
SBGW037,7307.19,engine_median,DERIVED,1,0.0,2026-09-06T23:07:09.964344+00:00,
SBGW039,19338.37,engine_median,DERIVED,1,0.0,2026-09-06T23:07:09.964344+00:00,
SBGW231,2653.84,engine_median,DERIVED,1,0.0,2026-09-06T23:07:09.964344+00:00,
SBGW253,4458.27,engine_median,DERIVED,1,0.0,2026-09-06T23:07:09.964344+00:00,
SBGW258,12310.89,engine_median,DERIVED,1,0.0,2026-09-06T23:07:09.964344+00:00,26000.0
SBGW260,26970.0,engine_median,DERIVED,1,0.0,2026-09-06T23:07:09.964344+00:00,
SBGW264,22320.0,engine_median,DERIVED,1,0.0,2026-09-06T23:07:09.964344+00:00,
SBGW267,3536.68,engine_median,DERIVED,1,0.0,2026-09-06T23:07:09.964344+00:00,
SBGW269,3536.68,engine_median,DERIVED,1,0.0,2026-09-06T23:07:09.964344+00:00,
SBGW273,4288.0,manual_check,VERIFIED,1,0.0,2026-08-09,
SBGW275,5678.0,manual_check,VERIFIED,1,0.0,2026-08-09,
SBGW277,5902.0,manual_check,VERIFIED,1,0.0,2026-08-09,
SBGW279,4278.0,engine_median,DERIVED,1,0.0,2026-09-06T23:07:09.964344+00:00,
SBGW279G,4603.5,engine_median,DERIVED,1,0.0,2026-09-06T23:07:09.964344+00:00,
SBGW281,3755.69,engine_median,DERIVED,1,0.0,2026-09-06T23:07:09.964344+00:00,
SBGW283,3210.4,engine_median,DERIVED,1,0.0,2026-09-06T23:07:09.964344+00:00,
SBGW285,3210.4,engine_median,DERIVED,1,0.0,2026-09-06T23:07:09.964344+00:00,
SBGW287,4743.0,engine_median,DERIVED,1,0.0,2026-09-06T23:07:09.964344+00:00,
SBGW289,4493.0,manual_check,VERIFIED,2,11.8,2026-08-09,
SBGW291,3356.0,manual_check,VERIFIED,2,6.0,2026-08-09,
SBGW293,4929.0,engine_median,DERIVED,1,0.0,2026-09-06T23:07:09.964344+00:00,
SBGW297,3712.0,manual_check,VERIFIED,2,0.8,2026-08-09,
SBGW299,3684.06,engine_median,DERIVED,1,0.0,2026-09-06T23:07:09.964344+00:00,5400.0
SBGW301,3664.0,manual_check,VERIFIED,2,14.1,2026-08-09,
SBGW305,4025.0,manual_check,VERIFIED,2,38.6,2026-08-09,
SBGW306,13318.15,engine_median,DERIVED,1,0.0,2026-09-06T23:07:09.964344+00:00,
SBGW311,5487.0,engine_median,DERIVED,1,0.0,2026-09-06T23:07:09.964344+00:00,
SBGW313,5487.0,engine_median,DERIVED,1,0.0,2026-09-06T23:07:09.964344+00:00,
SBGW323,5487.0,engine_median,DERIVED,1,0.0,2026-09-06T23:07:09.964344+00:00,
SBGW324,17422.52,engine_median,DERIVED,1,0.0,2026-09-06T23:07:09.964344+00:00,
SBGX004,1541.92,engine_median,DERIVED,1,0.0,2026-09-06T23:07:09.964344+00:00,
SBGX005,749.89,engine_median,DERIVED,1,0.0,2026-09-06T23:07:09.964344+00:00,
SBGX007,1100.62,engine_median,DERIVED,1,0.0,2026-09-06T23:07:09.964344+00:00,
SBGX031,1377.11,engine_median,DERIVED,1,0.0,2026-09-06T23:07:09.964344+00:00,
SBGX059,1106.59,engine_median,DERIVED,1,0.0,2026-09-06T23:07:09.964344+00:00,
SBGX061,1336.0,manual_check,VERIFIED,2,24.1,2026-08-09,
SBGX063,1348.7,engine_median,DERIVED,1,0.0,2026-09-06T23:07:09.964344+00:00,
SBGX071,1335.33,engine_median,DERIVED,1,0.0,2026-09-06T23:07:09.964344+00:00,
SBGX073,1578.35,engine_median,DERIVED,1,0.0,2026-09-06T23:07:09.964344+00:00,
SBGX083,1239.93,engine_median,DERIVED,1,0.0,2026-09-06T23:07:09.964344+00:00,
SBGX085,1281.48,engine_median,DERIVED,1,0.0,2026-09-06T23:07:09.964344+00:00,
SBGX117,2545.08,engine_median,DERIVED,1,0.0,2026-09-06T23:07:09.964344+00:00,
SBGX261,1791.0,manual_check,VERIFIED,2,2.2,2026-08-09,2700.0
SBGX263,1706.0,manual_check,VERIFIED,2,11.4,2026-08-09,
SBGX265,1992.0,manual_check,VERIFIED,2,3.2,2026-08-09,2700.0
SBGX295,1766.07,engine_median,DERIVED,1,0.0,2026-09-06T23:07:09.964344+00:00,
SBGX339,2304.52,engine_median,DERIVED,1,0.0,2026-09-06T23:07:09.964344+00:00,
SBGX343,2545.08,engine_median,DERIVED,1,0.0,2026-09-06T23:07:09.964344+00:00,
SBGX344,3572.3,engine_median,DERIVED,1,0.0,2026-09-06T23:07:09.964344+00:00,
SBGX347,2269.38,engine_median,DERIVED,1,0.0,2026-09-06T23:07:09.964344+00:00,
SBGX349,2262.0,manual_check,VERIFIED,2,4.8,2026-08-09,
SBGX353,2930.0,manual_check,VERIFIED,2,30.1,2026-08-09,
SBGX355,3100.0,manual_check,VERIFIED,2,1.4,2026-08-09,4100.0
SBGX357,3813.0,engine_median,DERIVED,1,0.0,2026-09-06T23:07:09.964344+00:00,
SBGX359,2976.0,engine_median,DERIVED,1,0.0,2026-09-06T23:07:09.964344+00:00,
SBGX361,2976.0,engine_median,DERIVED,1,0.0,2026-09-06T23:07:09.964344+00:00,
SBGX363,3348.0,engine_median,DERIVED,1,0.0,2026-09-06T23:07:09.964344+00:00,
SBGX365,3348.0,engine_median,DERIVED,1,0.0,2026-09-06T23:07:09.964344+00:00,
SBGY007,6122.0,manual_check,VERIFIED,2,35.2,2026-08-09,
SBGY008,35340.0,engine_median,DERIVED,1,0.0,2026-09-06T23:07:09.964344+00:00,
SBGY009,7533.0,engine_median,DERIVED,1,0.0,2026-09-06T23:07:09.964344+00:00,
SBGY011,8184.0,engine_median,DERIVED,1,0.0,2026-09-06T23:07:09.964344+00:00,
SBGY013,6700.62,engine_median,DERIVED,1,0.0,2026-09-06T23:07:09.964344+00:00,
SBGY035,7443.0,manual_check,VERIFIED,1,0.0,2026-08-09,
SBHL001,16.37,engine_median,DERIVED,1,0.0,2026-09-06T23:07:09.964344+00:00,
SBHP001J,19.87,engine_median,DERIVED,1,0.0,2026-09-06T23:07:09.964344+00:00,
SBHP003,50.28,engine_median,DERIVED,1,0.0,2026-09-06T23:07:09.964344+00:00,
SBHP015,39.16,engine_median,DERIVED,1,0.0,2026-09-06T23:07:09.964344+00:00,
SBHR003J,75.99,engine_median,DERIVED,1,0.0,2026-09-06T23:07:09.964344+00:00,
SBHS001,100.54,engine_median,DERIVED,1,0.0,2026-09-06T23:07:09.964344+00:00,
SBHS003,42.09,engine_median,DERIVED,1,0.0,2026-09-06T23:07:09.964344+00:00,
SBHV001J,75.99,engine_median,DERIVED,1,0.0,2026-09-06T23:07:09.964344+00:00,
SBJG017,319.76,engine_median,DERIVED,1,0.0,2026-09-06T23:07:09.964344+00:00,
SBJG019,319.76,engine_median,DERIVED,1,0.0,2026-09-06T23:07:09.964344+00:00,
SBJG021,319.76,engine_median,DERIVED,1,0.0,2026-09-06T23:07:09.964344+00:00,
SBJG023,650.07,engine_median,DERIVED,1,0.0,2026-09-06T23:07:09.964344+00:00,
SBLA003J,36.83,engine_median,DERIVED,1,0.0,2026-09-06T23:07:09.964344+00:00,
SBLA005J,36.83,engine_median,DERIVED,1,0.0,2026-09-06T23:07:09.964344+00:00,
SBLA041J,46.77,engine_median,DERIVED,1,0.0,2026-09-06T23:07:09.964344+00:00,
SBLA051J,77.05,engine_median,DERIVED,1,0.0,2026-09-06T23:07:09.964344+00:00,
SBLA099J,18.13,engine_median,DERIVED,1,0.0,2026-09-06T23:07:09.964344+00:00,
SBLA111,50.86,engine_median,DERIVED,1,0.0,2026-09-06T23:07:09.964344+00:00,
SBPA005J,43.25,engine_median,DERIVED,1,0.0,2026-09-06T23:07:09.964344+00:00,
SBPB001J,19.29,engine_median,DERIVED,1,0.0,2026-09-06T23:07:09.964344+00:00,
SBPB005J,19.29,engine_median,DERIVED,1,0.0,2026-09-06T23:07:09.964344+00:00,
SBPC001,21.63,engine_median,DERIVED,1,0.0,2026-09-06T23:07:09.964344+00:00,
SBPJ001J,18.7,engine_median,DERIVED,1,0.0,2026-09-06T23:07:09.964344+00:00,
SBPJ015J,18.7,engine_median,DERIVED,1,0.0,2026-09-06T23:07:09.964344+00:00,
SBPJ021J,15.78,engine_median,DERIVED,1,0.0,2026-09-06T23:07:09.964344+00:00,
SBPJ037J,39.16,engine_median,DERIVED,1,0.0,2026-09-06T23:07:09.964344+00:00,
SBPK001,392.0,engine_median,DERIVED,1,0.0,2026-09-06T23:07:09.964344+00:00,
SBPK005,375.85,engine_median,DERIVED,1,0.0,2026-09-06T23:07:09.964344+00:00,
SBPK007,50.28,engine_median,DERIVED,1,0.0,2026-09-06T23:07:09.964344+00:00,
SBPL007J,15.78,engine_median,DERIVED,1,0.0,2026-09-06T23:07:09.964344+00:00,
SBPL030,22.79,engine_median,DERIVED,1,0.0,2026-09-06T23:07:09.964344+00:00,
SBPM001,39.16,engine_median,DERIVED,1,0.0,2026-09-06T23:07:09.964344+00:00,
SBPN001,18.7,engine_median,DERIVED,1,0.0,2026-09-06T23:07:09.964344+00:00,
SBPN017,19.87,engine_median,DERIVED,1,0.0,2026-09-06T23:07:09.964344+00:00,
SBPN025J,18.7,engine_median,DERIVED,1,0.0,2026-09-06T23:07:09.964344+00:00,
SBPN031,20.46,engine_median,DERIVED,1,0.0,2026-09-06T23:07:09.964344+00:00,
SBPN051,18.7,engine_median,DERIVED,1,0.0,2026-09-06T23:07:09.964344+00:00,
SBPN055,18.7,engine_median,DERIVED,1,0.0,2026-09-06T23:07:09.964344+00:00,
SBPN059,18.7,engine_median,DERIVED,1,0.0,2026-09-06T23:07:09.964344+00:00,
SBPN061,18.7,engine_median,DERIVED,1,0.0,2026-09-06T23:07:09.964344+00:00,
SBPN065,18.7,engine_median,DERIVED,1,0.0,2026-09-06T23:07:09.964344+00:00,
SBPN067,21.63,engine_median,DERIVED,1,0.0,2026-09-06T23:07:09.964344+00:00,
SBPN083G,20.46,engine_median,DERIVED,1,0.0,2026-09-06T23:07:09.964344+00:00,
SBPN091J,18.7,engine_median,DERIVED,1,0.0,2026-09-06T23:07:09.964344+00:00,
SBPN093J,18.7,engine_median,DERIVED,1,0.0,2026-09-06T23:07:09.964344+00:00,
SBPR039,19.87,engine_median,DERIVED,1,0.0,2026-09-06T23:07:09.964344+00:00,
SBPS013,982.61,engine_median,DERIVED,1,0.0,2026-09-06T23:07:09.964344+00:00,
SBPS043J,20.46,engine_median,DERIVED,1,0.0,2026-09-06T23:07:09.964344+00:00,
SBPS049,26.89,engine_median,DERIVED,1,0.0,2026-09-06T23:07:09.964344+00:00,
SBPS054,21.63,engine_median,DERIVED,1,0.0,2026-09-06T23:07:09.964344+00:00,
SBPS057,16.37,engine_median,DERIVED,1,0.0,2026-09-06T23:07:09.964344+00:00,
SBPT019,43.25,engine_median,DERIVED,1,0.0,2026-09-06T23:07:09.964344+00:00,
SBPT025J,19.29,engine_median,DERIVED,1,0.0,2026-09-06T23:07:09.964344+00:00,
SBPT031J,15.2,engine_median,DERIVED,1,0.0,2026-09-06T23:07:09.964344+00:00,
SBPT035,39.16,engine_median,DERIVED,1,0.0,2026-09-06T23:07:09.964344+00:00,
SBPX001,16.95,engine_median,DERIVED,1,0.0,2026-09-06T23:07:09.964344+00:00,
SBPX002,18.7,engine_median,DERIVED,1,0.0,2026-09-06T23:07:09.964344+00:00,
SBPX006,18.7,engine_median,DERIVED,1,0.0,2026-09-06T23:07:09.964344+00:00,
SBPX007,18.7,engine_median,DERIVED,1,0.0,2026-09-06T23:07:09.964344+00:00,
SBPX013,37.41,engine_median,DERIVED,1,0.0,2026-09-06T23:07:09.964344+00:00,
SBPX019,18.7,engine_median,DERIVED,1,0.0,2026-09-06T23:07:09.964344+00:00,
SBPX022,20.46,engine_median,DERIVED,1,0.0,2026-09-06T23:07:09.964344+00:00,
SBPX027,20.46,engine_median,DERIVED,1,0.0,2026-09-06T23:07:09.964344+00:00,
SBPX061J,18.7,engine_median,DERIVED,1,0.0,2026-09-06T23:07:09.964344+00:00,
SBPX067,18.7,engine_median,DERIVED,1,0.0,2026-09-06T23:07:09.964344+00:00,
SBPX071J,18.7,engine_median,DERIVED,1,0.0,2026-09-06T23:07:09.964344+00:00,
SBPX073J,39.16,engine_median,DERIVED,1,0.0,2026-09-06T23:07:09.964344+00:00,
SBPX079J,15.78,engine_median,DERIVED,1,0.0,2026-09-06T23:07:09.964344+00:00,
SBPX117,18.7,engine_median,DERIVED,1,0.0,2026-09-06T23:07:09.964344+00:00,
SBPX149J,22.22,engine_median,DERIVED,1,0.0,2026-09-06T23:07:09.964344+00:00,
SBPY001J,18.7,engine_median,DERIVED,1,0.0,2026-09-06T23:07:09.964344+00:00,
SBPY019,18.7,engine_median,DERIVED,1,0.0,2026-09-06T23:07:09.964344+00:00,
SBPY053G,20.46,engine_median,DERIVED,1,0.0,2026-09-06T23:07:09.964344+00:00,
SBPY055G,18.7,engine_median,DERIVED,1,0.0,2026-09-06T23:07:09.964344+00:00,
SBPY085G,39.16,engine_median,DERIVED,1,0.0,2026-09-06T23:07:09.964344+00:00,
SBPY109,77.16,engine_median,DERIVED,1,0.0,2026-09-06T23:07:09.964344+00:00,
SBPY121G,18.7,engine_median,DERIVED,1,0.0,2026-09-06T23:07:09.964344+00:00,
SBPY143,21.05,engine_median,DERIVED,1,0.0,2026-09-06T23:07:09.964344+00:00,
SBPY147,24.55,engine_median,DERIVED,1,0.0,2026-09-06T23:07:09.964344+00:00,
SBPY155,22.79,engine_median,DERIVED,1,0.0,2026-09-06T23:07:09.964344+00:00,
SBPY156,26.89,engine_median,DERIVED,1,0.0,2026-09-06T23:07:09.964344+00:00,
SBPY157,26.89,engine_median,DERIVED,1,0.0,2026-09-06T23:07:09.964344+00:00,
SBPY169J,18.7,engine_median,DERIVED,1,0.0,2026-09-06T23:07:09.964344+00:00,
SBQA001J,18.7,engine_median,DERIVED,1,0.0,2026-09-06T23:07:09.964344+00:00,
SBQA171,21.05,engine_median,DERIVED,1,0.0,2026-09-06T23:07:09.964344+00:00,
SBQC040,18.7,engine_median,DERIVED,1,0.0,2026-09-06T23:07:09.964344+00:00,
SBQC070,19.87,engine_median,DERIVED,1,0.0,2026-09-06T23:07:09.964344+00:00,
SBQC130,21.05,engine_median,DERIVED,1,0.0,2026-09-06T23:07:09.964344+00:00,
SBQD221,21.05,engine_median,DERIVED,1,0.0,2026-09-06T23:07:09.964344+00:00,
SBQD774,18.7,engine_median,DERIVED,1,0.0,2026-09-06T23:07:09.964344+00:00,
SBQF614,21.05,engine_median,DERIVED,1,0.0,2026-09-06T23:07:09.964344+00:00,
SBQK057J,39.16,engine_median,DERIVED,1,0.0,2026-09-06T23:07:09.964344+00:00,
SBQK062J,54.95,engine_median,DERIVED,1,0.0,2026-09-06T23:07:09.964344+00:00,
SBQK063J,54.95,engine_median,DERIVED,1,0.0,2026-09-06T23:07:09.964344+00:00,
SBQK081,39.16,engine_median,DERIVED,1,0.0,2026-09-06T23:07:09.964344+00:00,
SBQL009,22.79,engine_median,DERIVED,1,0.0,2026-09-06T23:07:09.964344+00:00,
SBRA140,19.29,engine_median,DERIVED,1,0.0,2026-09-06T23:07:09.964344+00:00,
SBSA015J,421.74,engine_median,DERIVED,1,0.0,2026-09-06T23:07:09.964344+00:00,
SBSA021J,20.46,engine_median,DERIVED,1,0.0,2026-09-06T23:07:09.964344+00:00,
SBSA028,60.21,engine_median,DERIVED,1,0.0,2026-09-06T23:07:09.964344+00:00,
SBSA031J,19.29,engine_median,DERIVED,1,0.0,2026-09-06T23:07:09.964344+00:00,
SBSA036,19.29,engine_median,DERIVED,1,0.0,2026-09-06T23:07:09.964344+00:00,
SBSA038,20.46,engine_median,DERIVED,1,0.0,2026-09-06T23:07:09.964344+00:00,
SBSA041J,18.7,engine_median,DERIVED,1,0.0,2026-09-06T23:07:09.964344+00:00,
SBSA048,22.22,engine_median,DERIVED,1,0.0,2026-09-06T23:07:09.964344+00:00,
SBSA050J,18.13,engine_median,DERIVED,1,0.0,2026-09-06T23:07:09.964344+00:00,
SBSA057J,33.91,engine_median,DERIVED,1,0.0,2026-09-06T23:07:09.964344+00:00,
SBSA069J,102.89,engine_median,DERIVED,1,0.0,2026-09-06T23:07:09.964344+00:00,
SBSA072,98.21,engine_median,DERIVED,1,0.0,2026-09-06T23:07:09.964344+00:00,
SBSA077J,20.46,engine_median,DERIVED,1,0.0,2026-09-06T23:07:09.964344+00:00,
SBSA079J,78.33,engine_median,DERIVED,1,0.0,2026-09-06T23:07:09.964344+00:00,
SBSA080J,20.46,engine_median,DERIVED,1,0.0,2026-09-06T23:07:09.964344+00:00,
SBSA083J,20.46,engine_median,DERIVED,1,0.0,2026-09-06T23:07:09.964344+00:00,
SBSA084J,20.46,engine_median,DERIVED,1,0.0,2026-09-06T23:07:09.964344+00:00,
SBSA087,427.8,engine_median,DERIVED,1,0.0,2026-09-06T23:07:09.964344+00:00,
SBSA087J,35.07,engine_median,DERIVED,1,0.0,2026-09-06T23:07:09.964344+00:00,
SBSA089J,36.24,engine_median,DERIVED,1,0.0,2026-09-06T23:07:09.964344+00:00,
SBSA091J,35.07,engine_median,DERIVED,1,0.0,2026-09-06T23:07:09.964344+00:00,
SBSA092J,45.6,engine_median,DERIVED,1,0.0,2026-09-06T23:07:09.964344+00:00,
SBSA093J,20.46,engine_median,DERIVED,1,0.0,2026-09-06T23:07:09.964344+00:00,
SBSA095J,47.35,engine_median,DERIVED,1,0.0,2026-09-06T23:07:09.964344+00:00,
SBSA097J,47.35,engine_median,DERIVED,1,0.0,2026-09-06T23:07:09.964344+00:00,
SBSA098,20.46,engine_median,DERIVED,1,0.0,2026-09-06T23:07:09.964344+00:00,
SBSA104,20.46,engine_median,DERIVED,1,0.0,2026-09-06T23:07:09.964344+00:00,
SBSA105J,20.46,engine_median,DERIVED,1,0.0,2026-09-06T23:07:09.964344+00:00,
SBSA111,18.7,engine_median,DERIVED,1,0.0,2026-09-06T23:07:09.964344+00:00,
SBSA119,20.46,engine_median,DERIVED,1,0.0,2026-09-06T23:07:09.964344+00:00,
SBSA121,20.46,engine_median,DERIVED,1,0.0,2026-09-06T23:07:09.964344+00:00,
SBSA125J,20.46,engine_median,DERIVED,1,0.0,2026-09-06T23:07:09.964344+00:00,
SBSA129,19.29,engine_median,DERIVED,1,0.0,2026-09-06T23:07:09.964344+00:00,
SBSA131J,39.16,engine_median,DERIVED,1,0.0,2026-09-06T23:07:09.964344+00:00,
SBSA147,20.46,engine_median,DERIVED,1,0.0,2026-09-06T23:07:09.964344+00:00,
SBSA149,20.46,engine_median,DERIVED,1,0.0,2026-09-06T23:07:09.964344+00:00,
SBSA151,19.29,engine_median,DERIVED,1,0.0,2026-09-06T23:07:09.964344+00:00,
SBSA153,20.46,engine_median,DERIVED,1,0.0,2026-09-06T23:07:09.964344+00:00,
SBSA157,20.46,engine_median,DERIVED,1,0.0,2026-09-06T23:07:09.964344+00:00,
SBSA160,54.95,engine_median,DERIVED,1,0.0,2026-09-06T23:07:09.964344+00:00,
SBSA161J,20.46,engine_median,DERIVED,1,0.0,2026-09-06T23:07:09.964344+00:00,
SBSA165,54.95,engine_median,DERIVED,1,0.0,2026-09-06T23:07:09.964344+00:00,
SBSA167,53.78,engine_median,DERIVED,1,0.0,2026-09-06T23:07:09.964344+00:00,
SBSA169J,19.29,engine_median,DERIVED,1,0.0,2026-09-06T23:07:09.964344+00:00,
SBSA171J,21.63,engine_median,DERIVED,1,0.0,2026-09-06T23:07:09.964344+00:00,
SBSA177,18.13,engine_median,DERIVED,1,0.0,2026-09-06T23:07:09.964344+00:00,
SBSA197,18.13,engine_median,DERIVED,1,0.0,2026-09-06T23:07:09.964344+00:00,
SBSA199,20.46,engine_median,DERIVED,1,0.0,2026-09-06T23:07:09.964344+00:00,
SBSA209,18.13,engine_median,DERIVED,1,0.0,2026-09-06T23:07:09.964344+00:00,
SBSA212,399.9,engine_median,DERIVED,1,0.0,2026-09-06T23:07:09.964344+00:00,
SBSA212J,18.13,engine_median,DERIVED,1,0.0,2026-09-06T23:07:09.964344+00:00,
SBSA223,37.41,engine_median,DERIVED,1,0.0,2026-09-06T23:07:09.964344+00:00,
SBSA225,212.21,engine_median,DERIVED,1,0.0,2026-09-06T23:07:09.964344+00:00,
SBSA237,617.39,engine_median,DERIVED,1,0.0,2026-09-06T23:07:09.964344+00:00,
SBSA239,59.62,engine_median,DERIVED,1,0.0,2026-09-06T23:07:09.964344+00:00,
SBSA241,19.29,engine_median,DERIVED,1,0.0,2026-09-06T23:07:09.964344+00:00,
SBSA243,284.38,engine_median,DERIVED,1,0.0,2026-09-06T23:07:09.964344+00:00,
SBSA253,33.91,engine_median,DERIVED,1,0.0,2026-09-06T23:07:09.964344+00:00,
SBSA259,18.13,engine_median,DERIVED,1,0.0,2026-09-06T23:07:09.964344+00:00,
SBSA269,42.09,engine_median,DERIVED,1,0.0,2026-09-06T23:07:09.964344+00:00,
SBSA277,18.13,engine_median,DERIVED,1,0.0,2026-09-06T23:07:09.964344+00:00,
SBSA281J,53.78,engine_median,DERIVED,1,0.0,2026-09-06T23:07:09.964344+00:00,
SBSA283,18.7,engine_median,DERIVED,1,0.0,2026-09-06T23:07:09.964344+00:00,
SBSA285,56.7,engine_median,DERIVED,1,0.0,2026-09-06T23:07:09.964344+00:00,
SBSA287J,45.6,engine_median,DERIVED,1,0.0,2026-09-06T23:07:09.964344+00:00,
SBSA293,315.08,engine_median,DERIVED,1,0.0,2026-09-06T23:07:09.964344+00:00,
SBSA303,31.56,engine_median,DERIVED,1,0.0,2026-09-06T23:07:09.964344+00:00,
SBSA307,31.56,engine_median,DERIVED,1,0.0,2026-09-06T23:07:09.964344+00:00,
SBSA311,19.87,engine_median,DERIVED,1,0.0,2026-09-06T23:07:09.964344+00:00,
SBSC001,140.3,engine_median,DERIVED,1,0.0,2026-09-06T23:07:09.964344+00:00,
SBSC003,418.05,engine_median,DERIVED,1,0.0,2026-09-06T23:07:09.964344+00:00,
SBSC009,36.24,engine_median,DERIVED,1,0.0,2026-09-06T23:07:09.964344+00:00,
SBSC015,36.24,engine_median,DERIVED,1,0.0,2026-09-06T23:07:09.964344+00:00,
SBSC021,385.82,engine_median,DERIVED,1,0.0,2026-09-06T23:07:09.964344+00:00,
SBSC023,20.46,engine_median,DERIVED,1,0.0,2026-09-06T23:07:09.964344+00:00,
SBSS001,21.05,engine_median,DERIVED,1,0.0,2026-09-06T23:07:09.964344+00:00,
SBTA020,19.87,engine_median,DERIVED,1,0.0,2026-09-06T23:07:09.964344+00:00,
SBTA914,21.05,engine_median,DERIVED,1,0.0,2026-09-06T23:07:09.964344+00:00,
SBTC003,18.7,engine_median,DERIVED,1,0.0,2026-09-06T23:07:09.964344+00:00,
SBTH001,21.05,engine_median,DERIVED,1,0.0,2026-09-06T23:07:09.964344+00:00,
SBTH007,15.78,engine_median,DERIVED,1,0.0,2026-09-06T23:07:09.964344+00:00,
SBTK401,19.29,engine_median,DERIVED,1,0.0,2026-09-06T23:07:09.964344+00:00,
SBTM001,28.06,engine_median,DERIVED,1,0.0,2026-09-06T23:07:09.964344+00:00,
SBTM009,64.3,engine_median,DERIVED,1,0.0,2026-09-06T23:07:09.964344+00:00,
SBTM017,18.7,engine_median,DERIVED,1,0.0,2026-09-06T23:07:09.964344+00:00,
SBTM039,19.87,engine_median,DERIVED,1,0.0,2026-09-06T23:07:09.964344+00:00,
SBTM041,16.37,engine_median,DERIVED,1,0.0,2026-09-06T23:07:09.964344+00:00,
SBTM045,16.37,engine_median,DERIVED,1,0.0,2026-09-06T23:07:09.964344+00:00,
SBTM053J,16.37,engine_median,DERIVED,1,0.0,2026-09-06T23:07:09.964344+00:00,
SBTM063,19.29,engine_median,DERIVED,1,0.0,2026-09-06T23:07:09.964344+00:00,
SBTM075,18.7,engine_median,DERIVED,1,0.0,2026-09-06T23:07:09.964344+00:00,
SBTM083,70.15,engine_median,DERIVED,1,0.0,2026-09-06T23:07:09.964344+00:00,
SBTM087,18.7,engine_median,DERIVED,1,0.0,2026-09-06T23:07:09.964344+00:00,
SBTM125,18.7,engine_median,DERIVED,1,0.0,2026-09-06T23:07:09.964344+00:00,
SBTM145J,26.89,engine_median,DERIVED,1,0.0,2026-09-06T23:07:09.964344+00:00,
SBTM149,18.7,engine_median,DERIVED,1,0.0,2026-09-06T23:07:09.964344+00:00,
SBTM159J,18.7,engine_median,DERIVED,1,0.0,2026-09-06T23:07:09.964344+00:00,
SBTM163,18.7,engine_median,DERIVED,1,0.0,2026-09-06T23:07:09.964344+00:00,
SBTM181J,18.7,engine_median,DERIVED,1,0.0,2026-09-06T23:07:09.964344+00:00,
SBTM207J,18.7,engine_median,DERIVED,1,0.0,2026-09-06T23:07:09.964344+00:00,
SBTM213,28.06,engine_median,DERIVED,1,0.0,2026-09-06T23:07:09.964344+00:00,
SBTM219,20.46,engine_median,DERIVED,1,0.0,2026-09-06T23:07:09.964344+00:00,
SBTM220,18.7,engine_median,DERIVED,1,0.0,2026-09-06T23:07:09.964344+00:00,
SBTM229,271.24,engine_median,DERIVED,1,0.0,2026-09-06T23:07:09.964344+00:00,
SBTM231J,18.7,engine_median,DERIVED,1,0.0,2026-09-06T23:07:09.964344+00:00,
SBTM263J,33.91,engine_median,DERIVED,1,0.0,2026-09-06T23:07:09.964344+00:00,
SBTM269J,28.06,engine_median,DERIVED,1,0.0,2026-09-06T23:07:09.964344+00:00,
SBTM301,39.16,engine_median,DERIVED,1,0.0,2026-09-06T23:07:09.964344+00:00,
SBTM309,59.05,engine_median,DERIVED,1,0.0,2026-09-06T23:07:09.964344+00:00,
SBTM311,125.1,engine_median,DERIVED,1,0.0,2026-09-06T23:07:09.964344+00:00,
SBTM314,66.64,engine_median,DERIVED,1,0.0,2026-09-06T23:07:09.964344+00:00,
SBTM316,97.04,engine_median,DERIVED,1,0.0,2026-09-06T23:07:09.964344+00:00,
SBTM333J,18.13,engine_median,DERIVED,1,0.0,2026-09-06T23:07:09.964344+00:00,
SBTN010,19.87,engine_median,DERIVED,1,0.0,2026-09-06T23:07:09.964344+00:00,
SBTN995,18.7,engine_median,DERIVED,1,0.0,2026-09-06T23:07:09.964344+00:00,
SBTQ005,16.37,engine_median,DERIVED,1,0.0,2026-09-06T23:07:09.964344+00:00,
SBTQ055,18.7,engine_median,DERIVED,1,0.0,2026-09-06T23:07:09.964344+00:00,
SBTQ071,93.01,engine_median,DERIVED,1,0.0,2026-09-06T23:07:09.964344+00:00,
SBTR017,122.3,engine_median,DERIVED,1,0.0,2026-09-06T23:07:09.964344+00:00,
SBTR043,182.26,engine_median,DERIVED,1,0.0,2026-09-06T23:07:09.964344+00:00,
SBTT009,30.98,engine_median,DERIVED,1,0.0,2026-09-06T23:07:09.964344+00:00,
SBTW980,19.87,engine_median,DERIVED,1,0.0,2026-09-06T23:07:09.964344+00:00,
SBTY001J,18.7,engine_median,DERIVED,1,0.0,2026-09-06T23:07:09.964344+00:00,
SBTZ130,21.05,engine_median,DERIVED,1,0.0,2026-09-06T23:07:09.964344+00:00,
SBVV017,1519.9,engine_median,DERIVED,1,0.0,2026-09-06T23:07:09.964344+00:00,
SBVW005,21.05,engine_median,DERIVED,1,0.0,2026-09-06T23:07:09.964344+00:00,
SBWH020,19.87,engine_median,DERIVED,1,0.0,2026-09-06T23:07:09.964344+00:00,
SBXA007,256.05,engine_median,DERIVED,1,0.0,2026-09-06T23:07:09.964344+00:00,
SBXA009,319.86,engine_median,DERIVED,1,0.0,2026-09-06T23:07:09.964344+00:00,
SBXB063,559.16,engine_median,DERIVED,1,0.0,2026-09-06T23:07:09.964344+00:00,
SBXB071,564.31,engine_median,DERIVED,1,0.0,2026-09-06T23:07:09.964344+00:00,
SBXB126,375.85,engine_median,DERIVED,1,0.0,2026-09-06T23:07:09.964344+00:00,
SBXB137,1101.88,engine_median,DERIVED,1,0.0,2026-09-06T23:07:09.964344+00:00,
SBXB170,1180.59,engine_median,DERIVED,1,0.0,2026-09-06T23:07:09.964344+00:00,
SBXC001,648.29,engine_median,DERIVED,1,0.0,2026-09-06T23:07:09.964344+00:00,
SBXC004J,176.54,engine_median,DERIVED,1,0.0,2026-09-06T23:07:09.964344+00:00,
SBXC006,91.2,engine_median,DERIVED,1,0.0,2026-09-06T23:07:09.964344+00:00,
SBXC007,139.71,engine_median,DERIVED,1,0.0,2026-09-06T23:07:09.964344+00:00,
SBXC013,581.51,engine_median,DERIVED,1,0.0,2026-09-06T23:07:09.964344+00:00,
SBXC015,559.18,engine_median,DERIVED,1,0.0,2026-09-06T23:07:09.964344+00:00,
SBXC023,226.23,engine_median,DERIVED,1,0.0,2026-09-06T23:07:09.964344+00:00,
SBXC029,981.67,engine_median,DERIVED,1,0.0,2026-09-06T23:07:09.964344+00:00,
SBXC029J,126.85,engine_median,DERIVED,1,0.0,2026-09-06T23:07:09.964344+00:00,
SBXC035,1578.35,engine_median,DERIVED,1,0.0,2026-09-06T23:07:09.964344+00:00,
SBXC035J,139.71,engine_median,DERIVED,1,0.0,2026-09-06T23:07:09.964344+00:00,
SBXC037,143.22,engine_median,DERIVED,1,0.0,2026-09-06T23:07:09.964344+00:00,
SBXC041,140.3,engine_median,DERIVED,1,0.0,2026-09-06T23:07:09.964344+00:00,
SBXC043,759.95,engine_median,DERIVED,1,0.0,2026-09-06T23:07:09.964344+00:00,
SBXC045J,71.32,engine_median,DERIVED,1,0.0,2026-09-06T23:07:09.964344+00:00,
SBXC055,542.3,engine_median,DERIVED,1,0.0,2026-09-06T23:07:09.964344+00:00,
SBXC057J,155.5,engine_median,DERIVED,1,0.0,2026-09-06T23:07:09.964344+00:00,
SBXC059J,159.0,engine_median,DERIVED,1,0.0,2026-09-06T23:07:09.964344+00:00,
SBXC063,125.1,engine_median,DERIVED,1,0.0,2026-09-06T23:07:09.964344+00:00,
SBXC073,1227.61,engine_median,DERIVED,1,0.0,2026-09-06T23:07:09.964344+00:00,
SBXC073J,144.98,engine_median,DERIVED,1,0.0,2026-09-06T23:07:09.964344+00:00,
SBXC075,236.16,engine_median,DERIVED,1,0.0,2026-09-06T23:07:09.964344+00:00,
SBXC079,798.07,engine_median,DERIVED,1,0.0,2026-09-06T23:07:09.964344+00:00,
SBXC085,188.82,engine_median,DERIVED,1,0.0,2026-09-06T23:07:09.964344+00:00,
SBXC087,167.77,engine_median,DERIVED,1,0.0,2026-09-06T23:07:09.964344+00:00,
SBXC088,229.74,engine_median,DERIVED,1,0.0,2026-09-06T23:07:09.964344+00:00,
SBXC089,209.86,engine_median,DERIVED,1,0.0,2026-09-06T23:07:09.964344+00:00,
SBXC095,235.0,engine_median,DERIVED,1,0.0,2026-09-06T23:07:09.964344+00:00,
SBXC097J,154.32,engine_median,DERIVED,1,0.0,2026-09-06T23:07:09.964344+00:00,
SBXC101,213.96,engine_median,DERIVED,1,0.0,2026-09-06T23:07:09.964344+00:00,
SBXC107,151.99,engine_median,DERIVED,1,0.0,2026-09-06T23:07:09.964344+00:00,
SBXC117,648.29,engine_median,DERIVED,1,0.0,2026-09-06T23:07:09.964344+00:00,
SBXC121,155.5,engine_median,DERIVED,1,0.0,2026-09-06T23:07:09.964344+00:00,
SBXC125,1040.54,engine_median,DERIVED,1,0.0,2026-09-06T23:07:09.964344+00:00,
SBXC129,141.47,engine_median,DERIVED,1,0.0,2026-09-06T23:07:09.964344+00:00,
SBXC133,252.53,engine_median,DERIVED,1,0.0,2026-09-06T23:07:09.964344+00:00,
SBXC135,223.31,engine_median,DERIVED,1,0.0,2026-09-06T23:07:09.964344+00:00,
SBXC137,252.53,engine_median,DERIVED,1,0.0,2026-09-06T23:07:09.964344+00:00,
SBXC139,252.53,engine_median,DERIVED,1,0.0,2026-09-06T23:07:09.964344+00:00,
SBXC143,2536.2,engine_median,DERIVED,1,0.0,2026-09-06T23:07:09.964344+00:00,
SBXC151,647.12,engine_median,DERIVED,1,0.0,2026-09-06T23:07:09.964344+00:00,
SBXC155,155.5,engine_median,DERIVED,1,0.0,2026-09-06T23:07:09.964344+00:00,
SBXC156,748.84,engine_median,DERIVED,1,0.0,2026-09-06T23:07:09.964344+00:00,
SBXC159,166.02,engine_median,DERIVED,1,0.0,2026-09-06T23:07:09.964344+00:00,
SBXC165,2001.27,engine_median,DERIVED,1,0.0,2026-09-06T23:07:09.964344+00:00,
SBXC167,208.11,engine_median,DERIVED,1,0.0,2026-09-06T23:07:09.964344+00:00,
SBXC171,141.47,engine_median,DERIVED,1,0.0,2026-09-06T23:07:09.964344+00:00,
SBXC173,828.93,engine_median,DERIVED,1,0.0,2026-09-06T23:07:09.964344+00:00,
SBXC175,1666.56,engine_median,DERIVED,1,0.0,2026-09-06T23:07:09.964344+00:00,
SBXC179,851.15,engine_median,DERIVED,1,0.0,2026-09-06T23:07:09.964344+00:00,
SBXC181,1309.51,engine_median,DERIVED,1,0.0,2026-09-06T23:07:09.964344+00:00,
SBXC183,748.84,engine_median,DERIVED,1,0.0,2026-09-06T23:07:09.964344+00:00,
SBXC185,201.09,engine_median,DERIVED,1,0.0,2026-09-06T23:07:09.964344+00:00,
SBXD003,470.58,engine_median,DERIVED,1,0.0,2026-09-06T23:07:09.964344+00:00,
SBXD009,144.98,engine_median,DERIVED,1,0.0,2026-09-06T23:07:09.964344+00:00,
SBXD011,91.78,engine_median,DERIVED,1,0.0,2026-09-06T23:07:09.964344+00:00,
SBXD013,111.07,engine_median,DERIVED,1,0.0,2026-09-06T23:07:09.964344+00:00,
SBXD023,169.53,engine_median,DERIVED,1,0.0,2026-09-06T23:07:09.964344+00:00,
SBXD029,150.23,engine_median,DERIVED,1,0.0,2026-09-06T23:07:09.964344+00:00,
SBXD031,567.04,engine_median,DERIVED,1,0.0,2026-09-06T23:07:09.964344+00:00,
SBXD039,1185.55,engine_median,DERIVED,1,0.0,2026-09-06T23:07:09.964344+00:00,
SBXY003,74.83,engine_median,DERIVED,1,0.0,2026-09-06T23:07:09.964344+00:00,
SBXY019,119.25,engine_median,DERIVED,1,0.0,2026-09-06T23:07:09.964344+00:00,
SBXY020,151.99,engine_median,DERIVED,1,0.0,2026-09-06T23:07:09.964344+00:00,
SBXY025,139.71,engine_median,DERIVED,1,0.0,2026-09-06T23:07:09.964344+00:00,
SBXY029,125.1,engine_median,DERIVED,1,0.0,2026-09-06T23:07:09.964344+00:00,
SBXY031,615.55,engine_median,DERIVED,1,0.0,2026-09-06T23:07:09.964344+00:00,
SBXY033,615.55,engine_median,DERIVED,1,0.0,2026-09-06T23:07:09.964344+00:00,
SBXY034,379.97,engine_median,DERIVED,1,0.0,2026-09-06T23:07:09.964344+00:00,
SBXY035,615.55,engine_median,DERIVED,1,0.0,2026-09-06T23:07:09.964344+00:00,
SBXY037,509.17,engine_median,DERIVED,1,0.0,2026-09-06T23:07:09.964344+00:00,
SBXY039,1033.9,engine_median,DERIVED,1,0.0,2026-09-06T23:07:09.964344+00:00,
SBXY041,509.17,engine_median,DERIVED,1,0.0,2026-09-06T23:07:09.964344+00:00,
SBXY045,144.98,engine_median,DERIVED,1,0.0,2026-09-06T23:07:09.964344+00:00,
SBXY047,87.69,engine_median,DERIVED,1,0.0,2026-09-06T23:07:09.964344+00:00,
SBXY049,886.28,engine_median,DERIVED,1,0.0,2026-09-06T23:07:09.964344+00:00,
SBXY051,886.28,engine_median,DERIVED,1,0.0,2026-09-06T23:07:09.964344+00:00,
SBXY053,886.28,engine_median,DERIVED,1,0.0,2026-09-06T23:07:09.964344+00:00,
SBXY061,738.65,engine_median,DERIVED,1,0.0,2026-09-06T23:07:09.964344+00:00,
SBXY061J,499.22,engine_median,DERIVED,1,0.0,2026-09-06T23:07:09.964344+00:00,
SBXY063,738.65,engine_median,DERIVED,1,0.0,2026-09-06T23:07:09.964344+00:00,
SBXY065,738.65,engine_median,DERIVED,1,0.0,2026-09-06T23:07:09.964344+00:00,
SBXY067,738.65,engine_median,DERIVED,1,0.0,2026-09-06T23:07:09.964344+00:00,
SBXY073,144.98,engine_median,DERIVED,1,0.0,2026-09-06T23:07:09.964344+00:00,
SBXY077,635.36,engine_median,DERIVED,1,0.0,2026-09-06T23:07:09.964344+00:00,
SBXY081,923.05,engine_median,DERIVED,1,0.0,2026-09-06T23:07:09.964344+00:00,
SBXY083,923.05,engine_median,DERIVED,1,0.0,2026-09-06T23:07:09.964344+00:00,
SBXY085,738.65,engine_median,DERIVED,1,0.0,2026-09-06T23:07:09.964344+00:00,
SBXY087,534.89,engine_median,DERIVED,1,0.0,2026-09-06T23:07:09.964344+00:00,
SBXY089,493.38,engine_median,DERIVED,1,0.0,2026-09-06T23:07:09.964344+00:00,
SBXY091,493.38,engine_median,DERIVED,1,0.0,2026-09-06T23:07:09.964344+00:00,
SBXY095,787.68,engine_median,DERIVED,1,0.0,2026-09-06T23:07:09.964344+00:00,
SBXY097,787.68,engine_median,DERIVED,1,0.0,2026-09-06T23:07:09.964344+00:00,
SBXY101,581.51,engine_median,DERIVED,1,0.0,2026-09-06T23:07:09.964344+00:00,
SBYA001,18.7,engine_median,DERIVED,1,0.0,2026-09-06T23:07:09.964344+00:00,
SCBS029,695.56,engine_median,DERIVED,1,0.0,2026-09-06T23:07:09.964344+00:00,
SCDB017,18.7,engine_median,DERIVED,1,0.0,2026-09-06T23:07:09.964344+00:00,
SCDC001,39.16,engine_median,DERIVED,1,0.0,2026-09-06T23:07:09.964344+00:00,
SCDC037J,16.37,engine_median,DERIVED,1,0.0,2026-09-06T23:07:09.964344+00:00,
SCDC039,18.7,engine_median,DERIVED,1,0.0,2026-09-06T23:07:09.964344+00:00,
SCDC045J,21.05,engine_median,DERIVED,1,0.0,2026-09-06T23:07:09.964344+00:00,
SCDC063,39.16,engine_median,DERIVED,1,0.0,2026-09-06T23:07:09.964344+00:00,
SCDC069,18.7,engine_median,DERIVED,1,0.0,2026-09-06T23:07:09.964344+00:00,
SCDC075,15.78,engine_median,DERIVED,1,0.0,2026-09-06T23:07:09.964344+00:00,
SCDC093,20.46,engine_median,DERIVED,1,0.0,2026-09-06T23:07:09.964344+00:00,
SCDP002,80.08,engine_median,DERIVED,1,0.0,2026-09-06T23:07:09.964344+00:00,
SCDP003,38.59,engine_median,DERIVED,1,0.0,2026-09-06T23:07:09.964344+00:00,
SCDP019,16.37,engine_median,DERIVED,1,0.0,2026-09-06T23:07:09.964344+00:00,
SCDP022J,18.7,engine_median,DERIVED,1,0.0,2026-09-06T23:07:09.964344+00:00,
SCDP025J,16.37,engine_median,DERIVED,1,0.0,2026-09-06T23:07:09.964344+00:00,
SCDQ005J,16.37,engine_median,DERIVED,1,0.0,2026-09-06T23:07:09.964344+00:00,
SCDQ023J,21.05,engine_median,DERIVED,1,0.0,2026-09-06T23:07:09.964344+00:00,
SCDS005,21.05,engine_median,DERIVED,1,0.0,2026-09-06T23:07:09.964344+00:00,
SCDW004,15.78,engine_median,DERIVED,1,0.0,2026-09-06T23:07:09.964344+00:00,
SCEB017,22.79,engine_median,DERIVED,1,0.0,2026-09-06T23:07:09.964344+00:00,
SCEB035,20.46,engine_median,DERIVED,1,0.0,2026-09-06T23:07:09.964344+00:00,
SCEC011,18.7,engine_median,DERIVED,1,0.0,2026-09-06T23:07:09.964344+00:00,
SCED001,39.16,engine_median,DERIVED,1,0.0,2026-09-06T23:07:09.964344+00:00,
SCED019,20.46,engine_median,DERIVED,1,0.0,2026-09-06T23:07:09.964344+00:00,
SCED027,28.64,engine_median,DERIVED,1,0.0,2026-09-06T23:07:09.964344+00:00,
SCED035J,39.16,engine_median,DERIVED,1,0.0,2026-09-06T23:07:09.964344+00:00,
SCED037J,33.91,engine_median,DERIVED,1,0.0,2026-09-06T23:07:09.964344+00:00,
SCED041J,39.16,engine_median,DERIVED,1,0.0,2026-09-06T23:07:09.964344+00:00,
SCED053J,102.89,engine_median,DERIVED,1,0.0,2026-09-06T23:07:09.964344+00:00,
SCED055J,20.46,engine_median,DERIVED,1,0.0,2026-09-06T23:07:09.964344+00:00,
SCED057J,88.85,engine_median,DERIVED,1,0.0,2026-09-06T23:07:09.964344+00:00,
SCES001,15.78,engine_median,DERIVED,1,0.0,2026-09-06T23:07:09.964344+00:00,
SCFK001,21.05,engine_median,DERIVED,1,0.0,2026-09-06T23:07:09.964344+00:00,
SCFK013J,19.87,engine_median,DERIVED,1,0.0,2026-09-06T23:07:09.964344+00:00,
SCJC005,19.29,engine_median,DERIVED,1,0.0,2026-09-06T23:07:09.964344+00:00,
SCJC019,16.37,engine_median,DERIVED,1,0.0,2026-09-06T23:07:09.964344+00:00,
SCJC023,39.16,engine_median,DERIVED,1,0.0,2026-09-06T23:07:09.964344+00:00,
SCJD001,21.63,engine_median,DERIVED,1,0.0,2026-09-06T23:07:09.964344+00:00,
SCJE001,18.7,engine_median,DERIVED,1,0.0,2026-09-06T23:07:09.964344+00:00,
SCJF005,19.26,engine_median,DERIVED,1,0.0,2026-09-06T23:07:09.964344+00:00,
SCJG001,19.29,engine_median,DERIVED,1,0.0,2026-09-06T23:07:09.964344+00:00,
SCJK011,102.89,engine_median,DERIVED,1,0.0,2026-09-06T23:07:09.964344+00:00,
SCJK012,115.16,engine_median,DERIVED,1,0.0,2026-09-06T23:07:09.964344+00:00,
SCJL001,20.46,engine_median,DERIVED,1,0.0,2026-09-06T23:07:09.964344+00:00,
SCJT001,39.16,engine_median,DERIVED,1,0.0,2026-09-06T23:07:09.964344+00:00,
SCJV001,16.37,engine_median,DERIVED,1,0.0,2026-09-06T23:07:09.964344+00:00,
SCJV005,253.12,engine_median,DERIVED,1,0.0,2026-09-06T23:07:09.964344+00:00,
SCQC020,19.87,engine_median,DERIVED,1,0.0,2026-09-06T23:07:09.964344+00:00,
SCQV001,19.29,engine_median,DERIVED,1,0.0,2026-09-06T23:07:09.964344+00:00,
SCRB001,19.29,engine_median,DERIVED,1,0.0,2026-09-06T23:07:09.964344+00:00,
SCRB039,21.05,engine_median,DERIVED,1,0.0,2026-09-06T23:07:09.964344+00:00,
SCVE001J,36.24,engine_median,DERIVED,1,0.0,2026-09-06T23:07:09.964344+00:00,
SCVE031,114.58,engine_median,DERIVED,1,0.0,2026-09-06T23:07:09.964344+00:00,
SCVE035,18.7,engine_median,DERIVED,1,0.0,2026-09-06T23:07:09.964344+00:00,
SCVE039,129.77,engine_median,DERIVED,1,0.0,2026-09-06T23:07:09.964344+00:00,
SCVE055,28.64,engine_median,DERIVED,1,0.0,2026-09-06T23:07:09.964344+00:00,
SCVE061,18.13,engine_median,DERIVED,1,0.0,2026-09-06T23:07:09.964344+00:00,
SCVE062,18.7,engine_median,DERIVED,1,0.0,2026-09-06T23:07:09.964344+00:00,
SCVS001J,22.79,engine_median,DERIVED,1,0.0,2026-09-06T23:07:09.964344+00:00,
SCVS003J,97.04,engine_median,DERIVED,1,0.0,2026-09-06T23:07:09.964344+00:00,
SCWA001,21.05,engine_median,DERIVED,1,0.0,2026-09-06T23:07:09.964344+00:00,
SCWB001,21.05,engine_median,DERIVED,1,0.0,2026-09-06T23:07:09.964344+00:00,
SCXP021,18.7,engine_median,DERIVED,1,0.0,2026-09-06T23:07:09.964344+00:00,
SCXP041,21.05,engine_median,DERIVED,1,0.0,2026-09-06T23:07:09.964344+00:00,
SCXP158,75.99,engine_median,DERIVED,1,0.0,2026-09-06T23:07:09.964344+00:00,
SCXP159,52.61,engine_median,DERIVED,1,0.0,2026-09-06T23:07:09.964344+00:00,
SCXP161,35.07,engine_median,DERIVED,1,0.0,2026-09-06T23:07:09.964344+00:00,
SCXP165,35.07,engine_median,DERIVED,1,0.0,2026-09-06T23:07:09.964344+00:00,
SCXP169,20.46,engine_median,DERIVED,1,0.0,2026-09-06T23:07:09.964344+00:00,
SCXP172,22.22,engine_median,DERIVED,1,0.0,2026-09-06T23:07:09.964344+00:00,
SCXP175,35.07,engine_median,DERIVED,1,0.0,2026-09-06T23:07:09.964344+00:00,
SCXP177,35.07,engine_median,DERIVED,1,0.0,2026-09-06T23:07:09.964344+00:00,
SCXP179,35.07,engine_median,DERIVED,1,0.0,2026-09-06T23:07:09.964344+00:00,
SCXP181,40.92,engine_median,DERIVED,1,0.0,2026-09-06T23:07:09.964344+00:00,
SCXP183,20.46,engine_median,DERIVED,1,0.0,2026-09-06T23:07:09.964344+00:00,
SDBV001,19.29,engine_median,DERIVED,1,0.0,2026-09-06T23:07:09.964344+00:00,
SDBV011,39.16,engine_median,DERIVED,1,0.0,2026-09-06T23:07:09.964344+00:00,
SDBV015,20.46,engine_median,DERIVED,1,0.0,2026-09-06T23:07:09.964344+00:00,
SDBV021,20.46,engine_median,DERIVED,1,0.0,2026-09-06T23:07:09.964344+00:00,
SDBV023,20.46,engine_median,DERIVED,1,0.0,2026-09-06T23:07:09.964344+00:00,
SDBY007,20.46,engine_median,DERIVED,1,0.0,2026-09-06T23:07:09.964344+00:00,
SDBY009,39.16,engine_median,DERIVED,1,0.0,2026-09-06T23:07:09.964344+00:00,
SDGA001J,19.26,engine_median,DERIVED,1,0.0,2026-09-06T23:07:09.964344+00:00,
SDGA003J,39.16,engine_median,DERIVED,1,0.0,2026-09-06T23:07:09.964344+00:00,
SDGA007J,65.47,engine_median,DERIVED,1,0.0,2026-09-06T23:07:09.964344+00:00,
SDGC031J,35.07,engine_median,DERIVED,1,0.0,2026-09-06T23:07:09.964344+00:00,
SDKA001,1157.24,engine_median,DERIVED,1,0.0,2026-09-06T23:07:09.964344+00:00,
SDKA003,1804.24,engine_median,DERIVED,1,0.0,2026-09-06T23:07:09.964344+00:00,
SDKA005,47.35,engine_median,DERIVED,1,0.0,2026-09-06T23:07:09.964344+00:00,
SDKA007,1929.1,engine_median,DERIVED,1,0.0,2026-09-06T23:07:09.964344+00:00,
SDKA009,94.7,engine_median,DERIVED,1,0.0,2026-09-06T23:07:09.964344+00:00,
SDKA013,1870.64,engine_median,DERIVED,1,0.0,2026-09-06T23:07:09.964344+00:00,
SDKA017,896.73,engine_median,DERIVED,1,0.0,2026-09-06T23:07:09.964344+00:00,
SDKA023,2250.67,engine_median,DERIVED,1,0.0,2026-09-06T23:07:09.964344+00:00,
SDKS001,841.79,engine_median,DERIVED,1,0.0,2026-09-06T23:07:09.964344+00:00,
SDKS003,1087.79,engine_median,DERIVED,1,0.0,2026-09-06T23:07:09.964344+00:00,
SDKS021,648.29,engine_median,DERIVED,1,0.0,2026-09-06T23:07:09.964344+00:00,
SDKS027,1169.15,engine_median,DERIVED,1,0.0,2026-09-06T23:07:09.964344+00:00,
SDKS031,1277.02,engine_median,DERIVED,1,0.0,2026-09-06T23:07:09.964344+00:00,
SDKV001,4208.94,engine_median,DERIVED,1,0.0,2026-09-06T23:07:09.964344+00:00,
SFJ003,860.25,engine_median,DERIVED,1,0.0,2026-09-06T23:07:09.964344+00:00,
SFJ005,860.25,engine_median,DERIVED,1,0.0,2026-09-06T23:07:09.964344+00:00,
SFJ007,706.8,engine_median,DERIVED,1,0.0,2026-09-06T23:07:09.964344+00:00,
SFJ009,976.5,engine_median,DERIVED,1,0.0,2026-09-06T23:07:09.964344+00:00,
SFK003,232.5,engine_median,DERIVED,1,0.0,2026-09-06T23:07:09.964344+00:00,
SFQE800,32.74,engine_median,DERIVED,1,0.0,2026-09-06T23:07:09.964344+00:00,
SJE077,3069.0,engine_median,DERIVED,1,0.0,2026-09-06T23:07:09.964344+00:00,
SJE085,1350.0,manual_check,EST,2,99.8,2026-08,
SJE087,3069.0,engine_median,DERIVED,1,0.0,2026-09-06T23:07:09.964344+00:00,
SJE089,3069.0,engine_median,DERIVED,1,0.0,2026-09-06T23:07:09.964344+00:00,
SJE091,3069.0,engine_median,DERIVED,1,0.0,2026-09-06T23:07:09.964344+00:00,
SJE097,2604.0,engine_median,DERIVED,1,0.0,2026-09-06T23:07:09.964344+00:00,
SJE099,2185.5,engine_median,DERIVED,1,0.0,2026-09-06T23:07:09.964344+00:00,
SJE101,2604.0,engine_median,DERIVED,1,0.0,2026-09-06T23:07:09.964344+00:00,
SJE103,3069.0,engine_median,DERIVED,1,0.0,2026-09-06T23:07:09.964344+00:00,
SJE105,3069.0,engine_median,DERIVED,1,0.0,2026-09-06T23:07:09.964344+00:00,
SJE107,3069.0,engine_median,DERIVED,1,0.0,2026-09-06T23:07:09.964344+00:00,
SJE109,2883.0,engine_median,DERIVED,1,0.0,2026-09-06T23:07:09.964344+00:00,
SJE111,2883.0,engine_median,DERIVED,1,0.0,2026-09-06T23:07:09.964344+00:00,
SJE113,2883.0,engine_median,DERIVED,1,0.0,2026-09-06T23:07:09.964344+00:00,
SJE115,2883.0,engine_median,DERIVED,1,0.0,2026-09-06T23:07:09.964344+00:00,
SJE117,2139.0,engine_median,DERIVED,1,0.0,2026-09-06T23:07:09.964344+00:00,
SJE119,2604.0,engine_median,DERIVED,1,0.0,2026-09-06T23:07:09.964344+00:00,2800.0
SJE121,2883.0,engine_median,DERIVED,1,0.0,2026-09-06T23:07:09.964344+00:00,
SJWN540,21.05,engine_median,DERIVED,1,0.0,2026-09-06T23:07:09.964344+00:00,
SKS203P,26.89,engine_median,DERIVED,1,0.0,2026-09-06T23:07:09.964344+00:00,
SLA039,3441.0,engine_median,DERIVED,1,0.0,2026-09-06T23:07:09.964344+00:00,
SLA043,4557.0,engine_median,DERIVED,1,0.0,2026-09-06T23:07:09.964344+00:00,
SLA049,2883.0,engine_median,DERIVED,1,0.0,2026-09-06T23:07:09.964344+00:00,
SLA051,2697.0,engine_median,DERIVED,1,0.0,2026-09-06T23:07:09.964344+00:00,
SLA053,2976.0,engine_median,DERIVED,1,0.0,2026-09-06T23:07:09.964344+00:00,
SLA055,4278.0,engine_median,DERIVED,1,0.0,2026-09-06T23:07:09.964344+00:00,
SLA057,3348.0,engine_median,DERIVED,1,0.0,2026-09-06T23:07:09.964344+00:00,
SLA061,3069.0,engine_median,DERIVED,1,0.0,2026-09-06T23:07:09.964344+00:00,
SLA063,2883.0,engine_median,DERIVED,1,0.0,2026-09-06T23:07:09.964344+00:00,
SLA065,2697.0,engine_median,DERIVED,1,0.0,2026-09-06T23:07:09.964344+00:00,
SLA066,2697.0,engine_median,DERIVED,1,0.0,2026-09-06T23:07:09.964344+00:00,
SLA067,2697.0,engine_median,DERIVED,1,0.0,2026-09-06T23:07:09.964344+00:00,
SLA069,2697.0,engine_median,DERIVED,1,0.0,2026-09-06T23:07:09.964344+00:00,
SLA073,1953.0,engine_median,DERIVED,1,0.0,2026-09-06T23:07:09.964344+00:00,
SLA075,2604.0,engine_median,DERIVED,1,0.0,2026-09-06T23:07:09.964344+00:00,
SLA077,2697.0,engine_median,DERIVED,1,0.0,2026-09-06T23:07:09.964344+00:00,
SLA079,2697.0,engine_median,DERIVED,1,0.0,2026-09-06T23:07:09.964344+00:00,
SLA083,3069.0,engine_median,DERIVED,1,0.0,2026-09-06T23:07:09.964344+00:00,
SLA085,2697.0,engine_median,DERIVED,1,0.0,2026-09-06T23:07:09.964344+00:00,
SLA087,3069.0,engine_median,DERIVED,1,0.0,2026-09-06T23:07:09.964344+00:00,
SLA089,3069.0,engine_median,DERIVED,1,0.0,2026-09-06T23:07:09.964344+00:00,
SLA093,2976.0,engine_median,DERIVED,1,0.0,2026-09-06T23:07:09.964344+00:00,
SLA095,2976.0,engine_median,DERIVED,1,0.0,2026-09-06T23:07:09.964344+00:00,
SLGA001,10323.0,engine_median,DERIVED,1,0.0,2026-09-06T23:07:09.964344+00:00,
SLGA001G,70.15,engine_median,DERIVED,1,0.0,2026-09-06T23:07:09.964344+00:00,
SLGA003,70.15,engine_median,DERIVED,1,0.0,2026-09-06T23:07:09.964344+00:00,
SLGA007,7810.0,manual_check,VERIFIED,1,0.0,2026-08-09,
SLGA008,45570.0,engine_median,DERIVED,1,0.0,2026-09-06T23:07:09.964344+00:00,
SLGA009,6646.0,manual_check,VERIFIED,2,11.9,2026-08-09,
SLGA015,6817.0,manual_check,VERIFIED,2,6307.6,2026-08-09,
SLGA019,7455.0,manual_check,VERIFIED,1,0.0,2026-08-09,
SLGA021,7060.0,manual_check,VERIFIED,2,1.2,2026-08-09,
SLGA023,11718.0,engine_median,DERIVED,1,0.0,2026-09-06T23:07:09.964344+00:00,
SLGA025,8097.0,manual_check,VERIFIED,2,26.3,2026-08-09,10500.0
SLGB003,8776.0,manual_check,VERIFIED,2,1.0,2026-08-09,
SLGB005,9504.0,manual_check,VERIFIED,2,8.6,2026-08-09,
SLGB007,10602.0,engine_median,DERIVED,1,0.0,2026-09-06T23:07:09.964344+00:00,
SLGB009,9486.0,engine_median,DERIVED,1,0.0,2026-09-06T23:07:09.964344+00:00,
SLGB011,9486.0,engine_median,DERIVED,1,0.0,2026-09-06T23:07:09.964344+00:00,
SLGB013,9486.0,engine_median,DERIVED,1,0.0,2026-09-06T23:07:09.964344+00:00,
SLGB015,9486.0,engine_median,DERIVED,1,0.0,2026-09-06T23:07:09.964344+00:00,
SLGB023,930.0,engine_median,DERIVED,1,0.0,2026-09-06T23:07:09.964344+00:00,
SLGB025,930.0,engine_median,DERIVED,1,0.0,2026-09-06T23:07:09.964344+00:00,
SLGC001,8794.0,manual_check,VERIFIED,2,7.7,2026-04,13700.0
SLGC004,12159.15,engine_median,DERIVED,1,0.0,2026-09-06T23:07:09.964344+00:00,
SLGC007,10974.0,engine_median,DERIVED,1,0.0,2026-09-06T23:07:09.964344+00:00,
SLGC009,15252.0,engine_median,DERIVED,1,0.0,2026-09-06T23:07:09.964344+00:00,
SLGH003,5776.0,manual_check,VERIFIED,2,21.2,2026-08-09,
SLGH005,6536.0,manual_check,VERIFIED,2,1.6,2026-08-09,
SLGH007,39847.0,manual_check,VERIFIED,2,37.7,2026-08-09,
SLGH009,5996.0,manual_check,VERIFIED,2,62.9,2026-08-09,
SLGH011,6566.0,manual_check,VERIFIED,2,24.7,2026-08-09,
SLGH013,6917.0,manual_check,VERIFIED,2,14.8,2026-08-09,9500.0
SLGH015,68.98,engine_median,DERIVED,1,0.0,2026-09-06T23:07:09.964344+00:00,
SLGH017,7422.0,manual_check,VERIFIED,2,9446.0,2026-08-09,
SLGH017G,6844.8,engine_median,DERIVED,1,0.0,2026-09-06T23:07:09.964344+00:00,
SLGH020,28059.59,engine_median,DERIVED,1,0.0,2026-09-06T23:07:09.964344+00:00,
SLGH021,8583.0,manual_check,VERIFIED,2,12.7,2026-08-09,
SLGH027,8320.0,manual_check,VERIFIED,2,17.4,2026-08-09,
SLGH029,10602.0,engine_median,DERIVED,1,0.0,2026-09-06T23:07:09.964344+00:00,
SLGH031,9486.0,engine_median,DERIVED,1,0.0,2026-09-06T23:07:09.964344+00:00,
SLGH033,9486.0,engine_median,DERIVED,1,0.0,2026-09-06T23:07:09.964344+00:00,
SLGH035,9486.0,engine_median,DERIVED,1,0.0,2026-09-06T23:07:09.964344+00:00,
SLGH037,11784.96,engine_median,DERIVED,1,0.0,2026-09-06T23:07:09.964344+00:00,
SLGW003,8535.0,manual_check,VERIFIED,2,4.3,2026-08-09,
SLGW005,8530.0,manual_check,VERIFIED,1,0.0,2026-08-09,
SLGW007,7950.0,manual_check,VERIFIED,2,17.0,2026-08-09,
SND187P,82.92,engine_median,DERIVED,1,0.0,2026-09-06T23:07:09.964344+00:00,
SND377R,81.77,engine_median,DERIVED,1,0.0,2026-09-06T23:07:09.964344+00:00,
SND379R,83.85,engine_median,DERIVED,1,0.0,2026-09-06T23:07:09.964344+00:00,
SNE599,581.25,engine_median,DERIVED,1,0.0,2026-09-06T23:07:09.964344+00:00,
SNJJ010,18.13,engine_median,DERIVED,1,0.0,2026-09-06T23:07:09.964344+00:00,
SNR025,4557.0,engine_median,DERIVED,1,0.0,2026-09-06T23:07:09.964344+00:00,
SNR029,4501.2,engine_median,DERIVED,1,0.0,2026-09-06T23:07:09.964344+00:00,
SNR033,4296.6,engine_median,DERIVED,1,0.0,2026-09-06T23:07:09.964344+00:00,
SNR035,5115.0,engine_median,DERIVED,1,0.0,2026-09-06T23:07:09.964344+00:00,
SNR051,4557.0,engine_median,DERIVED,1,0.0,2026-09-06T23:07:09.964344+00:00,
SNR053,5580.0,engine_median,DERIVED,1,0.0,2026-09-06T23:07:09.964344+00:00,6300.0
SNR055,5580.0,engine_median,DERIVED,1,0.0,2026-09-06T23:07:09.964344+00:00,6300.0
SNR057,6045.0,engine_median,DERIVED,1,0.0,2026-09-06T23:07:09.964344+00:00,
SNR058,4650.0,engine_median,DERIVED,1,0.0,2026-09-06T23:07:09.964344+00:00,
SPA0012,3098.0,manual_check,VERIFIED,1,0.0,2026-08-09,
SPA0013,3867.0,manual_check,VERIFIED,1,0.0,2026-08-09,
SPA0026,4420.0,manual_check,VERIFIED,1,0.0,2026-08-09,
SPA0027,5778.0,manual_check,VERIFIED,1,0.0,2026-08-09,
SPB097,1069.5,engine_median,DERIVED,1,0.0,2026-09-06T23:07:09.964344+00:00,
SPB103,790.5,engine_median,DERIVED,1,0.0,2026-09-06T23:07:09.964344+00:00,
SPB105,976.5,engine_median,DERIVED,1,0.0,2026-09-06T23:07:09.964344+00:00,
SPB113,1023.0,engine_median,DERIVED,1,0.0,2026-09-06T23:07:09.964344+00:00,
SPB115,1023.0,engine_median,DERIVED,1,0.0,2026-09-06T23:07:09.964344+00:00,
SPB117,548.7,engine_median,DERIVED,1,0.0,2026-09-06T23:07:09.964344+00:00,
SPB121,455.7,engine_median,DERIVED,1,0.0,2026-09-06T23:07:09.964344+00:00,
SPB140,1302.0,engine_median,DERIVED,1,0.0,2026-09-06T23:07:09.964344+00:00,
SPB147,930.0,engine_median,DERIVED,1,0.0,2026-09-06T23:07:09.964344+00:00,
SPB155,674.25,engine_median,DERIVED,1,0.0,2026-09-06T23:07:09.964344+00:00,
SPB167,930.0,engine_median,DERIVED,1,0.0,2026-09-06T23:07:09.964344+00:00,
SPB169,930.0,engine_median,DERIVED,1,0.0,2026-09-06T23:07:09.964344+00:00,
SPB170,930.0,engine_median,DERIVED,1,0.0,2026-09-06T23:07:09.964344+00:00,
SPB177,837.0,engine_median,DERIVED,1,0.0,2026-09-06T23:07:09.964344+00:00,
SPB181,790.5,engine_median,DERIVED,1,0.0,2026-09-06T23:07:09.964344+00:00,
SPB205,1069.5,engine_median,DERIVED,1,0.0,2026-09-06T23:07:09.964344+00:00,
SPB210,720.75,engine_median,DERIVED,1,0.0,2026-09-06T23:07:09.964344+00:00,
SPB217,1302.0,engine_median,DERIVED,1,0.0,2026-09-06T23:07:09.964344+00:00,
SPB219,1302.0,engine_median,DERIVED,1,0.0,2026-09-06T23:07:09.964344+00:00,
SPB221,1302.0,engine_median,DERIVED,1,0.0,2026-09-06T23:07:09.964344+00:00,
SPB225,1302.0,engine_median,DERIVED,1,0.0,2026-09-06T23:07:09.964344+00:00,
SPB233,1209.0,engine_median,DERIVED,1,0.0,2026-09-06T23:07:09.964344+00:00,
SPB236,1441.5,engine_median,DERIVED,1,0.0,2026-09-06T23:07:09.964344+00:00,
SPB240,594.27,engine_median,DERIVED,1,0.0,2026-09-06T23:07:09.964344+00:00,
SPB249,548.7,engine_median,DERIVED,1,0.0,2026-09-06T23:07:09.964344+00:00,
SPB253,1116.0,engine_median,DERIVED,1,0.0,2026-09-06T23:07:09.964344+00:00,
SPB255,1116.0,engine_median,DERIVED,1,0.0,2026-09-06T23:07:09.964344+00:00,
SPB257,1209.0,engine_median,DERIVED,1,0.0,2026-09-06T23:07:09.964344+00:00,
SPB261,1302.0,engine_median,DERIVED,1,0.0,2026-09-06T23:07:09.964344+00:00,
SPB263,1302.0,engine_median,DERIVED,1,0.0,2026-09-06T23:07:09.964344+00:00,
SPB265,1302.0,engine_median,DERIVED,1,0.0,2026-09-06T23:07:09.964344+00:00,
SPB269,1441.5,engine_median,DERIVED,1,0.0,2026-09-06T23:07:09.964344+00:00,
SPB271,1441.5,engine_median,DERIVED,1,0.0,2026-09-06T23:07:09.964344+00:00,
SPB279,1581.0,engine_median,DERIVED,1,0.0,2026-09-06T23:07:09.964344+00:00,
SPB283,1581.0,engine_median,DERIVED,1,0.0,2026-09-06T23:07:09.964344+00:00,
SPB285,1581.0,engine_median,DERIVED,1,0.0,2026-09-06T23:07:09.964344+00:00,
SPB287,1581.0,engine_median,DERIVED,1,0.0,2026-09-06T23:07:09.964344+00:00,
SPB288,1209.0,engine_median,DERIVED,1,0.0,2026-09-06T23:07:09.964344+00:00,
SPB289,813.75,engine_median,DERIVED,1,0.0,2026-09-06T23:07:09.964344+00:00,
SPB293,1581.0,engine_median,DERIVED,1,0.0,2026-09-06T23:07:09.964344+00:00,
SPB297,1162.5,engine_median,DERIVED,1,0.0,2026-09-06T23:07:09.964344+00:00,
SPB299,1162.5,engine_median,DERIVED,1,0.0,2026-09-06T23:07:09.964344+00:00,
SPB301,1255.5,engine_median,DERIVED,1,0.0,2026-09-06T23:07:09.964344+00:00,
SPB315,1023.0,engine_median,DERIVED,1,0.0,2026-09-06T23:07:09.964344+00:00,
SPB317,837.0,engine_median,DERIVED,1,0.0,2026-09-06T23:07:09.964344+00:00,
SPB319,1581.0,engine_median,DERIVED,1,0.0,2026-09-06T23:07:09.964344+00:00,
SPB321,1116.0,engine_median,DERIVED,1,0.0,2026-09-06T23:07:09.964344+00:00,
SPB323,1116.0,engine_median,DERIVED,1,0.0,2026-09-06T23:07:09.964344+00:00,
SPB325,976.5,engine_median,DERIVED,1,0.0,2026-09-06T23:07:09.964344+00:00,
SPB333,1209.0,engine_median,DERIVED,1,0.0,2026-09-06T23:07:09.964344+00:00,
SPB335,883.5,engine_median,DERIVED,1,0.0,2026-09-06T23:07:09.964344+00:00,
SPB349,1395.0,engine_median,DERIVED,1,0.0,2026-09-06T23:07:09.964344+00:00,
SPB351,1395.0,engine_median,DERIVED,1,0.0,2026-09-06T23:07:09.964344+00:00,
SPB353,1395.0,engine_median,DERIVED,1,0.0,2026-09-06T23:07:09.964344+00:00,
SPB357,1395.0,engine_median,DERIVED,1,0.0,2026-09-06T23:07:09.964344+00:00,
SPB365,1674.0,engine_median,DERIVED,1,0.0,2026-09-06T23:07:09.964344+00:00,
SPB369,1674.0,engine_median,DERIVED,1,0.0,2026-09-06T23:07:09.964344+00:00,
SPB371,1674.0,engine_median,DERIVED,1,0.0,2026-09-06T23:07:09.964344+00:00,
SPB373,1674.0,engine_median,DERIVED,1,0.0,2026-09-06T23:07:09.964344+00:00,
SPB375,1116.0,engine_median,DERIVED,1,0.0,2026-09-06T23:07:09.964344+00:00,
SPB377,1069.5,engine_median,DERIVED,1,0.0,2026-09-06T23:07:09.964344+00:00,
SPB379,1069.5,engine_median,DERIVED,1,0.0,2026-09-06T23:07:09.964344+00:00,
SPB381,1395.0,engine_median,DERIVED,1,0.0,2026-09-06T23:07:09.964344+00:00,
SPB383,1116.0,engine_median,DERIVED,1,0.0,2026-09-06T23:07:09.964344+00:00,
SPB385,1581.0,engine_median,DERIVED,1,0.0,2026-09-06T23:07:09.964344+00:00,
SPB389,1860.0,engine_median,DERIVED,1,0.0,2026-09-06T23:07:09.964344+00:00,
SPB391,1860.0,engine_median,DERIVED,1,0.0,2026-09-06T23:07:09.964344+00:00,
SPB395,1720.5,engine_median,DERIVED,1,0.0,2026-09-06T23:07:09.964344+00:00,
SPB405,1488.0,engine_median,DERIVED,1,0.0,2026-09-06T23:07:09.964344+00:00,
SPB413,976.5,engine_median,DERIVED,1,0.0,2026-09-06T23:07:09.964344+00:00,
SPB417,1116.0,engine_median,DERIVED,1,0.0,2026-09-06T23:07:09.964344+00:00,
SPB419,1162.5,engine_median,DERIVED,1,0.0,2026-09-06T23:07:09.964344+00:00,
SPB421,1162.5,engine_median,DERIVED,1,0.0,2026-09-06T23:07:09.964344+00:00,
SPB423,1162.5,engine_median,DERIVED,1,0.0,2026-09-06T23:07:09.964344+00:00,
SPB433,1162.5,engine_median,DERIVED,1,0.0,2026-09-06T23:07:09.964344+00:00,
SPB437,1488.0,engine_median,DERIVED,1,0.0,2026-09-06T23:07:09.964344+00:00,
SPB439,1488.0,engine_median,DERIVED,1,0.0,2026-09-06T23:07:09.964344+00:00,
SPB445,1767.0,engine_median,DERIVED,1,0.0,2026-09-06T23:07:09.964344+00:00,
SPB447,1627.5,engine_median,DERIVED,1,0.0,2026-09-06T23:07:09.964344+00:00,
SPB451,1209.0,engine_median,DERIVED,1,0.0,2026-09-06T23:07:09.964344+00:00,
SPB453,1036.95,engine_median,DERIVED,1,0.0,2026-09-06T23:07:09.964344+00:00,
SPB457,1767.0,engine_median,DERIVED,1,0.0,2026-09-06T23:07:09.964344+00:00,
SPB459,1767.0,engine_median,DERIVED,1,0.0,2026-09-06T23:07:09.964344+00:00,
SPB463,883.5,engine_median,DERIVED,1,0.0,2026-09-06T23:07:09.964344+00:00,
SPB465,883.5,engine_median,DERIVED,1,0.0,2026-09-06T23:07:09.964344+00:00,
SPB467,837.0,engine_median,DERIVED,1,0.0,2026-09-06T23:07:09.964344+00:00,
SPB469,1046.25,engine_median,DERIVED,1,0.0,2026-09-06T23:07:09.964344+00:00,
SPB471,1046.25,engine_median,DERIVED,1,0.0,2026-09-06T23:07:09.964344+00:00,
SPB475,1488.0,engine_median,DERIVED,1,0.0,2026-09-06T23:07:09.964344+00:00,
SPB477,1488.0,engine_median,DERIVED,1,0.0,2026-09-06T23:07:09.964344+00:00,
SPB478,930.0,engine_median,DERIVED,1,0.0,2026-09-06T23:07:09.964344+00:00,
SPB480,1092.75,engine_median,DERIVED,1,0.0,2026-09-06T23:07:09.964344+00:00,
SPB481,1023.0,engine_median,DERIVED,1,0.0,2026-09-06T23:07:09.964344+00:00,
SPB483,1023.0,engine_median,DERIVED,1,0.0,2026-09-06T23:07:09.964344+00:00,
SPB485,1023.0,engine_median,DERIVED,1,0.0,2026-09-06T23:07:09.964344+00:00,
SPB495,1302.0,engine_median,DERIVED,1,0.0,2026-09-06T23:07:09.964344+00:00,
SPB497,1720.5,engine_median,DERIVED,1,0.0,2026-09-06T23:07:09.964344+00:00,
SPB499,1534.5,engine_median,DERIVED,1,0.0,2026-09-06T23:07:09.964344+00:00,
SPB501,1395.0,engine_median,DERIVED,1,0.0,2026-09-06T23:07:09.964344+00:00,
SPB503,925.35,engine_median,DERIVED,1,0.0,2026-09-06T23:07:09.964344+00:00,
SPB505,925.35,engine_median,DERIVED,1,0.0,2026-09-06T23:07:09.964344+00:00,
SPB507,837.0,engine_median,DERIVED,1,0.0,2026-09-06T23:07:09.964344+00:00,
SPB513,925.35,engine_median,DERIVED,1,0.0,2026-09-06T23:07:09.964344+00:00,
SPB515,925.35,engine_median,DERIVED,1,0.0,2026-09-06T23:07:09.964344+00:00,
SPB519,1441.5,engine_median,DERIVED,1,0.0,2026-09-06T23:07:09.964344+00:00,
SPB521,706.8,engine_median,DERIVED,1,0.0,2026-09-06T23:07:09.964344+00:00,
SPB523,739.35,engine_median,DERIVED,1,0.0,2026-09-06T23:07:09.964344+00:00,
SPB524,930.0,engine_median,DERIVED,1,0.0,2026-09-06T23:07:09.964344+00:00,
SPB525,883.5,engine_median,DERIVED,1,0.0,2026-09-06T23:07:09.964344+00:00,
SPB527,1046.25,engine_median,DERIVED,1,0.0,2026-09-06T23:07:09.964344+00:00,
SPB529,976.5,engine_median,DERIVED,1,0.0,2026-09-06T23:07:09.964344+00:00,
SPB545,1302.0,engine_median,DERIVED,1,0.0,2026-09-06T23:07:09.964344+00:00,
SPFW038,21.01,engine_median,DERIVED,1,0.0,2026-09-06T23:07:09.964344+00:00,
SPN0006,4310.0,manual_check,VERIFIED,1,0.0,2026-08-09,
SPN0007,4807.0,manual_check,VERIFIED,1,0.0,2026-08-09,
SPN0012,3941.0,manual_check,VERIFIED,1,0.0,2026-08-09,
SPN0013,5106.0,manual_check,VERIFIED,1,0.0,2026-08-09,
SPN0015,5909.0,manual_check,VERIFIED,1,0.0,2026-08-09,
SPN0016,5860.0,manual_check,VERIFIED,1,0.0,2026-08-09,
SPN0019,3985.0,manual_check,VERIFIED,1,0.0,2026-08-09,
SPQM010,21.05,engine_median,DERIVED,1,0.0,2026-09-06T23:07:09.964344+00:00,
SPSF020,21.05,engine_median,DERIVED,1,0.0,2026-09-06T23:07:09.964344+00:00,
SQBR014J,18.7,engine_median,DERIVED,1,0.0,2026-09-06T23:07:09.964344+00:00,
SQBR017,21.05,engine_median,DERIVED,1,0.0,2026-09-06T23:07:09.964344+00:00,
SQBR019J,33.91,engine_median,DERIVED,1,0.0,2026-09-06T23:07:09.964344+00:00,
SQWK024J,19.29,engine_median,DERIVED,1,0.0,2026-09-06T23:07:09.964344+00:00,
SQWK029J,33.91,engine_median,DERIVED,1,0.0,2026-09-06T23:07:09.964344+00:00,
SRBV005,20.46,engine_median,DERIVED,1,0.0,2026-09-06T23:07:09.964344+00:00,
SRCZ001J,19.29,engine_median,DERIVED,1,0.0,2026-09-06T23:07:09.964344+00:00,
SRE007,534.75,engine_median,DERIVED,1,0.0,2026-09-06T23:07:09.964344+00:00,
SRE009,553.35,engine_median,DERIVED,1,0.0,2026-09-06T23:07:09.964344+00:00,
SRE010,581.25,engine_median,DERIVED,1,0.0,2026-09-06T23:07:09.964344+00:00,
SRE017,534.75,engine_median,DERIVED,1,0.0,2026-09-06T23:07:09.964344+00:00,
SRE018,581.25,engine_median,DERIVED,1,0.0,2026-09-06T23:07:09.964344+00:00,
SRE020,581.25,engine_median,DERIVED,1,0.0,2026-09-06T23:07:09.964344+00:00,
SRE021,288.3,engine_median,DERIVED,1,0.0,2026-09-06T23:07:09.964344+00:00,
SRE023,288.3,engine_median,DERIVED,1,0.0,2026-09-06T23:07:09.964344+00:00,
SRE024,325.5,engine_median,DERIVED,1,0.0,2026-09-06T23:07:09.964344+00:00,
SRJA011,39.16,engine_median,DERIVED,1,0.0,2026-09-06T23:07:09.964344+00:00,
SRJA012,20.46,engine_median,DERIVED,1,0.0,2026-09-06T23:07:09.964344+00:00,
SRJB012,102.89,engine_median,DERIVED,1,0.0,2026-09-06T23:07:09.964344+00:00,
SRJB013,20.46,engine_median,DERIVED,1,0.0,2026-09-06T23:07:09.964344+00:00,
SRN0030,2515.0,manual_check,VERIFIED,1,0.0,2026-08-09,
SRN0033,2790.0,manual_check,VERIFIED,1,0.0,2026-08-09,
SRN0034,2560.0,manual_check,VERIFIED,1,0.0,2026-08-09,
SRP839,441.75,engine_median,DERIVED,1,0.0,2026-09-06T23:07:09.964344+00:00,
SRP841,441.75,engine_median,DERIVED,1,0.0,2026-09-06T23:07:09.964344+00:00,
SRQ035,2976.0,engine_median,DERIVED,1,0.0,2026-09-06T23:07:09.964344+00:00,
SRQ039,2790.0,engine_median,DERIVED,1,0.0,2026-09-06T23:07:09.964344+00:00,
SRQ041,2976.0,engine_median,DERIVED,1,0.0,2026-09-06T23:07:09.964344+00:00,
SRQ043,2976.0,engine_median,DERIVED,1,0.0,2026-09-06T23:07:09.964344+00:00,
SRQ045,2790.0,engine_median,DERIVED,1,0.0,2026-09-06T23:07:09.964344+00:00,
SRQ047,2325.0,engine_median,DERIVED,1,0.0,2026-09-06T23:07:09.964344+00:00,
SRQ049,2511.0,engine_median,DERIVED,1,0.0,2026-09-06T23:07:09.964344+00:00,
SRQ051,2325.0,engine_median,DERIVED,1,0.0,2026-09-06T23:07:09.964344+00:00,
SRQ053,2325.0,engine_median,DERIVED,1,0.0,2026-09-06T23:07:09.964344+00:00,
SRQ055,2325.0,engine_median,DERIVED,1,0.0,2026-09-06T23:07:09.964344+00:00,
SRQ057,2976.0,engine_median,DERIVED,1,0.0,2026-09-06T23:07:09.964344+00:00,
SRQ059,2325.0,engine_median,DERIVED,1,0.0,2026-09-06T23:07:09.964344+00:00,
SRRA001,102.89,engine_median,DERIVED,1,0.0,2026-09-06T23:07:09.964344+00:00,
SRRA002,113.4,engine_median,DERIVED,1,0.0,2026-09-06T23:07:09.964344+00:00,
SRRA012,28.06,engine_median,DERIVED,1,0.0,2026-09-06T23:07:09.964344+00:00,
SRRW002,120.43,engine_median,DERIVED,1,0.0,2026-09-06T23:07:09.964344+00:00,
SRRW006,86.52,engine_median,DERIVED,1,0.0,2026-09-06T23:07:09.964344+00:00,
SRRW008,85.35,engine_median,DERIVED,1,0.0,2026-09-06T23:07:09.964344+00:00,
SRRX002,114.58,engine_median,DERIVED,1,0.0,2026-09-06T23:07:09.964344+00:00,
SRRX004J,95.87,engine_median,DERIVED,1,0.0,2026-09-06T23:07:09.964344+00:00,
SRRY001,88.85,engine_median,DERIVED,1,0.0,2026-09-06T23:07:09.964344+00:00,
SRRY004,28.64,engine_median,DERIVED,1,0.0,2026-09-06T23:07:09.964344+00:00,
SRRY009,30.4,engine_median,DERIVED,1,0.0,2026-09-06T23:07:09.964344+00:00,
SRRY012,42.68,engine_median,DERIVED,1,0.0,2026-09-06T23:07:09.964344+00:00,
SRRY013,44.43,engine_median,DERIVED,1,0.0,2026-09-06T23:07:09.964344+00:00,
SRRY014,53.2,engine_median,DERIVED,1,0.0,2026-09-06T23:07:09.964344+00:00,
SRRY016,56.7,engine_median,DERIVED,1,0.0,2026-09-06T23:07:09.964344+00:00,
SRRY018,51.44,engine_median,DERIVED,1,0.0,2026-09-06T23:07:09.964344+00:00,
SRRY022,39.16,engine_median,DERIVED,1,0.0,2026-09-06T23:07:09.964344+00:00,
SRRY024,260.13,engine_median,DERIVED,1,0.0,2026-09-06T23:07:09.964344+00:00,
SRRY025,24.55,engine_median,DERIVED,1,0.0,2026-09-06T23:07:09.964344+00:00,
SRRY028,125.1,engine_median,DERIVED,1,0.0,2026-09-06T23:07:09.964344+00:00,
SRRY045,19.29,engine_median,DERIVED,1,0.0,2026-09-06T23:07:09.964344+00:00,
SRRY048,185.9,engine_median,DERIVED,1,0.0,2026-09-06T23:07:09.964344+00:00,
SRRY049,333.56,engine_median,DERIVED,1,0.0,2026-09-06T23:07:09.964344+00:00,
SRRY052,86.52,engine_median,DERIVED,1,0.0,2026-09-06T23:07:09.964344+00:00,
SRZ536,534.75,engine_median,DERIVED,1,0.0,2026-09-06T23:07:09.964344+00:00,
SRZ540,534.75,engine_median,DERIVED,1,0.0,2026-09-06T23:07:09.964344+00:00,
SRZ552,553.35,engine_median,DERIVED,1,0.0,2026-09-06T23:07:09.964344+00:00,
SSA0009,6376.0,manual_check,VERIFIED,1,0.0,2026-08-09,
SSA0017,7291.0,manual_check,VERIFIED,1,0.0,2026-08-09,
SSA0018,7194.0,manual_check,VERIFIED,1,0.0,2026-08-09,
SSA0022,4246.0,manual_check,VERIFIED,1,0.0,2026-08-09,
SSA0023,4022.0,manual_check,VERIFIED,1,0.0,2026-08-09,
SSA0029,6796.0,manual_check,VERIFIED,1,0.0,2026-08-09,
SSA0030,6771.0,manual_check,VERIFIED,1,0.0,2026-08-09,
SSA0032,5694.0,manual_check,VERIFIED,1,0.0,2026-08-09,
SSA0037,7124.0,manual_check,VERIFIED,1,0.0,2026-08-09,
SSA0039,7568.0,manual_check,VERIFIED,1,0.0,2026-08-09,
SSA0046,7173.0,manual_check,VERIFIED,1,0.0,2026-08-09,
SSA0047,6834.0,manual_check,VERIFIED,1,0.0,2026-08-09,
SSA0048,7146.0,manual_check,VERIFIED,1,0.0,2026-08-09,
SSA0061,7166.0,manual_check,VERIFIED,1,0.0,2026-08-09,
SSA0062,7529.0,manual_check,VERIFIED,1,0.0,2026-08-09,
SSA0063,7203.0,manual_check,VERIFIED,1,0.0,2026-08-09,
SSA0065,7241.0,manual_check,VERIFIED,1,0.0,2026-08-09,
SSA0071,7568.0,manual_check,VERIFIED,1,0.0,2026-08-09,
SSA0076,8592.0,manual_check,VERIFIED,1,0.0,2026-08-09,
SSA0082,5872.0,manual_check,VERIFIED,1,0.0,2026-08-09,
SSA0085,4495.0,manual_check,VERIFIED,1,0.0,2026-08-09,
SSA0086,4382.0,manual_check,VERIFIED,1,0.0,2026-08-09,
SSA0089,10330.0,manual_check,VERIFIED,1,0.0,2026-08-09,
SSA0096,7952.0,manual_check,VERIFIED,1,0.0,2026-08-09,
SSA425,442.68,engine_median,DERIVED,1,0.0,2026-09-06T23:07:09.964344+00:00,
SSA459,553.35,engine_median,DERIVED,1,0.0,2026-09-06T23:07:09.964344+00:00,
SSA461,464.07,engine_median,DERIVED,1,0.0,2026-09-06T23:07:09.964344+00:00,
SSA463,553.35,engine_median,DERIVED,1,0.0,2026-09-06T23:07:09.964344+00:00,
SSA464,604.5,engine_median,DERIVED,1,0.0,2026-09-06T23:07:09.964344+00:00,
SSB425,246.45,engine_median,DERIVED,1,0.0,2026-09-06T23:07:09.964344+00:00,
SSB477,418.5,engine_median,DERIVED,1,0.0,2026-09-06T23:07:09.964344+00:00,
SSB479,418.5,engine_median,DERIVED,1,0.0,2026-09-06T23:07:09.964344+00:00,
SSB481,418.5,engine_median,DERIVED,1,0.0,2026-09-06T23:07:09.964344+00:00,
SSBJ018J,18.7,engine_median,DERIVED,1,0.0,2026-09-06T23:07:09.964344+00:00,
SSC143,418.5,engine_median,DERIVED,1,0.0,2026-09-06T23:07:09.964344+00:00,
SSC813,464.07,engine_median,DERIVED,1,0.0,2026-09-06T23:07:09.964344+00:00,
SSC815,674.25,engine_median,DERIVED,1,0.0,2026-09-06T23:07:09.964344+00:00,
SSC911,697.5,engine_median,DERIVED,1,0.0,2026-09-06T23:07:09.964344+00:00,
SSC913,697.5,engine_median,DERIVED,1,0.0,2026-09-06T23:07:09.964344+00:00,
SSC917,757.95,engine_median,DERIVED,1,0.0,2026-09-06T23:07:09.964344+00:00,
SSC929,697.5,engine_median,DERIVED,1,0.0,2026-09-06T23:07:09.964344+00:00,
SSC931,558.0,engine_median,DERIVED,1,0.0,2026-09-06T23:07:09.964344+00:00,
SSC933,674.25,engine_median,DERIVED,1,0.0,2026-09-06T23:07:09.964344+00:00,
SSC939,398.97,engine_median,DERIVED,1,0.0,2026-09-06T23:07:09.964344+00:00,
SSC941,730.05,engine_median,DERIVED,1,0.0,2026-09-06T23:07:09.964344+00:00,
SSC945,823.05,engine_median,DERIVED,1,0.0,2026-09-06T23:07:09.964344+00:00,
SSC947,558.0,engine_median,DERIVED,1,0.0,2026-09-06T23:07:09.964344+00:00,
SSC957,930.0,engine_median,DERIVED,1,0.0,2026-09-06T23:07:09.964344+00:00,
SSC961,674.25,engine_median,DERIVED,1,0.0,2026-09-06T23:07:09.964344+00:00,
SSC963,674.25,engine_median,DERIVED,1,0.0,2026-09-06T23:07:09.964344+00:00,
SSC965,674.25,engine_median,DERIVED,1,0.0,2026-09-06T23:07:09.964344+00:00,
SSDA002J,16.37,engine_median,DERIVED,1,0.0,2026-09-06T23:07:09.964344+00:00,
SSDA005J,16.37,engine_median,DERIVED,1,0.0,2026-09-06T23:07:09.964344+00:00,
SSDA046,20.46,engine_median,DERIVED,1,0.0,2026-09-06T23:07:09.964344+00:00,
SSDA075,19.29,engine_median,DERIVED,1,0.0,2026-09-06T23:07:09.964344+00:00,
SSDE006,25.72,engine_median,DERIVED,1,0.0,2026-09-06T23:07:09.964344+00:00,
SSDE008,44.43,engine_median,DERIVED,1,0.0,2026-09-06T23:07:09.964344+00:00,
SSDE010,18.7,engine_median,DERIVED,1,0.0,2026-09-06T23:07:09.964344+00:00,
SSDE012,21.63,engine_median,DERIVED,1,0.0,2026-09-06T23:07:09.964344+00:00,
SSDF003,12.86,engine_median,DERIVED,1,0.0,2026-09-06T23:07:09.964344+00:00,
SSDM021,18.7,engine_median,DERIVED,1,0.0,2026-09-06T23:07:09.964344+00:00,
SSDM022,21.05,engine_median,DERIVED,1,0.0,2026-09-06T23:07:09.964344+00:00,
SSDN002,59.05,engine_median,DERIVED,1,0.0,2026-09-06T23:07:09.964344+00:00,
SSDN003,38.59,engine_median,DERIVED,1,0.0,2026-09-06T23:07:09.964344+00:00,
SSDN013,21.05,engine_median,DERIVED,1,0.0,2026-09-06T23:07:09.964344+00:00,
SSDT001,18.7,engine_median,DERIVED,1,0.0,2026-09-06T23:07:09.964344+00:00,
SSDT019,18.7,engine_median,DERIVED,1,0.0,2026-09-06T23:07:09.964344+00:00,
SSDT043,20.46,engine_median,DERIVED,1,0.0,2026-09-06T23:07:09.964344+00:00,
SSDT047,18.7,engine_median,DERIVED,1,0.0,2026-09-06T23:07:09.964344+00:00,
SSDT063,20.46,engine_median,DERIVED,1,0.0,2026-09-06T23:07:09.964344+00:00,
SSDT064,18.7,engine_median,DERIVED,1,0.0,2026-09-06T23:07:09.964344+00:00,
SSDV001,15.78,engine_median,DERIVED,1,0.0,2026-09-06T23:07:09.964344+00:00,
SSDX004,15.78,engine_median,DERIVED,1,0.0,2026-09-06T23:07:09.964344+00:00,
SSDX028J,39.16,engine_median,DERIVED,1,0.0,2026-09-06T23:07:09.964344+00:00,
SSDX029,39.16,engine_median,DERIVED,1,0.0,2026-09-06T23:07:09.964344+00:00,
SSDY005,25.72,engine_median,DERIVED,1,0.0,2026-09-06T23:07:09.964344+00:00,
SSDY017,18.7,engine_median,DERIVED,1,0.0,2026-09-06T23:07:09.964344+00:00,
SSDY023J,25.72,engine_median,DERIVED,1,0.0,2026-09-06T23:07:09.964344+00:00,
SSDY031,20.46,engine_median,DERIVED,1,0.0,2026-09-06T23:07:09.964344+00:00,
SSDY035,20.46,engine_median,DERIVED,1,0.0,2026-09-06T23:07:09.964344+00:00,
SSDY047,18.13,engine_median,DERIVED,1,0.0,2026-09-06T23:07:09.964344+00:00,
SSEA001,12.86,engine_median,DERIVED,1,0.0,2026-09-06T23:07:09.964344+00:00,
SSEA008,60.79,engine_median,DERIVED,1,0.0,2026-09-06T23:07:09.964344+00:00,
SSEA012,47.35,engine_median,DERIVED,1,0.0,2026-09-06T23:07:09.964344+00:00,
SSEA016,49.1,engine_median,DERIVED,1,0.0,2026-09-06T23:07:09.964344+00:00,
SSEF004,21.05,engine_median,DERIVED,1,0.0,2026-09-06T23:07:09.964344+00:00,
SSEH001,20.46,engine_median,DERIVED,1,0.0,2026-09-06T23:07:09.964344+00:00,
SSEH002,19.29,engine_median,DERIVED,1,0.0,2026-09-06T23:07:09.964344+00:00,
SSEH006,21.63,engine_median,DERIVED,1,0.0,2026-09-06T23:07:09.964344+00:00,
SSEH007,33.91,engine_median,DERIVED,1,0.0,2026-09-06T23:07:09.964344+00:00,
SSEH008,33.91,engine_median,DERIVED,1,0.0,2026-09-06T23:07:09.964344+00:00,
SSEH009,33.91,engine_median,DERIVED,1,0.0,2026-09-06T23:07:09.964344+00:00,
SSEH010,61.97,engine_median,DERIVED,1,0.0,2026-09-06T23:07:09.964344+00:00,
SSEH015,29.23,engine_median,DERIVED,1,0.0,2026-09-06T23:07:09.964344+00:00,
SSEH016,32.74,engine_median,DERIVED,1,0.0,2026-09-06T23:07:09.964344+00:00,
SSEH019,231.57,engine_median,DERIVED,1,0.0,2026-09-06T23:07:09.964344+00:00,
SSEH021J,19.29,engine_median,DERIVED,1,0.0,2026-09-06T23:07:09.964344+00:00,
SSFX001,18.7,engine_median,DERIVED,1,0.0,2026-09-06T23:07:09.964344+00:00,
SSGE001,18.7,engine_median,DERIVED,1,0.0,2026-09-06T23:07:09.964344+00:00,
SSH024,1860.0,engine_median,DERIVED,1,0.0,2026-09-06T23:07:09.964344+00:00,
SSH127,2232.0,engine_median,DERIVED,1,0.0,2026-09-06T23:07:09.964344+00:00,
SSH137,2697.0,engine_median,DERIVED,1,0.0,2026-09-06T23:07:09.964344+00:00,
SSH139,2604.0,engine_median,DERIVED,1,0.0,2026-09-06T23:07:09.964344+00:00,
SSH151,2511.0,engine_median,DERIVED,1,0.0,2026-09-06T23:07:09.964344+00:00,
SSH153,2511.0,engine_median,DERIVED,1,0.0,2026-09-06T23:07:09.964344+00:00,
SSH155,2697.0,engine_median,DERIVED,1,0.0,2026-09-06T23:07:09.964344+00:00,
SSH159,1813.5,engine_median,DERIVED,1,0.0,2026-09-06T23:07:09.964344+00:00,
SSH161,2325.0,engine_median,DERIVED,1,0.0,2026-09-06T23:07:09.964344+00:00,
SSH163,1813.5,engine_median,DERIVED,1,0.0,2026-09-06T23:07:09.964344+00:00,
SSH165,2046.0,engine_median,DERIVED,1,0.0,2026-09-06T23:07:09.964344+00:00,
SSH167,2046.0,engine_median,DERIVED,1,0.0,2026-09-06T23:07:09.964344+00:00,
SSH177,2883.0,engine_median,DERIVED,1,0.0,2026-09-06T23:07:09.964344+00:00,
SSH179,3069.0,engine_median,DERIVED,1,0.0,2026-09-06T23:07:09.964344+00:00,
SSH180,3069.0,engine_median,DERIVED,1,0.0,2026-09-06T23:07:09.964344+00:00,
SSH183,2697.0,engine_median,DERIVED,1,0.0,2026-09-06T23:07:09.964344+00:00,
SSH185,2883.0,engine_median,DERIVED,1,0.0,2026-09-06T23:07:09.964344+00:00,
SSH186,3069.0,engine_median,DERIVED,1,0.0,2026-09-06T23:07:09.964344+00:00,
SSH187,2697.0,engine_median,DERIVED,1,0.0,2026-09-06T23:07:09.964344+00:00,
SSJ013,1860.0,engine_median,DERIVED,1,0.0,2026-09-06T23:07:09.964344+00:00,
SSJ014,1953.0,engine_median,DERIVED,1,0.0,2026-09-06T23:07:09.964344+00:00,
SSJ015,2046.0,engine_median,DERIVED,1,0.0,2026-09-06T23:07:09.964344+00:00,
SSJ017,1105.77,engine_median,DERIVED,1,0.0,2026-09-06T23:07:09.964344+00:00,
SSJ023,1813.5,engine_median,DERIVED,1,0.0,2026-09-06T23:07:09.964344+00:00,
SSJ025,2232.0,engine_median,DERIVED,1,0.0,2026-09-06T23:07:09.964344+00:00,
SSJ026,2232.0,engine_median,DERIVED,1,0.0,2026-09-06T23:07:09.964344+00:00,
SSJ029,2418.0,engine_median,DERIVED,1,0.0,2026-09-06T23:07:09.964344+00:00,
SSJ037,2232.0,engine_median,DERIVED,1,0.0,2026-09-06T23:07:09.964344+00:00,
SSJ039,2232.0,engine_median,DERIVED,1,0.0,2026-09-06T23:07:09.964344+00:00,
SSK001,460.35,engine_median,DERIVED,1,0.0,2026-09-06T23:07:09.964344+00:00,
SSK003,460.35,engine_median,DERIVED,1,0.0,2026-09-06T23:07:09.964344+00:00,
SSK005,362.7,engine_median,DERIVED,1,0.0,2026-09-06T23:07:09.964344+00:00,
SSK009,483.6,engine_median,DERIVED,1,0.0,2026-09-06T23:07:09.964344+00:00,
SSK013,604.5,engine_median,DERIVED,1,0.0,2026-09-06T23:07:09.964344+00:00,
SSK017,460.35,engine_median,DERIVED,1,0.0,2026-09-06T23:07:09.964344+00:00,
SSK019,372.0,engine_median,DERIVED,1,0.0,2026-09-06T23:07:09.964344+00:00,
SSK021,362.7,engine_median,DERIVED,1,0.0,2026-09-06T23:07:09.964344+00:00,
SSK023,325.5,engine_median,DERIVED,1,0.0,2026-09-06T23:07:09.964344+00:00,
SSK025,316.2,engine_median,DERIVED,1,0.0,2026-09-06T23:07:09.964344+00:00,
SSK033,460.35,engine_median,DERIVED,1,0.0,2026-09-06T23:07:09.964344+00:00,
SSK035,460.35,engine_median,DERIVED,1,0.0,2026-09-06T23:07:09.964344+00:00,
SSK036,344.1,engine_median,DERIVED,1,0.0,2026-09-06T23:07:09.964344+00:00,
SSK037,581.25,engine_median,DERIVED,1,0.0,2026-09-06T23:07:09.964344+00:00,
SSK039,581.25,engine_median,DERIVED,1,0.0,2026-09-06T23:07:09.964344+00:00,
SSK041,581.25,engine_median,DERIVED,1,0.0,2026-09-06T23:07:09.964344+00:00,
SSK049,581.25,engine_median,DERIVED,1,0.0,2026-09-06T23:07:09.964344+00:00,
SSLV005,18.7,engine_median,DERIVED,1,0.0,2026-09-06T23:07:09.964344+00:00,
SSQR001,70.15,engine_median,DERIVED,1,0.0,2026-09-06T23:07:09.964344+00:00,
SSQR004J,151.99,engine_median,DERIVED,1,0.0,2026-09-06T23:07:09.964344+00:00,
SSQR005J,81.25,engine_median,DERIVED,1,0.0,2026-09-06T23:07:09.964344+00:00,
SSQR007J,279.43,engine_median,DERIVED,1,0.0,2026-09-06T23:07:09.964344+00:00,
SSQV004J,19.29,engine_median,DERIVED,1,0.0,2026-09-06T23:07:09.964344+00:00,
SSQV010J,111.07,engine_median,DERIVED,1,0.0,2026-09-06T23:07:09.964344+00:00,
SSQV013,60.79,engine_median,DERIVED,1,0.0,2026-09-06T23:07:09.964344+00:00,
SSQV014J,91.78,engine_median,DERIVED,1,0.0,2026-09-06T23:07:09.964344+00:00,
SSQV016,81.25,engine_median,DERIVED,1,0.0,2026-09-06T23:07:09.964344+00:00,
SSQV018,79.51,engine_median,DERIVED,1,0.0,2026-09-06T23:07:09.964344+00:00,
SSQV019,357.18,engine_median,DERIVED,1,0.0,2026-09-06T23:07:09.964344+00:00,
SSQV020J,25.72,engine_median,DERIVED,1,0.0,2026-09-06T23:07:09.964344+00:00,
SSQV022J,15.2,engine_median,DERIVED,1,0.0,2026-09-06T23:07:09.964344+00:00,
SSQV024,81.25,engine_median,DERIVED,1,0.0,2026-09-06T23:07:09.964344+00:00,
SSQV027J,25.72,engine_median,DERIVED,1,0.0,2026-09-06T23:07:09.964344+00:00,
SSQV032J,91.78,engine_median,DERIVED,1,0.0,2026-09-06T23:07:09.964344+00:00,
SSQV038,97.62,engine_median,DERIVED,1,0.0,2026-09-06T23:07:09.964344+00:00,
SSQV040J,20.46,engine_median,DERIVED,1,0.0,2026-09-06T23:07:09.964344+00:00,
SSQV043J,91.78,engine_median,DERIVED,1,0.0,2026-09-06T23:07:09.964344+00:00,
SSQV047J,95.29,engine_median,DERIVED,1,0.0,2026-09-06T23:07:09.964344+00:00,
SSQV048J,111.07,engine_median,DERIVED,1,0.0,2026-09-06T23:07:09.964344+00:00,
SSQV058J,88.27,engine_median,DERIVED,1,0.0,2026-09-06T23:07:09.964344+00:00,
SSQV060,104.06,engine_median,DERIVED,1,0.0,2026-09-06T23:07:09.964344+00:00,
SSQV068,56.7,engine_median,DERIVED,1,0.0,2026-09-06T23:07:09.964344+00:00,
SSQV076,95.29,engine_median,DERIVED,1,0.0,2026-09-06T23:07:09.964344+00:00,
SSQV077J,95.29,engine_median,DERIVED,1,0.0,2026-09-06T23:07:09.964344+00:00,
SSQV081J,91.78,engine_median,DERIVED,1,0.0,2026-09-06T23:07:09.964344+00:00,
SSQV084J,111.07,engine_median,DERIVED,1,0.0,2026-09-06T23:07:09.964344+00:00,
SSQV086J,18.7,engine_median,DERIVED,1,0.0,2026-09-06T23:07:09.964344+00:00,
SSQV099,105.81,engine_median,DERIVED,1,0.0,2026-09-06T23:07:09.964344+00:00,
SSQV108,119.84,engine_median,DERIVED,1,0.0,2026-09-06T23:07:09.964344+00:00,
SSQV110J,394.59,engine_median,DERIVED,1,0.0,2026-09-06T23:07:09.964344+00:00,
SSQW001,42.68,engine_median,DERIVED,1,0.0,2026-09-06T23:07:09.964344+00:00,
SSQW004,44.43,engine_median,DERIVED,1,0.0,2026-09-06T23:07:09.964344+00:00,
SSQW007,132.12,engine_median,DERIVED,1,0.0,2026-09-06T23:07:09.964344+00:00,
SSQW010,107.56,engine_median,DERIVED,1,0.0,2026-09-06T23:07:09.964344+00:00,
SSQW015,77.75,engine_median,DERIVED,1,0.0,2026-09-06T23:07:09.964344+00:00,
SSQW019J,97.62,engine_median,DERIVED,1,0.0,2026-09-06T23:07:09.964344+00:00,
SSQW025J,284.11,engine_median,DERIVED,1,0.0,2026-09-06T23:07:09.964344+00:00,
SSQW031J,67.23,engine_median,DERIVED,1,0.0,2026-09-06T23:07:09.964344+00:00,
SSQW034J,85.35,engine_median,DERIVED,1,0.0,2026-09-06T23:07:09.964344+00:00,
SSQW035J,79.51,engine_median,DERIVED,1,0.0,2026-09-06T23:07:09.964344+00:00,
SSQW037J,95.29,engine_median,DERIVED,1,0.0,2026-09-06T23:07:09.964344+00:00,
SSQW038,540.26,engine_median,DERIVED,1,0.0,2026-09-06T23:07:09.964344+00:00,
SSQW038J,39.16,engine_median,DERIVED,1,0.0,2026-09-06T23:07:09.964344+00:00,
SSQW042,279.43,engine_median,DERIVED,1,0.0,2026-09-06T23:07:09.964344+00:00,
SSQW044,91.78,engine_median,DERIVED,1,0.0,2026-09-06T23:07:09.964344+00:00,
SSQW046,83.8,engine_median,DERIVED,1,0.0,2026-09-06T23:07:09.964344+00:00,
SSQW049,111.07,engine_median,DERIVED,1,0.0,2026-09-06T23:07:09.964344+00:00,
SSQW052,95.29,engine_median,DERIVED,1,0.0,2026-09-06T23:07:09.964344+00:00,
SSQW054J,54.95,engine_median,DERIVED,1,0.0,2026-09-06T23:07:09.964344+00:00,
SSQW055,70.15,engine_median,DERIVED,1,0.0,2026-09-06T23:07:09.964344+00:00,
SSQW057J,70.15,engine_median,DERIVED,1,0.0,2026-09-06T23:07:09.964344+00:00,
SSQW063J,212.78,engine_median,DERIVED,1,0.0,2026-09-06T23:07:09.964344+00:00,
SSQW064,114.58,engine_median,DERIVED,1,0.0,2026-09-06T23:07:09.964344+00:00,
SSQW066J,92.36,engine_median,DERIVED,1,0.0,2026-09-06T23:07:09.964344+00:00,
SSQW068,215.13,engine_median,DERIVED,1,0.0,2026-09-06T23:07:09.964344+00:00,
SSQW074J,119.84,engine_median,DERIVED,1,0.0,2026-09-06T23:07:09.964344+00:00,
SSQW081J,113.1,engine_median,DERIVED,1,0.0,2026-09-06T23:07:09.964344+00:00,
SSQW082J,128.61,engine_median,DERIVED,1,0.0,2026-09-06T23:07:09.964344+00:00,
SSQW086,440.78,engine_median,DERIVED,1,0.0,2026-09-06T23:07:09.964344+00:00,
SSQW086J,107.56,engine_median,DERIVED,1,0.0,2026-09-06T23:07:09.964344+00:00,
SSQW089,102.3,engine_median,DERIVED,1,0.0,2026-09-06T23:07:09.964344+00:00,
SSQW090,104.06,engine_median,DERIVED,1,0.0,2026-09-06T23:07:09.964344+00:00,
SSQW091,65.47,engine_median,DERIVED,1,0.0,2026-09-06T23:07:09.964344+00:00,
SSQW092,72.48,engine_median,DERIVED,1,0.0,2026-09-06T23:07:09.964344+00:00,
SSQW096,424.41,engine_median,DERIVED,1,0.0,2026-09-06T23:07:09.964344+00:00,
SSTP015,19.29,engine_median,DERIVED,1,0.0,2026-09-06T23:07:09.964344+00:00,
SSVB007,16.37,engine_median,DERIVED,1,0.0,2026-09-06T23:07:09.964344+00:00,
SSVB027,15.78,engine_median,DERIVED,1,0.0,2026-09-06T23:07:09.964344+00:00,
SSVB099J,15.2,engine_median,DERIVED,1,0.0,2026-09-06T23:07:09.964344+00:00,
SSVD001J,18.7,engine_median,DERIVED,1,0.0,2026-09-06T23:07:09.964344+00:00,
SSVD015J,21.05,engine_median,DERIVED,1,0.0,2026-09-06T23:07:09.964344+00:00,
SSVD019J,32.74,engine_median,DERIVED,1,0.0,2026-09-06T23:07:09.964344+00:00,
SSVE019,39.16,engine_median,DERIVED,1,0.0,2026-09-06T23:07:09.964344+00:00,
SSVE027,43.25,engine_median,DERIVED,1,0.0,2026-09-06T23:07:09.964344+00:00,
SSVE034,47.35,engine_median,DERIVED,1,0.0,2026-09-06T23:07:09.964344+00:00,
SSVE039,23.38,engine_median,DERIVED,1,0.0,2026-09-06T23:07:09.964344+00:00,
SSVE045,49.1,engine_median,DERIVED,1,0.0,2026-09-06T23:07:09.964344+00:00,
SSVE046,29.82,engine_median,DERIVED,1,0.0,2026-09-06T23:07:09.964344+00:00,
SSVE047J,15.78,engine_median,DERIVED,1,0.0,2026-09-06T23:07:09.964344+00:00,
SSVE052J,39.16,engine_median,DERIVED,1,0.0,2026-09-06T23:07:09.964344+00:00,
SSVE054J,114.58,engine_median,DERIVED,1,0.0,2026-09-06T23:07:09.964344+00:00,
SSVE055,230.91,engine_median,DERIVED,1,0.0,2026-09-06T23:07:09.964344+00:00,
SSVE058,42.68,engine_median,DERIVED,1,0.0,2026-09-06T23:07:09.964344+00:00,
SSVE065J,39.16,engine_median,DERIVED,1,0.0,2026-09-06T23:07:09.964344+00:00,
SSVE066J,75.99,engine_median,DERIVED,1,0.0,2026-09-06T23:07:09.964344+00:00,
SSVE068J,78.33,engine_median,DERIVED,1,0.0,2026-09-06T23:07:09.964344+00:00,
SSVE070J,140.3,engine_median,DERIVED,1,0.0,2026-09-06T23:07:09.964344+00:00,
SSVE071,140.3,engine_median,DERIVED,1,0.0,2026-09-06T23:07:09.964344+00:00,
SSVE073J,140.3,engine_median,DERIVED,1,0.0,2026-09-06T23:07:09.964344+00:00,
SSVE078J,120.43,engine_median,DERIVED,1,0.0,2026-09-06T23:07:09.964344+00:00,
SSVE900J,42.09,engine_median,DERIVED,1,0.0,2026-09-06T23:07:09.964344+00:00,
SSVH001J,59.62,engine_median,DERIVED,1,0.0,2026-09-06T23:07:09.964344+00:00,
SSVH010J,40.92,engine_median,DERIVED,1,0.0,2026-09-06T23:07:09.964344+00:00,
SSVH017J,67.23,engine_median,DERIVED,1,0.0,2026-09-06T23:07:09.964344+00:00,
SSVH025,61.97,engine_median,DERIVED,1,0.0,2026-09-06T23:07:09.964344+00:00,
SSVH028,291.12,engine_median,DERIVED,1,0.0,2026-09-06T23:07:09.964344+00:00,
SSVH032,88.27,engine_median,DERIVED,1,0.0,2026-09-06T23:07:09.964344+00:00,
SSVH037J,77.75,engine_median,DERIVED,1,0.0,2026-09-06T23:07:09.964344+00:00,
SSVJ001,52.61,engine_median,DERIVED,1,0.0,2026-09-06T23:07:09.964344+00:00,
SSVJ008J,120.43,engine_median,DERIVED,1,0.0,2026-09-06T23:07:09.964344+00:00,
SSVK061J,19.29,engine_median,DERIVED,1,0.0,2026-09-06T23:07:09.964344+00:00,
SSVK083J,18.7,engine_median,DERIVED,1,0.0,2026-09-06T23:07:09.964344+00:00,
SSVK099J,16.37,engine_median,DERIVED,1,0.0,2026-09-06T23:07:09.964344+00:00,
SSVK127J,18.13,engine_median,DERIVED,1,0.0,2026-09-06T23:07:09.964344+00:00,
SSVM001J,18.13,engine_median,DERIVED,1,0.0,2026-09-06T23:07:09.964344+00:00,
SSVM009J,53.2,engine_median,DERIVED,1,0.0,2026-09-06T23:07:09.964344+00:00,
SSVM010J,193.5,engine_median,DERIVED,1,0.0,2026-09-06T23:07:09.964344+00:00,
SSVM016,67.23,engine_median,DERIVED,1,0.0,2026-09-06T23:07:09.964344+00:00,
SSVM034J,93.53,engine_median,DERIVED,1,0.0,2026-09-06T23:07:09.964344+00:00,
SSVM037,119.25,engine_median,DERIVED,1,0.0,2026-09-06T23:07:09.964344+00:00,
SSVM039,75.99,engine_median,DERIVED,1,0.0,2026-09-06T23:07:09.964344+00:00,
SSVM054,46.77,engine_median,DERIVED,1,0.0,2026-09-06T23:07:09.964344+00:00,
SSVN003J,102.89,engine_median,DERIVED,1,0.0,2026-09-06T23:07:09.964344+00:00,
SSVN005J,127.44,engine_median,DERIVED,1,0.0,2026-09-06T23:07:09.964344+00:00,
SSVN011,15.78,engine_median,DERIVED,1,0.0,2026-09-06T23:07:09.964344+00:00,
SSVN017J,28.06,engine_median,DERIVED,1,0.0,2026-09-06T23:07:09.964344+00:00,
SSVN018,59.05,engine_median,DERIVED,1,0.0,2026-09-06T23:07:09.964344+00:00,
SSVN020J,79.51,engine_median,DERIVED,1,0.0,2026-09-06T23:07:09.964344+00:00,
SSVN021,32.74,engine_median,DERIVED,1,0.0,2026-09-06T23:07:09.964344+00:00,
SSVN026J,25.72,engine_median,DERIVED,1,0.0,2026-09-06T23:07:09.964344+00:00,
SSVN028J,71.32,engine_median,DERIVED,1,0.0,2026-09-06T23:07:09.964344+00:00,
SSVN030J,40.33,engine_median,DERIVED,1,0.0,2026-09-06T23:07:09.964344+00:00,
SSVN032,46.77,engine_median,DERIVED,1,0.0,2026-09-06T23:07:09.964344+00:00,
SSVN033,30.4,engine_median,DERIVED,1,0.0,2026-09-06T23:07:09.964344+00:00,
SSVN034,22.79,engine_median,DERIVED,1,0.0,2026-09-06T23:07:09.964344+00:00,
SSVN036J,44.43,engine_median,DERIVED,1,0.0,2026-09-06T23:07:09.964344+00:00,
SSVN038J,47.35,engine_median,DERIVED,1,0.0,2026-09-06T23:07:09.964344+00:00,
SSVR025J,32.74,engine_median,DERIVED,1,0.0,2026-09-06T23:07:09.964344+00:00,
SSVR037J,42.09,engine_median,DERIVED,1,0.0,2026-09-06T23:07:09.964344+00:00,
SSVR045J,30.98,engine_median,DERIVED,1,0.0,2026-09-06T23:07:09.964344+00:00,
SSVR058J,24.55,engine_median,DERIVED,1,0.0,2026-09-06T23:07:09.964344+00:00,
SSVR067J,115.16,engine_median,DERIVED,1,0.0,2026-09-06T23:07:09.964344+00:00,
SSVR070J,127.44,engine_median,DERIVED,1,0.0,2026-09-06T23:07:09.964344+00:00,
SSVR071J,102.89,engine_median,DERIVED,1,0.0,2026-09-06T23:07:09.964344+00:00,
SSVR083J,102.89,engine_median,DERIVED,1,0.0,2026-09-06T23:07:09.964344+00:00,
SSVR084J,115.16,engine_median,DERIVED,1,0.0,2026-09-06T23:07:09.964344+00:00,
SSVR094J,47.35,engine_median,DERIVED,1,0.0,2026-09-06T23:07:09.964344+00:00,
SSVR118J,25.72,engine_median,DERIVED,1,0.0,2026-09-06T23:07:09.964344+00:00,
SSVR120J,42.09,engine_median,DERIVED,1,0.0,2026-09-06T23:07:09.964344+00:00,
SSVR121J,20.46,engine_median,DERIVED,1,0.0,2026-09-06T23:07:09.964344+00:00,
SSVR122J,115.16,engine_median,DERIVED,1,0.0,2026-09-06T23:07:09.964344+00:00,
SSVR124J,104.06,engine_median,DERIVED,1,0.0,2026-09-06T23:07:09.964344+00:00,
SSVR125J,178.3,engine_median,DERIVED,1,0.0,2026-09-06T23:07:09.964344+00:00,
SSVR129J,29.82,engine_median,DERIVED,1,0.0,2026-09-06T23:07:09.964344+00:00,
SSVR132J,279.43,engine_median,DERIVED,1,0.0,2026-09-06T23:07:09.964344+00:00,
SSVR133J,32.74,engine_median,DERIVED,1,0.0,2026-09-06T23:07:09.964344+00:00,
SSVR134J,247.86,engine_median,DERIVED,1,0.0,2026-09-06T23:07:09.964344+00:00,
SSVR136J,30.4,engine_median,DERIVED,1,0.0,2026-09-06T23:07:09.964344+00:00,
SSVR138,36.83,engine_median,DERIVED,1,0.0,2026-09-06T23:07:09.964344+00:00,
SSVR139J,19.29,engine_median,DERIVED,1,0.0,2026-09-06T23:07:09.964344+00:00,
SSVR140,49.69,engine_median,DERIVED,1,0.0,2026-09-06T23:07:09.964344+00:00,
SSVR141J,52.61,engine_median,DERIVED,1,0.0,2026-09-06T23:07:09.964344+00:00,
SSVS001J,115.16,engine_median,DERIVED,1,0.0,2026-09-06T23:07:09.964344+00:00,
SSVS019J,28.06,engine_median,DERIVED,1,0.0,2026-09-06T23:07:09.964344+00:00,
SSVS024J,35.07,engine_median,DERIVED,1,0.0,2026-09-06T23:07:09.964344+00:00,
SSVS026J,35.07,engine_median,DERIVED,1,0.0,2026-09-06T23:07:09.964344+00:00,
SSVS029J,51.44,engine_median,DERIVED,1,0.0,2026-09-06T23:07:09.964344+00:00,
SSVS030J,67.23,engine_median,DERIVED,1,0.0,2026-09-06T23:07:09.964344+00:00,
SSVS034J,71.32,engine_median,DERIVED,1,0.0,2026-09-06T23:07:09.964344+00:00,
SSVS039,22.79,engine_median,DERIVED,1,0.0,2026-09-06T23:07:09.964344+00:00,
SSVS040,22.79,engine_median,DERIVED,1,0.0,2026-09-06T23:07:09.964344+00:00,
SSVV001,46.77,engine_median,DERIVED,1,0.0,2026-09-06T23:07:09.964344+00:00,
SSVV014J,19.29,engine_median,DERIVED,1,0.0,2026-09-06T23:07:09.964344+00:00,
SSVV015,32.74,engine_median,DERIVED,1,0.0,2026-09-06T23:07:09.964344+00:00,
SSVV016,34.49,engine_median,DERIVED,1,0.0,2026-09-06T23:07:09.964344+00:00,
SSVV020J,216.29,engine_median,DERIVED,1,0.0,2026-09-06T23:07:09.964344+00:00,
SSVV026J,51.44,engine_median,DERIVED,1,0.0,2026-09-06T23:07:09.964344+00:00,
SSVV032,44.43,engine_median,DERIVED,1,0.0,2026-09-06T23:07:09.964344+00:00,
SSVV035J,42.09,engine_median,DERIVED,1,0.0,2026-09-06T23:07:09.964344+00:00,
SSVV036J,249.61,engine_median,DERIVED,1,0.0,2026-09-06T23:07:09.964344+00:00,
SSVV040,35.07,engine_median,DERIVED,1,0.0,2026-09-06T23:07:09.964344+00:00,
SSVV043,37.41,engine_median,DERIVED,1,0.0,2026-09-06T23:07:09.964344+00:00,
SSVV044,40.33,engine_median,DERIVED,1,0.0,2026-09-06T23:07:09.964344+00:00,
SSVV046,191.15,engine_median,DERIVED,1,0.0,2026-09-06T23:07:09.964344+00:00,
SSVV053,40.92,engine_median,DERIVED,1,0.0,2026-09-06T23:07:09.964344+00:00,
SSVV054,44.43,engine_median,DERIVED,1,0.0,2026-09-06T23:07:09.964344+00:00,
SSVV058,45.6,engine_median,DERIVED,1,0.0,2026-09-06T23:07:09.964344+00:00,
SSVV069,45.6,engine_median,DERIVED,1,0.0,2026-09-06T23:07:09.964344+00:00,
SSVV087J,35.07,engine_median,DERIVED,1,0.0,2026-09-06T23:07:09.964344+00:00,
SSVV089J,174.21,engine_median,DERIVED,1,0.0,2026-09-06T23:07:09.964344+00:00,
SSVW011J,29.82,engine_median,DERIVED,1,0.0,2026-09-06T23:07:09.964344+00:00,
SSVW012J,68.98,engine_median,DERIVED,1,0.0,2026-09-06T23:07:09.964344+00:00,
SSVW015J,140.3,engine_median,DERIVED,1,0.0,2026-09-06T23:07:09.964344+00:00,
SSVW017,36.83,engine_median,DERIVED,1,0.0,2026-09-06T23:07:09.964344+00:00,
SSVW020,204.01,engine_median,DERIVED,1,0.0,2026-09-06T23:07:09.964344+00:00,
SSVW027,254.29,engine_median,DERIVED,1,0.0,2026-09-06T23:07:09.964344+00:00,
SSVW029J,28.06,engine_median,DERIVED,1,0.0,2026-09-06T23:07:09.964344+00:00,
SSVW030J,49.69,engine_median,DERIVED,1,0.0,2026-09-06T23:07:09.964344+00:00,
SSVW036J,36.83,engine_median,DERIVED,1,0.0,2026-09-06T23:07:09.964344+00:00,
SSVW037J,21.63,engine_median,DERIVED,1,0.0,2026-09-06T23:07:09.964344+00:00,
SSVW042J,44.43,engine_median,DERIVED,1,0.0,2026-09-06T23:07:09.964344+00:00,
SSVW051,121.59,engine_median,DERIVED,1,0.0,2026-09-06T23:07:09.964344+00:00,
SSVW053,46.77,engine_median,DERIVED,1,0.0,2026-09-06T23:07:09.964344+00:00,
SSVW054,263.65,engine_median,DERIVED,1,0.0,2026-09-06T23:07:09.964344+00:00,
SSVW056,77.75,engine_median,DERIVED,1,0.0,2026-09-06T23:07:09.964344+00:00,
SSVW057J,121.59,engine_median,DERIVED,1,0.0,2026-09-06T23:07:09.964344+00:00,
SSVW058J,54.95,engine_median,DERIVED,1,0.0,2026-09-06T23:07:09.964344+00:00,
SSVW063,32.74,engine_median,DERIVED,1,0.0,2026-09-06T23:07:09.964344+00:00,
SSVW069,59.05,engine_median,DERIVED,1,0.0,2026-09-06T23:07:09.964344+00:00,
SSVW080J,32.74,engine_median,DERIVED,1,0.0,2026-09-06T23:07:09.964344+00:00,
SSVW081J,59.62,engine_median,DERIVED,1,0.0,2026-09-06T23:07:09.964344+00:00,
SSVW082J,53.2,engine_median,DERIVED,1,0.0,2026-09-06T23:07:09.964344+00:00,
SSVW091J,35.07,engine_median,DERIVED,1,0.0,2026-09-06T23:07:09.964344+00:00,
SSVW098J,51.44,engine_median,DERIVED,1,0.0,2026-09-06T23:07:09.964344+00:00,
SSVW102,269.49,engine_median,DERIVED,1,0.0,2026-09-06T23:07:09.964344+00:00,
SSVW111J,51.44,engine_median,DERIVED,1,0.0,2026-09-06T23:07:09.964344+00:00,
SSVW115J,43.25,engine_median,DERIVED,1,0.0,2026-09-06T23:07:09.964344+00:00,
SSVW117J,30.98,engine_median,DERIVED,1,0.0,2026-09-06T23:07:09.964344+00:00,
SSVW118J,34.49,engine_median,DERIVED,1,0.0,2026-09-06T23:07:09.964344+00:00,
SSVW120,36.83,engine_median,DERIVED,1,0.0,2026-09-06T23:07:09.964344+00:00,
SSVW123J,272.42,engine_median,DERIVED,1,0.0,2026-09-06T23:07:09.964344+00:00,
SSVW126J,262.47,engine_median,DERIVED,1,0.0,2026-09-06T23:07:09.964344+00:00,
SSVW128J,216.29,engine_median,DERIVED,1,0.0,2026-09-06T23:07:09.964344+00:00,
SSVW130J,36.83,engine_median,DERIVED,1,0.0,2026-09-06T23:07:09.964344+00:00,
SSVW146J,272.42,engine_median,DERIVED,1,0.0,2026-09-06T23:07:09.964344+00:00,
SSVW148J,36.83,engine_median,DERIVED,1,0.0,2026-09-06T23:07:09.964344+00:00,
SSVW150,36.83,engine_median,DERIVED,1,0.0,2026-09-06T23:07:09.964344+00:00,
SSVW153,34.49,engine_median,DERIVED,1,0.0,2026-09-06T23:07:09.964344+00:00,
SSVW154J,19.29,engine_median,DERIVED,1,0.0,2026-09-06T23:07:09.964344+00:00,
SSVW156J,236.75,engine_median,DERIVED,1,0.0,2026-09-06T23:07:09.964344+00:00,
SSVW157,40.33,engine_median,DERIVED,1,0.0,2026-09-06T23:07:09.964344+00:00,
SSVW164,35.07,engine_median,DERIVED,1,0.0,2026-09-06T23:07:09.964344+00:00,
SSVW165J,32.74,engine_median,DERIVED,1,0.0,2026-09-06T23:07:09.964344+00:00,
SSVW175J,90.02,engine_median,DERIVED,1,0.0,2026-09-06T23:07:09.964344+00:00,
SSVW177J,63.71,engine_median,DERIVED,1,0.0,2026-09-06T23:07:09.964344+00:00,
SSVW178J,81.25,engine_median,DERIVED,1,0.0,2026-09-06T23:07:09.964344+00:00,
SSVW179J,39.16,engine_median,DERIVED,1,0.0,2026-09-06T23:07:09.964344+00:00,
SSVW180J,279.43,engine_median,DERIVED,1,0.0,2026-09-06T23:07:09.964344+00:00,
SSVW187,40.33,engine_median,DERIVED,1,0.0,2026-09-06T23:07:09.964344+00:00,
SSVW190,44.43,engine_median,DERIVED,1,0.0,2026-09-06T23:07:09.964344+00:00,
SSVW191,40.92,engine_median,DERIVED,1,0.0,2026-09-06T23:07:09.964344+00:00,
SSVW193J,44.43,engine_median,DERIVED,1,0.0,2026-09-06T23:07:09.964344+00:00,
SSVW194,49.69,engine_median,DERIVED,1,0.0,2026-09-06T23:07:09.964344+00:00,
SSVW204J,262.47,engine_median,DERIVED,1,0.0,2026-09-06T23:07:09.964344+00:00,
SSVW205,44.43,engine_median,DERIVED,1,0.0,2026-09-06T23:07:09.964344+00:00,
SSVW206J,51.44,engine_median,DERIVED,1,0.0,2026-09-06T23:07:09.964344+00:00,
SSVW207J,215.13,engine_median,DERIVED,1,0.0,2026-09-06T23:07:09.964344+00:00,
SSVW209J,49.1,engine_median,DERIVED,1,0.0,2026-09-06T23:07:09.964344+00:00,
SSVW213J,42.09,engine_median,DERIVED,1,0.0,2026-09-06T23:07:09.964344+00:00,
SSVW217J,49.69,engine_median,DERIVED,1,0.0,2026-09-06T23:07:09.964344+00:00,
SSVW219J,249.61,engine_median,DERIVED,1,0.0,2026-09-06T23:07:09.964344+00:00,
SSVW221J,191.15,engine_median,DERIVED,1,0.0,2026-09-06T23:07:09.964344+00:00,
SSVW227J,44.43,engine_median,DERIVED,1,0.0,2026-09-06T23:07:09.964344+00:00,
SSVW229J,47.35,engine_median,DERIVED,1,0.0,2026-09-06T23:07:09.964344+00:00,
SSVW230J,267.15,engine_median,DERIVED,1,0.0,2026-09-06T23:07:09.964344+00:00,
SSVW233,159.0,engine_median,DERIVED,1,0.0,2026-09-06T23:07:09.964344+00:00,
SSVW234,45.6,engine_median,DERIVED,1,0.0,2026-09-06T23:07:09.964344+00:00,
SSVW236J,35.07,engine_median,DERIVED,1,0.0,2026-09-06T23:07:09.964344+00:00,
SSVW237J,65.47,engine_median,DERIVED,1,0.0,2026-09-06T23:07:09.964344+00:00,
SSVX019J,15.78,engine_median,DERIVED,1,0.0,2026-09-06T23:07:09.964344+00:00,
SSVX069J,16.37,engine_median,DERIVED,1,0.0,2026-09-06T23:07:09.964344+00:00,
SSVX092J,114.58,engine_median,DERIVED,1,0.0,2026-09-06T23:07:09.964344+00:00,
SSVY110J,37.41,engine_median,DERIVED,1,0.0,2026-09-06T23:07:09.964344+00:00,
SSVY133,166.02,engine_median,DERIVED,1,0.0,2026-09-06T23:07:09.964344+00:00,
SSWA001J,95.29,engine_median,DERIVED,1,0.0,2026-09-06T23:07:09.964344+00:00,
SSWA004J,77.16,engine_median,DERIVED,1,0.0,2026-09-06T23:07:09.964344+00:00,
SSWA011J,53.78,engine_median,DERIVED,1,0.0,2026-09-06T23:07:09.964344+00:00,
SSWA012J,147.9,engine_median,DERIVED,1,0.0,2026-09-06T23:07:09.964344+00:00,
SSWA014J,37.41,engine_median,DERIVED,1,0.0,2026-09-06T23:07:09.964344+00:00,
SSWA016J,37.41,engine_median,DERIVED,1,0.0,2026-09-06T23:07:09.964344+00:00,
SSWA017J,32.74,engine_median,DERIVED,1,0.0,2026-09-06T23:07:09.964344+00:00,
SSWA018,147.9,engine_median,DERIVED,1,0.0,2026-09-06T23:07:09.964344+00:00,
SSWG001,18.7,engine_median,DERIVED,1,0.0,2026-09-06T23:07:09.964344+00:00,
SSWG002,15.78,engine_median,DERIVED,1,0.0,2026-09-06T23:07:09.964344+00:00,
SSXV021,19.87,engine_median,DERIVED,1,0.0,2026-09-06T23:07:09.964344+00:00,
STA0040,4135.0,manual_check,VERIFIED,1,0.0,2026-08-09,
STA0041,3078.0,manual_check,VERIFIED,1,0.0,2026-08-09,
STA0042,2746.0,manual_check,VERIFIED,1,0.0,2026-08-09,
STA0043,3229.0,manual_check,VERIFIED,1,0.0,2026-08-09,
STA0051,3483.0,manual_check,VERIFIED,1,0.0,2026-08-09,
STA0052,3619.0,manual_check,VERIFIED,1,0.0,2026-08-09,
STA0053,4257.0,manual_check,VERIFIED,1,0.0,2026-08-09,
STA0065,3242.0,manual_check,VERIFIED,1,0.0,2026-08-09,
STA0067,4581.0,manual_check,VERIFIED,1,0.0,2026-08-09,
STA0071,3160.0,manual_check,VERIFIED,1,0.0,2026-08-09,
STA0072,3469.0,manual_check,VERIFIED,1,0.0,2026-08-09,
STA0074,3937.0,manual_check,VERIFIED,1,0.0,2026-08-09,
STA0106,3817.0,manual_check,VERIFIED,1,0.0,2026-08-09,
STA0107,3516.0,manual_check,VERIFIED,1,0.0,2026-08-09,
STA0109,3268.0,manual_check,VERIFIED,1,0.0,2026-08-09,
STA0129,3515.0,manual_check,VERIFIED,1,0.0,2026-08-09,
STA0135,3198.0,manual_check,VERIFIED,1,0.0,2026-08-09,
STBC007,18.7,engine_median,DERIVED,1,0.0,2026-09-06T23:07:09.964344+00:00,
STBC015,18.13,engine_median,DERIVED,1,0.0,2026-09-06T23:07:09.964344+00:00,
STBF001J,24.55,engine_median,DERIVED,1,0.0,2026-09-06T23:07:09.964344+00:00,
STBF003J,24.55,engine_median,DERIVED,1,0.0,2026-09-06T23:07:09.964344+00:00,
STBF013,33.91,engine_median,DERIVED,1,0.0,2026-09-06T23:07:09.964344+00:00,
STBF019,37.41,engine_median,DERIVED,1,0.0,2026-09-06T23:07:09.964344+00:00,
STBF023,37.41,engine_median,DERIVED,1,0.0,2026-09-06T23:07:09.964344+00:00,
STBQ003,85.93,engine_median,DERIVED,1,0.0,2026-09-06T23:07:09.964344+00:00,
STBQ005,85.93,engine_median,DERIVED,1,0.0,2026-09-06T23:07:09.964344+00:00,
STBR003J,19.29,engine_median,DERIVED,1,0.0,2026-09-06T23:07:09.964344+00:00,
STBR013,19.29,engine_median,DERIVED,1,0.0,2026-09-06T23:07:09.964344+00:00,
STBR023,88.85,engine_median,DERIVED,1,0.0,2026-09-06T23:07:09.964344+00:00,
STBR026,44.43,engine_median,DERIVED,1,0.0,2026-09-06T23:07:09.964344+00:00,
STGF013J,15.78,engine_median,DERIVED,1,0.0,2026-09-06T23:07:09.964344+00:00,
STGF014,46.77,engine_median,DERIVED,1,0.0,2026-09-06T23:07:09.964344+00:00,
STGF022,39.16,engine_median,DERIVED,1,0.0,2026-09-06T23:07:09.964344+00:00,
STGF025J,28.06,engine_median,DERIVED,1,0.0,2026-09-06T23:07:09.964344+00:00,
STGF027J,15.78,engine_median,DERIVED,1,0.0,2026-09-06T23:07:09.964344+00:00,
STGF029,26.89,engine_median,DERIVED,1,0.0,2026-09-06T23:07:09.964344+00:00,
STGF043J,24.55,engine_median,DERIVED,1,0.0,2026-09-06T23:07:09.964344+00:00,
STGF047J,15.78,engine_median,DERIVED,1,0.0,2026-09-06T23:07:09.964344+00:00,
STGF053J,39.16,engine_median,DERIVED,1,0.0,2026-09-06T23:07:09.964344+00:00,
STGF059J,63.14,engine_median,DERIVED,1,0.0,2026-09-06T23:07:09.964344+00:00,
STGF065J,19.87,engine_median,DERIVED,1,0.0,2026-09-06T23:07:09.964344+00:00,
STGF067,824.13,engine_median,DERIVED,1,0.0,2026-09-06T23:07:09.964344+00:00,
STGF071,1269.85,engine_median,DERIVED,1,0.0,2026-09-06T23:07:09.964344+00:00,
STGF075J,68.98,engine_median,DERIVED,1,0.0,2026-09-06T23:07:09.964344+00:00,
STGF083J,20.46,engine_median,DERIVED,1,0.0,2026-09-06T23:07:09.964344+00:00,
STGF089J,18.13,engine_median,DERIVED,1,0.0,2026-09-06T23:07:09.964344+00:00,
STGF099,18.13,engine_median,DERIVED,1,0.0,2026-09-06T23:07:09.964344+00:00,
STGF110J,121.59,engine_median,DERIVED,1,0.0,2026-09-06T23:07:09.964344+00:00,
STGF253J,35.07,engine_median,DERIVED,1,0.0,2026-09-06T23:07:09.964344+00:00,
STGF259J,126.85,engine_median,DERIVED,1,0.0,2026-09-06T23:07:09.964344+00:00,
STGF265,1633.28,engine_median,DERIVED,1,0.0,2026-09-06T23:07:09.964344+00:00,
STGF265J,1652.57,engine_median,DERIVED,1,0.0,2026-09-06T23:07:09.964344+00:00,
STGF267,1752.66,engine_median,DERIVED,1,0.0,2026-09-06T23:07:09.964344+00:00,
STGF267J,2111.03,engine_median,DERIVED,1,0.0,2026-09-06T23:07:09.964344+00:00,
STGF273,2239.99,engine_median,DERIVED,1,0.0,2026-09-06T23:07:09.964344+00:00,
STGF274,3509.42,engine_median,DERIVED,1,0.0,2026-09-06T23:07:09.964344+00:00,
STGF274J,3493.5,engine_median,DERIVED,1,0.0,2026-09-06T23:07:09.964344+00:00,
STGF275,2118.6,engine_median,DERIVED,1,0.0,2026-09-06T23:07:09.964344+00:00,
STGF275J,2111.03,engine_median,DERIVED,1,0.0,2026-09-06T23:07:09.964344+00:00,
STGF277,1066.11,engine_median,DERIVED,1,0.0,2026-09-06T23:07:09.964344+00:00,
STGF277J,2701.32,engine_median,DERIVED,1,0.0,2026-09-06T23:07:09.964344+00:00,
STGF279,3684.06,engine_median,DERIVED,1,0.0,2026-09-06T23:07:09.964344+00:00,
STGF279J,3691.0,engine_median,DERIVED,1,0.0,2026-09-06T23:07:09.964344+00:00,
STGF285,2258.89,engine_median,DERIVED,1,0.0,2026-09-06T23:07:09.964344+00:00,
STGF286,3157.77,engine_median,DERIVED,1,0.0,2026-09-06T23:07:09.964344+00:00,
STGF303,5144.26,engine_median,DERIVED,1,0.0,2026-09-06T23:07:09.964344+00:00,
STGF313J,115.75,engine_median,DERIVED,1,0.0,2026-09-06T23:07:09.964344+00:00,
STGF317J,25.14,engine_median,DERIVED,1,0.0,2026-09-06T23:07:09.964344+00:00,
STGF329J,52.61,engine_median,DERIVED,1,0.0,2026-09-06T23:07:09.964344+00:00,
STGF336J,29.23,engine_median,DERIVED,1,0.0,2026-09-06T23:07:09.964344+00:00,
STGF339J,103.47,engine_median,DERIVED,1,0.0,2026-09-06T23:07:09.964344+00:00,
STGF345,4947.16,engine_median,DERIVED,1,0.0,2026-09-06T23:07:09.964344+00:00,
STGF345J,83.01,engine_median,DERIVED,1,0.0,2026-09-06T23:07:09.964344+00:00,
STGF347J,4851.04,engine_median,DERIVED,1,0.0,2026-09-06T23:07:09.964344+00:00,
STGF349J,4851.04,engine_median,DERIVED,1,0.0,2026-09-06T23:07:09.964344+00:00,
STGF355J,21.63,engine_median,DERIVED,1,0.0,2026-09-06T23:07:09.964344+00:00,
STGF359,2080.0,manual_check,VERIFIED,2,16.2,2026-08-09,
STGF371,2311.14,engine_median,DERIVED,1,0.0,2026-09-06T23:07:09.964344+00:00,
STGF373,2052.55,engine_median,DERIVED,1,0.0,2026-09-06T23:07:09.964344+00:00,
STGF374,3894.58,engine_median,DERIVED,1,0.0,2026-09-06T23:07:09.964344+00:00,
STGF374J,3901.92,engine_median,DERIVED,1,0.0,2026-09-06T23:07:09.964344+00:00,
STGF375,2947.24,engine_median,DERIVED,1,0.0,2026-09-06T23:07:09.964344+00:00,
STGF375J,2952.81,engine_median,DERIVED,1,0.0,2026-09-06T23:07:09.964344+00:00,
STGF379,4947.16,engine_median,DERIVED,1,0.0,2026-09-06T23:07:09.964344+00:00,
STGF379J,4956.49,engine_median,DERIVED,1,0.0,2026-09-06T23:07:09.964344+00:00,
STGF381,2473.59,engine_median,DERIVED,1,0.0,2026-09-06T23:07:09.964344+00:00,
STGF381J,2478.25,engine_median,DERIVED,1,0.0,2026-09-06T23:07:09.964344+00:00,
STGF383,4157.72,engine_median,DERIVED,1,0.0,2026-09-06T23:07:09.964344+00:00,
STGF385,5673.0,engine_median,DERIVED,1,0.0,2026-09-06T23:07:09.964344+00:00,
STGF385G,3954.65,engine_median,DERIVED,1,0.0,2026-09-06T23:07:09.964344+00:00,
STGF387,3906.0,engine_median,DERIVED,1,0.0,2026-09-06T23:07:09.964344+00:00,
STGF389,3906.0,engine_median,DERIVED,1,0.0,2026-09-06T23:07:09.964344+00:00,
STGK007,3849.2,engine_median,DERIVED,1,0.0,2026-09-06T23:07:09.964344+00:00,
STGK009,3585.55,engine_median,DERIVED,1,0.0,2026-09-06T23:07:09.964344+00:00,
STGK009G,96.45,engine_median,DERIVED,1,0.0,2026-09-06T23:07:09.964344+00:00,
STGK011G,103.47,engine_median,DERIVED,1,0.0,2026-09-06T23:07:09.964344+00:00,
STGK013,7434.74,engine_median,DERIVED,1,0.0,2026-09-06T23:07:09.964344+00:00,
STGK015,4267.4,engine_median,DERIVED,1,0.0,2026-09-06T23:07:09.964344+00:00,
STGK019,7621.34,engine_median,DERIVED,1,0.0,2026-09-06T23:07:09.964344+00:00,
STGK021,6274.71,engine_median,DERIVED,1,0.0,2026-09-06T23:07:09.964344+00:00,
STGK023,5766.0,engine_median,DERIVED,1,0.0,2026-09-06T23:07:09.964344+00:00,
STGK031,6138.0,engine_median,DERIVED,1,0.0,2026-09-06T23:07:09.964344+00:00,
STGK033,6138.0,engine_median,DERIVED,1,0.0,2026-09-06T23:07:09.964344+00:00,
STGS007,39.16,engine_median,DERIVED,1,0.0,2026-09-06T23:07:09.964344+00:00,
STPR018J,39.16,engine_median,DERIVED,1,0.0,2026-09-06T23:07:09.964344+00:00,
STPR025,18.13,engine_median,DERIVED,1,0.0,2026-09-06T23:07:09.964344+00:00,
STPR031J,18.7,engine_median,DERIVED,1,0.0,2026-09-06T23:07:09.964344+00:00,
STPR053G,20.46,engine_median,DERIVED,1,0.0,2026-09-06T23:07:09.964344+00:00,
STPR058,20.46,engine_median,DERIVED,1,0.0,2026-09-06T23:07:09.964344+00:00,
STPR060,20.46,engine_median,DERIVED,1,0.0,2026-09-06T23:07:09.964344+00:00,
STPR062,21.63,engine_median,DERIVED,1,0.0,2026-09-06T23:07:09.964344+00:00,
STPR065,20.46,engine_median,DERIVED,1,0.0,2026-09-06T23:07:09.964344+00:00,
STPR076,20.46,engine_median,DERIVED,1,0.0,2026-09-06T23:07:09.964344+00:00,
STPS013,39.16,engine_median,DERIVED,1,0.0,2026-09-06T23:07:09.964344+00:00,
STPS017J,18.13,engine_median,DERIVED,1,0.0,2026-09-06T23:07:09.964344+00:00,
STPS023,18.7,engine_median,DERIVED,1,0.0,2026-09-06T23:07:09.964344+00:00,
STPS027,18.7,engine_median,DERIVED,1,0.0,2026-09-06T23:07:09.964344+00:00,
STPS029,39.16,engine_median,DERIVED,1,0.0,2026-09-06T23:07:09.964344+00:00,
STPS031,18.7,engine_median,DERIVED,1,0.0,2026-09-06T23:07:09.964344+00:00,
STPS043,19.29,engine_median,DERIVED,1,0.0,2026-09-06T23:07:09.964344+00:00,
STPS060,20.46,engine_median,DERIVED,1,0.0,2026-09-06T23:07:09.964344+00:00,
STPS074,83.01,engine_median,DERIVED,1,0.0,2026-09-06T23:07:09.964344+00:00,
STPT024,39.16,engine_median,DERIVED,1,0.0,2026-09-06T23:07:09.964344+00:00,
STPT037,18.7,engine_median,DERIVED,1,0.0,2026-09-06T23:07:09.964344+00:00,
STPX011,18.7,engine_median,DERIVED,1,0.0,2026-09-06T23:07:09.964344+00:00,
STPX013,18.7,engine_median,DERIVED,1,0.0,2026-09-06T23:07:09.964344+00:00,
STPX014,18.7,engine_median,DERIVED,1,0.0,2026-09-06T23:07:09.964344+00:00,
STPX016,18.13,engine_median,DERIVED,1,0.0,2026-09-06T23:07:09.964344+00:00,
STPX023J,25.72,engine_median,DERIVED,1,0.0,2026-09-06T23:07:09.964344+00:00,
STPX031J,18.7,engine_median,DERIVED,1,0.0,2026-09-06T23:07:09.964344+00:00,
STPX041J,19.29,engine_median,DERIVED,1,0.0,2026-09-06T23:07:09.964344+00:00,
STPX047J,18.7,engine_median,DERIVED,1,0.0,2026-09-06T23:07:09.964344+00:00,
STPX069,20.46,engine_median,DERIVED,1,0.0,2026-09-06T23:07:09.964344+00:00,
STPX093,39.16,engine_median,DERIVED,1,0.0,2026-09-06T23:07:09.964344+00:00,
STPX096,88.85,engine_median,DERIVED,1,0.0,2026-09-06T23:07:09.964344+00:00,
STPX099J,22.22,engine_median,DERIVED,1,0.0,2026-09-06T23:07:09.964344+00:00,
STPX103,29.23,engine_median,DERIVED,1,0.0,2026-09-06T23:07:09.964344+00:00,
STPX104,56.12,engine_median,DERIVED,1,0.0,2026-09-06T23:07:09.964344+00:00,
STPX105,57.29,engine_median,DERIVED,1,0.0,2026-09-06T23:07:09.964344+00:00,
STQK011J,21.05,engine_median,DERIVED,1,0.0,2026-09-06T23:07:09.964344+00:00,
STRS001,21.05,engine_median,DERIVED,1,0.0,2026-09-06T23:07:09.964344+00:00,
STTB036,18.7,engine_median,DERIVED,1,0.0,2026-09-06T23:07:09.964344+00:00,
STXD002J,91.2,engine_median,DERIVED,1,0.0,2026-09-06T23:07:09.964344+00:00,
STXD004J,130.94,engine_median,DERIVED,1,0.0,2026-09-06T23:07:09.964344+00:00,
STXD007,75.99,engine_median,DERIVED,1,0.0,2026-09-06T23:07:09.964344+00:00,
STXD011,144.98,engine_median,DERIVED,1,0.0,2026-09-06T23:07:09.964344+00:00,
SUR394,348.75,engine_median,DERIVED,1,0.0,2026-09-06T23:07:09.964344+00:00,
SUR579,488.25,engine_median,DERIVED,1,0.0,2026-09-06T23:07:09.964344+00:00,
SUR581,478.95,engine_median,DERIVED,1,0.0,2026-09-06T23:07:09.964344+00:00,
SUR582,525.45,engine_median,DERIVED,1,0.0,2026-09-06T23:07:09.964344+00:00,
SUR595,739.35,engine_median,DERIVED,1,0.0,2026-09-06T23:07:09.964344+00:00,
SUR597,739.35,engine_median,DERIVED,1,0.0,2026-09-06T23:07:09.964344+00:00,
SUR604,488.25,engine_median,DERIVED,1,0.0,2026-09-06T23:07:09.964344+00:00,
SUR605,739.35,engine_median,DERIVED,1,0.0,2026-09-06T23:07:09.964344+00:00,
SUR607,739.35,engine_median,DERIVED,1,0.0,2026-09-06T23:07:09.964344+00:00,
SUR608,813.75,engine_median,DERIVED,1,0.0,2026-09-06T23:07:09.964344+00:00,
SUR618,1069.5,engine_median,DERIVED,1,0.0,2026-09-06T23:07:09.964344+00:00,
SUR620,1069.5,engine_median,DERIVED,1,0.0,2026-09-06T23:07:09.964344+00:00,
SUR622,2743.5,engine_median,DERIVED,1,0.0,2026-09-06T23:07:09.964344+00:00,
SVAB003,21.05,engine_median,DERIVED,1,0.0,2026-09-06T23:07:09.964344+00:00,
SVAE001,18.7,engine_median,DERIVED,1,0.0,2026-09-06T23:07:09.964344+00:00,
SVAE007,21.05,engine_median,DERIVED,1,0.0,2026-09-06T23:07:09.964344+00:00,
SVAE101J,21.05,engine_median,DERIVED,1,0.0,2026-09-06T23:07:09.964344+00:00,
SVAF001,28.06,engine_median,DERIVED,1,0.0,2026-09-06T23:07:09.964344+00:00,
SVAG101J,32.74,engine_median,DERIVED,1,0.0,2026-09-06T23:07:09.964344+00:00,
SVAS007,18.7,engine_median,DERIVED,1,0.0,2026-09-06T23:07:09.964344+00:00,
SVAX001,21.05,engine_median,DERIVED,1,0.0,2026-09-06T23:07:09.964344+00:00,
SVAZ001J,18.7,engine_median,DERIVED,1,0.0,2026-09-06T23:07:09.964344+00:00,
SVBR001J,21.05,engine_median,DERIVED,1,0.0,2026-09-06T23:07:09.964344+00:00,
SVBR005J,47.35,engine_median,DERIVED,1,0.0,2026-09-06T23:07:09.964344+00:00,
SVBR007,52.61,engine_median,DERIVED,1,0.0,2026-09-06T23:07:09.964344+00:00,
SWCP001,18.7,engine_median,DERIVED,1,0.0,2026-09-06T23:07:09.964344+00:00,
SWCP003,26.89,engine_median,DERIVED,1,0.0,2026-09-06T23:07:09.964344+00:00,
SWCP007J,92.36,engine_median,DERIVED,1,0.0,2026-09-06T23:07:09.964344+00:00,
SWCP009J,15.78,engine_median,DERIVED,1,0.0,2026-09-06T23:07:09.964344+00:00,
SWCQ021,114.58,engine_median,DERIVED,1,0.0,2026-09-06T23:07:09.964344+00:00,
SWCQ024J,43.25,engine_median,DERIVED,1,0.0,2026-09-06T23:07:09.964344+00:00,
SWCQ031J,18.13,engine_median,DERIVED,1,0.0,2026-09-06T23:07:09.964344+00:00,
SWCQ047,518.23,engine_median,DERIVED,1,0.0,2026-09-06T23:07:09.964344+00:00,
SWCQ051J,67.81,engine_median,DERIVED,1,0.0,2026-09-06T23:07:09.964344+00:00,
SWCQ091J,47.35,engine_median,DERIVED,1,0.0,2026-09-06T23:07:09.964344+00:00,
SWCW001,25.72,engine_median,DERIVED,1,0.0,2026-09-06T23:07:09.964344+00:00,
SWCW008J,254.29,engine_median,DERIVED,1,0.0,2026-09-06T23:07:09.964344+00:00,
SWCW009,20.46,engine_median,DERIVED,1,0.0,2026-09-06T23:07:09.964344+00:00,
SWCW013,79.51,engine_median,DERIVED,1,0.0,2026-09-06T23:07:09.964344+00:00,
SWCW020,330.28,engine_median,DERIVED,1,0.0,2026-09-06T23:07:09.964344+00:00,
SWCW026,22.22,engine_median,DERIVED,1,0.0,2026-09-06T23:07:09.964344+00:00,
SWCW031,279.43,engine_median,DERIVED,1,0.0,2026-09-06T23:07:09.964344+00:00,
SWCW036,126.85,engine_median,DERIVED,1,0.0,2026-09-06T23:07:09.964344+00:00,
SWCW037,91.78,engine_median,DERIVED,1,0.0,2026-09-06T23:07:09.964344+00:00,
SWCW038,93.53,engine_median,DERIVED,1,0.0,2026-09-06T23:07:09.964344+00:00,
SWCW040,101.71,engine_median,DERIVED,1,0.0,2026-09-06T23:07:09.964344+00:00,
SWCW043,114.58,engine_median,DERIVED,1,0.0,2026-09-06T23:07:09.964344+00:00,
SWCW045,114.58,engine_median,DERIVED,1,0.0,2026-09-06T23:07:09.964344+00:00,
SWCW056,130.36,engine_median,DERIVED,1,0.0,2026-09-06T23:07:09.964344+00:00,
SWCW060,151.99,engine_median,DERIVED,1,0.0,2026-09-06T23:07:09.964344+00:00,
SWCW063,125.1,engine_median,DERIVED,1,0.0,2026-09-06T23:07:09.964344+00:00,
SWCW071,40.33,engine_median,DERIVED,1,0.0,2026-09-06T23:07:09.964344+00:00,
SWCW073,46.77,engine_median,DERIVED,1,0.0,2026-09-06T23:07:09.964344+00:00,
SWCW074,249.61,engine_median,DERIVED,1,0.0,2026-09-06T23:07:09.964344+00:00,
SWCW079,92.36,engine_median,DERIVED,1,0.0,2026-09-06T23:07:09.964344+00:00,
SWCW082,118.08,engine_median,DERIVED,1,0.0,2026-09-06T23:07:09.964344+00:00,
SWCW083,58.46,engine_median,DERIVED,1,0.0,2026-09-06T23:07:09.964344+00:00,
SWCW085,559.44,engine_median,DERIVED,1,0.0,2026-09-06T23:07:09.964344+00:00,
SWCW086,20.46,engine_median,DERIVED,1,0.0,2026-09-06T23:07:09.964344+00:00,
SWCW087,134.45,engine_median,DERIVED,1,0.0,2026-09-06T23:07:09.964344+00:00,
SWCW100J,111.07,engine_median,DERIVED,1,0.0,2026-09-06T23:07:09.964344+00:00,
SWCW108,26.31,engine_median,DERIVED,1,0.0,2026-09-06T23:07:09.964344+00:00,
SWCW114J,30.4,engine_median,DERIVED,1,0.0,2026-09-06T23:07:09.964344+00:00,
SWCW117,431.19,engine_median,DERIVED,1,0.0,2026-09-06T23:07:09.964344+00:00,
SWCW121,81.25,engine_median,DERIVED,1,0.0,2026-09-06T23:07:09.964344+00:00,
SWCW124,90.02,engine_median,DERIVED,1,0.0,2026-09-06T23:07:09.964344+00:00,
SWCW126,83.6,engine_median,DERIVED,1,0.0,2026-09-06T23:07:09.964344+00:00,
SWCW131,81.25,engine_median,DERIVED,1,0.0,2026-09-06T23:07:09.964344+00:00,
SWCW134,91.78,engine_median,DERIVED,1,0.0,2026-09-06T23:07:09.964344+00:00,
SWCW135,88.27,engine_median,DERIVED,1,0.0,2026-09-06T23:07:09.964344+00:00,
SWCW136,93.53,engine_median,DERIVED,1,0.0,2026-09-06T23:07:09.964344+00:00,
SWCW138,93.53,engine_median,DERIVED,1,0.0,2026-09-06T23:07:09.964344+00:00,
SWCW145,518.23,engine_median,DERIVED,1,0.0,2026-09-06T23:07:09.964344+00:00,
SWCW161,142.63,engine_median,DERIVED,1,0.0,2026-09-06T23:07:09.964344+00:00,
SWCW162,675.51,engine_median,DERIVED,1,0.0,2026-09-06T23:07:09.964344+00:00,
SWDB057J,16.37,engine_median,DERIVED,1,0.0,2026-09-06T23:07:09.964344+00:00,
SWDB071J,16.37,engine_median,DERIVED,1,0.0,2026-09-06T23:07:09.964344+00:00,
SWDF023J,22.79,engine_median,DERIVED,1,0.0,2026-09-06T23:07:09.964344+00:00,
SWDH055,20.46,engine_median,DERIVED,1,0.0,2026-09-06T23:07:09.964344+00:00,
SWDJ002,15.78,engine_median,DERIVED,1,0.0,2026-09-06T23:07:09.964344+00:00,
SWDL117J,16.37,engine_median,DERIVED,1,0.0,2026-09-06T23:07:09.964344+00:00,
SWDL130,18.7,engine_median,DERIVED,1,0.0,2026-09-06T23:07:09.964344+00:00,
SWDL147J,39.16,engine_median,DERIVED,1,0.0,2026-09-06T23:07:09.964344+00:00,
SWDL155J,21.63,engine_median,DERIVED,1,0.0,2026-09-06T23:07:09.964344+00:00,
SWDQ003J,18.7,engine_median,DERIVED,1,0.0,2026-09-06T23:07:09.964344+00:00,
SWDQ004J,12.86,engine_median,DERIVED,1,0.0,2026-09-06T23:07:09.964344+00:00,
SWDT001,22.22,engine_median,DERIVED,1,0.0,2026-09-06T23:07:09.964344+00:00,
SWDT007,16.37,engine_median,DERIVED,1,0.0,2026-09-06T23:07:09.964344+00:00,
SWDT020,58.46,engine_median,DERIVED,1,0.0,2026-09-06T23:07:09.964344+00:00,
SWDX099J,18.7,engine_median,DERIVED,1,0.0,2026-09-06T23:07:09.964344+00:00,
SWDX137J,18.13,engine_median,DERIVED,1,0.0,2026-09-06T23:07:09.964344+00:00,
SWDX149,144.98,engine_median,DERIVED,1,0.0,2026-09-06T23:07:09.964344+00:00,
SWDZ043,122.76,engine_median,DERIVED,1,0.0,2026-09-06T23:07:09.964344+00:00,
SWFA025J,18.13,engine_median,DERIVED,1,0.0,2026-09-06T23:07:09.964344+00:00,
SWFA029J,21.63,engine_median,DERIVED,1,0.0,2026-09-06T23:07:09.964344+00:00,
SWFA030J,39.16,engine_median,DERIVED,1,0.0,2026-09-06T23:07:09.964344+00:00,
SWFA035J,39.16,engine_median,DERIVED,1,0.0,2026-09-06T23:07:09.964344+00:00,
SWFA037J,23.38,engine_median,DERIVED,1,0.0,2026-09-06T23:07:09.964344+00:00,
SWFA044J,43.25,engine_median,DERIVED,1,0.0,2026-09-06T23:07:09.964344+00:00,
SWFA085J,20.46,engine_median,DERIVED,1,0.0,2026-09-06T23:07:09.964344+00:00,
SWFA123,39.16,engine_median,DERIVED,1,0.0,2026-09-06T23:07:09.964344+00:00,
SWFA125J,26.31,engine_median,DERIVED,1,0.0,2026-09-06T23:07:09.964344+00:00,
SWFA133,64.3,engine_median,DERIVED,1,0.0,2026-09-06T23:07:09.964344+00:00,
SWFA143J,123.35,engine_median,DERIVED,1,0.0,2026-09-06T23:07:09.964344+00:00,
SWFA148J,142.63,engine_median,DERIVED,1,0.0,2026-09-06T23:07:09.964344+00:00,
SWFA149J,39.16,engine_median,DERIVED,1,0.0,2026-09-06T23:07:09.964344+00:00,
SWFA153J,113.4,engine_median,DERIVED,1,0.0,2026-09-06T23:07:09.964344+00:00,
SWFA159J,20.46,engine_median,DERIVED,1,0.0,2026-09-06T23:07:09.964344+00:00,
SWFA161J,99.38,engine_median,DERIVED,1,0.0,2026-09-06T23:07:09.964344+00:00,
SWFA165,137.79,engine_median,DERIVED,1,0.0,2026-09-06T23:07:09.964344+00:00,
SWFA169J,18.13,engine_median,DERIVED,1,0.0,2026-09-06T23:07:09.964344+00:00,
SWFA171J,18.7,engine_median,DERIVED,1,0.0,2026-09-06T23:07:09.964344+00:00,
SWFA172J,40.92,engine_median,DERIVED,1,0.0,2026-09-06T23:07:09.964344+00:00,
SWFA195,64.3,engine_median,DERIVED,1,0.0,2026-09-06T23:07:09.964344+00:00,
SWFA196,103.47,engine_median,DERIVED,1,0.0,2026-09-06T23:07:09.964344+00:00,
SWFA198,135.04,engine_median,DERIVED,1,0.0,2026-09-06T23:07:09.964344+00:00,
SWFA202,88.85,engine_median,DERIVED,1,0.0,2026-09-06T23:07:09.964344+00:00,
SWFA208,25.72,engine_median,DERIVED,1,0.0,2026-09-06T23:07:09.964344+00:00,
SWFA212,22.79,engine_median,DERIVED,1,0.0,2026-09-06T23:07:09.964344+00:00,
SWFH001J,18.7,engine_median,DERIVED,1,0.0,2026-09-06T23:07:09.964344+00:00,
SWFH006J,29.82,engine_median,DERIVED,1,0.0,2026-09-06T23:07:09.964344+00:00,
SWFH015J,18.7,engine_median,DERIVED,1,0.0,2026-09-06T23:07:09.964344+00:00,
SWFH017J,18.7,engine_median,DERIVED,1,0.0,2026-09-06T23:07:09.964344+00:00,
SWFH019,338.46,engine_median,DERIVED,1,0.0,2026-09-06T23:07:09.964344+00:00,
SWFH023J,20.46,engine_median,DERIVED,1,0.0,2026-09-06T23:07:09.964344+00:00,
SWFH024J,28.64,engine_median,DERIVED,1,0.0,2026-09-06T23:07:09.964344+00:00,
SWFH033J,20.46,engine_median,DERIVED,1,0.0,2026-09-06T23:07:09.964344+00:00,
SWFH037J,134.45,engine_median,DERIVED,1,0.0,2026-09-06T23:07:09.964344+00:00,
SWFH038J,39.16,engine_median,DERIVED,1,0.0,2026-09-06T23:07:09.964344+00:00,
SWFH043J,20.46,engine_median,DERIVED,1,0.0,2026-09-06T23:07:09.964344+00:00,
SWFH044J,115.16,engine_median,DERIVED,1,0.0,2026-09-06T23:07:09.964344+00:00,
SWFH049J,88.85,engine_median,DERIVED,1,0.0,2026-09-06T23:07:09.964344+00:00,
SWFH050J,20.46,engine_median,DERIVED,1,0.0,2026-09-06T23:07:09.964344+00:00,
SWFH051,88.85,engine_median,DERIVED,1,0.0,2026-09-06T23:07:09.964344+00:00,
SWFH061J,18.7,engine_median,DERIVED,1,0.0,2026-09-06T23:07:09.964344+00:00,
SWFH063J,18.7,engine_median,DERIVED,1,0.0,2026-09-06T23:07:09.964344+00:00,
SWFH066,20.46,engine_median,DERIVED,1,0.0,2026-09-06T23:07:09.964344+00:00,
SWFH069,20.46,engine_median,DERIVED,1,0.0,2026-09-06T23:07:09.964344+00:00,
SWFH072J,39.16,engine_median,DERIVED,1,0.0,2026-09-06T23:07:09.964344+00:00,
SWFH083J,102.89,engine_median,DERIVED,1,0.0,2026-09-06T23:07:09.964344+00:00,
SWFH088,58.46,engine_median,DERIVED,1,0.0,2026-09-06T23:07:09.964344+00:00,
SWFH112J,20.46,engine_median,DERIVED,1,0.0,2026-09-06T23:07:09.964344+00:00,
SWFH114J,20.46,engine_median,DERIVED,1,0.0,2026-09-06T23:07:09.964344+00:00,
SWFH119J,20.46,engine_median,DERIVED,1,0.0,2026-09-06T23:07:09.964344+00:00,
SWFH126,115.16,engine_median,DERIVED,1,0.0,2026-09-06T23:07:09.964344+00:00,
SWFH128,115.16,engine_median,DERIVED,1,0.0,2026-09-06T23:07:09.964344+00:00,
SWFH134,115.16,engine_median,DERIVED,1,0.0,2026-09-06T23:07:09.964344+00:00,
SWFH136,115.16,engine_median,DERIVED,1,0.0,2026-09-06T23:07:09.964344+00:00,
SWFH137,115.16,engine_median,DERIVED,1,0.0,2026-09-06T23:07:09.964344+00:00,
SWFH148,113.4,engine_median,DERIVED,1,0.0,2026-09-06T23:07:09.964344+00:00,
SWFJ003J,25.72,engine_median,DERIVED,1,0.0,2026-09-06T23:07:09.964344+00:00,
SWFJ007J,24.55,engine_median,DERIVED,1,0.0,2026-09-06T23:07:09.964344+00:00,
SWFT008J,39.16,engine_median,DERIVED,1,0.0,2026-09-06T23:07:09.964344+00:00,
SWFT011,20.46,engine_median,DERIVED,1,0.0,2026-09-06T23:07:09.964344+00:00,
SWFT013J,20.46,engine_median,DERIVED,1,0.0,2026-09-06T23:07:09.964344+00:00,
SWFZ029,21.05,engine_median,DERIVED,1,0.0,2026-09-06T23:07:09.964344+00:00,
SWPX008J,102.89,engine_median,DERIVED,1,0.0,2026-09-06T23:07:09.964344+00:00,
SWQQ005,40.92,engine_median,DERIVED,1,0.0,2026-09-06T23:07:09.964344+00:00,
SWQQ006,40.92,engine_median,DERIVED,1,0.0,2026-09-06T23:07:09.964344+00:00,
SZEC015,45.01,engine_median,DERIVED,1,0.0,2026-09-06T23:07:09.964344+00:00,
SZEC017,35.07,engine_median,DERIVED,1,0.0,2026-09-06T23:07:09.964344+00:00,
SZEC023,77.16,engine_median,DERIVED,1,0.0,2026-09-06T23:07:09.964344+00:00,
SZEC027,36.24,engine_median,DERIVED,1,0.0,2026-09-06T23:07:09.964344+00:00,
SZEC035,48.52,engine_median,DERIVED,1,0.0,2026-09-06T23:07:09.964344+00:00,
SZEC040,140.3,engine_median,DERIVED,1,0.0,2026-09-06T23:07:09.964344+00:00,
SZEL014,52.02,engine_median,DERIVED,1,0.0,2026-09-06T23:07:09.964344+00:00,
SZER017,18.7,engine_median,DERIVED,1,0.0,2026-09-06T23:07:09.964344+00:00,
SZER034,39.16,engine_median,DERIVED,1,0.0,2026-09-06T23:07:09.964344+00:00,
SZER035,51.44,engine_median,DERIVED,1,0.0,2026-09-06T23:07:09.964344+00:00,
SZER045,54.37,engine_median,DERIVED,1,0.0,2026-09-06T23:07:09.964344+00:00,
SZER048,18.7,engine_median,DERIVED,1,0.0,2026-09-06T23:07:09.964344+00:00,
SZER050,127.44,engine_median,DERIVED,1,0.0,2026-09-06T23:07:09.964344+00:00,
SZER054,127.44,engine_median,DERIVED,1,0.0,2026-09-06T23:07:09.964344+00:00,
SZER055,90.02,engine_median,DERIVED,1,0.0,2026-09-06T23:07:09.964344+00:00,
SZER056,88.85,engine_median,DERIVED,1,0.0,2026-09-06T23:07:09.964344+00:00,
SZER057,127.44,engine_median,DERIVED,1,0.0,2026-09-06T23:07:09.964344+00:00,
SZER063,43.25,engine_median,DERIVED,1,0.0,2026-09-06T23:07:09.964344+00:00,
SZER066,127.44,engine_median,DERIVED,1,0.0,2026-09-06T23:07:09.964344+00:00,
SZER067,191.15,engine_median,DERIVED,1,0.0,2026-09-06T23:07:09.964344+00:00,
SZER068,102.3,engine_median,DERIVED,1,0.0,2026-09-06T23:07:09.964344+00:00,
SZER070,115.16,engine_median,DERIVED,1,0.0,2026-09-06T23:07:09.964344+00:00,
SZER071,115.16,engine_median,DERIVED,1,0.0,2026-09-06T23:07:09.964344+00:00,
SZER072,203.43,engine_median,DERIVED,1,0.0,2026-09-06T23:07:09.964344+00:00,
SZER075,34.49,engine_median,DERIVED,1,0.0,2026-09-06T23:07:09.964344+00:00,
SZER085,127.44,engine_median,DERIVED,1,0.0,2026-09-06T23:07:09.964344+00:00,
SZER086,140.3,engine_median,DERIVED,1,0.0,2026-09-06T23:07:09.964344+00:00,
SZER087,140.3,engine_median,DERIVED,1,0.0,2026-09-06T23:07:09.964344+00:00,
SZER088,216.29,engine_median,DERIVED,1,0.0,2026-09-06T23:07:09.964344+00:00,
SZER092,115.16,engine_median,DERIVED,1,0.0,2026-09-06T23:07:09.964344+00:00,
SZER094,46.77,engine_median,DERIVED,1,0.0,2026-09-06T23:07:09.964344+00:00,
SZER099,140.3,engine_median,DERIVED,1,0.0,2026-09-06T23:07:09.964344+00:00,
SZER108,102.89,engine_median,DERIVED,1,0.0,2026-09-06T23:07:09.964344+00:00,
SZER109,113.4,engine_median,DERIVED,1,0.0,2026-09-06T23:07:09.964344+00:00,
SZER110,19.87,engine_median,DERIVED,1,0.0,2026-09-06T23:07:09.964344+00:00,
SZER118,17.54,engine_median,DERIVED,1,0.0,2026-09-06T23:07:09.964344+00:00,
SZET003,102.89,engine_median,DERIVED,1,0.0,2026-09-06T23:07:09.964344+00:00,
SZEV009,140.3,engine_median,DERIVED,1,0.0,2026-09-06T23:07:09.964344+00:00,
SZEV011,19.87,engine_median,DERIVED,1,0.0,2026-09-06T23:07:09.964344+00:00,
SZEV014,33.91,engine_median,DERIVED,1,0.0,2026-09-06T23:07:09.964344+00:00,
SZEV017,249.61,engine_median,DERIVED,1,0.0,2026-09-06T23:07:09.964344+00:00,
SZEZ001,39.16,engine_median,DERIVED,1,0.0,2026-09-06T23:07:09.964344+00:00,
SZFG002,61.97,engine_median,DERIVED,1,0.0,2026-09-06T23:07:09.964344+00:00,
SZGM002,206.94,engine_median,DERIVED,1,0.0,2026-09-06T23:07:09.964344+00:00,
SZLJ169,20.46,engine_median,DERIVED,1,0.0,2026-09-06T23:07:09.964344+00:00,
SZLJ181,42.09,engine_median,DERIVED,1,0.0,2026-09-06T23:07:09.964344+00:00,
SZLJ183,54.37,engine_median,DERIVED,1,0.0,2026-09-06T23:07:09.964344+00:00,
SZLJ185,34.49,engine_median,DERIVED,1,0.0,2026-09-06T23:07:09.964344+00:00,
SZLJ187,45.01,engine_median,DERIVED,1,0.0,2026-09-06T23:07:09.964344+00:00,
SZLJ188,166.6,engine_median,DERIVED,1,0.0,2026-09-06T23:07:09.964344+00:00,
SZLJ191,25.72,engine_median,DERIVED,1,0.0,2026-09-06T23:07:09.964344+00:00,
SZLJ192,38.0,engine_median,DERIVED,1,0.0,2026-09-06T23:07:09.964344+00:00,
SZLJ200,55.53,engine_median,DERIVED,1,0.0,2026-09-06T23:07:09.964344+00:00,
SZLJ202,72.48,engine_median,DERIVED,1,0.0,2026-09-06T23:07:09.964344+00:00,
SZLJ203,88.85,engine_median,DERIVED,1,0.0,2026-09-06T23:07:09.964344+00:00,
SZLJ206,48.52,engine_median,DERIVED,1,0.0,2026-09-06T23:07:09.964344+00:00,
SZLJ215,50.28,engine_median,DERIVED,1,0.0,2026-09-06T23:07:09.964344+00:00,
SZLJ228,54.37,engine_median,DERIVED,1,0.0,2026-09-06T23:07:09.964344+00:00,
SZLJ234,48.52,engine_median,DERIVED,1,0.0,2026-09-06T23:07:09.964344+00:00,
SZLJ235,52.61,engine_median,DERIVED,1,0.0,2026-09-06T23:07:09.964344+00:00,
SZLJ240,75.41,engine_median,DERIVED,1,0.0,2026-09-06T23:07:09.964344+00:00,
SZLJ241,59.05,engine_median,DERIVED,1,0.0,2026-09-06T23:07:09.964344+00:00,
SZLJ242,68.98,engine_median,DERIVED,1,0.0,2026-09-06T23:07:09.964344+00:00,
SZLJ246,64.89,engine_median,DERIVED,1,0.0,2026-09-06T23:07:09.964344+00:00,
SZLJ250,63.14,engine_median,DERIVED,1,0.0,2026-09-06T23:07:09.964344+00:00,
SZLJ251,102.89,engine_median,DERIVED,1,0.0,2026-09-06T23:07:09.964344+00:00,
SZLJ262,19.87,engine_median,DERIVED,1,0.0,2026-09-06T23:07:09.964344+00:00,
SZLJ267,67.81,engine_median,DERIVED,1,0.0,2026-09-06T23:07:09.964344+00:00,
SZLJ271,43.25,engine_median,DERIVED,1,0.0,2026-09-06T23:07:09.964344+00:00,
SZPH019,102.89,engine_median,DERIVED,1,0.0,2026-09-06T23:07:09.964344+00:00,
SZPH021,127.44,engine_median,DERIVED,1,0.0,2026-09-06T23:07:09.964344+00:00,
SZPH022,57.29,engine_median,DERIVED,1,0.0,2026-09-06T23:07:09.964344+00:00,
SZPH029,88.85,engine_median,DERIVED,1,0.0,2026-09-06T23:07:09.964344+00:00,
SZPH030,121.59,engine_median,DERIVED,1,0.0,2026-09-06T23:07:09.964344+00:00,
SZPH031,68.98,engine_median,DERIVED,1,0.0,2026-09-06T23:07:09.964344+00:00,
SZPH033,68.98,engine_median,DERIVED,1,0.0,2026-09-06T23:07:09.964344+00:00,
SZPW083,140.3,engine_median,DERIVED,1,0.0,2026-09-06T23:07:09.964344+00:00,
SZPW085,126.27,engine_median,DERIVED,1,0.0,2026-09-06T23:07:09.964344+00:00,
SZPW088,145.56,engine_median,DERIVED,1,0.0,2026-09-06T23:07:09.964344+00:00,
SZPW090,64.89,engine_median,DERIVED,1,0.0,2026-09-06T23:07:09.964344+00:00,
SZPW093,140.3,engine_median,DERIVED,1,0.0,2026-09-06T23:07:09.964344+00:00,
SZPW096,50.86,engine_median,DERIVED,1,0.0,2026-09-06T23:07:09.964344+00:00,
SZPW105,70.74,engine_median,DERIVED,1,0.0,2026-09-06T23:07:09.964344+00:00,
SZPW106,17.54,engine_median,DERIVED,1,0.0,2026-09-06T23:07:09.964344+00:00,
SZQV011,77.16,engine_median,DERIVED,1,0.0,2026-09-06T23:07:09.964344+00:00,
SZQV012,77.16,engine_median,DERIVED,1,0.0,2026-09-06T23:07:09.964344+00:00,
SZQV013,48.52,engine_median,DERIVED,1,0.0,2026-09-06T23:07:09.964344+00:00,
SZQV016,19.87,engine_median,DERIVED,1,0.0,2026-09-06T23:07:09.964344+00:00,
SZQV022,140.3,engine_median,DERIVED,1,0.0,2026-09-06T23:07:09.964344+00:00,
SZQV030,68.98,engine_median,DERIVED,1,0.0,2026-09-06T23:07:09.964344+00:00,
SZQV033,52.02,engine_median,DERIVED,1,0.0,2026-09-06T23:07:09.964344+00:00,
SZSB017J,173.04,engine_median,DERIVED,1,0.0,2026-09-06T23:07:09.964344+00:00,
SZSB018J,173.04,engine_median,DERIVED,1,0.0,2026-09-06T23:07:09.964344+00:00,
SZSB024,165.44,engine_median,DERIVED,1,0.0,2026-09-06T23:07:09.964344+00:00,
SZSB030,260.14,engine_median,DERIVED,1,0.0,2026-09-06T23:07:09.964344+00:00,
SZSB033,157.84,engine_median,DERIVED,1,0.0,2026-09-06T23:07:09.964344+00:00,
SZSF002,145.56,engine_median,DERIVED,1,0.0,2026-09-06T23:07:09.964344+00:00,
SZSF006,138.54,engine_median,DERIVED,1,0.0,2026-09-06T23:07:09.964344+00:00,
SZSF007,115.75,engine_median,DERIVED,1,0.0,2026-09-06T23:07:09.964344+00:00,
SZSF008,115.75,engine_median,DERIVED,1,0.0,2026-09-06T23:07:09.964344+00:00,
SZSF009,115.75,engine_median,DERIVED,1,0.0,2026-09-06T23:07:09.964344+00:00,
SZSF010,118.67,engine_median,DERIVED,1,0.0,2026-09-06T23:07:09.964344+00:00,
SZTR007,64.3,engine_median,DERIVED,1,0.0,2026-09-06T23:07:09.964344+00:00,
SZTR012,29.23,engine_median,DERIVED,1,0.0,2026-09-06T23:07:09.964344+00:00,
SZTR014,279.43,engine_median,DERIVED,1,0.0,2026-09-06T23:07:09.964344+00:00,
U10340,4714.0,manual_check,VERIFIED,1,0.0,2026-08-09,
U10380101A1U1,4170.98,engine_median,DERIVED,1,0.0,2026-09-06T23:07:09.964344+00:00,
U17327211A1U1,465.0,engine_median,DERIVED,1,0.0,2026-09-06T23:07:09.964344+00:00,
U17356,8113.0,manual_check,VERIFIED,1,0.0,2026-08-09,
U17356531L1P1,465.0,engine_median,DERIVED,1,0.0,2026-09-06T23:07:09.964344+00:00,
U17356531L1U1,14740.5,engine_median,DERIVED,1,0.0,2026-09-06T23:07:09.964344+00:00,
U17375,4737.0,manual_check,VERIFIED,1,0.0,2026-08-09,
U77310,4446.0,manual_check,VERIFIED,1,0.0,2026-08-09,
U77310591A1U1,4728.6,engine_median,DERIVED,1,0.0,2026-09-06T23:07:09.964344+00:00,
UB0134101B1U1,13857.0,engine_median,DERIVED,1,0.0,2026-09-06T23:07:09.964344+00:00,
UB0136,7695.0,manual_check,VERIFIED,1,0.0,2026-08-09,
UB01391A1B1P1,7850.44,engine_median,DERIVED,1,0.0,2026-09-06T23:07:09.964344+00:00,
V13317101B1X1,2630.59,engine_median,DERIVED,1,0.0,2026-09-06T23:07:09.964344+00:00,
V13375101C1X1,2842.69,engine_median,DERIVED,1,0.0,2026-09-06T23:07:09.964344+00:00,
V13375101C1X2,6696.0,engine_median,DERIVED,1,0.0,2026-09-06T23:07:09.964344+00:00,
V323952A1L1X2,3346.33,engine_median,DERIVED,1,0.0,2026-09-06T23:07:09.964344+00:00,
W1000653,1286.07,engine_median,DERIVED,1,0.0,2026-09-06T23:07:09.964344+00:00,
W1000654,990.07,engine_median,DERIVED,1,0.0,2026-09-06T23:07:09.964344+00:00,
W1002154,1461.44,engine_median,DERIVED,1,0.0,2026-09-06T23:07:09.964344+00:00,
W1002253,1045.69,engine_median,DERIVED,1,0.0,2026-09-06T23:07:09.964344+00:00,
W1002653,2396.76,engine_median,DERIVED,1,0.0,2026-09-06T23:07:09.964344+00:00,
W1002753,3046.63,engine_median,DERIVED,1,0.0,2026-09-06T23:07:09.964344+00:00,
W1003053,2162.93,engine_median,DERIVED,1,0.0,2026-09-06T23:07:09.964344+00:00,
W1003153,2442.37,engine_median,DERIVED,1,0.0,2026-09-06T23:07:09.964344+00:00,
W1003154,2674.82,engine_median,DERIVED,1,0.0,2026-09-06T23:07:09.964344+00:00,
W1004054,2559.36,engine_median,DERIVED,1,0.0,2026-09-06T23:07:09.964344+00:00,
W1005554,2721.17,engine_median,DERIVED,1,0.0,2026-09-06T23:07:09.964344+00:00,
W1005654,3435.17,engine_median,DERIVED,1,0.0,2026-09-06T23:07:09.964344+00:00,
W1006554,1227.61,engine_median,DERIVED,1,0.0,2026-09-06T23:07:09.964344+00:00,
W1007065,1461.44,engine_median,DERIVED,1,0.0,2026-09-06T23:07:09.964344+00:00,
W1008095,7950.22,engine_median,DERIVED,1,0.0,2026-09-06T23:07:09.964344+00:00,
W1008254,2864.42,engine_median,DERIVED,1,0.0,2026-09-06T23:07:09.964344+00:00,
W1008354,2618.86,engine_median,DERIVED,1,0.0,2026-09-06T23:07:09.964344+00:00,
W1009754,1227.61,engine_median,DERIVED,1,0.0,2026-09-06T23:07:09.964344+00:00,
W1009854,1286.07,engine_median,DERIVED,1,0.0,2026-09-06T23:07:09.964344+00:00,
W1009954,1052.24,engine_median,DERIVED,1,0.0,2026-09-06T23:07:09.964344+00:00,
W1010844,2104.47,engine_median,DERIVED,1,0.0,2026-09-06T23:07:09.964344+00:00,
W1011455,1461.44,engine_median,DERIVED,1,0.0,2026-09-06T23:07:09.964344+00:00,
W1011554,1227.61,engine_median,DERIVED,1,0.0,2026-09-06T23:07:09.964344+00:00,
W1013654,2665.42,engine_median,DERIVED,1,0.0,2026-09-06T23:07:09.964344+00:00,
W1013754,3613.36,engine_median,DERIVED,1,0.0,2026-09-06T23:07:09.964344+00:00,
W1013954,2630.59,engine_median,DERIVED,1,0.0,2026-09-06T23:07:09.964344+00:00,
W1014054,1849.39,engine_median,DERIVED,1,0.0,2026-09-06T23:07:09.964344+00:00,
W1014154,3055.75,engine_median,DERIVED,1,0.0,2026-09-06T23:07:09.964344+00:00,
W1014354,2206.56,engine_median,DERIVED,1,0.0,2026-09-06T23:07:09.964344+00:00,
W1014945,1695.27,engine_median,DERIVED,1,0.0,2026-09-06T23:07:09.964344+00:00,
W1016055,6914.93,engine_median,DERIVED,1,0.0,2026-09-06T23:07:09.964344+00:00,
W1016130,2769.98,engine_median,DERIVED,1,0.0,2026-09-06T23:07:09.964344+00:00,
W1016230,2776.93,engine_median,DERIVED,1,0.0,2026-09-06T23:07:09.964344+00:00,
W1016830,3858.2,engine_median,DERIVED,1,0.0,2026-09-06T23:07:09.964344+00:00,
W1500851,9962.2,engine_median,DERIVED,1,0.0,2026-09-06T23:07:09.964344+00:00,
W1506051,8810.36,engine_median,DERIVED,1,0.0,2026-09-06T23:07:09.964344+00:00,
W1509551,19516.62,engine_median,DERIVED,1,0.0,2026-09-06T23:07:09.964344+00:00,
W1509751,10522.35,engine_median,DERIVED,1,0.0,2026-09-06T23:07:09.964344+00:00,
W1510956,7137.51,engine_median,DERIVED,1,0.0,2026-09-06T23:07:09.964344+00:00,
W1511556,3799.74,engine_median,DERIVED,1,0.0,2026-09-06T23:07:09.964344+00:00,
W1516856,8476.34,engine_median,DERIVED,1,0.0,2026-09-06T23:07:09.964344+00:00,
W1516956,10522.35,engine_median,DERIVED,1,0.0,2026-09-06T23:07:09.964344+00:00,
W1523656,3177.96,engine_median,DERIVED,1,0.0,2026-09-06T23:07:09.964344+00:00,
W1529856,8456.0,manual_check,VERIFIED,2,28.0,2026-08-09,8000.0
W1534251,19895.08,engine_median,DERIVED,1,0.0,2026-09-06T23:07:09.964344+00:00,
W1556252,7149.35,engine_median,DERIVED,1,0.0,2026-09-06T23:07:09.964344+00:00,
W20011C4,4030.24,engine_median,DERIVED,1,0.0,2026-09-06T23:07:09.964344+00:00,
W20012C4,3840.7,engine_median,DERIVED,1,0.0,2026-09-06T23:07:09.964344+00:00,
W20055D6,5373.61,engine_median,DERIVED,1,0.0,2026-09-06T23:07:09.964344+00:00,
W2600951,6313.41,engine_median,DERIVED,1,0.0,2026-09-06T23:07:09.964344+00:00,
W2601556,5553.46,engine_median,DERIVED,1,0.0,2026-09-06T23:07:09.964344+00:00,
W2607056,5261.18,engine_median,DERIVED,1,0.0,2026-09-06T23:07:09.964344+00:00,
W2607456,5265.0,manual_check,VERIFIED,2,2.8,2026-08-09,
W2609956,10230.06,engine_median,DERIVED,1,0.0,2026-09-06T23:07:09.964344+00:00,
W2PA0007,4840.12,engine_median,DERIVED,1,0.0,2026-09-06T23:07:09.964344+00:00,
W2PA0008,4676.6,engine_median,DERIVED,1,0.0,2026-09-06T23:07:09.964344+00:00,
W2PN0006,7162.0,manual_check,VERIFIED,1,0.0,2026-08-09,
W2PN0007,9038.0,manual_check,VERIFIED,1,0.0,2026-08-09,
W2PN0012,10037.12,engine_median,DERIVED,1,0.0,2026-09-06T23:07:09.964344+00:00,
W2PN0016,9367.97,engine_median,DERIVED,1,0.0,2026-09-06T23:07:09.964344+00:00,12400.0
W2PN0018,8933.0,manual_check,VERIFIED,2,4.8,2026-08-09,
W2PN0019,9801.0,manual_check,VERIFIED,1,0.0,2026-08-09,
W2RN0005,2802.85,engine_median,DERIVED,1,0.0,2026-09-06T23:07:09.964344+00:00,
W2SA0009,9202.0,manual_check,VERIFIED,2,30.7,2026-08-09,
W2SA0011,5113.0,manual_check,VERIFIED,1,0.0,2026-08-09,
W2SA0012,4747.0,manual_check,VERIFIED,1,0.0,2026-08-09,
W2SA0016,9371.0,manual_check,VERIFIED,1,0.0,2026-08-09,
W2SA0017,6314.0,manual_check,VERIFIED,2,5.8,2026-08-09,
W2SA0030,12198.98,engine_median,DERIVED,1,0.0,2026-09-06T23:07:09.964344+00:00,14200.0
W2SA0033,9077.0,manual_check,VERIFIED,2,7.5,2026-08-09,
W2SA0034,8810.36,engine_median,DERIVED,1,0.0,2026-09-06T23:07:09.964344+00:00,
W2SA0038,5854.98,engine_median,DERIVED,1,0.0,2026-09-06T23:07:09.964344+00:00,
W2SA0046,6133.8,engine_median,DERIVED,1,0.0,2026-09-06T23:07:09.964344+00:00,7350.0
W3000151,11781.04,engine_median,DERIVED,1,0.0,2026-09-06T23:07:09.964344+00:00,
W30X7651,11574.58,engine_median,DERIVED,1,0.0,2026-09-06T23:07:09.964344+00:00,
W31015M7,1681.04,engine_median,DERIVED,1,0.0,2026-09-06T23:07:09.964344+00:00,
W3107099,1578.35,engine_median,DERIVED,1,0.0,2026-09-06T23:07:09.964344+00:00,
W3108199,1753.73,engine_median,DERIVED,1,0.0,2026-09-06T23:07:09.964344+00:00,
W3108299,1667.56,engine_median,DERIVED,1,0.0,2026-09-06T23:07:09.964344+00:00,
W3140007,1636.81,engine_median,DERIVED,1,0.0,2026-09-06T23:07:09.964344+00:00,
W3140008,2678.4,engine_median,DERIVED,1,0.0,2026-09-06T23:07:09.964344+00:00,
W3140023,1496.86,engine_median,DERIVED,1,0.0,2026-09-06T23:07:09.964344+00:00,
W3140026,1519.9,engine_median,DERIVED,1,0.0,2026-09-06T23:07:09.964344+00:00,
W3PN0007,12809.11,engine_median,DERIVED,1,0.0,2026-09-06T23:07:09.964344+00:00,
W3PN0014,12698.53,engine_median,DERIVED,1,0.0,2026-09-06T23:07:09.964344+00:00,
W3SA0007,12495.0,manual_check,VERIFIED,1,0.0,2026-08-09,
W4BB0008,3036.0,engine_median,DERIVED,1,0.0,2026-09-06T23:07:09.964344+00:00,
W4BB0016,6135.97,engine_median,DERIVED,1,0.0,2026-09-06T23:07:09.964344+00:00,
W4BB0021,5282.0,manual_check,VERIFIED,2,29.9,2026-08-09,8800.0
W4BB0023,7376.0,manual_check,VERIFIED,2,32.8,2026-08-09,
W4BB0028,6905.0,manual_check,VERIFIED,2,14.8,2026-08-09,
W4BB0030,8643.07,engine_median,DERIVED,1,0.0,2026-09-06T23:07:09.964344+00:00,
W4PN0007,7715.0,manual_check,VERIFIED,1,0.0,2026-08-09,
W4SA0005,9427.0,manual_check,VERIFIED,1,0.0,2026-08-09,
W4SA0006,9406.0,manual_check,VERIFIED,1,0.0,2026-08-09,
W4TA0008,5120.0,manual_check,VERIFIED,2,13.4,2026-08-09,8000.0
W4TA0009,5824.0,manual_check,VERIFIED,1,0.0,2026-08-09,
W4TA0016,4805.0,manual_check,VERIFIED,2,17.9,2026-08-09,6800.0
W4TA0020,6190.66,engine_median,DERIVED,1,0.0,2026-09-06T23:07:09.964344+00:00,
W4TA0029,7973.93,engine_median,DERIVED,1,0.0,2026-09-06T23:07:09.964344+00:00,
W5000156,7695.13,engine_median,DERIVED,1,0.0,2026-09-06T23:07:09.964344+00:00,
W5000256,5251.27,engine_median,DERIVED,1,0.0,2026-09-06T23:07:09.964344+00:00,
W51007Q4,4047.0,manual_check,VERIFIED,1,0.0,2026-08-09,
W51008Q3,2545.08,engine_median,DERIVED,2,10.7,2026-09-06T23:07:09.964344+00:00,
W51028Q3,2412.21,engine_median,DERIVED,1,0.0,2026-09-06T23:07:09.964344+00:00,
W5200000,2107.79,engine_median,DERIVED,1,0.0,2026-09-06T23:07:09.964344+00:00,
W5200004,4508.81,engine_median,DERIVED,1,0.0,2026-09-06T23:07:09.964344+00:00,
W5200005,2089.14,engine_median,DERIVED,1,0.0,2026-09-06T23:07:09.964344+00:00,
W5200013,2658.73,engine_median,DERIVED,1,0.0,2026-09-06T23:07:09.964344+00:00,
W5200014,2852.94,engine_median,DERIVED,1,0.0,2026-09-06T23:07:09.964344+00:00,
W5200017,7950.22,engine_median,DERIVED,1,0.0,2026-09-06T23:07:09.964344+00:00,
W5200018,7442.34,engine_median,DERIVED,1,0.0,2026-09-06T23:07:09.964344+00:00,
W5200028,3274.96,engine_median,DERIVED,1,0.0,2026-09-06T23:07:09.964344+00:00,
W5310046,4033.57,engine_median,DERIVED,1,0.0,2026-09-06T23:07:09.964344+00:00,
W62053V3,3058.33,engine_median,DERIVED,1,0.0,2026-09-06T23:07:09.964344+00:00,
W6206006,2683.98,engine_median,DERIVED,1,0.0,2026-09-06T23:07:09.964344+00:00,
W6300556,7261.44,engine_median,DERIVED,1,0.0,2026-09-06T23:07:09.964344+00:00,
W630065,2678.4,engine_median,DERIVED,1,0.0,2026-09-06T23:07:09.964344+00:00,
W6300755,2678.27,engine_median,DERIVED,1,0.0,2026-09-06T23:07:09.964344+00:00,
W6300856,9002.46,engine_median,DERIVED,1,0.0,2026-09-06T23:07:09.964344+00:00,
W6301455,2219.31,engine_median,DERIVED,1,0.0,2026-09-06T23:07:09.964344+00:00,
W6800151,3232.7,engine_median,DERIVED,1,0.0,2026-09-06T23:07:09.964344+00:00,
W69010Z4,3232.0,manual_check,VERIFIED,1,0.0,2026-08-09,
W6920002,3542.93,engine_median,DERIVED,1,0.0,2026-09-06T23:07:09.964344+00:00,
W6920071,3858.2,engine_median,DERIVED,1,0.0,2026-09-06T23:07:09.964344+00:00,
W6920097,7090.0,manual_check,VERIFIED,1,0.0,2026-08-09,
W6920100,3624.37,engine_median,DERIVED,1,0.0,2026-09-06T23:07:09.964344+00:00,
W7100054,5085.8,engine_median,DERIVED,1,0.0,2026-09-06T23:07:09.964344+00:00,
W7100056,2899.01,engine_median,DERIVED,1,0.0,2026-09-06T23:07:09.964344+00:00,
W8000002,10237.44,engine_median,DERIVED,1,0.0,2026-09-06T23:07:09.964344+00:00,
WA203751,17771.07,engine_median,DERIVED,1,0.0,2026-09-06T23:07:09.964344+00:00,
WAR201B,1071.36,engine_median,DERIVED,1,0.0,2026-09-06T23:07:09.964344+00:00,
WAR201C,1239.93,engine_median,DERIVED,1,0.0,2026-09-06T23:07:09.964344+00:00,
WAR201D,1219.9,engine_median,DERIVED,1,0.0,2026-09-06T23:07:09.964344+00:00,
WAR201E,1013.09,engine_median,DERIVED,1,0.0,2026-09-06T23:07:09.964344+00:00,
WATA0043,2805.96,engine_median,DERIVED,1,0.0,2026-09-06T23:07:09.964344+00:00,
WBN0210,1578.35,engine_median,DERIVED,1,0.0,2026-09-06T23:07:09.964344+00:00,
WBN2010,2562.9,engine_median,DERIVED,1,0.0,2026-09-06T23:07:09.964344+00:00,
WBN2012,2562.9,engine_median,DERIVED,1,0.0,2026-09-06T23:07:09.964344+00:00,
WBN2013,2674.82,engine_median,DERIVED,1,0.0,2026-09-06T23:07:09.964344+00:00,
WDA2110,2532.31,engine_median,DERIVED,1,0.0,2026-09-06T23:07:09.964344+00:00,
WDA2111,2954.61,engine_median,DERIVED,1,0.0,2026-09-06T23:07:09.964344+00:00,
WDA2112,2748.75,engine_median,DERIVED,1,0.0,2026-09-06T23:07:09.964344+00:00,
WDA2113,2802.85,engine_median,DERIVED,1,0.0,2026-09-06T23:07:09.964344+00:00,
WDA2115,2786.75,engine_median,DERIVED,1,0.0,2026-09-06T23:07:09.964344+00:00,
WE100231,6022.27,engine_median,DERIVED,1,0.0,2026-09-06T23:07:09.964344+00:00,
WE110004,4217.0,manual_check,VERIFIED,2,0.2,2026-08-09,
WE110006,3332.08,engine_median,DERIVED,1,0.0,2026-09-06T23:07:09.964344+00:00,
WE400331,9913.76,engine_median,DERIVED,1,0.0,2026-09-06T23:07:09.964344+00:00,
WE801031,4393.21,engine_median,DERIVED,1,0.0,2026-09-06T23:07:09.964344+00:00,
WE801331,3507.45,engine_median,DERIVED,1,0.0,2026-09-06T23:07:09.964344+00:00,
WE902063,6906.0,manual_check,VERIFIED,1,0.0,2026-08-09,
WE902073,4038.0,manual_check,VERIFIED,2,30.3,2026-08-09,
WF100013,10890.26,engine_median,DERIVED,1,0.0,2026-09-06T23:07:09.964344+00:00,
WG200246,4770.13,engine_median,DERIVED,1,0.0,2026-09-06T23:07:09.964344+00:00,
WG600007,6979.83,engine_median,DERIVED,1,0.0,2026-09-06T23:07:09.964344+00:00,
WGBA0007,7950.22,engine_median,DERIVED,1,0.0,2026-09-06T23:07:09.964344+00:00,
WGBA0025,18680.18,engine_median,DERIVED,1,0.0,2026-09-06T23:07:09.964344+00:00,
WGBA0040,7806.65,engine_median,DERIVED,1,0.0,2026-09-06T23:07:09.964344+00:00,
WGBA0042,11598.45,engine_median,DERIVED,1,0.0,2026-09-06T23:07:09.964344+00:00,
WGBA0050,14944.15,engine_median,DERIVED,1,0.0,2026-09-06T23:07:09.964344+00:00,
WGBA0075,8085.46,engine_median,DERIVED,1,0.0,2026-09-06T23:07:09.964344+00:00,
WGBA0077,14926.34,engine_median,DERIVED,1,0.0,2026-09-06T23:07:09.964344+00:00,
WGBA0078,14944.15,engine_median,DERIVED,1,0.0,2026-09-06T23:07:09.964344+00:00,
WGBA0079,14944.15,engine_median,DERIVED,1,0.0,2026-09-06T23:07:09.964344+00:00,
WGBA0080,14944.15,engine_median,DERIVED,1,0.0,2026-09-06T23:07:09.964344+00:00,
WGBA0081,14926.34,engine_median,DERIVED,1,0.0,2026-09-06T23:07:09.964344+00:00,
WGBB0007,4438.64,engine_median,DERIVED,1,0.0,2026-09-06T23:07:09.964344+00:00,
WGBB0030,9766.0,manual_check,VERIFIED,1,0.0,2026-08-09,
WGBB0035,9353.2,engine_median,DERIVED,1,0.0,2026-09-06T23:07:09.964344+00:00,
WGBB0036,10733.0,manual_check,VERIFIED,1,0.0,2026-08-09,
WGBL0005,6067.0,manual_check,VERIFIED,1,0.0,2026-08-09,
WGPA0018,7014.9,engine_median,DERIVED,1,0.0,2026-09-06T23:07:09.964344+00:00,
WGPN0048,21077.95,engine_median,DERIVED,1,0.0,2026-09-06T23:07:09.964344+00:00,
WGPN0059,23392.02,engine_median,DERIVED,1,0.0,2026-09-06T23:07:09.964344+00:00,
WGPN0060,23392.02,engine_median,DERIVED,1,0.0,2026-09-06T23:07:09.964344+00:00,
WGRN0012,6108.81,engine_median,DERIVED,1,0.0,2026-09-06T23:07:09.964344+00:00,
WGSA0019,16470.0,manual_check,VERIFIED,1,0.0,2026-08-09,
WGSA0021,9894.0,manual_check,VERIFIED,1,0.0,2026-08-09,
WGSA0028,13436.0,manual_check,VERIFIED,1,0.0,2026-08-09,
WGSA0029,29371.0,manual_check,VERIFIED,2,17.2,2026-08-09,
WGSA0030,29172.33,engine_median,DERIVED,1,0.0,2026-09-06T23:07:09.964344+00:00,
WGSA0098,12642.54,engine_median,DERIVED,1,0.0,2026-09-06T23:07:09.964344+00:00,
WGSA0107,27211.74,engine_median,DERIVED,1,0.0,2026-09-06T23:07:09.964344+00:00,
WGSA0111,15613.3,engine_median,DERIVED,1,0.0,2026-09-06T23:07:09.964344+00:00,
WGTA0010,9823.0,manual_check,VERIFIED,2,5.0,2026-08-09,
WGTA0011,11636.0,manual_check,VERIFIED,2,14.9,2026-08-09,
WGTA0059,10315.92,engine_median,DERIVED,1,0.0,2026-09-06T23:07:09.964344+00:00,10200.0
WGTA0075,21629.27,engine_median,DERIVED,1,0.0,2026-09-06T23:07:09.964344+00:00,
WGTA0091,13255.48,engine_median,DERIVED,1,0.0,2026-09-06T23:07:09.964344+00:00,
WGTA0092,11027.67,engine_median,DERIVED,1,0.0,2026-09-06T23:07:09.964344+00:00,
WGTA0093,10522.35,engine_median,DERIVED,1,0.0,2026-09-06T23:07:09.964344+00:00,
WGTA0134,11223.84,engine_median,DERIVED,1,0.0,2026-09-06T23:07:09.964344+00:00,
WGTA0190,12252.96,engine_median,DERIVED,1,0.0,2026-09-06T23:07:09.964344+00:00,
WGTA0191,12267.58,engine_median,DERIVED,1,0.0,2026-09-06T23:07:09.964344+00:00,14800.0
WGTA0211,13271.3,engine_median,DERIVED,1,0.0,2026-09-06T23:07:09.964344+00:00,
WGTA0235,100916.47,engine_median,DERIVED,1,0.0,2026-09-06T23:07:09.964344+00:00,
WGTA0281,12310.89,engine_median,DERIVED,1,0.0,2026-09-06T23:07:09.964344+00:00,
WGTA0295,16617.0,engine_median,DERIVED,1,0.0,2026-09-06T23:07:09.964344+00:00,
WGTA0297,18568.67,engine_median,DERIVED,1,0.0,2026-09-06T23:07:09.964344+00:00,
WGTA0299,10483.21,engine_median,DERIVED,1,0.0,2026-09-06T23:07:09.964344+00:00,
WGTA0303,16507.79,engine_median,DERIVED,1,0.0,2026-09-06T23:07:09.964344+00:00,21000.0
WGTA0341,8343.3,engine_median,DERIVED,1,0.0,2026-09-06T23:07:09.964344+00:00,
WGTA0342,10456.94,engine_median,DERIVED,1,0.0,2026-09-06T23:07:09.964344+00:00,
WGTA0343,11709.96,engine_median,DERIVED,1,0.0,2026-09-06T23:07:09.964344+00:00,13100.0
WGTA0344,21189.47,engine_median,DERIVED,1,0.0,2026-09-06T23:07:09.964344+00:00,
WGTA0346,14944.15,engine_median,DERIVED,1,0.0,2026-09-06T23:07:09.964344+00:00,16400.0
WGTA0349,23280.63,engine_median,DERIVED,1,0.0,2026-09-06T23:07:09.964344+00:00,
WGTA0352,7918.17,engine_median,DERIVED,1,0.0,2026-09-06T23:07:09.964344+00:00,
WGTA0353,8252.74,engine_median,DERIVED,1,0.0,2026-09-06T23:07:09.964344+00:00,
WGTA0357,13224.0,manual_check,VERIFIED,2,13.0,2026-08-09,16400.0
WGTA0405,19516.62,engine_median,DERIVED,1,0.0,2026-09-06T23:07:09.964344+00:00,
WHPA0010,43647.71,engine_median,DERIVED,1,0.0,2026-09-06T23:07:09.964344+00:00,
WHSA0007,16095.12,engine_median,DERIVED,1,0.0,2026-09-06T23:07:09.964344+00:00,
WHSA0015,20846.0,manual_check,VERIFIED,2,1.6,2026-08-09,
WHSA0016,43529.0,manual_check,VERIFIED,1,0.0,2026-08-09,
WHTA0025,29696.4,engine_median,DERIVED,1,0.0,2026-09-06T23:07:09.964344+00:00,
WJ11891G,6841.17,engine_median,DERIVED,1,0.0,2026-09-06T23:07:09.964344+00:00,
WJ124021,4192.86,engine_median,DERIVED,1,0.0,2026-09-06T23:07:09.964344+00:00,
WJBA0031,11907.79,engine_median,DERIVED,1,0.0,2026-09-06T23:07:09.964344+00:00,
WJBA0042,23837.59,engine_median,DERIVED,1,0.0,2026-09-06T23:07:09.964344+00:00,
WJBA0045,23280.63,engine_median,DERIVED,1,0.0,2026-09-06T23:07:09.964344+00:00,
WJBA0070,20328.79,engine_median,DERIVED,1,0.0,2026-09-06T23:07:09.964344+00:00,
WJBB0010,7129.0,engine_median,DERIVED,1,0.0,2026-09-06T23:07:09.964344+00:00,
WJBB0018,6572.05,engine_median,DERIVED,1,0.0,2026-09-06T23:07:09.964344+00:00,
WJBB0033,10584.0,manual_check,VERIFIED,1,0.0,2026-08-09,
WJBL0006,6814.0,manual_check,VERIFIED,1,0.0,2026-08-09,
WJPN0081,30480.86,engine_median,DERIVED,1,0.0,2026-09-06T23:07:09.964344+00:00,
WJPN0086,28293.64,engine_median,DERIVED,1,0.0,2026-09-06T23:07:09.964344+00:00,
WJPN0087,27825.12,engine_median,DERIVED,1,0.0,2026-09-06T23:07:09.964344+00:00,
WJSA0017,12719.0,manual_check,VERIFIED,1,0.0,2026-08-09,
WJTA0022,22193.19,engine_median,DERIVED,1,0.0,2026-09-06T23:07:09.964344+00:00,
WJTA0039,23280.63,engine_median,DERIVED,1,0.0,2026-09-06T23:07:09.964344+00:00,
WSBB0002,2924.35,engine_median,DERIVED,1,0.0,2026-09-06T23:07:09.964344+00:00,
WSBB0003,2924.35,engine_median,DERIVED,1,0.0,2026-09-06T23:07:09.964344+00:00,
WSBB0025,3858.2,engine_median,DERIVED,1,0.0,2026-09-06T23:07:09.964344+00:00,
WSBB0026,3808.0,manual_check,VERIFIED,1,0.0,2026-08-09,
WSBB0027,4503.0,manual_check,VERIFIED,1,0.0,2026-08-09,
WSBB0028,3892.0,manual_check,VERIFIED,1,0.0,2026-08-09,
WSBB0030,4024.0,manual_check,VERIFIED,1,0.0,2026-08-09,
WSBB0039,4549.0,manual_check,VERIFIED,1,0.0,2026-08-09,
WSBB0040,5114.0,manual_check,VERIFIED,1,0.0,2026-08-09,
WSBB0044,4416.0,manual_check,VERIFIED,2,26.1,2026-08-09,6800.0
WSBB0046,4460.0,manual_check,VERIFIED,1,0.0,2026-08-09,
WSBB0048,4353.0,manual_check,VERIFIED,1,0.0,2026-08-09,
WSBB0049,5095.0,manual_check,VERIFIED,1,0.0,2026-08-09,
WSBB0060,5207.0,manual_check,VERIFIED,1,0.0,2026-08-09,
WSBB0061,5498.0,manual_check,VERIFIED,1,0.0,2026-08-09,
WSBB0062,4957.0,manual_check,VERIFIED,2,7.8,2026-08-09,7050.0
WSBB0068,5494.0,manual_check,VERIFIED,2,38.3,2026-08-09,
WSBB0073,4617.08,engine_median,DERIVED,1,0.0,2026-09-06T23:07:09.964344+00:00,
WSCA0010,3776.35,engine_median,DERIVED,1,0.0,2026-09-06T23:07:09.964344+00:00,
WSCL0005,2371.38,engine_median,DERIVED,1,0.0,2026-09-06T23:07:09.964344+00:00,
WSPA0009,3039.79,engine_median,DERIVED,1,0.0,2026-09-06T23:07:09.964344+00:00,
WSPA0010,2772.27,engine_median,DERIVED,1,0.0,2026-09-06T23:07:09.964344+00:00,
WSPA0012,3098.0,manual_check,VERIFIED,2,32.5,2026-08-09,6250.0
WSPA0013,3867.0,manual_check,VERIFIED,2,38.6,2026-08-09,6750.0
WSPA0018,4404.43,engine_median,DERIVED,1,0.0,2026-09-06T23:07:09.964344+00:00,
WSPA0021,2981.33,engine_median,DERIVED,1,0.0,2026-09-06T23:07:09.964344+00:00,
WSPA0026,4420.0,manual_check,VERIFIED,2,20.0,2026-08-09,
WSPA0027,5778.0,manual_check,VERIFIED,2,14.4,2026-08-09,10400.0
WSPA0030,4735.06,engine_median,DERIVED,1,0.0,2026-09-06T23:07:09.964344+00:00,
WSPA0031,4208.94,engine_median,DERIVED,1,0.0,2026-09-06T23:07:09.964344+00:00,
WSPA0038,4501.23,engine_median,DERIVED,1,0.0,2026-09-06T23:07:09.964344+00:00,
WSPA0045,4653.22,engine_median,DERIVED,1,0.0,2026-09-06T23:07:09.964344+00:00,
WSPN0006,4310.0,manual_check,VERIFIED,2,1.8,2026-08-09,4300.0
WSPN0007,4807.0,manual_check,VERIFIED,2,2.1,2026-08-09,5900.0
WSPN0010,5263.82,engine_median,DERIVED,1,0.0,2026-09-06T23:07:09.964344+00:00,
WSPN0011,5168.52,engine_median,DERIVED,1,0.0,2026-09-06T23:07:09.964344+00:00,
WSPN0012,3941.0,manual_check,VERIFIED,2,0.5,2026-08-09,
WSPN0013,5106.0,manual_check,VERIFIED,2,14.4,2026-08-09,
WSPN0015,5909.0,manual_check,VERIFIED,2,13.0,2026-08-09,6250.0
WSPN0016,5860.0,manual_check,VERIFIED,2,0.1,2026-08-09,6950.0
WSPN0019,3985.0,manual_check,VERIFIED,1,0.0,2026-08-09,
WSRN0030,2515.0,manual_check,VERIFIED,2,16.4,2026-08-09,
WSRN0033,2790.0,manual_check,VERIFIED,1,0.0,2026-08-09,
WSRN0034,2560.0,manual_check,VERIFIED,1,0.0,2026-08-09,
WSSA0009,6376.0,manual_check,VERIFIED,1,0.0,2026-08-09,
WSSA0017,7291.0,manual_check,VERIFIED,1,0.0,2026-08-09,
WSSA0018,7194.0,manual_check,VERIFIED,3,7.0,2026-08-09,
WSSA0022,4246.0,manual_check,VERIFIED,2,9.8,2026-08-09,
WSSA0023,4022.0,manual_check,VERIFIED,1,0.0,2026-08-09,
WSSA0029,6796.0,manual_check,VERIFIED,2,1.1,2026-08-09,
WSSA0030,6771.0,manual_check,VERIFIED,2,0.7,2026-08-09,
WSSA0032,5694.0,manual_check,VERIFIED,1,0.0,2026-08-09,
WSSA0037,7124.0,manual_check,VERIFIED,1,0.0,2026-08-09,
WSSA0039,7568.0,manual_check,VERIFIED,2,18.8,2026-08-09,
WSSA0046,7173.0,manual_check,VERIFIED,2,1.1,2026-08-09,8550.0
WSSA0047,6834.0,manual_check,VERIFIED,1,0.0,2026-08-09,
WSSA0048,7146.0,manual_check,VERIFIED,1,0.0,2026-08-09,
WSSA0061,7166.0,manual_check,VERIFIED,2,1.2,2026-08-09,8400.0
WSSA0062,7529.0,manual_check,VERIFIED,2,7.3,2026-08-09,8050.0
WSSA0063,7203.0,manual_check,VERIFIED,2,0.6,2026-08-09,
WSSA0065,7241.0,manual_check,VERIFIED,2,14.7,2026-08-09,
WSSA0071,7568.0,manual_check,VERIFIED,1,0.0,2026-08-09,
WSSA0076,8592.0,manual_check,VERIFIED,2,1.6,2026-08-09,
WSSA0082,5872.0,manual_check,VERIFIED,2,3.6,2026-08-09,
WSSA0083,12758.57,engine_median,DERIVED,1,0.0,2026-09-06T23:07:09.964344+00:00,14700.0
WSSA0085,4495.0,manual_check,VERIFIED,2,1.0,2026-08-09,5100.0
WSSA0086,4382.0,manual_check,VERIFIED,2,8.4,2026-08-09,4800.0
WSSA0089,10330.0,manual_check,VERIFIED,1,0.0,2026-08-09,
WSSA0096,7952.0,manual_check,VERIFIED,2,1.5,2026-08-09,8050.0
WSTA0016,2737.92,engine_median,DERIVED,1,0.0,2026-09-06T23:07:09.964344+00:00,
WSTA0017,3390.54,engine_median,DERIVED,1,0.0,2026-09-06T23:07:09.964344+00:00,
WSTA0030,2304.52,engine_median,DERIVED,1,0.0,2026-09-06T23:07:09.964344+00:00,
WSTA0032,3273.6,engine_median,DERIVED,1,0.0,2026-09-06T23:07:09.964344+00:00,
WSTA0040,4135.0,manual_check,VERIFIED,2,2.8,2026-08-09,
WSTA0041,3078.0,manual_check,VERIFIED,3,7.5,2026-08-09,3900.0
WSTA0042,2746.0,manual_check,VERIFIED,2,14.6,2026-08-09,
WSTA0043,3229.0,manual_check,VERIFIED,2,20.1,2026-08-09,
WSTA0044,3516.07,engine_median,DERIVED,1,0.0,2026-09-06T23:07:09.964344+00:00,
WSTA0051,3483.0,manual_check,VERIFIED,2,12.4,2026-08-09,3900.0
WSTA0052,3619.0,manual_check,VERIFIED,2,6.7,2026-08-09,
WSTA0053,4257.0,manual_check,VERIFIED,2,15.8,2026-08-09,
WSTA0059,3041.31,engine_median,DERIVED,1,0.0,2026-09-06T23:07:09.964344+00:00,
WSTA0065,3242.0,manual_check,VERIFIED,2,2.8,2026-08-09,3700.0
WSTA0067,4581.0,manual_check,VERIFIED,2,25.4,2026-08-09,6750.0
WSTA0071,3160.0,manual_check,VERIFIED,2,6.2,2026-08-09,
WSTA0072,3469.0,manual_check,VERIFIED,2,12.0,2026-08-09,
WSTA0074,3937.0,manual_check,VERIFIED,2,8.6,2026-08-09,
WSTA0082,2835.19,engine_median,DERIVED,1,0.0,2026-09-06T23:07:09.964344+00:00,
WSTA0086,4170.98,engine_median,DERIVED,1,0.0,2026-09-06T23:07:09.964344+00:00,
WSTA0105,4329.69,engine_median,DERIVED,1,0.0,2026-09-06T23:07:09.964344+00:00,
WSTA0106,3817.0,manual_check,VERIFIED,2,14.6,2026-08-09,
WSTA0107,3516.0,manual_check,VERIFIED,2,0.2,2026-08-09,
WSTA0108,3682.07,engine_median,DERIVED,1,0.0,2026-09-06T23:07:09.964344+00:00,
WSTA0109,3268.0,manual_check,VERIFIED,1,0.0,2026-08-09,
WSTA0122,3791.8,engine_median,DERIVED,1,0.0,2026-09-06T23:07:09.964344+00:00,4400.0
WSTA0129,3515.0,manual_check,VERIFIED,2,6.0,2026-08-09,4300.0
WSTA0135,3198.0,manual_check,VERIFIED,2,2.0,2026-08-09,3300.0
WSTA0136,3215.16,engine_median,DERIVED,1,0.0,2026-09-06T23:07:09.964344+00:00,
WT000550,3892.17,engine_median,DERIVED,1,0.0,2026-09-06T23:07:09.964344+00:00,
WT000830,2221.39,engine_median,DERIVED,1,0.0,2026-09-06T23:07:09.964344+00:00,
WT200006,9937.78,engine_median,DERIVED,1,0.0,2026-09-06T23:07:09.964344+00:00,
X82310,2069.0,manual_check,VERIFIED,2,25.1,2026-08-09,
X823105C1M1S1,465.0,engine_median,DERIVED,1,0.0,2026-09-06T23:07:09.964344+00:00,
X823109A1K1S1,2159.55,engine_median,DERIVED,1,0.0,2026-09-06T23:07:09.964344+00:00,
X823109C1B1S1,465.0,engine_median,DERIVED,1,0.0,2026-09-06T23:07:09.964344+00:00,
X82310A41B1S1,2339.07,engine_median,DERIVED,1,0.0,2026-09-06T23:07:09.964344+00:00,3700.0
X82310A51B1S2,3441.0,engine_median,DERIVED,1,0.0,2026-09-06T23:07:09.964344+00:00,
X82310D31B1S1,2045.07,engine_median,DERIVED,1,0.0,2026-09-06T23:07:09.964344+00:00,
X82310D51B1S2,3441.0,engine_median,DERIVED,1,0.0,2026-09-06T23:07:09.964344+00:00,
X82310D91B1S1,2715.6,engine_median,DERIVED,1,0.0,2026-09-06T23:07:09.964344+00:00,
X82310E51B1S1,465.0,engine_median,DERIVED,1,0.0,2026-09-06T23:07:09.964344+00:00,
X82310E51B1S2,2371.28,engine_median,DERIVED,1,0.0,2026-09-06T23:07:09.964344+00:00,3700.0
X83310,2098.0,manual_check,VERIFIED,1,0.0,2026-08-09,
X83310281B1S1,3301.5,engine_median,DERIVED,1,0.0,2026-09-06T23:07:09.964344+00:00,
X83310D41B1S1,3301.5,engine_median,DERIVED,1,0.0,2026-09-06T23:07:09.964344+00:00,
X83310F61B1S1,1667.56,engine_median,DERIVED,1,0.0,2026-09-06T23:07:09.964344+00:00,3550.0
Y23380,3640.0,manual_check,VERIFIED,1,0.0,2026-08-09,
Y233801A1B1A1,465.0,engine_median,DERIVED,1,0.0,2026-09-06T23:07:09.964344+00:00,
Y24310,3375.0,manual_check,VERIFIED,1,0.0,2026-08-09,
YB0445,5566.0,manual_check,VERIFIED,1,0.0,2026-08-09,
YB04451A1B1A1,465.0,engine_median,DERIVED,1,0.0,2026-09-06T23:07:09.964344+00:00,
YB04451A1B1X1,10695.0,engine_median,DERIVED,1,0.0,2026-09-06T23:07:09.964344+00:00,
