rank,tier,verdict,pct_below_best,brand,title,ref,dealer,accessories,usd_taxfree,landed_japan,best_alt,floor_venue,us_listings,mark_usd,mark_conf,japan_url,comp_url
1,A,BUY,43.1,Omega,オメガ OMEGA コンステレーション グローブマスター アニュアルカレンダー 130.23.41.22.06.001 新品 時計 メンズ,130.23.41.22.06.001,jackroad,FULL_SET,7509,8223,14454,Chrono24,,13950,DERIVED,https://item.rakuten.co.jp/jackroad/om870/,
2,A,BUY,42.1,Rolex,ロレックス ROLEX レディ デイトジャスト 28 279173 中古 時計 レディース,279173,jackroad,FULL_SET,10530,11530,19929,Chrono24,2,13583,VERIFIED,https://item.rakuten.co.jp/jackroad/6333728/,https://www.chrono24.com/rolex/datejust-28mm-unworn-2026-silver-diamond-fluted-oyster-279173--id47286139.htm
3,A,BUY,40.0,Omega,オメガ OMEGA シーマスター アクアテラ 220.10.34.20.09.001 中古 時計 男女兼用,220.10.34.20.09.001,jackroad,FULL_SET,3959,4335,7226,Chrono24,,6882,DERIVED,https://item.rakuten.co.jp/jackroad/6353832/,
4,A,BUY,38.2,Omega,オメガ OMEGA シーマスター アクアテラ 220.10.34.20.09.001 中古 時計 男女兼用,220.10.34.20.09.001,bettyroad,FULL_SET,4077,4465,7226,Chrono24,,6882,DERIVED,https://item.rakuten.co.jp/bettyroad/6353832/,
5,A,BUY,33.6,Breitling,ブライトリング BREITLING エンデュランス プロ X83310F61B1S1 新品 時計 メンズ,X83310F61B1S1,jackroad,FULL_SET,1793,1963,2956,Chrono24,,1668,DERIVED,https://item.rakuten.co.jp/jackroad/br1602/,
6,A,BUY,32.9,Cartier,【中古】 【良品】 カルティエ パシャ シルバー WSPA0012 ステンレススティール 【1年保証】,WSPA0012,kitamura,PAPERS_ONLY|AB_GOOD,2650,2902,4325,Chrono24 US,8,3098,VERIFIED,https://item.rakuten.co.jp/emedama/2245460007628/,
7,A,BUY,32.0,Tudor,チューダー(チュードル) TUDOR ヘリテージ ブラックベイ 31 79603-0002 新品 時計 レディース,79603,bettyroad,FULL_SET,3706,4058,5968,Chrono24 US,6,3275,VERIFIED,https://item.rakuten.co.jp/bettyroad/tu614/,
8,A,BUY,31.8,Rolex,【中古】 【美品】 ロレックス(ROLEX) オイスターパーペチュアル 36 ブラック 126000 ステンレス OB 【1年保証】,126000,kitamura,FULL_SET|A_EXCELLENT,7792,8533,12510,Chrono24,8,9396,VERIFIED,https://item.rakuten.co.jp/emedama/2442390052661/,https://www.chrono24.com/rolex/rolex-unworn-126000-oyster-perpetual-36mm-med-blue-index-dial-oyster-bracelet-stainless-steel--id44319787.htm
9,A,BUY,31.5,Rolex,ロレックス ミルガウス Ref.116400 ステンレススチール ブラック文字盤 美品 9tkdfae8,116400,commit,UNKNOWN|A_EXCELLENT,8903,9749,14235,Chrono24,4,8750,VERIFIED,https://commit-watch.co.jp/products/9tkdfae8,https://www.chrono24.com/rolex/milgauss-white-dial-on-oyster-bracelet-116400-open-date--id47680699.htm
10,A,BUY,31.5,Rolex,ロレックス ミルガウス Ref.116400 ステンレススチール ブラック文字盤 中古 e6wsdpmy,116400,commit,UNKNOWN,8903,9749,14235,Chrono24,4,8750,VERIFIED,https://commit-watch.co.jp/products/e6wsdpmy,https://www.chrono24.com/rolex/milgauss-white-dial-on-oyster-bracelet-116400-open-date--id47680699.htm
11,A,BUY,30.0,Rolex,ロレックス ROLEX デイトジャスト 31 278344RBR 中古 時計 ボーイズ,278344RBR,jackroad,FULL_SET,11312,12387,17690,Chrono24,,14865,VERIFIED,https://item.rakuten.co.jp/jackroad/6267948/,
12,A,BUY,29.8,Rolex,ロレックス ミルガウス Ref.116400GV ステンレススチール ブラック文字盤 美品 478ce3ra,116400GV,commit,UNKNOWN|A_EXCELLENT,9677,10597,15106,Chrono24,2,10575,VERIFIED,https://commit-watch.co.jp/products/478ce3ra,https://www.chrono24.com/rolex/2020-rolex-milgauss-116400gv-40mm-green-crystal-z-blue-dial-steel-box-paper--id47732886.htm
13,A,BUY,29.5,Rolex,【中古】 【良品】 ロレックス(ROLEX) ミルガウス ブラック 116400GV ステンレス 【1年保証】,116400GV,kitamura,PAPERS_ONLY|AB_GOOD,9728,10652,15106,Chrono24,2,10575,VERIFIED,https://item.rakuten.co.jp/emedama/2403281021753/,https://www.chrono24.com/rolex/2020-rolex-milgauss-116400gv-40mm-green-crystal-z-blue-dial-steel-box-paper--id47732886.htm
14,A,BUY,29.4,Rolex,SALE Rolex Datejust 36 Bezel Diamond 10P Diamond 126283RBR Champagne Random Number Used Me,126283RBR,rasin,FULL_SET,18358,20102,28469,US AD,8,22358,VERIFIED,https://en.www.rasin.co.jp/SHOP/U-126283RBRCH.html,
15,A,BUY,29.1,Omega,【中古】 【美品】 オメガ(OMEGA) シーマスター プラネットオーシャン ブラック 215.30.44.21.01.001 ステンレススティール/セラミック 【1年保証】,215.30.44.21.01.001,kitamura,PAPERS_ONLY|A_EXCELLENT,3618,3962,5585,Chrono24 US,,4285,VERIFIED,https://item.rakuten.co.jp/emedama/2245460007734/,
16,A,BUY,27.9,Rolex,ロレックス ROLEX デイトジャスト 31 278344RBR 中古 時計 ボーイズ,278344RBR,bettyroad,FULL_SET,11650,12757,17690,Chrono24,,14865,VERIFIED,https://item.rakuten.co.jp/bettyroad/6267948/,
17,A,BUY,26.3,Rolex,【中古】 【良品】 ロレックス(ROLEX) ミルガウス ブラック 116400 ステンレス 【1年保証】,116400,kitamura,FULL_SET|AB_GOOD,9584,10495,14235,Chrono24,4,8750,VERIFIED,https://item.rakuten.co.jp/emedama/2245460008168/,https://www.chrono24.com/rolex/milgauss-white-dial-on-oyster-bracelet-116400-open-date--id47680699.htm
18,A,BUY,26.2,Omega,オメガ OMEGA シーマスター 600 プラネットオーシャン マスタークロノメーター 215.32.44.21.09.001 新品 時計 メンズ,215.32.44.21.09.001,jackroad,FULL_SET,5163,5653,7665,Chrono24 US,6,5951,VERIFIED,https://item.rakuten.co.jp/jackroad/om1719/,
19,A,BUY,24.9,Omega,【中古】 【美品】 オメガ(OMEGA) スピードマスター 57 ブラック 332.10.41.51.01.001 ステンレススティール 【1年保証】,332.10.41.51.01.001,kitamura,FULL_SET|A_EXCELLENT,5856,6413,8536,Chrono24,2,6111,VERIFIED,https://item.rakuten.co.jp/emedama/2245460005051/,https://www.chrono24.com/omega/speedmaster-57-co-axial-chronograph----black-dial--id46329783.htm
20,A,BUY,24.8,Rolex,デイトナ,116520,kamekichi,UNKNOWN,18122,19844,26372,Chrono24,11,20460,DERIVED,https://www.kame-kichi.com/items/32461,https://www.chrono24.com/rolex/daytona--id47560800.htm
21,A,BUY,24.6,Grand Seiko,【中古】 【美品】 グランドセイコー スプリングドライブ スポーツコレクション ベージュ [ホワイト系] SBGC253 チタン GMT 【1年保証】,SBGC253,kitamura,FULL_SET|A_EXCELLENT,7913,8665,11498,Chrono24,,9207,DERIVED,https://item.rakuten.co.jp/emedama/2245460005938/,
22,A,BUY,23.9,Omega,オメガ OMEGA シーマスター ダイバー300M コーアクシャル マスター クロノメーター 210.32.42.20.10.001 新品 時計 メンズ,210.32.42.20.10.001,jackroad,FULL_SET,4260,4665,6132,Chrono24,7,4619,VERIFIED,https://item.rakuten.co.jp/jackroad/om1429/,https://www.chrono24.com/omega/omega-2023-seamaster-master-chronometer-42mm-21032422010001-green-dial--id46817903.htm
23,A,BUY,23.8,Rolex,ロレックス ミルガウス Ref.116400GV ステンレススチール ブラック文字盤 美品 xtysugkd,116400GV,commit,UNKNOWN|A_EXCELLENT,10516,11515,15106,Chrono24,2,10575,VERIFIED,https://commit-watch.co.jp/products/xtysugkd,https://www.chrono24.com/rolex/2020-rolex-milgauss-116400gv-40mm-green-crystal-z-blue-dial-steel-box-paper--id47732886.htm
24,A,BUY,23.1,Rolex,ROLEX Datejust 31 278240 Pink Bar 3-Row Oyster bracelet Bracelet Random Serial Number Used,278240,rasin,FULL_SET,7613,8336,10841,Chrono24 US,12,8538,VERIFIED,https://en.www.rasin.co.jp/SHOP/U-278240PK-3.html,
25,A,BUY,22.9,Tudor,チューダー(チュードル) TUDOR ヘリテージ ブラックベイ ワン 31 79603-0006 新品 時計 レディース,79603,jackroad,FULL_SET,4200,4599,5968,Chrono24 US,6,3275,VERIFIED,https://item.rakuten.co.jp/jackroad/tu777/,
26,A,BUY,22.4,Omega,オメガ OMEGA シーマスター ダイバー300M コーアクシャル マスター クロノメーター 210.30.42.20.10.001 新品 時計 メンズ,210.30.42.20.10.001,jackroad,FULL_SET,4802,5258,6777,Chrono24,9,4942,VERIFIED,https://item.rakuten.co.jp/jackroad/om1391/,https://www.chrono24.com/omega/omega-seamaster-diver-300-m--id45157746.htm
27,A,BUY,22.2,Omega,【中古】 【美品】 オメガ(OMEGA) スピードマスター 57 ブラック 332.10.41.51.01.001 ステンレススティール 【1年保証】,332.10.41.51.01.001,kitamura,FULL_SET|A_EXCELLENT,6062,6637,8536,Chrono24,2,6111,VERIFIED,https://item.rakuten.co.jp/emedama/2444110058854/,https://www.chrono24.com/omega/speedmaster-57-co-axial-chronograph----black-dial--id46329783.htm
28,A,BUY,21.6,Cartier,【中古】 【良品】 カルティエ パシャ シルバー WSPA0013 ステンレススティール 【1年保証】,WSPA0013,kitamura,PAPERS_ONLY|AB_GOOD,3134,3432,4380,Chrono24 US,,3867,VERIFIED,https://item.rakuten.co.jp/emedama/2245460006713/,
29,A,BUY,21.5,Rolex,ロレックス サブマリーナー ノンデイト Ref.124060 ステンレススチール ブラック文字盤 美品 wwb69w82,124060,commit,UNKNOWN|A_EXCELLENT,11613,12716,16205,Chrono24,2,12194,VERIFIED,https://commit-watch.co.jp/products/wwb69w82,https://www.chrono24.com/rolex/rolex-submariner-41mm-no-date-newunworn-124060-2026--id28447338.htm
30,A,BUY,20.9,Omega,【中古】 【良品】 オメガ(OMEGA) シーマスター ブルー 234.30.41.21.03.001 ステンレススティール 【1年保証】,234.30.41.21.03.001,kitamura,FULL_SET|AB_GOOD,4586,5022,6351,Chrono24 US PROXY,,4652,VERIFIED,https://item.rakuten.co.jp/emedama/2245460007949/,
31,A,BUY,20.7,Omega,【中古】 【良品】 オメガ(OMEGA) シーマスター ダイバー300M ブラック 210.90.42.20.01.001 チタン 007エディション 【1年保証】,210.90.42.20.01.001,kitamura,FULL_SET|AB_GOOD,7611,8334,10507,Chrono24,5,7672,VERIFIED,https://item.rakuten.co.jp/emedama/2484290075135/,https://www.chrono24.com/omega/omega-new-2026-seamaster-bond-007-no-time-to-die-titanium-mesh-21090422001001--id47628753.htm
32,A,BUY,20.6,Tudor,チューダー(チュードル) TUDOR ヘリテージ ブラックベイ ワン 31 79603-0006 新品 時計 レディース,79603,bettyroad,FULL_SET,4325,4736,5968,Chrono24 US,6,3275,VERIFIED,https://item.rakuten.co.jp/bettyroad/tu777/,
33,A,BUY,20.5,Tudor,チューダー(チュードル) TUDOR ロイヤル 28603-0001 新品 時計 メンズ,28603,jackroad,FULL_SET,3297,3611,4544,US AD retail,,2814,VERIFIED,https://item.rakuten.co.jp/jackroad/tu574/,
34,A,BUY,20.0,Rolex,ロレックス デイトナ Ref.116519LN ホワイトゴールド ブラック8Pダイヤ文字盤 オイスターブレスレット 美中古 dsc2mq2s,116519LN,commit,UNKNOWN,36645,40126,50151,Chrono24,20,40684,DERIVED,https://commit-watch.co.jp/products/dsc2mq2s,https://www.chrono24.com/rolex/daytona-ghost-white-gold-oysterflex-116519ln-grey-dial--id31519416.htm
35,A,BUY,19.9,Rolex,【中古】 【美品】 ロレックス(ROLEX) デイトジャスト 36 シルバー 116234 ステンレス/ホワイトゴールド OB 【1年保証】,116234,kitamura,FULL_SET|A_EXCELLENT,9293,10175,12695,Chrono24,2,9159,VERIFIED,https://item.rakuten.co.jp/emedama/2245460007321/,https://www.chrono24.com/rolex/like-new-2015-datejust-36-steel-jubilee-black-diamond-dial-116234--id46871696.htm
36,A,BUY,19.7,Grand Seiko,【中古】 【美品】 グランドセイコー メカニカル アイボリー [ホワイト系] SBGM221/9S66-00A0 ステンレススティール 【1年保証】,SBGM221,kitamura,FULL_SET|A_EXCELLENT,3981,4359,5426,Chrono24,4,3773,VERIFIED,https://item.rakuten.co.jp/emedama/2444220082213/,https://www.chrono24.com/grandseiko/grand-seiko-2026-elegance-collection-gmt-39mm-sbgm221--id43300050.htm
37,A,BUY,19.6,Tudor,チューダー(チュードル) TUDOR ブラックベイ 41 S＆G 79683-0008 新品 時計 メンズ,79683,jackroad,FULL_SET,4561,4994,6215,US AD retail,,3830,VERIFIED,https://item.rakuten.co.jp/jackroad/tu776/,
38,A,BUY,19.6,Tudor,チューダー(チュードル) TUDOR ブラックベイ 41 S＆G 79683-0007 新品 時計 メンズ,79683,jackroad,FULL_SET,4561,4994,6215,US AD retail,,3830,VERIFIED,https://item.rakuten.co.jp/jackroad/tu702/,
39,A,BUY,19.6,Tudor,チューダー(チュードル) TUDOR ブラックベイ 41 S＆G 79683-0006 新品 時計 メンズ,79683,jackroad,FULL_SET,4561,4994,6215,US AD retail,,3830,VERIFIED,https://item.rakuten.co.jp/jackroad/tu774/,
40,A,BUY,19.6,Rolex,ロレックス ROLEX オイスター パーペチュアル 41 134300 中古 時計 メンズ,134300,jackroad,FULL_SET,8604,9422,11716,Chrono24,9,10206,VERIFIED,https://item.rakuten.co.jp/jackroad/6406606/,https://www.chrono24.com/rolex/rolex-oyster-perpetual--41mm--id47541739.htm
41,A,BUY,19.4,Rolex,ロレックス サブマリーナー ノンデイト Ref.124060 ステンレススチール ブラック文字盤 美品 3vtxhzdn,124060,commit,UNKNOWN|A_EXCELLENT,11935,13069,16205,Chrono24,2,12194,VERIFIED,https://commit-watch.co.jp/products/3vtxhzdn,https://www.chrono24.com/rolex/rolex-submariner-41mm-no-date-newunworn-124060-2026--id28447338.htm
42,A,BUY,19.1,Rolex,ロレックス シードゥエラー ディープシー Ref.126660 ステンレススチール D-BLUE文字盤 中古 mqv98vmp,126660,commit,UNKNOWN,10839,11868,14662,Chrono24,9,11800,VERIFIED,https://commit-watch.co.jp/products/mqv98vmp,https://www.chrono24.com/rolex/sea-dweller-deepsea--id47661884.htm
43,A,BUY,19.1,Grand Seiko,【中古】 【良品】 グランドセイコー スプリングドライブ GMT グリーン SBGE257/9R66-0BB0 ステンレススティール/セラミック 【1年保証】,SBGE257,kitamura,FULL_SET|AB_GOOD,3739,4094,5062,Chrono24 US,,4071,VERIFIED,https://item.rakuten.co.jp/emedama/2444930116048/,
44,A,BUY,19.0,Rolex,ロレックス シードゥエラー ディープシー チャレンジ Ref.126067 RLXチタン ブラック文字盤 中古 otv5a4t3,126067,commit,UNKNOWN,33032,36170,44665,Chrono24,,38197,VERIFIED,https://commit-watch.co.jp/products/otv5a4t3,
45,A,BUY,18.8,Rolex,ロレックス ROLEX デイトジャスト 31 278344RBR 中古 時計 ボーイズ,278344RBR,jackroad,FULL_SET,13117,14363,17690,Chrono24,,14865,VERIFIED,https://item.rakuten.co.jp/jackroad/6342669/,
46,A,BUY,18.7,Patek Philippe,パテックフィリップ カラトラバ Ref.6119G-001 ホワイトゴールド グレー文字盤 美品 wcctzmpe,6119G-001,commit,UNKNOWN|A_EXCELLENT,28065,30731,37778,Chrono24,8,26014,DERIVED,https://commit-watch.co.jp/products/wcctzmpe,https://www.chrono24.com/patekphilippe/calatrava-6119g-001-white-gold-charcoal-gray-dial-watch--id46210269.htm
47,A,BUY,18.7,Rolex,【中古】 【良品】 ロレックス(ROLEX) ミルガウス ホワイト 116400 ステンレス 【1年保証】,116400,kitamura,FULL_SET|AB_GOOD,10575,11580,14235,Chrono24,4,8750,VERIFIED,https://item.rakuten.co.jp/emedama/2245460009851/,https://www.chrono24.com/rolex/milgauss-white-dial-on-oyster-bracelet-116400-open-date--id47680699.htm
48,A,BUY,18.6,Grand Seiko,【中古】 【新品同様】 グランドセイコー スプリングドライブ エボリューション9コレクション エメラルドグリーン SLGA025/9RA2-0AF0 チタン 【1年保証】,SLGA025,kitamura,FULL_SET|AA_LIKE_NEW,7248,7936,9746,Chrono24,9,8097,VERIFIED,https://item.rakuten.co.jp/emedama/2245460005068/,https://www.chrono24.com/grandseiko/grand-seiko-atera-valley--evolution-9-spring-drive--id47085384.htm
49,A,BUY,18.4,Omega,オメガ OMEGA シーマスター アクアテラ 220.10.41.21.01.002 新品 時計 メンズ,220.10.41.21.01.002,jackroad,FULL_SET,5343,5851,7167,Chrono24,8,5263,VERIFIED,https://item.rakuten.co.jp/jackroad/om1659/,https://www.chrono24.com/omega/omega-new-2026-seamaster-aqua-terra--black-lacquer-41mm-22010412101002--id37811834.htm
50,A,BUY,18.4,Cartier,【中古】 【美品】 カルティエ パシャ グレー WSPA0027 ステンレススティール 【1年保証】,WSPA0027,kitamura,FULL_SET|A_EXCELLENT,5675,6214,7616,Chrono24 US,,5778,VERIFIED,https://item.rakuten.co.jp/emedama/2415250430763/,
51,A,BUY,18.2,Tudor,【中古】 【美品】 チューダー ブラックベイ 54 M79000B-0002 ラバーベルト ブルー ブルー系 【1年保証】,79000B,kitamura,FULL_SET|A_EXCELLENT,3678,4028,4922,Chrono24,7,3888,VERIFIED,https://item.rakuten.co.jp/emedama/2245460008526/,https://www.chrono24.com/tudor/black-bay-unworn-2026-blueblue-3-links-m79000b-0001--id47702303.htm
52,A,BUY,18.1,Tudor,チューダー(チュードル) TUDOR ロイヤル 28400-0007 新品 時計 レディース,28400,jackroad,FULL_SET,2335,2556,3121,Chrono24 US,6,1860,VERIFIED,https://item.rakuten.co.jp/jackroad/tu563/,
53,A,BUY,18.1,Tudor,チューダー(チュードル) TUDOR ロイヤル 28400-0002 新品 時計 レディース,28400,jackroad,FULL_SET,2335,2556,3121,Chrono24 US,6,1860,VERIFIED,https://item.rakuten.co.jp/jackroad/tu746/,
54,A,BUY,18.1,Tudor,チューダー(チュードル) TUDOR ロイヤル 28400-0004 新品 時計 レディース,28400,jackroad,FULL_SET,2335,2556,3121,Chrono24 US,6,1860,VERIFIED,https://item.rakuten.co.jp/jackroad/tu562/,
55,A,BUY,17.9,Audemars Piguet,オーデマピゲ CODE 11.59 バイ オーデマ ピゲ クロノグラフ Ref.26393BC.OO.A002CR.01 ホワイトゴールド ブラックラッカー文字盤 中古 xkthm,26393BC,commit,UNKNOWN,21097,23101,28142,Chrono24,,25738,VERIFIED,https://commit-watch.co.jp/products/xkthmvjq,
56,A,BUY,17.5,Rolex,ロレックス デイトナ Ref.116520 ステンレススチール ブラック文字盤 美品 baq75rb2,116520,commit,UNKNOWN|A_EXCELLENT,19871,21759,26372,Chrono24,11,20460,DERIVED,https://commit-watch.co.jp/products/baq75rb2,https://www.chrono24.com/rolex/daytona--id47560800.htm
57,A,BUY,17.4,Rolex,SALE Rolex Cosmograph Daytona Bezel Diamond 8P Diamond 116588TBR Black Lacquer Pavé Diamon,116588TBR,rasin,FULL_SET,177713,194595,235457,Chrono24,9,166338,DERIVED,https://en.www.rasin.co.jp/SHOP/U-116588TBR.html,https://www.chrono24.com/rolex/rolex-cosmograph-daytona--id47107766.htm
58,A,BUY,17.3,Rolex,ロレックス ROLEX レディ デイトジャスト 28 279173 新品 時計 レディース,279173,jackroad,FULL_SET,15043,16472,19929,Chrono24,2,13583,VERIFIED,https://item.rakuten.co.jp/jackroad/136210/,https://www.chrono24.com/rolex/datejust-28mm-unworn-2026-silver-diamond-fluted-oyster-279173--id47286139.htm
59,A,BUY,17.3,Rolex,ロレックス ROLEX レディ デイトジャスト 28 279173 新品 時計 レディース,279173,jackroad,FULL_SET,15043,16472,19929,Chrono24,2,13583,VERIFIED,https://item.rakuten.co.jp/jackroad/136144/,https://www.chrono24.com/rolex/datejust-28mm-unworn-2026-silver-diamond-fluted-oyster-279173--id47286139.htm
60,A,BUY,16.5,Grand Seiko,【中古】 【美品】 グランドセイコー スプリングドライブ GMT グリーン SBGE257/9R66-0BB0 ステンレススティール/セラミック 【1年保証】,SBGE257,kitamura,FULL_SET|A_EXCELLENT,3860,4227,5062,Chrono24 US,,4071,VERIFIED,https://item.rakuten.co.jp/emedama/2449820037991/,
61,A,BUY,16.4,Rolex,ロレックス オイスターパーペチュアル36 Ref.126000 ステンレススチール ラベンダー文字盤 未使用 8etrjxac,126000,commit,UNKNOWN|AA_LIKE_NEW,9548,10455,12510,Chrono24,8,9396,VERIFIED,https://commit-watch.co.jp/products/8etrjxac,https://www.chrono24.com/rolex/rolex-unworn-126000-oyster-perpetual-36mm-med-blue-index-dial-oyster-bracelet-stainless-steel--id44319787.htm
62,A,BUY,16.4,Rolex,ロレックス ROLEX デイトジャスト 31 278344RBR 中古 時計 ボーイズ,278344RBR,bettyroad,FULL_SET,13509,14792,17690,Chrono24,,14865,VERIFIED,https://item.rakuten.co.jp/bettyroad/6342669/,
63,A,BUY,15.9,Tudor,チューダー(チュードル) TUDOR ロイヤル 28403-0004 新品 時計 男女兼用,28403,bettyroad,FULL_SET,2900,3176,3778,Chrono24 US,6,2855,VERIFIED,https://item.rakuten.co.jp/bettyroad/tu779/,
64,A,BUY,15.8,Rolex,ロレックス デイトジャスト36 Ref.126200 ステンレススチール ホワイト文字盤 オイスターブレスレット 中古 qg6fipn3,126200,commit,UNKNOWN,7032,7700,9143,Chrono24,3,9044,VERIFIED,https://commit-watch.co.jp/products/qg6fipn3,
65,A,BUY,15.8,Rolex,ロレックス スカイドゥエラー Ref.336238 イエローゴールド ホワイト文字盤 美中古 qdrt7xtu,336238,commit,UNKNOWN,34516,37795,44894,Chrono24,,45272,VERIFIED,https://commit-watch.co.jp/products/qdrt7xtu,
66,A,BUY,15.8,Rolex,ロレックス ミルガウス Ref.116400GV ステンレススチール ブラック文字盤 未使用 8jygq4d4,116400GV,commit,UNKNOWN|AA_LIKE_NEW,11613,12716,15106,Chrono24,2,10575,VERIFIED,https://commit-watch.co.jp/products/8jygq4d4,https://www.chrono24.com/rolex/2020-rolex-milgauss-116400gv-40mm-green-crystal-z-blue-dial-steel-box-paper--id47732886.htm
67,A,BUY,15.6,Tudor,チューダー(チュードル) TUDOR ロイヤル 28400-0004 新品 時計 レディース,28400,bettyroad,FULL_SET,2404,2633,3121,Chrono24 US,6,1860,VERIFIED,https://item.rakuten.co.jp/bettyroad/tu562/,
68,A,BUY,15.6,Tudor,チューダー(チュードル) TUDOR ロイヤル 28400-0007 新品 時計 レディース,28400,bettyroad,FULL_SET,2404,2633,3121,Chrono24 US,6,1860,VERIFIED,https://item.rakuten.co.jp/bettyroad/tu563/,
69,A,BUY,15.6,Rolex,ロレックス ROLEX レディ デイトジャスト 28 279173 新品 時計 レディース,279173,bettyroad,FULL_SET,15368,16828,19929,Chrono24,2,13583,VERIFIED,https://item.rakuten.co.jp/bettyroad/136144/,https://www.chrono24.com/rolex/datejust-28mm-unworn-2026-silver-diamond-fluted-oyster-279173--id47286139.htm
70,A,BUY,15.6,Omega,【中古】 【美品】 オメガ(OMEGA) シーマスター ダイバー300M ブラック 210.90.42.20.01.001 チタン 007エディション 【1年保証】,210.90.42.20.01.001,kitamura,FULL_SET|A_EXCELLENT,8095,8864,10507,Chrono24,5,7672,VERIFIED,https://item.rakuten.co.jp/emedama/2245460009875/,https://www.chrono24.com/omega/omega-new-2026-seamaster-bond-007-no-time-to-die-titanium-mesh-21090422001001--id47628753.htm
71,A,BUY,15.1,Cartier,カルティエ パンテール SM WSPN0006 / 4177 クォーツ Cal.057 SS SS ホワイトローマン文字盤（SWISS MADE表記）オーバーホール済み,WSPN0006,antiqurious,PAPERS_ONLY,4452,4875,5743,Chrono24 US,,4310,VERIFIED,https://antiqurious.com/products/rc_itarnpuzujvr_codi,
72,A,BUY,15.0,Rolex,ロレックス オイスターパーペチュアル39 Ref.114300 ステンレススチール スレートグレー文字盤 中古 coqojp38,114300,commit,UNKNOWN,7548,8265,9728,Chrono24,11,7190,DERIVED,https://commit-watch.co.jp/products/coqojp38,https://www.chrono24.com/rolex/oyster-perpetual-39mm--id46396266.htm
73,A,BUY,15.0,Breitling,ブライトリング BREITLING スーパーオーシャン ヘリテージ B20 オートマティック 46 AB2020121B1S1 中古 時計 メンズ,AB2020121B1S1,jackroad,FULL_SET,2635,2886,3394,Chrono24,,2451,DERIVED,https://item.rakuten.co.jp/jackroad/5963360/,
74,A,BUY OPPORTUNITY,14.9,Audemars Piguet,オーデマピゲ ロイヤルオーク クロノグラフ 50周年記念 Ref.26240OR.OO.1320OR.03 ピンクゴールド シルバー文字盤 美品 33xyb7eb,26240OR,commit,UNKNOWN|A_EXCELLENT,101935,111619,131186,Chrono24,8,83082,VERIFIED,https://commit-watch.co.jp/products/33xyb7eb,https://www.chrono24.com/audemarspiguet/2025-royal-oak-chronograph-41mm-26240or-pink-gold-green-dial--id45312359.htm
75,A,BUY OPPORTUNITY,14.8,Rolex,ロレックス デイトジャスト41 Ref.126300 ステンレススチール ホワイトローマン文字盤 オイスターブレスレット 美中古 2tq9tyb7,126300,commit,UNKNOWN,8516,9325,10950,Chrono24,7,9982,VERIFIED,https://commit-watch.co.jp/products/2tq9tyb7,https://www.chrono24.com/rolex/rolex-datejust-41-white-roman-dial-stainless-steel-41mm-126300----id46780791.htm
76,A,BUY OPPORTUNITY,14.6,Omega,オメガ OMEGA シーマスター アクアテラ コーアクシャル マスター クロノメーター 220.10.38.20.01.004 新品 時計 男女兼用,220.10.38.20.01.004,jackroad,FULL_SET,5463,5983,7003,Chrono24 US,8,5191,VERIFIED,https://item.rakuten.co.jp/jackroad/om1644/,
77,A,BUY OPPORTUNITY,14.6,Rolex,ROLEX Datejust 116234 Pink Flower Motif 69 Arabia 5 Rows Jubilee bracelet V Used Men&#39;s,116234,rasin,FULL_SET,9900,10841,12695,Chrono24,2,9159,VERIFIED,https://en.www.rasin.co.jp/SHOP/U-116234PKFL.html,https://www.chrono24.com/rolex/like-new-2015-datejust-36-steel-jubilee-black-diamond-dial-116234--id46871696.htm
78,A,BUY OPPORTUNITY,14.5,IWC,IWC IWC パイロットウォッチ クロノグラフ 41 トップガン ミラマー リミテッド IW389409 中古 時計 メンズ,IW389409,jackroad,FULL_SET|AA_LIKE_NEW,10048,11003,12866,Chrono24,,9345,DERIVED,https://item.rakuten.co.jp/jackroad/6394699/,
79,A,BUY OPPORTUNITY,14.4,Rolex,【中古】 【美品】 ロレックス(ROLEX) オイスターパーペチュアル 41 ブラック 134300 ステンレススティール 【1年保証】,134300,kitamura,FULL_SET|A_EXCELLENT,9159,10029,11716,Chrono24,9,10206,VERIFIED,https://item.rakuten.co.jp/emedama/2245460005907/,https://www.chrono24.com/rolex/rolex-oyster-perpetual--41mm--id47541739.htm
80,A,BUY OPPORTUNITY,14.4,Omega,【中古】 【良品】 オメガ(OMEGA) シーマスター ダイバー300M ブラック 210.90.42.20.01.001 チタン 007エディション 【1年保証】,210.90.42.20.01.001,kitamura,FULL_SET|AB_GOOD,8216,8996,10507,Chrono24,5,7672,VERIFIED,https://item.rakuten.co.jp/emedama/2245460009905/,https://www.chrono24.com/omega/omega-new-2026-seamaster-bond-007-no-time-to-die-titanium-mesh-21090422001001--id47628753.htm
81,A,BUY OPPORTUNITY,14.2,Tudor,チューダー(チュードル) TUDOR ロイヤル 28403-0008 新品 時計 男女兼用,28403,bettyroad,FULL_SET,2962,3243,3778,Chrono24 US,6,2855,VERIFIED,https://item.rakuten.co.jp/bettyroad/tu760/,
82,A,BUY OPPORTUNITY,14.2,Omega,オメガ OMEGA スピードマスター ムーンウォッチ プロフェッショナル マスター クロノメーター 310.32.42.50.01.001 新品 時計 メンズ,310.32.42.50.01.001,jackroad,FULL_SET,5536,6062,7063,Chrono24,6,5344,VERIFIED,https://item.rakuten.co.jp/jackroad/om1242/,https://www.chrono24.com/omega/omega-unworn-2026-speedmaster-professional-moonwatch-42mm-hesalite-black-31032425001001--id47200730.htm
83,A,BUY OPPORTUNITY,14.2,Rolex,ロレックス オイスターパーペチュアル36 Ref.126000 ステンレススチール ベージュ文字盤 未使用 ryoduan5,126000,commit,UNKNOWN|AA_LIKE_NEW,9806,10738,12510,Chrono24,8,9396,VERIFIED,https://commit-watch.co.jp/products/ryoduan5,https://www.chrono24.com/rolex/rolex-unworn-126000-oyster-perpetual-36mm-med-blue-index-dial-oyster-bracelet-stainless-steel--id44319787.htm
84,A,BUY OPPORTUNITY,14.0,Rolex,PRICEDOWN Rolex Datejust 279171 Sundust Bar 5 rows Jubilee bracelet random number Used lad,279171,rasin,FULL_SET,11613,12716,14781,Chrono24,,14475,VERIFIED,https://en.www.rasin.co.jp/SHOP/U-279171SD.html,
85,A,BUY OPPORTUNITY,14.0,Patek Philippe,パテックフィリップ カラトラバ Ref.6119G-001 ホワイトゴールド グレー文字盤 未使用 k848wyry,6119G-001,commit,UNKNOWN|AA_LIKE_NEW,29677,32497,37778,Chrono24,8,26014,DERIVED,https://commit-watch.co.jp/products/k848wyry,https://www.chrono24.com/patekphilippe/calatrava-6119g-001-white-gold-charcoal-gray-dial-watch--id46210269.htm
86,A,BUY OPPORTUNITY,13.9,Cartier,カルティエ CARTIER タンク ルイ カルティエ LM WGTA0059 中古 時計 男女兼用,WGTA0059,jackroad,FULL_SET,11132,12189,14157,Chrono24,,10316,DERIVED,https://item.rakuten.co.jp/jackroad/6200877/,
87,A,BUY OPPORTUNITY,13.9,Rolex,ロレックス ヨットマスター42 Ref.226659 ホワイトゴールド ブラック文字盤 美中古 i5ck6mq8,226659,commit,UNKNOWN,27548,30165,35040,Chrono24,10,27340,VERIFIED,https://commit-watch.co.jp/products/i5ck6mq8,https://www.chrono24.com/rolex/yacht-master-42-white-gold-226659-oysterflex--id32377190.htm
88,A,BUY OPPORTUNITY,13.8,Tudor,チューダー(チュードル) TUDOR 1926 ルナ 91560-0002 新品 時計 メンズ,91560,jackroad,FULL_SET,2154,2359,2736,Chrono24 US,8,2167,VERIFIED,https://item.rakuten.co.jp/jackroad/tu744/,
89,A,BUY OPPORTUNITY,13.8,Tudor,チューダー(チュードル) TUDOR 1926 ルナ 91560-0001 新品 時計 メンズ,91560,jackroad,FULL_SET,2154,2359,2736,Chrono24 US,8,2167,VERIFIED,https://item.rakuten.co.jp/jackroad/tu745/,
90,A,BUY OPPORTUNITY,13.7,Rolex,ロレックス デイトナ エルプリメロ Ref.16520 ステンレススチール ブラック文字盤 中古 5kdkdyxu,16520,commit,UNKNOWN,25032,27410,31755,Chrono24 US,,28092,VERIFIED,https://commit-watch.co.jp/products/5kdkdyxu,
91,A,BUY OPPORTUNITY,13.6,Rolex,PRICEDOWN Rolex Day Date 40 Bezel Diamond 10P Baguette Diamond 228348RBR Champagne Random ,228348RBR,rasin,FULL_SET,56188,61526,71175,Chrono24,,68980,DERIVED,https://en.www.rasin.co.jp/SHOP/U-228348RBR-3.html,
92,A,BUY OPPORTUNITY,13.5,Omega,オメガ OMEGA シーマスター ダイバー300M コーアクシャル マスター クロノメーター 007 エディション 210.90.42.20.01.001 新品 時計 メンズ,210.90.42.20.01.001,jackroad,FULL_SET,8304,9092,10507,Chrono24,5,7672,VERIFIED,https://item.rakuten.co.jp/jackroad/om1193/,https://www.chrono24.com/omega/omega-new-2026-seamaster-bond-007-no-time-to-die-titanium-mesh-21090422001001--id47628753.htm
93,A,BUY OPPORTUNITY,13.5,Omega,【中古】 【良品】 オメガ(OMEGA) シーマスター プラネットオーシャン ブラック 215.30.44.22.01.001 ステンレススティール/セラミック 【1年保証】,215.30.44.22.01.001,kitamura,FULL_SET|AB_GOOD,4847,5307,6132,Chrono24 US,,5145,VERIFIED,https://item.rakuten.co.jp/emedama/2245460008014/,
94,A,BUY OPPORTUNITY,13.2,Tudor,チューダー(チュードル) TUDOR ロイヤル 28403-0008 新品 時計 男女兼用,28403,jackroad,FULL_SET,2996,3281,3778,Chrono24 US,6,2855,VERIFIED,https://item.rakuten.co.jp/jackroad/tu760/,
95,A,BUY OPPORTUNITY,13.0,Breitling,ブライトリング BREITLING スーパーオーシャン ヘリテージ B20 オートマティック 46 AB2020121B1S1 中古 時計 メンズ,AB2020121B1S1,jackroad,FULL_SET,2696,2952,3394,Chrono24,,2451,DERIVED,https://item.rakuten.co.jp/jackroad/6054883/,
96,A,BUY OPPORTUNITY,12.7,Cartier,カルティエ CARTIER サントス デュモン WSSA0046 中古 時計 男女兼用,WSSA0046,jackroad,FULL_SET,6679,7313,8376,Chrono24,,7173,VERIFIED,https://item.rakuten.co.jp/jackroad/6414601/,
97,A,BUY OPPORTUNITY,12.7,Omega,【中古】 【良品】 オメガ(OMEGA) スピードマスター プロフェッショナル ブラック 310.30.42.50.01.001 ステンレススティール 【1年保証】,310.30.42.50.01.001,kitamura,FULL_SET|AB_GOOD,5977,6545,7501,Chrono24,18,5627,VERIFIED,https://item.rakuten.co.jp/emedama/2441250194930/,https://www.chrono24.com/omega/unworn-2026-speedmaster-professional-moonwatch-42mm-hesalite-black-31030425001001--id43399029.htm
98,A,BUY OPPORTUNITY,12.5,Rolex,Rolex Datejust 36 126233 Champagne Fluted Motif Bar 5 Rows Jubilee bracelet Random Number ,126233,rasin,UNKNOWN,16305,17854,20394,Chrono24,6,15217,VERIFIED,https://en.www.rasin.co.jp/SHOP/U-126233GF-2.html,https://www.chrono24.com/rolex/rolex-datejust-36mm-126233-jubilee-steel-and-yellow-gold-fluted-bezel-champagne-index-dial--id21201440.htm
99,A,BUY OPPORTUNITY,12.5,Omega,【中古】 【美品】 オメガ(OMEGA) シーマスター ダイバー300M ブルー 210.30.44.51.03.002 ステンレススティール アメリカズカップ 【1年保証】,210.30.44.51.03.002,kitamura,FULL_SET|A_EXCELLENT,6038,6611,7556,Chrono24,,5590,DERIVED,https://item.rakuten.co.jp/emedama/2419340021213/,
100,A,BUY OPPORTUNITY,12.4,Omega,オメガ OMEGA シーマスター 600 プラネットオーシャン クロノグラフ 215.30.46.51.01.001 新品 時計 メンズ,215.30.46.51.01.001,jackroad,FULL_SET,5885,6444,7358,Chrono24 US,,5261,VERIFIED,https://item.rakuten.co.jp/jackroad/om744/,
101,A,BUY OPPORTUNITY,12.4,Rolex,PRICEDOWN Rolex Oyster Perpetual 134300 Silver Random Serial Used Men&#39;s,134300,rasin,FULL_SET,9372,10263,11716,Chrono24,9,10206,VERIFIED,https://en.www.rasin.co.jp/SHOP/U-134300SV.html,https://www.chrono24.com/rolex/rolex-oyster-perpetual--41mm--id47541739.htm
102,A,BUY OPPORTUNITY,12.4,Rolex,【中古】 【良品】 ロレックス(ROLEX) エクスプローラーI ブラック 114270 ステンレス 【1年保証】,114270,kitamura,FULL_SET|AB_GOOD,6643,7274,8304,Chrono24,8,6422,VERIFIED,https://item.rakuten.co.jp/emedama/2483090021311/,https://www.chrono24.com/rolex/explorer--id47560875.htm
103,A,BUY OPPORTUNITY,12.4,Rolex,ロレックス エクスプローラーI Ref.114270 ステンレススチール ブラック文字盤 オイスターブレスレット 美中古 ozmkwvhx,114270,commit,UNKNOWN,6645,7276,8304,Chrono24,8,6422,VERIFIED,https://commit-watch.co.jp/products/ozmkwvhx,https://www.chrono24.com/rolex/explorer--id47560875.htm
104,A,BUY OPPORTUNITY,12.3,Omega,オメガ OMEGA スピードマスター ムーンウォッチ プロフェッショナル コーアクシャル マスター クロノメーター 310.30.42.50.01.001 新品 時計 メンズ,310.30.42.50.01.001,jackroad,FULL_SET,6005,6575,7501,Chrono24,18,5627,VERIFIED,https://item.rakuten.co.jp/jackroad/om1241/,https://www.chrono24.com/omega/unworn-2026-speedmaster-professional-moonwatch-42mm-hesalite-black-31030425001001--id43399029.htm
105,A,BUY OPPORTUNITY,12.3,Rolex,【中古】 【美品】 ロレックス(ROLEX) ヨットマスター ロレジウム シルバー 16622 ステンレス/プラチナ 【1年保証】,16622,kitamura,FULL_SET|A_EXCELLENT,9607,10520,11990,Chrono24,10,8922,VERIFIED,https://item.rakuten.co.jp/emedama/2449250051055/,https://www.chrono24.com/rolex/yacht-master-40-platinum-bezel-silver-dial-16622--id47752572.htm
106,A,BUY OPPORTUNITY,12.2,Rolex,PRICEDOWN ROLEX Cosmograph Daytona 126509 Black × Steel Random Number Used Men's,126509,rasin,FULL_SET,50029,54782,62404,Chrono24,11,50690,VERIFIED,https://en.www.rasin.co.jp/SHOP/U-126509BKST-4.html,https://www.chrono24.com/rolex/2025-card-rolex-daytona-cosmograph-126509-blue-dial-18k-white-gold-watch--id47555004.htm
107,A,BUY OPPORTUNITY,12.1,Rolex,ロレックス ヨットマスター42 Ref.226627 RLXチタン ブラック文字盤 未使用 55z6jdfn,226627,commit,UNKNOWN|AA_LIKE_NEW,22774,24938,28359,Chrono24,12,24586,VERIFIED,https://commit-watch.co.jp/products/55z6jdfn,https://www.chrono24.com/rolex/yacht-master-42-titanium--226627--id46237059.htm
108,A,BUY OPPORTUNITY,12.1,Omega,オメガ OMEGA シーマスター プラネット オーシャン 600M 217.30.42.21.01.003 新品 時計 メンズ,217.30.42.21.01.003,jackroad,FULL_SET,7160,7841,8919,Chrono24,8,8835,DERIVED,https://item.rakuten.co.jp/jackroad/om1781/,https://www.chrono24.com/omega/omega-new-2026-seamaster-planet-ocean-600m-42mm-orange-bezel-21730422101003--id47561117.htm
109,A,BUY OPPORTUNITY,12.0,Omega,オメガ OMEGA シーマスター アクアテラ コーアクシャル マスター クロノメーター 220.10.38.20.01.004 新品 時計 男女兼用,220.10.38.20.01.004,bettyroad,FULL_SET,5627,6161,7003,Chrono24 US,8,5191,VERIFIED,https://item.rakuten.co.jp/bettyroad/om1644/,
110,A,BUY OPPORTUNITY,11.9,Rolex,ロレックス ヨットマスター40 Ref.126622 ステンレススチール/プラチナ スレート文字盤 未使用 fpiazhqb,126622,commit,UNKNOWN|AA_LIKE_NEW,14516,15895,18035,Chrono24,8,13822,VERIFIED,https://commit-watch.co.jp/products/fpiazhqb,https://www.chrono24.com/rolex/rolex-2025-yacht-master-40mm-126622-stainless-steel-rhodium-dial--id46800314.htm
111,A,BUY OPPORTUNITY,11.6,Rolex,ロレックス デイトナ Ref.116520 ステンレススチール ブラック文字盤 美中古 z237cinh,116520,commit,UNKNOWN,21290,23313,26372,Chrono24,11,20460,DERIVED,https://commit-watch.co.jp/products/z237cinh,https://www.chrono24.com/rolex/daytona--id47560800.htm
112,A,BUY OPPORTUNITY,11.5,Rolex,ロレックス ROLEX オイスター パーペチュアル 36 126000 新品 時計 メンズ,126000,jackroad,FULL_SET,10109,11069,12510,Chrono24,8,9396,VERIFIED,https://item.rakuten.co.jp/jackroad/rx1736/,https://www.chrono24.com/rolex/rolex-unworn-126000-oyster-perpetual-36mm-med-blue-index-dial-oyster-bracelet-stainless-steel--id44319787.htm
113,A,BUY OPPORTUNITY,11.4,Tudor,チューダー(チュードル) TUDOR ブラックベイ 41 79680-0003 新品 時計 メンズ,79680,jackroad,FULL_SET,3538,3874,4373,Chrono24,4,3025,VERIFIED,https://item.rakuten.co.jp/jackroad/tu622/,https://www.chrono24.com/tudor/2025--black-bay-41mm-stainless-steel-m79680-0001--id46775789.htm
114,A,BUY OPPORTUNITY,11.3,Rolex,ロレックス デイトナ Ref.116518LN イエローゴールド ブラックxシャンパン文字盤 中古 9x98r6wz,116518LN,commit,UNKNOWN,42581,46626,52560,Chrono24,6,40219,DERIVED,https://commit-watch.co.jp/products/9x98r6wz,https://www.chrono24.com/rolex/daytona-paul-newman-yellow-gold-black-dial-red-hand-116518ln-oysterflex--id44772404.htm
115,A,BUY OPPORTUNITY,11.3,Cartier,カルティエ CARTIER タンク ルイ カルティエ MM WGTA0059 中古 時計 男女兼用,WGTA0059,bettyroad,FULL_SET,11464,12553,14157,Chrono24,,10316,DERIVED,https://item.rakuten.co.jp/bettyroad/6200877/,
116,A,BUY OPPORTUNITY,11.3,Rolex,ロレックス ROLEX デイトジャスト 31 278271 中古 時計 ボーイズ,278271,jackroad,FULL_SET|A_EXCELLENT,15524,16999,19163,Chrono24 US,,16165,VERIFIED,https://item.rakuten.co.jp/jackroad/6321671/,
117,A,BUY OPPORTUNITY,11.2,Rolex,PRICEDOWN Rolex Yacht Master 16622 Silver Y Size Used Men&#39;s,16622,rasin,UNKNOWN,9724,10648,11990,Chrono24,10,8922,VERIFIED,https://en.www.rasin.co.jp/SHOP/U-16622SV-14.html,https://www.chrono24.com/rolex/yacht-master-40-platinum-bezel-silver-dial-16622--id47752572.htm
118,A,BUY OPPORTUNITY,11.1,Rolex,ロレックス デイデイト36 Ref.18238 イエローゴールド シャンパンゴールド文字盤 中古 joaosyad,18238,commit,UNKNOWN,20968,22960,25835,Chrono24,8,18999,DERIVED,https://commit-watch.co.jp/products/joaosyad,https://www.chrono24.com/rolex/excellent-condition-1990-day-date-36-president-yellow-gold-factory-diamond-dial-18238--id47615569.htm
119,A,BUY OPPORTUNITY,11.1,Rolex,Rolex Deepsea Challenge 126067 Black Random Edition Used Men&#39;s,126067,rasin,FULL_SET,36246,39690,44665,Chrono24,,38197,VERIFIED,https://en.www.rasin.co.jp/SHOP/U-126067.html,
120,A,BUY OPPORTUNITY,11.1,Rolex,ロレックス デイトジャスト36 Ref.126234 ステンレススチール/ホワイトゴールド ブライトブルー文字盤 オイスターブレスレット 中古 5hxno6vf,126234,commit,UNKNOWN,10194,11162,12559,Chrono24,8,12488,VERIFIED,https://commit-watch.co.jp/products/5hxno6vf,https://www.chrono24.com/rolex/rolex-pre-owned-rolex-oyster-oysterseel-perpetual-datejust-silver-dial-36mm-watch-2021-126234--id44628162.htm
121,A,BUY OPPORTUNITY,11.0,Rolex,ロレックス ランドドゥエラー Ref.127334 ステンレススチール/ホワイトゴールド ホワイト文字盤 ジュビリーブレスレット 未使用 ydixaxch,127334,commit,UNKNOWN|AA_LIKE_NEW,23742,25997,29198,Chrono24,9,25565,VERIFIED,https://commit-watch.co.jp/products/ydixaxch,https://www.chrono24.com/rolex/rolex-2026-land-dweller-40mm-127334-stainless-steel-jubilee-white-dial--id47204616.htm
122,A,BUY OPPORTUNITY,11.0,Rolex,ロレックス ランドドゥエラー Ref.127334 ステンレススチール/ホワイトゴールド ホワイト文字盤 ジュビリーブレスレット 未使用 dkxevzy4,127334,commit,UNKNOWN|AA_LIKE_NEW,23742,25997,29198,Chrono24,9,25565,VERIFIED,https://commit-watch.co.jp/products/dkxevzy4,https://www.chrono24.com/rolex/rolex-2026-land-dweller-40mm-127334-stainless-steel-jubilee-white-dial--id47204616.htm
123,A,BUY OPPORTUNITY,10.9,Omega,オメガ スピードマスター キャリバー321 クロノグラフ 39.7MM Ref.311.30.40.30.01.001 ステンレススチール ブラック文字盤 未使用 ovymyy7a,311.30.40.30.01.001,commit,UNKNOWN|AA_LIKE_NEW,14516,15895,17847,Chrono24 US,,15192,VERIFIED,https://commit-watch.co.jp/products/ovymyy7a,
124,A,BUY OPPORTUNITY,10.9,Rolex,ロレックス ROLEX デイトジャスト 31 278273 新品 時計 ボーイズ,278273,bettyroad,FULL_SET,19086,20899,23460,Chrono24,2,16607,VERIFIED,https://item.rakuten.co.jp/bettyroad/rx1362/,https://www.chrono24.com/rolex/rolex-unworn-datejust-31mm-278273-steel-and-yellow-gold-fluted-bezel-dark-grey-dial-jubilee-band--id26307220.htm
125,A,BUY OPPORTUNITY,10.7,Rolex,ロレックス オイスターパーペチュアル39 Ref.114300 ステンレススチール スレートグレー文字盤 美中古 5dz3srnq,114300,commit,UNKNOWN,7935,8689,9728,Chrono24,11,7190,DERIVED,https://commit-watch.co.jp/products/5dz3srnq,https://www.chrono24.com/rolex/oyster-perpetual-39mm--id46396266.htm
126,A,BUY OPPORTUNITY,10.7,Rolex,PRICEDOWN ROLEX Cosmograph Daytona 126509 Black × Steel Random Number Used Men's,126509,rasin,FULL_SET,50909,55745,62404,Chrono24,11,50690,VERIFIED,https://en.www.rasin.co.jp/SHOP/U-126509BKST-3.html,https://www.chrono24.com/rolex/2025-card-rolex-daytona-cosmograph-126509-blue-dial-18k-white-gold-watch--id47555004.htm
127,A,BUY OPPORTUNITY,10.6,Omega,オメガ OMEGA シーマスター 600 プラネットオーシャン コーアクシャル マスタークロノメーター 215.30.40.20.03.001 新品 時計 メンズ,215.30.40.20.03.001,jackroad,FULL_SET,4862,5324,5957,Chrono24 US,,4246,VERIFIED,https://item.rakuten.co.jp/jackroad/om740/,
128,A,BUY OPPORTUNITY,9.9,Rolex,ロレックス ROLEX オイスター パーペチュアル 36 126000 新品 時計 メンズ,126000,jackroad,FULL_SET,10289,11267,12510,Chrono24,8,9396,VERIFIED,https://item.rakuten.co.jp/jackroad/rx2086/,https://www.chrono24.com/rolex/rolex-unworn-126000-oyster-perpetual-36mm-med-blue-index-dial-oyster-bracelet-stainless-steel--id44319787.htm
129,A,BUY OPPORTUNITY,9.7,Rolex,ロレックス ROLEX GMTマスターII 126713GRNR 中古 時計 メンズ,126713GRNR,jackroad,FULL_SET,22383,24510,27156,Chrono24,8,20226,DERIVED,https://item.rakuten.co.jp/jackroad/6416469/,https://www.chrono24.com/rolex/rolex-june-2026-gmt-master-ii-zombie-bumblebee-126713grnr-two-tone-jubilee--id45056897.htm
130,A,BUY OPPORTUNITY,9.6,Rolex,PRICEDOWN Rolex Datejust 31 278271 White Roman 5 rows Jubilee bracelet Random number Used ,278271,rasin,FULL_SET,15824,17327,19163,Chrono24 US,,16165,VERIFIED,https://en.www.rasin.co.jp/SHOP/U-278271WHR.html,
131,A,BUY OPPORTUNITY,9.6,Rolex,【中古】 【美品】 ロレックス(ROLEX) オイスターパーペチュアル 36 キャンディピンク 126000 ステンレス OB 【1年保証】,126000,kitamura,FULL_SET|A_EXCELLENT,10333,11315,12510,Chrono24,8,9396,VERIFIED,https://item.rakuten.co.jp/emedama/2245460008427/,https://www.chrono24.com/rolex/rolex-unworn-126000-oyster-perpetual-36mm-med-blue-index-dial-oyster-bracelet-stainless-steel--id44319787.htm
132,A,BUY OPPORTUNITY,9.6,Rolex,Rolex Oyster Perpetual 41 134300 Silver Random Number Used Men&#39;s,134300,rasin,FULL_SET,9677,10597,11716,Chrono24,9,10206,VERIFIED,https://en.www.rasin.co.jp/SHOP/U-134300SV-2.html,https://www.chrono24.com/rolex/rolex-oyster-perpetual--41mm--id47541739.htm
133,A,BUY OPPORTUNITY,9.5,Rolex,ロレックス デイトナ Ref.116520 ステンレススチール ブラック文字盤 中古 i67gpfx4,116520,commit,UNKNOWN,21806,23878,26372,Chrono24,11,20460,DERIVED,https://commit-watch.co.jp/products/i67gpfx4,https://www.chrono24.com/rolex/daytona--id47560800.htm
134,A,BUY OPPORTUNITY,9.5,Rolex,ロレックス デイトナ Ref.116520 ステンレススチール ブラック文字盤 中古 pp25b3qb,116520,commit,UNKNOWN,21806,23878,26372,Chrono24,11,20460,DERIVED,https://commit-watch.co.jp/products/pp25b3qb,https://www.chrono24.com/rolex/daytona--id47560800.htm
135,A,BUY OPPORTUNITY,9.5,Rolex,ロレックス デイトナ Ref.116520 ステンレススチール ブラック文字盤 美中古 je48h6w8,116520,commit,UNKNOWN,21806,23878,26372,Chrono24,11,20460,DERIVED,https://commit-watch.co.jp/products/je48h6w8,https://www.chrono24.com/rolex/daytona--id47560800.htm
136,A,BUY OPPORTUNITY,9.5,Rolex,ロレックス デイトナ Ref.116520 ステンレススチール ブラック文字盤 中古 v72etpmp,116520,commit,UNKNOWN,21806,23878,26372,Chrono24,11,20460,DERIVED,https://commit-watch.co.jp/products/v72etpmp,https://www.chrono24.com/rolex/daytona--id47560800.htm
137,A,BUY OPPORTUNITY,9.5,Rolex,ロレックス デイトナ Ref.116520 ステンレススチール ブラック文字盤 中古 cqs82d2i,116520,commit,UNKNOWN,21806,23878,26372,Chrono24,11,20460,DERIVED,https://commit-watch.co.jp/products/cqs82d2i,https://www.chrono24.com/rolex/daytona--id47560800.htm
138,A,BUY OPPORTUNITY,9.5,Rolex,PRICEDOWN Rolex Yacht Master 42 226627 Black Random Number Used Men&#39;s,226627,rasin,FULL_SET,23449,25676,28359,Chrono24,12,24586,VERIFIED,https://en.www.rasin.co.jp/SHOP/U-226627-2.html,https://www.chrono24.com/rolex/yacht-master-42-titanium--226627--id46237059.htm
139,A,BUY OPPORTUNITY,9.5,Rolex,ロレックス デイトナ Ref.116520 ステンレススチール ブラック文字盤 中古 zzsitkfb,116520,commit,UNKNOWN,21806,23878,26372,Chrono24,11,20460,DERIVED,https://commit-watch.co.jp/products/zzsitkfb,https://www.chrono24.com/rolex/daytona--id47560800.htm
140,A,BUY OPPORTUNITY,9.4,Rolex,【中古】 【良品】 ロレックス(ROLEX) エクスプローラーI ブラック 214270 ステンレス ブラックアウト 【1年保証】,214270,kitamura,FULL_SET|AB_GOOD,7792,8533,9415,Chrono24,6,7506,VERIFIED,https://item.rakuten.co.jp/emedama/2245460009035/,https://www.chrono24.com/rolex/rolex-explorer--id47558762.htm
141,A,BUY OPPORTUNITY,9.3,Grand Seiko,【中古】 【良品】 グランドセイコー スプリングドライブ GMT ブラック SBGE277/9R66-0BK0 ステンレススティール 【1年保証】,SBGE277,kitamura,FULL_SET|AB_GOOD,4102,4492,4952,Chrono24 US,,4334,VERIFIED,https://item.rakuten.co.jp/emedama/2445540037808/,
142,A,BUY OPPORTUNITY,9.2,Rolex,ロレックス デイトナ エルプリメロ Ref.16520 ステンレススチール ブラック文字盤 中古 3jzt4ocz,16520,commit,UNKNOWN,26323,28823,31755,Chrono24 US,,28092,VERIFIED,https://commit-watch.co.jp/products/3jzt4ocz,
143,A,BUY OPPORTUNITY,9.1,Omega,オメガ OMEGA シーマスター ダイバー300M コーアクシャル マスター クロノメーター 210.30.42.20.04.001 新品 時計 メンズ,210.30.42.20.04.001,jackroad,FULL_SET,4862,5324,5858,Chrono24,7,4422,VERIFIED,https://item.rakuten.co.jp/jackroad/om1117/,https://www.chrono24.com/omega/seamaster-diver-300-m--id47541721.htm
144,A,BUY OPPORTUNITY,9.0,Rolex,【中古】 【良品】 ロレックス(ROLEX) GMTマスターII ブラック 116710LN ステンレス 【1年保証】,116710LN,kitamura,UNKNOWN|AB_GOOD,11832,12956,14234,Chrono24,13,11538,DERIVED,https://item.rakuten.co.jp/emedama/2403281143042/,https://www.chrono24.com/rolex/gmt-master-ii--id47700406.htm
145,A,BUY OPPORTUNITY,8.9,Audemars Piguet,オーデマピゲ CODE 11.59 バイ オーデマ ピゲ クロノグラフ Ref.26393BC.OO.A321CR.01 ホワイトゴールド ブルーラッカー文字盤 中古 hhd9ao,26393BC,commit,UNKNOWN,23419,25644,28142,Chrono24,,25738,VERIFIED,https://commit-watch.co.jp/products/hhd9aotg,
146,A,BUY OPPORTUNITY,8.9,Rolex,PRICEDOWN ROLEX Cosmograph Daytona 116503 Champagne Random Number Used Men's,116503,rasin,FULL_SET,20411,22350,24528,Chrono24,10,20119,VERIFIED,https://en.www.rasin.co.jp/SHOP/U-116503CH-6.html,https://www.chrono24.com/rolex/daytona-black-dial-116503-two-tone-yellow-gold-oyster--id34877293.htm
147,A,BUY OPPORTUNITY,8.9,Tudor,チューダー(チュードル) TUDOR ロイヤル 28603-0008 新品 時計 メンズ,28603,jackroad,FULL_SET,3779,4138,4544,US AD retail,,2814,VERIFIED,https://item.rakuten.co.jp/jackroad/tu771/,
148,A,BUY OPPORTUNITY,8.9,Tudor,チューダー(チュードル) TUDOR ロイヤル 28603-0002 新品 時計 メンズ,28603,jackroad,FULL_SET,3779,4138,4544,US AD retail,,2814,VERIFIED,https://item.rakuten.co.jp/jackroad/tu502/,
149,A,BUY OPPORTUNITY,8.7,Audemars Piguet,オーデマピゲ ロイヤルオーク Ref.15510OR.OO.D002CR.02 ピンクゴールド ブラック文字盤 美品 c7ozrg2w,15510OR,commit,UNKNOWN|A_EXCELLENT,90323,98903,108296,Chrono24,6,64860,VERIFIED,https://commit-watch.co.jp/products/c7ozrg2w,https://www.chrono24.com/audemarspiguet/royal-oak--id44577280.htm
150,A,BUY OPPORTUNITY,8.7,Rolex,Rolex Sky-Dweller 336238 White Random Number Used Men&#39;s,336238,rasin,FULL_SET,37419,40974,44894,Chrono24,,45272,VERIFIED,https://en.www.rasin.co.jp/SHOP/U-336238WH.html,
151,A,BUY OPPORTUNITY,8.7,Omega,オメガ スピードマスター 記念モデル コーアクシャル マスター クロノメーター クロノグラフ 42MM Ref.310.32.42.50.02.001 ステンレススチール シルバー,310.32.42.50.02.001,commit,UNKNOWN|AA_LIKE_NEW,14516,15895,17409,Chrono24,7,15051,VERIFIED,https://commit-watch.co.jp/products/4uqmau4z,https://www.chrono24.com/omega/speedmaster-silver-snoopy-award-31032425002001-steel-42mm--id47735483.htm
152,A,BUY OPPORTUNITY,8.6,Rolex,ロレックス ROLEX デイトジャスト 31 278271 中古 時計 ボーイズ,278271,bettyroad,FULL_SET|A_EXCELLENT,15988,17506,19163,Chrono24 US,,16165,VERIFIED,https://item.rakuten.co.jp/bettyroad/6321671/,
153,A,BUY OPPORTUNITY,8.4,Rolex,ロレックス デイトナ Ref.126506 プラチナ アイスブルー文字盤 未使用 px77aju2,126506,commit,UNKNOWN|AA_LIKE_NEW,118710,129987,141945,Chrono24,6,117275,VERIFIED,https://commit-watch.co.jp/products/px77aju2,https://www.chrono24.com/rolex/rolex-new-2026-rolex-daytona-40mm-126506-platinum-ice-blue-dial-stickered--id47543425.htm
154,A,BUY OPPORTUNITY,8.4,Audemars Piguet,オーデマピゲ ロイヤルオーク Ref.15500ST.OO.1220ST.03 ステンレススチール ブラック文字盤 美品 o6ifkyo8,15500ST,commit,UNKNOWN|A_EXCELLENT,39871,43659,47664,Chrono24,11,41258,VERIFIED,https://commit-watch.co.jp/products/o6ifkyo8,https://www.chrono24.com/audemarspiguet/audemars-piguet-royal-oak--id47373925.htm
155,A,BUY OPPORTUNITY,8.3,Rolex,ロレックス ROLEX GMTマスターII 126713GRNR 中古 時計 メンズ,126713GRNR,jackroad,FULL_SET,22744,24905,27156,Chrono24,8,20226,DERIVED,https://item.rakuten.co.jp/jackroad/6205469/,https://www.chrono24.com/rolex/rolex-june-2026-gmt-master-ii-zombie-bumblebee-126713grnr-two-tone-jubilee--id45056897.htm
156,A,BUY OPPORTUNITY,8.1,Rolex,ロレックス デイトナ Ref.116520 ステンレススチール ブラック文字盤 美中古 t6junhez,116520,commit,UNKNOWN,22129,24231,26372,Chrono24,11,20460,DERIVED,https://commit-watch.co.jp/products/t6junhez,https://www.chrono24.com/rolex/daytona--id47560800.htm
157,A,BUY OPPORTUNITY,8.1,Rolex,ロレックス エクスプローラーI Ref.114270 ステンレススチール ブラック文字盤 オイスターブレスレット 美中古 xp7m2uox,114270,commit,UNKNOWN,6968,7630,8304,Chrono24,8,6422,VERIFIED,https://commit-watch.co.jp/products/xp7m2uox,https://www.chrono24.com/rolex/explorer--id47560875.htm
158,A,BUY OPPORTUNITY,7.9,Audemars Piguet,ロイヤルオーク オフショア クロノグラフ,26231ST,kamekichi,UNKNOWN,32252,35316,38325,Chrono24 US,6,32177,VERIFIED,https://www.kame-kichi.com/items/46190,
159,A,BUY OPPORTUNITY,7.8,Rolex,PRICEDOWN Rolex Cosmograph Daytona 126518LN Black × Gold Random Serial Used Men's,126518LN,rasin,FULL_SET,48211,52791,57241,Chrono24,20,59042,DERIVED,https://en.www.rasin.co.jp/SHOP/U-126518LNBKGD3.html,https://www.chrono24.com/rolex/rolex-2025-daytona-40mm-126518ln-yellow-gold-oysterflex-champagne-dial--id47596590.htm
160,A,BUY OPPORTUNITY,7.7,Audemars Piguet,オーデマピゲ ロイヤルオーク Ref.15510ST.OO.1320ST.08 ステンレススチール シルバー文字盤 美中古 a8c2ourv,15510ST,commit,UNKNOWN,41935,45919,49751,Chrono24,22,46408,VERIFIED,https://commit-watch.co.jp/products/a8c2ourv,https://www.chrono24.com/audemarspiguet/audemars-piguet-2024-royal-oak-41mm-15510st-stainless-steel-blue-dial--id47560620.htm
161,A,BUY OPPORTUNITY,7.7,IWC,IWC インヂュニア オートマティック 40 Ref.IW328903 ステンレススチール グリーン文字盤 中古 tvs7ec55,IW328903,commit,UNKNOWN,9226,10102,10945,Chrono24,8,8333,DERIVED,https://commit-watch.co.jp/products/tvs7ec55,https://www.chrono24.com/iwc/2024-iwc-ingenieur-automatic-iw328903-40mm-aqua-blue-dial-steel-box-paper--id47169723.htm
162,A,BUY OPPORTUNITY,7.6,Rolex,ロレックス デイトナ Ref.116520 ステンレススチール ブラック文字盤 美品 bysrqrav,116520,commit,UNKNOWN|A_EXCELLENT,22258,24373,26372,Chrono24,11,20460,DERIVED,https://commit-watch.co.jp/products/bysrqrav,https://www.chrono24.com/rolex/daytona--id47560800.htm
163,A,BUY OPPORTUNITY,7.1,Rolex,【中古】 【新品同様】 ロレックス(ROLEX) GMTマスターII ブラック 126713GRNR ステンレス/イエローゴールド JB 【1年保証】,126713GRNR,kitamura,FULL_SET|AA_LIKE_NEW,23038,25227,27156,Chrono24,8,20226,DERIVED,https://item.rakuten.co.jp/emedama/2449020105919/,https://www.chrono24.com/rolex/rolex-june-2026-gmt-master-ii-zombie-bumblebee-126713grnr-two-tone-jubilee--id45056897.htm
164,A,BUY OPPORTUNITY,7.0,Rolex,ロレックス オイスターパーペチュアル36 Ref.116000 ステンレススチール ブラックコンセントリック文字盤 中古 ycrm5u9v,116000,commit,UNKNOWN,6774,7418,7976,Chrono24,24,6430,DERIVED,https://commit-watch.co.jp/products/ycrm5u9v,https://www.chrono24.com/rolex/oyster-perpetual-36--id47702102.htm
165,A,BUY OPPORTUNITY,7.0,Rolex,ロレックス ROLEX デイトジャスト 36 126233 新品 時計 メンズ,126233,jackroad,FULL_SET,17329,18975,20394,Chrono24,6,15217,VERIFIED,https://item.rakuten.co.jp/jackroad/rx2224/,https://www.chrono24.com/rolex/rolex-datejust-36mm-126233-jubilee-steel-and-yellow-gold-fluted-bezel-champagne-index-dial--id21201440.htm
166,A,BUY OPPORTUNITY,7.0,Rolex,ロレックス デイトナ エルプリメロ Ref.16520 ステンレススチール ホワイト文字盤 中古 axkyeaiq,16520,commit,UNKNOWN,26968,29530,31755,Chrono24 US,,28092,VERIFIED,https://commit-watch.co.jp/products/axkyeaiq,
167,A,BUY OPPORTUNITY,6.9,Omega,【中古】 【新品同様】 オメガ(OMEGA) スピードマスター ムーンウォッチ プロフェッショナル ブラック 310.30.42.50.01.004 ステンレススティール 【1年保,310.30.42.50.01.004,kitamura,FULL_SET|AA_LIKE_NEW,9305,10189,10945,Chrono24,8,9567,VERIFIED,https://item.rakuten.co.jp/emedama/2245460007925/,https://www.chrono24.com/omega/omega-new-2026-moonwatch-reverse-panda-dial-31030425001004--id47515263.htm
168,A,BUY OPPORTUNITY,6.7,Rolex,ロレックス オイスターパーペチュアル41 Ref.124300 ステンレススチール グリーン文字盤 中古 5bakgybx,124300,commit,UNKNOWN,8903,9749,10446,Chrono24,10,8068,DERIVED,https://commit-watch.co.jp/products/5bakgybx,https://www.chrono24.com/rolex/2023-oyster-perpetual-41mm-124300-black-dial--id46137621.htm
169,A,BUY OPPORTUNITY,6.7,Rolex,ロレックス GMTマスターII Ref.116710LN ステンレススチール ブラック文字盤 オイスターブレスレット 美中古 2pyqpsfw,116710LN,commit,UNKNOWN,12129,13281,14234,Chrono24,13,11538,DERIVED,https://commit-watch.co.jp/products/2pyqpsfw,https://www.chrono24.com/rolex/gmt-master-ii--id47700406.htm
170,A,BUY OPPORTUNITY,6.6,Rolex,PRICEDOWN Rolex Sky-Dweller 336238 Black Random Size Used Men&#39;s,336238,rasin,FULL_SET,38299,41938,44894,Chrono24,,45272,VERIFIED,https://en.www.rasin.co.jp/SHOP/U-336238BK-3.html,
171,A,BUY OPPORTUNITY,6.6,Rolex,ROLEX Oyster Perpetual 36 126000 Pistachio Random Serial Number Used Men's Watch,126000,rasin,FULL_SET,10674,11689,12510,Chrono24,8,9396,VERIFIED,https://en.www.rasin.co.jp/SHOP/U-126000PC.html,https://www.chrono24.com/rolex/rolex-unworn-126000-oyster-perpetual-36mm-med-blue-index-dial-oyster-bracelet-stainless-steel--id44319787.htm
172,A,BUY OPPORTUNITY,6.6,Omega,【中古】 【新品同様】 オメガ(OMEGA) スピードマスター プロフェッショナル ブラック 310.30.42.50.01.001 ステンレススティール 【1年保証】,310.30.42.50.01.001,kitamura,FULL_SET|AA_LIKE_NEW,6401,7009,7501,Chrono24,18,5627,VERIFIED,https://item.rakuten.co.jp/emedama/2443801751678/,https://www.chrono24.com/omega/unworn-2026-speedmaster-professional-moonwatch-42mm-hesalite-black-31030425001001--id43399029.htm
173,A,BUY OPPORTUNITY,6.5,Rolex,ロレックス デイトジャスト41 Ref.126334 ステンレススチール/ホワイトゴールド ブラック文字盤 オイスターブレスレット 美中古 gygct6mg,126334,commit,UNKNOWN,11290,12363,13222,Chrono24,48,14527,VERIFIED,https://commit-watch.co.jp/products/gygct6mg,https://www.chrono24.com/rolex/rolex-126334-datejust-41-silver-index-dial-on-oyster-2021--id46657048.htm
174,A,BUY OPPORTUNITY,6.4,Rolex,ロレックス ROLEX デイトジャスト 36 126233 新品 時計 メンズ,126233,jackroad,FULL_SET,17437,19094,20394,Chrono24,6,15217,VERIFIED,https://item.rakuten.co.jp/jackroad/rx1448/,https://www.chrono24.com/rolex/rolex-datejust-36mm-126233-jubilee-steel-and-yellow-gold-fluted-bezel-champagne-index-dial--id21201440.htm
175,A,BUY OPPORTUNITY,6.4,Rolex,ロレックス ROLEX デイトジャスト 36 126233 新品 時計 メンズ,126233,jackroad,FULL_SET,17437,19094,20394,Chrono24,6,15217,VERIFIED,https://item.rakuten.co.jp/jackroad/rx1728/,https://www.chrono24.com/rolex/rolex-datejust-36mm-126233-jubilee-steel-and-yellow-gold-fluted-bezel-champagne-index-dial--id21201440.htm
176,A,BUY OPPORTUNITY,6.3,Rolex,【中古】 【良品】 ロレックス(ROLEX) デイトジャスト 41 ダークロジウム [グレー系] 126300 ステンレス OB 【1年保証】,126300,kitamura,PAPERS_ONLY|AB_GOOD,9365,10255,10950,Chrono24,7,9982,VERIFIED,https://item.rakuten.co.jp/emedama/2403281143097/,https://www.chrono24.com/rolex/rolex-datejust-41-white-roman-dial-stainless-steel-41mm-126300----id46780791.htm
177,A,BUY OPPORTUNITY,5.9,Rolex,ROLEX Explorer I (Early Model) Blackout 214270 Black Random Serial Number Used Men's Watch,214270,rasin,FULL_SET,8094,8863,9415,Chrono24,6,7506,VERIFIED,https://en.www.rasin.co.jp/SHOP/U-214270BK-8.html,https://www.chrono24.com/rolex/rolex-explorer--id47558762.htm
178,A,BUY OPPORTUNITY,5.9,Rolex,PRICEDOWN Rolex Sky-Dweller 336238 Black Random Size Used Men&#39;s,336238,rasin,FULL_SET,38592,42259,44894,Chrono24,,45272,VERIFIED,https://en.www.rasin.co.jp/SHOP/U-336238BK-2.html,
179,A,BUY OPPORTUNITY,5.7,Rolex,ROLEX Explorer I (Early Model) Blackout 214270 Black G-serial Used Men's Watch,214270,rasin,FULL_SET,8111,8882,9415,Chrono24,6,7506,VERIFIED,https://en.www.rasin.co.jp/SHOP/U-214270BK-16.html,https://www.chrono24.com/rolex/rolex-explorer--id47558762.htm
180,A,BUY OPPORTUNITY,5.7,Rolex,ロレックス GMTマスター Ref.1675 ステンレススチール ブラック文字盤 オイスターブレスレット 中古 38fdfiw7,1675,commit,UNKNOWN,12774,13988,14837,Chrono24,,18002,DERIVED,https://commit-watch.co.jp/products/38fdfiw7,
181,A,BUY OPPORTUNITY,5.6,Rolex,PRICEDOWN Rolex Submariner Date 16610LV Black Z Size Used Men&#39;s,16610LV,rasin,FULL_SET,14252,15606,16534,Chrono24,,13708,VERIFIED,https://en.www.rasin.co.jp/SHOP/U-16610LV-10.html,
182,A,BUY OPPORTUNITY,5.5,Rolex,ROLEX Explorer I (Early Model) Blackout 214270 Black G-serial Used Men's Watch,214270,rasin,FULL_SET,8123,8895,9415,Chrono24,6,7506,VERIFIED,https://en.www.rasin.co.jp/SHOP/U-214270BK-5.html,https://www.chrono24.com/rolex/rolex-explorer--id47558762.htm
183,A,BUY OPPORTUNITY,5.4,Rolex,ロレックス デイトナ Ref.126506 プラチナ アイスブルー文字盤 未使用 bztae7pb,126506,commit,UNKNOWN|AA_LIKE_NEW,122581,134226,141945,Chrono24,6,117275,VERIFIED,https://commit-watch.co.jp/products/bztae7pb,https://www.chrono24.com/rolex/rolex-new-2026-rolex-daytona-40mm-126506-platinum-ice-blue-dial-stickered--id47543425.htm
184,A,BUY OPPORTUNITY,5.3,Rolex,ROLEX Sky-Dweller 336934 White 5-row Jubilee bracelet Bracelet Random Serial Number Used M,336934,rasin,FULL_SET,21877,23955,25288,Chrono24,35,23587,VERIFIED,https://en.www.rasin.co.jp/SHOP/U-336934WHJ-2.html,https://www.chrono24.com/rolex/like-new-2025-sky-dweller-steel-jubilee-black-dial-336934--id47597729.htm
185,A,BUY OPPORTUNITY,5.3,Rolex,PRICEDOWN Rolex Datejust 279171 White Roma 5-row Jubilee bracelet Random Number Used Ladie,279171,rasin,FULL_SET,12786,14001,14781,Chrono24,,14475,VERIFIED,https://en.www.rasin.co.jp/SHOP/U-279171WHR-3.html,
186,A,BUY OPPORTUNITY,5.3,Rolex,ROLEX Explorer I (Early Model) Blackout 214270 Black Random Serial Number Used Men's Watch,214270,rasin,FULL_SET,8141,8914,9415,Chrono24,6,7506,VERIFIED,https://en.www.rasin.co.jp/SHOP/U-214270BK-6.html,https://www.chrono24.com/rolex/rolex-explorer--id47558762.htm
187,A,BUY OPPORTUNITY,5.1,Audemars Piguet,オーデマピゲ ロイヤルオーク Ref.15510ST.OO.1320ST.08 ステンレススチール シルバー文字盤 美中古 vntwqy49,15510ST,commit,UNKNOWN,43097,47191,49751,Chrono24,22,46408,VERIFIED,https://commit-watch.co.jp/products/vntwqy49,https://www.chrono24.com/audemarspiguet/audemars-piguet-2024-royal-oak-41mm-15510st-stainless-steel-blue-dial--id47560620.htm
188,A,BUY OPPORTUNITY,5.1,Omega,オメガ OMEGA スピードマスター ムーンウォッチ プロフェッショナル 310.60.42.50.01.002 中古 時計 メンズ,310.60.42.50.01.002,jackroad,FULL_SET,37907,41509,43745,Chrono24,,45849,DERIVED,https://item.rakuten.co.jp/jackroad/6398383/,
189,A,BUY OPPORTUNITY,5.0,Rolex,ロレックス サブマリーナー デイト Ref.126619LB ホワイトゴールド ブラック文字盤 中古 8y332yqc,126619LB,commit,UNKNOWN,35161,38502,40515,Chrono24,2,33933,VERIFIED,https://commit-watch.co.jp/products/8y332yqc,https://www.chrono24.com/rolex/rolex-submariner-date-41--id47739099.htm
190,A,BUY OPPORTUNITY,5.0,Cartier,カルティエ CARTIER サントス デュモン SM WSSA0086 新品 時計 レディース,WSSA0086,jackroad,FULL_SET,4362,4776,5025,Chrono24 US,8,4382,VERIFIED,https://item.rakuten.co.jp/jackroad/ca1054/,
191,A,BUY OPPORTUNITY,5.0,Rolex,【中古】 【美品】 ロレックス(ROLEX) サブマリーナー デイト ブラック 126613LN ステンレス 【1年保証】,126613LN,kitamura,PAPERS_ONLY|A_EXCELLENT,16144,17677,18599,Chrono24,14,15733,VERIFIED,https://item.rakuten.co.jp/emedama/2245460005914/,https://www.chrono24.com/rolex/submariner-date-126613ln--black-dial--bezel--two-tone-gold-rolesor--id43117886.htm
192,A,BUY OPPORTUNITY,5.0,Omega,オメガ スピードマスター 記念モデル コーアクシャル マスター クロノメーター クロノグラフ 42MM Ref.310.32.42.50.02.001 ステンレススチール シルバー,310.32.42.50.02.001,commit,UNKNOWN|AA_LIKE_NEW,15097,16531,17409,Chrono24,7,15051,VERIFIED,https://commit-watch.co.jp/products/bxxkitso,https://www.chrono24.com/omega/speedmaster-silver-snoopy-award-31032425002001-steel-42mm--id47735483.htm
193,A,BUY OPPORTUNITY,5.0,Rolex,ROLEX Explorer I (Early Model) Blackout 214270 Black Random Serial Number Used Men's Watch,214270,rasin,FULL_SET,8164,8940,9415,Chrono24,6,7506,VERIFIED,https://en.www.rasin.co.jp/SHOP/U-214270BK-19.html,https://www.chrono24.com/rolex/rolex-explorer--id47558762.htm
194,A,BUY OPPORTUNITY,4.9,Breitling,ブライトリング BREITLING スーパー クロノマット B01 44 EB0136251M1S1 新品 時計 メンズ,EB0136251M1S1,jackroad,FULL_SET,6559,7182,7556,Chrono24,,6099,DERIVED,https://item.rakuten.co.jp/jackroad/br1590/,
195,A,BUY OPPORTUNITY,4.9,Rolex,ROLEX Explorer I (Early Model) Blackout 214270 Black Random Serial Number Used Men's Watch,214270,rasin,FULL_SET,8176,8953,9415,Chrono24,6,7506,VERIFIED,https://en.www.rasin.co.jp/SHOP/U-214270BK-10.html,https://www.chrono24.com/rolex/rolex-explorer--id47558762.htm
196,A,BUY OPPORTUNITY,4.9,Rolex,【中古】 【新品同様】 ロレックス(ROLEX) ヨットマスター ダークロジウム [グレー系] 126622 ステンレス/プラチナ 【1年保証】,126622,kitamura,FULL_SET|AA_LIKE_NEW,15657,17145,18035,Chrono24,8,13822,VERIFIED,https://item.rakuten.co.jp/emedama/2445740028637/,https://www.chrono24.com/rolex/rolex-2025-yacht-master-40mm-126622-stainless-steel-rhodium-dial--id46800314.htm
197,A,BUY OPPORTUNITY,4.9,Rolex,ロレックス ROLEX レディ デイトジャスト 28 279178 中古 時計 レディース,279178,bettyroad,FULL_SET,25283,27685,29120,Chrono24,6,23103,VERIFIED,https://item.rakuten.co.jp/bettyroad/6467195/,https://www.chrono24.com/rolex/good-condition-2016-lady-datejust-yellow-gold-jubilee-champagne-index-dial-279178--id44913627.htm
198,A,BUY OPPORTUNITY,4.9,Omega,【中古】 【美品】 オメガ(OMEGA) スピードマスター ホワイト 310.32.42.50.02.001 ステンレススティール スヌーピーアワード 【1年保証】,310.32.42.50.02.001,kitamura,FULL_SET|A_EXCELLENT,15113,16548,17409,Chrono24,7,15051,VERIFIED,https://item.rakuten.co.jp/emedama/2245460008441/,https://www.chrono24.com/omega/speedmaster-silver-snoopy-award-31032425002001-steel-42mm--id47735483.htm
199,A,BUY OPPORTUNITY,4.8,Omega,オメガ OMEGA スピードマスター キャリバー 321 311.30.40.30.01.001 新品 時計 メンズ,311.30.40.30.01.001,jackroad,FULL_SET,15524,16999,17847,Chrono24 US,,15192,VERIFIED,https://item.rakuten.co.jp/jackroad/om1578/,
200,A,BUY OPPORTUNITY,4.8,Rolex,ロレックス ROLEX コスモグラフ デイトナ ル・マン 126528LN 新品 時計 メンズ,126528LN,jackroad,FULL_SET,209393,229286,240932,Chrono24,8,194736,DERIVED,https://item.rakuten.co.jp/jackroad/rx2064/,https://www.chrono24.com/rolex/rolex-le-mans-daytona--id47107552.htm
201,A,BUY OPPORTUNITY,4.6,Rolex,PRICEDOWN ROLEX Explorer I Early Model Blackout 214270 Black Random Serial Number Used Men,214270,rasin,UNKNOWN,8199,8978,9415,Chrono24,6,7506,VERIFIED,https://en.www.rasin.co.jp/SHOP/U-214270BK-11.html,https://www.chrono24.com/rolex/rolex-explorer--id47558762.htm
202,A,BUY OPPORTUNITY,4.6,Rolex,ロレックス GMTマスターII Ref.126718GRNR イエローゴールド ブラック文字盤 ジュビリーブレスレット 未使用 ta8saqs9,126718GRNR,commit,UNKNOWN|AA_LIKE_NEW,45677,50017,52445,Chrono24,7,43309,DERIVED,https://commit-watch.co.jp/products/ta8saqs9,https://www.chrono24.com/rolex/rolex-2024-gmt-master-ii-40mm-126718grnr-yellow-gold-jubilee-black-dial--id47612517.htm
203,A,BUY OPPORTUNITY,4.5,Rolex,ロレックス デイトジャスト41 Ref.126300 ステンレススチール スレート文字盤 オイスターブレスレット 美中古 ijrndv9y,126300,commit,UNKNOWN,9548,10455,10950,Chrono24,7,9982,VERIFIED,https://commit-watch.co.jp/products/ijrndv9y,https://www.chrono24.com/rolex/rolex-datejust-41-white-roman-dial-stainless-steel-41mm-126300----id46780791.htm
204,A,BUY OPPORTUNITY,4.5,Rolex,PRICEDOWN ROLEX Cosmograph Daytona 126506 Ice Blue Random Number Used Men&#39;s,126506,rasin,FULL_SET,123754,135510,141945,Chrono24,6,117275,VERIFIED,https://en.www.rasin.co.jp/SHOP/U-126506.html,https://www.chrono24.com/rolex/rolex-new-2026-rolex-daytona-40mm-126506-platinum-ice-blue-dial-stickered--id47543425.htm
205,A,BUY OPPORTUNITY,4.4,Rolex,ロレックス デイトジャスト41 Ref.126334 ステンレススチール/ホワイトゴールド ホワイトローマン文字盤 オイスターブレスレット 美中古 4cnc3czw,126334,commit,UNKNOWN,11548,12645,13222,Chrono24,48,14527,VERIFIED,https://commit-watch.co.jp/products/4cnc3czw,https://www.chrono24.com/rolex/rolex-126334-datejust-41-silver-index-dial-on-oyster-2021--id46657048.htm
206,A,BUY OPPORTUNITY,4.4,Rolex,【中古】 【良品】 ロレックス(ROLEX) シードゥエラー ブラック 16600 ステンレス 【1年保証】,16600,kitamura,FULL_SET|AB_GOOD,8795,9630,10073,Chrono24,2,9019,VERIFIED,https://item.rakuten.co.jp/emedama/2443801630812/,https://www.chrono24.com/rolex/sea-dweller--id47263835.htm
207,A,BUY OPPORTUNITY,4.3,Rolex,PRICEDOWN ROLEX Explorer I Early Model Blackout 214270 Black Random Serial Number Used Men,214270,rasin,FULL_SET,8229,9010,9415,Chrono24,6,7506,VERIFIED,https://en.www.rasin.co.jp/SHOP/U-214270BK-17.html,https://www.chrono24.com/rolex/rolex-explorer--id47558762.htm
208,A,BUY OPPORTUNITY,4.3,Rolex,PRICEDOWN ROLEX GMT Master II 126710GRNR Black 3-row Oyster bracelet Bracelet Random Seria,126710GRNR,rasin,FULL_SET,19531,21386,22337,Chrono24,20,20248,VERIFIED,https://en.www.rasin.co.jp/SHOP/S-126710GRNR-2.html,https://www.chrono24.com/rolex/rolex-gmt-master-ii--id47560413.htm
209,A,BUY OPPORTUNITY,4.2,Audemars Piguet,オーデマピゲ ロイヤルオーク 50周年記念 Ref.15510ST.OO.1320ST.03 ステンレススチール シルバー文字盤 美品 tke4xgz8,15510ST,commit,UNKNOWN|A_EXCELLENT,43548,47685,49751,Chrono24,22,46408,VERIFIED,https://commit-watch.co.jp/products/tke4xgz8,https://www.chrono24.com/audemarspiguet/audemars-piguet-2024-royal-oak-41mm-15510st-stainless-steel-blue-dial--id47560620.htm
210,A,BUY OPPORTUNITY,4.2,Rolex,PRICEDOWN ROLEX Explorer I Early Model Blackout 214270 Black Random Serial Number Used Men,214270,rasin,UNKNOWN,8240,9023,9415,Chrono24,6,7506,VERIFIED,https://en.www.rasin.co.jp/SHOP/U-214270BK-4.html,https://www.chrono24.com/rolex/rolex-explorer--id47558762.htm
211,A,BUY OPPORTUNITY,4.2,Rolex,ROLEX Explorer I (Early Model) Blackout 214270 Black Random Serial Number Used Men's Watch,214270,rasin,FULL_SET,8235,9017,9415,Chrono24,6,7506,VERIFIED,https://en.www.rasin.co.jp/SHOP/U-214270BK-20.html,https://www.chrono24.com/rolex/rolex-explorer--id47558762.htm
212,A,BUY OPPORTUNITY,4.1,Omega,オメガ OMEGA シーマスター ダイバー300M アメリカズカップ マスター クロノメーター クロノグラフ 210.30.44.51.03.002 新品 時計 メンズ,210.30.44.51.03.002,jackroad,FULL_SET,6619,7248,7556,Chrono24,,5590,DERIVED,https://item.rakuten.co.jp/jackroad/om1294/,
213,A,BUY OPPORTUNITY,4.1,Rolex,ロレックス ROLEX エクスプローラー 214270 中古 時計 メンズ,214270,jackroad,FULL_SET,8243,9026,9415,Chrono24,6,7506,VERIFIED,https://item.rakuten.co.jp/jackroad/6372840/,https://www.chrono24.com/rolex/rolex-explorer--id47558762.htm
214,A,BUY OPPORTUNITY,4.1,Rolex,ロレックス ROLEX コスモグラフ デイトナ 116519LN 中古 時計 メンズ,116519LN,jackroad,FULL_SET,43924,48097,50151,Chrono24,20,40684,DERIVED,https://item.rakuten.co.jp/jackroad/6381309/,https://www.chrono24.com/rolex/daytona-ghost-white-gold-oysterflex-116519ln-grey-dial--id31519416.htm
215,A,BUY OPPORTUNITY,4.0,Grand Seiko,【中古】 【美品】 グランドセイコー メカニカル ヘリテージコレクション ブルー SLGH013/9SA5-00F0 エバーブリリアントスチール 【1年保証】,SLGH013,kitamura,FULL_SET|A_EXCELLENT,6522,7141,7435,Chrono24,,6917,VERIFIED,https://item.rakuten.co.jp/emedama/2245460008908/,
216,A,BUY OPPORTUNITY,4.0,Rolex,PRICEDOWN ROLEX Explorer I Early Model Blackout 214270 Black Random Serial Number Used Men,214270,rasin,FULL_SET,8258,9043,9415,Chrono24,6,7506,VERIFIED,https://en.www.rasin.co.jp/SHOP/U-214270BK-7.html,https://www.chrono24.com/rolex/rolex-explorer--id47558762.htm
217,A,BUY OPPORTUNITY,3.9,Rolex,【中古】 【美品】 ロレックス(ROLEX) デイトジャスト 41 ブラック 126300 ステンレス OB 【1年保証】,126300,kitamura,FULL_SET|A_EXCELLENT,9607,10520,10950,Chrono24,7,9982,VERIFIED,https://item.rakuten.co.jp/emedama/2245460006621/,https://www.chrono24.com/rolex/rolex-datejust-41-white-roman-dial-stainless-steel-41mm-126300----id46780791.htm
218,A,BUY OPPORTUNITY,3.7,Rolex,"ROLEX GMT Master II 126718GRNR Black, Random Serial Number Used Men&#39;s Watch",126718GRNR,rasin,FULL_SET,46100,50479,52445,Chrono24,7,43309,DERIVED,https://en.www.rasin.co.jp/SHOP/U-126718GRNR-6.html,https://www.chrono24.com/rolex/rolex-2024-gmt-master-ii-40mm-126718grnr-yellow-gold-jubilee-black-dial--id47612517.htm
219,A,BUY OPPORTUNITY,3.6,Rolex,ロレックス ROLEX コスモグラフ デイトナ 116503 中古 時計 メンズ,116503,jackroad,FULL_SET,21601,23653,24528,Chrono24,10,20119,VERIFIED,https://item.rakuten.co.jp/jackroad/6362377/,https://www.chrono24.com/rolex/daytona-black-dial-116503-two-tone-yellow-gold-oyster--id34877293.htm
220,A,BUY OPPORTUNITY,3.6,Rolex,【中古】 【良品】 ロレックス(ROLEX) エクスプローラーI ブラック 114270 ステンレス 【1年保証】,114270,kitamura,FULL_SET|AB_GOOD,7308,8003,8304,Chrono24,8,6422,VERIFIED,https://item.rakuten.co.jp/emedama/2449670035628/,https://www.chrono24.com/rolex/explorer--id47560875.htm
221,A,BUY OPPORTUNITY,3.5,Rolex,SALE ROLEX GMT Master II 126718GRNR Black Random Serial Number Used Men's Watch,126718GRNR,rasin,FULL_SET,46217,50608,52445,Chrono24,7,43309,DERIVED,https://en.www.rasin.co.jp/SHOP/U-126718GRNR-4.html,https://www.chrono24.com/rolex/rolex-2024-gmt-master-ii-40mm-126718grnr-yellow-gold-jubilee-black-dial--id47612517.htm
222,A,BUY OPPORTUNITY,3.5,Rolex,PRICEDOWN Rolex Sky-Dweller 336239 Black Random Size Used Men&#39;s,336239,rasin,FULL_SET,39765,43543,45135,Chrono24 US,15,39082,VERIFIED,https://en.www.rasin.co.jp/SHOP/U-336239BK.html,
223,A,BUY OPPORTUNITY,3.5,Omega,オメガ OMEGA シーマスター 600 プラネットオーシャン コーアクシャル マスタークロノメーター 215.30.44.21.01.001 新品 時計 メンズ,215.30.44.21.01.001,jackroad,FULL_SET,4922,5390,5585,Chrono24 US,,4285,VERIFIED,https://item.rakuten.co.jp/jackroad/om745/,
224,A,BUY OPPORTUNITY,3.5,Omega,オメガ OMEGA シーマスター 600 プラネットオーシャン クロノグラフ 215.30.46.51.01.002 新品 時計 メンズ,215.30.46.51.01.002,jackroad,FULL_SET,5885,6444,6680,Chrono24,,4560,DERIVED,https://item.rakuten.co.jp/jackroad/om767/,
225,A,BUY OPPORTUNITY,3.5,Rolex,PRICEDOWN ROLEX GMT Master II 126720VTNR Black 3-row Oyster bracelet Bracelet Random Seria,126720VTNR,rasin,FULL_SET,15543,17019,17628,Chrono24,6,14816,DERIVED,https://en.www.rasin.co.jp/SHOP/U-126720VTNR-9.html,https://www.chrono24.com/rolex/rolex-gmt-master-ii-sprite-126720vtnr--id47697234.htm
226,A,BUY OPPORTUNITY,3.4,Rolex,ロレックス デイトジャスト36 Ref.126200 ステンレススチール ブライトブルー文字盤 オイスターブレスレット 美中古 3a6inkio,126200,commit,UNKNOWN,8065,8831,9143,Chrono24,3,9044,VERIFIED,https://commit-watch.co.jp/products/3a6inkio,
227,A,BUY OPPORTUNITY,3.4,Rolex,PRICEDOWN ROLEX Cosmograph Daytona 126505 Black × Dust Random Number Used Men&#39;s,126505,rasin,FULL_SET,56598,61975,64156,Chrono24,4,54091,VERIFIED,https://en.www.rasin.co.jp/SHOP/U-126505BKSD-3.html,https://www.chrono24.com/rolex/2025-rolex-daytona-40mm-126505-rose-gold-chocolate-dial--id45674616.htm
228,A,BUY OPPORTUNITY,3.4,Rolex,【中古】 【新品同様】 ロレックス(ROLEX) GMTマスターII ブラック 126710GRNR ステンレススティール オイスターブレス 【1年保証】,126710GRNR,kitamura,FULL_SET|AA_LIKE_NEW,19711,21583,22337,Chrono24,20,20248,VERIFIED,https://item.rakuten.co.jp/emedama/2447020213634/,https://www.chrono24.com/rolex/rolex-gmt-master-ii--id47560413.htm
229,A,BUY OPPORTUNITY,3.4,Rolex,【中古】 【良品】 ロレックス(ROLEX) デイトナ ブラック 116503 ステンレス/イエローゴールド 【1年保証】,116503,kitamura,FULL_SET|AB_GOOD,21647,23703,24528,Chrono24,10,20119,VERIFIED,https://item.rakuten.co.jp/emedama/2245460009554/,https://www.chrono24.com/rolex/daytona-black-dial-116503-two-tone-yellow-gold-oyster--id34877293.htm
230,A,BUY OPPORTUNITY,3.2,Rolex,ロレックス デイトナ エルプリメロ Ref.16520 ステンレススチール ホワイト文字盤 中古 iorr3v3j,16520,commit,UNKNOWN,28065,30731,31755,Chrono24 US,,28092,VERIFIED,https://commit-watch.co.jp/products/iorr3v3j,
231,A,BUY OPPORTUNITY,3.2,Rolex,ロレックス ROLEX デイトジャスト 31 278344RBR 新品 時計 ボーイズ,278344RBR,jackroad,FULL_SET,15644,17131,17690,Chrono24,,14865,VERIFIED,https://item.rakuten.co.jp/jackroad/rx1402/,
232,A,BUY OPPORTUNITY,3.2,Omega,【中古】 【良品】 オメガ(OMEGA) スピードマスター レーシング ブラック 326.30.40.50.01.001 ステンレススティール 【1年保証】,326.30.40.50.01.001,kitamura,FULL_SET|AB_GOOD,3194,3498,3614,Chrono24 US,6,3265,VERIFIED,https://item.rakuten.co.jp/emedama/2245460007963/,
233,A,BUY OPPORTUNITY,3.2,Rolex,【中古】 【良品】 ロレックス(ROLEX) GMTマスターII ブラック 116710LN ステンレス 【1年保証】,116710LN,kitamura,PAPERS_ONLY|AB_GOOD,12584,13779,14234,Chrono24,13,11538,DERIVED,https://item.rakuten.co.jp/emedama/2403281143028/,https://www.chrono24.com/rolex/gmt-master-ii--id47700406.htm
234,A,BUY OPPORTUNITY,3.2,Rolex,ロレックス デイトジャスト36 Ref.126234 ステンレススチール/ホワイトゴールド シルバー文字盤 ジュビリーブレスレット 美品 hoprabux,126234,commit,UNKNOWN|A_EXCELLENT,11097,12151,12559,Chrono24,8,12488,VERIFIED,https://commit-watch.co.jp/products/hoprabux,https://www.chrono24.com/rolex/rolex-pre-owned-rolex-oyster-oysterseel-perpetual-datejust-silver-dial-36mm-watch-2021-126234--id44628162.htm
235,A,BUY OPPORTUNITY,3.2,Rolex,ロレックス デイトナ エルプリメロ Ref.16520 ステンレススチール ブラック文字盤 美中古 235odqie,16520,commit,UNKNOWN,28065,30731,31755,Chrono24 US,,28092,VERIFIED,https://commit-watch.co.jp/products/235odqie,
236,A,BUY OPPORTUNITY,3.1,Rolex,【中古】 【良品】 ロレックス(ROLEX) サブマリーナー デイト ブラック 16610LV ステンレス 【1年保証】,16610LV,kitamura,PAPERS_ONLY|AB_GOOD,14625,16015,16534,Chrono24,,13708,VERIFIED,https://item.rakuten.co.jp/emedama/2448570036674/,
237,A,BUY OPPORTUNITY,3.1,Rolex,PRICEDOWN ROLEX Explorer I Late Model White 369 214270 Black Random Number Used Men&#39;s,214270,rasin,FULL_SET,8328,9120,9415,Chrono24,6,7506,VERIFIED,https://en.www.rasin.co.jp/SHOP/U-214270WH-8.html,https://www.chrono24.com/rolex/rolex-explorer--id47558762.htm
238,A,BUY OPPORTUNITY,3.0,Rolex,ロレックス デイトナ Ref.116520 ステンレススチール ブラック文字盤 中古 mzh7h88u,116520,commit,UNKNOWN,23355,25574,26372,Chrono24,11,20460,DERIVED,https://commit-watch.co.jp/products/mzh7h88u,https://www.chrono24.com/rolex/daytona--id47560800.htm
239,A,BUY OPPORTUNITY,3.0,Rolex,ロレックス デイトナ Ref.116520 ステンレススチール ブラック文字盤 美中古 bqjra6su,116520,commit,UNKNOWN,23355,25574,26372,Chrono24,11,20460,DERIVED,https://commit-watch.co.jp/products/bqjra6su,https://www.chrono24.com/rolex/daytona--id47560800.htm
240,A,BUY OPPORTUNITY,3.0,Rolex,ロレックス デイトナ Ref.116520 ステンレススチール ブラック文字盤 美品 rpswc7it,116520,commit,UNKNOWN|A_EXCELLENT,23355,25574,26372,Chrono24,11,20460,DERIVED,https://commit-watch.co.jp/products/rpswc7it,https://www.chrono24.com/rolex/daytona--id47560800.htm
241,A,BUY OPPORTUNITY,3.0,Rolex,ロレックス デイトナ Ref.116520 ステンレススチール ブラック文字盤 中古 92dv9eqq,116520,commit,UNKNOWN,23355,25574,26372,Chrono24,11,20460,DERIVED,https://commit-watch.co.jp/products/92dv9eqq,https://www.chrono24.com/rolex/daytona--id47560800.htm
242,A,BUY OPPORTUNITY,3.0,Rolex,ロレックス デイトナ Ref.116520 ステンレススチール ブラック文字盤 美中古 q2x4sp7a,116520,commit,UNKNOWN,23355,25574,26372,Chrono24,11,20460,DERIVED,https://commit-watch.co.jp/products/q2x4sp7a,https://www.chrono24.com/rolex/daytona--id47560800.htm
243,A,BUY OPPORTUNITY,3.0,Rolex,ロレックス デイトナ Ref.116520 ステンレススチール ブラック文字盤 美品 tbgnrmrn,116520,commit,UNKNOWN|A_EXCELLENT,23355,25574,26372,Chrono24,11,20460,DERIVED,https://commit-watch.co.jp/products/tbgnrmrn,https://www.chrono24.com/rolex/daytona--id47560800.htm
244,A,BUY OPPORTUNITY,3.0,Rolex,ROLEX Explorer I (late model) White 369 214270 Black Random Serial Number Used Men's Watch,214270,rasin,FULL_SET,8340,9132,9415,Chrono24,6,7506,VERIFIED,https://en.www.rasin.co.jp/SHOP/U-214270WH-4.html,https://www.chrono24.com/rolex/rolex-explorer--id47558762.htm
245,A,BUY OPPORTUNITY,2.8,Audemars Piguet,オーデマ ピゲ AUDEMARS PIGUET CODE 11.59 バイ オーデマピゲ クロノグラフ 26393ST.OO.A056KB.01 新品 時計 メンズ,26393ST,jackroad,FULL_SET,25753,28200,29018,Chrono24 US,,23037,VERIFIED,https://item.rakuten.co.jp/jackroad/ap305/,
246,A,BUY OPPORTUNITY,2.8,Rolex,PRICEDOWN ROLEX Cosmograph Daytona 126503 Golden Random Used Men's,126503,rasin,FULL_SET,25748,28194,29016,Chrono24,8,25325,VERIFIED,https://en.www.rasin.co.jp/SHOP/U-126503GD-3.html,https://www.chrono24.com/rolex/rolex-daytona--id47466342.htm
247,A,BUY OPPORTUNITY,2.6,Rolex,ロレックス デイトジャスト36 Ref.126203 ステンレススチール/イエローゴールド スレートローマン文字盤 オイスターブレスレット 中古 xafwm2st,126203,commit,UNKNOWN,10710,11727,12045,Chrono24 US,15,12560,VERIFIED,https://commit-watch.co.jp/products/xafwm2st,
248,A,BUY OPPORTUNITY,2.4,Rolex,ロレックス ROLEX エクスプローラー 114270 中古 時計 メンズ,114270,jackroad,FULL_SET,7401,8104,8304,Chrono24,8,6422,VERIFIED,https://item.rakuten.co.jp/jackroad/6331625/,https://www.chrono24.com/rolex/explorer--id47560875.htm
249,A,BUY OPPORTUNITY,2.4,Rolex,PRICEDOWN ROLEX Explorer I Late Model White 369 214270 Black Random Number Used Men&#39;s,214270,rasin,FULL_SET,8393,9190,9415,Chrono24,6,7506,VERIFIED,https://en.www.rasin.co.jp/SHOP/U-214270WH-3.html,https://www.chrono24.com/rolex/rolex-explorer--id47558762.htm
250,A,BUY OPPORTUNITY,2.2,Breitling,ブライトリング BREITLING クロノマット オートマチック 36 U10380101A1U1 新品 時計 レディース,U10380101A1U1,jackroad,FULL_SET,4501,4928,5037,Chrono24,,4171,DERIVED,https://item.rakuten.co.jp/jackroad/br1463/,
251,A,BUY OPPORTUNITY,2.1,Rolex,ロレックス デイトナ エルプリメロ Ref.16520 ステンレススチール ブラック文字盤 中古 cegmg5s8,16520,commit,UNKNOWN,28387,31084,31755,Chrono24 US,,28092,VERIFIED,https://commit-watch.co.jp/products/cegmg5s8,
252,A,BUY OPPORTUNITY,2.1,Rolex,ロレックス デイトナ エルプリメロ Ref.16520 ステンレススチール ブラック文字盤 中古 162933S1,16520,commit,UNKNOWN,28387,31084,31755,Chrono24 US,,28092,VERIFIED,https://commit-watch.co.jp/products/162933s1,
253,A,BUY OPPORTUNITY,2.1,Rolex,PRICEDOWN ROLEX Explorer I Late Model White 369 214270 Black Random Number Used Men&#39;s,214270,rasin,UNKNOWN,8416,9216,9415,Chrono24,6,7506,VERIFIED,https://en.www.rasin.co.jp/SHOP/U-214270WH-10.html,https://www.chrono24.com/rolex/rolex-explorer--id47558762.htm
254,A,BUY OPPORTUNITY,2.1,Grand Seiko,【中古】 【良品】 グランドセイコー スプリングドライブ GMT グリーン SBGE257/9R66-0BB0 ステンレススティール/セラミック 【1年保証】,SBGE257,kitamura,FULL_SET|AB_GOOD,4525,4955,5062,Chrono24 US,,4071,VERIFIED,https://item.rakuten.co.jp/emedama/2245460009714/,
255,A,BUY OPPORTUNITY,2.0,Omega,オメガ OMEGA シーマスター 600 プラネットオーシャン マスタークロノメーター 215.32.44.21.01.001 新品 時計 メンズ,215.32.44.21.01.001,jackroad,FULL_SET,4802,5258,5364,Chrono24,10,4533,VERIFIED,https://item.rakuten.co.jp/jackroad/om873/,https://www.chrono24.com/omega/omega-seamaster-planet-ocean--id45533480.htm
256,A,BUY OPPORTUNITY,2.0,Omega,オメガ OMEGA シーマスター ダイバー300M コーアクシャル マスター クロノメーター 210.30.42.20.03.001 新品 時計 メンズ,210.30.42.20.03.001,jackroad,FULL_SET,4802,5258,5366,Chrono24,17,4420,VERIFIED,https://item.rakuten.co.jp/jackroad/om926/,https://www.chrono24.com/omega/seamaster-diver-300-m--id47088934.htm
257,A,BUY OPPORTUNITY,2.0,Rolex,ROLEX Explorer I (late model) White 369 214270 Black Random Serial Number Used Men's Watch,214270,rasin,FULL_SET,8422,9222,9415,Chrono24,6,7506,VERIFIED,https://en.www.rasin.co.jp/SHOP/U-214270WH.html,https://www.chrono24.com/rolex/rolex-explorer--id47558762.htm
258,A,BUY OPPORTUNITY,1.7,Rolex,ロレックス ROLEX コスモグラフ デイトナ 126508 新品 時計 メンズ,126508,jackroad,FULL_SET,63179,69181,70354,Chrono24,8,67696,VERIFIED,https://item.rakuten.co.jp/jackroad/rx1784/,https://www.chrono24.com/rolex/cosmograph-daytona--id46294274.htm
259,A,BUY OPPORTUNITY,1.5,Rolex,ロレックス ROLEX スカイドゥエラー 336934 新品 時計 メンズ,336934,jackroad,FULL_SET,22744,24905,25288,Chrono24,35,23587,VERIFIED,https://item.rakuten.co.jp/jackroad/rx1717/,https://www.chrono24.com/rolex/like-new-2025-sky-dweller-steel-jubilee-black-dial-336934--id47597729.htm
260,A,BUY OPPORTUNITY,1.5,Rolex,PRICEDOWN ROLEX Cosmograph Daytona 126503 White Random Serial Number Used Men's Watch,126503,rasin,FULL_SET,26100,28579,29016,Chrono24,8,25325,VERIFIED,https://en.www.rasin.co.jp/SHOP/U-126503WH-5.html,https://www.chrono24.com/rolex/rolex-daytona--id47466342.htm
261,A,BUY OPPORTUNITY,1.5,Rolex,PRICEDOWN ROLEX GMT Master II 126710BLNR Black 3-row Oyster bracelet Bracelet Random Seria,126710BLNR,rasin,FULL_SET,16997,18612,18889,Chrono24,28,17118,VERIFIED,https://en.www.rasin.co.jp/SHOP/U-126710BLNRO-7.html,https://www.chrono24.com/rolex/gmt-master-ii-batman-126710blnr-full-kit--id38713650.htm
262,A,BUY OPPORTUNITY,1.5,Rolex,ロレックス デイトナ Ref.116515LN エバーローズゴールド チョコレートxアラビア文字盤 中古 u2jyx32o,116515LN,commit,UNKNOWN,34516,37795,38357,Chrono24,17,34800,DERIVED,https://commit-watch.co.jp/products/u2jyx32o,https://www.chrono24.com/rolex/daytona-116515ln-choco-arabic-brown-arabic-dial-rose-gold-leather-strap-40mm-2013--id47579182.htm
263,A,BUY OPPORTUNITY,1.4,Rolex,ロレックス デイトナ エルプリメロ Ref.16520 ステンレススチール ブラック文字盤 中古 own6mmv3,16520,commit,UNKNOWN,28581,31296,31755,Chrono24 US,,28092,VERIFIED,https://commit-watch.co.jp/products/own6mmv3,
264,A,BUY OPPORTUNITY,1.4,Rolex,ロレックス ROLEX エクスプローラーII 16570 中古 時計 メンズ,16570,jackroad,FULL_SET,7341,8038,8151,Chrono24,4,8104,VERIFIED,https://item.rakuten.co.jp/jackroad/6352347/,https://www.chrono24.com/rolex/explorer-ii--id47838616.htm
265,A,BUY OPPORTUNITY,1.3,Rolex,ロレックス ROLEX GMTマスターII 126713GRNR 新品 時計 メンズ,126713GRNR,jackroad,FULL_SET,24489,26816,27156,Chrono24,8,20226,DERIVED,https://item.rakuten.co.jp/jackroad/rx1695/,https://www.chrono24.com/rolex/rolex-june-2026-gmt-master-ii-zombie-bumblebee-126713grnr-two-tone-jubilee--id45056897.htm
266,A,BUY OPPORTUNITY,1.3,Rolex,SALE Rolex Datejust Bezel Diamond 10P Diamond 279384RBR Gray Random Serial Used Ladies,279384RBR,rasin,FULL_SET,17771,19460,19721,Chrono24 US,,16874,VERIFIED,https://en.www.rasin.co.jp/SHOP/U-279384RBRDG-3.html,
267,A,BUY OPPORTUNITY,1.3,Rolex,【中古】 【新品同様】 ロレックス(ROLEX) ヨットマスター ブルー 126622 ステンレス/プラチナ 【1年保証】,126622,kitamura,FULL_SET|AA_LIKE_NEW,16262,17807,18035,Chrono24,8,13822,VERIFIED,https://item.rakuten.co.jp/emedama/2445740040974/,https://www.chrono24.com/rolex/rolex-2025-yacht-master-40mm-126622-stainless-steel-rhodium-dial--id46800314.htm
268,A,BUY OPPORTUNITY,1.2,Rolex,ロレックス ROLEX グリーン サブマリーナー デイト 16610LV 中古 時計 メンズ,16610LV,jackroad,FULL_SET,14922,16340,16534,Chrono24,,13708,VERIFIED,https://item.rakuten.co.jp/jackroad/6364937/,
269,A,BUY OPPORTUNITY,1.1,Rolex,ROLEX Explorer I (late model) White 369 214270 Black Random Serial Number Used Men's Watch,214270,rasin,FULL_SET,8504,9312,9415,Chrono24,6,7506,VERIFIED,https://en.www.rasin.co.jp/SHOP/U-214270WH-5.html,https://www.chrono24.com/rolex/rolex-explorer--id47558762.htm
270,A,BUY OPPORTUNITY,1.0,Rolex,ロレックス デイトナ エルプリメロ Ref.16520 ステンレススチール ブラック文字盤 中古 jopmr3h9,16520,commit,UNKNOWN,28710,31437,31755,Chrono24 US,,28092,VERIFIED,https://commit-watch.co.jp/products/jopmr3h9,
271,A,BUY OPPORTUNITY,1.0,Rolex,ロレックス デイトナ エルプリメロ Ref.16520 ステンレススチール ブラック文字盤 中古 bp7okcp6,16520,commit,UNKNOWN,28710,31437,31755,Chrono24 US,,28092,VERIFIED,https://commit-watch.co.jp/products/bp7okcp6,
272,A,BUY OPPORTUNITY,1.0,Rolex,ロレックス デイトナ エルプリメロ Ref.16520 ステンレススチール ブラック文字盤 中古 bszewwuf,16520,commit,UNKNOWN,28710,31437,31755,Chrono24 US,,28092,VERIFIED,https://commit-watch.co.jp/products/bszewwuf,
273,A,BUY OPPORTUNITY,1.0,Rolex,ロレックス デイトナ エルプリメロ Ref.16520 ステンレススチール ブラック文字盤 中古 hnhfd9t6,16520,commit,UNKNOWN,28710,31437,31755,Chrono24 US,,28092,VERIFIED,https://commit-watch.co.jp/products/hnhfd9t6,
274,A,BUY OPPORTUNITY,1.0,Rolex,ロレックス デイトナ エルプリメロ Ref.16520 ステンレススチール ブラック文字盤 中古 mmq7wro4,16520,commit,UNKNOWN,28710,31437,31755,Chrono24 US,,28092,VERIFIED,https://commit-watch.co.jp/products/mmq7wro4,
275,A,BUY OPPORTUNITY,1.0,Rolex,ロレックス デイトナ エルプリメロ Ref.16520 ステンレススチール ブラック文字盤 中古 yo7h9aj2,16520,commit,UNKNOWN,28710,31437,31755,Chrono24 US,,28092,VERIFIED,https://commit-watch.co.jp/products/yo7h9aj2,
276,A,BUY OPPORTUNITY,1.0,Rolex,ロレックス デイトナ エルプリメロ Ref.16520 ステンレススチール ブラック文字盤 中古 shvrbe7s,16520,commit,UNKNOWN,28710,31437,31755,Chrono24 US,,28092,VERIFIED,https://commit-watch.co.jp/products/shvrbe7s,
277,A,BUY OPPORTUNITY,1.0,Rolex,ロレックス デイトナ エルプリメロ Ref.16520 ステンレススチール ブラック文字盤 中古 m5otyoe9,16520,commit,UNKNOWN,28710,31437,31755,Chrono24 US,,28092,VERIFIED,https://commit-watch.co.jp/products/m5otyoe9,
278,A,BUY OPPORTUNITY,1.0,Rolex,ロレックス デイトナ エルプリメロ Ref.16520 ステンレススチール ブラック文字盤 中古 d8iy7rgb,16520,commit,UNKNOWN,28710,31437,31755,Chrono24 US,,28092,VERIFIED,https://commit-watch.co.jp/products/d8iy7rgb,
279,A,BUY OPPORTUNITY,1.0,Rolex,ロレックス デイトナ エルプリメロ Ref.16520 ステンレススチール ブラック文字盤 中古 h6gkc2ch,16520,commit,UNKNOWN,28710,31437,31755,Chrono24 US,,28092,VERIFIED,https://commit-watch.co.jp/products/h6gkc2ch,
280,A,BUY OPPORTUNITY,1.0,Rolex,ロレックス ROLEX デイトジャスト 31 278271 新品 時計 ボーイズ,278271,jackroad,FULL_SET,17329,18975,19163,Chrono24 US,,16165,VERIFIED,https://item.rakuten.co.jp/jackroad/rx1797/,
281,A,BUY OPPORTUNITY,1.0,Rolex,【中古】 【並品】 ロレックス(ROLEX) サブマリーナー ブラック 14060 ステンレス フチあり 【1年保証】,14060,kitamura,UNKNOWN|B_AVERAGE,8612,9431,9525,Chrono24 US,20,9525,VERIFIED,https://item.rakuten.co.jp/emedama/2403281021692/,
282,A,BUY OPPORTUNITY,0.8,Rolex,PRICEDOWN Rolex Datejust 36 VI/IX Diamonds 126233 Olive Green Roman 5 Rows Jubilee bracele,126233,rasin,FULL_SET,18475,20230,20394,Chrono24,6,15217,VERIFIED,https://en.www.rasin.co.jp/SHOP/U-126233OGR-2.html,https://www.chrono24.com/rolex/rolex-datejust-36mm-126233-jubilee-steel-and-yellow-gold-fluted-bezel-champagne-index-dial--id21201440.htm
283,A,BUY OPPORTUNITY,0.8,Rolex,【中古】 【美品】 ロレックス(ROLEX) GMTマスターII ブラック 126710BLNR ステンレス OB ブラック/ブルーベゼル 【1年保証】,126710BLNR,kitamura,FULL_SET|A_EXCELLENT,17109,18735,18889,Chrono24,28,17118,VERIFIED,https://item.rakuten.co.jp/emedama/2245460006720/,https://www.chrono24.com/rolex/gmt-master-ii-batman-126710blnr-full-kit--id38713650.htm
284,A,BUY OPPORTUNITY,0.8,Rolex,ロレックス オイスターパーペチュアル36 Ref.116000 ステンレススチール ブラック文字盤 中古 4jxpmxof,116000,commit,UNKNOWN,7226,7912,7976,Chrono24,24,6430,DERIVED,https://commit-watch.co.jp/products/4jxpmxof,https://www.chrono24.com/rolex/oyster-perpetual-36--id47702102.htm
285,A,BUY OPPORTUNITY,0.6,Rolex,ロレックス ROLEX GMTマスターII 126710GRNR 新品 時計 メンズ,126710GRNR,jackroad,FULL_SET,20277,22204,22337,Chrono24,20,20248,VERIFIED,https://item.rakuten.co.jp/jackroad/rx2042/,https://www.chrono24.com/rolex/rolex-gmt-master-ii--id47560413.htm
286,A,BUY OPPORTUNITY,0.5,Rolex,ロレックス ROLEX デイトジャスト 31 278274 新品 時計 ボーイズ,278274,jackroad,FULL_SET,13719,15022,15104,Chrono24,3,12354,VERIFIED,https://item.rakuten.co.jp/jackroad/rx1879/,https://www.chrono24.com/rolex/rolex-datejust-31--id46780019.htm
287,A,BUY OPPORTUNITY,0.5,Rolex,【中古】 【美品】 ロレックス(ROLEX) デイトジャスト 36 ブラック 126200 ステンレス OB 【1年保証】,126200,kitamura,FULL_SET|A_EXCELLENT,8309,9098,9143,Chrono24,3,9044,VERIFIED,https://item.rakuten.co.jp/emedama/2245460006898/,
288,A,BUY OPPORTUNITY,0.3,Rolex,【中古】 【並品】 ロレックス(ROLEX) デイトジャスト 41 グレー/グリーン 126300 ステンレス ローマ OB 【1年保証】,126300,kitamura,PAPERS_ONLY|B_AVERAGE,9970,10917,10950,Chrono24,7,9982,VERIFIED,https://item.rakuten.co.jp/emedama/2245460006867/,https://www.chrono24.com/rolex/rolex-datejust-41-white-roman-dial-stainless-steel-41mm-126300----id46780791.htm
289,A,BUY OPPORTUNITY,0.1,Omega,オメガ OMEGA コンステレーション コーアクシャル マスタークロノメーター 36 131.10.36.20.06.001 新品 時計 メンズ,131.10.36.20.06.001,jackroad,FULL_SET,3297,3611,3614,Chrono24,,2954,DERIVED,https://item.rakuten.co.jp/jackroad/om1175/,
290,A,BUY OPPORTUNITY,-0.1,Omega,オメガ OMEGA シーマスター アクアテラ コーアクシャル マスター クロノメーター 220.10.41.21.10.001 新品 時計 メンズ,220.10.41.21.10.001,jackroad,FULL_SET,5102,5587,5584,Chrono24,2,4552,VERIFIED,https://item.rakuten.co.jp/jackroad/om1225/,https://www.chrono24.com/omega/omega-seamaster-aqua-terra-41mm-green-dial-on-bracelet--id47287044.htm
291,A,BUY OPPORTUNITY,-0.1,IWC,【中古】 【美品】 IWC インヂュニア ブルー IW328903 ステンレススティール 【1年保証】,IW328903,kitamura,FULL_SET|A_EXCELLENT,10009,10960,10945,Chrono24,8,8333,DERIVED,https://item.rakuten.co.jp/emedama/2245460008069/,https://www.chrono24.com/iwc/2024-iwc-ingenieur-automatic-iw328903-40mm-aqua-blue-dial-steel-box-paper--id47169723.htm
292,A,BUY OPPORTUNITY,-0.1,Audemars Piguet,オーデマピゲ ロイヤルオーク Ref.15510OR.OO.1320OR.04 ピンクゴールド ブラック文字盤 未使用 6btbwk7g,15510OR,commit,UNKNOWN|AA_LIKE_NEW,99032,108440,108296,Chrono24,6,64860,VERIFIED,https://commit-watch.co.jp/products/6btbwk7g,https://www.chrono24.com/audemarspiguet/royal-oak--id44577280.htm
293,A,BUY OPPORTUNITY,-0.1,Rolex,ロレックス デイトナ エルプリメロ Ref.16520 ステンレススチール ブラック文字盤 中古 e9zt94q5,16520,commit,UNKNOWN,29032,31790,31755,Chrono24 US,,28092,VERIFIED,https://commit-watch.co.jp/products/e9zt94q5,
294,A,BUY OPPORTUNITY,-0.2,Rolex,ロレックス 1908 Ref.52509 ホワイトゴールド ホワイト文字盤 革ベルト 美中古 64mq8z3o,52509,commit,UNKNOWN,19226,21052,21000,eBay SOLD,,23157,VERIFIED,https://commit-watch.co.jp/products/64mq8z3o,
295,A,BUY OPPORTUNITY,-0.3,Rolex,ロレックス ROLEX レディ デイトジャスト 28 279171 中古 時計 レディース,279171,jackroad,FULL_SET,13538,14825,14781,Chrono24,,14475,VERIFIED,https://item.rakuten.co.jp/jackroad/6374844/,
296,A,BUY OPPORTUNITY,-0.3,Rolex,ROLEX Explorer I (Early Model) Blackout 214270 Black Random Serial Number Used Men's Watch,214270,rasin,UNKNOWN,8622,9441,9415,Chrono24,6,7506,VERIFIED,https://en.www.rasin.co.jp/SHOP/U-214270BK-9.html,https://www.chrono24.com/rolex/rolex-explorer--id47558762.htm
297,A,BUY OPPORTUNITY,-0.3,Rolex,PRICEDOWN ROLEX GMT Master II 126710BLNR Black 3-row Oyster bracelet Bracelet Random Seria,126710BLNR,rasin,FULL_SET,17302,18946,18889,Chrono24,28,17118,VERIFIED,https://en.www.rasin.co.jp/SHOP/U-126710BLNRO-16.html,https://www.chrono24.com/rolex/gmt-master-ii-batman-126710blnr-full-kit--id38713650.htm
298,A,BUY OPPORTUNITY,-0.4,Rolex,ROLEX Explorer I (Early Model) Blackout 214270 Black Random Serial Number Used Men's Watch,214270,rasin,FULL_SET,8633,9454,9415,Chrono24,6,7506,VERIFIED,https://en.www.rasin.co.jp/SHOP/U-214270BK-14.html,https://www.chrono24.com/rolex/rolex-explorer--id47558762.htm
299,A,BUY OPPORTUNITY,-0.5,Cartier,カルティエ CARTIER タンク フランセーズ SM WSTA0129 新品 時計 レディース,WSTA0129,jackroad,FULL_SET,4019,4401,4380,Chrono24 US,8,3515,VERIFIED,https://item.rakuten.co.jp/jackroad/ca1014/,
300,A,BUY OPPORTUNITY,-0.6,Audemars Piguet,オーデマ ピゲ AUDEMARS PIGUET ロイヤルオーク オフショア クロノグラフ 26231ST.ZZ.D027CA.01 中古 時計 男女兼用,26231ST,bettyroad,FULL_SET,35197,38541,38325,Chrono24 US,6,32177,VERIFIED,https://item.rakuten.co.jp/bettyroad/6306364/,
301,A,BUY OPPORTUNITY,-0.6,Rolex,ROLEX Explorer I (Early Model) Blackout 214270 Black Random Serial Number Used Men's Watch,214270,rasin,UNKNOWN,8651,9473,9415,Chrono24,6,7506,VERIFIED,https://en.www.rasin.co.jp/SHOP/U-214270BK-3.html,https://www.chrono24.com/rolex/rolex-explorer--id47558762.htm
302,A,BUY OPPORTUNITY,-0.8,Tudor,チューダー(チュードル) TUDOR ロイヤル 28403-0005 新品 時計 レディース,28403,jackroad,FULL_SET,3478,3808,3778,Chrono24 US,6,2855,VERIFIED,https://item.rakuten.co.jp/jackroad/tu694/,
303,A,BUY OPPORTUNITY,-0.8,Breitling,ブライトリング BREITLING クロノマット オートマチック 36 U10380101A1U1 新品 時計 レディース,U10380101A1U1,bettyroad,FULL_SET,4635,5076,5037,Chrono24,,4171,DERIVED,https://item.rakuten.co.jp/bettyroad/br1463/,
304,A,BUY OPPORTUNITY,-0.8,Rolex,ROLEX Explorer I (Early Model) Blackout 214270 Black Random Serial Number Used Men's Watch,214270,rasin,FULL_SET,8663,9486,9415,Chrono24,6,7506,VERIFIED,https://en.www.rasin.co.jp/SHOP/U-214270BK-12.html,https://www.chrono24.com/rolex/rolex-explorer--id47558762.htm
305,A,BUY OPPORTUNITY,-1.0,Rolex,ロレックス デイトナ エルプリメロ Ref.16520 ステンレススチール ブラック文字盤 美中古 3ggfrm7d,16520,commit,UNKNOWN,29290,32073,31755,Chrono24 US,,28092,VERIFIED,https://commit-watch.co.jp/products/3ggfrm7d,
306,A,BUY OPPORTUNITY,-1.0,Rolex,ロレックス ROLEX サブマリーナー デイト 116610LN 中古 時計 メンズ,116610LN,jackroad,FULL_SET,12215,13375,13247,Chrono24,14,10060,DERIVED,https://item.rakuten.co.jp/jackroad/6363633/,https://www.chrono24.com/rolex/rolex-submariner-date--id47802649.htm
307,A,BUY OPPORTUNITY,-1.1,Vacheron Constantin,ヴァシュロンコンスタンタン オーヴァーシーズ オートマティック Ref.4520V/210R-B967 ピンクゴールド グリーン文字盤 極美品 mhc5rbi2,4520V/210R-B967,commit,UNKNOWN|A_EXCELLENT,67742,74177,73360,Chrono24 US,,61724,VERIFIED,https://commit-watch.co.jp/products/mhc5rbi2,
308,A,BUY OPPORTUNITY,-1.1,Rolex,ROLEX Sky-Dweller 336934 Black 5-row Jubilee bracelet Bracelet Random Serial Number Used M,336934,rasin,FULL_SET,23343,25561,25288,Chrono24,35,23587,VERIFIED,https://en.www.rasin.co.jp/SHOP/U-336934BK-2.html,https://www.chrono24.com/rolex/like-new-2025-sky-dweller-steel-jubilee-black-dial-336934--id47597729.htm
309,A,BUY OPPORTUNITY,-1.1,Rolex,ROLEX Explorer I (Early Model) Blackout 214270 Black Random Serial Number Used Men's Watch,214270,rasin,FULL_SET,8692,9518,9415,Chrono24,6,7506,VERIFIED,https://en.www.rasin.co.jp/SHOP/U-214270BK.html,https://www.chrono24.com/rolex/rolex-explorer--id47558762.htm
310,A,BUY OPPORTUNITY,-1.1,Rolex,PRICEDOWN ROLEX Cosmograph Daytona 126503 White Random Serial Number Used Men's Watch,126503,rasin,FULL_SET,26792,29337,29016,Chrono24,8,25325,VERIFIED,https://en.www.rasin.co.jp/SHOP/U-126503WH-4.html,https://www.chrono24.com/rolex/rolex-daytona--id47466342.htm
311,A,BUY OPPORTUNITY,-1.3,Rolex,【中古】 【美品】 ロレックス(ROLEX) ランドドゥエラー 36 ホワイト 127234 ステンレススティール/ホワイトゴールド ハニカムモチーフ 【1年保証】,127234,kitamura,FULL_SET|A_EXCELLENT,20558,22511,22227,Chrono24,9,19644,VERIFIED,https://item.rakuten.co.jp/emedama/2245460006690/,https://www.chrono24.com/rolex/land-dweller--id45173976.htm
312,A,BUY OPPORTUNITY,-1.3,Rolex,ROLEX GMT Master II 126720VTNR Black 3-row Oyster bracelet Bracelet Random Serial Number U,126720VTNR,rasin,FULL_SET,16305,17854,17628,Chrono24,6,14816,DERIVED,https://en.www.rasin.co.jp/SHOP/U-126720VTNR-10.html,https://www.chrono24.com/rolex/rolex-gmt-master-ii-sprite-126720vtnr--id47697234.htm
313,A,BUY OPPORTUNITY,-1.3,Rolex,ロレックス デイトジャスト36 Ref.126234 ステンレススチール/ホワイトゴールド ブラック文字盤 ジュビリーブレスレット 美品 sd6r7n5v,126234,commit,UNKNOWN|A_EXCELLENT,11613,12716,12559,Chrono24,8,12488,VERIFIED,https://commit-watch.co.jp/products/sd6r7n5v,https://www.chrono24.com/rolex/rolex-pre-owned-rolex-oyster-oysterseel-perpetual-datejust-silver-dial-36mm-watch-2021-126234--id44628162.htm
314,A,BUY OPPORTUNITY,-1.4,Rolex,【中古】 【美品】 ロレックス(ROLEX) デイトジャスト 41 グレー/グリーン 126331 ステンレス/ローズゴールド ローマ OB 【1年保証】,126331,kitamura,FULL_SET|A_EXCELLENT,16323,17873,17628,Chrono24,9,17111,VERIFIED,https://item.rakuten.co.jp/emedama/2245460008694/,https://www.chrono24.com/rolex/rolex-cpo-datejust-126331-41mm-everose-chocolate-dial--id47697277.htm
315,A,BUY OPPORTUNITY,-1.4,Rolex,ロレックス GMTマスターII Ref.126720VTNR ステンレススチール ブラック文字盤 ジュビリーブレスレット 中古 ouwvbdtc,126720VTNR,commit,UNKNOWN,16323,17873,17628,Chrono24,6,14816,DERIVED,https://commit-watch.co.jp/products/ouwvbdtc,https://www.chrono24.com/rolex/rolex-gmt-master-ii-sprite-126720vtnr--id47697234.htm
316,A,BUY OPPORTUNITY,-1.5,Grand Seiko,【中古】 【美品】 グランドセイコー スポーツコレクション ブラック SBGN027 ステンレススティール 【1年保証】,SBGN027,kitamura,FULL_SET|A_EXCELLENT,2539,2780,2738,Chrono24 US,8,2358,VERIFIED,https://item.rakuten.co.jp/emedama/2445560018061/,
317,A,BUY OPPORTUNITY,-1.6,Rolex,ROLEX Explorer I (Early Model) Blackout 214270 Black Random Serial Number Used Men's Watch,214270,rasin,FULL_SET,8739,9569,9415,Chrono24,6,7506,VERIFIED,https://en.www.rasin.co.jp/SHOP/U-214270BK-13.html,https://www.chrono24.com/rolex/rolex-explorer--id47558762.htm
318,A,BUY OPPORTUNITY,-1.7,Rolex,ロレックス シードゥエラー Ref.16600 ステンレススチール ブラック文字盤 美中古 89mjtud5,16600,commit,UNKNOWN,9355,10244,10073,Chrono24,2,9019,VERIFIED,https://commit-watch.co.jp/products/89mjtud5,https://www.chrono24.com/rolex/sea-dweller--id47263835.htm
319,A,BUY OPPORTUNITY,-2.0,Tudor,チューダー(チュードル) TUDOR ロイヤル 28403-0005 新品 時計 レディース,28403,bettyroad,FULL_SET,3520,3854,3778,Chrono24 US,6,2855,VERIFIED,https://item.rakuten.co.jp/bettyroad/tu694/,
320,A,BUY OPPORTUNITY,-2.0,Rolex,ロレックス ROLEX デイトジャスト 31 278271 新品 時計 ボーイズ,278271,bettyroad,FULL_SET,17847,19542,19163,Chrono24 US,,16165,VERIFIED,https://item.rakuten.co.jp/bettyroad/rx1797/,
321,A,BUY OPPORTUNITY,-2.0,Rolex,デイトジャスト41,126300,kamekichi,UNKNOWN|AA_LIKE_NEW,10204,11174,10950,Chrono24,7,9982,VERIFIED,https://www.kame-kichi.com/items/43952,https://www.chrono24.com/rolex/rolex-datejust-41-white-roman-dial-stainless-steel-41mm-126300----id46780791.htm
322,A,BUY OPPORTUNITY,-2.1,Rolex,【中古】 【良品】 ロレックス(ROLEX) サブマリーナー デイト ブラック 16610 ステンレス クロノメーター表記 【1年保証】,16610,kitamura,FULL_SET|AB_GOOD,10212,11182,10949,Chrono24,12,9276,VERIFIED,https://item.rakuten.co.jp/emedama/2440310036616/,https://www.chrono24.com/rolex/submariner-date--id47263096.htm
323,A,BUY OPPORTUNITY,-2.2,Rolex,ロレックス ROLEX コスモグラフ デイトナ 126518LN 新品 時計 メンズ,126518LN,jackroad,FULL_SET,53431,58507,57241,Chrono24,20,59042,DERIVED,https://item.rakuten.co.jp/jackroad/rx1789/,https://www.chrono24.com/rolex/rolex-2025-daytona-40mm-126518ln-yellow-gold-oysterflex-champagne-dial--id47596590.htm
324,A,BUY OPPORTUNITY,-2.3,Cartier,カルティエ CARTIER サントス デュモン LM WSSA0046 新品 時計 男女兼用,WSSA0046,jackroad,FULL_SET,7822,8565,8376,Chrono24,,7173,VERIFIED,https://item.rakuten.co.jp/jackroad/ca834/,
325,A,BUY OPPORTUNITY,-2.3,Rolex,ロレックス ROLEX シードゥエラー ディープシー 116660 中古 時計 メンズ,116660,jackroad,FULL_SET,9567,10476,10238,Chrono24 US,20,11000,VERIFIED,https://item.rakuten.co.jp/jackroad/6335043/,
326,A,BUY OPPORTUNITY,-2.3,Rolex,ロレックス エクスプローラーII Ref.16570 ステンレススチール ブラック文字盤 オイスターブレスレット 中古 ux65yfzh,16570,commit,UNKNOWN,7613,8336,8151,Chrono24,4,8104,VERIFIED,https://commit-watch.co.jp/products/ux65yfzh,https://www.chrono24.com/rolex/explorer-ii--id47838616.htm
327,A,BUY OPPORTUNITY,-2.4,Breitling,ブライトリング BREITLING アベンジャー B01 クロノグラフ AB0147101L1A1 新品 時計 メンズ,AB0147101L1A1,jackroad,FULL_SET,4200,4599,4490,Chrono24,,6928,DERIVED,https://item.rakuten.co.jp/jackroad/br1560/,
328,A,BUY OPPORTUNITY,-2.6,Rolex,ROLEX Explorer I (late model) White 369 214270 Black Random Serial Number Used Men's Watch,214270,rasin,FULL_SET,8821,9659,9415,Chrono24,6,7506,VERIFIED,https://en.www.rasin.co.jp/SHOP/U-214270WH-7.html,https://www.chrono24.com/rolex/rolex-explorer--id47558762.htm
329,A,BUY OPPORTUNITY,-2.7,Rolex,ロレックス ROLEX デイトジャスト 36 126233 新品 時計 メンズ,126233,jackroad,FULL_SET,19134,20952,20394,Chrono24,6,15217,VERIFIED,https://item.rakuten.co.jp/jackroad/rx1068/,https://www.chrono24.com/rolex/rolex-datejust-36mm-126233-jubilee-steel-and-yellow-gold-fluted-bezel-champagne-index-dial--id21201440.htm
330,A,BUY OPPORTUNITY,-2.7,Rolex,ROLEX Explorer I (late model) White 369 214270 Black Random Serial Number Used Men's Watch,214270,rasin,FULL_SET,8827,9666,9415,Chrono24,6,7506,VERIFIED,https://en.www.rasin.co.jp/SHOP/U-214270WH-9.html,https://www.chrono24.com/rolex/rolex-explorer--id47558762.htm
331,A,BUY OPPORTUNITY,-2.8,Audemars Piguet,オーデマ ピゲ AUDEMARS PIGUET ロイヤルオーク オフショア クロノグラフ 26231ST.ZZ.D027CA.01 中古 時計 男女兼用,26231ST,jackroad,FULL_SET,35982,39400,38325,Chrono24 US,6,32177,VERIFIED,https://item.rakuten.co.jp/jackroad/6306364/,
332,A,BUY OPPORTUNITY,-2.8,Rolex,SALE Rolex Datejust Bezel Diamond 10P Diamond 279381RBR Olive Green 5 Rows Jubilee bracele,279381RBR,rasin,UNKNOWN,19531,21386,20804,Chrono24 US,,20013,VERIFIED,https://en.www.rasin.co.jp/SHOP/U-279381RBROGJ.html,
333,A,BUY OPPORTUNITY,-3.0,Cartier,カルティエ CARTIER タンク マスト SM WSTA0135 新品 時計 レディース,WSTA0135,jackroad,FULL_SET,3399,3722,3614,US AD retail,8,3198,VERIFIED,https://item.rakuten.co.jp/jackroad/ca1103/,
334,A,BUY OPPORTUNITY,-3.0,Rolex,ROLEX Explorer I (late model) White 369 214270 Black Random Serial Number Used Men's Watch,214270,rasin,FULL_SET,8856,9698,9415,Chrono24,6,7506,VERIFIED,https://en.www.rasin.co.jp/SHOP/U-214270WH-6.html,https://www.chrono24.com/rolex/rolex-explorer--id47558762.htm
335,A,PASS,-3.1,Rolex,ロレックス デイトナ Ref.116515LN エバーローズゴールド ピンクxブラック文字盤 中古 3frtj5km,116515LN,commit,UNKNOWN,36129,39561,38357,Chrono24,17,34800,DERIVED,https://commit-watch.co.jp/products/3frtj5km,https://www.chrono24.com/rolex/daytona-116515ln-choco-arabic-brown-arabic-dial-rose-gold-leather-strap-40mm-2013--id47579182.htm
336,A,PASS,-3.2,Rolex,ロレックス ROLEX ランドドゥエラー 36 127234 新品 時計 メンズ,127234,jackroad,FULL_SET,20939,22929,22227,Chrono24,9,19644,VERIFIED,https://item.rakuten.co.jp/jackroad/rx2088/,https://www.chrono24.com/rolex/land-dweller--id45173976.htm
337,A,PASS,-3.2,Rolex,ロレックス ROLEX デイデイト40 228239 中古 時計 メンズ,228239,jackroad,FULL_SET,43924,48097,46625,Chrono24,24,43126,VERIFIED,https://item.rakuten.co.jp/jackroad/6324658/,https://www.chrono24.com/rolex/18k-white-gold-day-date-40-ref-228239-box-and-2019-card--id46748442.htm
338,A,PASS,-3.3,Rolex,ロレックス ROLEX レディ デイトジャスト 28 279171 中古 時計 レディース,279171,bettyroad,FULL_SET,13943,15267,14781,Chrono24,,14475,VERIFIED,https://item.rakuten.co.jp/bettyroad/6374844/,
339,A,PASS,-3.5,Grand Seiko,【中古】 【美品】 グランドセイコー スポーツコレクション ブラック SBGN027 ステンレススティール 【1年保証】,SBGN027,kitamura,FULL_SET|A_EXCELLENT,2589,2835,2738,Chrono24 US,8,2358,VERIFIED,https://item.rakuten.co.jp/emedama/2448270048700/,
340,A,PASS,-3.6,Rolex,【中古】 【良品】 ロレックス(ROLEX) デイトナ ホワイト 116520 ステンレス 【1年保証】,116520,kitamura,FULL_SET|AB_GOOD,24951,27321,26372,Chrono24,11,20460,DERIVED,https://item.rakuten.co.jp/emedama/2245460004672/,https://www.chrono24.com/rolex/daytona--id47560800.htm
341,A,PASS,-3.6,Rolex,ロレックス ROLEX シードゥエラー ディープシー 116660 中古 時計 メンズ,116660,jackroad,FULL_SET,9687,10608,10238,Chrono24 US,20,11000,VERIFIED,https://item.rakuten.co.jp/jackroad/6432681/,
342,A,PASS,-3.6,Rolex,【中古】 【美品】 ロレックス(ROLEX) デイトナ ブラック 116500LN ステンレス/セラミック 【1年保証】,116500LN,kitamura,FULL_SET|A_EXCELLENT,28483,31189,30111,Chrono24,35,27353,DERIVED,https://item.rakuten.co.jp/emedama/2245460010000/,https://www.chrono24.com/rolex/daytona--id45887205.htm
343,A,PASS,-3.7,Rolex,ロレックス ROLEX コスモグラフ デイトナ 126505 新品 時計 メンズ,126505,jackroad,FULL_SET,60772,66546,64156,Chrono24,4,54091,VERIFIED,https://item.rakuten.co.jp/jackroad/rx1854/,https://www.chrono24.com/rolex/2025-rolex-daytona-40mm-126505-rose-gold-chocolate-dial--id45674616.htm
344,A,PASS,-3.8,Rolex,ロレックス ROLEX デイトジャスト 36 126200 中古 時計 メンズ,126200,jackroad,FULL_SET,8665,9488,9143,Chrono24,3,9044,VERIFIED,https://item.rakuten.co.jp/jackroad/6334909/,
345,A,PASS,-3.8,Omega,オメガ OMEGA スピードマスター ムーンフェイズ ブルーサイド・ オブ・ザ・ムーン 304.93.44.52.03.002 中古 時計 メンズ,304.93.44.52.03.002,jackroad,FULL_SET,10169,11135,10731,Chrono24,,10759,VERIFIED,https://item.rakuten.co.jp/jackroad/6363244/,
346,A,PASS,-3.8,Rolex,Rolex Datejust 36 Bezel Diamond 10P Diamond 126281RBR White Shell 5 Rows Jubilee bracelet ,126281RBR,rasin,FULL_SET,25689,28130,27101,Chrono24,,22281,VERIFIED,https://en.www.rasin.co.jp/SHOP/U-126281RBRWHS.html,
347,A,PASS,-3.9,Rolex,ロレックス ROLEX GMTマスターII 126720VTNR 新品 時計 メンズ,126720VTNR,jackroad,FULL_SET,16727,18317,17628,Chrono24,6,14816,DERIVED,https://item.rakuten.co.jp/jackroad/rx1496/,https://www.chrono24.com/rolex/rolex-gmt-master-ii-sprite-126720vtnr--id47697234.htm
348,A,PASS,-3.9,Rolex,PRICEDOWN ROLEX GMT Master II 126710BLNR Black 3-row Oyster bracelet Bracelet Random Seria,126710BLNR,rasin,FULL_SET,17918,19620,18889,Chrono24,28,17118,VERIFIED,https://en.www.rasin.co.jp/SHOP/U-126710BLNRO-9.html,https://www.chrono24.com/rolex/gmt-master-ii-batman-126710blnr-full-kit--id38713650.htm
349,A,PASS,-3.9,Rolex,【中古】 【良品】 ロレックス(ROLEX) デイトナ ホワイト 116520 ステンレス 【1年保証】,116520,kitamura,FULL_SET|AB_GOOD,25035,27413,26372,Chrono24,11,20460,DERIVED,https://item.rakuten.co.jp/emedama/2442070080250/,https://www.chrono24.com/rolex/daytona--id47560800.htm
350,A,PASS,-4.0,Rolex,ロレックス ROLEX オイスター パーペチュアル 41 134300 新品 時計 メンズ,134300,jackroad,FULL_SET,11132,12189,11716,Chrono24,9,10206,VERIFIED,https://item.rakuten.co.jp/jackroad/rx1853/,https://www.chrono24.com/rolex/rolex-oyster-perpetual--41mm--id47541739.htm
351,A,PASS,-4.6,Rolex,ロレックス デイトナ エルプリメロ Ref.16520 ステンレススチール ブラック文字盤 中古 4uqb9eok,16520,commit,UNKNOWN,30323,33203,31755,Chrono24 US,,28092,VERIFIED,https://commit-watch.co.jp/products/4uqb9eok,
352,A,PASS,-4.6,Rolex,ロレックス デイトナ エルプリメロ Ref.16520 ステンレススチール ブラック文字盤 中古 52uyw6ss,16520,commit,UNKNOWN,30323,33203,31755,Chrono24 US,,28092,VERIFIED,https://commit-watch.co.jp/products/52uyw6ss,
353,A,PASS,-4.6,Omega,【中古】 【良品】 オメガ(OMEGA) シーマスター ダイバー300M ブラック 212.30.41.20.01.003 ステンレススティール 【1年保証】,212.30.41.20.01.003,kitamura,FULL_SET|AB_GOOD,2771,3034,2900,eBay SOLD,8,3364,VERIFIED,https://item.rakuten.co.jp/emedama/2445310149137/,
354,A,PASS,-4.7,Rolex,PRICEDOWN Rolex Cosmograph Daytona 126503 Black Random Serial Unused Men&#39;s,126503,rasin,FULL_SET,27742,30377,29016,Chrono24,8,25325,VERIFIED,https://en.www.rasin.co.jp/SHOP/S-126503BK.html,https://www.chrono24.com/rolex/rolex-daytona--id47466342.htm
355,A,PASS,-4.7,Rolex,【中古】 【並品】 ロレックス(ROLEX) エクスプローラーII ブラック 16570 ステンレス 【1年保証】,16570,kitamura,FULL_SET|B_AVERAGE,7792,8533,8151,Chrono24,4,8104,VERIFIED,https://item.rakuten.co.jp/emedama/2483870074506/,https://www.chrono24.com/rolex/explorer-ii--id47838616.htm
356,A,PASS,-4.8,Rolex,【中古】 【新品同様】 ロレックス(ROLEX) GMTマスターII ブラック 126710BLNR ステンレス OB ブラック/ブルーベゼル 【1年保証】,126710BLNR,kitamura,FULL_SET|AA_LIKE_NEW,18077,19795,18889,Chrono24,28,17118,VERIFIED,https://item.rakuten.co.jp/emedama/2445740041339/,https://www.chrono24.com/rolex/gmt-master-ii-batman-126710blnr-full-kit--id38713650.htm
357,A,PASS,-4.9,Rolex,"ROLEX GMT Master II 126718GRNR Black, Random Serial Number Used Men&#39;s Watch",126718GRNR,rasin,FULL_SET,50264,55039,52445,Chrono24,7,43309,DERIVED,https://en.www.rasin.co.jp/SHOP/U-126718GRNR-5.html,https://www.chrono24.com/rolex/rolex-2024-gmt-master-ii-40mm-126718grnr-yellow-gold-jubilee-black-dial--id47612517.htm
358,A,PASS,-4.9,Cartier,カルティエ CARTIER パンテール ドゥ カルティエ LM WSPN0016 中古 時計 男女兼用,WSPN0016,bettyroad,FULL_SET,6184,6772,6454,Chrono24 US,,5860,VERIFIED,https://item.rakuten.co.jp/bettyroad/6467218/,
359,A,PASS,-5.0,Rolex,"ROLEX Explorer 36 124270 Black, Random Serial Number Used Men's Watch",124270,rasin,FULL_SET,8974,9826,9360,Chrono24 US,,7956,VERIFIED,https://en.www.rasin.co.jp/SHOP/U-124270-28.html,
360,A,PASS,-5.1,Rolex,ロレックス ROLEX デイトジャスト41 126334 中古 時計 メンズ,126334,jackroad,FULL_SET,12696,13902,13222,Chrono24,48,14527,VERIFIED,https://item.rakuten.co.jp/jackroad/6373472/,https://www.chrono24.com/rolex/rolex-126334-datejust-41-silver-index-dial-on-oyster-2021--id46657048.htm
361,A,PASS,-5.2,Rolex,ロレックス ROLEX ヨットマスターロレジウム 268622 中古 時計 ボーイズ,268622,jackroad,FULL_SET,12515,13704,13031,Chrono24 US,15,11731,VERIFIED,https://item.rakuten.co.jp/jackroad/6319111/,
362,A,PASS,-5.3,Cartier,カルティエ CARTIER サントス デュモン LM WSSA0046 新品 時計 男女兼用,WSSA0046,bettyroad,FULL_SET,8056,8821,8376,Chrono24,,7173,VERIFIED,https://item.rakuten.co.jp/bettyroad/ca834/,
363,A,PASS,-5.3,Grand Seiko,グランドセイコー GRAND SEIKO ヘリテージ コレクション 44GS現代デザイン SBGW306 中古 時計 メンズ,SBGW306,jackroad,FULL_SET|AA_LIKE_NEW,14321,15681,14888,Chrono24,,13318,DERIVED,https://item.rakuten.co.jp/jackroad/6364722/,
364,A,PASS,-5.3,Rolex,PRICEDOWN ROLEX GMT Master II 126710BLNR Black 3-row Oyster bracelet Bracelet Random Seria,126710BLNR,rasin,FULL_SET,18170,19896,18889,Chrono24,28,17118,VERIFIED,https://en.www.rasin.co.jp/SHOP/U-126710BLNRO-10.html,https://www.chrono24.com/rolex/gmt-master-ii-batman-126710blnr-full-kit--id38713650.htm
365,A,PASS,-5.5,Rolex,ロレックス オイスターパーペチュアル41 Ref.134300 ステンレススチール ラベンダー文字盤 未使用 7rzhzdgu,134300,commit,UNKNOWN|AA_LIKE_NEW,11290,12363,11716,Chrono24,9,10206,VERIFIED,https://commit-watch.co.jp/products/7rzhzdgu,https://www.chrono24.com/rolex/rolex-oyster-perpetual--41mm--id47541739.htm
366,A,PASS,-5.6,Rolex,ロレックス ROLEX デイトジャスト 31 278274 新品 時計 ボーイズ,278274,jackroad,FULL_SET,14561,15945,15104,Chrono24,3,12354,VERIFIED,https://item.rakuten.co.jp/jackroad/6408655/,https://www.chrono24.com/rolex/rolex-datejust-31--id46780019.htm
367,A,PASS,-5.7,Cartier,カルティエ CARTIER バロン ブルー ドゥ カルティエ 33mm W4BB0021 新品 時計 レディース,W4BB0021,jackroad,FULL_SET,7401,8104,7665,Chrono24 US,,5282,VERIFIED,https://item.rakuten.co.jp/jackroad/ca667/,
368,A,PASS,-5.7,Cartier,カルティエ CARTIER バロン ブルー ドゥ カルティエ 33mm WSBB0044 新品 時計 レディース,WSBB0044,bettyroad,FULL_SET,6073,6650,6290,Chrono24 US,,4416,VERIFIED,https://item.rakuten.co.jp/bettyroad/6436535/,
369,A,PASS,-5.9,Rolex,ロレックス ROLEX ヨットマスター ロレジウム 126622 新品 時計 メンズ,126622,jackroad,FULL_SET,17449,19107,18035,Chrono24,8,13822,VERIFIED,https://item.rakuten.co.jp/jackroad/rx1121/,https://www.chrono24.com/rolex/rolex-2025-yacht-master-40mm-126622-stainless-steel-rhodium-dial--id46800314.htm
370,A,PASS,-6.0,Rolex,ロレックス ROLEX デイトジャスト 36 126283RBR 新品 時計 メンズ,126283RBR,jackroad,FULL_SET,27558,30176,28469,US AD,8,22358,VERIFIED,https://item.rakuten.co.jp/jackroad/rx2242/,
371,A,PASS,-6.1,Grand Seiko,【中古】 【美品】 グランドセイコー クォーツ ホワイト SBGX355/9F62-0AR0 雪白 チタン 【1年保証】,SBGX355,kitamura,FULL_SET|A_EXCELLENT,3376,3697,3484,Chrono24 US,,3100,VERIFIED,https://item.rakuten.co.jp/emedama/2245460006256/,
372,A,PASS,-6.2,Rolex,ロレックス ヨットマスター42 Ref.226658 イエローゴールド ブラック文字盤 未使用 ke7b9vrk,226658,commit,UNKNOWN|AA_LIKE_NEW,34516,37795,35586,US AD pre-owned,20,32435,VERIFIED,https://commit-watch.co.jp/products/ke7b9vrk,
373,A,PASS,-6.2,Rolex,【中古】 【新品同様】 ロレックス(ROLEX) GMTマスターII ブラック 126710BLNR ステンレス OB ブラック/ブルーベゼル 【1年保証】,126710BLNR,kitamura,FULL_SET|AA_LIKE_NEW,18319,20060,18889,Chrono24,28,17118,VERIFIED,https://item.rakuten.co.jp/emedama/2447020206001/,https://www.chrono24.com/rolex/gmt-master-ii-batman-126710blnr-full-kit--id38713650.htm
374,A,PASS,-6.2,Rolex,【中古】 【新品同様】 ロレックス(ROLEX) GMTマスターII ブラック 126710BLNR ステンレス OB ブラック/ブルーベゼル 【1年保証】,126710BLNR,kitamura,FULL_SET|AA_LIKE_NEW,18319,20060,18889,Chrono24,28,17118,VERIFIED,https://item.rakuten.co.jp/emedama/2447020215843/,https://www.chrono24.com/rolex/gmt-master-ii-batman-126710blnr-full-kit--id38713650.htm
375,A,PASS,-6.2,Rolex,【中古】 【新品同様】 ロレックス(ROLEX) GMTマスターII ブラック 126710BLNR ステンレス OB ブラック/ブルーベゼル 【1年保証】,126710BLNR,kitamura,FULL_SET|AA_LIKE_NEW,18319,20060,18889,Chrono24,28,17118,VERIFIED,https://item.rakuten.co.jp/emedama/2447020215690/,https://www.chrono24.com/rolex/gmt-master-ii-batman-126710blnr-full-kit--id38713650.htm
376,A,PASS,-6.2,Rolex,ロレックス デイトジャスト36 Ref.126284RBR ステンレススチール/ホワイトゴールド オーベルジーヌ文字盤 ジュビリーブレスレット 美中古 9fcbeghr,126284RBR,commit,UNKNOWN,21032,23030,21681,US grey,10,19277,VERIFIED,https://commit-watch.co.jp/products/9fcbeghr,
377,A,PASS,-6.3,Rolex,ロレックス ROLEX オイスター パーペチュアル 41 134300 新品 時計 メンズ,134300,jackroad,FULL_SET,11372,12453,11716,Chrono24,9,10206,VERIFIED,https://item.rakuten.co.jp/jackroad/rx2078/,https://www.chrono24.com/rolex/rolex-oyster-perpetual--41mm--id47541739.htm
378,A,PASS,-6.3,Rolex,ロレックス ROLEX コスモグラフ デイトナ 126503 新品 時計 メンズ,126503,jackroad,FULL_SET,28160,30835,29016,Chrono24,8,25325,VERIFIED,https://item.rakuten.co.jp/jackroad/rx1787/,https://www.chrono24.com/rolex/rolex-daytona--id47466342.htm
379,A,PASS,-6.5,Rolex,ロレックス ROLEX コスモグラフ デイトナ 126518LN 新品 時計 メンズ,126518LN,jackroad,FULL_SET,55658,60945,57241,Chrono24,20,59042,DERIVED,https://item.rakuten.co.jp/jackroad/rx1812/,https://www.chrono24.com/rolex/rolex-2025-daytona-40mm-126518ln-yellow-gold-oysterflex-champagne-dial--id47596590.htm
380,A,PASS,-6.6,Rolex,ロレックス デイトナ Ref.116520 ステンレススチール ブラック文字盤 中古 vbkr7e94,116520,commit,UNKNOWN,25677,28117,26372,Chrono24,11,20460,DERIVED,https://commit-watch.co.jp/products/vbkr7e94,https://www.chrono24.com/rolex/daytona--id47560800.htm
381,A,PASS,-6.6,Rolex,ロレックス エクスプローラーII Ref.16570 ステンレススチール ブラック文字盤 オイスターブレスレット 美中古 v2g9xf5d,16570,commit,UNKNOWN,7935,8689,8151,Chrono24,4,8104,VERIFIED,https://commit-watch.co.jp/products/v2g9xf5d,https://www.chrono24.com/rolex/explorer-ii--id47838616.htm
382,A,PASS,-6.6,Rolex,ロレックス ROLEX グリーン サブマリーナー デイト 126610LV 中古 時計 メンズ,126610LV,jackroad,FULL_SET,15765,17262,16195,Chrono24,16,14441,VERIFIED,https://item.rakuten.co.jp/jackroad/6388360/,https://www.chrono24.com/rolex/submariner-date--id47784856.htm
383,A,PASS,-6.6,Rolex,ロレックス デイトナ Ref.116520 ステンレススチール アイボリー文字盤 中古 ot5shoos,116520,commit,UNKNOWN,25677,28117,26372,Chrono24,11,20460,DERIVED,https://commit-watch.co.jp/products/ot5shoos,https://www.chrono24.com/rolex/daytona--id47560800.htm
384,A,PASS,-6.7,Rolex,【中古】 【新品同様】 ロレックス(ROLEX) GMTマスターII ブラック 126710GRNR ステンレススティール ジュビリーブレス 【1年保証】,126710GRNR,kitamura,FULL_SET|AA_LIKE_NEW,21768,23836,22337,Chrono24,20,20248,VERIFIED,https://item.rakuten.co.jp/emedama/2447020205257/,https://www.chrono24.com/rolex/rolex-gmt-master-ii--id47560413.htm
385,A,PASS,-6.7,Rolex,【中古】 【新品同様】 ロレックス(ROLEX) GMTマスターII ブラック 126710GRNR ステンレススティール ジュビリーブレス 【1年保証】,126710GRNR,kitamura,FULL_SET|AA_LIKE_NEW,21768,23836,22337,Chrono24,20,20248,VERIFIED,https://item.rakuten.co.jp/emedama/2447020202829/,https://www.chrono24.com/rolex/rolex-gmt-master-ii--id47560413.htm
386,A,PASS,-6.7,Rolex,【中古】 【新品同様】 ロレックス(ROLEX) GMTマスターII ブラック 126710GRNR ステンレススティール ジュビリーブレス 【1年保証】,126710GRNR,kitamura,FULL_SET|AA_LIKE_NEW,21768,23836,22337,Chrono24,20,20248,VERIFIED,https://item.rakuten.co.jp/emedama/2447020202140/,https://www.chrono24.com/rolex/rolex-gmt-master-ii--id47560413.htm
387,A,PASS,-6.8,Rolex,ロレックス デイトナ エルプリメロ Ref.16520 ステンレススチール ホワイト文字盤 中古 m5meuvhe,16520,commit,UNKNOWN,30968,33910,31755,Chrono24 US,,28092,VERIFIED,https://commit-watch.co.jp/products/m5meuvhe,
388,A,PASS,-6.8,Rolex,ロレックス デイトナ エルプリメロ Ref.16520 ステンレススチール ホワイト文字盤 中古 yjyvxhfw,16520,commit,UNKNOWN,30968,33910,31755,Chrono24 US,,28092,VERIFIED,https://commit-watch.co.jp/products/yjyvxhfw,
389,A,PASS,-6.8,Rolex,ロレックス デイトナ エルプリメロ Ref.16520 ステンレススチール ブラック文字盤 中古 crg78wyp,16520,commit,UNKNOWN,30968,33910,31755,Chrono24 US,,28092,VERIFIED,https://commit-watch.co.jp/products/crg78wyp,
390,A,PASS,-6.8,Rolex,ロレックス デイトナ エルプリメロ Ref.16520 ステンレススチール ブラック文字盤 中古 eiam894s,16520,commit,UNKNOWN,30968,33910,31755,Chrono24 US,,28092,VERIFIED,https://commit-watch.co.jp/products/eiam894s,
391,A,PASS,-6.9,Rolex,ロレックス ROLEX デイトジャスト 31 278274 新品 時計 ボーイズ,278274,bettyroad,FULL_SET,14748,16149,15104,Chrono24,3,12354,VERIFIED,https://item.rakuten.co.jp/bettyroad/6408655/,https://www.chrono24.com/rolex/rolex-datejust-31--id46780019.htm
392,A,PASS,-7.2,Cartier,カルティエ CARTIER パンテール ドゥ カルティエ LM WSPN0016 新品 時計 男女兼用,WSPN0016,jackroad,FULL_SET,6318,6918,6454,Chrono24 US,,5860,VERIFIED,https://item.rakuten.co.jp/jackroad/ca1021/,
393,A,PASS,-7.3,Rolex,ロレックス シードゥエラー Ref.16600 ステンレススチール ブラック文字盤 中古 sg6tf5rp,16600,commit,UNKNOWN,9871,10809,10073,Chrono24,2,9019,VERIFIED,https://commit-watch.co.jp/products/sg6tf5rp,https://www.chrono24.com/rolex/sea-dweller--id47263835.htm
394,A,PASS,-7.6,Rolex,ロレックス ROLEX デイトジャスト41 126300 新品 時計 メンズ,126300,jackroad,FULL_SET,10758,11781,10950,Chrono24,7,9982,VERIFIED,https://item.rakuten.co.jp/jackroad/rx883/,https://www.chrono24.com/rolex/rolex-datejust-41-white-roman-dial-stainless-steel-41mm-126300----id46780791.htm
395,A,PASS,-7.6,Rolex,ロレックス スカイドゥエラー Ref.336934 ステンレススチール/ホワイトゴールド ブルー文字盤 ジュビリーブレスレット 未使用 3errdavn,336934,commit,UNKNOWN|AA_LIKE_NEW,24839,27198,25288,Chrono24,35,23587,VERIFIED,https://commit-watch.co.jp/products/3errdavn,https://www.chrono24.com/rolex/like-new-2025-sky-dweller-steel-jubilee-black-dial-336934--id47597729.htm
396,A,PASS,-7.7,Audemars Piguet,オーデマピゲ CODE 11.59 バイ オーデマ ピゲ Ref.15210OR.OO.A056KB.01 ピンクゴールド グリーン文字盤 美中古 h8n5qnre,15210OR,commit,UNKNOWN,20516,22465,20859,Chrono24 US,,20091,VERIFIED,https://commit-watch.co.jp/products/h8n5qnre,
397,A,PASS,-7.8,Rolex,ロレックス ROLEX GMTマスターII 126710BLNR 中古 時計 メンズ,126710BLNR,jackroad,PAPERS_ONLY,18593,20359,18889,Chrono24,28,17118,VERIFIED,https://item.rakuten.co.jp/jackroad/6384669/,https://www.chrono24.com/rolex/gmt-master-ii-batman-126710blnr-full-kit--id38713650.htm
398,A,PASS,-8.0,Rolex,ロレックス ROLEX GMTマスターII 126720VTNR 中古 時計 メンズ,126720VTNR,jackroad,FULL_SET,17389,19041,17628,Chrono24,6,14816,DERIVED,https://item.rakuten.co.jp/jackroad/6342362/,https://www.chrono24.com/rolex/rolex-gmt-master-ii-sprite-126720vtnr--id47697234.htm
399,A,PASS,-8.1,Rolex,ロレックス デイデイト40 Ref.228238 イエローゴールド シルバーダイアゴナル文字盤 中古 ydhhbrjw,228238,commit,UNKNOWN,48387,52984,49018,Chrono24,29,49893,VERIFIED,https://commit-watch.co.jp/products/ydhhbrjw,https://www.chrono24.com/rolex/rolex-2016-day-date-40mm-228238-presidential-silver-motif-dial--id47698636.htm
400,A,PASS,-8.1,Rolex,ロレックス ROLEX スカイドゥエラー 336934 新品 時計 メンズ,336934,jackroad,FULL_SET,24971,27343,25288,Chrono24,35,23587,VERIFIED,https://item.rakuten.co.jp/jackroad/rx1723/,https://www.chrono24.com/rolex/like-new-2025-sky-dweller-steel-jubilee-black-dial-336934--id47597729.htm
401,A,PASS,-8.1,Rolex,【中古】 【美品】 ロレックス(ROLEX) デイトジャスト 41 ダークロジウム [グレー系] 126334 ステンレス/ホワイトゴールド ローマ OB 【1年保証】,126334,kitamura,FULL_SET|A_EXCELLENT,13056,14296,13222,Chrono24,48,14527,VERIFIED,https://item.rakuten.co.jp/emedama/2245460006904/,https://www.chrono24.com/rolex/rolex-126334-datejust-41-silver-index-dial-on-oyster-2021--id46657048.htm
402,A,PASS,-8.1,Rolex,ロレックス ROLEX GMTマスターII 126710BLNR 中古 時計 メンズ,126710BLNR,jackroad,FULL_SET,18653,20425,18889,Chrono24,28,17118,VERIFIED,https://item.rakuten.co.jp/jackroad/6331649/,https://www.chrono24.com/rolex/gmt-master-ii-batman-126710blnr-full-kit--id38713650.htm
403,A,PASS,-8.2,Rolex,【中古】 【美品】 ロレックス(ROLEX) ヨットマスター ロレジウム スレート [グレー系] 268622 ステンレス/プラチナ 【1年保証】,268622,kitamura,FULL_SET|A_EXCELLENT,12874,14097,13031,Chrono24 US,15,11731,VERIFIED,https://item.rakuten.co.jp/emedama/2245460008823/,
404,A,PASS,-8.3,Rolex,ロレックス エクスプローラーII Ref.16570 ステンレススチール ブラック文字盤 オイスターブレスレット 美中古 xdikp4ic,16570,commit,UNKNOWN,8065,8831,8151,Chrono24,4,8104,VERIFIED,https://commit-watch.co.jp/products/xdikp4ic,https://www.chrono24.com/rolex/explorer-ii--id47838616.htm
405,A,PASS,-8.3,Cartier,カルティエ CARTIER タンクソロ SM W5200000 中古 時計 レディース,W5200000,jackroad,FULL_SET,2274,2491,2300,Chrono24,,2108,DERIVED,https://item.rakuten.co.jp/jackroad/6273192/,
406,A,PASS,-8.5,Rolex,ロレックス デイトナ Ref.116520 ステンレススチール ブラック文字盤 未使用 neeg5uii,116520,commit,UNKNOWN|AA_LIKE_NEW,26129,28611,26372,Chrono24,11,20460,DERIVED,https://commit-watch.co.jp/products/neeg5uii,https://www.chrono24.com/rolex/daytona--id47560800.htm
407,A,PASS,-8.5,Omega,オメガ OMEGA シーマスター 600 プラネットオーシャン GMT マスタークロノメーター 215.30.44.22.01.001 新品 時計 メンズ,215.30.44.22.01.001,jackroad,FULL_SET,6077,6655,6132,Chrono24 US,,5145,VERIFIED,https://item.rakuten.co.jp/jackroad/om747/,
408,A,PASS,-8.6,Rolex,ロレックス デイトナ エルプリメロ Ref.16520 ステンレススチール ブラック文字盤 中古 pmp7afik,16520,commit,UNKNOWN,31484,34475,31755,Chrono24 US,,28092,VERIFIED,https://commit-watch.co.jp/products/pmp7afik,
409,A,PASS,-8.6,Rolex,ロレックス デイトナ エルプリメロ Ref.16520 ステンレススチール ホワイト文字盤 中古 k6vri7k2,16520,commit,UNKNOWN,31484,34475,31755,Chrono24 US,,28092,VERIFIED,https://commit-watch.co.jp/products/k6vri7k2,
410,A,PASS,-8.6,Rolex,ロレックス デイトナ エルプリメロ Ref.16520 ステンレススチール ホワイト文字盤 中古 3b5kmyr5,16520,commit,UNKNOWN,31484,34475,31755,Chrono24 US,,28092,VERIFIED,https://commit-watch.co.jp/products/3b5kmyr5,
411,A,PASS,-8.8,Cartier,カルティエ CARTIER タンクフランセーズ LM WSTA0067 新品 時計 メンズ,WSTA0067,jackroad,FULL_SET,6198,6786,6236,Chrono24 US,,4581,VERIFIED,https://item.rakuten.co.jp/jackroad/ca785/,
412,A,PASS,-8.9,Rolex,ロレックス ROLEX コスモグラフ デイトナ 116520 中古 時計 メンズ,116520,jackroad,FULL_SET,26234,28727,26372,Chrono24,11,20460,DERIVED,https://item.rakuten.co.jp/jackroad/6336927/,https://www.chrono24.com/rolex/daytona--id47560800.htm
413,A,PASS,-9.1,Breitling,【中古】 【良品】 ブライトリング スーパーオーシャン ターコイズ [ブルー系] A17376211L2A1/A17376 ステンレススティール オートマチック44 SSブレス 【,A17376,kitamura,FULL_SET|AB_GOOD,3207,3512,3218,Chrono24 US,8,3160,VERIFIED,https://item.rakuten.co.jp/emedama/2245460008618/,
414,A,PASS,-9.3,Rolex,ロレックス デイトナ Ref.116520 ステンレススチール アイボリー文字盤 中古 8q3gkwzh,116520,commit,UNKNOWN,26323,28823,26372,Chrono24,11,20460,DERIVED,https://commit-watch.co.jp/products/8q3gkwzh,https://www.chrono24.com/rolex/daytona--id47560800.htm
415,A,PASS,-9.4,Rolex,ロレックス ROLEX デイデイト 36 128238 新品 時計 メンズ,128238,jackroad,FULL_SET,56440,61802,56495,Chrono24,9,48495,VERIFIED,https://item.rakuten.co.jp/jackroad/rx2081/,https://www.chrono24.com/rolex/new-november-2025-unworn-day-date-36-president-yellow-gold-green-ombre-dial-128238--id46890816.htm
416,A,PASS,-9.7,Rolex,ロレックス デイトジャスト36 Ref.126234 ステンレススチール/ホワイトゴールド スレートローマン文字盤 ジュビリーブレスレット 中古 bn47yx3u,126234,commit,UNKNOWN,12581,13776,12559,Chrono24,8,12488,VERIFIED,https://commit-watch.co.jp/products/bn47yx3u,https://www.chrono24.com/rolex/rolex-pre-owned-rolex-oyster-oysterseel-perpetual-datejust-silver-dial-36mm-watch-2021-126234--id44628162.htm
417,A,PASS,-9.8,Cartier,カルティエ CARTIER バロン ブルー ドゥ カルティエ 33mm WSBB0062 新品 時計 レディース,WSBB0062,jackroad,FULL_SET,5764,6312,5748,Chrono24 US,,4957,VERIFIED,https://item.rakuten.co.jp/jackroad/ca802/,
418,A,PASS,-9.9,Rolex,ロレックス ROLEX GMTマスターII 126718GRNR 新品 時計 メンズ,126718GRNR,jackroad,FULL_SET,52649,57651,52445,Chrono24,7,43309,DERIVED,https://item.rakuten.co.jp/jackroad/rx1694/,https://www.chrono24.com/rolex/rolex-2024-gmt-master-ii-40mm-126718grnr-yellow-gold-jubilee-black-dial--id47612517.htm
419,A,PASS,-9.9,Grand Seiko,【中古】 【美品】 グランドセイコー クォーツ ホワイト SBGX355/9F62-0AR0 雪白 チタン 【1年保証】,SBGX355,kitamura,FULL_SET|A_EXCELLENT,3497,3829,3484,Chrono24 US,,3100,VERIFIED,https://item.rakuten.co.jp/emedama/2245460006171/,
420,A,PASS,-10.1,Rolex,ロレックス ROLEX デイトジャスト41 126300 新品 時計 メンズ,126300,jackroad,FULL_SET,11011,12057,10950,Chrono24,7,9982,VERIFIED,https://item.rakuten.co.jp/jackroad/rx932/,https://www.chrono24.com/rolex/rolex-datejust-41-white-roman-dial-stainless-steel-41mm-126300----id46780791.htm
421,A,PASS,-10.1,Rolex,PRICEDOWN Rolex Sky-Dweller 336938 Green 3-row Oyster bracelet Random Number Used Men&#39;,336938,rasin,FULL_SET,72141,78994,71722,Chrono24,,61663,VERIFIED,https://en.www.rasin.co.jp/SHOP/U-336938GR.html,
422,A,PASS,-10.2,Grand Seiko,グランドセイコー GRAND SEIKO エボリューション9 コレクション テンタグラフ メカニカルクロノ SLGC001 中古 時計 メンズ,SLGC001,jackroad,FULL_SET|AA_LIKE_NEW,9808,10740,9746,Chrono24,,8794,VERIFIED,https://item.rakuten.co.jp/jackroad/6365194/,
423,A,PASS,-10.2,Rolex,ロレックス デイトジャスト41 Ref.126331 ステンレススチール/エバーローズゴールド スレートローマン文字盤 オイスターブレスレット 未使用 imu3suba,126331,commit,UNKNOWN|AA_LIKE_NEW,17742,19427,17628,Chrono24,9,17111,VERIFIED,https://commit-watch.co.jp/products/imu3suba,https://www.chrono24.com/rolex/rolex-cpo-datejust-126331-41mm-everose-chocolate-dial--id47697277.htm
424,A,PASS,-10.3,Rolex,ロレックス ROLEX レディ デイトジャスト 28 279384RBR 新品 時計 レディース,279384RBR,jackroad,FULL_SET,19856,21743,19721,Chrono24 US,,16874,VERIFIED,https://item.rakuten.co.jp/jackroad/152082/,
425,A,PASS,-10.3,Rolex,【中古】 【美品】 ロレックス(ROLEX) ヨットマスター II ホワイト 116680 ステンレス 白針 【1年保証】,116680,kitamura,FULL_SET|A_EXCELLENT,17533,19198,17401,Chrono24 US,20,15999,VERIFIED,https://item.rakuten.co.jp/emedama/2245460007260/,
426,A,PASS,-10.3,Grand Seiko,【中古】 【美品】 グランドセイコー メカニカル シルバー SBGJ249/9S86-00N0 ステンレススティール 【1年保証】,SBGJ249,kitamura,FULL_SET|A_EXCELLENT,5735,6280,5693,Chrono24 US,,4867,VERIFIED,https://item.rakuten.co.jp/emedama/2245460010420/,
427,A,PASS,-10.4,Cartier,カルティエ CARTIER パンテール ドゥ カルティエ LM WSPN0016 新品 時計 男女兼用,WSPN0016,bettyroad,FULL_SET,6507,7125,6454,Chrono24 US,,5860,VERIFIED,https://item.rakuten.co.jp/bettyroad/ca1021/,
428,A,PASS,-10.5,Audemars Piguet,オーデマ ピゲ AUDEMARS PIGUET CODE 11.59 バイ オーデマピゲ オートマティック 77410OR.OO.A825CR.01 新品 時計 男女兼用,77410OR,jackroad,FULL_SET,23767,26025,23543,Chrono24 US,,24542,VERIFIED,https://item.rakuten.co.jp/jackroad/ap293/,
429,A,PASS,-10.5,Rolex,GMTマスターⅡ,126710BLNR,kamekichi,UNKNOWN|AA_LIKE_NEW,19061,20871,18889,Chrono24,28,17118,VERIFIED,https://www.kame-kichi.com/items/46482,https://www.chrono24.com/rolex/gmt-master-ii-batman-126710blnr-full-kit--id38713650.htm
430,A,PASS,-10.5,Rolex,ロレックス GMTマスター Ref.16700 ステンレススチール ブラック文字盤 オイスターブレスレット 中古 5td7s3ku,16700,commit,UNKNOWN,10194,11162,10105,Chrono24 US,,12408,VERIFIED,https://commit-watch.co.jp/products/5td7s3ku,
431,A,PASS,-10.6,Rolex,ロレックス サブマリーナー デイト Ref.1680 ステンレススチール ブラック文字盤 中古 n5qgions,1680,commit,UNKNOWN,11613,12716,11496,Chrono24,,17420,DERIVED,https://commit-watch.co.jp/products/n5qgions,
432,A,PASS,-10.8,Rolex,ロレックス デイトナ エルプリメロ Ref.16520 ステンレススチール ホワイト文字盤 中古 bvkwv55r,16520,commit,UNKNOWN,32129,35181,31755,Chrono24 US,,28092,VERIFIED,https://commit-watch.co.jp/products/bvkwv55r,
433,A,PASS,-10.8,Rolex,ロレックス デイトナ エルプリメロ Ref.16520 ステンレススチール ブラック文字盤 中古 c859jqw6,16520,commit,UNKNOWN,32129,35181,31755,Chrono24 US,,28092,VERIFIED,https://commit-watch.co.jp/products/c859jqw6,
434,A,PASS,-11.4,Rolex,ロレックス デイトジャスト36 Ref.126234 ステンレススチール/ホワイトゴールド オリーブグリーン パームモチーフ文字盤 オイスターブレスレット 中古 fbiptm87,126234,commit,UNKNOWN,12774,13988,12559,Chrono24,8,12488,VERIFIED,https://commit-watch.co.jp/products/fbiptm87,https://www.chrono24.com/rolex/rolex-pre-owned-rolex-oyster-oysterseel-perpetual-datejust-silver-dial-36mm-watch-2021-126234--id44628162.htm
435,A,PASS,-11.5,Rolex,GMTマスターⅡ,126711CHNR,kamekichi,UNKNOWN,22246,24360,21844,Chrono24,2,18534,VERIFIED,https://www.kame-kichi.com/items/41801,https://www.chrono24.com/rolex/gmt-master-ii--id47263073.htm
436,A,PASS,-11.6,Rolex,ロレックス デイトナ Ref.116509 ホワイトゴールド ブルー文字盤 美中古 p6urjww2,116509,commit,UNKNOWN,37935,41539,37230,Chrono24,4,41739,VERIFIED,https://commit-watch.co.jp/products/p6urjww2,
437,A,PASS,-11.6,Audemars Piguet,オーデマピゲ ロイヤルオーク Ref.15400ST.OO.1220ST.02 ステンレススチール シルバー文字盤 中古 epoqabdt,15400ST,commit,UNKNOWN,36645,40126,35943,Chrono24,16,33204,DERIVED,https://commit-watch.co.jp/products/epoqabdt,https://www.chrono24.com/audemarspiguet/royal-oak--id47731972.htm
438,A,PASS,-11.8,Audemars Piguet,オーデマ ピゲ AUDEMARS PIGUET ロイヤル オーク オートマティック 77451OR.ZZ.1361OR.03 新品 時計 レディース,77451OR,jackroad,FULL_SET,95069,104101,93075,Chrono24 US,,79530,VERIFIED,https://item.rakuten.co.jp/jackroad/ap327/,
439,A,PASS,-12.0,Rolex,ロレックス ROLEX GMTマスターII 126710BLNR 新品 時計 メンズ,126710BLNR,jackroad,FULL_SET,19315,21150,18889,Chrono24,28,17118,VERIFIED,https://item.rakuten.co.jp/jackroad/rx1396/,https://www.chrono24.com/rolex/gmt-master-ii-batman-126710blnr-full-kit--id38713650.htm
440,A,PASS,-12.0,Rolex,ロレックス ROLEX コスモグラフ デイトナ 16519NA 中古 時計 メンズ,16519NA,jackroad,FULL_SET,35982,39400,35194,Chrono24,,33463,DERIVED,https://item.rakuten.co.jp/jackroad/6363855/,
441,A,PASS,-12.0,Rolex,【中古】 【美品】 ロレックス(ROLEX) エクスプローラーII ブラック 16570 ステンレス シングルバッグル トリチウム 【1年保証】,16570,kitamura,FULL_SET|A_EXCELLENT,8337,9129,8151,Chrono24,4,8104,VERIFIED,https://item.rakuten.co.jp/emedama/2449320070931/,https://www.chrono24.com/rolex/explorer-ii--id47838616.htm
442,A,PASS,-12.0,Rolex,ロレックス デイトナ Ref.126508 イエローゴールド ゴールデンxブライトブラック文字盤 未使用 edfazy4n,126508,commit,UNKNOWN|AA_LIKE_NEW,71935,78769,70354,Chrono24,8,67696,VERIFIED,https://commit-watch.co.jp/products/edfazy4n,https://www.chrono24.com/rolex/cosmograph-daytona--id46294274.htm
443,A,PASS,-12.1,Cartier,カルティエ CARTIER タンクフランセーズ LM WSTA0067 新品 時計 メンズ,WSTA0067,bettyroad,FULL_SET,6383,6989,6236,Chrono24 US,,4581,VERIFIED,https://item.rakuten.co.jp/bettyroad/ca785/,
444,A,PASS,-12.2,Rolex,ロレックス デイデイト40 Ref.228348RBR イエローゴールド ブラック文字盤 未使用 erzf83w9,228348RBR,commit,UNKNOWN|AA_LIKE_NEW,72903,79829,71175,Chrono24,,68980,DERIVED,https://commit-watch.co.jp/products/erzf83w9,
445,A,PASS,-12.3,Rolex,ロレックス ROLEX デイトジャスト 31 278274 新品 時計 ボーイズ,278274,bettyroad,FULL_SET,15492,16964,15104,Chrono24,3,12354,VERIFIED,https://item.rakuten.co.jp/bettyroad/rx1670/,https://www.chrono24.com/rolex/rolex-datejust-31--id46780019.htm
446,A,PASS,-12.4,Rolex,PRICEDOWN Rolex Datejust 36 126234 Mint Green Bar 3 Rows Oyster bracelet Random Number Use,126234,rasin,FULL_SET,12892,14116,12559,Chrono24,8,12488,VERIFIED,https://en.www.rasin.co.jp/SHOP/U-126234MGOB-2.html,https://www.chrono24.com/rolex/rolex-pre-owned-rolex-oyster-oysterseel-perpetual-datejust-silver-dial-36mm-watch-2021-126234--id44628162.htm
447,A,PASS,-12.4,Rolex,ロレックス デイデイト40 Ref.228238 イエローゴールド ホワイトローマン文字盤 美中古 ncnfhb6s,228238,commit,UNKNOWN,50323,55103,49018,Chrono24,29,49893,VERIFIED,https://commit-watch.co.jp/products/ncnfhb6s,https://www.chrono24.com/rolex/rolex-2016-day-date-40mm-228238-presidential-silver-motif-dial--id47698636.htm
448,A,PASS,-12.5,Rolex,ロレックス スカイドゥエラー Ref.326934 ステンレススチール/ホワイトゴールド ブルー文字盤 オイスターブレスレット 中古 x5spvwja,326934,commit,UNKNOWN,19677,21547,19145,Chrono24,16,18491,VERIFIED,https://commit-watch.co.jp/products/x5spvwja,https://www.chrono24.com/rolex/sky-dweller--id43157245.htm
449,A,PASS,-12.5,Rolex,ロレックス ROLEX レディ デイトジャスト 28 279171 新品 時計 レディース,279171,bettyroad,FULL_SET,15182,16624,14781,Chrono24,,14475,VERIFIED,https://item.rakuten.co.jp/bettyroad/151765/,
450,A,PASS,-12.5,Rolex,ロレックス ROLEX レディ デイトジャスト 28 279171 新品 時計 レディース,279171,bettyroad,FULL_SET,15182,16624,14781,Chrono24,,14475,VERIFIED,https://item.rakuten.co.jp/bettyroad/rx1456/,
451,A,PASS,-12.8,Rolex,PRICEDOWN Rolex Day Date 40 Bezel Diamond 10P Baguette Diamond 228348RBR Black Random Seri,228348RBR,rasin,FULL_SET,73314,80279,71175,Chrono24,,68980,DERIVED,https://en.www.rasin.co.jp/SHOP/U-228348RBR-2.html,
452,A,PASS,-12.9,Rolex,ロレックス ROLEX レディ デイトジャスト 28 279384RBR 新品 時計 レディース,279384RBR,bettyroad,FULL_SET,20325,22256,19721,Chrono24 US,,16874,VERIFIED,https://item.rakuten.co.jp/bettyroad/152082/,
453,A,PASS,-12.9,Cartier,カルティエ CARTIER パンテール ドゥ カルティエ MM WSPN0015 新品 時計 レディース,WSPN0015,jackroad,FULL_SET,5644,6180,5475,Chrono24 US,,5909,VERIFIED,https://item.rakuten.co.jp/jackroad/ca1015/,
454,A,PASS,-12.9,Rolex,ロレックス ROLEX デイトジャスト 36 126283RBR 新品 時計 メンズ,126283RBR,jackroad,FULL_SET,29363,32153,28469,US AD,8,22358,VERIFIED,https://item.rakuten.co.jp/jackroad/rx2061/,
455,A,PASS,-13.0,Rolex,ロレックス デイトナ エルプリメロ Ref.16520 ステンレススチール ブラック文字盤 中古 mxnfg3nt,16520,commit,UNKNOWN,32774,35888,31755,Chrono24 US,,28092,VERIFIED,https://commit-watch.co.jp/products/mxnfg3nt,
456,A,PASS,-13.0,Rolex,ロレックス デイトナ エルプリメロ Ref.16520 ステンレススチール ブラック文字盤 美品 ksc8wksu,16520,commit,UNKNOWN|A_EXCELLENT,32774,35888,31755,Chrono24 US,,28092,VERIFIED,https://commit-watch.co.jp/products/ksc8wksu,
457,A,PASS,-13.0,Rolex,ロレックス デイトナ エルプリメロ Ref.16520 ステンレススチール ブラック文字盤 中古 dga4c9jz,16520,commit,UNKNOWN,32774,35888,31755,Chrono24 US,,28092,VERIFIED,https://commit-watch.co.jp/products/dga4c9jz,
458,A,PASS,-13.0,Rolex,ロレックス ROLEX GMTマスターII 126710GRNR 新品 時計 メンズ,126710GRNR,jackroad,FULL_SET,23045,25235,22337,Chrono24,20,20248,VERIFIED,https://item.rakuten.co.jp/jackroad/rx2041/,https://www.chrono24.com/rolex/rolex-gmt-master-ii--id47560413.htm
459,A,PASS,-13.1,Cartier,カルティエ CARTIER バロン ブルー ドゥ カルティエ 33mm WSBB0062 新品 時計 レディース,WSBB0062,bettyroad,FULL_SET,5936,6500,5748,Chrono24 US,,4957,VERIFIED,https://item.rakuten.co.jp/bettyroad/ca802/,
460,A,PASS,-13.1,Rolex,ロレックス ROLEX デイトジャスト41 126300 新品 時計 メンズ,126300,jackroad,FULL_SET,11312,12387,10950,Chrono24,7,9982,VERIFIED,https://item.rakuten.co.jp/jackroad/rx2248/,https://www.chrono24.com/rolex/rolex-datejust-41-white-roman-dial-stainless-steel-41mm-126300----id46780791.htm
461,A,PASS,-13.4,Rolex,ロレックス ROLEX レディ デイトジャスト 28 279381RBR 中古 時計 レディース,279381RBR,jackroad,FULL_SET,21541,23587,20804,Chrono24 US,,20013,VERIFIED,https://item.rakuten.co.jp/jackroad/6316981/,
462,A,PASS,-13.5,Audemars Piguet,オーデマピゲ CODE 11.59 バイ オーデマ ピゲ Ref.15210OR.OO.A348KB.01 ピンクゴールド ナイトブルー文字盤 美品 qsfpts3b,15210OR,commit,UNKNOWN|A_EXCELLENT,21613,23666,20859,Chrono24 US,,20091,VERIFIED,https://commit-watch.co.jp/products/qsfpts3b,
463,A,PASS,-13.5,Rolex,ロレックス デイトナ Ref.116509 ホワイトゴールド ホワイトアラビア文字盤 中古 3xzqqrce,116509,commit,UNKNOWN,38581,42246,37230,Chrono24,4,41739,VERIFIED,https://commit-watch.co.jp/products/3xzqqrce,
464,A,PASS,-13.5,Rolex,ロレックス ROLEX レディ デイトジャスト 28 279384RBR 中古 時計 レディース,279384RBR,bettyroad,FULL_SET|AA_LIKE_NEW,20449,22392,19721,Chrono24 US,,16874,VERIFIED,https://item.rakuten.co.jp/bettyroad/6464880/,
465,A,PASS,-13.6,Rolex,ロレックス シードゥエラー Ref.16600 ステンレススチール ブラック文字盤 中古 acph4r8y,16600,commit,UNKNOWN,10452,11445,10073,Chrono24,2,9019,VERIFIED,https://commit-watch.co.jp/products/acph4r8y,https://www.chrono24.com/rolex/sea-dweller--id47263835.htm
466,A,PASS,-13.6,Rolex,ロレックス シードゥエラー Ref.16600 ステンレススチール ブラック文字盤 中古 bo956a2q,16600,commit,UNKNOWN,10452,11445,10073,Chrono24,2,9019,VERIFIED,https://commit-watch.co.jp/products/bo956a2q,https://www.chrono24.com/rolex/sea-dweller--id47263835.htm
467,A,PASS,-13.8,Omega,オメガ OMEGA シーマスター プロプロフ 1200M 227.32.55.21.03.001 新品 時計 メンズ,227.32.55.21.03.001,jackroad,FULL_SET,11372,12453,10945,Chrono24,,14973,DERIVED,https://item.rakuten.co.jp/jackroad/om1711/,
468,A,PASS,-14.0,Rolex,ロレックス ROLEX コスモグラフ デイトナ 126505 新品 時計 メンズ,126505,jackroad,FULL_SET,66789,73134,64156,Chrono24,4,54091,VERIFIED,https://item.rakuten.co.jp/jackroad/rx1822/,https://www.chrono24.com/rolex/2025-rolex-daytona-40mm-126505-rose-gold-chocolate-dial--id45674616.htm
469,A,PASS,-14.1,Rolex,ロレックス デイデイト40 Ref.228348RBR イエローゴールド グリーン文字盤 未使用 vznd6c4g,228348RBR,commit,UNKNOWN|AA_LIKE_NEW,74194,81242,71175,Chrono24,,68980,DERIVED,https://commit-watch.co.jp/products/vznd6c4g,
470,A,PASS,-14.1,Rolex,ロレックス ROLEX レディ デイトジャスト 28 279171 新品 時計 レディース,279171,jackroad,FULL_SET,15404,16867,14781,Chrono24,,14475,VERIFIED,https://item.rakuten.co.jp/jackroad/151765/,
471,A,PASS,-14.1,Rolex,ロレックス ROLEX レディ デイトジャスト 28 279171 新品 時計 レディース,279171,jackroad,FULL_SET,15404,16867,14781,Chrono24,,14475,VERIFIED,https://item.rakuten.co.jp/jackroad/136584/,
472,A,PASS,-14.2,Rolex,ロレックス デイトジャスト36 Ref.116233 ステンレススチール/イエローゴールド ブルーグラデーションx10Pダイヤ文字盤 ジュビリーブレスレット 美中古 3msctc2,116233,commit,UNKNOWN,13419,14694,12866,Chrono24,2,10112,VERIFIED,https://commit-watch.co.jp/products/3msctc28,https://www.chrono24.com/rolex/116233--id47528421.htm
473,A,PASS,-14.4,Cartier,カルティエ タンクフランセーズ SM WSTA0065 / 4472 クォーツ Cal.057 SS SS シルバーローマン文字盤（SWISS MADE表記） 箱 保存袋 国際保証,WSTA0065,antiqurious,FULL_SET,3935,4309,3767,US AD new,,3242,VERIFIED,https://antiqurious.com/products/rc_itcod2ykzpbo_soq2,
474,A,PASS,-14.4,Rolex,【中古】 【良品】 ロレックス(ROLEX) エクスプローラーII ホワイト 16570 ステンレス 【1年保証】,16570,kitamura,FULL_SET|AB_GOOD,8518,9328,8151,Chrono24,4,8104,VERIFIED,https://item.rakuten.co.jp/emedama/2449070024147/,https://www.chrono24.com/rolex/explorer-ii--id47838616.htm
475,A,PASS,-14.7,Rolex,ロレックス ROLEX エクスプローラー 36 124270 中古 時計 メンズ,124270,jackroad,FULL_SET,9808,10740,9360,Chrono24 US,,7956,VERIFIED,https://item.rakuten.co.jp/jackroad/6393401/,
476,A,PASS,-14.7,Omega,【中古】 【美品】 オメガ(OMEGA) スピードマスター プロフェッショナル ブラック 311.30.42.30.01.006 ステンレススティール 【1年保証】,311.30.42.30.01.006,kitamura,PAPERS_ONLY|A_EXCELLENT,5393,5906,5147,Chrono24 US,,5478,VERIFIED,https://item.rakuten.co.jp/emedama/2245460009738/,
477,A,PASS,-15.0,Tudor,チューダー(チュードル) TUDOR サブマリーナー ボーイズ 75190 ヴィンテージ 時計 ボーイズ,75190,jackroad,FULL_SET,4140,4533,3942,Chrono24,,3850,DERIVED,https://item.rakuten.co.jp/jackroad/6285164/,
478,A,PASS,-15.0,Cartier,カルティエ CARTIER パンテール ドゥ カルティエ MM WSPN0015 新品 時計 レディース,WSPN0015,bettyroad,FULL_SET,5751,6297,5475,Chrono24 US,,5909,VERIFIED,https://item.rakuten.co.jp/bettyroad/6478924/,
479,A,PASS,-15.0,Rolex,ロレックス デイトナ Ref.116500LN ステンレススチール ホワイト文字盤 美品 qrhiytva,116500LN,commit,UNKNOWN|A_EXCELLENT,31613,34616,30111,Chrono24,35,27353,DERIVED,https://commit-watch.co.jp/products/qrhiytva,https://www.chrono24.com/rolex/daytona--id45887205.htm
480,A,PASS,-15.1,Rolex,Rolex Datejust 126333 Champagne Bar 5 rows Jubilee bracelet random number Used men&#39;s,126333,rasin,FULL_SET,15543,17019,14781,Chrono24,16,15666,VERIFIED,https://en.www.rasin.co.jp/SHOP/U-126333CHB-2.html,https://www.chrono24.com/rolex/datejust-41--id47176572.htm
481,A,PASS,-15.2,Rolex,ロレックス デイトナ エルプリメロ Ref.16520 ステンレススチール ホワイト文字盤 中古 67kgcs42,16520,commit,UNKNOWN,33419,36594,31755,Chrono24 US,,28092,VERIFIED,https://commit-watch.co.jp/products/67kgcs42,
482,A,PASS,-15.2,Rolex,ロレックス デイトナ エルプリメロ Ref.16520 ステンレススチール ホワイト文字盤 中古 o9ft79zr,16520,commit,UNKNOWN,33419,36594,31755,Chrono24 US,,28092,VERIFIED,https://commit-watch.co.jp/products/o9ft79zr,
483,A,PASS,-15.2,Cartier,カルティエ CARTIER タンク ルイ カルティエ ラージ WGTA0357 新品 時計 男女兼用,WGTA0357,jackroad,FULL_SET,16126,17658,15330,Chrono24 US,,13224,VERIFIED,https://item.rakuten.co.jp/jackroad/ca1096/,
484,A,PASS,-15.3,Rolex,ロレックス ROLEX オイスター パーペチュアル 41 134300 新品 時計 メンズ,134300,jackroad,FULL_SET,12335,13507,11716,Chrono24,9,10206,VERIFIED,https://item.rakuten.co.jp/jackroad/rx2107/,https://www.chrono24.com/rolex/rolex-oyster-perpetual--41mm--id47541739.htm
485,A,PASS,-15.5,Rolex,ロレックス ROLEX デイトジャスト41 126300 新品 時計 メンズ,126300,jackroad,FULL_SET,11553,12650,10950,Chrono24,7,9982,VERIFIED,https://item.rakuten.co.jp/jackroad/rx1722/,https://www.chrono24.com/rolex/rolex-datejust-41-white-roman-dial-stainless-steel-41mm-126300----id46780791.htm
486,A,PASS,-15.5,Rolex,ロレックス ROLEX サブマリーナー デイト 126610LN 新品 時計 メンズ,126610LN,jackroad,FULL_SET,15945,17460,15111,Chrono24,2,12276,DERIVED,https://item.rakuten.co.jp/jackroad/rx1274/,https://www.chrono24.com/rolex/submariner-date--id47559691.htm
487,A,PASS,-15.6,Rolex,【中古】 【美品】 ロレックス(ROLEX) デイトジャスト 41 ブルー 126334 ステンレス/ホワイトゴールド ローマ JB 【1年保証】,126334,kitamura,FULL_SET|A_EXCELLENT,13963,15290,13222,Chrono24,48,14527,VERIFIED,https://item.rakuten.co.jp/emedama/2245460009660/,https://www.chrono24.com/rolex/rolex-126334-datejust-41-silver-index-dial-on-oyster-2021--id46657048.htm
488,A,PASS,-15.7,Rolex,【中古】 【新品同様】 ロレックス(ROLEX) GMTマスターII ブラック 126720VTNR ステンレス JB 【1年保証】,126720VTNR,kitamura,FULL_SET|AA_LIKE_NEW,18622,20391,17628,Chrono24,6,14816,DERIVED,https://item.rakuten.co.jp/emedama/2447020215706/,https://www.chrono24.com/rolex/rolex-gmt-master-ii-sprite-126720vtnr--id47697234.htm
489,A,PASS,-15.9,Rolex,ロレックス ROLEX グリーン サブマリーナー デイト 126610LV 新品 時計 メンズ,126610LV,jackroad,FULL_SET,17149,18778,16195,Chrono24,16,14441,VERIFIED,https://item.rakuten.co.jp/jackroad/rx1277/,https://www.chrono24.com/rolex/submariner-date--id47784856.htm
490,A,PASS,-16.1,Rolex,ロレックス ROLEX GMTマスターII 126711CHNR 新品 時計 メンズ,126711CHNR,jackroad,FULL_SET,23166,25366,21844,Chrono24,2,18534,VERIFIED,https://item.rakuten.co.jp/jackroad/rx949/,https://www.chrono24.com/rolex/gmt-master-ii--id47263073.htm
491,A,PASS,-16.1,Rolex,【中古】 【良品】 ロレックス(ROLEX) エクスプローラーII ホワイト 16570 ステンレス 【1年保証】,16570,kitamura,PAPERS_ONLY|AB_GOOD,8639,9460,8151,Chrono24,4,8104,VERIFIED,https://item.rakuten.co.jp/emedama/2443980040860/,https://www.chrono24.com/rolex/explorer-ii--id47838616.htm
492,A,PASS,-16.2,Rolex,ロレックス ROLEX エクスプローラー 124273 中古 時計 メンズ,124273,jackroad,FULL_SET,13767,15075,12976,Chrono24 US,15,10510,VERIFIED,https://item.rakuten.co.jp/jackroad/6328069/,
493,A,PASS,-16.3,Cartier,カルティエ CARTIER パンテール ドゥ カルティエ MM WSPN0015 新品 時計 レディース,WSPN0015,bettyroad,FULL_SET,5813,6365,5475,Chrono24 US,,5909,VERIFIED,https://item.rakuten.co.jp/bettyroad/ca1015/,
494,A,PASS,-16.5,Rolex,PRICEDOWN ROLEX Explorer 36 124270 Black Random Number Used Men's,124270,rasin,FULL_SET,9959,10905,9360,Chrono24 US,,7956,VERIFIED,https://en.www.rasin.co.jp/SHOP/U-124270-22.html,
495,A,PASS,-16.6,Rolex,PRICEDOWN Rolex Datejust 36 126234 Black Bar 5 Rows Jubilee bracelet Random Number Used Me,126234,rasin,FULL_SET,13372,14643,12559,Chrono24,8,12488,VERIFIED,https://en.www.rasin.co.jp/SHOP/U-126234BKBJ.html,https://www.chrono24.com/rolex/rolex-pre-owned-rolex-oyster-oysterseel-perpetual-datejust-silver-dial-36mm-watch-2021-126234--id44628162.htm
496,A,PASS,-16.7,Rolex,【中古】 【新品同様】 ロレックス(ROLEX) GMTマスターII ブラック 126710BLNR ステンレス JB ブラック/ブルーベゼル 【1年保証】,126710BLNR,kitamura,FULL_SET|AA_LIKE_NEW,20134,22047,18889,Chrono24,28,17118,VERIFIED,https://item.rakuten.co.jp/emedama/2445740038476/,https://www.chrono24.com/rolex/gmt-master-ii-batman-126710blnr-full-kit--id38713650.htm
497,A,PASS,-16.8,Rolex,【中古】 【美品】 ロレックス(ROLEX) スカイドゥエラー 336934 JB ミントグリーン グリーン系 【1年保証】,336934,kitamura,FULL_SET|A_EXCELLENT,26971,29533,25288,Chrono24,35,23587,VERIFIED,https://item.rakuten.co.jp/emedama/2245460008816/,https://www.chrono24.com/rolex/like-new-2025-sky-dweller-steel-jubilee-black-dial-336934--id47597729.htm
498,A,PASS,-16.8,Rolex,【中古】 【新品同様】 ロレックス(ROLEX) エクスプローラーI ブラック 124273 ステンレス/イエローゴールド 【1年保証】,124273,kitamura,FULL_SET|AA_LIKE_NEW,13842,15157,12976,Chrono24 US,15,10510,VERIFIED,https://item.rakuten.co.jp/emedama/2445740040233/,
499,A,PASS,-17.0,Rolex,ロレックス エクスプローラーII Ref.16570 ステンレススチール ホワイト文字盤 オイスターブレスレット 美中古 pxtqqqu5,16570,commit,UNKNOWN,8710,9537,8151,Chrono24,4,8104,VERIFIED,https://commit-watch.co.jp/products/pxtqqqu5,https://www.chrono24.com/rolex/explorer-ii--id47838616.htm
500,A,PASS,-17.0,Rolex,ロレックス ROLEX デイトジャスト 36 126284RBR 新品 時計 メンズ,126284RBR,jackroad,FULL_SET,23166,25366,21681,US grey,10,19277,VERIFIED,https://item.rakuten.co.jp/jackroad/rx1505/,
501,A,PASS,-17.0,Rolex,ロレックス エクスプローラーII Ref.16570 ステンレススチール ブラック文字盤 オイスターブレスレット 中古 zx7ih7js,16570,commit,UNKNOWN,8710,9537,8151,Chrono24,4,8104,VERIFIED,https://commit-watch.co.jp/products/zx7ih7js,https://www.chrono24.com/rolex/explorer-ii--id47838616.htm
502,A,PASS,-17.0,Rolex,ROLEX Datejust 36 126234 Blue Bar 5-Row Jubilee bracelet Bracelet Random Serial Number Use,126234,rasin,FULL_SET,13419,14694,12559,Chrono24,8,12488,VERIFIED,https://en.www.rasin.co.jp/SHOP/U-126234BLB-4.html,https://www.chrono24.com/rolex/rolex-pre-owned-rolex-oyster-oysterseel-perpetual-datejust-silver-dial-36mm-watch-2021-126234--id44628162.htm
503,A,PASS,-17.0,Rolex,ロレックス デイトジャスト36 Ref.126234 ステンレススチール/ホワイトゴールド オーベルジーヌ文字盤 ジュビリーブレスレット 美品 yuzts5m9,126234,commit,UNKNOWN|A_EXCELLENT,13419,14694,12559,Chrono24,8,12488,VERIFIED,https://commit-watch.co.jp/products/yuzts5m9,https://www.chrono24.com/rolex/rolex-pre-owned-rolex-oyster-oysterseel-perpetual-datejust-silver-dial-36mm-watch-2021-126234--id44628162.htm
504,A,PASS,-17.1,Rolex,ロレックス 1908 Ref.52509 ホワイトゴールド ホワイト文字盤 革ベルト 未使用 o94yytop,52509,commit,UNKNOWN|AA_LIKE_NEW,22452,24585,21000,eBay SOLD,,23157,VERIFIED,https://commit-watch.co.jp/products/o94yytop,
505,A,PASS,-17.2,Rolex,ロレックス ROLEX デイトジャスト41 126300 新品 時計 メンズ,126300,jackroad,FULL_SET,11721,12835,10950,Chrono24,7,9982,VERIFIED,https://item.rakuten.co.jp/jackroad/rx982/,https://www.chrono24.com/rolex/rolex-datejust-41-white-roman-dial-stainless-steel-41mm-126300----id46780791.htm
506,A,PASS,-17.3,Rolex,ロレックス デイトナ Ref.116509 ホワイトゴールド ブルー文字盤 中古 vhd4rt8z,116509,commit,UNKNOWN,39871,43659,37230,Chrono24,4,41739,VERIFIED,https://commit-watch.co.jp/products/vhd4rt8z,
507,A,PASS,-17.3,Rolex,ロレックス ROLEX サブマリーナー デイト 126613LN 中古 時計 メンズ,126613LN,jackroad,FULL_SET,19916,21809,18599,Chrono24,14,15733,VERIFIED,https://item.rakuten.co.jp/jackroad/6376114/,https://www.chrono24.com/rolex/submariner-date-126613ln--black-dial--bezel--two-tone-gold-rolesor--id43117886.htm
508,A,PASS,-17.3,Omega,【中古】 【美品】 オメガ(OMEGA) シーマスター アクアテラ ブルー 220.10.41.21.03.004 ステンレススティール 【1年保証】,220.10.41.21.03.004,kitamura,FULL_SET|A_EXCELLENT,4767,5220,4450,eBay SOLD,8,4630,VERIFIED,https://item.rakuten.co.jp/emedama/2448230038444/,
509,A,PASS,-17.4,Rolex,ロレックス ROLEX デイトジャスト41 126331 新品 時計 メンズ,126331,jackroad,FULL_SET,18894,20688,17628,Chrono24,9,17111,VERIFIED,https://item.rakuten.co.jp/jackroad/rx826/,https://www.chrono24.com/rolex/rolex-cpo-datejust-126331-41mm-everose-chocolate-dial--id47697277.htm
510,A,PASS,-17.5,Rolex,ロレックス ROLEX デイトジャスト 36 126200 新品 時計 メンズ,126200,jackroad,FULL_SET,9808,10740,9143,Chrono24,3,9044,VERIFIED,https://item.rakuten.co.jp/jackroad/rx1234/,
511,A,PASS,-17.6,Cartier,カルティエ CARTIER サントス ドゥ カルティエ MM WSSA0061 新品 時計 メンズ,WSSA0061,jackroad,FULL_SET,7642,8368,7118,Chrono24 US,,7166,VERIFIED,https://item.rakuten.co.jp/jackroad/ca839/,
512,A,PASS,-17.7,Rolex,【中古】 【美品】 ロレックス(ROLEX) デイトジャスト 36 スレート/グリーン [グレー系] 126200 ステンレス ローマ OB 【1年保証】,126200,kitamura,FULL_SET|A_EXCELLENT,9827,10761,9143,Chrono24,3,9044,VERIFIED,https://item.rakuten.co.jp/emedama/2245460006416/,
513,A,PASS,-18.1,Cartier,カルティエ CARTIER サントス ドゥ カルティエ LM W2SA0009 新品 時計 メンズ,W2SA0009,jackroad,FULL_SET,12937,14166,11990,Chrono24,2,9202,VERIFIED,https://item.rakuten.co.jp/jackroad/ca395/,https://www.chrono24.com/cartier/cartier-santos-de-cartier-large-two-tone-gold-398mm-silver-dial-w2sa0009--id47892133.htm
514,A,PASS,-18.1,Rolex,【中古】 【良品】 ロレックス(ROLEX) デイトジャスト 41 ホワイト 126334 ステンレス/ホワイトゴールド JB 【1年保証】,126334,kitamura,FULL_SET|AB_GOOD,14266,15621,13222,Chrono24,48,14527,VERIFIED,https://item.rakuten.co.jp/emedama/2245460007437/,https://www.chrono24.com/rolex/rolex-126334-datejust-41-silver-index-dial-on-oyster-2021--id46657048.htm
515,A,PASS,-18.4,Rolex,PRICEDOWN Rolex Datejust 41 126331 Chocolate Brown 5 rows Jubilee bracelet Random number U,126331,rasin,FULL_SET,19062,20872,17628,Chrono24,9,17111,VERIFIED,https://en.www.rasin.co.jp/SHOP/U-U-126331CHB-2.html,https://www.chrono24.com/rolex/rolex-cpo-datejust-126331-41mm-everose-chocolate-dial--id47697277.htm
516,A,PASS,-18.5,Rolex,【中古】 【並品】 ロレックス(ROLEX) デイトジャスト 36 ブルー 126234 ステンレス/ホワイトゴールド フルーテッドモチーフ JB 【1年保証】,126234,kitamura,FULL_SET|B_AVERAGE,13593,14884,12559,Chrono24,8,12488,VERIFIED,https://item.rakuten.co.jp/emedama/2448690071364/,https://www.chrono24.com/rolex/rolex-pre-owned-rolex-oyster-oysterseel-perpetual-datejust-silver-dial-36mm-watch-2021-126234--id44628162.htm
517,A,PASS,-18.6,Rolex,ロレックス ROLEX デイトジャスト41 126334 新品 時計 メンズ,126334,jackroad,FULL_SET,14321,15681,13222,Chrono24,48,14527,VERIFIED,https://item.rakuten.co.jp/jackroad/rx935/,https://www.chrono24.com/rolex/rolex-126334-datejust-41-silver-index-dial-on-oyster-2021--id46657048.htm
518,A,PASS,-18.6,Rolex,【中古】 【新品同様】 ロレックス(ROLEX) オイスターパーペチュアル 41 キャンディピンク 134300 ステンレススティール オイスターブレス 【1年保証】,134300,kitamura,FULL_SET|AA_LIKE_NEW,12693,13899,11716,Chrono24,9,10206,VERIFIED,https://item.rakuten.co.jp/emedama/2245460008410/,https://www.chrono24.com/rolex/rolex-oyster-perpetual--41mm--id47541739.htm
519,A,PASS,-19.0,Rolex,ロレックス ROLEX エクスプローラー 36 124270 中古 時計 メンズ,124270,jackroad,FULL_SET,10169,11135,9360,Chrono24 US,,7956,VERIFIED,https://item.rakuten.co.jp/jackroad/6372369/,
520,A,PASS,-19.5,Rolex,PRICEDOWN Rolex Cosmograph Daytona 126518LN Golden × Black Random Serial Used Men&#39;s,126518LN,rasin,FULL_SET,62463,68397,57241,Chrono24,20,59042,DERIVED,https://en.www.rasin.co.jp/SHOP/U-126518LNCHBK-3.html,https://www.chrono24.com/rolex/rolex-2025-daytona-40mm-126518ln-yellow-gold-oysterflex-champagne-dial--id47596590.htm
521,A,PASS,-19.7,Rolex,ロレックス デイトナ Ref.116515LN エバーローズゴールド チョコレートxブラック文字盤 美中古 anf6c64p,116515LN,commit,UNKNOWN,41935,45919,38357,Chrono24,17,34800,DERIVED,https://commit-watch.co.jp/products/anf6c64p,https://www.chrono24.com/rolex/daytona-116515ln-choco-arabic-brown-arabic-dial-rose-gold-leather-strap-40mm-2013--id47579182.htm
522,A,PASS,-20.0,Rolex,Rolex Datejust 36 126200 Blue Roman 3-row Oyster bracelet Random Number Unused Men&#39;s,126200,rasin,FULL_SET,10018,10969,9143,Chrono24,3,9044,VERIFIED,https://en.www.rasin.co.jp/SHOP/S-126200BLR.html,
523,A,PASS,-20.2,Rolex,【中古】 【新品同様】 ロレックス(ROLEX) エクスプローラーI ブラック 124270 ステンレス 【1年保証】,124270,kitamura,FULL_SET|AA_LIKE_NEW,10273,11249,9360,Chrono24 US,,7956,VERIFIED,https://item.rakuten.co.jp/emedama/2445740037752/,
524,A,PASS,-20.3,Cartier,カルティエ CARTIER サントス デュモン LM WSSA0085 新品 時計 男女兼用,WSSA0085,jackroad,FULL_SET,4802,5258,4369,US grey new,8,4495,VERIFIED,https://item.rakuten.co.jp/jackroad/ca1050/,
525,A,PASS,-20.3,Cartier,カルティエ CARTIER パンテール ドゥ カルティエ MM WSPN0007 中古 時計 レディース,WSPN0007,jackroad,FULL_SET,5295,5798,4818,Chrono24 US,8,4807,VERIFIED,https://item.rakuten.co.jp/jackroad/6378651/,
526,A,PASS,-20.3,Rolex,ロレックス ROLEX GMTマスターII 126710BLNR 新品 時計 メンズ,126710BLNR,jackroad,FULL_SET,20759,22731,18889,Chrono24,28,17118,VERIFIED,https://item.rakuten.co.jp/jackroad/rx1035/,https://www.chrono24.com/rolex/gmt-master-ii-batman-126710blnr-full-kit--id38713650.htm
527,A,PASS,-20.3,Rolex,PRICEDOWN Rolex Day Date 40 228238 Black Diagonal Bar Random Number Used Men&#39;s,228238,rasin,FULL_SET,53842,58957,49018,Chrono24,29,49893,VERIFIED,https://en.www.rasin.co.jp/SHOP/U-228238BK.html,https://www.chrono24.com/rolex/rolex-2016-day-date-40mm-228238-presidential-silver-motif-dial--id47698636.htm
528,A,PASS,-20.4,Rolex,ロレックス ROLEX デイトジャスト 31 278274 新品 時計 ボーイズ,278274,bettyroad,FULL_SET,16607,18185,15104,Chrono24,3,12354,VERIFIED,https://item.rakuten.co.jp/bettyroad/rx1361/,https://www.chrono24.com/rolex/rolex-datejust-31--id46780019.htm
529,A,PASS,-20.5,Tudor,チューダー(チュードル) TUDOR ヘリテージ ブラックベイ セラミック 79210CNU-0001 中古 時計 メンズ,79210CNU,jackroad,FULL_SET,3411,3735,3099,eBay SOLD,19,3293,VERIFIED,https://item.rakuten.co.jp/jackroad/6388193/,
530,A,PASS,-20.8,Rolex,ロレックス ROLEX コスモグラフ デイトナ 126508 中古 時計 メンズ,126508,jackroad,FULL_SET|AA_LIKE_NEW,77620,84994,70354,Chrono24,8,67696,VERIFIED,https://item.rakuten.co.jp/jackroad/6395818/,https://www.chrono24.com/rolex/cosmograph-daytona--id46294274.htm
531,A,PASS,-21.1,Rolex,ロレックス ROLEX デイトジャスト 36 126200 新品 時計 メンズ,126200,jackroad,FULL_SET,10109,11069,9143,Chrono24,3,9044,VERIFIED,https://item.rakuten.co.jp/jackroad/rx1272/,
532,A,PASS,-21.1,Rolex,ロレックス ROLEX デイトジャスト 36 126200 新品 時計 メンズ,126200,jackroad,FULL_SET,10109,11069,9143,Chrono24,3,9044,VERIFIED,https://item.rakuten.co.jp/jackroad/rx2244/,
533,A,PASS,-21.1,Rolex,ロレックス ROLEX デイトジャスト 36 126281RBR 新品 時計 メンズ,126281RBR,jackroad,FULL_SET,29965,32812,27101,Chrono24,,22281,VERIFIED,https://item.rakuten.co.jp/jackroad/rx2101/,
534,A,PASS,-21.2,Rolex,ロレックス デイトナ エルプリメロ Ref.16520 ステンレススチール ブラック文字盤 中古 kfxhki64,16520,commit,UNKNOWN,35161,38502,31755,Chrono24 US,,28092,VERIFIED,https://commit-watch.co.jp/products/kfxhki64,
535,A,PASS,-21.2,Rolex,PRICEDOWN Rolex Cosmograph Daytona 126518LN Golden × Black Random Serial Used Men&#39;s,126518LN,rasin,FULL_SET,63343,69361,57241,Chrono24,20,59042,DERIVED,https://en.www.rasin.co.jp/SHOP/U-126518LNCHBK-2.html,https://www.chrono24.com/rolex/rolex-2025-daytona-40mm-126518ln-yellow-gold-oysterflex-champagne-dial--id47596590.htm
536,A,PASS,-21.3,Rolex,ロレックス デイトナ Ref.116520 ステンレススチール アイボリー文字盤 中古 oqi3usng,116520,commit,UNKNOWN,29226,32002,26372,Chrono24,11,20460,DERIVED,https://commit-watch.co.jp/products/oqi3usng,https://www.chrono24.com/rolex/daytona--id47560800.htm
537,A,PASS,-21.4,Rolex,ロレックス オイスターパーペチュアル 76080 ブラック 369ホワイトバー F番 中古 レディース,76080,rasin,FULL_SET,3636,3982,3281,Chrono24,,3568,DERIVED,https://en.www.rasin.co.jp/SHOP/U-76080BK369-5.html,
538,A,PASS,-21.5,Rolex,ロレックス ROLEX GMTマスターII 126720VTNR 新品 時計 メンズ,126720VTNR,jackroad,FULL_SET,19555,21413,17628,Chrono24,6,14816,DERIVED,https://item.rakuten.co.jp/jackroad/rx1542/,https://www.chrono24.com/rolex/rolex-gmt-master-ii-sprite-126720vtnr--id47697234.htm
539,A,PASS,-21.9,Rolex,ロレックス ROLEX レディ デイトジャスト 28 279384RBR 新品 時計 レディース,279384RBR,jackroad,FULL_SET,21962,24049,19721,Chrono24 US,,16874,VERIFIED,https://item.rakuten.co.jp/jackroad/149841/,
540,A,PASS,-21.9,Rolex,ロレックス ROLEX コスモグラフ デイトナ 126519LN 中古 時計 メンズ,126519LN,jackroad,FULL_SET|AA_LIKE_NEW,57764,63251,51876,Chrono24,3,43326,DERIVED,https://item.rakuten.co.jp/jackroad/6432384/,https://www.chrono24.com/rolex/rolex-2024-daytona-baby-le-mans-40mm-126519ln-white-gold-black-dial--id47596501.htm
541,A,PASS,-22.0,Rolex,ロレックス ヨットマスター37 Ref.268622 ステンレススチール/プラチナ スレート文字盤 未使用 oiuibbha,268622,commit,UNKNOWN|AA_LIKE_NEW,14516,15895,13031,Chrono24 US,15,11731,VERIFIED,https://commit-watch.co.jp/products/oiuibbha,
542,A,PASS,-22.1,Rolex,ロレックス ROLEX デイトジャスト41 126300 新品 時計 メンズ,126300,jackroad,FULL_SET,12215,13375,10950,Chrono24,7,9982,VERIFIED,https://item.rakuten.co.jp/jackroad/rx2253/,https://www.chrono24.com/rolex/rolex-datejust-41-white-roman-dial-stainless-steel-41mm-126300----id46780791.htm
543,A,PASS,-22.2,Rolex,ロレックス デイトナ Ref.126518LN イエローゴールド ゴールデンxブライトブラック文字盤 未使用 fzf2g6w9,126518LN,commit,UNKNOWN|AA_LIKE_NEW,63871,69939,57241,Chrono24,20,59042,DERIVED,https://commit-watch.co.jp/products/fzf2g6w9,https://www.chrono24.com/rolex/rolex-2025-daytona-40mm-126518ln-yellow-gold-oysterflex-champagne-dial--id47596590.htm
544,A,PASS,-22.7,Rolex,ロレックス シードゥエラー Ref.16600 ステンレススチール ブラック文字盤 美品 un2hdv8a,16600,commit,UNKNOWN|A_EXCELLENT,11290,12363,10073,Chrono24,2,9019,VERIFIED,https://commit-watch.co.jp/products/un2hdv8a,https://www.chrono24.com/rolex/sea-dweller--id47263835.htm
545,A,PASS,-22.7,Rolex,ヨットマスター,268622,kamekichi,UNKNOWN|AA_LIKE_NEW,14603,15991,13031,Chrono24 US,15,11731,VERIFIED,https://www.kame-kichi.com/items/46465,
546,A,PASS,-22.9,Rolex,【中古】 【美品】 ロレックス(ROLEX) オイスターパーペチュアル 34 レッドグレープ 114200 ステンレス OB 【1年保証】,114200,kitamura,FULL_SET|A_EXCELLENT,6824,7473,6081,Chrono24 US,20,5696,VERIFIED,https://item.rakuten.co.jp/emedama/2245460010291/,
547,A,PASS,-23.0,Rolex,PRICEDOWN ROLEX Datejust 126333 Silver Bar 5-row Jubilee bracelet Bracelet Random Serial N,126333,rasin,FULL_SET,16598,18175,14781,Chrono24,16,15666,VERIFIED,https://en.www.rasin.co.jp/SHOP/U-126333SVB-3.html,https://www.chrono24.com/rolex/datejust-41--id47176572.htm
548,A,PASS,-23.3,Rolex,ロレックス ROLEX デイトジャスト 36 126234 中古 時計 メンズ,126234,jackroad,FULL_SET,14140,15483,12559,Chrono24,8,12488,VERIFIED,https://item.rakuten.co.jp/jackroad/6426901/,https://www.chrono24.com/rolex/rolex-pre-owned-rolex-oyster-oysterseel-perpetual-datejust-silver-dial-36mm-watch-2021-126234--id44628162.htm
549,A,PASS,-23.3,Rolex,ロレックス ROLEX レディ デイトジャスト 28 279381RBR 中古 時計 レディース,279381RBR,bettyroad,FULL_SET,23424,25649,20804,Chrono24 US,,20013,VERIFIED,https://item.rakuten.co.jp/bettyroad/6466389/,
550,A,PASS,-23.4,Rolex,ロレックス ROLEX コスモグラフ デイトナ 126500LN 新品 時計 メンズ,126500LN,jackroad,FULL_SET,39893,43683,35412,Chrono24,16,33601,DERIVED,https://item.rakuten.co.jp/jackroad/rx2014/,https://www.chrono24.com/rolex/rolex-cosmograph-daytona-40mm-black-126500ln--id47068808.htm
551,A,PASS,-23.6,Rolex,ロレックス ROLEX デイトジャスト41 126334 新品 時計 メンズ,126334,jackroad,FULL_SET,14922,16340,13222,Chrono24,48,14527,VERIFIED,https://item.rakuten.co.jp/jackroad/rx891/,https://www.chrono24.com/rolex/rolex-126334-datejust-41-silver-index-dial-on-oyster-2021--id46657048.htm
552,A,PASS,-23.7,Rolex,PRICEDOWN Rolex Datejust 279174 Silver Roma 5-row Jubilee bracelet Random Number Used Ladi,279174,rasin,FULL_SET,11132,12190,9854,Chrono24,,10692,VERIFIED,https://en.www.rasin.co.jp/SHOP/U-279174SVR-3.html,
553,A,PASS,-23.9,Cartier,カルティエ CARTIER サントス デュモン LM WSSA0085 新品 時計 男女兼用,WSSA0085,bettyroad,FULL_SET,4945,5415,4369,US grey new,8,4495,VERIFIED,https://item.rakuten.co.jp/bettyroad/ca1050/,
554,A,PASS,-23.9,Rolex,ロレックス ROLEX レディ デイトジャスト 28 279384RBR 新品 時計 レディース,279384RBR,bettyroad,FULL_SET,22308,24428,19721,Chrono24 US,,16874,VERIFIED,https://item.rakuten.co.jp/bettyroad/149841/,
555,A,PASS,-23.9,Rolex,【中古】 【良品】 ロレックス(ROLEX) スカイドゥエラー ブルー 326934 ステンレス/ホワイトゴールド OB 【1年保証】,326934,kitamura,FULL_SET|AB_GOOD,21659,23716,19145,Chrono24,16,18491,VERIFIED,https://item.rakuten.co.jp/emedama/2245460008663/,https://www.chrono24.com/rolex/sky-dweller--id43157245.htm
556,A,PASS,-24.4,Rolex,ロレックス ROLEX エクスプローラー 124273 新品 時計 メンズ,124273,jackroad,FULL_SET,14742,16142,12976,Chrono24 US,15,10510,VERIFIED,https://item.rakuten.co.jp/jackroad/rx1370/,
557,A,PASS,-24.6,Rolex,ロレックス ROLEX デイトジャスト41 126334 新品 時計 メンズ,126334,jackroad,FULL_SET,15043,16472,13222,Chrono24,48,14527,VERIFIED,https://item.rakuten.co.jp/jackroad/rx2240/,https://www.chrono24.com/rolex/rolex-126334-datejust-41-silver-index-dial-on-oyster-2021--id46657048.htm
558,A,PASS,-25.1,Rolex,ROLEX Datejust 126333 Champagne Fluted Motif Bar 5-Row Jubilee bracelet Bracelet Random Se,126333,rasin,FULL_SET,16892,18496,14781,Chrono24,16,15666,VERIFIED,https://en.www.rasin.co.jp/SHOP/U-126333CHFB.html,https://www.chrono24.com/rolex/datejust-41--id47176572.htm
559,A,PASS,-25.5,Rolex,ROLEX Datejust 126333 Slate (Gray) Green Roman Numerals 5-Row Jubilee bracelet Random Seri,126333,rasin,FULL_SET,16938,18548,14781,Chrono24,16,15666,VERIFIED,https://en.www.rasin.co.jp/SHOP/U-126333GRGRJ-2.html,https://www.chrono24.com/rolex/datejust-41--id47176572.htm
560,A,PASS,-25.6,Omega,オメガ OMEGA シーマスター アクアテラ コーアクシャル マスター クロノメーター 220.10.41.21.03.004 新品 時計 メンズ,220.10.41.21.03.004,jackroad,FULL_SET,5102,5587,4450,eBay SOLD,8,4630,VERIFIED,https://item.rakuten.co.jp/jackroad/om1220/,
561,A,PASS,-25.6,Rolex,ロレックス デイトジャスト Ref.126334 ステンレススチール/ホワイトゴールド ブルーフルーテッド文字盤 オイスターブレスレット 美品 xtkgfitd,126334,commit,UNKNOWN|A_EXCELLENT,15161,16602,13222,Chrono24,48,14527,VERIFIED,https://commit-watch.co.jp/products/xtkgfitd,https://www.chrono24.com/rolex/rolex-126334-datejust-41-silver-index-dial-on-oyster-2021--id46657048.htm
562,A,PASS,-25.6,Rolex,ロレックス デイトジャスト Ref.126334 ステンレススチール/ホワイトゴールド ブライトブルーローマン文字盤 オイスターブレスレット 未使用 bzftiuwi,126334,commit,UNKNOWN|AA_LIKE_NEW,15161,16602,13222,Chrono24,48,14527,VERIFIED,https://commit-watch.co.jp/products/bzftiuwi,https://www.chrono24.com/rolex/rolex-126334-datejust-41-silver-index-dial-on-oyster-2021--id46657048.htm
563,A,PASS,-25.7,Audemars Piguet,オーデマ ピゲ AUDEMARS PIGUET CODE 11.59 バイ オーデマピゲ オートマティック 15210OR.OO.A056KB.01 新品 時計 メンズ,15210OR,jackroad,FULL_SET,23948,26223,20859,Chrono24 US,,20091,VERIFIED,https://item.rakuten.co.jp/jackroad/ap322/,
564,A,PASS,-25.7,Rolex,ロレックス エクスプローラーII Ref.16570 ステンレススチール ホワイト文字盤 オイスターブレスレット 美中古 zt4scitc,16570,commit,UNKNOWN,9355,10244,8151,Chrono24,4,8104,VERIFIED,https://commit-watch.co.jp/products/zt4scitc,https://www.chrono24.com/rolex/explorer-ii--id47838616.htm
565,A,PASS,-26.0,Rolex,ロレックス ROLEX デイトジャスト41 126331 新品 時計 メンズ,126331,jackroad,FULL_SET,20277,22204,17628,Chrono24,9,17111,VERIFIED,https://item.rakuten.co.jp/jackroad/rx964/,https://www.chrono24.com/rolex/rolex-cpo-datejust-126331-41mm-everose-chocolate-dial--id47697277.htm
566,A,PASS,-26.1,Rolex,【中古】 【良品】 ロレックス(ROLEX) エアキング ブルー 114200 ステンレス コンセントリック ピンクアラビア OB 【1年保証】,114200,kitamura,FULL_SET|AB_GOOD,7006,7671,6081,Chrono24 US,20,5696,VERIFIED,https://item.rakuten.co.jp/emedama/2245460009936/,
567,A,PASS,-26.4,Rolex,ロレックス デイトナ エルプリメロ Ref.16520 ステンレススチール ホワイト文字盤 美中古 wu3htzis,16520,commit,UNKNOWN,36645,40126,31755,Chrono24 US,,28092,VERIFIED,https://commit-watch.co.jp/products/wu3htzis,
568,A,PASS,-26.4,Rolex,ロレックス デイトナ エルプリメロ Ref.16520 ステンレススチール ホワイト文字盤 中古 76md5rpc,16520,commit,UNKNOWN,36645,40126,31755,Chrono24 US,,28092,VERIFIED,https://commit-watch.co.jp/products/76md5rpc,
569,A,PASS,-26.4,Rolex,ロレックス デイトナ エルプリメロ Ref.16520 ステンレススチール ホワイト文字盤 中古 3arxpvth,16520,commit,UNKNOWN,36645,40126,31755,Chrono24 US,,28092,VERIFIED,https://commit-watch.co.jp/products/3arxpvth,
570,A,PASS,-26.7,Rolex,【中古】 【美品】 ロレックス(ROLEX) デイトジャスト 36 スレート/グリーン [グレー系] 126200 ステンレス ローマ JB 【1年保証】,126200,kitamura,FULL_SET|A_EXCELLENT,10575,11580,9143,Chrono24,3,9044,VERIFIED,https://item.rakuten.co.jp/emedama/2245460007222/,
571,A,PASS,-26.8,Rolex,ロレックス デイトナ エルプリメロ Ref.16520 ステンレススチール ホワイト文字盤 中古 scs4mzdr,16520,commit,UNKNOWN,36774,40268,31755,Chrono24 US,,28092,VERIFIED,https://commit-watch.co.jp/products/scs4mzdr,
572,A,PASS,-26.8,Omega,オメガ OMEGA シーマスター 600 プラネットオーシャン コーアクシャル マスタークロノメーター 215.30.44.21.01.002 新品 時計 メンズ,215.30.44.21.01.002,jackroad,FULL_SET,4922,5390,4250,eBay SOLD,,4550,VERIFIED,https://item.rakuten.co.jp/jackroad/om764/,
573,A,PASS,-27.3,Rolex,ロレックス サブマリーナー デイト Ref.16610LV ステンレススチール ブラック文字盤 未使用 qxzn49bz,16610LV,commit,UNKNOWN|AA_LIKE_NEW,19226,21052,16534,Chrono24,,13708,VERIFIED,https://commit-watch.co.jp/products/qxzn49bz,
574,A,PASS,-27.5,Rolex,ロレックス ROLEX デイトジャスト 36 126234 新品 時計 メンズ,126234,jackroad,FULL_SET,14621,16010,12559,Chrono24,8,12488,VERIFIED,https://item.rakuten.co.jp/jackroad/rx2237/,https://www.chrono24.com/rolex/rolex-pre-owned-rolex-oyster-oysterseel-perpetual-datejust-silver-dial-36mm-watch-2021-126234--id44628162.htm
575,A,PASS,-27.8,Tudor,【中古】 【良品】 チューダー ブラックベイ 41 ブラック 79210CNU セラミック レザーベルト 【1年保証】,79210CNU,kitamura,FULL_SET|AB_GOOD,3618,3962,3099,eBay SOLD,19,3293,VERIFIED,https://item.rakuten.co.jp/emedama/2245460009103/,
576,A,PASS,-28.3,Rolex,ロレックス ROLEX コスモグラフ デイトナ 126519LN 新品 時計 メンズ,126519LN,jackroad,FULL_SET,60772,66546,51876,Chrono24,3,43326,DERIVED,https://item.rakuten.co.jp/jackroad/rx1766/,https://www.chrono24.com/rolex/rolex-2024-daytona-baby-le-mans-40mm-126519ln-white-gold-black-dial--id47596501.htm
577,A,PASS,-28.6,Rolex,ロレックス ROLEX デイトジャスト41 126334 新品 時計 メンズ,126334,jackroad,FULL_SET,15524,16999,13222,Chrono24,48,14527,VERIFIED,https://item.rakuten.co.jp/jackroad/rx983/,https://www.chrono24.com/rolex/rolex-126334-datejust-41-silver-index-dial-on-oyster-2021--id46657048.htm
578,A,PASS,-28.6,Rolex,ロレックス ROLEX デイトジャスト41 126334 新品 時計 メンズ,126334,jackroad,FULL_SET,15524,16999,13222,Chrono24,48,14527,VERIFIED,https://item.rakuten.co.jp/jackroad/rx1050/,https://www.chrono24.com/rolex/rolex-126334-datejust-41-silver-index-dial-on-oyster-2021--id46657048.htm
579,A,PASS,-28.6,Rolex,ロレックス ROLEX デイトジャスト41 126334 新品 時計 メンズ,126334,jackroad,FULL_SET,15524,16999,13222,Chrono24,48,14527,VERIFIED,https://item.rakuten.co.jp/jackroad/rx2252/,https://www.chrono24.com/rolex/rolex-126334-datejust-41-silver-index-dial-on-oyster-2021--id46657048.htm
580,A,PASS,-29.0,Rolex,ロレックス デイトナ エルプリメロ Ref.16520 ステンレススチール ホワイト文字盤 デッドストック hj5mps9r,16520,commit,UNKNOWN,37419,40974,31755,Chrono24 US,,28092,VERIFIED,https://commit-watch.co.jp/products/hj5mps9r,
581,A,PASS,-29.0,Rolex,ロレックス ROLEX デイトジャスト 36 126200 新品 時計 メンズ,126200,jackroad,FULL_SET,10771,11794,9143,Chrono24,3,9044,VERIFIED,https://item.rakuten.co.jp/jackroad/rx1086/,
582,A,PASS,-29.0,Rolex,ロレックス ROLEX レディ デイトジャスト 28 279174 新品 時計 レディース,279174,jackroad,FULL_SET,11613,12716,9854,Chrono24,,10692,VERIFIED,https://item.rakuten.co.jp/jackroad/144341/,
583,A,PASS,-29.0,Rolex,ロレックス ROLEX レディ デイトジャスト 28 279174 新品 時計 レディース,279174,jackroad,FULL_SET,11613,12716,9854,Chrono24,,10692,VERIFIED,https://item.rakuten.co.jp/jackroad/144613/,
584,A,PASS,-29.0,Rolex,ロレックス ROLEX レディ デイトジャスト 28 279174 新品 時計 レディース,279174,jackroad,FULL_SET,11613,12716,9854,Chrono24,,10692,VERIFIED,https://item.rakuten.co.jp/jackroad/143932/,
585,A,PASS,-29.9,Rolex,ロレックス ROLEX レディ デイトジャスト 28 279381RBR 新品 時計 レディース,279381RBR,jackroad,FULL_SET,24670,27014,20804,Chrono24 US,,20013,VERIFIED,https://item.rakuten.co.jp/jackroad/136052/,
586,A,PASS,-29.9,Rolex,PRICEDOWN Rolex Cosmograph Daytona 116509 Blue Random Number Used Men&#39;s,116509,rasin,FULL_SET,44164,48360,37230,Chrono24,4,41739,VERIFIED,https://en.www.rasin.co.jp/SHOP/U-116509BL-7.html,
587,A,PASS,-29.9,Rolex,ロレックス オイスターパーペチュアル36 Ref.126000 ステンレススチール ターコイズ文字盤 美中古 7fafmnp8,126000,commit,UNKNOWN,14839,16248,12510,Chrono24,8,9396,VERIFIED,https://commit-watch.co.jp/products/7fafmnp8,https://www.chrono24.com/rolex/rolex-unworn-126000-oyster-perpetual-36mm-med-blue-index-dial-oyster-bracelet-stainless-steel--id44319787.htm
588,A,PASS,-29.9,Rolex,ロレックス ROLEX オイスター パーペチュアル 76080 中古 時計 レディース,76080,bettyroad,FULL_SET,3892,4261,3281,Chrono24,,3568,DERIVED,https://item.rakuten.co.jp/bettyroad/6413048/,
589,A,PASS,-30.1,Rolex,ロレックス ROLEX デイトジャスト41 126331 新品 時計 メンズ,126331,jackroad,FULL_SET,20939,22929,17628,Chrono24,9,17111,VERIFIED,https://item.rakuten.co.jp/jackroad/rx814/,https://www.chrono24.com/rolex/rolex-cpo-datejust-126331-41mm-everose-chocolate-dial--id47697277.htm
590,A,PASS,-30.2,Rolex,ロレックス ROLEX エクスプローラー 36 124270 新品 時計 メンズ,124270,jackroad,FULL_SET,11132,12189,9360,Chrono24 US,,7956,VERIFIED,https://item.rakuten.co.jp/jackroad/rx1371/,
591,A,PASS,-31.8,Rolex,ロレックス シードゥエラー Ref.16600 ステンレススチール ブラック文字盤 中古 k7ho859f,16600,commit,UNKNOWN,12129,13281,10073,Chrono24,2,9019,VERIFIED,https://commit-watch.co.jp/products/k7ho859f,https://www.chrono24.com/rolex/sea-dweller--id47263835.htm
592,A,PASS,-31.9,Rolex,ROLEX Datejust 36 126234 Mint Green Bar 5 Rows Jubilee bracelet Random Number Unused Men's,126234,rasin,FULL_SET,15132,16570,12559,Chrono24,8,12488,VERIFIED,https://en.www.rasin.co.jp/SHOP/S-126234MGB.html,https://www.chrono24.com/rolex/rolex-pre-owned-rolex-oyster-oysterseel-perpetual-datejust-silver-dial-36mm-watch-2021-126234--id44628162.htm
593,A,PASS,-32.4,Rolex,ロレックス ROLEX レディ デイトジャスト 28 279381RBR 新品 時計 レディース,279381RBR,jackroad,FULL_SET,25151,27541,20804,Chrono24 US,,20013,VERIFIED,https://item.rakuten.co.jp/jackroad/136353/,
594,A,PASS,-32.6,Rolex,ロレックス エクスプローラーII Ref.16570 ステンレススチール ブラック文字盤 オイスターブレスレット 中古 7wx3aqd5,16570,commit,UNKNOWN,9871,10809,8151,Chrono24,4,8104,VERIFIED,https://commit-watch.co.jp/products/7wx3aqd5,https://www.chrono24.com/rolex/explorer-ii--id47838616.htm
595,A,PASS,-32.6,Rolex,ロレックス エクスプローラーII Ref.16570 ステンレススチール ホワイト文字盤 オイスターブレスレット 美中古 huhdy3ze,16570,commit,UNKNOWN,9871,10809,8151,Chrono24,4,8104,VERIFIED,https://commit-watch.co.jp/products/huhdy3ze,https://www.chrono24.com/rolex/explorer-ii--id47838616.htm
596,A,PASS,-32.6,Rolex,ロレックス エクスプローラーII Ref.16570 ステンレススチール ホワイト文字盤 オイスターブレスレット 中古 vs7ovxd4,16570,commit,UNKNOWN,9871,10809,8151,Chrono24,4,8104,VERIFIED,https://commit-watch.co.jp/products/vs7ovxd4,https://www.chrono24.com/rolex/explorer-ii--id47838616.htm
597,A,PASS,-32.7,Rolex,ロレックス オイスターパーペチュアル36 Ref.126000 ステンレススチール コーラルレッド文字盤 美中古 d2re5gta,126000,commit,UNKNOWN,15161,16602,12510,Chrono24,8,9396,VERIFIED,https://commit-watch.co.jp/products/d2re5gta,https://www.chrono24.com/rolex/rolex-unworn-126000-oyster-perpetual-36mm-med-blue-index-dial-oyster-bracelet-stainless-steel--id44319787.htm
598,A,PASS,-32.7,Rolex,ロレックス オイスターパーペチュアル36 Ref.126000 ステンレススチール コーラルレッド文字盤 中古 i8sycrnh,126000,commit,UNKNOWN,15161,16602,12510,Chrono24,8,9396,VERIFIED,https://commit-watch.co.jp/products/i8sycrnh,https://www.chrono24.com/rolex/rolex-unworn-126000-oyster-perpetual-36mm-med-blue-index-dial-oyster-bracelet-stainless-steel--id44319787.htm
599,A,PASS,-33.5,Rolex,ロレックス ROLEX オイスター パーペチュアル 28 276200 新品 時計 レディース,276200,jackroad,FULL_SET,7341,8038,6021,Chrono24,,7026,VERIFIED,https://item.rakuten.co.jp/jackroad/rx2075/,
600,A,PASS,-33.6,Rolex,ロレックス ROLEX デイトジャスト41 126334 新品 時計 メンズ,126334,jackroad,FULL_SET,16126,17658,13222,Chrono24,48,14527,VERIFIED,https://item.rakuten.co.jp/jackroad/rx1554/,https://www.chrono24.com/rolex/rolex-126334-datejust-41-silver-index-dial-on-oyster-2021--id46657048.htm
601,A,PASS,-33.7,Rolex,ロレックス ROLEX レディ デイトジャスト 28 279381RBR 新品 時計 レディース,279381RBR,bettyroad,FULL_SET,25407,27820,20804,Chrono24 US,,20013,VERIFIED,https://item.rakuten.co.jp/bettyroad/136353/,
602,A,PASS,-34.0,Rolex,ロレックス サブマリーナー デイト Ref.1680 ステンレススチール ブラック文字盤 中古 gvqgosx6,1680,commit,UNKNOWN,14065,15401,11496,Chrono24,,17420,DERIVED,https://commit-watch.co.jp/products/gvqgosx6,
603,A,PASS,-34.1,Rolex,ロレックス ROLEX オイスター パーペチュアル 28 276200 新品 時計 レディース,276200,bettyroad,FULL_SET,7374,8075,6021,Chrono24,,7026,VERIFIED,https://item.rakuten.co.jp/bettyroad/rx2075/,
604,A,PASS,-34.2,Rolex,【中古】 【新品同様】 ロレックス(ROLEX) サブマリーナー デイト ブルー 126613LB ステンレス/イエローゴールド 【1年保証】,126613LB,kitamura,FULL_SET|AA_LIKE_NEW,21465,23504,17518,Chrono24 US,,16718,VERIFIED,https://item.rakuten.co.jp/emedama/2445740037035/,
605,A,PASS,-34.6,Rolex,【中古】 【良品】 ロレックス(ROLEX) シードゥエラー ディープブルー 116660 ステンレス 【1年保証】,116660,kitamura,FULL_SET|AB_GOOD,12584,13779,10238,Chrono24 US,20,11000,VERIFIED,https://item.rakuten.co.jp/emedama/2448040084266/,
606,A,PASS,-35.4,Rolex,ロレックス ROLEX デイトジャスト 36 126234 新品 時計 メンズ,126234,jackroad,FULL_SET,15524,16999,12559,Chrono24,8,12488,VERIFIED,https://item.rakuten.co.jp/jackroad/rx1791/,https://www.chrono24.com/rolex/rolex-pre-owned-rolex-oyster-oysterseel-perpetual-datejust-silver-dial-36mm-watch-2021-126234--id44628162.htm
607,A,PASS,-36.4,Rolex,【中古】 【良品】 ロレックス(ROLEX) GMTマスター ブラック 16700 ステンレス 【1年保証】,16700,kitamura,FULL_SET|AB_GOOD,12584,13779,10105,Chrono24 US,,12408,VERIFIED,https://item.rakuten.co.jp/emedama/2484290059449/,
608,A,PASS,-37.0,Rolex,ロレックス ROLEX デイトジャスト41 126334 新品 時計 メンズ,126334,jackroad,FULL_SET,16547,18119,13222,Chrono24,48,14527,VERIFIED,https://item.rakuten.co.jp/jackroad/rx2225/,https://www.chrono24.com/rolex/rolex-126334-datejust-41-silver-index-dial-on-oyster-2021--id46657048.htm
609,A,PASS,-37.2,Rolex,ロレックス ROLEX デイトジャスト41 126300 新品 時計 メンズ,126300,jackroad,FULL_SET,13719,15022,10950,Chrono24,7,9982,VERIFIED,https://item.rakuten.co.jp/jackroad/rx2227/,https://www.chrono24.com/rolex/rolex-datejust-41-white-roman-dial-stainless-steel-41mm-126300----id46780791.htm
610,A,PASS,-37.3,Rolex,ロレックス ROLEX デイトジャスト41 126333 新品 時計 メンズ,126333,jackroad,FULL_SET,18533,20293,14781,Chrono24,16,15666,VERIFIED,https://item.rakuten.co.jp/jackroad/rx942/,https://www.chrono24.com/rolex/datejust-41--id47176572.htm
611,A,PASS,-37.9,Rolex,Rolex Oyster Perpetual 28 276200 Pistachio Random Number Used Ladies,276200,rasin,FULL_SET,7584,8304,6021,Chrono24,,7026,VERIFIED,https://en.www.rasin.co.jp/SHOP/U-276200PC-2.html,
612,A,PASS,-38.0,Rolex,Rolex Datejust Bezel Diamond 279383RBR Lavender Tapestry Random Number Used Ladies,279383RBR,rasin,FULL_SET,20235,22157,16057,Chrono24 US,,17949,VERIFIED,https://en.www.rasin.co.jp/SHOP/U-279383RBRLVTP.html,
613,A,PASS,-38.2,Tudor,チューダー(チュードル) TUDOR ヘリテージ ブラックベイ セラミック 79210CNU-0001 新品 時計 メンズ,79210CNU,jackroad,FULL_SET,3911,4283,3099,eBay SOLD,19,3293,VERIFIED,https://item.rakuten.co.jp/jackroad/tu452/,
614,A,PASS,-38.4,Rolex,ロレックス オイスターパーペチュアル36 Ref.126000 ステンレススチール ジュビリーモチーフ文字盤 未使用 7wnfc6gv,126000,commit,UNKNOWN|AA_LIKE_NEW,15806,17308,12510,Chrono24,8,9396,VERIFIED,https://commit-watch.co.jp/products/7wnfc6gv,https://www.chrono24.com/rolex/rolex-unworn-126000-oyster-perpetual-36mm-med-blue-index-dial-oyster-bracelet-stainless-steel--id44319787.htm
615,A,PASS,-38.9,Rolex,ロレックス ROLEX デイトジャスト 36 126234 新品 時計 メンズ,126234,jackroad,FULL_SET,15933,17447,12559,Chrono24,8,12488,VERIFIED,https://item.rakuten.co.jp/jackroad/rx2232/,https://www.chrono24.com/rolex/rolex-pre-owned-rolex-oyster-oysterseel-perpetual-datejust-silver-dial-36mm-watch-2021-126234--id44628162.htm
616,A,PASS,-39.0,Rolex,ロレックス デイトナ エルプリメロ Ref.16520 ステンレススチール ホワイト文字盤 中古 bfokapyh,16520,commit,UNKNOWN,40323,44153,31755,Chrono24 US,,28092,VERIFIED,https://commit-watch.co.jp/products/bfokapyh,
617,A,PASS,-39.9,Rolex,ロレックス ROLEX サブマリーナー デイト 126613LB 新品 時計 メンズ,126613LB,jackroad,FULL_SET,22383,24510,17518,Chrono24 US,,16718,VERIFIED,https://item.rakuten.co.jp/jackroad/rx1391/,
618,A,PASS,-40.2,Rolex,ロレックス ROLEX GMTマスター 16700 中古 時計 メンズ,16700,jackroad,FULL_SET,12937,14166,10105,Chrono24 US,,12408,VERIFIED,https://item.rakuten.co.jp/jackroad/6321824/,
619,A,PASS,-40.4,Rolex,ロレックス エクスプローラーII Ref.16570 ステンレススチール ブラック文字盤 オイスターブレスレット 美品 itgfcp7g,16570,commit,UNKNOWN|A_EXCELLENT,10452,11445,8151,Chrono24,4,8104,VERIFIED,https://commit-watch.co.jp/products/itgfcp7g,https://www.chrono24.com/rolex/explorer-ii--id47838616.htm
620,A,PASS,-40.6,Rolex,ロレックス ROLEX デイトジャスト 36 126234 新品 時計 メンズ,126234,jackroad,FULL_SET,16126,17658,12559,Chrono24,8,12488,VERIFIED,https://item.rakuten.co.jp/jackroad/rx2223/,https://www.chrono24.com/rolex/rolex-pre-owned-rolex-oyster-oysterseel-perpetual-datejust-silver-dial-36mm-watch-2021-126234--id44628162.htm
621,A,PASS,-40.8,Rolex,"ROLEX Yacht Master II 116689 White, Random Serial Number, Used Men's Watch",116689,rasin,FULL_SET,38006,41616,29564,Chrono24 US,6,28783,VERIFIED,https://en.www.rasin.co.jp/SHOP/U-116689-3.html,
622,A,PASS,-41.0,Rolex,ロレックス ROLEX デイデイト 18039 ヴィンテージ 時計 メンズ,18039,jackroad,FULL_SET,22564,24708,17520,Chrono24,,30225,DERIVED,https://item.rakuten.co.jp/jackroad/6365842/,
623,A,PASS,-41.3,Rolex,ロレックス デイトナ エルプリメロ Ref.16520 ステンレススチール ホワイト文字盤 美品 tdnyybpn,16520,commit,UNKNOWN|A_EXCELLENT,40968,44860,31755,Chrono24 US,,28092,VERIFIED,https://commit-watch.co.jp/products/tdnyybpn,
624,A,PASS,-41.3,Rolex,ロレックス デイトナ エルプリメロ Ref.16520 ステンレススチール ブラック文字盤 未使用 6qa7tgj9,16520,commit,UNKNOWN|AA_LIKE_NEW,40968,44860,31755,Chrono24 US,,28092,VERIFIED,https://commit-watch.co.jp/products/6qa7tgj9,
625,A,PASS,-41.3,Rolex,ロレックス デイトナ エルプリメロ Ref.16520 ステンレススチール ブラック文字盤 中古 meohhe3n,16520,commit,UNKNOWN,40968,44860,31755,Chrono24 US,,28092,VERIFIED,https://commit-watch.co.jp/products/meohhe3n,
626,A,PASS,-41.9,Rolex,ロレックス GMTマスター Ref.1675 ステンレススチール ブラック文字盤 オイスターブレスレット 中古 kjkbv3i2,1675,commit,PAPERS_ONLY,19226,21052,14837,Chrono24,,18002,DERIVED,https://commit-watch.co.jp/products/kjkbv3i2,
627,A,PASS,-42.2,Cartier,【中古】 【良品】 カルティエ タンクマスト SM シルバー WSTA0051 ステンレススティール 【1年保証】,WSTA0051,kitamura,FULL_SET|AB_GOOD,3678,4028,2833,eBay,3,3483,VERIFIED,https://item.rakuten.co.jp/emedama/2245460009646/,
628,A,PASS,-42.3,Rolex,ロレックス デイトナ Ref.116509 ホワイトゴールド メテオライト文字盤 美品 4gd7qsga,116509,commit,UNKNOWN|A_EXCELLENT,48387,52984,37230,Chrono24,4,41739,VERIFIED,https://commit-watch.co.jp/products/4gd7qsga,
629,A,PASS,-43.2,Rolex,【中古】 【美品】 ロレックス(ROLEX) デイトジャスト 41 ミントグリーン 126334 ステンレス/ホワイトゴールド JB 【1年保証】,126334,kitamura,FULL_SET|A_EXCELLENT,17291,18933,13222,Chrono24,48,14527,VERIFIED,https://item.rakuten.co.jp/emedama/2245460005556/,https://www.chrono24.com/rolex/rolex-126334-datejust-41-silver-index-dial-on-oyster-2021--id46657048.htm
630,A,PASS,-44.4,Rolex,ロレックス ROLEX オイスター パーペチュアル 28 276200 新品 時計 レディース,276200,jackroad,FULL_SET,7943,8697,6021,Chrono24,,7026,VERIFIED,https://item.rakuten.co.jp/jackroad/rx2074/,
631,A,PASS,-44.8,Rolex,ROLEX Oyster Perpetual 36 126000 Turquoise Blue Random Serial Number Used Men's Watch,126000,rasin,FULL_SET,16540,18111,12510,Chrono24,8,9396,VERIFIED,https://en.www.rasin.co.jp/SHOP/U-126000TK-3.html,https://www.chrono24.com/rolex/rolex-unworn-126000-oyster-perpetual-36mm-med-blue-index-dial-oyster-bracelet-stainless-steel--id44319787.htm
632,A,PASS,-44.9,Rolex,ロレックス ROLEX デイトジャスト41 126333 新品 時計 メンズ,126333,jackroad,FULL_SET,19555,21413,14781,Chrono24,16,15666,VERIFIED,https://item.rakuten.co.jp/jackroad/rx2235/,https://www.chrono24.com/rolex/datejust-41--id47176572.htm
633,A,PASS,-45.4,Rolex,ロレックス GMTマスター Ref.16700 ステンレススチール ブラック文字盤 オイスターブレスレット 中古 ggadexxz,16700,commit,UNKNOWN,13419,14694,10105,Chrono24 US,,12408,VERIFIED,https://commit-watch.co.jp/products/ggadexxz,
634,A,PASS,-45.6,Rolex,ロレックス エクスプローラーII Ref.16570 ステンレススチール ホワイト文字盤 オイスターブレスレット 中古 6v5obsot,16570,commit,UNKNOWN,10839,11868,8151,Chrono24,4,8104,VERIFIED,https://commit-watch.co.jp/products/6v5obsot,https://www.chrono24.com/rolex/explorer-ii--id47838616.htm
635,A,PASS,-46.0,Rolex,ロレックス ROLEX デイトジャスト41 126334 新品 時計 メンズ,126334,jackroad,FULL_SET,17630,19305,13222,Chrono24,48,14527,VERIFIED,https://item.rakuten.co.jp/jackroad/rx1004/,https://www.chrono24.com/rolex/rolex-126334-datejust-41-silver-index-dial-on-oyster-2021--id46657048.htm
636,A,PASS,-46.0,Rolex,ロレックス デイトナ Ref.116520 ステンレススチール ホワイト文字盤 中古 97zj8wi2,116520,commit,UNKNOWN,35161,38502,26372,Chrono24,11,20460,DERIVED,https://commit-watch.co.jp/products/97zj8wi2,https://www.chrono24.com/rolex/daytona--id47560800.htm
637,A,PASS,-46.2,Rolex,ロレックス ROLEX デイトジャスト41 126333 新品 時計 メンズ,126333,jackroad,FULL_SET,19736,21611,14781,Chrono24,16,15666,VERIFIED,https://item.rakuten.co.jp/jackroad/rx868/,https://www.chrono24.com/rolex/datejust-41--id47176572.htm
638,A,PASS,-48.9,Rolex,ロレックス ROLEX デイトジャスト41 126333 新品 時計 メンズ,126333,jackroad,FULL_SET,20097,22006,14781,Chrono24,16,15666,VERIFIED,https://item.rakuten.co.jp/jackroad/rx1088/,https://www.chrono24.com/rolex/datejust-41--id47176572.htm
639,A,PASS,-49.1,Rolex,ロレックス デイトナ Ref.116506 プラチナ パヴェダイヤモンド文字盤 美中古 h8wwd8jc,116506,commit,UNKNOWN,134194,146942,98549,Chrono24,19,130360,DERIVED,https://commit-watch.co.jp/products/h8wwd8jc,https://www.chrono24.com/rolex/rolex-daytona--id47264372.htm
640,A,PASS,-52.5,Rolex,【中古】 【新品同様】 ロレックス(ROLEX) オイスターパーペチュアル 36 マルチカラー 126000 ステンレススティール ジュビリーモチーフ 【1年保証】,126000,kitamura,FULL_SET|AA_LIKE_NEW,17424,19079,12510,Chrono24,8,9396,VERIFIED,https://item.rakuten.co.jp/emedama/2447020220366/,https://www.chrono24.com/rolex/rolex-unworn-126000-oyster-perpetual-36mm-med-blue-index-dial-oyster-bracelet-stainless-steel--id44319787.htm
641,A,PASS,-53.5,Rolex,ロレックス ROLEX デイトジャスト41 126334 新品 時計 メンズ,126334,jackroad,FULL_SET,18533,20293,13222,Chrono24,48,14527,VERIFIED,https://item.rakuten.co.jp/jackroad/rx1558/,https://www.chrono24.com/rolex/rolex-126334-datejust-41-silver-index-dial-on-oyster-2021--id46657048.htm
642,A,PASS,-54.7,Rolex,PRICEDOWN Rolex Oyster Perpetual 28 276200 Pink Random Number Used Ladies,276200,rasin,FULL_SET,8504,9312,6021,Chrono24,,7026,VERIFIED,https://en.www.rasin.co.jp/SHOP/U-276200CPK-2.html,
643,A,PASS,-56.0,Rolex,ロレックス エクスプローラーII Ref.16570 ステンレススチール ホワイト文字盤 オイスターブレスレット 中古 iraszmtp,16570,commit,UNKNOWN,11613,12716,8151,Chrono24,4,8104,VERIFIED,https://commit-watch.co.jp/products/iraszmtp,https://www.chrono24.com/rolex/explorer-ii--id47838616.htm
644,A,PASS,-56.5,Rolex,PRICEDOWN Rolex Oyster Perpetual 36 126000 Jubilee Motif Random Number New Men&#39;s,126000,rasin,FULL_SET,17877,19575,12510,Chrono24,8,9396,VERIFIED,https://en.www.rasin.co.jp/SHOP/N-126000JM.html,https://www.chrono24.com/rolex/rolex-unworn-126000-oyster-perpetual-36mm-med-blue-index-dial-oyster-bracelet-stainless-steel--id44319787.htm
645,A,PASS,-56.6,Rolex,【中古】 【新品同様】 ロレックス(ROLEX) オイスターパーペチュアル 36 マルチカラー 126000 ステンレススティール ジュビリーモチーフ 【1年保証】,126000,kitamura,FULL_SET|AA_LIKE_NEW,17896,19596,12510,Chrono24,8,9396,VERIFIED,https://item.rakuten.co.jp/emedama/2447020219872/,https://www.chrono24.com/rolex/rolex-unworn-126000-oyster-perpetual-36mm-med-blue-index-dial-oyster-bracelet-stainless-steel--id44319787.htm
646,A,PASS,-57.2,Tudor,チューダー(チュードル) TUDOR ブラックベイ 36 79653-0007 新品 時計 男女兼用,79653,jackroad,FULL_SET,5897,6457,4107,eBay SOLD,5,4919,VERIFIED,https://item.rakuten.co.jp/jackroad/tu773/,
647,A,PASS,-59.4,Audemars Piguet,オーデマピゲ CODE 11.59 バイ オーデマ ピゲ クロノグラフ Ref.26393BC.OO.A002KB.02 ホワイトゴールド オニキス文字盤 美中古 i4jh2p9w,26393BC,commit,UNKNOWN,40968,44860,28142,Chrono24,,25738,VERIFIED,https://commit-watch.co.jp/products/i4jh2p9w,
648,B,BUY *PAPERS,40.7,Rolex,SALE Rolex Datejust 36 Bezel Diamond 126283RBR Champagne 3-Row Oyster bracelet Random Seri,126283RBR,rasin,BOX_ONLY,15425,16891,28469,US AD,8,22358,VERIFIED,https://en.www.rasin.co.jp/SHOP/U-126283RBRCG-2.html,
649,B,BUY,40.4,Rolex,ヨットマスター,268655,kamekichi,UNKNOWN|AA_LIKE_NEW,26392,28899,48454,Chrono24,1,22604,VERIFIED,https://www.kame-kichi.com/items/45048,https://www.chrono24.com/rolex/rolex-yacht-master-37--id45056726.htm
650,B,BUY,36.6,Audemars Piguet,オーデマピゲ ロイヤルオーク クロノグラフ Ref.26240ST.OO.1320ST.07 ステンレススチール シルバー文字盤 美品 69nembsq,26240ST,commit,UNKNOWN|A_EXCELLENT,49677,54397,85733,Chrono24,1,53230,VERIFIED,https://commit-watch.co.jp/products/69nembsq,https://www.chrono24.com/audemarspiguet/new-2026-royal-oak-chronograph-41mm-26240st-blue-dial--id46685305.htm
651,B,BUY,36.4,Tudor,ヘリテージ ブラックベイ GMT,79830RB,kamekichi,UNKNOWN,2638,2889,4544,Chrono24,1,3093,VERIFIED,https://www.kame-kichi.com/items/44231,https://www.chrono24.com/tudor/tudor-pre-owned-2025-black-bay-gmt-41mm-black-79830rb-0001--id44879481.htm
652,B,BUY,34.2,Audemars Piguet,オーデマピゲ ロイヤルオーク クロノグラフ 50周年記念 Ref.26240ST.OO.1320ST.03 ステンレススチール シルバー文字盤 中古 ybm6evpa,26240ST,commit,UNKNOWN,51484,56375,85733,Chrono24,1,53230,VERIFIED,https://commit-watch.co.jp/products/ybm6evpa,https://www.chrono24.com/audemarspiguet/new-2026-royal-oak-chronograph-41mm-26240st-blue-dial--id46685305.htm
653,B,BUY,32.7,Rolex,Rolex Datejust 36 126231 White Bar 3 Rows Oyster bracelet Random Number Used Men&#39;s,126231,rasin,FULL_SET,12610,13808,20505,Chrono24,1,16263,VERIFIED,https://en.www.rasin.co.jp/SHOP/U-126231WHB-2.html,https://www.chrono24.com/rolex/datejust-36--id47562193.htm
654,B,BUY,28.0,Rolex,ロレックス ROLEX スカイドゥエラー 326933 中古 時計 メンズ,326933,jackroad,FULL_SET,17991,19700,27370,Chrono24,1,17368,VERIFIED,https://item.rakuten.co.jp/jackroad/6382382/,https://www.chrono24.com/rolex/rolex-sky-dweller-326933-white-dial-two-tone-yellow-gold---oyster-bracelet-unworn-2022--id26337447.htm
655,B,BUY,25.9,Tudor,【中古】 【良品】 チューダー ブラックベイ GMT ブラック 79830RB ステンレススティール ブルー/レッドベゼル SSブレス 【1年保証】,79830RB,kitamura,FULL_SET|AB_GOOD,3073,3365,4544,Chrono24,1,3093,VERIFIED,https://item.rakuten.co.jp/emedama/2245460010185/,https://www.chrono24.com/tudor/tudor-pre-owned-2025-black-bay-gmt-41mm-black-79830rb-0001--id44879481.htm
656,B,BUY,25.5,Rolex,ROLEX Datejust 36 126231 Chocolate Brown 3-row Oyster bracelet Bracelet Random Serial Numb,126231,rasin,FULL_SET,13959,15285,20505,Chrono24,1,16263,VERIFIED,https://en.www.rasin.co.jp/SHOP/U-126231CHBO.html,https://www.chrono24.com/rolex/datejust-36--id47562193.htm
657,B,BUY,24.5,Rolex,ロレックス ROLEX デイトジャスト 26 69173 中古 時計 レディース,69173,jackroad,FULL_SET,5283,5785,7660,Chrono24,1,4896,DERIVED,https://item.rakuten.co.jp/jackroad/6319548/,https://www.chrono24.com/rolex/lady-datejust--id47195863.htm
658,B,BUY,24.0,Rolex,ロレックス ROLEX デイトジャスト 26 69173 中古 時計 レディース,69173,bettyroad,FULL_SET,5317,5822,7660,Chrono24,1,4896,DERIVED,https://item.rakuten.co.jp/bettyroad/6413055/,https://www.chrono24.com/rolex/lady-datejust--id47195863.htm
659,B,BUY,23.9,Rolex,ロレックス ROLEX デイトジャスト 26 179174 中古 時計 レディース,179174,jackroad,FULL_SET,6920,7577,9958,Chrono24,1,6413,DERIVED,https://item.rakuten.co.jp/jackroad/6321657/,https://www.chrono24.com/rolex/like-new-2017-lady-datejust-steel-jubilee-silver-index-dial-179174--id47597681.htm
660,B,BUY,23.9,Rolex,ヨットマスター,268621,kamekichi,UNKNOWN|AA_LIKE_NEW,14251,15605,20504,Chrono24,1,14947,VERIFIED,https://www.kame-kichi.com/items/45408,https://www.chrono24.com/rolex/rolex-new-yacht-master-37mm-268621-chocolate-brown-dial-two-tone-rose-gold--id34759728.htm
661,B,BUY,23.9,Rolex,ロレックス ROLEX デイトジャスト 26 79174 中古 時計 レディース,79174,bettyroad,FULL_SET,5131,5618,7386,Chrono24,1,4612,DERIVED,https://item.rakuten.co.jp/bettyroad/6353689/,https://www.chrono24.com/rolex/rolex-lady-datejust-26-jubilee-bracelet-18k-white-gold-fluted-bezel-sulver-stick-button-dial--id45496101.htm
662,B,BUY,23.6,Tudor,チューダー(チュードル) TUDOR ブラックベイ 36 79640-0005 新品 時計 男女兼用,79640,jackroad,FULL_SET,3538,3874,5070,Chrono24,1,3089,VERIFIED,https://item.rakuten.co.jp/jackroad/tu663/,https://www.chrono24.com/tudor/tudor-black-bay-black-diamonds-anthracite-dial--id45635547.htm
663,B,BUY,23.2,Rolex,ロレックス ROLEX デイトジャスト 26 179174 中古 時計 レディース,179174,jackroad,FULL_SET,6980,7643,9958,Chrono24,1,6413,DERIVED,https://item.rakuten.co.jp/jackroad/6358110/,https://www.chrono24.com/rolex/like-new-2017-lady-datejust-steel-jubilee-silver-index-dial-179174--id47597681.htm
664,B,BUY,23.1,Tudor,ブラックベイ,79250BA,kamekichi,UNKNOWN,3460,3788,4928,Chrono24,1,2786,VERIFIED,https://www.kame-kichi.com/items/45814,https://www.chrono24.com/tudor/black-bay--id47522387.htm
665,B,BUY,23.1,Rolex,ロレックス ROLEX デイトジャスト 26 69173 中古 時計 レディース,69173,bettyroad,FULL_SET,5379,5890,7660,Chrono24,1,4896,DERIVED,https://item.rakuten.co.jp/bettyroad/6319524/,https://www.chrono24.com/rolex/lady-datejust--id47195863.htm
666,B,BUY,22.3,Rolex,PRICEDOWN Rolex Datejust 36 126231 Slate (Gray) Green Rome 3-row Oyster bracelet Random Nu,126231,rasin,FULL_SET,14545,15927,20505,Chrono24,1,16263,VERIFIED,https://en.www.rasin.co.jp/SHOP/U-126231GRO.html,https://www.chrono24.com/rolex/datejust-36--id47562193.htm
667,B,BUY,22.3,Rolex,デイトジャスト36,126231,kamekichi,UNKNOWN|AA_LIKE_NEW,14545,15926,20505,Chrono24,1,16263,VERIFIED,https://www.kame-kichi.com/items/46077,https://www.chrono24.com/rolex/datejust-36--id47562193.htm
668,B,BUY,21.6,Rolex,ロレックス ROLEX デイトジャスト 26 179174 中古 時計 レディース,179174,bettyroad,FULL_SET,7126,7803,9958,Chrono24,1,6413,DERIVED,https://item.rakuten.co.jp/bettyroad/6321657/,https://www.chrono24.com/rolex/like-new-2017-lady-datejust-steel-jubilee-silver-index-dial-179174--id47597681.htm
669,B,BUY,21.3,Tudor,チューダー(チュードル) TUDOR ブラックベイ 36 79640-0005 新品 時計 男女兼用,79640,bettyroad,FULL_SET,3644,3990,5070,Chrono24,1,3089,VERIFIED,https://item.rakuten.co.jp/bettyroad/tu663/,https://www.chrono24.com/tudor/tudor-black-bay-black-diamonds-anthracite-dial--id45635547.htm
670,B,BUY,21.3,Rolex,ロレックス ROLEX デイトジャスト 26 69173 中古 時計 レディース,69173,bettyroad,FULL_SET,5503,6025,7660,Chrono24,1,4896,DERIVED,https://item.rakuten.co.jp/bettyroad/6358066/,https://www.chrono24.com/rolex/lady-datejust--id47195863.htm
671,B,BUY,20.3,Rolex,【中古】 【良品】 ロレックス(ROLEX) デイトジャスト 26 ブラック 179174 ステンレス/ホワイトゴールド ローマ JB 【1年保証】,179174,kitamura,FULL_SET|AB_GOOD,7248,7936,9958,Chrono24,1,6413,DERIVED,https://item.rakuten.co.jp/emedama/2245460007253/,https://www.chrono24.com/rolex/like-new-2017-lady-datejust-steel-jubilee-silver-index-dial-179174--id47597681.htm
672,B,BUY,18.8,Rolex,ロレックス デイトジャスト レディ 69173 自動巻き Cal.2135 SS/YG SS/YG シャンパン文字盤 S番（1993年）箱 保証書（1995年 / 個人名記載） カ,69173,antiqurious,FULL_SET,5677,6217,7660,Chrono24,1,4896,DERIVED,https://antiqurious.com/products/rc_iteaz0ffi1f8_wwzo,https://www.chrono24.com/rolex/lady-datejust--id47195863.htm
673,B,BUY,18.4,Rolex,ロレックス オイスターパーペチュアル31 Ref.277200 ステンレススチール グリーン文字盤 美品 k7mej8bu,277200,commit,UNKNOWN|A_EXCELLENT,6968,7630,9351,Chrono24,1,8779,VERIFIED,https://commit-watch.co.jp/products/k7mej8bu,https://www.chrono24.com/rolex/new-2026-oyster-perpetual-31mm-277200-med-blue-dial--id44496177.htm
674,B,BUY,18.1,Rolex,ロレックス ROLEX デイトジャスト 26 79174 中古 時計 レディース,79174,jackroad,FULL_SET,5524,6048,7386,Chrono24,1,4612,DERIVED,https://item.rakuten.co.jp/jackroad/6319296/,https://www.chrono24.com/rolex/rolex-lady-datejust-26-jubilee-bracelet-18k-white-gold-fluted-bezel-sulver-stick-button-dial--id45496101.htm
675,B,BUY,18.0,Rolex,PRICEDOWN ROLEX Cosmograph Daytona 126515LN METEO Meteolite Random Number Used Men&#39;s,126515LN,rasin,FULL_SET,81994,89784,109532,Chrono24,1,48639,DERIVED,https://en.www.rasin.co.jp/SHOP/U-126515LNMETEO.html,https://www.chrono24.com/rolex/new-2026-daytona-126515ln-meteorite-meteorite-dial-rose-gold-oysterflex-cosmograph-40mm--id47285038.htm
676,B,BUY,17.5,Tudor,【中古】 【良品】 チューダー レンジャー ブラック 79950 ステンレススティール SSブレス 【1年保証】,79950,kitamura,FULL_SET|AB_GOOD,2660,2913,3531,Chrono24,1,2555,VERIFIED,https://item.rakuten.co.jp/emedama/2443060215072/,https://www.chrono24.com/tudor/tudor-ranger--id47000275.htm
677,B,BUY,17.2,Rolex,ロレックス ROLEX ヨットマスター 126621 中古 時計 メンズ,126621,jackroad,FULL_SET,14561,15945,19265,Chrono24,1,15659,VERIFIED,https://item.rakuten.co.jp/jackroad/6352293/,https://www.chrono24.com/rolex/like-new-2023-yacht-master-40-2-tone-chocolate-dial-126621--id47701258.htm
678,B,BUY,17.2,Rolex,Rolex Oyster Perpetual 124200 Blue Random Serial Used Men&#39;s,124200,rasin,UNKNOWN,7449,8156,9855,Chrono24,1,7906,VERIFIED,https://en.www.rasin.co.jp/SHOP/U-124200BL-3.html,https://www.chrono24.com/rolex/oyster-perpetual-34--id47561565.htm
679,B,BUY,16.0,Rolex,ロレックス ROLEX デイトジャスト 26 69173 中古 時計 レディース,69173,bettyroad,FULL_SET,5875,6433,7660,Chrono24,1,4896,DERIVED,https://item.rakuten.co.jp/bettyroad/6319364/,https://www.chrono24.com/rolex/lady-datejust--id47195863.htm
680,B,BUY,15.6,Rolex,ロレックス デイトジャスト36 Ref.126231 ステンレススチール/エバーローズゴールド スレートローマン文字盤 オイスターブレスレット 未使用 vja2fw4d,126231,commit,UNKNOWN|AA_LIKE_NEW,15806,17308,20505,Chrono24,1,16263,VERIFIED,https://commit-watch.co.jp/products/vja2fw4d,https://www.chrono24.com/rolex/datejust-36--id47562193.htm
681,B,BUY,15.4,Rolex,Rolex Oyster Perpetual 124200 Black Random Size Used Men's,124200,rasin,FULL_SET,7613,8336,9855,Chrono24,1,7906,VERIFIED,https://en.www.rasin.co.jp/SHOP/U-124200BK-3.html,https://www.chrono24.com/rolex/oyster-perpetual-34--id47561565.htm
682,B,BUY,15.3,Rolex,ロレックス デイトジャスト 68273 自動巻き Cal.2135 SS/YG SS/YG ホワイトローマン文字盤（T SWISS MADE T表記） S番台（1993年）オーバー,68273,antiqurious,PAPERS_ONLY,7032,7700,9087,Chrono24,1,5860,DERIVED,https://antiqurious.com/products/rc_itjvbqx4qhuz_uvvq,https://www.chrono24.com/rolex/datejust-31--id47681661.htm
683,B,BUY,15.3,Rolex,【中古】 【良品】 ロレックス(ROLEX) エクスプローラーII ブラック 216570 ステンレス 【1年保証】,216570,kitamura,PAPERS_ONLY|AB_GOOD,8458,9261,10934,Chrono24,1,8861,VERIFIED,https://item.rakuten.co.jp/emedama/2403281142960/,https://www.chrono24.com/rolex/rolex-explorer-ii--id47754190.htm
684,B,BUY,15.1,Tudor,チューダー(チュードル) TUDOR レンジャー 79950-0001 中古 時計 メンズ,79950,jackroad,FULL_SET,2737,2998,3531,Chrono24,1,2555,VERIFIED,https://item.rakuten.co.jp/jackroad/6324634/,https://www.chrono24.com/tudor/tudor-ranger--id47000275.htm
685,B,BUY OPPORTUNITY,14.8,Omega,オメガ OMEGA シーマスター ダイバー300M コーアクシャル マスター クロノメーター 210.30.42.20.06.002 新品 時計 メンズ,210.30.42.20.06.002,jackroad,FULL_SET,5283,5785,6789,Chrono24,1,5594,VERIFIED,https://item.rakuten.co.jp/jackroad/om1725/,https://www.chrono24.com/omega/omega-seamaster-diver-300m-silver-dial-titanium-bezel-on-mesh-strap--id47219707.htm
686,B,BUY OPPORTUNITY,14.7,Rolex,ROLEX Yacht Master 40 126621 Black Random Serial Number Used Men's Watch,126621,rasin,UNKNOWN,15003,16428,19265,Chrono24,1,15659,VERIFIED,https://en.www.rasin.co.jp/SHOP/U-126621BK-7.html,https://www.chrono24.com/rolex/like-new-2023-yacht-master-40-2-tone-chocolate-dial-126621--id47701258.htm
687,B,BUY OPPORTUNITY,14.6,Rolex,ロレックス ROLEX ヨットマスター 37 268655 中古 時計 ボーイズ,268655,jackroad,FULL_SET,37787,41377,48454,Chrono24,1,22604,VERIFIED,https://item.rakuten.co.jp/jackroad/6273802/,https://www.chrono24.com/rolex/rolex-yacht-master-37--id45056726.htm
688,B,BUY OPPORTUNITY,14.6,Rolex,ロレックス ROLEX コスモグラフ デイトナ メテオライト 126515LN 新品 時計 メンズ,126515LN,jackroad,FULL_SET,85442,93559,109532,Chrono24,1,48639,DERIVED,https://item.rakuten.co.jp/jackroad/rx2218/,https://www.chrono24.com/rolex/new-2026-daytona-126515ln-meteorite-meteorite-dial-rose-gold-oysterflex-cosmograph-40mm--id47285038.htm
689,B,BUY OPPORTUNITY,14.5,Omega,【中古】 【良品】 オメガ(OMEGA) スピードマスター プロフェッショナル ブラック 311.30.42.30.01.005 ステンレススティール 【1年保証】,311.30.42.30.01.005,kitamura,FULL_SET|AB_GOOD,5130,5618,6569,Chrono24,1,4741,VERIFIED,https://item.rakuten.co.jp/emedama/2449660028173/,https://www.chrono24.com/omega/omega-speedmaster-professional-moonwatch--id47643444.htm
690,B,BUY OPPORTUNITY,14.4,Grand Seiko,【中古】 【美品】 グランドセイコー メカニカル シルバー SLGH005/9SA5-00C0 ステンレススティール 【1年保証】,SLGH005,kitamura,FULL_SET|A_EXCELLENT,6885,7539,8809,Chrono24,1,6536,VERIFIED,https://item.rakuten.co.jp/emedama/2245460008656/,https://www.chrono24.com/grandseiko/grand-seiko-new-2026-slgh005-white-birch-hi-beat-complete--id47641011.htm
691,B,BUY OPPORTUNITY,13.2,Tudor,ブラックベイ GMT,79830RB,kamekichi,UNKNOWN,3601,3943,4544,Chrono24,1,3093,VERIFIED,https://www.kame-kichi.com/items/46170,https://www.chrono24.com/tudor/tudor-pre-owned-2025-black-bay-gmt-41mm-black-79830rb-0001--id44879481.htm
692,B,BUY OPPORTUNITY,13.1,Rolex,ロレックス オイスターパーペチュアル31 Ref.277200 ステンレススチール グリーン文字盤 未使用 o9jpfhr2,277200,commit,UNKNOWN|AA_LIKE_NEW,7419,8124,9351,Chrono24,1,8779,VERIFIED,https://commit-watch.co.jp/products/o9jpfhr2,https://www.chrono24.com/rolex/new-2026-oyster-perpetual-31mm-277200-med-blue-dial--id44496177.htm
693,B,BUY OPPORTUNITY,13.0,Rolex,ロレックス ROLEX デイトジャスト 31 68273 中古 時計 ボーイズ,68273,jackroad,FULL_SET,7220,7906,9087,Chrono24,1,5860,DERIVED,https://item.rakuten.co.jp/jackroad/6285188/,https://www.chrono24.com/rolex/datejust-31--id47681661.htm
694,B,BUY OPPORTUNITY,12.8,Omega,オメガ OMEGA スピードマスター ムーンウォッチ プロフェッショナル コーアクシャル マスター クロノメーター 310.32.42.50.04.001 新品 時計 メンズ,310.32.42.50.04.001,jackroad,FULL_SET,7100,7775,8913,Chrono24,1,7268,VERIFIED,https://item.rakuten.co.jp/jackroad/om1705/,https://www.chrono24.com/omega/omega-2026-speedmaster-moonwatch-pro-42mm-31032425004001-white-dial--id46982131.htm
695,B,BUY OPPORTUNITY,12.8,Cartier,カルティエ CARTIER パンテール ドゥ カルティエ ミニ WSPN0012 新品 時計 レディース,WSPN0012,jackroad,FULL_SET,4272,4678,5364,Chrono24,1,3941,VERIFIED,https://item.rakuten.co.jp/jackroad/ca1005/,https://www.chrono24.com/cartier/cartier-mini-panthere-de-cartier-watch-silver-dial-steel-ladies-watch-wspn0012--id46999024.htm
696,B,BUY OPPORTUNITY,12.1,Rolex,ロレックス ROLEX ヨットマスター 37 268655 中古 時計 ボーイズ,268655,bettyroad,FULL_SET,38916,42612,48454,Chrono24,1,22604,VERIFIED,https://item.rakuten.co.jp/bettyroad/6273802/,https://www.chrono24.com/rolex/rolex-yacht-master-37--id45056726.htm
697,B,BUY OPPORTUNITY,11.9,Patek Philippe,パテックフィリップ ノーチラス アニュアルカレンダー ムーンフェイズ Ref.5726A-001 ステンレススチール ブラック文字盤 美中古 puwb9nxz,5726A-001,commit,UNKNOWN,81935,89719,101830,Chrono24,1,75590,DERIVED,https://commit-watch.co.jp/products/puwb9nxz,https://www.chrono24.com/patekphilippe/nautilus--id46810405.htm
698,B,BUY OPPORTUNITY,10.4,Tudor,チューダー(チュードル) TUDOR ヘリテージ ブラックベイ GMT 79830RB-0001 新品 時計 メンズ,79830RB,jackroad,FULL_SET,3719,4072,4544,Chrono24,1,3093,VERIFIED,https://item.rakuten.co.jp/jackroad/tu288/,https://www.chrono24.com/tudor/tudor-pre-owned-2025-black-bay-gmt-41mm-black-79830rb-0001--id44879481.htm
699,B,BUY OPPORTUNITY,10.3,Rolex,ロレックス サブマリーナー ノンデイト Ref.114060 ステンレススチール ブラック文字盤 中古 hrkzw774,114060,commit,UNKNOWN,10839,11868,13232,Chrono24,1,10721,VERIFIED,https://commit-watch.co.jp/products/hrkzw774,https://www.chrono24.com/rolex/submariner--id44719287.htm
700,B,BUY OPPORTUNITY,10.2,Cartier,カルティエ CARTIER パンテール ドゥ カルティエ ミニ WSPN0012 新品 時計 レディース,WSPN0012,bettyroad,FULL_SET,4400,4818,5364,Chrono24,1,3941,VERIFIED,https://item.rakuten.co.jp/bettyroad/ca1005/,https://www.chrono24.com/cartier/cartier-mini-panthere-de-cartier-watch-silver-dial-steel-ladies-watch-wspn0012--id46999024.htm
701,B,BUY OPPORTUNITY,9.5,Rolex,ROLEX Datejust 36 126231 Slate (Gray) Bar 5-row Jubilee bracelet Bracelet Random Serial Nu,126231,rasin,FULL_SET,16938,18548,20505,Chrono24,1,16263,VERIFIED,https://en.www.rasin.co.jp/SHOP/U-126231GRB-2.html,https://www.chrono24.com/rolex/datejust-36--id47562193.htm
702,B,BUY OPPORTUNITY,9.4,Rolex,PRICEDOWN ROLEX Explorer II 226570 Black Random Number Used Men&#39;s,226570,rasin,FULL_SET,10499,11496,12695,Chrono24,1,10932,VERIFIED,https://en.www.rasin.co.jp/SHOP/U-226570BK-8.html,https://www.chrono24.com/rolex/like-new-2022-explorer-ii-black-dial-226570--id47663583.htm
703,B,BUY OPPORTUNITY,9.2,Omega,【中古】 【良品】 オメガ(OMEGA) スピードマスター プロフェッショナル ブラック 310.30.42.50.01.002 ステンレススティール 【1年保証】,310.30.42.50.01.002,kitamura,FULL_SET|AB_GOOD,6280,6876,7576,Chrono24,1,6493,VERIFIED,https://item.rakuten.co.jp/emedama/2447910082265/,https://www.chrono24.com/omega/speedmaster-professional-moonwatch--id47068122.htm
704,B,BUY OPPORTUNITY,9.1,Audemars Piguet,オーデマピゲ ロイヤルオーク オフショア クロノグラフ Ref.26420CD.OO.A029VE.01 “ナイトブルー”セラミック ベージュ文字盤 未使用 vuyemrqi,26420CD,commit,UNKNOWN|AA_LIKE_NEW,60000,65700,72269,Chrono24,1,55439,DERIVED,https://commit-watch.co.jp/products/vuyemrqi,https://www.chrono24.com/audemarspiguet/audemars-piguet-royal-oak-offshore--id47681474.htm
705,B,BUY OPPORTUNITY,8.9,Tudor,チューダー(チュードル) TUDOR ヘリテージ ブラックベイ GMT 79830RB-0010 新品 時計 メンズ,79830RB,jackroad,FULL_SET,3779,4138,4544,Chrono24,1,3093,VERIFIED,https://item.rakuten.co.jp/jackroad/tu593/,https://www.chrono24.com/tudor/tudor-pre-owned-2025-black-bay-gmt-41mm-black-79830rb-0001--id44879481.htm
706,B,BUY OPPORTUNITY,8.4,Rolex,ロレックス エアキング Ref.116900 ステンレススチール ブラック文字盤 オイスターブレスレット 美中古 7dz3emo6,116900,commit,UNKNOWN,6645,7276,7939,Chrono24,1,6982,VERIFIED,https://commit-watch.co.jp/products/7dz3emo6,https://www.chrono24.com/rolex/air-king--id46582098.htm
707,B,BUY OPPORTUNITY,7.0,Rolex,【中古】 【良品】 ロレックス(ROLEX) サブマリーナー ブラック 114060 ステンレス 【1年保証】,114060,kitamura,PAPERS_ONLY|AB_GOOD,11241,12309,13232,Chrono24,1,10721,VERIFIED,https://item.rakuten.co.jp/emedama/2245460009974/,https://www.chrono24.com/rolex/submariner--id44719287.htm
708,B,BUY OPPORTUNITY,7.0,IWC,IWC インヂュニア オートマティック 42 Ref.IW338903 ブラックセラミック ブラック文字盤 未使用 tymfbrtn,IW338903,commit,UNKNOWN|AA_LIKE_NEW,15806,17308,18615,Chrono24,1,14792,DERIVED,https://commit-watch.co.jp/products/tymfbrtn,https://www.chrono24.com/iwc/iwc-ingenieur-automatic--42--id47285016.htm
709,B,BUY OPPORTUNITY,6.7,Rolex,【中古】 【並品】 ロレックス(ROLEX) GMTマスターII ブラック 16710 ステンレス ブラックベゼル ダブルバッグル トリチウム 【1年保証】,16710,kitamura,UNKNOWN|B_AVERAGE,10617,11625,12465,Chrono24,1,13051,VERIFIED,https://item.rakuten.co.jp/emedama/2449800087244/,
710,B,BUY OPPORTUNITY,6.3,Rolex,ロレックス ROLEX オイスター パーペチュアル 277200 中古 時計 レディース,277200,jackroad,FULL_SET|A_EXCELLENT,8003,8763,9351,Chrono24,1,8779,VERIFIED,https://item.rakuten.co.jp/jackroad/6422071/,https://www.chrono24.com/rolex/new-2026-oyster-perpetual-31mm-277200-med-blue-dial--id44496177.htm
711,B,BUY OPPORTUNITY,6.0,Rolex,【中古】 【美品】 ロレックス(ROLEX) サブマリーナー ブラック 114060 ステンレス 【1年保証】,114060,kitamura,FULL_SET|A_EXCELLENT,11362,12441,13232,Chrono24,1,10721,VERIFIED,https://item.rakuten.co.jp/emedama/2245460009967/,https://www.chrono24.com/rolex/submariner--id44719287.htm
712,B,BUY OPPORTUNITY,5.8,Rolex,【中古】 【美品】 ロレックス(ROLEX) シードゥエラー ディープシー ブラック 136660 ステンレス 【1年保証】,136660,kitamura,FULL_SET|A_EXCELLENT,12148,13302,14124,Chrono24,1,14299,VERIFIED,https://item.rakuten.co.jp/emedama/2245460006485/,
713,B,BUY OPPORTUNITY,5.8,Rolex,【中古】 【美品】 ロレックス(ROLEX) シードゥエラー ディープシー ブラック 136660 ステンレス 【1年保証】,136660,kitamura,FULL_SET|A_EXCELLENT,12148,13302,14124,Chrono24,1,14299,VERIFIED,https://item.rakuten.co.jp/emedama/2448550129518/,
714,B,BUY OPPORTUNITY,5.8,Rolex,【中古】 【美品】 ロレックス(ROLEX) シードゥエラー ディープシー ブラック 136660 ステンレス 【1年保証】,136660,kitamura,FULL_SET|A_EXCELLENT,12148,13302,14124,Chrono24,1,14299,VERIFIED,https://item.rakuten.co.jp/emedama/2245460006041/,
715,B,BUY OPPORTUNITY,5.6,Rolex,ロレックス ROLEX オイスター パーペチュアル 277200 新品 時計 レディース,277200,jackroad,FULL_SET,8063,8829,9351,Chrono24,1,8779,VERIFIED,https://item.rakuten.co.jp/jackroad/rx1858/,https://www.chrono24.com/rolex/new-2026-oyster-perpetual-31mm-277200-med-blue-dial--id44496177.htm
716,B,BUY OPPORTUNITY,5.6,Grand Seiko,【中古】 【良品】 グランドセイコー メカニカル ブラック SBGR317/9S65-00T0 ステンレススティール 【1年保証】,SBGR317,kitamura,FULL_SET|AB_GOOD,3073,3365,3564,Chrono24,1,3300,VERIFIED,https://item.rakuten.co.jp/emedama/2448020089816/,https://www.chrono24.com/grandseiko/heritage-collection-black-dial-stainless-steel-sbgr317--id47538052.htm
717,B,BUY OPPORTUNITY,5.5,Rolex,ROLEX Cosmograph Daytona 116508 Green Random Number Used Men's,116508,rasin,FULL_SET,72610,79508,84096,Chrono24,1,61334,VERIFIED,https://en.www.rasin.co.jp/SHOP/U-116508GL-4.html,https://www.chrono24.com/rolex/daytona-john-mayer-green-dial-18k-yellow-gold-116508--id31868020.htm
718,B,BUY OPPORTUNITY,5.5,Rolex,ROLEX Cosmograph Daytona 116508 Green Random Number Used Men's,116508,rasin,FULL_SET,72551,79444,84096,Chrono24,1,61334,VERIFIED,https://en.www.rasin.co.jp/SHOP/U-116508GL-5.html,https://www.chrono24.com/rolex/daytona-john-mayer-green-dial-18k-yellow-gold-116508--id31868020.htm
719,B,BUY OPPORTUNITY,5.4,Rolex,ロレックス ヨットマスター40 Ref.126621 ステンレススチール/エバーローズゴールド チョコレート文字盤 美品 6ni3ni2v,126621,commit,UNKNOWN|A_EXCELLENT,16645,18226,19265,Chrono24,1,15659,VERIFIED,https://commit-watch.co.jp/products/6ni3ni2v,https://www.chrono24.com/rolex/like-new-2023-yacht-master-40-2-tone-chocolate-dial-126621--id47701258.htm
720,B,BUY OPPORTUNITY,5.3,Rolex,【中古】 【良品】 ロレックス(ROLEX) オイスターパーペチュアル 34 124200 オイスターブレス ラベンダー パープル系 【1年保証】,124200,kitamura,FULL_SET|AB_GOOD,8518,9328,9855,Chrono24,1,7906,VERIFIED,https://item.rakuten.co.jp/emedama/2245460009011/,https://www.chrono24.com/rolex/oyster-perpetual-34--id47561565.htm
721,B,BUY OPPORTUNITY,5.1,Rolex,ロレックス ROLEX オイスター パーペチュアル 34 124200 中古 時計 男女兼用,124200,jackroad,FULL_SET,8544,9356,9855,Chrono24,1,7906,VERIFIED,https://item.rakuten.co.jp/jackroad/6330475/,https://www.chrono24.com/rolex/oyster-perpetual-34--id47561565.htm
722,B,BUY OPPORTUNITY,5.1,Rolex,【中古】 【美品】 ロレックス(ROLEX) エクスプローラーII ブラック 226570 ステンレス 【1年保証】,226570,kitamura,FULL_SET|A_EXCELLENT,10999,12044,12695,Chrono24,1,10932,VERIFIED,https://item.rakuten.co.jp/emedama/2448970021522/,https://www.chrono24.com/rolex/like-new-2022-explorer-ii-black-dial-226570--id47663583.htm
723,B,BUY OPPORTUNITY,4.8,Rolex,ロレックス エアキング Ref.116900 ステンレススチール ブラック文字盤 オイスターブレスレット 中古 g2grzvhq,116900,commit,UNKNOWN,6903,7559,7939,Chrono24,1,6982,VERIFIED,https://commit-watch.co.jp/products/g2grzvhq,https://www.chrono24.com/rolex/air-king--id46582098.htm
724,B,BUY OPPORTUNITY,4.7,Rolex,ロレックス ROLEX シードゥエラー 126600 中古 時計 メンズ,126600,jackroad,FULL_SET,12154,13309,13961,Chrono24,1,11850,VERIFIED,https://item.rakuten.co.jp/jackroad/6424099/,https://www.chrono24.com/rolex/seadweller-126600-red--id43448466.htm
725,B,BUY OPPORTUNITY,4.2,Audemars Piguet,オーデマピゲ ロイヤルオーク オフショア クロノグラフ Ref.26420CD.OO.A029VE.01 “ナイトブルー”セラミック ベージュ文字盤 未使用 fsojf7h3,26420CD,commit,UNKNOWN|AA_LIKE_NEW,63226,69232,72269,Chrono24,1,55439,DERIVED,https://commit-watch.co.jp/products/fsojf7h3,https://www.chrono24.com/audemarspiguet/audemars-piguet-royal-oak-offshore--id47681474.htm
726,B,BUY OPPORTUNITY,3.5,Omega,【中古】 【美品】 オメガ(OMEGA) スピードマスター ムーンウォッチ 310.32.42.50.04.001 ホワイト ホワイト系 【1年保証】,310.32.42.50.04.001,kitamura,FULL_SET|A_EXCELLENT,7853,8599,8913,Chrono24,1,7268,VERIFIED,https://item.rakuten.co.jp/emedama/2245460009677/,https://www.chrono24.com/omega/omega-2026-speedmaster-moonwatch-pro-42mm-31032425004001-white-dial--id46982131.htm
727,B,BUY OPPORTUNITY,3.4,Rolex,ロレックス デイトナ Ref.116508 イエローゴールド グリーン文字盤 美品 fqq223ro,116508,commit,UNKNOWN|A_EXCELLENT,74194,81242,84096,Chrono24,1,61334,VERIFIED,https://commit-watch.co.jp/products/fqq223ro,https://www.chrono24.com/rolex/daytona-john-mayer-green-dial-18k-yellow-gold-116508--id31868020.htm
728,B,BUY OPPORTUNITY,3.3,Tudor,チューダー(チュードル) TUDOR レンジャー 79950-0001 新品 時計 メンズ,79950,jackroad,FULL_SET,3117,3413,3531,Chrono24,1,2555,VERIFIED,https://item.rakuten.co.jp/jackroad/tu564/,https://www.chrono24.com/tudor/tudor-ranger--id47000275.htm
729,B,BUY OPPORTUNITY,3.2,Rolex,ロレックス オイスターパーペチュアル34 Ref.124200 ステンレススチール キャンディピンク文字盤 未使用 h6gnmpqc,124200,commit,UNKNOWN|AA_LIKE_NEW,8710,9537,9855,Chrono24,1,7906,VERIFIED,https://commit-watch.co.jp/products/h6gnmpqc,https://www.chrono24.com/rolex/oyster-perpetual-34--id47561565.htm
730,B,BUY OPPORTUNITY,2.9,IWC,IWC IWC パイロットウォッチ クロノグラフ 41 トップガン IW389401 新品 時計 メンズ,IW389401,jackroad,FULL_SET,8003,8763,9028,Chrono24,1,7442,DERIVED,https://item.rakuten.co.jp/jackroad/iwc535/,https://www.chrono24.com/iwc/new-2026-pilot-41-top-gun-chronograph-black-ceramic-iw389401--id42493383.htm
731,B,BUY OPPORTUNITY,2.1,Rolex,ロレックス ROLEX エクスプローラー 40 224270 中古 時計 メンズ,224270,jackroad,FULL_SET,9206,10081,10292,Chrono24,1,8563,VERIFIED,https://item.rakuten.co.jp/jackroad/6330246/,https://www.chrono24.com/rolex/explorer--id47700443.htm
732,B,BUY OPPORTUNITY,1.8,Rolex,ロレックス ROLEX グリーン サブマリーナー デイト 116610LV 中古 時計 メンズ,116610LV,jackroad,FULL_SET,20037,21940,22337,Chrono24,1,18663,VERIFIED,https://item.rakuten.co.jp/jackroad/6353849/,https://www.chrono24.com/rolex/submariner-date--id45939899.htm
733,B,BUY OPPORTUNITY,1.3,Rolex,【中古】 【美品】 ロレックス(ROLEX) オイスターパーペチュアル 34 ピスタチオ [グリーン系] 124200 ステンレススティール オイスターブレス 【1年保証】,124200,kitamura,FULL_SET|A_EXCELLENT,8881,9725,9855,Chrono24,1,7906,VERIFIED,https://item.rakuten.co.jp/emedama/2245460009844/,https://www.chrono24.com/rolex/oyster-perpetual-34--id47561565.htm
734,B,BUY OPPORTUNITY,0.9,Rolex,ロレックス ROLEX シードゥエラー 126600 中古 時計 メンズ,126600,jackroad,FULL_SET,12636,13836,13961,Chrono24,1,11850,VERIFIED,https://item.rakuten.co.jp/jackroad/6382375/,https://www.chrono24.com/rolex/seadweller-126600-red--id43448466.htm
735,B,BUY OPPORTUNITY,0.7,Tudor,【中古】 【美品】 チューダー ブラックベイ プロ ブラック 79470 ステンレススティール ラバーベルト 【1年保証】,79470,kitamura,FULL_SET|A_EXCELLENT,3207,3512,3537,Chrono24,1,3001,VERIFIED,https://item.rakuten.co.jp/emedama/2245460009219/,https://www.chrono24.com/tudor/2022-tudor-79470-0003-black-bay-pro-gmt-full-set--id46252675.htm
736,B,BUY OPPORTUNITY,0.6,Rolex,ロレックス ROLEX シードゥエラー ディープシー 136660 中古 時計 メンズ,136660,jackroad,FULL_SET,12816,14034,14124,Chrono24,1,14299,VERIFIED,https://item.rakuten.co.jp/jackroad/6216151/,
737,B,BUY OPPORTUNITY,0.5,Rolex,ロレックス エクスプローラー40 Ref.224270 ステンレススチール ブラック文字盤 オイスターブレスレット 未使用 zuv33sro,224270,commit,UNKNOWN|AA_LIKE_NEW,9355,10244,10292,Chrono24,1,8563,VERIFIED,https://commit-watch.co.jp/products/zuv33sro,https://www.chrono24.com/rolex/explorer--id47700443.htm
738,B,BUY OPPORTUNITY,0.4,Rolex,ロレックス デイトジャスト レディ 69173 自動巻き Cal.2135 SS/YG SS/YG ホワイト飛びアラビア文字盤（SWISS MADE表記） W番（1994年～199,69173,antiqurious,PAPERS_ONLY,6968,7630,7660,Chrono24,1,4896,DERIVED,https://antiqurious.com/products/rc_itinorx18dg8_vnln,https://www.chrono24.com/rolex/lady-datejust--id47195863.htm
739,B,BUY OPPORTUNITY,0.2,Rolex,ロレックス ROLEX シードゥエラー ディープシー 136660 中古 時計 メンズ,136660,jackroad,FULL_SET,12876,14100,14124,Chrono24,1,14299,VERIFIED,https://item.rakuten.co.jp/jackroad/6311658/,
740,B,BUY OPPORTUNITY,-0.6,Rolex,【中古】 【新品同様】 ロレックス(ROLEX) エクスプローラーII ブラック 226570 ステンレス 【1年保証】,226570,kitamura,FULL_SET|AA_LIKE_NEW,11664,12772,12695,Chrono24,1,10932,VERIFIED,https://item.rakuten.co.jp/emedama/2445740040981/,https://www.chrono24.com/rolex/like-new-2022-explorer-ii-black-dial-226570--id47663583.htm
741,B,BUY OPPORTUNITY,-0.8,Rolex,ロレックス ROLEX オイスター パーペチュアル 277200 新品 時計 レディース,277200,jackroad,FULL_SET,8604,9422,9351,Chrono24,1,8779,VERIFIED,https://item.rakuten.co.jp/jackroad/rx2085/,https://www.chrono24.com/rolex/new-2026-oyster-perpetual-31mm-277200-med-blue-dial--id44496177.htm
742,B,BUY OPPORTUNITY,-1.1,Rolex,【中古】 【良品】 ロレックス(ROLEX) サブマリーナー デイト グリーン 116610LV ステンレス 【1年保証】,116610LV,kitamura,PAPERS_ONLY|AB_GOOD,20618,22577,22337,Chrono24,1,18663,VERIFIED,https://item.rakuten.co.jp/emedama/2245460006508/,https://www.chrono24.com/rolex/submariner-date--id45939899.htm
743,B,BUY OPPORTUNITY,-1.5,Rolex,【中古】 【新品同様】 ロレックス(ROLEX) エアキング ブラック 126900 ステンレス 【1年保証】,126900,kitamura,FULL_SET|AA_LIKE_NEW,9123,9990,9844,Chrono24,1,8325,VERIFIED,https://item.rakuten.co.jp/emedama/2445740040165/,https://www.chrono24.com/rolex/air-king--id47674791.htm
744,B,BUY OPPORTUNITY,-1.8,Rolex,ロレックス ROLEX エクスプローラー 40 224270 中古 時計 メンズ,224270,jackroad,FULL_SET,9567,10476,10292,Chrono24,1,8563,VERIFIED,https://item.rakuten.co.jp/jackroad/6429261/,https://www.chrono24.com/rolex/explorer--id47700443.htm
745,B,BUY OPPORTUNITY,-2.1,Rolex,ロレックス エクスプローラーII Ref.216570 ステンレススチール ホワイト文字盤 オイスターブレスレット 美品 kcqkuxnb,216570,commit,UNKNOWN|A_EXCELLENT,10194,11162,10934,Chrono24,1,8861,VERIFIED,https://commit-watch.co.jp/products/kcqkuxnb,https://www.chrono24.com/rolex/rolex-explorer-ii--id47754190.htm
746,B,BUY OPPORTUNITY,-2.5,Omega,【中古】 【美品】 オメガ(OMEGA) スピードマスター パイロット ブラック 332.10.41.51.01.002 ステンレススティール 【1年保証】,332.10.41.51.01.002,kitamura,FULL_SET|AA_LIKE_NEW,7641,8367,8163,Chrono24,1,7734,VERIFIED,https://item.rakuten.co.jp/emedama/2245460008267/,https://www.chrono24.com/omega/speedmaster-pilot-stainless-steel-automatic-33210415101002--id47662776.htm
747,B,BUY OPPORTUNITY,-2.6,Omega,オメガ OMEGA スピードマスター ムーンウォッチ プロフェッショナル コーアクシャル マスター クロノメーター 310.30.42.50.01.002 新品 時計 メンズ,310.30.42.50.01.002,jackroad,FULL_SET,7100,7775,7576,Chrono24,1,6493,VERIFIED,https://item.rakuten.co.jp/jackroad/om1251/,https://www.chrono24.com/omega/speedmaster-professional-moonwatch--id47068122.htm
748,B,BUY OPPORTUNITY,-2.7,Rolex,ロレックス オイスターパーペチュアル31 Ref.277200 ステンレススチール キャンディピンク文字盤 未使用 qz6tabyv,277200,commit,UNKNOWN|AA_LIKE_NEW,8774,9608,9351,Chrono24,1,8779,VERIFIED,https://commit-watch.co.jp/products/qz6tabyv,https://www.chrono24.com/rolex/new-2026-oyster-perpetual-31mm-277200-med-blue-dial--id44496177.htm
749,B,BUY OPPORTUNITY,-2.7,Rolex,【中古】 【新品同様】 ロレックス(ROLEX) エクスプローラーII ブラック 226570 ステンレス 【1年保証】,226570,kitamura,FULL_SET|AA_LIKE_NEW,11906,13037,12695,Chrono24,1,10932,VERIFIED,https://item.rakuten.co.jp/emedama/2445740039398/,https://www.chrono24.com/rolex/like-new-2022-explorer-ii-black-dial-226570--id47663583.htm
750,B,BUY OPPORTUNITY,-2.7,Rolex,【中古】 【新品同様】 ロレックス(ROLEX) エクスプローラーII ブラック 226570 ステンレス 【1年保証】,226570,kitamura,FULL_SET|AA_LIKE_NEW,11906,13037,12695,Chrono24,1,10932,VERIFIED,https://item.rakuten.co.jp/emedama/2445740037707/,https://www.chrono24.com/rolex/like-new-2022-explorer-ii-black-dial-226570--id47663583.htm
751,B,PASS,-3.3,Rolex,ロレックス ROLEX ヨットマスター 37 268655 新品 時計 ボーイズ,268655,jackroad,FULL_SET,45730,50074,48454,Chrono24,1,22604,VERIFIED,https://item.rakuten.co.jp/jackroad/6428165/,https://www.chrono24.com/rolex/rolex-yacht-master-37--id45056726.htm
752,B,PASS,-5.0,Rolex,ロレックス エクスプローラー40 Ref.224270 ステンレススチール ブラック文字盤 オイスターブレスレット 未使用 5u8nx5at,224270,commit,UNKNOWN|AA_LIKE_NEW,9871,10809,10292,Chrono24,1,8563,VERIFIED,https://commit-watch.co.jp/products/5u8nx5at,https://www.chrono24.com/rolex/explorer--id47700443.htm
753,B,PASS,-6.4,Rolex,ロレックス ROLEX ヨットマスター 37 268655 新品 時計 ボーイズ,268655,bettyroad,FULL_SET,47095,51569,48454,Chrono24,1,22604,VERIFIED,https://item.rakuten.co.jp/bettyroad/6428165/,https://www.chrono24.com/rolex/rolex-yacht-master-37--id45056726.htm
754,B,PASS,-6.4,Rolex,ロレックス ROLEX エクスプローラーII 226570 新品 時計 メンズ,226570,jackroad,FULL_SET,12335,13507,12695,Chrono24,1,10932,VERIFIED,https://item.rakuten.co.jp/jackroad/rx1397/,https://www.chrono24.com/rolex/like-new-2022-explorer-ii-black-dial-226570--id47663583.htm
755,B,PASS,-6.7,Rolex,"ROLEX GMT Master II 126715CHNR Black, Random Serial Number Used Men's Watch",126715CHNR,rasin,FULL_SET,42698,46754,43832,Chrono24,1,38874,DERIVED,https://en.www.rasin.co.jp/SHOP/U-126715CHNR-4.html,https://www.chrono24.com/rolex/rolex-gmt-master-ii--id47374257.htm
756,B,PASS,-6.9,Rolex,【中古】 【新品同様】 ロレックス(ROLEX) エアキング ブラック 126900 ステンレス 【1年保証】,126900,kitamura,FULL_SET|AA_LIKE_NEW,9607,10520,9844,Chrono24,1,8325,VERIFIED,https://item.rakuten.co.jp/emedama/2445740040127/,https://www.chrono24.com/rolex/air-king--id47674791.htm
757,B,PASS,-7.0,Rolex,ロレックス ROLEX ヨットマスター 126621 新品 時計 メンズ,126621,jackroad,FULL_SET,18833,20623,19265,Chrono24,1,15659,VERIFIED,https://item.rakuten.co.jp/jackroad/rx1142/,https://www.chrono24.com/rolex/like-new-2023-yacht-master-40-2-tone-chocolate-dial-126621--id47701258.htm
758,B,PASS,-7.5,Rolex,PRICEDOWN Rolex Datejust 36 Bezel Diamond VI/IX Diamond 126284RBR Silver Roman 5 Rows Jubi,126284RBR,rasin,BOX_ONLY,21290,23313,21681,US grey,10,19277,VERIFIED,https://en.www.rasin.co.jp/SHOP/U-126284RBRSVR.html,
759,B,PASS,-9.1,Rolex,【中古】 【良品】 ロレックス(ROLEX) エアキング ブラック 116900 ステンレス 【1年保証】,116900,kitamura,FULL_SET|AB_GOOD,7913,8665,7939,Chrono24,1,6982,VERIFIED,https://item.rakuten.co.jp/emedama/2245460009653/,https://www.chrono24.com/rolex/air-king--id46582098.htm
760,B,PASS,-10.1,Rolex,【中古】 【美品】 ロレックス(ROLEX) エクスプローラーI ブラック 14270 ステンレス 【1年保証】,14270,kitamura,FULL_SET|A_EXCELLENT,6985,7648,6948,Chrono24,1,5700,EST,https://item.rakuten.co.jp/emedama/2245460006980/,https://www.chrono24.com/rolex/explorer--id47191152.htm
761,B,PASS,-10.5,Rolex,ロレックス ROLEX エクスプローラーII 226570 新品 時計 メンズ,226570,jackroad,FULL_SET,12816,14034,12695,Chrono24,1,10932,VERIFIED,https://item.rakuten.co.jp/jackroad/rx1372/,https://www.chrono24.com/rolex/like-new-2022-explorer-ii-black-dial-226570--id47663583.htm
762,B,PASS,-11.0,Rolex,ロレックス ROLEX エアキング 126900 新品 時計 メンズ,126900,jackroad,FULL_SET,9976,10924,9844,Chrono24,1,8325,VERIFIED,https://item.rakuten.co.jp/jackroad/rx1484/,https://www.chrono24.com/rolex/air-king--id47674791.htm
763,B,PASS,-11.0,Patek Philippe,パテックフィリップ ノーチラス アニュアルカレンダー ムーンフェイズ Ref.5726A-001 ステンレススチール ブラック文字盤 未使用 csketbbm,5726A-001,commit,UNKNOWN|AA_LIKE_NEW,103226,113032,101830,Chrono24,1,75590,DERIVED,https://commit-watch.co.jp/products/csketbbm,https://www.chrono24.com/patekphilippe/nautilus--id46810405.htm
764,B,PASS,-12.5,Rolex,ロレックス ROLEX デイトジャスト 36 126231 新品 時計 メンズ,126231,jackroad,FULL_SET,21060,23060,20505,Chrono24,1,16263,VERIFIED,https://item.rakuten.co.jp/jackroad/rx2231/,https://www.chrono24.com/rolex/datejust-36--id47562193.htm
765,B,PASS,-12.5,Rolex,ロレックス ROLEX デイトジャスト 36 126231 新品 時計 メンズ,126231,jackroad,FULL_SET,21060,23060,20505,Chrono24,1,16263,VERIFIED,https://item.rakuten.co.jp/jackroad/rx2243/,https://www.chrono24.com/rolex/datejust-36--id47562193.htm
766,B,PASS,-13.3,Tudor,チューダー(チュードル) TUDOR ブラックベイ プロ 79470-0001 新品 時計 メンズ,79470,jackroad,FULL_SET,3658,4006,3537,Chrono24,1,3001,VERIFIED,https://item.rakuten.co.jp/jackroad/tu540/,https://www.chrono24.com/tudor/2022-tudor-79470-0003-black-bay-pro-gmt-full-set--id46252675.htm
767,B,PASS,-15.1,Rolex,ロレックス GMTマスターII Ref.16710 ステンレススチール ブラック文字盤 オイスターブレスレット 中古 ocpicjhi,16710,commit,UNKNOWN,13097,14341,12465,Chrono24,1,13051,VERIFIED,https://commit-watch.co.jp/products/ocpicjhi,
768,B,PASS,-15.2,Rolex,ロレックス ROLEX エクスプローラー 40 224270 新品 時計 メンズ,224270,jackroad,FULL_SET,10831,11860,10292,Chrono24,1,8563,VERIFIED,https://item.rakuten.co.jp/jackroad/rx1693/,https://www.chrono24.com/rolex/explorer--id47700443.htm
769,B,PASS,-16.0,Rolex,ロレックス シードゥエラー ディープシー Ref.136660 ステンレススチール D-BLUE文字盤 未使用 snih3hmv,136660,commit,UNKNOWN|AA_LIKE_NEW,14968,16390,14124,Chrono24,1,14299,VERIFIED,https://commit-watch.co.jp/products/snih3hmv,
770,B,PASS,-16.0,Rolex,ROLEX Deepsea D-BLUE SEA-DWELLER notation 136660 Blue Random Number Used Men's,136660,rasin,FULL_SET,14956,16377,14124,Chrono24,1,14299,VERIFIED,https://en.www.rasin.co.jp/SHOP/U-136660BL-5.html,
771,B,PASS,-16.2,Rolex,ロレックス GMTマスターII Ref.16710 ステンレススチール ブラック文字盤 オイスターブレスレット 美中古 fnfkit7d,16710,commit,UNKNOWN,13226,14482,12465,Chrono24,1,13051,VERIFIED,https://commit-watch.co.jp/products/fnfkit7d,
772,B,PASS,-17.0,Tudor,チューダー(チュードル) TUDOR ブラックベイ プロ 79470-0004 新品 時計 メンズ,79470,jackroad,FULL_SET,3779,4138,3537,Chrono24,1,3001,VERIFIED,https://item.rakuten.co.jp/jackroad/tu712/,https://www.chrono24.com/tudor/2022-tudor-79470-0003-black-bay-pro-gmt-full-set--id46252675.htm
773,B,PASS,-17.3,Rolex,PRICEDOWN ROLEX Deepsea D-BLUE SEA-DWELLER (No markings) 136660 Blue Random Serial Number ,136660,rasin,FULL_SET,15132,16570,14124,Chrono24,1,14299,VERIFIED,https://en.www.rasin.co.jp/SHOP/U-136660BL-4.html,
774,B,PASS,-17.3,Rolex,【中古】 【良品】 ロレックス(ROLEX) GMTマスターII ブラック 16710 ステンレス ブラック/レッドベゼル ルミノバ 【1年保証】,16710,kitamura,FULL_SET|AB_GOOD,13358,14627,12465,Chrono24,1,13051,VERIFIED,https://item.rakuten.co.jp/emedama/2445590044634/,
775,B,PASS,-19.6,Rolex,ロレックス ROLEX ヨットマスター 126621 新品 時計 メンズ,126621,jackroad,FULL_SET,21048,23047,19265,Chrono24,1,15659,VERIFIED,https://item.rakuten.co.jp/jackroad/rx1127/,https://www.chrono24.com/rolex/like-new-2023-yacht-master-40-2-tone-chocolate-dial-126621--id47701258.htm
776,B,PASS,-19.9,Rolex,ロレックス ROLEX サブマリーナー デイト 126618LB 新品 時計 メンズ,126618LB,jackroad,FULL_SET,49220,53895,44949,Chrono24,1,39121,VERIFIED,https://item.rakuten.co.jp/jackroad/rx1423/,https://www.chrono24.com/rolex/submariner-date--id46762185.htm
777,B,PASS,-20.4,Rolex,【中古】 【新品同様】 ロレックス(ROLEX) シードゥエラー ディープシー ブルー 136660 ステンレス 【1年保証】,136660,kitamura,FULL_SET|AA_LIKE_NEW,15536,17012,14124,Chrono24,1,14299,VERIFIED,https://item.rakuten.co.jp/emedama/2447020165971/,
778,B,PASS,-20.4,Rolex,【中古】 【新品同様】 ロレックス(ROLEX) シードゥエラー ディープシー ブルー 136660 ステンレス 【1年保証】,136660,kitamura,FULL_SET|AA_LIKE_NEW,15536,17012,14124,Chrono24,1,14299,VERIFIED,https://item.rakuten.co.jp/emedama/2444030079076/,
779,B,PASS,-20.7,Rolex,ロレックス GMTマスターII Ref.16710 ステンレススチール ブラック文字盤 オイスターブレスレット 中古 egggmrg3,16710,commit,UNKNOWN,13742,15047,12465,Chrono24,1,13051,VERIFIED,https://commit-watch.co.jp/products/egggmrg3,
780,B,PASS,-21.2,Rolex,【中古】 【良品】 ロレックス(ROLEX) GMTマスターII ブラック 16710 ステンレス ブラックベゼル ルミノバ 【1年保証】,16710,kitamura,FULL_SET|AB_GOOD,13794,15104,12465,Chrono24,1,13051,VERIFIED,https://item.rakuten.co.jp/emedama/2444110069256/,
781,B,PASS,-21.8,Rolex,ロレックス ROLEX シードゥエラー 126600 新品 時計 メンズ,126600,jackroad,FULL_SET,15524,16999,13961,Chrono24,1,11850,VERIFIED,https://item.rakuten.co.jp/jackroad/rx881/,https://www.chrono24.com/rolex/seadweller-126600-red--id43448466.htm
782,B,PASS,-21.9,Rolex,【中古】 【新品同様】 ロレックス(ROLEX) シードゥエラー ディープシー ブルー 136660 ステンレス 【1年保証】,136660,kitamura,FULL_SET|AA_LIKE_NEW,15718,17211,14124,Chrono24,1,14299,VERIFIED,https://item.rakuten.co.jp/emedama/2444540051777/,
783,B,PASS,-22.2,Rolex,【中古】 【並品】 ロレックス(ROLEX) GMTマスターII ブラック 16710 ステンレス ブラック/レッドベゼル 【1年保証】,16710,kitamura,FULL_SET|B_AVERAGE,13915,15237,12465,Chrono24,1,13051,VERIFIED,https://item.rakuten.co.jp/emedama/2445740039596/,
784,B,PASS,-23.6,Rolex,ロレックス GMTマスターII Ref.16710 ステンレススチール ブラック文字盤 オイスターブレスレット 中古 ebbyobzd,16710,commit,UNKNOWN,14065,15401,12465,Chrono24,1,13051,VERIFIED,https://commit-watch.co.jp/products/ebbyobzd,
785,B,PASS,-23.6,Rolex,ロレックス GMTマスターII Ref.16710 ステンレススチール ブラック文字盤 オイスターブレスレット 中古 ppv8q5dv,16710,commit,UNKNOWN,14065,15401,12465,Chrono24,1,13051,VERIFIED,https://commit-watch.co.jp/products/ppv8q5dv,
786,B,PASS,-23.6,Rolex,ロレックス GMTマスターII Ref.16710 ステンレススチール ブラック文字盤 オイスターブレスレット 中古 d3onr32q,16710,commit,UNKNOWN,14065,15401,12465,Chrono24,1,13051,VERIFIED,https://commit-watch.co.jp/products/d3onr32q,
787,B,PASS,-24.7,Rolex,ロレックス GMTマスターII Ref.16710 ステンレススチール ブラック文字盤 オイスターブレスレット 美中古 qe7vcshr,16710,commit,UNKNOWN,14194,15542,12465,Chrono24,1,13051,VERIFIED,https://commit-watch.co.jp/products/qe7vcshr,
788,B,PASS,-25.3,Rolex,【中古】 【美品】 ロレックス(ROLEX) GMTマスターII ブラック 16710 ステンレス ブラックベゼル スティックダイヤル 【1年保証】,16710,kitamura,FULL_SET|A_EXCELLENT,14266,15621,12465,Chrono24,1,13051,VERIFIED,https://item.rakuten.co.jp/emedama/2445100032601/,
789,B,PASS,-27.1,Rolex,ロレックス エクスプローラーI Ref.14270 ステンレススチール ブラック文字盤 オイスターブレスレット 中古 22j869s7,14270,commit,UNKNOWN,8065,8831,6948,Chrono24,1,5700,EST,https://commit-watch.co.jp/products/22j869s7,https://www.chrono24.com/rolex/explorer--id47191152.htm
790,B,PASS,-27.1,Rolex,ロレックス エクスプローラーI Ref.14270 ステンレススチール ブラック文字盤 オイスターブレスレット 中古 j7e8uei9,14270,commit,UNKNOWN,8065,8831,6948,Chrono24,1,5700,EST,https://commit-watch.co.jp/products/j7e8uei9,https://www.chrono24.com/rolex/explorer--id47191152.htm
791,B,PASS,-27.5,Rolex,ロレックス GMTマスターII Ref.16710 ステンレススチール ブラック文字盤 オイスターブレスレット 中古 q8rxv4k8,16710,commit,UNKNOWN,14516,15895,12465,Chrono24,1,13051,VERIFIED,https://commit-watch.co.jp/products/q8rxv4k8,
792,B,PASS,-28.0,Rolex,ロレックス ROLEX エクスプローラー 14270 中古 時計 メンズ,14270,jackroad,FULL_SET,8123,8895,6948,Chrono24,1,5700,EST,https://item.rakuten.co.jp/jackroad/6366177/,https://www.chrono24.com/rolex/explorer--id47191152.htm
793,B,PASS,-28.2,Audemars Piguet,オーデマ ピゲ AUDEMARS PIGUET CODE 11.59 バイ オーデマピゲ オートマティック 77410OR.OO.A342CR.01 新品 時計 男女兼用,77410OR,jackroad,BOX_ONLY,27558,30176,23543,Chrono24 US,,24542,VERIFIED,https://item.rakuten.co.jp/jackroad/ap310/,
794,B,PASS,-29.1,Rolex,ロレックス エクスプローラーI Ref.14270 ステンレススチール ブラック文字盤 オイスターブレスレット 中古 9w6v388p,14270,commit,UNKNOWN,8194,8972,6948,Chrono24,1,5700,EST,https://commit-watch.co.jp/products/9w6v388p,https://www.chrono24.com/rolex/explorer--id47191152.htm
795,B,PASS,-29.7,Rolex,ロレックス ROLEX ディープシー Dブルー 136660 新品 時計 メンズ,136660,jackroad,FULL_SET,16727,18317,14124,Chrono24,1,14299,VERIFIED,https://item.rakuten.co.jp/jackroad/rx2048/,
796,B,PASS,-31.9,Rolex,ROLEX Oyster Perpetual 31 277200 Turquoise Blue Random Serial Number Used Boys&#39; (Unise,277200,rasin,FULL_SET,11261,12331,9351,Chrono24,1,8779,VERIFIED,https://en.www.rasin.co.jp/SHOP/U-277200TBL-3.html,https://www.chrono24.com/rolex/new-2026-oyster-perpetual-31mm-277200-med-blue-dial--id44496177.htm
797,B,PASS,-32.0,Audemars Piguet,オーデマ ピゲ AUDEMARS PIGUET CODE 11.59 バイ オーデマピゲ オートマティック 77410OR.OO.A342CR.01 新品 時計 男女兼用,77410OR,bettyroad,BOX_ONLY,28381,31077,23543,Chrono24 US,,24542,VERIFIED,https://item.rakuten.co.jp/bettyroad/ap310/,
798,B,PASS,-35.5,Rolex,PRICEDOWN Rolex Datejust 41 126303 Slate (Gray) Green Rome 5 rows Jubilee bracelet Random ,126303,rasin,BOX_ONLY,16305,17854,13172,Chrono24 US,15,12634,VERIFIED,https://en.www.rasin.co.jp/SHOP/U-126303GRGR-2.html,
799,B,PASS,-37.3,Rolex,ロレックス エクスプローラーI Ref.14270 ステンレススチール ブラック文字盤 オイスターブレスレット 中古 y2bzw6sy,14270,commit,UNKNOWN,8710,9537,6948,Chrono24,1,5700,EST,https://commit-watch.co.jp/products/y2bzw6sy,https://www.chrono24.com/rolex/explorer--id47191152.htm
800,B,PASS,-38.9,Rolex,ロレックス GMTマスターII Ref.16710 ステンレススチール ブラック文字盤 オイスターブレスレット 中古 hntedmac,16710,commit,UNKNOWN,15806,17308,12465,Chrono24,1,13051,VERIFIED,https://commit-watch.co.jp/products/hntedmac,
801,B,PASS,-39.0,Rolex,ロレックス ROLEX ヨットマスター 40 126655 新品 時計 メンズ,126655,jackroad,FULL_SET,51145,56004,40296,Chrono24,1,28108,VERIFIED,https://item.rakuten.co.jp/jackroad/rx2245/,https://www.chrono24.com/rolex/yacht-master-40--id44494857.htm
802,B,PASS,-39.3,Rolex,ロレックス ROLEX オイスター パーペチュアル 277200 新品 時計 レディース,277200,bettyroad,FULL_SET,11898,13028,9351,Chrono24,1,8779,VERIFIED,https://item.rakuten.co.jp/bettyroad/rx1289/,https://www.chrono24.com/rolex/new-2026-oyster-perpetual-31mm-277200-med-blue-dial--id44496177.htm
803,B,PASS,-42.3,Rolex,ロレックス エクスプローラーI Ref.14270 ステンレススチール ブラック文字盤 オイスターブレスレット 中古 isok2civ,14270,commit,UNKNOWN,9032,9890,6948,Chrono24,1,5700,EST,https://commit-watch.co.jp/products/isok2civ,https://www.chrono24.com/rolex/explorer--id47191152.htm
804,B,PASS,-47.4,Rolex,ロレックス エクスプローラーI Ref.14270 ステンレススチール ブラック文字盤 オイスターブレスレット 中古 n6rxxn8v,14270,commit,UNKNOWN,9355,10244,6948,Chrono24,1,5700,EST,https://commit-watch.co.jp/products/n6rxxn8v,https://www.chrono24.com/rolex/explorer--id47191152.htm
805,B,PASS,-55.6,Rolex,ロレックス エクスプローラーI Ref.14270 ステンレススチール ブラック文字盤 オイスターブレスレット 中古 q8ez2h47,14270,commit,UNKNOWN,9871,10809,6948,Chrono24,1,5700,EST,https://commit-watch.co.jp/products/q8ez2h47,https://www.chrono24.com/rolex/explorer--id47191152.htm
806,C,BUY OPPORTUNITY *PAPERS,4.6,Rolex,【中古】 【並品】 ロレックス(ROLEX) GMTマスターII ブラック 16710 ステンレス ブラックベゼル ルミノバ 【1年保証】,16710,kitamura,BOX_ONLY|B_AVERAGE,10860,11891,12465,Chrono24,1,13051,VERIFIED,https://item.rakuten.co.jp/emedama/2446530018432/,
807,C,BUY OPPORTUNITY *PAPERS,0.9,Rolex,【中古】 【良品】 ロレックス(ROLEX) GMTマスターII ブラック 16710 ステンレス ブラックベゼル ルミノバ 【1年保証】,16710,kitamura,BOX_ONLY|AB_GOOD,11285,12357,12465,Chrono24,1,13051,VERIFIED,https://item.rakuten.co.jp/emedama/2448780057742/,
